sample_key,target_group,baseline_rank,candidate_rank,union_covered,baseline_Recall@10,baseline_NDCG@10,baseline_Recall@50,candidate_Recall@10,candidate_NDCG@10,candidate_Recall@50,changed,broad_harm,residual_spread,safety_multiplier,attenuated
A104SG9QZ92UAH:validation:B0081D76VE,head,,,0,0.0,0.0,0.0,0.0,0.0,0.0,0,0,0.36902567744255066,1.0,0
A1051DBTLWP5A2:validation:B002C4BAHO,head,,,0,0.0,0.0,0.0,0.0,0.0,0.0,0,0,0.3117212653160095,1.0,0
A10A3X3DM3DSWT:validation:B00000DMD2,head,34,31,1,0.0,0.0,1.0,0.0,0.0,1.0,1,0,0.30849209427833557,1.0,0
A10DB8F2M9TTOJ:validation:B006GGCO1K,tail,,,0,0.0,0.0,0.0,0.0,0.0,0.0,0,0,0.37002694606781006,1.0,0
A10L132FI5QHV6:validation:B008FB7PGS,tail,16,16,1,0.0,0.0,1.0,0.0,0.0,1.0,0,0,0.30566349625587463,1.0,0
A10Z8FC0SMU5VQ:validation:B00005O6B7,head,,,0,0.0,0.0,0.0,0.0,0.0,0.0,0,0,0.31151342391967773,1.0,0
A1170CQK2UKXTO:validation:B000GUEXBG,head,,,0,0.0,0.0,0.0,0.0,0.0,0.0,0,0,0.3103436827659607,1.0,0
A117A9HZC25ARO:validation:B0013EP1CO,tail,,,0,0.0,0.0,0.0,0.0,0.0,0.0,0,0,0.36887186765670776,1.0,0
A11EIDY6DD40CS:validation:B000099Z8H,head,,,0,0.0,0.0,0.0,0.0,0.0,0.0,0,0,0.3081909418106079,1.0,0
A11FV5SOPO09DK:validation:B009T45X82,head,12,17,1,0.0,0.0,1.0,0.0,0.0,1.0,1,0,0.33174407482147217,1.0,0
A11O9OV93AFEHF:validation:B007XVYSDE,head,,,0,0.0,0.0,0.0,0.0,0.0,0.0,0,0,0.30867260694503784,1.0,0
A11QM8IY2QS1F5:validation:B001RNC1EM,head,,,0,0.0,0.0,0.0,0.0,0.0,0.0,0,0,0.3116927742958069,1.0,0
A11YC5X2KDI12X:validation:B00C2P770W,tail,,,0,0.0,0.0,0.0,0.0,0.0,0.0,0,0,0.3272394835948944,1.0,0
A129PHJ3YO5JH7:validation:B0083TXXZ4,head,,,0,0.0,0.0,0.0,0.0,0.0,0.0,0,0,0.30642324686050415,1.0,0
A12F1PQRSJBGPV:validation:161661658X,tail,,,0,0.0,0.0,0.0,0.0,0.0,0.0,0,0,0.3096310496330261,1.0,0
A12N345ZBT54K:validation:B005PXVP88,tail,,,0,0.0,0.0,0.0,0.0,0.0,0.0,0,0,0.37024280428886414,1.0,0
A12PSNCVDQRWR7:validation:B003EIK136,head,6,5,1,1.0,0.3562071871080222,1.0,1.0,0.38685280723454163,1.0,1,0,0.3381921350955963,1.0,0
A12R3UNL31XXBW:validation:B007AR5268,tail,,,0,0.0,0.0,0.0,0.0,0.0,0.0,0,0,0.3103329539299011,1.0,0
A139EDZNBVH4AX:validation:B00HB7GRTS,tail,9,7,1,1.0,0.3010299956639812,1.0,1.0,0.3333333333333333,1.0,1,0,0.3120519816875458,1.0,0
A13AI6YC5O244F:validation:B00068S82I,tail,5,4,1,1.0,0.38685280723454163,1.0,1.0,0.43067655807339306,1.0,1,0,0.3364987373352051,1.0,0
A13B7EVEAQW0IP:validation:B001AQ71HS,head,17,16,1,0.0,0.0,1.0,0.0,0.0,1.0,1,0,0.31146442890167236,1.0,0
A13DB60LCNF7QU:validation:B00BG8F0H8,head,18,46,1,0.0,0.0,1.0,0.0,0.0,1.0,1,0,0.3430632948875427,1.0,0
A13IBA8PM2LVB0:validation:B003O1XJ2S,tail,,,0,0.0,0.0,0.0,0.0,0.0,0.0,0,0,0.37043583393096924,1.0,0
A13JLK9XHEWA7C:validation:B001US4DOK,head,,,0,0.0,0.0,0.0,0.0,0.0,0.0,0,0,0.3099621534347534,1.0,0
A13LNZ4M8212FP:validation:B007DW6DYU,tail,,,0,0.0,0.0,0.0,0.0,0.0,0.0,0,0,0.30889707803726196,1.0,0
A13QOK3SKIT9QL:validation:B005GWWYBA,tail,,,0,0.0,0.0,0.0,0.0,0.0,0.0,0,0,0.34290722012519836,1.0,0
A13RRTU6I8IXSY:validation:B002THXRWK,head,,95,1,0.0,0.0,0.0,0.0,0.0,0.0,1,0,0.339191198348999,1.0,0
A13TUDSG4QK0P0:validation:B004PBHCAG,tail,,,0,0.0,0.0,0.0,0.0,0.0,0.0,0,0,0.30672788619995117,1.0,0
A13VB2S47NBEHY:validation:B00AZZFT4M,tail,25,23,1,0.0,0.0,1.0,0.0,0.0,1.0,1,0,0.36949780583381653,1.0,0
A1402C1PCSSBDU:validation:B001NFTQFG,tail,,,0,0.0,0.0,0.0,0.0,0.0,0.0,0,0,0.3112652897834778,1.0,0
A140ICK18NAAYR:validation:B0002HWFBS,head,4,4,1,1.0,0.43067655807339306,1.0,1.0,0.43067655807339306,1.0,0,0,0.33556655049324036,1.0,0
A14N3XLSXIJFSG:validation:B00804BCO6,head,,,0,0.0,0.0,0.0,0.0,0.0,0.0,0,0,0.3092374801635742,1.0,0
A14X8PU4E3APFE:validation:B000F3V2MW,head,,,0,0.0,0.0,0.0,0.0,0.0,0.0,0,0,0.3075173497200012,1.0,0
A153JKH35P5N2I:validation:B00A88E8NE,tail,,,0,0.0,0.0,0.0,0.0,0.0,0.0,0,0,0.3357895612716675,1.0,0
A15E6K4ZILA22P:validation:B001DZLLDG,tail,,,0,0.0,0.0,0.0,0.0,0.0,0.0,0,0,0.3692544102668762,1.0,0
A15Q9YEG1XPEJN:validation:B000FSIJ0K,head,39,36,1,0.0,0.0,1.0,0.0,0.0,1.0,1,0,0.3670840561389923,1.0,0
A16BYDIT21IYHR:validation:B000LSZVKA,head,2,2,1,1.0,0.6309297535714575,1.0,1.0,0.6309297535714575,1.0,0,0,0.31928208470344543,1.0,0
A16EIVIBBXFAQ0:validation:B00IVFCGIA,tail,,,0,0.0,0.0,0.0,0.0,0.0,0.0,0,0,0.3678779602050781,1.0,0
A16J0ZE2YY07Q6:validation:B00000IWGQ,head,,,0,0.0,0.0,0.0,0.0,0.0,0.0,0,0,0.31107857823371887,1.0,0
A16Q1LYIDE2WDZ:validation:B008B68IEA,head,,,0,0.0,0.0,0.0,0.0,0.0,0.0,0,0,0.3056216239929199,1.0,0
A16QODENBJVUI1:validation:B00AW6XYLE,head,,,0,0.0,0.0,0.0,0.0,0.0,0.0,0,0,0.3691825270652771,1.0,0
A16S04WKNCZHJI:validation:B002KE5GPS,head,6,6,1,1.0,0.3562071871080222,1.0,1.0,0.3562071871080222,1.0,0,0,0.30786406993865967,1.0,0
A16ZGHS7OVW2ML:validation:B00008W72D,head,,,0,0.0,0.0,0.0,0.0,0.0,0.0,0,0,0.30624622106552124,1.0,0
A1714DUFICLF6N:validation:B004UCBU6M,head,,,0,0.0,0.0,0.0,0.0,0.0,0.0,0,0,0.3101779818534851,1.0,0
A17771LTRWSKQ5:validation:B00FAQVVUC,head,,,0,0.0,0.0,0.0,0.0,0.0,0.0,0,0,0.3049456775188446,1.0,0
A17KVLZE65YOKQ:validation:B00AGJ4HC2,head,,,0,0.0,0.0,0.0,0.0,0.0,0.0,0,0,0.31253156065940857,1.0,0
A17OJRLUE3RYEJ:validation:B007U7M0WM,head,1,1,1,1.0,1.0,1.0,1.0,1.0,1.0,0,0,0.3603355288505554,1.0,0
A17ZTM5OXAPRH0:validation:B00000IZQP,head,,,0,0.0,0.0,0.0,0.0,0.0,0.0,0,0,0.3049495816230774,1.0,0
A185O1OKRT4M8:validation:B000EQGT00,head,,54,1,0.0,0.0,0.0,0.0,0.0,0.0,1,0,0.37022632360458374,1.0,0
A1870QHI5BX494:validation:B004FEJ3VY,tail,,,0,0.0,0.0,0.0,0.0,0.0,0.0,0,0,0.31046831607818604,1.0,0
A188NTJ5LV8LA4:validation:B0084BPZES,head,,,0,0.0,0.0,0.0,0.0,0.0,0.0,0,0,0.30700138211250305,1.0,0
A18CF71GKLDS48:validation:B0007UB5VG,tail,,,0,0.0,0.0,0.0,0.0,0.0,0.0,0,0,0.3104846179485321,1.0,0
A18EORJUFYO2WE:validation:B006OBH98U,tail,,,0,0.0,0.0,0.0,0.0,0.0,0.0,0,0,0.30639100074768066,1.0,0
A18OUQEK7IZ2F2:validation:B004781SW0,head,34,45,1,0.0,0.0,1.0,0.0,0.0,1.0,1,0,0.3090416491031647,1.0,0
A18QMNPU6WYX06:validation:B002V3RCE6,head,,,0,0.0,0.0,0.0,0.0,0.0,0.0,0,0,0.3686259686946869,1.0,0
A18QWGY3SYKY8U:validation:B000HGTV5W,tail,,,0,0.0,0.0,0.0,0.0,0.0,0.0,0,0,0.3078228831291199,1.0,0
A18YYHHSD6LZ2K:validation:B000HREOGM,tail,,,0,0.0,0.0,0.0,0.0,0.0,0.0,0,0,0.3082607686519623,1.0,0
A19284DX9QYBYI:validation:B00CKH9NS6,head,,,0,0.0,0.0,0.0,0.0,0.0,0.0,0,0,0.336239755153656,1.0,0
A1954UXJEJLMFH:validation:B001P06GX4,head,,,0,0.0,0.0,0.0,0.0,0.0,0.0,0,0,0.30816423892974854,1.0,0
A1981KGW9BJUA4:validation:B004U5RD1A,tail,,,0,0.0,0.0,0.0,0.0,0.0,0.0,0,0,0.3445513844490051,1.0,0
A199FRO0YFMGED:validation:B00FBW4QTI,head,1,1,1,1.0,1.0,1.0,1.0,1.0,1.0,0,0,0.30834120512008667,1.0,0
A19FH0XB46522I:validation:B002RQU3VQ,tail,,,0,0.0,0.0,0.0,0.0,0.0,0.0,0,0,0.36986568570137024,1.0,0
A19OA3WBX5Z2JK:validation:B007N0KZ64,head,,,0,0.0,0.0,0.0,0.0,0.0,0.0,0,0,0.31321558356285095,1.0,0
A19OB162NGPFV4:validation:B004M8ROHS,tail,2,2,1,1.0,0.6309297535714575,1.0,1.0,0.6309297535714575,1.0,0,0,0.3049345910549164,1.0,0
A19VZZ46WFATZK:validation:B006UD2RB6,tail,,,0,0.0,0.0,0.0,0.0,0.0,0.0,0,0,0.3105265498161316,1.0,0
A19YOYY7FLQMA6:validation:B00J49UTP4,tail,,,0,0.0,0.0,0.0,0.0,0.0,0.0,0,0,0.3685714602470398,1.0,0
A1A6FDVPCF5CB4:validation:B002IUFSPM,head,42,46,1,0.0,0.0,1.0,0.0,0.0,1.0,1,0,0.31763529777526855,1.0,0
A1A6VXCUVRZWFN:validation:B000FK3WDC,head,11,9,1,0.0,0.0,1.0,1.0,0.3010299956639812,1.0,1,0,0.3156837821006775,1.0,0
A1A8GVQFTXG70H:validation:B007J3F98O,head,19,19,1,0.0,0.0,1.0,0.0,0.0,1.0,0,0,0.3057264983654022,1.0,0
A1A9DJ61HL7536:validation:B003DSIBVQ,head,2,2,1,1.0,0.6309297535714575,1.0,1.0,0.6309297535714575,1.0,0,0,0.3116636276245117,1.0,0
A1ADHT4NOR0R0B:validation:B004JMJKR4,tail,,,0,0.0,0.0,0.0,0.0,0.0,0.0,0,0,0.30873221158981323,1.0,0
A1AI18HNONDXKU:validation:B000BR9DPK,tail,,,0,0.0,0.0,0.0,0.0,0.0,0.0,0,0,0.3113170862197876,1.0,0
A1AKJRWMTUIMZE:validation:B003CRK5KI,tail,,,0,0.0,0.0,0.0,0.0,0.0,0.0,0,0,0.3692178726196289,1.0,0
A1AOMTP8YKG9OX:validation:B009P4I5FO,tail,,,0,0.0,0.0,0.0,0.0,0.0,0.0,0,0,0.3677408993244171,1.0,0
A1AS5M4WWAF3F2:validation:B0032EXVLG,tail,,,0,0.0,0.0,0.0,0.0,0.0,0.0,0,0,0.30634409189224243,1.0,0
A1BF5WJOFYNOG4:validation:B005PNOLZ2,tail,19,15,1,0.0,0.0,1.0,0.0,0.0,1.0,1,0,0.3709285855293274,1.0,0
A1BMET3MONQ1WE:validation:B000IBPD76,head,,,0,0.0,0.0,0.0,0.0,0.0,0.0,0,0,0.30907222628593445,1.0,0
A1BP92HYW0HQST:validation:B009NFG39K,tail,,,0,0.0,0.0,0.0,0.0,0.0,0.0,0,0,0.31720224022865295,1.0,0
A1BPYFQGHDT5N7:validation:B000WNUU6Y,head,1,1,1,1.0,1.0,1.0,1.0,1.0,1.0,0,0,0.310586154460907,1.0,0
A1BSKN1R7N6282:validation:B00DMC6KAC,head,,,0,0.0,0.0,0.0,0.0,0.0,0.0,0,0,0.3418542146682739,1.0,0
A1BTH03TBAQGN8:validation:B0036WSVQ4,head,1,1,1,1.0,1.0,1.0,1.0,1.0,1.0,0,0,0.36138448119163513,1.0,0
A1BVGOY4JCX83R:validation:B0044T2KBU,head,1,1,1,1.0,1.0,1.0,1.0,1.0,1.0,0,0,0.30826902389526367,1.0,0
A1C1NYMABU3WCH:validation:B000N5QNSK,head,19,13,1,0.0,0.0,1.0,0.0,0.0,1.0,1,0,0.3218599557876587,1.0,0
A1CJY7C4CVUG6X:validation:B003TREDXG,tail,,,0,0.0,0.0,0.0,0.0,0.0,0.0,0,0,0.33639463782310486,1.0,0
A1CL00EV5J84XM:validation:B00CM5D8QE,tail,4,4,1,1.0,0.43067655807339306,1.0,1.0,0.43067655807339306,1.0,0,0,0.3711974620819092,1.0,0
A1COKCSTZBJJDQ:validation:B004DJ1EH2,tail,,,0,0.0,0.0,0.0,0.0,0.0,0.0,0,0,0.30733034014701843,1.0,0
A1COPHQQFXQSNB:validation:B008DLS2SU,tail,,,0,0.0,0.0,0.0,0.0,0.0,0.0,0,0,0.30736294388771057,1.0,0
A1CQ8RM067BZ9R:validation:B00471FMO2,tail,,,0,0.0,0.0,0.0,0.0,0.0,0.0,0,0,0.30575162172317505,1.0,0
A1CXDPY0SLYP5P:validation:B000GBA60W,head,12,12,1,0.0,0.0,1.0,0.0,0.0,1.0,0,0,0.30869728326797485,1.0,0
A1D51QC6ZZC265:validation:B003BMGU4Y,tail,,,0,0.0,0.0,0.0,0.0,0.0,0.0,0,0,0.31389933824539185,1.0,0
A1DBCHREMYNOVT:validation:B0016A3VAO,tail,,,0,0.0,0.0,0.0,0.0,0.0,0.0,0,0,0.3081594705581665,1.0,0
A1DD680S2WJXNQ:validation:B00GUABRNI,tail,,,0,0.0,0.0,0.0,0.0,0.0,0.0,0,0,0.36887240409851074,1.0,0
A1DU9PPNW1DLQU:validation:B008DW04UI,tail,,,0,0.0,0.0,0.0,0.0,0.0,0.0,0,0,0.3096182346343994,1.0,0
A1DY0CRKZEY0FB:validation:B00FBW8NMO,tail,,,0,0.0,0.0,0.0,0.0,0.0,0.0,0,0,0.368989497423172,1.0,0
A1E187HKCDSKB0:validation:B009DOYVB8,tail,,,0,0.0,0.0,0.0,0.0,0.0,0.0,0,0,0.3101049065589905,1.0,0
A1E261P4ZYJUOA:validation:B00F14INUO,tail,7,7,1,1.0,0.3333333333333333,1.0,1.0,0.3333333333333333,1.0,0,0,0.34097903966903687,1.0,0
A1EJPGFTHL5MN3:validation:B002XQ7QJW,tail,,,0,0.0,0.0,0.0,0.0,0.0,0.0,0,0,0.30940473079681396,1.0,0
A1EOIFZ6RF03D0:validation:B00004U3F0,tail,,,0,0.0,0.0,0.0,0.0,0.0,0.0,0,0,0.3694712519645691,1.0,0
A1EQ8WXLL9CWEW:validation:B000N5H38Y,tail,,,0,0.0,0.0,0.0,0.0,0.0,0.0,0,0,0.30617374181747437,1.0,0
A1EU73CDBOWSJL:validation:B004P5O8I6,tail,,,0,0.0,0.0,0.0,0.0,0.0,0.0,0,0,0.3093743622303009,1.0,0
A1EUQ0LQ9LJPW3:validation:B0007Q1IO4,head,,,0,0.0,0.0,0.0,0.0,0.0,0.0,0,0,0.30627644062042236,1.0,0
A1EUT9DYQVQJ48:validation:B0040HRVN8,tail,,,0,0.0,0.0,0.0,0.0,0.0,0.0,0,0,0.3103262186050415,1.0,0
A1EVE3K48A2O55:validation:B000GX40PW,head,,,0,0.0,0.0,0.0,0.0,0.0,0.0,0,0,0.30845850706100464,1.0,0
A1F1SITQRQ2W2F:validation:B003O85K14,head,,,0,0.0,0.0,0.0,0.0,0.0,0.0,0,0,0.3094400465488434,1.0,0
A1F251BGO6LFEL:validation:B005GTJ0L0,tail,,,0,0.0,0.0,0.0,0.0,0.0,0.0,0,0,0.3079838752746582,1.0,0
A1F2GVLU0N972G:validation:B0038APBDA,head,2,2,1,1.0,0.6309297535714575,1.0,1.0,0.6309297535714575,1.0,0,0,0.3686879873275757,1.0,0
A1F436AZUJH8P5:validation:B007U7LZQ4,tail,,,0,0.0,0.0,0.0,0.0,0.0,0.0,0,0,0.30997925996780396,1.0,0
A1F60SH7DRYBFO:validation:B008ACRPR6,head,,,0,0.0,0.0,0.0,0.0,0.0,0.0,0,0,0.30610740184783936,1.0,0
A1FCQI065T3HYH:validation:B00BQYQY8Q,head,,,0,0.0,0.0,0.0,0.0,0.0,0.0,0,0,0.30501455068588257,1.0,0
A1FKQJ72DAP644:validation:B0000936KZ,tail,,,0,0.0,0.0,0.0,0.0,0.0,0.0,0,0,0.3368867039680481,1.0,0
A1FO0OXD0YRJ1V:validation:B00DPK10O2,head,,,0,0.0,0.0,0.0,0.0,0.0,0.0,0,0,0.3085281252861023,1.0,0
A1FT0QZX0L3RJD:validation:B004RSGBSQ,tail,,,0,0.0,0.0,0.0,0.0,0.0,0.0,0,0,0.30722421407699585,1.0,0
A1G24ZYOU6FVST:validation:B003ZHY0KG,tail,,,0,0.0,0.0,0.0,0.0,0.0,0.0,0,0,0.31230419874191284,1.0,0
A1G2BB1B5YXH8B:validation:B000NVBE1A,head,1,1,1,1.0,1.0,1.0,1.0,1.0,1.0,0,0,0.340412437915802,1.0,0
A1G3LQTNG8V4HU:validation:B00D6N9162,tail,,,0,0.0,0.0,0.0,0.0,0.0,0.0,0,0,0.3100808262825012,1.0,0
A1G8JKR78WJQ71:validation:B002LK0MFK,head,15,12,1,0.0,0.0,1.0,0.0,0.0,1.0,1,0,0.3060819208621979,1.0,0
A1GA3XYWVS0O1:validation:B007U7M0WM,head,,,0,0.0,0.0,0.0,0.0,0.0,0.0,0,0,0.30365490913391113,1.0,0
A1GA7HZGFBDTIU:validation:B00GSPF9QG,tail,,,0,0.0,0.0,0.0,0.0,0.0,0.0,0,0,0.36874428391456604,1.0,0
A1GF3E49S1E6EY:validation:B004QXY4ZE,head,13,13,1,0.0,0.0,1.0,0.0,0.0,1.0,0,0,0.310966819524765,1.0,0
A1GGM0BV9NM95A:validation:B004081EKS,head,,,0,0.0,0.0,0.0,0.0,0.0,0.0,0,0,0.3083617091178894,1.0,0
A1GP7SFKQ719HI:validation:B007RDGHP0,head,42,38,1,0.0,0.0,1.0,0.0,0.0,1.0,1,0,0.30549004673957825,1.0,0
A1GYEGLX3P2Y7P:validation:B00I2V01HQ,tail,,,0,0.0,0.0,0.0,0.0,0.0,0.0,0,0,0.3096083104610443,1.0,0
A1H0P7ESJE2109:validation:B003WFKOSS,head,,,0,0.0,0.0,0.0,0.0,0.0,0.0,0,0,0.3113318085670471,1.0,0
A1H3GIGRMYP36O:validation:B007WDPXFK,tail,,,0,0.0,0.0,0.0,0.0,0.0,0.0,0,0,0.31078866124153137,1.0,0
A1H4LM8XJL8NF6:validation:B0042QNP2S,tail,,,0,0.0,0.0,0.0,0.0,0.0,0.0,0,0,0.36964482069015503,1.0,0
A1H8I2PH00UQ2K:validation:B007BDDK5Q,tail,,,0,0.0,0.0,0.0,0.0,0.0,0.0,0,0,0.3370056748390198,1.0,0
A1HBSHN48V2YEC:validation:B00AW6YBAM,tail,,,0,0.0,0.0,0.0,0.0,0.0,0.0,0,0,0.3388811945915222,1.0,0
A1HKBGI59UP6IM:validation:B0043WCAPY,tail,15,48,1,0.0,0.0,1.0,0.0,0.0,1.0,1,0,0.36963289976119995,1.0,0
A1HS9BEXAN1OCN:validation:B0046ZNIL8,tail,,,0,0.0,0.0,0.0,0.0,0.0,0.0,0,0,0.3359353542327881,1.0,0
A1HU9EGB5RCINO:validation:B00000JIVS,head,36,32,1,0.0,0.0,1.0,0.0,0.0,1.0,1,0,0.3093458414077759,1.0,0
A1I07P9VZ8ZVCW:validation:B00CG5WVU4,tail,14,22,1,0.0,0.0,1.0,0.0,0.0,1.0,1,0,0.3107844293117523,1.0,0
A1I0TCJKTY6K1H:validation:B008FKBU42,tail,3,7,1,1.0,0.5,1.0,1.0,0.3333333333333333,1.0,1,0,0.34642183780670166,1.0,0
A1I3MX738N3H9M:validation:B00000JIVS,head,7,7,1,1.0,0.3333333333333333,1.0,1.0,0.3333333333333333,1.0,0,0,0.3051009774208069,1.0,0
A1IA3XI3O0N5RA:validation:B001EGYWT4,tail,,,0,0.0,0.0,0.0,0.0,0.0,0.0,0,0,0.36805135011672974,1.0,0
A1IAYAFKVYM22P:validation:B0038QB2K0,tail,2,2,1,1.0,0.6309297535714575,1.0,1.0,0.6309297535714575,1.0,0,0,0.3687684237957001,1.0,0
A1IBOECOGTSKJO:validation:B004WNIR2Y,tail,,,0,0.0,0.0,0.0,0.0,0.0,0.0,0,0,0.31210365891456604,1.0,0
A1IH6BL33256WK:validation:B00BJM2MF4,tail,4,4,1,1.0,0.43067655807339306,1.0,1.0,0.43067655807339306,1.0,0,0,0.36956244707107544,1.0,0
A1INB5MQ687DPH:validation:B009F7L4TA,tail,,56,1,0.0,0.0,0.0,0.0,0.0,0.0,1,0,0.30934226512908936,1.0,0
A1J1GBJREDREP:validation:B001DZMITW,tail,,,0,0.0,0.0,0.0,0.0,0.0,0.0,0,0,0.3081541657447815,1.0,0
A1J34B2935KBLV:validation:B0051GTQVW,tail,2,2,1,1.0,0.6309297535714575,1.0,1.0,0.6309297535714575,1.0,0,0,0.3363330066204071,1.0,0
A1J8N705ALHIQM:validation:B007B7LTE6,tail,,,0,0.0,0.0,0.0,0.0,0.0,0.0,0,0,0.3130442202091217,1.0,0
A1J8V1JO2R4TMQ:validation:B004K1EZ38,tail,,,0,0.0,0.0,0.0,0.0,0.0,0.0,0,0,0.3051678538322449,1.0,0
A1JWA03XL44ZGC:validation:B00762BMOI,head,41,34,1,0.0,0.0,1.0,0.0,0.0,1.0,1,0,0.36919474601745605,1.0,0
A1K5VLKMIUXX6R:validation:B0055CAF6M,head,1,1,1,1.0,1.0,1.0,1.0,1.0,1.0,0,0,0.34328967332839966,1.0,0
A1K6IDFSP9X8BQ:validation:B001XOZPEI,head,,,0,0.0,0.0,0.0,0.0,0.0,0.0,0,0,0.3119683563709259,1.0,0
A1K7KX3ZQW41QA:validation:B002B555QQ,head,,,0,0.0,0.0,0.0,0.0,0.0,0.0,0,0,0.3336305022239685,1.0,0
A1K84GJLQWFIQ7:validation:B00ECV5KSU,tail,,,0,0.0,0.0,0.0,0.0,0.0,0.0,0,0,0.3680218756198883,1.0,0
A1KDEZWBT04UFC:validation:B00A850R3W,tail,,,0,0.0,0.0,0.0,0.0,0.0,0.0,0,0,0.3464916944503784,1.0,0
A1KNK43A1WIDOG:validation:B006WZM79O,tail,,,0,0.0,0.0,0.0,0.0,0.0,0.0,0,0,0.37018531560897827,1.0,0
A1KQJEEZM3HB5N:validation:B00C58ICBO,tail,9,7,1,1.0,0.3010299956639812,1.0,1.0,0.3333333333333333,1.0,1,0,0.30962616205215454,1.0,0
A1KRVDL5NX0989:validation:B000KIBA8S,tail,,,0,0.0,0.0,0.0,0.0,0.0,0.0,0,0,0.3688287138938904,1.0,0
A1KZ64AH0E819Y:validation:B007XVYTNS,head,,,0,0.0,0.0,0.0,0.0,0.0,0.0,0,0,0.3690223693847656,1.0,0
A1L15VDRPWAH16:validation:B004083ELK,head,6,4,1,1.0,0.3562071871080222,1.0,1.0,0.43067655807339306,1.0,1,0,0.36988207697868347,1.0,0
A1L2HDNL4XFL4H:validation:B00GBMBOJ2,tail,,,0,0.0,0.0,0.0,0.0,0.0,0.0,0,0,0.3701440393924713,1.0,0
A1L39B3I6KC7M2:validation:B005MKYHQG,tail,,,0,0.0,0.0,0.0,0.0,0.0,0.0,0,0,0.30808326601982117,1.0,0
A1L6C3SEXGC8Z7:validation:2914849648,head,,,0,0.0,0.0,0.0,0.0,0.0,0.0,0,0,0.31470316648483276,1.0,0
A1L98DRJRF712C:validation:B00000IV95,head,,,0,0.0,0.0,0.0,0.0,0.0,0.0,0,0,0.3378435969352722,1.0,0
A1LA7U0YJZLCVU:validation:B004VYYA2K,head,1,1,1,1.0,1.0,1.0,1.0,1.0,1.0,0,0,0.3410469889640808,1.0,0
A1LBEL3NLT7WKZ:validation:B0021EWY4S,tail,,,0,0.0,0.0,0.0,0.0,0.0,0.0,0,0,0.3423451781272888,1.0,0
A1LCYMIFXUT1IH:validation:B000GYWXSC,tail,6,49,1,1.0,0.3562071871080222,1.0,0.0,0.0,1.0,1,1,0.36992523074150085,1.0,0
A1LGK59VMYKLG3:validation:B0077NGTDU,tail,,,0,0.0,0.0,0.0,0.0,0.0,0.0,0,0,0.31206923723220825,1.0,0
A1LIV3VUYJG926:validation:B004K0DSDC,tail,,89,1,0.0,0.0,0.0,0.0,0.0,0.0,1,0,0.36907827854156494,1.0,0
A1M1QHVH6CXU4Q:validation:B00BQYR0PC,tail,,,0,0.0,0.0,0.0,0.0,0.0,0.0,0,0,0.30650562047958374,1.0,0
A1M1VHDTN07A1X:validation:B006UBLZLQ,head,2,2,1,1.0,0.6309297535714575,1.0,1.0,0.6309297535714575,1.0,0,0,0.36808934807777405,1.0,0
A1M50LAH30B02A:validation:B00712O56A,tail,,,0,0.0,0.0,0.0,0.0,0.0,0.0,0,0,0.31173795461654663,1.0,0
A1MGBXKRVU3HE3:validation:B0002P5GD4,tail,,,0,0.0,0.0,0.0,0.0,0.0,0.0,0,0,0.30828481912612915,1.0,0
A1MYV8W0L2PPO6:validation:B001W30D2O,head,,,0,0.0,0.0,0.0,0.0,0.0,0.0,0,0,0.31145358085632324,1.0,0
A1N1KJWXNIKG6K:validation:B004USI3G6,tail,,,0,0.0,0.0,0.0,0.0,0.0,0.0,0,0,0.305172860622406,1.0,0
A1N3AQW7H09SGT:validation:B00172TZT2,tail,11,11,1,0.0,0.0,1.0,0.0,0.0,1.0,0,0,0.30918920040130615,1.0,0
A1N5C21KMKLC0P:validation:B000XH71A2,tail,,,0,0.0,0.0,0.0,0.0,0.0,0.0,0,0,0.36810335516929626,1.0,0
A1N61N05IPTL35:validation:B004J30ZDQ,head,,,0,0.0,0.0,0.0,0.0,0.0,0.0,0,0,0.3071286678314209,1.0,0
A1N62LD9GX0K6Y:validation:B004LKWP8K,tail,,,0,0.0,0.0,0.0,0.0,0.0,0.0,0,0,0.30640310049057007,1.0,0
A1NBB2SHVG78LE:validation:B00DSNQ35W,tail,,,0,0.0,0.0,0.0,0.0,0.0,0.0,0,0,0.30954405665397644,1.0,0
A1NRS2WV9B7177:validation:B003GTB6IW,tail,,,0,0.0,0.0,0.0,0.0,0.0,0.0,0,0,0.3104217052459717,1.0,0
A1NSJ705LREMYY:validation:B00006JZCS,head,34,29,1,0.0,0.0,1.0,0.0,0.0,1.0,1,0,0.3347599506378174,1.0,0
A1NTT6VKK5X3C9:validation:B000F7M8IA,head,,,0,0.0,0.0,0.0,0.0,0.0,0.0,0,0,0.3091229498386383,1.0,0
A1O402ZP60PD04:validation:B004H1V5S4,head,,,0,0.0,0.0,0.0,0.0,0.0,0.0,0,0,0.3116362690925598,1.0,0
A1O8BS2HKE5Y0O:validation:B003621UT4,head,,,0,0.0,0.0,0.0,0.0,0.0,0.0,0,0,0.3072509169578552,1.0,0
A1OK6MY2A7X7DV:validation:B005XLN7EW,tail,,,0,0.0,0.0,0.0,0.0,0.0,0.0,0,0,0.3141442537307739,1.0,0
A1OMHUU58XHQNG:validation:B00B1Z6FKW,head,,,0,0.0,0.0,0.0,0.0,0.0,0.0,0,0,0.31002098321914673,1.0,0
A1OQDRSKLR16NB:validation:B000NV9G88,head,9,9,1,1.0,0.3010299956639812,1.0,1.0,0.3010299956639812,1.0,0,0,0.30908602476119995,1.0,0
A1OS8ICUFW5F9H:validation:B001M04T0E,head,27,25,1,0.0,0.0,1.0,0.0,0.0,1.0,1,0,0.31054115295410156,1.0,0
A1OX8QMNC2Y5Z:validation:B00A6TDFGQ,tail,,,0,0.0,0.0,0.0,0.0,0.0,0.0,0,0,0.3686874806880951,1.0,0
A1P07F0FW7U9OO:validation:B003FPODGO,tail,3,4,1,1.0,0.5,1.0,1.0,0.43067655807339306,1.0,1,0,0.30828598141670227,1.0,0
A1P1AJJTLZWPMP:validation:B003F757W6,tail,,,0,0.0,0.0,0.0,0.0,0.0,0.0,0,0,0.36936497688293457,1.0,0
A1PBC5OFVF72YJ:validation:B00B3YT030,head,1,1,1,1.0,1.0,1.0,1.0,1.0,1.0,0,0,0.35721516609191895,1.0,0
A1PNLJSZ37FAUU:validation:B00DGQP3WU,head,,,0,0.0,0.0,0.0,0.0,0.0,0.0,0,0,0.30808746814727783,1.0,0
A1PX6J5JA6WVZK:validation:B0034G4FPS,tail,,,0,0.0,0.0,0.0,0.0,0.0,0.0,0,0,0.3383808434009552,1.0,0
A1PZAES3HY7Z9I:validation:B004XPAEH2,head,,,0,0.0,0.0,0.0,0.0,0.0,0.0,0,0,0.3079211711883545,1.0,0
A1PZW5JKLA85F1:validation:B004QM91JE,head,,,0,0.0,0.0,0.0,0.0,0.0,0.0,0,0,0.30779364705085754,1.0,0
A1Q2CBTWZNCCV1:validation:B0088ALY0E,tail,,,0,0.0,0.0,0.0,0.0,0.0,0.0,0,0,0.3111351728439331,1.0,0
A1QB3XM80QTGHD:validation:0867343125,tail,,,0,0.0,0.0,0.0,0.0,0.0,0.0,0,0,0.3047734498977661,1.0,0
A1QDAL2HEVRARH:validation:B00139OH4C,tail,,,0,0.0,0.0,0.0,0.0,0.0,0.0,0,0,0.30580949783325195,1.0,0
A1QIG4GA2JATX3:validation:B00CBTL3AY,tail,,,0,0.0,0.0,0.0,0.0,0.0,0.0,0,0,0.36935335397720337,1.0,0
A1QOR694BY549Q:validation:B000BB56KM,head,,,0,0.0,0.0,0.0,0.0,0.0,0.0,0,0,0.31917303800582886,1.0,0
A1QRICS543MVIB:validation:B001ENDANQ,tail,,,0,0.0,0.0,0.0,0.0,0.0,0.0,0,0,0.3705669939517975,1.0,0
A1QW8LFDMGW4SJ:validation:B006O6FKG8,head,,,0,0.0,0.0,0.0,0.0,0.0,0.0,0,0,0.31101909279823303,1.0,0
A1QYKN80JL0QQZ:validation:B00BQYQZSK,tail,,,0,0.0,0.0,0.0,0.0,0.0,0.0,0,0,0.3095714747905731,1.0,0
A1R0SWASNAZNWZ:validation:B000IE4B44,head,,,0,0.0,0.0,0.0,0.0,0.0,0.0,0,0,0.3371701240539551,1.0,0
A1R6UHT1UOM03E:validation:B001ENDC02,head,,,0,0.0,0.0,0.0,0.0,0.0,0.0,0,0,0.3110044002532959,1.0,0
A1R8TTMXVXEI6H:validation:B00CTJOL3W,tail,,,0,0.0,0.0,0.0,0.0,0.0,0.0,0,0,0.30665820837020874,1.0,0
A1RKL113TS9BGH:validation:B00AZKV9BY,tail,,,0,0.0,0.0,0.0,0.0,0.0,0.0,0,0,0.33778512477874756,1.0,0
A1RL8LQCMWU5PE:validation:B003AU5YOE,tail,45,48,1,0.0,0.0,1.0,0.0,0.0,1.0,1,0,0.37014418840408325,1.0,0
A1RSCKO1JUK0NV:validation:B008R9JTOY,tail,,,0,0.0,0.0,0.0,0.0,0.0,0.0,0,0,0.3094518780708313,1.0,0
A1S4FKX2PF7FRO:validation:B005F22MCC,tail,11,15,1,0.0,0.0,1.0,0.0,0.0,1.0,1,0,0.31185996532440186,1.0,0
A1S7VTMJCO7RW6:validation:B00196VBGG,head,,,0,0.0,0.0,0.0,0.0,0.0,0.0,0,0,0.31062397360801697,1.0,0
A1SGOUOPCEUUFB:validation:B005M2V2K8,tail,,,0,0.0,0.0,0.0,0.0,0.0,0.0,0,0,0.30770227313041687,1.0,0
A1T50IO1EMVNFH:validation:B00428LJ0Q,head,,,0,0.0,0.0,0.0,0.0,0.0,0.0,0,0,0.3691805601119995,1.0,0
A1T5SE3SMK0M36:validation:B001539JEO,head,,,0,0.0,0.0,0.0,0.0,0.0,0.0,0,0,0.33438241481781006,1.0,0
A1T8FRKBQD9RQV:validation:B006WZM79O,tail,,,0,0.0,0.0,0.0,0.0,0.0,0.0,0,0,0.3054494857788086,1.0,0
A1T93Y7J0YV742:validation:B0072BKZOQ,head,,,0,0.0,0.0,0.0,0.0,0.0,0.0,0,0,0.31028521060943604,1.0,0
A1TCMZLBHXJU4:validation:B00AZ9FZZ6,tail,,,0,0.0,0.0,0.0,0.0,0.0,0.0,0,0,0.3114049732685089,1.0,0
A1TD8P5GZYGHH1:validation:B000096QNK,head,,,0,0.0,0.0,0.0,0.0,0.0,0.0,0,0,0.3447442948818207,1.0,0
A1TJ312WKOWCHK:validation:B005XVCR48,head,17,17,1,0.0,0.0,1.0,0.0,0.0,1.0,0,0,0.368680477142334,1.0,0
A1TOZJX8D8SC0C:validation:B007IG0UNG,tail,21,21,1,0.0,0.0,1.0,0.0,0.0,1.0,0,0,0.33610236644744873,1.0,0
A1TSI2ZNJDOB41:validation:B0013B2EI6,tail,,,0,0.0,0.0,0.0,0.0,0.0,0.0,0,0,0.3412894010543823,1.0,0
A1TWTL2KY2WUDW:validation:B000NR4BLY,tail,,,0,0.0,0.0,0.0,0.0,0.0,0.0,0,0,0.3312600255012512,1.0,0
A1UC4V580O626B:validation:B0050D1V6E,head,,,0,0.0,0.0,0.0,0.0,0.0,0.0,0,0,0.30986374616622925,1.0,0
A1UIMH1A869JUV:validation:B00286H22S,head,,,0,0.0,0.0,0.0,0.0,0.0,0.0,0,0,0.3104913830757141,1.0,0
A1UMPRPWUL3MUF:validation:B002ACUC0O,tail,,,0,0.0,0.0,0.0,0.0,0.0,0.0,0,0,0.3690894842147827,1.0,0
A1UOBB4DO4WB4S:validation:B001UE85CU,tail,,,0,0.0,0.0,0.0,0.0,0.0,0.0,0,0,0.3126147985458374,1.0,0
A1UQK2YO0RLGK5:validation:B00ARPETGE,tail,,,0,0.0,0.0,0.0,0.0,0.0,0.0,0,0,0.30563074350357056,1.0,0
A1UTKL1MY28K6Y:validation:B00CBK1G64,tail,23,45,1,0.0,0.0,1.0,0.0,0.0,1.0,1,0,0.3707228899002075,1.0,0
A1UUI7PFQ5FU4E:validation:B00FAQVY5O,head,,,0,0.0,0.0,0.0,0.0,0.0,0.0,0,0,0.30812060832977295,1.0,0
A1UUIFYH08G6OI:validation:B002GEJYHI,tail,,,0,0.0,0.0,0.0,0.0,0.0,0.0,0,0,0.3688727021217346,1.0,0
A1UZIUPHPJ88JQ:validation:B0051U86Z0,tail,,,0,0.0,0.0,0.0,0.0,0.0,0.0,0,0,0.3120771050453186,1.0,0
A1V1J0U6T09U1T:validation:B004PBNGJM,tail,,,0,0.0,0.0,0.0,0.0,0.0,0.0,0,0,0.31022536754608154,1.0,0
A1V51M8M216Y69:validation:B000FIFIZY,tail,,,0,0.0,0.0,0.0,0.0,0.0,0.0,0,0,0.3119560480117798,1.0,0
A1V5E2LYHO5EO4:validation:B00292BX8U,tail,1,1,1,1.0,1.0,1.0,1.0,1.0,1.0,0,0,0.3112742304801941,1.0,0
A1VD0G4CCP5U2D:validation:B005PO316G,tail,,,0,0.0,0.0,0.0,0.0,0.0,0.0,0,0,0.3369387686252594,1.0,0
A1VKZF1VOEZTCU:validation:B005JSUMZ6,tail,,,0,0.0,0.0,0.0,0.0,0.0,0.0,0,0,0.3065738081932068,1.0,0
A1VLVWTLV3LVHR:validation:B008MJ62PI,head,,,0,0.0,0.0,0.0,0.0,0.0,0.0,0,0,0.3687414228916168,1.0,0
A1VNUAODI3DNF7:validation:B00IAO618S,tail,,,0,0.0,0.0,0.0,0.0,0.0,0.0,0,0,0.36994391679763794,1.0,0
A1VQHK3MVKYCR2:validation:B00B3YT030,head,1,1,1,1.0,1.0,1.0,1.0,1.0,1.0,0,0,0.35702091455459595,1.0,0
A1VVWB16UJWR1G:validation:B0088LQZYS,head,28,27,1,0.0,0.0,1.0,0.0,0.0,1.0,1,0,0.3092457056045532,1.0,0
A1VWYV36WTLQR4:validation:B003KYTXZQ,tail,,,0,0.0,0.0,0.0,0.0,0.0,0.0,0,0,0.36996009945869446,1.0,0
A1VZ54I4SUQEW:validation:B002JAOJJ2,tail,,,0,0.0,0.0,0.0,0.0,0.0,0.0,0,0,0.3071574568748474,1.0,0
A1WEUTCM4W9F6Q:validation:B000A12YNU,tail,,,0,0.0,0.0,0.0,0.0,0.0,0.0,0,0,0.3693021237850189,1.0,0
A1WF4M4SO9OVU1:validation:B005QCFH6O,tail,,,0,0.0,0.0,0.0,0.0,0.0,0.0,0,0,0.3064139485359192,1.0,0
A1WFQPDZGE20WE:validation:B007EA6PKS,head,,,0,0.0,0.0,0.0,0.0,0.0,0.0,0,0,0.3685891330242157,1.0,0
A1WHZ9O1SUNZE0:validation:B009SE5DRO,tail,,,0,0.0,0.0,0.0,0.0,0.0,0.0,0,0,0.30503833293914795,1.0,0
A1WKJJR57I17ST:validation:B00B06UCUG,tail,33,29,1,0.0,0.0,1.0,0.0,0.0,1.0,1,0,0.3072003722190857,1.0,0
A1WM6XOZFJQ3PL:validation:B000F49UY8,head,,,0,0.0,0.0,0.0,0.0,0.0,0.0,0,0,0.3081344664096832,1.0,0
A1WP940JZL83T7:validation:B00I19QRAE,tail,,,0,0.0,0.0,0.0,0.0,0.0,0.0,0,0,0.3072357773780823,1.0,0
A1WV7QZ57F2CSV:validation:B007Q0OMJW,head,,,0,0.0,0.0,0.0,0.0,0.0,0.0,0,0,0.3335912823677063,1.0,0
A1X2BGPSA5UPZ4:validation:B005PNOLZ2,tail,,,0,0.0,0.0,0.0,0.0,0.0,0.0,0,0,0.34561681747436523,1.0,0
A1X2YRSD648FM3:validation:B003LPV8OS,tail,,,0,0.0,0.0,0.0,0.0,0.0,0.0,0,0,0.308677077293396,1.0,0
A1X3WDXUB0C7EI:validation:B0070A9OUA,head,5,2,1,1.0,0.38685280723454163,1.0,1.0,0.6309297535714575,1.0,1,0,0.3394836187362671,1.0,0
A1X8BQQGCEHQ1V:validation:B0096TKR04,head,,,0,0.0,0.0,0.0,0.0,0.0,0.0,0,0,0.31212592124938965,1.0,0
A1X9K6YSDKVU0F:validation:B00065AQ12,tail,,,0,0.0,0.0,0.0,0.0,0.0,0.0,0,0,0.31063973903656006,1.0,0
A1XJ9EVMRATYBN:validation:B0002MHMFM,tail,,,0,0.0,0.0,0.0,0.0,0.0,0.0,0,0,0.31548088788986206,1.0,0
A1XRKRGYYBI0LU:validation:B0013IHSG2,tail,,,0,0.0,0.0,0.0,0.0,0.0,0.0,0,0,0.33366280794143677,1.0,0
A1XY24RHJ0KT5W:validation:B000N5QNSK,head,,,0,0.0,0.0,0.0,0.0,0.0,0.0,0,0,0.30983400344848633,1.0,0
A1Y1R5R1C96Q5M:validation:B00B1Z6EI0,head,,,0,0.0,0.0,0.0,0.0,0.0,0.0,0,0,0.3096063733100891,1.0,0
A1Y27QNN0P9HJ:validation:B003DTMQAW,tail,,,0,0.0,0.0,0.0,0.0,0.0,0.0,0,0,0.36864718794822693,1.0,0
A1YCW150DUX8JP:validation:B0089RPUHO,head,1,1,1,1.0,1.0,1.0,1.0,1.0,1.0,0,0,0.3605486750602722,1.0,0
A1YD4HGUYB55FX:validation:B003U2SAZC,tail,,,0,0.0,0.0,0.0,0.0,0.0,0.0,0,0,0.308615118265152,1.0,0
A1YEM3YHJ5RJO0:validation:B00D6N8T9M,tail,,,0,0.0,0.0,0.0,0.0,0.0,0.0,0,0,0.33954480290412903,1.0,0
A1YNSXMIBMQ7UO:validation:B0083TXXZ4,head,,,0,0.0,0.0,0.0,0.0,0.0,0.0,0,0,0.30728912353515625,1.0,0
A1YQK3Y9JRV7V0:validation:B007NLO6IG,tail,,,0,0.0,0.0,0.0,0.0,0.0,0.0,0,0,0.30887895822525024,1.0,0
A1YTXJE0ZS0IK7:validation:B0060FN7B8,head,,,0,0.0,0.0,0.0,0.0,0.0,0.0,0,0,0.3132902979850769,1.0,0
A1YUWK0O71JG0W:validation:B0032VX04C,tail,,,0,0.0,0.0,0.0,0.0,0.0,0.0,0,0,0.309287428855896,1.0,0
A1YX3462Z32M36:validation:B003F757W6,tail,,,0,0.0,0.0,0.0,0.0,0.0,0.0,0,0,0.3040594458580017,1.0,0
A1YXJFUTIJXYS4:validation:B002KCNV3Y,head,,,0,0.0,0.0,0.0,0.0,0.0,0.0,0,0,0.30551379919052124,1.0,0
A1Z55FISZGOMC7:validation:B0015H1FAG,tail,,,0,0.0,0.0,0.0,0.0,0.0,0.0,0,0,0.3336525857448578,1.0,0
A1Z5WRHOERLUXJ:validation:B008WCDZ3C,tail,,,0,0.0,0.0,0.0,0.0,0.0,0.0,0,0,0.3071565628051758,1.0,0
A1Z7Y2GMAP9SRY:validation:B009AERWEE,head,,,0,0.0,0.0,0.0,0.0,0.0,0.0,0,0,0.3064574599266052,1.0,0
A1ZDNPML1WPWPE:validation:B002OE05L4,tail,,,0,0.0,0.0,0.0,0.0,0.0,0.0,0,0,0.33743390440940857,1.0,0
A1ZE56EBLYAKBL:validation:B001KW05ZW,tail,,,0,0.0,0.0,0.0,0.0,0.0,0.0,0,0,0.30831846594810486,1.0,0
A1ZIVNBO2NHOTV:validation:B0042F99PG,head,,,0,0.0,0.0,0.0,0.0,0.0,0.0,0,0,0.3690398335456848,1.0,0
A1ZSSN5R7HUQH8:validation:B005XUI71G,head,,,0,0.0,0.0,0.0,0.0,0.0,0.0,0,0,0.31014034152030945,1.0,0
A1ZSXZMXM8W95H:validation:B0090BZBSQ,tail,,,0,0.0,0.0,0.0,0.0,0.0,0.0,0,0,0.3080594539642334,1.0,0
A2013X1OLSB1O9:validation:B00E2K95FK,tail,,,0,0.0,0.0,0.0,0.0,0.0,0.0,0,0,0.3109968900680542,1.0,0
A2063RFBMQDV47:validation:B009JBCF5Y,head,,,0,0.0,0.0,0.0,0.0,0.0,0.0,0,0,0.37006258964538574,1.0,0
A208CFK9SWS0W6:validation:B000BR824I,tail,,,0,0.0,0.0,0.0,0.0,0.0,0.0,0,0,0.3078748285770416,1.0,0
A20B7MOMXTCJM5:validation:B004M0WOL2,tail,,,0,0.0,0.0,0.0,0.0,0.0,0.0,0,0,0.37097591161727905,1.0,0
A20H1A2Q7LO87Z:validation:B004JMJKR4,tail,,,0,0.0,0.0,0.0,0.0,0.0,0.0,0,0,0.3115054965019226,1.0,0
A20IUKANSDXBOT:validation:B004M05IK6,tail,,,0,0.0,0.0,0.0,0.0,0.0,0.0,0,0,0.30781933665275574,1.0,0
A20LB7R40X62FA:validation:B000UIGVLY,tail,,,0,0.0,0.0,0.0,0.0,0.0,0.0,0,0,0.3090950846672058,1.0,0
A20XATI73LPAS1:validation:B004S6RC5S,tail,,,0,0.0,0.0,0.0,0.0,0.0,0.0,0,0,0.3094703257083893,1.0,0
A2168H419FO6KC:validation:B00E748GJW,tail,,,0,0.0,0.0,0.0,0.0,0.0,0.0,0,0,0.31519797444343567,1.0,0
A21AT5SEXJWD1C:validation:B00006JZCG,head,,,0,0.0,0.0,0.0,0.0,0.0,0.0,0,0,0.3084995746612549,1.0,0
A21I4MRM4H6FS6:validation:B00339STR6,tail,16,18,1,0.0,0.0,1.0,0.0,0.0,1.0,1,0,0.33493030071258545,1.0,0
A21RMZ3SPW4LKY:validation:B00C5XBANG,tail,,,0,0.0,0.0,0.0,0.0,0.0,0.0,0,0,0.33733487129211426,1.0,0
A21RY8JZCGNZDF:validation:B0012GV1HM,head,,,0,0.0,0.0,0.0,0.0,0.0,0.0,0,0,0.3159114122390747,1.0,0
A21U2R8YBJA5Y0:validation:B00E2KCY8K,tail,,,0,0.0,0.0,0.0,0.0,0.0,0.0,0,0,0.30666881799697876,1.0,0
A2218FQTW05XME:validation:B000F676D8,head,,,0,0.0,0.0,0.0,0.0,0.0,0.0,0,0,0.3075690269470215,1.0,0
A223YJAPUTZPX3:validation:B006UBM36W,tail,,,0,0.0,0.0,0.0,0.0,0.0,0.0,0,0,0.30629411339759827,1.0,0
A225BO73H6LS8F:validation:B00CMNX7VW,tail,,,0,0.0,0.0,0.0,0.0,0.0,0.0,0,0,0.3694387674331665,1.0,0
A22E5SK61NWJWU:validation:B000VDRRES,tail,,,0,0.0,0.0,0.0,0.0,0.0,0.0,0,0,0.3065842390060425,1.0,0
A22I55P15NSAOX:validation:B00CTJOCKY,head,,,0,0.0,0.0,0.0,0.0,0.0,0.0,0,0,0.30945491790771484,1.0,0
A22J4KV8B8M1JU:validation:B002QJXV86,tail,,,0,0.0,0.0,0.0,0.0,0.0,0.0,0,0,0.31274235248565674,1.0,0
A22KRLNQE081Y6:validation:B002G3ERMQ,tail,,,0,0.0,0.0,0.0,0.0,0.0,0.0,0,0,0.30835026502609253,1.0,0
A22VUOH575E014:validation:B007J3F9W0,head,,,0,0.0,0.0,0.0,0.0,0.0,0.0,0,0,0.31006523966789246,1.0,0
A230CCU3WPM17S:validation:B008B68HQ4,head,,,0,0.0,0.0,0.0,0.0,0.0,0.0,0,0,0.3069387972354889,1.0,0
A235X9VK8ND08T:validation:B0082LMF4I,tail,,,0,0.0,0.0,0.0,0.0,0.0,0.0,0,0,0.3105998635292053,1.0,0
A23GJAUWMQNFBS:validation:B001B2TZV6,head,12,12,1,0.0,0.0,1.0,0.0,0.0,1.0,0,0,0.3178311288356781,1.0,0
A23HYJOBCPL6GQ:validation:B00BN6QAVI,head,42,46,1,0.0,0.0,1.0,0.0,0.0,1.0,1,0,0.30741530656814575,1.0,0
A23I049ZXOO3D3:validation:B004U53AA8,head,,,0,0.0,0.0,0.0,0.0,0.0,0.0,0,0,0.31329673528671265,1.0,0
A23NAOS45G0W7R:validation:B004FPHIDI,tail,,,0,0.0,0.0,0.0,0.0,0.0,0.0,0,0,0.36995628476142883,1.0,0
A23Q2YI6SK6DW1:validation:B000062SRQ,head,,,0,0.0,0.0,0.0,0.0,0.0,0.0,0,0,0.311648428440094,1.0,0
A23RG249U1CILE:validation:B004Z7H14M,head,,,0,0.0,0.0,0.0,0.0,0.0,0.0,0,0,0.3099685609340668,1.0,0
A23TDL0WBGBMRZ:validation:B003EIK136,head,18,16,1,0.0,0.0,1.0,0.0,0.0,1.0,1,0,0.3381344676017761,1.0,0
A2404X4FBJZ80T:validation:B003KYTWA2,tail,1,1,1,1.0,1.0,1.0,1.0,1.0,1.0,0,0,0.308174192905426,1.0,0
A245PA3QEKHZZC:validation:B0057MGKO6,head,,,0,0.0,0.0,0.0,0.0,0.0,0.0,0,0,0.3143380880355835,1.0,0
A246YB9ETBKSRC:validation:B001ECI9EM,tail,3,3,1,1.0,0.5,1.0,1.0,0.5,1.0,0,0,0.3103976249694824,1.0,0
A24702LG337JKZ:validation:B000EULZDM,tail,,,0,0.0,0.0,0.0,0.0,0.0,0.0,0,0,0.36044248938560486,1.0,0
A24FP4OU9U5TKW:validation:B00DPK11XM,head,22,19,1,0.0,0.0,1.0,0.0,0.0,1.0,1,0,0.3045249581336975,1.0,0
A24KCJK5FMAUQD:validation:B00GL2TVDS,tail,2,2,1,1.0,0.6309297535714575,1.0,1.0,0.6309297535714575,1.0,0,0,0.320363849401474,1.0,0
A24OCVGPYVBHMI:validation:B003M0ZX5C,tail,,,0,0.0,0.0,0.0,0.0,0.0,0.0,0,0,0.36883804202079773,1.0,0
A24Q6EJWVWNOLP:validation:B009AWICNQ,tail,,,0,0.0,0.0,0.0,0.0,0.0,0.0,0,0,0.30936163663864136,1.0,0
A24TVPGG6JGH4:validation:B000I8T2CQ,tail,,,0,0.0,0.0,0.0,0.0,0.0,0.0,0,0,0.31037473678588867,1.0,0
A24WBO66B0H9H9:validation:B004ILWB3Q,head,,,0,0.0,0.0,0.0,0.0,0.0,0.0,0,0,0.31297391653060913,1.0,0
A24ZEH6X4AJNR4:validation:B005K0B8WO,tail,17,16,1,0.0,0.0,1.0,0.0,0.0,1.0,1,0,0.30749523639678955,1.0,0
A255VVTV6E1WPI:validation:B009T45X82,head,,,0,0.0,0.0,0.0,0.0,0.0,0.0,0,0,0.30855315923690796,1.0,0
A25G1RA2EB8AM7:validation:B000GZGE3Q,head,,,0,0.0,0.0,0.0,0.0,0.0,0.0,0,0,0.31105560064315796,1.0,0
A25ITV6XZWRVRF:validation:B000I8UK04,head,3,3,1,1.0,0.5,1.0,1.0,0.5,1.0,0,0,0.3061511516571045,1.0,0
A25WWUO6K5YUY3:validation:B00C5XBAOA,head,,,0,0.0,0.0,0.0,0.0,0.0,0.0,0,0,0.3093922734260559,1.0,0
A25ZRXZYWLFC4R:validation:B00GSPFDX0,tail,,,0,0.0,0.0,0.0,0.0,0.0,0.0,0,0,0.3071374297142029,1.0,0
A262582Q70DT9M:validation:B00DUF0VE2,tail,,,0,0.0,0.0,0.0,0.0,0.0,0.0,0,0,0.34532660245895386,1.0,0
A26NZY6C0LR2K9:validation:B00G69QAWG,tail,,51,1,0.0,0.0,0.0,0.0,0.0,0.0,1,0,0.32040613889694214,1.0,0
A26U6BNGVNWEZU:validation:B004P971VI,head,,,0,0.0,0.0,0.0,0.0,0.0,0.0,0,0,0.3047870993614197,1.0,0
A272RQUCB7VP9B:validation:B001QKYLDU,tail,,,0,0.0,0.0,0.0,0.0,0.0,0.0,0,0,0.3111411929130554,1.0,0
A277GP2U2TXH51:validation:B007G84MLM,head,,,0,0.0,0.0,0.0,0.0,0.0,0.0,0,0,0.30958089232444763,1.0,0
A277SNZ2LS0FLB:validation:B003JQT4Y0,head,2,2,1,1.0,0.6309297535714575,1.0,1.0,0.6309297535714575,1.0,0,0,0.3140332102775574,1.0,0
A27BPKU7ZJ3NOO:validation:B004U53AHG,tail,,,0,0.0,0.0,0.0,0.0,0.0,0.0,0,0,0.3370629549026489,1.0,0
A27Q1X75QCWTID:validation:B00HEZ08LU,tail,,,0,0.0,0.0,0.0,0.0,0.0,0.0,0,0,0.3071657717227936,1.0,0
A27W10NHSXI625:validation:B006O6FKDG,head,,,0,0.0,0.0,0.0,0.0,0.0,0.0,0,0,0.3087051510810852,1.0,0
A27ZN3BUDWKXE2:validation:B00F3TKLRA,head,,,0,0.0,0.0,0.0,0.0,0.0,0.0,0,0,0.30606555938720703,1.0,0
A281NPSIMI1C2R:validation:B00000IWDB,head,26,24,1,0.0,0.0,1.0,0.0,0.0,1.0,1,0,0.3341198265552521,1.0,0
A284QCDBUB3YLL:validation:B006X9KUL6,tail,,,0,0.0,0.0,0.0,0.0,0.0,0.0,0,0,0.3099597990512848,1.0,0
A28KL4VGU24MWS:validation:B000LSZVKA,head,36,30,1,0.0,0.0,1.0,0.0,0.0,1.0,1,0,0.33767169713974,1.0,0
A28QKOPBDPSHE5:validation:B0015FRC32,tail,5,5,1,1.0,0.38685280723454163,1.0,1.0,0.38685280723454163,1.0,0,0,0.309101939201355,1.0,0
A290HS21N1VHQW:validation:B000FCUS14,tail,,,0,0.0,0.0,0.0,0.0,0.0,0.0,0,0,0.32472145557403564,1.0,0
A293ZJB84QTSAC:validation:B005XUI5AE,head,40,34,1,0.0,0.0,1.0,0.0,0.0,1.0,1,0,0.3099779188632965,1.0,0
A295VPW9H9BB8X:validation:B002VBXPO4,tail,,,0,0.0,0.0,0.0,0.0,0.0,0.0,0,0,0.3697854280471802,1.0,0
A297R44X7WEQ8T:validation:B001543YEY,head,,,0,0.0,0.0,0.0,0.0,0.0,0.0,0,0,0.3073403835296631,1.0,0
A298CARSW68Q3U:validation:B007T4G90K,tail,30,25,1,0.0,0.0,1.0,0.0,0.0,1.0,1,0,0.33588072657585144,1.0,0
A299S5HUIWSL8F:validation:B003PGR8HE,tail,,,0,0.0,0.0,0.0,0.0,0.0,0.0,0,0,0.3057340383529663,1.0,0
A29ALH6OZVKWKC:validation:B00000K3BR,head,,,0,0.0,0.0,0.0,0.0,0.0,0.0,0,0,0.30904537439346313,1.0,0
A29CH9L427JM78:validation:B00000IWIT,head,,,0,0.0,0.0,0.0,0.0,0.0,0.0,0,0,0.3079645037651062,1.0,0
A29FLWXXYV07AF:validation:B006O6F932,head,,,0,0.0,0.0,0.0,0.0,0.0,0.0,0,0,0.3695387840270996,1.0,0
A2A57RXJ3MMT9J:validation:B004X7ZZNS,tail,,,0,0.0,0.0,0.0,0.0,0.0,0.0,0,0,0.3356865644454956,1.0,0
A2AKX6B6Y49I0B:validation:B007J3F9V6,head,,,0,0.0,0.0,0.0,0.0,0.0,0.0,0,0,0.30903494358062744,1.0,0
A2AOFLO4UZX04:validation:B004N3CRQA,tail,9,7,1,1.0,0.3010299956639812,1.0,1.0,0.3333333333333333,1.0,1,0,0.31194114685058594,1.0,0
A2AR2ZJ1QHHK01:validation:B008KDZO8M,head,12,11,1,0.0,0.0,1.0,0.0,0.0,1.0,1,0,0.33512169122695923,1.0,0
A2AU9BQ0MOL487:validation:B00004U3F1,head,,,0,0.0,0.0,0.0,0.0,0.0,0.0,0,0,0.3077150881290436,1.0,0
A2AV37AKRQZSYY:validation:B000NWX2W8,tail,,,0,0.0,0.0,0.0,0.0,0.0,0.0,0,0,0.3058922588825226,1.0,0
A2AVFX1X3IT9V:validation:B000MX7WBU,head,,,0,0.0,0.0,0.0,0.0,0.0,0.0,0,0,0.307450532913208,1.0,0
A2B0NL6SLV1UFN:validation:B004ORV2WK,head,,,0,0.0,0.0,0.0,0.0,0.0,0.0,0,0,0.30695244669914246,1.0,0
A2B9L1QW7U40HP:validation:B001JQY6K4,head,2,2,1,1.0,0.6309297535714575,1.0,1.0,0.6309297535714575,1.0,0,0,0.3135310411453247,1.0,0
A2BD4PA680QAY1:validation:B0013A5UCE,head,,,0,0.0,0.0,0.0,0.0,0.0,0.0,0,0,0.3070751130580902,1.0,0
A2BDRGW9JGPAIO:validation:B000HV2TY2,tail,,,0,0.0,0.0,0.0,0.0,0.0,0.0,0,0,0.3083895444869995,1.0,0
A2BL22NZRQOPMP:validation:B0002GZ60Q,tail,,,0,0.0,0.0,0.0,0.0,0.0,0.0,0,0,0.3130171298980713,1.0,0
A2BUY4CNII4YVY:validation:B008KHG2K2,tail,,,0,0.0,0.0,0.0,0.0,0.0,0.0,0,0,0.3439217805862427,1.0,0
A2CEUUD4H3JV8D:validation:B00CUK2OE8,tail,19,16,1,0.0,0.0,1.0,0.0,0.0,1.0,1,0,0.370134174823761,1.0,0
A2CI0XQUD9PB7H:validation:B008KDZO8M,head,6,4,1,1.0,0.3562071871080222,1.0,1.0,0.43067655807339306,1.0,1,0,0.34549498558044434,1.0,0
A2CLMUEHIAST0B:validation:B001KMRN0M,head,,,0,0.0,0.0,0.0,0.0,0.0,0.0,0,0,0.3074513077735901,1.0,0
A2CR0LFF066NMX:validation:B000GKD01K,head,27,23,1,0.0,0.0,1.0,0.0,0.0,1.0,1,0,0.3096257746219635,1.0,0
A2D0G3K909TSCH:validation:B004478GDS,tail,,,0,0.0,0.0,0.0,0.0,0.0,0.0,0,0,0.3078099489212036,1.0,0
A2DCL6G68IOL3B:validation:B007IG0TVO,tail,,,0,0.0,0.0,0.0,0.0,0.0,0.0,0,0,0.3085038959980011,1.0,0
A2DDVD6SPKZOZK:validation:B006ROJIQU,head,1,1,1,1.0,1.0,1.0,1.0,1.0,1.0,0,0,0.31012654304504395,1.0,0
A2DKLJW4YU3T22:validation:B004478GIS,head,8,8,1,1.0,0.31546487678572877,1.0,1.0,0.31546487678572877,1.0,0,0,0.3094998598098755,1.0,0
A2DKT40CKE40WK:validation:B007HE310I,head,,,0,0.0,0.0,0.0,0.0,0.0,0.0,0,0,0.3351325988769531,1.0,0
A2E26OVU36VFPE:validation:B009T45X82,head,,,0,0.0,0.0,0.0,0.0,0.0,0.0,0,0,0.3375929594039917,1.0,0
A2E5YZURTHJS6M:validation:B000212VH2,tail,,,0,0.0,0.0,0.0,0.0,0.0,0.0,0,0,0.30781131982803345,1.0,0
A2EA3GGW19OUKQ:validation:B0037UWNZU,tail,2,2,1,1.0,0.6309297535714575,1.0,1.0,0.6309297535714575,1.0,0,0,0.3701804280281067,1.0,0
A2EC95P5HY9NKG:validation:B00CNBS44I,tail,,,0,0.0,0.0,0.0,0.0,0.0,0.0,0,0,0.308976411819458,1.0,0
A2EOBMO837CASO:validation:B004R26KPG,tail,,,0,0.0,0.0,0.0,0.0,0.0,0.0,0,0,0.36797940731048584,1.0,0
A2F74QFHK9EWPK:validation:B008CO80SA,tail,,,0,0.0,0.0,0.0,0.0,0.0,0.0,0,0,0.3084280788898468,1.0,0
A2F7RHSW5XNO1F:validation:B000JLPAK0,head,,,0,0.0,0.0,0.0,0.0,0.0,0.0,0,0,0.3137039542198181,1.0,0
A2FGH1QKGHY912:validation:B009TCTENE,tail,,,0,0.0,0.0,0.0,0.0,0.0,0.0,0,0,0.309270977973938,1.0,0
A2FGJRITRBLLL3:validation:B008BEWV2W,tail,7,7,1,1.0,0.3333333333333333,1.0,1.0,0.3333333333333333,1.0,0,0,0.3693643808364868,1.0,0
A2FK6QTW5MU07B:validation:B000GYUYC4,tail,,,0,0.0,0.0,0.0,0.0,0.0,0.0,0,0,0.3054254949092865,1.0,0
A2FOKTH7IZX388:validation:B006WZOAWG,tail,,,0,0.0,0.0,0.0,0.0,0.0,0.0,0,0,0.3110056519508362,1.0,0
A2FXEXVNVY9YL8:validation:B003U0O3B4,head,22,21,1,0.0,0.0,1.0,0.0,0.0,1.0,1,0,0.31202131509780884,1.0,0
A2FYG48QLUP7V2:validation:B003EV6ID0,tail,,,0,0.0,0.0,0.0,0.0,0.0,0.0,0,0,0.30823785066604614,1.0,0
A2G3ZUQ89J1XM5:validation:B007XVYN4S,tail,36,47,1,0.0,0.0,1.0,0.0,0.0,1.0,1,0,0.3399207592010498,1.0,0
A2GGLF49OBBYW6:validation:B00804BCLY,tail,,,0,0.0,0.0,0.0,0.0,0.0,0.0,0,0,0.30612102150917053,1.0,0
A2GHPDLRMWL96C:validation:B00CAG5LJ2,tail,1,1,1,1.0,1.0,1.0,1.0,1.0,1.0,0,0,0.3154115676879883,1.0,0
A2GPTTAFPZYOT7:validation:B007YBEHIO,tail,,,0,0.0,0.0,0.0,0.0,0.0,0.0,0,0,0.36949846148490906,1.0,0
A2GTIFN18TRB3:validation:B00B5OK1AY,tail,,,0,0.0,0.0,0.0,0.0,0.0,0.0,0,0,0.36881402134895325,1.0,0
A2GY1YX6TQVJ0Q:validation:B007Q0OYO0,tail,,,0,0.0,0.0,0.0,0.0,0.0,0.0,0,0,0.3095826506614685,1.0,0
A2H33Z0FRL8DSS:validation:B00AWNUHB2,head,,,0,0.0,0.0,0.0,0.0,0.0,0.0,0,0,0.34245064854621887,1.0,0
A2H4KS3K0ZSF2V:validation:B0000WXGL8,head,36,36,1,0.0,0.0,1.0,0.0,0.0,1.0,0,0,0.308127224445343,1.0,0
A2H6TAQB5ZOQKJ:validation:B0012512U4,tail,,,0,0.0,0.0,0.0,0.0,0.0,0.0,0,0,0.31064558029174805,1.0,0
A2H7KI9ERGVCAJ:validation:B00B3Q6JGE,head,,93,1,0.0,0.0,0.0,0.0,0.0,0.0,1,0,0.31164517998695374,1.0,0
A2H7OV6LTO2RB:validation:B00A1T6RD4,tail,,,0,0.0,0.0,0.0,0.0,0.0,0.0,0,0,0.30344563722610474,1.0,0
A2HHNZCJ4V4T4H:validation:B00CS16KSU,tail,6,6,1,1.0,0.3562071871080222,1.0,1.0,0.3562071871080222,1.0,0,0,0.3368714451789856,1.0,0
A2HOZZ3GN6TE8G:validation:B007Q0OV2A,tail,,,0,0.0,0.0,0.0,0.0,0.0,0.0,0,0,0.3073795437812805,1.0,0
A2HPYHDPJJYI0L:validation:B001W03UXQ,tail,,,0,0.0,0.0,0.0,0.0,0.0,0.0,0,0,0.3092672824859619,1.0,0
A2HUTSNDG7DI3W:validation:B0026J7EEI,tail,,,0,0.0,0.0,0.0,0.0,0.0,0.0,0,0,0.30854666233062744,1.0,0
A2I13B2ZOZXAAP:validation:B003NUSGS2,head,,,0,0.0,0.0,0.0,0.0,0.0,0.0,0,0,0.30802345275878906,1.0,0
A2I5M4KTTHKLF4:validation:B0033RVDVC,head,,,0,0.0,0.0,0.0,0.0,0.0,0.0,0,0,0.3697330355644226,1.0,0
A2IB3HNNJ6MZA2:validation:B000068CKY,head,,,0,0.0,0.0,0.0,0.0,0.0,0.0,0,0,0.30870136618614197,1.0,0
A2IDL9AFN5VN8L:validation:B0037UT2CC,tail,,,0,0.0,0.0,0.0,0.0,0.0,0.0,0,0,0.36839497089385986,1.0,0
A2ITXSJ534WJP9:validation:B0002HWFBS,head,15,18,1,0.0,0.0,1.0,0.0,0.0,1.0,1,0,0.3329541087150574,1.0,0
A2IYX5W3A1N3VB:validation:B00DELN6F8,tail,,,0,0.0,0.0,0.0,0.0,0.0,0.0,0,0,0.30889877676963806,1.0,0
A2J6RBS2LN93JX:validation:B004USI7E4,tail,,,0,0.0,0.0,0.0,0.0,0.0,0.0,0,0,0.3101375699043274,1.0,0
A2J8W8QAMT5DXB:validation:B00204W5L6,tail,,,0,0.0,0.0,0.0,0.0,0.0,0.0,0,0,0.30730360746383667,1.0,0
A2JFVOMH2UE6VX:validation:B000BNFHBI,tail,,,0,0.0,0.0,0.0,0.0,0.0,0.0,0,0,0.34247246384620667,1.0,0
A2JG550V9O0FAA:validation:B003A7W02Q,tail,,,0,0.0,0.0,0.0,0.0,0.0,0.0,0,0,0.3040276765823364,1.0,0
A2JHOWEW1T7W9U:validation:B000068CKY,head,45,44,1,0.0,0.0,1.0,0.0,0.0,1.0,1,0,0.30486518144607544,1.0,0
A2JJ9U99F9A9WB:validation:B001BKX0V4,head,,,0,0.0,0.0,0.0,0.0,0.0,0.0,0,0,0.3100922703742981,1.0,0
A2JSY3YOGHHIYH:validation:B00F4WMAI4,head,12,12,1,0.0,0.0,1.0,0.0,0.0,1.0,0,0,0.335515558719635,1.0,0
A2JVIA9P648H6Y:validation:B00005C2KF,tail,,,0,0.0,0.0,0.0,0.0,0.0,0.0,0,0,0.3683335483074188,1.0,0
A2JYBTA1MHR0KA:validation:B00DQC2FPM,head,,,0,0.0,0.0,0.0,0.0,0.0,0.0,0,0,0.3049192726612091,1.0,0
A2K03ZJDDD6I3S:validation:B006O6FJ0A,head,,,0,0.0,0.0,0.0,0.0,0.0,0.0,0,0,0.33685803413391113,1.0,0
A2K0QLST7946WU:validation:B0002OH0YS,tail,,,0,0.0,0.0,0.0,0.0,0.0,0.0,0,0,0.31199949979782104,1.0,0
A2K1D18BA18J4Y:validation:B00312NELG,tail,1,1,1,1.0,1.0,1.0,1.0,1.0,1.0,0,0,0.3066723942756653,1.0,0
A2K2GCBWN3UI93:validation:B001BKX0V4,head,,,0,0.0,0.0,0.0,0.0,0.0,0.0,0,0,0.30775880813598633,1.0,0
A2K3RSOH1HM6H7:validation:B00850NO8M,tail,,,0,0.0,0.0,0.0,0.0,0.0,0.0,0,0,0.33810967206954956,1.0,0
A2KPKCPCO9O2HP:validation:B00ARQW1E0,head,,,0,0.0,0.0,0.0,0.0,0.0,0.0,0,0,0.31282901763916016,1.0,0
A2KQT4D0OZR569:validation:B00B6BR55U,head,,,0,0.0,0.0,0.0,0.0,0.0,0.0,0,0,0.3049566149711609,1.0,0
A2KT9BFTNDXZVT:validation:B004DEULGC,tail,,74,1,0.0,0.0,0.0,0.0,0.0,0.0,1,0,0.3357570767402649,1.0,0
A2KWE2ZM1EEBGJ:validation:B00FJ5UQI2,tail,,,0,0.0,0.0,0.0,0.0,0.0,0.0,0,0,0.31268152594566345,1.0,0
A2L3IUBO981QOM:validation:B005AW0RNS,tail,,,0,0.0,0.0,0.0,0.0,0.0,0.0,0,0,0.321705162525177,1.0,0
A2L9TCA2TJHATD:validation:B00804BCLY,tail,,,0,0.0,0.0,0.0,0.0,0.0,0.0,0,0,0.3066326379776001,1.0,0
A2LB4FLRZG6CUV:validation:B005XTLIEU,tail,,,0,0.0,0.0,0.0,0.0,0.0,0.0,0,0,0.31170129776000977,1.0,0
A2LEMTCGEU48KV:validation:B007U7M0WM,head,9,7,1,1.0,0.3010299956639812,1.0,1.0,0.3333333333333333,1.0,1,0,0.3235399127006531,1.0,0
A2LIH5ZPOC8JO9:validation:B0019MQD72,tail,,,0,0.0,0.0,0.0,0.0,0.0,0.0,0,0,0.3697146773338318,1.0,0
A2LSQ7QI6TC28V:validation:B004ZAKXIU,tail,,,0,0.0,0.0,0.0,0.0,0.0,0.0,0,0,0.33444344997406006,1.0,0
A2M0RGVSV6YCMZ:validation:B007G84MLM,head,,,0,0.0,0.0,0.0,0.0,0.0,0.0,0,0,0.3072687089443207,1.0,0
A2M1863O652DNZ:validation:B0027VROWC,tail,,,0,0.0,0.0,0.0,0.0,0.0,0.0,0,0,0.3427528142929077,1.0,0
A2M5UCZZGTTQMQ:validation:B007CEK5MK,head,,,0,0.0,0.0,0.0,0.0,0.0,0.0,0,0,0.36903101205825806,1.0,0
A2M9G0WW3MVB7S:validation:B004Q6IDP8,tail,,,0,0.0,0.0,0.0,0.0,0.0,0.0,0,0,0.31094691157341003,1.0,0
A2MBBVZA3GKXJZ:validation:B002M78DRQ,head,,,0,0.0,0.0,0.0,0.0,0.0,0.0,0,0,0.36883997917175293,1.0,0
A2MCJ3ZRL9C34E:validation:B00CN8AGA6,tail,,,0,0.0,0.0,0.0,0.0,0.0,0.0,0,0,0.3092229962348938,1.0,0
A2MIY74A2RO97E:validation:B000EULXG6,tail,,,0,0.0,0.0,0.0,0.0,0.0,0.0,0,0,0.310589462518692,1.0,0
A2MJP5Z2U69REM:validation:B006WZOA30,tail,1,1,1,1.0,1.0,1.0,1.0,1.0,1.0,0,0,0.3351561427116394,1.0,0
A2MP64BBXR0E63:validation:B007CFCXRO,tail,,,0,0.0,0.0,0.0,0.0,0.0,0.0,0,0,0.30841147899627686,1.0,0
A2MPM6M93OXIJT:validation:B0087RV2KK,tail,,,0,0.0,0.0,0.0,0.0,0.0,0.0,0,0,0.31352218985557556,1.0,0
A2MYOS47IQVCMN:validation:B0037W5Y2W,head,23,19,1,0.0,0.0,1.0,0.0,0.0,1.0,1,0,0.3119138181209564,1.0,0
A2N4ITQJG55ERI:validation:B00AJCNIOO,tail,,,0,0.0,0.0,0.0,0.0,0.0,0.0,0,0,0.30943840742111206,1.0,0
A2N60M7SVP445L:validation:B0032EKAJ2,head,,,0,0.0,0.0,0.0,0.0,0.0,0.0,0,0,0.30782783031463623,1.0,0
A2N715689IJJXZ:validation:B000FA6APE,tail,,,0,0.0,0.0,0.0,0.0,0.0,0.0,0,0,0.30920344591140747,1.0,0
A2NBLG314SMFLB:validation:B007TG2POM,tail,,,0,0.0,0.0,0.0,0.0,0.0,0.0,0,0,0.33937615156173706,1.0,0
A2NBRQWA4ZR3C0:validation:B00DQC2FPM,head,,,0,0.0,0.0,0.0,0.0,0.0,0.0,0,0,0.3401080369949341,1.0,0
A2NCPABI8G208V:validation:B006CC12YI,head,,,0,0.0,0.0,0.0,0.0,0.0,0.0,0,0,0.31052106618881226,1.0,0
A2NRFOEF4EOYEE:validation:B006O6F932,head,10,8,1,1.0,0.2890648263178879,1.0,1.0,0.31546487678572877,1.0,1,0,0.30867594480514526,1.0,0
A2O921Z7ROJNXP:validation:B004J30ZDQ,head,,,0,0.0,0.0,0.0,0.0,0.0,0.0,0,0,0.31584393978118896,1.0,0
A2OAJTCPJX2WNR:validation:B004QH21HI,tail,,,0,0.0,0.0,0.0,0.0,0.0,0.0,0,0,0.30769431591033936,1.0,0
A2OBMHANVHK0MI:validation:B00DKCHZA8,tail,,,0,0.0,0.0,0.0,0.0,0.0,0.0,0,0,0.37054678797721863,1.0,0
A2OD1JLZEBG380:validation:B007YCLXTY,tail,,,0,0.0,0.0,0.0,0.0,0.0,0.0,0,0,0.34268897771835327,1.0,0
A2OHQ42JSU8ZAZ:validation:B0084AYQJE,tail,,,0,0.0,0.0,0.0,0.0,0.0,0.0,0,0,0.3154517412185669,1.0,0
A2OXB18PCWKLX1:validation:B005PO8SX2,tail,19,19,1,0.0,0.0,1.0,0.0,0.0,1.0,0,0,0.3095845580101013,1.0,0
A2P6A9FQA6D0SY:validation:B00ATWUE1O,head,,,0,0.0,0.0,0.0,0.0,0.0,0.0,0,0,0.3095834255218506,1.0,0
A2PAA7HMWV76F0:validation:B0006JKE56,tail,,,0,0.0,0.0,0.0,0.0,0.0,0.0,0,0,0.30773526430130005,1.0,0
A2PACL8OE1P8TF:validation:B006WZJEKO,tail,,,0,0.0,0.0,0.0,0.0,0.0,0.0,0,0,0.31023502349853516,1.0,0
A2PAVURT4NOHE1:validation:B00DPK11ZA,head,,,0,0.0,0.0,0.0,0.0,0.0,0.0,0,0,0.3679165244102478,1.0,0
A2PQTHQYGSY4KL:validation:B00B1JLA76,tail,1,1,1,1.0,1.0,1.0,1.0,1.0,1.0,0,0,0.3088505268096924,1.0,0
A2Q1L1DVG9LOOS:validation:B0008GMGZ8,head,,,0,0.0,0.0,0.0,0.0,0.0,0.0,0,0,0.3103726804256439,1.0,0
A2Q41CXSZ9X01O:validation:B004S8F7QM,head,3,2,1,1.0,0.5,1.0,1.0,0.6309297535714575,1.0,1,0,0.34080177545547485,1.0,0
A2Q51J1G7QZCQE:validation:B004N4XV1Y,head,,,0,0.0,0.0,0.0,0.0,0.0,0.0,0,0,0.3125544786453247,1.0,0
A2Q51NLMN4TRP1:validation:B003IX8GDE,tail,,,0,0.0,0.0,0.0,0.0,0.0,0.0,0,0,0.3091318607330322,1.0,0
A2Q6UWR5PBHTJS:validation:B004MWBGOG,tail,,,0,0.0,0.0,0.0,0.0,0.0,0.0,0,0,0.3086211681365967,1.0,0
A2Q89ATW86PP8X:validation:B00EWS9F7A,tail,,,0,0.0,0.0,0.0,0.0,0.0,0.0,0,0,0.31164538860321045,1.0,0
A2QCE7L6GRE3MT:validation:B00EDBZ0L6,head,22,20,1,0.0,0.0,1.0,0.0,0.0,1.0,1,0,0.3323240578174591,1.0,0
A2QKO1VY7B9RLD:validation:B004XUJCR0,tail,35,34,1,0.0,0.0,1.0,0.0,0.0,1.0,1,0,0.30720430612564087,1.0,0
A2QLXHK0MIMWTI:validation:B00CAVTMHO,tail,20,16,1,0.0,0.0,1.0,0.0,0.0,1.0,1,0,0.3069912791252136,1.0,0
A2QWCKAJO73WE6:validation:B00A8UT5TY,head,,,0,0.0,0.0,0.0,0.0,0.0,0.0,0,0,0.30680060386657715,1.0,0
A2QX8TFZDY42K1:validation:B0037Z8DEK,head,,,0,0.0,0.0,0.0,0.0,0.0,0.0,0,0,0.31725889444351196,1.0,0
A2RAHVQXI12VGA:validation:B000PC51LQ,tail,,,0,0.0,0.0,0.0,0.0,0.0,0.0,0,0,0.3062620759010315,1.0,0
A2RBBS5KJNYAOX:validation:B000RMZSYE,head,,,0,0.0,0.0,0.0,0.0,0.0,0.0,0,0,0.3715443015098572,1.0,0
A2RFN9B7U7DGK1:validation:B007HZ9S7C,head,,,0,0.0,0.0,0.0,0.0,0.0,0.0,0,0,0.3122865557670593,1.0,0
A2RINDV38720WI:validation:B00840L9EY,tail,,,0,0.0,0.0,0.0,0.0,0.0,0.0,0,0,0.3100399971008301,1.0,0
A2RIPAQSNWI6B2:validation:B008RBH156,tail,,,0,0.0,0.0,0.0,0.0,0.0,0.0,0,0,0.3094540238380432,1.0,0
A2RMD12V8QKV1E:validation:B00005JS7E,head,,,0,0.0,0.0,0.0,0.0,0.0,0.0,0,0,0.3341734707355499,1.0,0
A2RUHXK45RYEJM:validation:B009TCYJP2,tail,,,0,0.0,0.0,0.0,0.0,0.0,0.0,0,0,0.3711788058280945,1.0,0
A2RZCNXMHFUUS6:validation:B004T6U006,tail,,,0,0.0,0.0,0.0,0.0,0.0,0.0,0,0,0.36817458271980286,1.0,0
A2S3P1SFNAVXUU:validation:B00CYFFQEE,tail,,,0,0.0,0.0,0.0,0.0,0.0,0.0,0,0,0.3098301291465759,1.0,0
A2S4YZWQ8VJPXN:validation:B005BP5UVI,tail,,,0,0.0,0.0,0.0,0.0,0.0,0.0,0,0,0.3692842125892639,1.0,0
A2SAKBTBTR2BNB:validation:B00000IVAK,head,,,0,0.0,0.0,0.0,0.0,0.0,0.0,0,0,0.3083295226097107,1.0,0
A2SHZMQIIFYYGW:validation:B00421AGHA,head,,,0,0.0,0.0,0.0,0.0,0.0,0.0,0,0,0.3088929057121277,1.0,0
A2SOKHEHOGE1GH:validation:B004SGS9X2,head,,,0,0.0,0.0,0.0,0.0,0.0,0.0,0,0,0.36858224868774414,1.0,0
A2SYYT7NP9H953:validation:B0015YV6GW,tail,,,0,0.0,0.0,0.0,0.0,0.0,0.0,0,0,0.3096829056739807,1.0,0
A2TA40MV2H4O6F:validation:B000OV0X34,tail,,,0,0.0,0.0,0.0,0.0,0.0,0.0,0,0,0.3069484829902649,1.0,0
A2TF4KSCMJHMVF:validation:B000O12DLE,tail,,,0,0.0,0.0,0.0,0.0,0.0,0.0,0,0,0.368672251701355,1.0,0
A2TJSDKB71NJAT:validation:B0089CH2YI,tail,,,0,0.0,0.0,0.0,0.0,0.0,0.0,0,0,0.3109683692455292,1.0,0
A2U98CI8NMQL4O:validation:B0088260TC,head,,,0,0.0,0.0,0.0,0.0,0.0,0.0,0,0,0.3703111410140991,1.0,0
A2UFYJQMZZULKI:validation:B008FSCGFQ,tail,26,23,1,0.0,0.0,1.0,0.0,0.0,1.0,1,0,0.33701592683792114,1.0,0
A2UJ651ABZP41G:validation:B008LQXR82,head,,,0,0.0,0.0,0.0,0.0,0.0,0.0,0,0,0.3070859909057617,1.0,0
A2UODVT7DD3QCP:validation:B005JR5V8A,tail,6,8,1,1.0,0.3562071871080222,1.0,1.0,0.31546487678572877,1.0,1,0,0.37108027935028076,1.0,0
A2UQUD34YN2WE6:validation:B005WYFLNU,head,2,3,1,1.0,0.6309297535714575,1.0,1.0,0.5,1.0,1,0,0.30743420124053955,1.0,0
A2URD460P4XY10:validation:B001JQLJJA,tail,,,0,0.0,0.0,0.0,0.0,0.0,0.0,0,0,0.3140057921409607,1.0,0
A2USMIT2CSA08:validation:B0009K3116,head,,,0,0.0,0.0,0.0,0.0,0.0,0.0,0,0,0.310019314289093,1.0,0
A2UTSMVJ8C303X:validation:B003A6IGLG,tail,,,0,0.0,0.0,0.0,0.0,0.0,0.0,0,0,0.30862686038017273,1.0,0
A2UXXMQGSUZ1PB:validation:B000UOCVDK,head,,,0,0.0,0.0,0.0,0.0,0.0,0.0,0,0,0.3115554451942444,1.0,0
A2V7OMGASX4A3Q:validation:B007IG0UB8,head,,,0,0.0,0.0,0.0,0.0,0.0,0.0,0,0,0.3108205199241638,1.0,0
A2VA3FJ80Q3I1E:validation:B00840LCB4,tail,,,0,0.0,0.0,0.0,0.0,0.0,0.0,0,0,0.3086543679237366,1.0,0
A2VBTN6ZR67YOF:validation:B007EA4UBY,head,,,0,0.0,0.0,0.0,0.0,0.0,0.0,0,0,0.33429524302482605,1.0,0
A2VH0UT5EQFB6P:validation:B00DELN6F8,tail,,,0,0.0,0.0,0.0,0.0,0.0,0.0,0,0,0.3350507616996765,1.0,0
A2VNUI9CZ49FTR:validation:0786958731,head,,,0,0.0,0.0,0.0,0.0,0.0,0.0,0,0,0.3349452614784241,1.0,0
A2VWE5SGNDS8HW:validation:B00G69QBA2,tail,,,0,0.0,0.0,0.0,0.0,0.0,0.0,0,0,0.30679500102996826,1.0,0
A2VXI950XOB9Q:validation:B000067NXE,head,,,0,0.0,0.0,0.0,0.0,0.0,0.0,0,0,0.3056235909461975,1.0,0
A2VYWKKTV695ER:validation:B00DGQP6MW,tail,1,1,1,1.0,1.0,1.0,1.0,1.0,1.0,0,0,0.3606122136116028,1.0,0
A2W5EPWH46DUCL:validation:B0007WX0IK,tail,,,0,0.0,0.0,0.0,0.0,0.0,0.0,0,0,0.3086938261985779,1.0,0
A2WA77NGFFLUGN:validation:B004617DEU,head,,,0,0.0,0.0,0.0,0.0,0.0,0.0,0,0,0.31160587072372437,1.0,0
A2WCIU7YBVSBHC:validation:B00008BFZH,head,,,0,0.0,0.0,0.0,0.0,0.0,0.0,0,0,0.3084990978240967,1.0,0
A2WJH1QD0M9X51:validation:B00ARQW0YG,head,,,0,0.0,0.0,0.0,0.0,0.0,0.0,0,0,0.3073278069496155,1.0,0
A2WKX9G7UIUE7S:validation:B007FLQ394,tail,8,6,1,1.0,0.31546487678572877,1.0,1.0,0.3562071871080222,1.0,1,0,0.30700501799583435,1.0,0
A2WOH395IHGS0T:validation:B0089U3VDQ,tail,,,0,0.0,0.0,0.0,0.0,0.0,0.0,0,0,0.30736154317855835,1.0,0
A2WP8B9T3X61P0:validation:B00CS0F0IM,head,31,29,1,0.0,0.0,1.0,0.0,0.0,1.0,1,0,0.3413630723953247,1.0,0
A2WQUUA4JM9ZK5:validation:B000641DPQ,head,,,0,0.0,0.0,0.0,0.0,0.0,0.0,0,0,0.33650025725364685,1.0,0
A2X5BBZYZK5UID:validation:B005VPRDAY,head,,,0,0.0,0.0,0.0,0.0,0.0,0.0,0,0,0.3092401623725891,1.0,0
A2X7C89I7YRX1O:validation:B00A8O86VI,tail,,,0,0.0,0.0,0.0,0.0,0.0,0.0,0,0,0.3060067892074585,1.0,0
A2X7FCZP3ESM4U:validation:B004PBN9BC,head,13,12,1,0.0,0.0,1.0,0.0,0.0,1.0,1,0,0.3088396191596985,1.0,0
A2X9PEXA90O7ZU:validation:B006ROUF8K,tail,,,0,0.0,0.0,0.0,0.0,0.0,0.0,0,0,0.30611804127693176,1.0,0
A2XBE812RSFZO7:validation:B00BQYQYMW,head,1,1,1,1.0,1.0,1.0,1.0,1.0,1.0,0,0,0.3110935688018799,1.0,0
A2XHG3BCDID0HD:validation:B000I3JAAU,tail,,,0,0.0,0.0,0.0,0.0,0.0,0.0,0,0,0.306668758392334,1.0,0
A2XJF57IUWGIO6:validation:B0038ZVPFI,head,,,0,0.0,0.0,0.0,0.0,0.0,0.0,0,0,0.3072732388973236,1.0,0
A2XJZ3PB7NQ0DD:validation:B00270WHQG,tail,12,12,1,0.0,0.0,1.0,0.0,0.0,1.0,0,0,0.31029531359672546,1.0,0
A2Y2T7UTIGG1GJ:validation:B000G334Z4,head,,,0,0.0,0.0,0.0,0.0,0.0,0.0,0,0,0.3099685311317444,1.0,0
A2Y64451CQW6BO:validation:B0009V89IK,head,,,0,0.0,0.0,0.0,0.0,0.0,0.0,0,0,0.3346552848815918,1.0,0
A2YCJZJVP48AL7:validation:B008ZUGOAW,tail,,,0,0.0,0.0,0.0,0.0,0.0,0.0,0,0,0.3066055178642273,1.0,0
A2YCUCEYXT9VHX:validation:B00CRZXUZI,head,22,26,1,0.0,0.0,1.0,0.0,0.0,1.0,1,0,0.3179279565811157,1.0,0
A2YFAHRCIBKQ5Q:validation:B000EQHK30,tail,,,0,0.0,0.0,0.0,0.0,0.0,0.0,0,0,0.36916473507881165,1.0,0
A2YFJ7B70DQM26:validation:B00G8JECSI,tail,,,0,0.0,0.0,0.0,0.0,0.0,0.0,0,0,0.3345664143562317,1.0,0
A2YIE3VQ9WSZ1:validation:B008DBZBUC,head,,,0,0.0,0.0,0.0,0.0,0.0,0.0,0,0,0.3103237450122833,1.0,0
A2YZA9P0YQLOO:validation:B0015AM26E,head,,,0,0.0,0.0,0.0,0.0,0.0,0.0,0,0,0.3690064549446106,1.0,0
A2Z0FENR7I74TF:validation:B004S8F7QM,head,,,0,0.0,0.0,0.0,0.0,0.0,0.0,0,0,0.33048444986343384,1.0,0
A2Z1KFXOV2T39P:validation:B00CHFOZN4,tail,,,0,0.0,0.0,0.0,0.0,0.0,0.0,0,0,0.33617761731147766,1.0,0
A2Z5QL9U7YU99R:validation:B00295WCJQ,head,,,0,0.0,0.0,0.0,0.0,0.0,0.0,0,0,0.3099629282951355,1.0,0
A2ZA90C41S2J7M:validation:B0017SOR6M,tail,,,0,0.0,0.0,0.0,0.0,0.0,0.0,0,0,0.31159424781799316,1.0,0
A2ZB8B7VQONZA6:validation:B00EY2706C,head,,,0,0.0,0.0,0.0,0.0,0.0,0.0,0,0,0.36993932723999023,1.0,0
A2ZFX77RLYNYFE:validation:B00F9F6OVK,head,2,3,1,1.0,0.6309297535714575,1.0,1.0,0.5,1.0,1,0,0.34989506006240845,1.0,0
A2ZHBM7CAZY7VQ:validation:B00C58ZRPS,tail,30,26,1,0.0,0.0,1.0,0.0,0.0,1.0,1,0,0.30921047925949097,1.0,0
A2ZRYWFYQBVOQ2:validation:B008VTLRH2,tail,1,1,1,1.0,1.0,1.0,1.0,1.0,1.0,0,0,0.3468530476093292,1.0,0
A301C5BMVPARCW:validation:B00486ZVC4,head,39,39,1,0.0,0.0,1.0,0.0,0.0,1.0,0,0,0.3685801923274994,1.0,0
A302C4H5KWW1ET:validation:B004S8F7QM,head,17,15,1,0.0,0.0,1.0,0.0,0.0,1.0,1,0,0.3079547882080078,1.0,0
A303SNZ4AR7TDQ:validation:B0002UP0IA,head,20,17,1,0.0,0.0,1.0,0.0,0.0,1.0,1,0,0.3045317828655243,1.0,0
A309CYRJJNFMDG:validation:B006CDDW4A,head,,,0,0.0,0.0,0.0,0.0,0.0,0.0,0,0,0.3080884516239166,1.0,0
A30EPFRLFA5P92:validation:B003EIK136,head,2,2,1,1.0,0.6309297535714575,1.0,1.0,0.6309297535714575,1.0,0,0,0.31236985325813293,1.0,0
A30GTZH70APRZQ:validation:B006OBIUVU,tail,19,46,1,0.0,0.0,1.0,0.0,0.0,1.0,1,0,0.3705695867538452,1.0,0
A30KBJ77PO1GE6:validation:B00592BOAO,head,8,7,1,1.0,0.31546487678572877,1.0,1.0,0.3333333333333333,1.0,1,0,0.3202778100967407,1.0,0
A30WCQDBLY7G64:validation:B005PYJY8K,tail,,,0,0.0,0.0,0.0,0.0,0.0,0.0,0,0,0.33440935611724854,1.0,0
A30WJTVY82MRGF:validation:B0039S7NO6,head,7,7,1,1.0,0.3333333333333333,1.0,1.0,0.3333333333333333,1.0,0,0,0.30825451016426086,1.0,0
A30XTS8V9R5Q2Z:validation:B004IGAWNW,tail,3,3,1,1.0,0.5,1.0,1.0,0.5,1.0,0,0,0.31337156891822815,1.0,0
A30ZWN9BCMHJRK:validation:B00CZ3F3J8,tail,,,0,0.0,0.0,0.0,0.0,0.0,0.0,0,0,0.30809757113456726,1.0,0
A315QZJ3XH5V8E:validation:B00B3U7SMO,head,,,0,0.0,0.0,0.0,0.0,0.0,0.0,0,0,0.31048446893692017,1.0,0
A31HE83MU98GBV:validation:B00FJ5UQI2,tail,,,0,0.0,0.0,0.0,0.0,0.0,0.0,0,0,0.3080826997756958,1.0,0
A31HR32Y8GPWX7:validation:B0077NCEXE,head,,,0,0.0,0.0,0.0,0.0,0.0,0.0,0,0,0.37035661935806274,1.0,0
A31JAG3BU2LQTU:validation:B00ARQW1C2,head,,,0,0.0,0.0,0.0,0.0,0.0,0.0,0,0,0.3696083426475525,1.0,0
A31YSTICHFYN7O:validation:B00IM8W12M,tail,,,0,0.0,0.0,0.0,0.0,0.0,0.0,0,0,0.3687722086906433,1.0,0
A322607AHOM6VW:validation:B009T45XDW,head,,,0,0.0,0.0,0.0,0.0,0.0,0.0,0,0,0.3068459928035736,1.0,0
A32C7DE412UMF9:validation:B00DUB6RVW,tail,,,0,0.0,0.0,0.0,0.0,0.0,0.0,0,0,0.36962175369262695,1.0,0
A32EE6MEWM9MO2:validation:B005EVC1GQ,tail,1,1,1,1.0,1.0,1.0,1.0,1.0,1.0,0,0,0.3491300940513611,1.0,0
A32P4GUDL2CHQN:validation:B005P04FVK,tail,,86,1,0.0,0.0,0.0,0.0,0.0,0.0,1,0,0.3435038626194,1.0,0
A32U5ABXXRK8K6:validation:B00BQYQYKY,head,,,0,0.0,0.0,0.0,0.0,0.0,0.0,0,0,0.3697246015071869,1.0,0
A32VR3YXPR7KT:validation:B002BH4U56,tail,8,89,1,1.0,0.31546487678572877,1.0,0.0,0.0,0.0,1,1,0.3540199100971222,1.0,0
A3338ZNGHUQY3:validation:B007FT7GX8,tail,,,0,0.0,0.0,0.0,0.0,0.0,0.0,0,0,0.31069639325141907,1.0,0
A333IQELFFA4Z6:validation:B0083TXXIQ,head,,,0,0.0,0.0,0.0,0.0,0.0,0.0,0,0,0.31011950969696045,1.0,0
A339HDLOBRS67T:validation:B0042RTZRG,tail,,,0,0.0,0.0,0.0,0.0,0.0,0.0,0,0,0.3086005449295044,1.0,0
A33F3IYSNKDD5L:validation:B0038I6R2Q,tail,30,46,1,0.0,0.0,1.0,0.0,0.0,1.0,1,0,0.3102472126483917,1.0,0
A33Q2O6FQK65EK:validation:B000PXVO7A,tail,,,0,0.0,0.0,0.0,0.0,0.0,0.0,0,0,0.310043066740036,1.0,0
A33QHLONBZCKYC:validation:B004083ELK,head,19,19,1,0.0,0.0,1.0,0.0,0.0,1.0,0,0,0.31661295890808105,1.0,0
A347HKYGQV3YMB:validation:B009DQGLFA,tail,,,0,0.0,0.0,0.0,0.0,0.0,0.0,0,0,0.31150609254837036,1.0,0
A34KBVWA917R7G:validation:B002ZZTUCW,tail,,,0,0.0,0.0,0.0,0.0,0.0,0.0,0,0,0.3090689778327942,1.0,0
A34KV7MFHU6SS1:validation:B009VKM5BC,tail,3,3,1,1.0,0.5,1.0,1.0,0.5,1.0,0,0,0.31076374650001526,1.0,0
A357B1R6P3TSKI:validation:B000OCEWGW,head,,,0,0.0,0.0,0.0,0.0,0.0,0.0,0,0,0.30632972717285156,1.0,0
A358YXS5OL4LRY:validation:B006OG75ES,tail,,,0,0.0,0.0,0.0,0.0,0.0,0.0,0,0,0.36929038166999817,1.0,0
A35DH6LV5HAGK7:validation:B0047E5EMY,tail,18,16,1,0.0,0.0,1.0,0.0,0.0,1.0,1,0,0.3690509796142578,1.0,0
A35LOMHVJ7YDHM:validation:B0042T8GR4,head,8,10,1,1.0,0.31546487678572877,1.0,1.0,0.2890648263178879,1.0,1,0,0.3127893805503845,1.0,0
A35N09WUHQCM66:validation:B001R6AS1M,tail,,,0,0.0,0.0,0.0,0.0,0.0,0.0,0,0,0.3100186586380005,1.0,0
A35TR1Z43R2VCN:validation:B00486ZVC4,head,,,0,0.0,0.0,0.0,0.0,0.0,0.0,0,0,0.30660563707351685,1.0,0
A365PBEOWM7EI7:validation:B009NIMG1Q,tail,,,0,0.0,0.0,0.0,0.0,0.0,0.0,0,0,0.3683706223964691,1.0,0
A36C1ZI5JRLMC8:validation:B001UEWH9W,head,,,0,0.0,0.0,0.0,0.0,0.0,0.0,0,0,0.3146288990974426,1.0,0
A36JK2BSXS0U43:validation:B004UTVVEG,head,,,0,0.0,0.0,0.0,0.0,0.0,0.0,0,0,0.3059312701225281,1.0,0
A36N6W82K3X283:validation:B005EIT73Y,tail,,,0,0.0,0.0,0.0,0.0,0.0,0.0,0,0,0.3063865900039673,1.0,0
A36V0ID0XVBW10:validation:B009WLPEJA,tail,,,0,0.0,0.0,0.0,0.0,0.0,0.0,0,0,0.3103504776954651,1.0,0
A36Y7X194VWVKA:validation:B007FSJ0G0,tail,,,0,0.0,0.0,0.0,0.0,0.0,0.0,0,0,0.30558663606643677,1.0,0
A37190UWPGFNWB:validation:B00AHAJGXU,tail,,,0,0.0,0.0,0.0,0.0,0.0,0.0,0,0,0.30962398648262024,1.0,0
A37D2TGTIXRV2N:validation:B00C74HWVC,tail,,,0,0.0,0.0,0.0,0.0,0.0,0.0,0,0,0.30779701471328735,1.0,0
A37D9P5KS7DBB2:validation:B0013BA028,tail,,,0,0.0,0.0,0.0,0.0,0.0,0.0,0,0,0.3111896812915802,1.0,0
A37IOOK9CVRBND:validation:B00134O7RE,tail,,,0,0.0,0.0,0.0,0.0,0.0,0.0,0,0,0.3077393174171448,1.0,0
A37U4HM0UG7FQ0:validation:B002JSM3KQ,head,,,0,0.0,0.0,0.0,0.0,0.0,0.0,0,0,0.31186848878860474,1.0,0
A37XMVPPLR0XSA:validation:B00004SDAP,tail,,,0,0.0,0.0,0.0,0.0,0.0,0.0,0,0,0.36872991919517517,1.0,0
A3819RMETUCJAT:validation:B004ORV2O8,head,21,20,1,0.0,0.0,1.0,0.0,0.0,1.0,1,0,0.3066030740737915,1.0,0
A38303EZTU9180:validation:B00428LJ0G,head,,,0,0.0,0.0,0.0,0.0,0.0,0.0,0,0,0.31009531021118164,1.0,0
A384HAQMS7XRZ4:validation:B009VE38D2,tail,,,0,0.0,0.0,0.0,0.0,0.0,0.0,0,0,0.33090561628341675,1.0,0
A387LIF56SJ46Y:validation:B00712NTWQ,head,1,1,1,1.0,1.0,1.0,1.0,1.0,1.0,0,0,0.3066926598548889,1.0,0
A389ETATM8APUA:validation:B001URW7ZI,tail,,,0,0.0,0.0,0.0,0.0,0.0,0.0,0,0,0.3088464140892029,1.0,0
A38APC0FWN1XHC:validation:B003FPW492,tail,,,0,0.0,0.0,0.0,0.0,0.0,0.0,0,0,0.31025105714797974,1.0,0
A38GU9H5BP8E5N:validation:B0048EKSM4,tail,,,0,0.0,0.0,0.0,0.0,0.0,0.0,0,0,0.3096981942653656,1.0,0
A38P3PPW3JXA3E:validation:B006HCVT5A,tail,,56,1,0.0,0.0,0.0,0.0,0.0,0.0,1,0,0.30930081009864807,1.0,0
A38QHZEEYZKT27:validation:B00E5UP64Q,head,,,0,0.0,0.0,0.0,0.0,0.0,0.0,0,0,0.30926230549812317,1.0,0
A38T4Y1ZF8DOXG:validation:B002NXU0BG,tail,,,0,0.0,0.0,0.0,0.0,0.0,0.0,0,0,0.37007400393486023,1.0,0
A38XG4VT9BNL8P:validation:B008INWXE2,tail,,,0,0.0,0.0,0.0,0.0,0.0,0.0,0,0,0.30984699726104736,1.0,0
A397CWU6DM3O5G:validation:B00DJLUPH0,tail,,,0,0.0,0.0,0.0,0.0,0.0,0.0,0,0,0.30829450488090515,1.0,0
A398R165PXFOSS:validation:B00EDBY8BO,tail,,,0,0.0,0.0,0.0,0.0,0.0,0.0,0,0,0.30831247568130493,1.0,0
A39JU6OLEL45SW:validation:B000066SW0,head,,,0,0.0,0.0,0.0,0.0,0.0,0.0,0,0,0.3074997663497925,1.0,0
A39KOJG83K8F1U:validation:B00BQYQYHC,head,,,0,0.0,0.0,0.0,0.0,0.0,0.0,0,0,0.3427305221557617,1.0,0
A39V7QD350BKYA:validation:B000062SRJ,tail,,,0,0.0,0.0,0.0,0.0,0.0,0.0,0,0,0.3072500228881836,1.0,0
A39VM3SAUME9VV:validation:B0076VIZBW,tail,,,0,0.0,0.0,0.0,0.0,0.0,0.0,0,0,0.30841854214668274,1.0,0
A39YALCMZM8UMG:validation:B004EK5A4I,tail,,,0,0.0,0.0,0.0,0.0,0.0,0.0,0,0,0.3404126763343811,1.0,0
A3A2IQ708YC7I6:validation:B000XDSWRC,head,6,4,1,1.0,0.3562071871080222,1.0,1.0,0.43067655807339306,1.0,1,0,0.37019020318984985,1.0,0
A3A3QC4EIPRXRG:validation:B00GUABROM,tail,,,0,0.0,0.0,0.0,0.0,0.0,0.0,0,0,0.3701014220714569,1.0,0
A3A88QAJUN7Z8A:validation:B000E0DYOU,tail,,,0,0.0,0.0,0.0,0.0,0.0,0.0,0,0,0.3082590699195862,1.0,0
A3A93JDI1CFDI1:validation:B004ORV2O8,head,,,0,0.0,0.0,0.0,0.0,0.0,0.0,0,0,0.3072383999824524,1.0,0
A3AAVHBXFTMVQ0:validation:B00CX5XCUK,tail,1,1,1,1.0,1.0,1.0,1.0,1.0,1.0,0,0,0.36916375160217285,1.0,0
A3ABJSVC8V9EN0:validation:B0057VQVL4,tail,,,0,0.0,0.0,0.0,0.0,0.0,0.0,0,0,0.3684457540512085,1.0,0
A3ADCJ4EGEDI4Q:validation:B0053FKER6,tail,,,0,0.0,0.0,0.0,0.0,0.0,0.0,0,0,0.3065328598022461,1.0,0
A3AEU40BKAYDDM:validation:B0027UTT1M,tail,,,0,0.0,0.0,0.0,0.0,0.0,0.0,0,0,0.30731332302093506,1.0,0
A3AG9GORY14GR6:validation:B00068Q7LC,head,43,41,1,0.0,0.0,1.0,0.0,0.0,1.0,1,0,0.3075414299964905,1.0,0
A3AKCTB8XJPCKY:validation:B009PLLF9K,head,10,9,1,1.0,0.2890648263178879,1.0,1.0,0.3010299956639812,1.0,1,0,0.30997002124786377,1.0,0
A3AZUPKAO4UPI0:validation:B000O7KR0W,head,1,1,1,1.0,1.0,1.0,1.0,1.0,1.0,0,0,0.3129720687866211,1.0,0
A3B620VGG3J6ZP:validation:B00CI6J3HA,head,,,0,0.0,0.0,0.0,0.0,0.0,0.0,0,0,0.3121010661125183,1.0,0
A3C054MLV3GT52:validation:B002SQW38Q,head,,,0,0.0,0.0,0.0,0.0,0.0,0.0,0,0,0.3085223436355591,1.0,0
A3C4VSLX0MHEQC:validation:B001JQY6K4,head,,,0,0.0,0.0,0.0,0.0,0.0,0.0,0,0,0.3695393204689026,1.0,0
A3C6A40RHKRZBV:validation:B00146G71U,head,,,0,0.0,0.0,0.0,0.0,0.0,0.0,0,0,0.3066091239452362,1.0,0
A3C7WQ9KQCM3FN:validation:B000SN61UC,tail,,,0,0.0,0.0,0.0,0.0,0.0,0.0,0,0,0.3094361424446106,1.0,0
A3CA3L59RGP2CJ:validation:B000X6QP3C,tail,,60,1,0.0,0.0,0.0,0.0,0.0,0.0,1,0,0.30935338139533997,1.0,0
A3CJ7MHAS9IMAM:validation:B00BPJSIFO,tail,,,0,0.0,0.0,0.0,0.0,0.0,0.0,0,0,0.3114470839500427,1.0,0
A3CN9CCJUNIPKT:validation:B00C6Q7MJI,head,,,0,0.0,0.0,0.0,0.0,0.0,0.0,0,0,0.30780452489852905,1.0,0
A3CSP2R7IXJHAY:validation:B001L1G94S,tail,13,11,1,0.0,0.0,1.0,0.0,0.0,1.0,1,0,0.30700188875198364,1.0,0
A3CU4VWM1GWA8V:validation:B0054HLF44,tail,,,0,0.0,0.0,0.0,0.0,0.0,0.0,0,0,0.3695877194404602,1.0,0
A3CWEK9HY2VPDL:validation:B00004TQLI,head,,,0,0.0,0.0,0.0,0.0,0.0,0.0,0,0,0.3051096796989441,1.0,0
A3D1KD9IYP6KCI:validation:B00BY2ER66,head,,,0,0.0,0.0,0.0,0.0,0.0,0.0,0,0,0.30591970682144165,1.0,0
A3DA1LIVA6ICI:validation:B0007M3ZH6,tail,,,0,0.0,0.0,0.0,0.0,0.0,0.0,0,0,0.30856749415397644,1.0,0
A3DABM7XHZVTX4:validation:B00BG02FVA,tail,,,0,0.0,0.0,0.0,0.0,0.0,0.0,0,0,0.3510007858276367,1.0,0
A3DIDEUX0W5VT6:validation:B008R7BVTM,tail,,77,1,0.0,0.0,0.0,0.0,0.0,0.0,1,0,0.3705589175224304,1.0,0
A3DS41LFTRAOHI:validation:B00146K0I6,head,,,0,0.0,0.0,0.0,0.0,0.0,0.0,0,0,0.3416994512081146,1.0,0
A3E5J2HMQBL949:validation:B00A8UT562,head,,,0,0.0,0.0,0.0,0.0,0.0,0.0,0,0,0.3394157886505127,1.0,0
A3E727EQH11FAJ:validation:B0015KEB2M,head,,,0,0.0,0.0,0.0,0.0,0.0,0.0,0,0,0.3087272047996521,1.0,0
A3E7E854VCA4E7:validation:B00CNNPPV6,head,,,0,0.0,0.0,0.0,0.0,0.0,0.0,0,0,0.37001362442970276,1.0,0
A3EEYLPIB8A6VI:validation:B007U7M0WM,head,,,0,0.0,0.0,0.0,0.0,0.0,0.0,0,0,0.3057734966278076,1.0,0
A3EKC364R9G2UU:validation:B00385OY42,tail,,,0,0.0,0.0,0.0,0.0,0.0,0.0,0,0,0.36937204003334045,1.0,0
A3EKK7FDAZECS9:validation:B00GSPFCYU,tail,,,0,0.0,0.0,0.0,0.0,0.0,0.0,0,0,0.3100254237651825,1.0,0
A3ETNH132F0YR5:validation:B00383JM3C,tail,,,0,0.0,0.0,0.0,0.0,0.0,0.0,0,0,0.3117919862270355,1.0,0
A3EUOLR9ED95Z7:validation:B0037OQDYS,tail,,,0,0.0,0.0,0.0,0.0,0.0,0.0,0,0,0.311534583568573,1.0,0
A3F2100EUOXV1J:validation:B003C5UR9E,tail,,92,1,0.0,0.0,0.0,0.0,0.0,0.0,1,0,0.30854207277297974,1.0,0
A3F5Y6O5DSETMB:validation:B00FEN6PD4,tail,,,0,0.0,0.0,0.0,0.0,0.0,0.0,0,0,0.369434654712677,1.0,0
A3F7FVKKHCB4T5:validation:B00AJCNC9K,tail,,,0,0.0,0.0,0.0,0.0,0.0,0.0,0,0,0.3298252820968628,1.0,0
A3FC2U8EPUE6UC:validation:B0043KJW5M,head,20,20,1,0.0,0.0,1.0,0.0,0.0,1.0,0,0,0.33946430683135986,1.0,0
A3FE5V9OE61LZ4:validation:B004VYYA2K,head,,,0,0.0,0.0,0.0,0.0,0.0,0.0,0,0,0.3098601698875427,1.0,0
A3FEQXNCFC68KC:validation:B0016H9ROQ,tail,3,3,1,1.0,0.5,1.0,1.0,0.5,1.0,0,0,0.30932748317718506,1.0,0
A3FEZU57GLQYQI:validation:B00A8UT58K,head,,,0,0.0,0.0,0.0,0.0,0.0,0.0,0,0,0.30839771032333374,1.0,0
A3FIFD8Z4N1903:validation:B000VO3GME,head,7,7,1,1.0,0.3333333333333333,1.0,1.0,0.3333333333333333,1.0,0,0,0.3080177307128906,1.0,0
A3FQY8D7N4RFUR:validation:B001N11OI2,head,,,0,0.0,0.0,0.0,0.0,0.0,0.0,0,0,0.3145284354686737,1.0,0
A3FRPOTKZBV0MK:validation:B000N3VJ8Q,head,12,18,1,0.0,0.0,1.0,0.0,0.0,1.0,1,0,0.3038794994354248,1.0,0
A3FSNNJ2R93JRB:validation:B002L16L68,tail,,,0,0.0,0.0,0.0,0.0,0.0,0.0,0,0,0.30719193816185,1.0,0
A3G3J1K769O5EF:validation:B009B7F6DO,tail,,,0,0.0,0.0,0.0,0.0,0.0,0.0,0,0,0.335202157497406,1.0,0
A3GAIL59ZAW7JT:validation:B003EIK136,head,,,0,0.0,0.0,0.0,0.0,0.0,0.0,0,0,0.30478230118751526,1.0,0
A3GME584I1ZSWR:validation:B004I8V70C,tail,,,0,0.0,0.0,0.0,0.0,0.0,0.0,0,0,0.30869144201278687,1.0,0
A3GMVCTJTHYG1F:validation:B00CUDE2EK,head,,,0,0.0,0.0,0.0,0.0,0.0,0.0,0,0,0.3090384602546692,1.0,0
A3GNPVA60Z14Y8:validation:B007TMWRRG,tail,,,0,0.0,0.0,0.0,0.0,0.0,0.0,0,0,0.30818891525268555,1.0,0
A3GU5RXKP37GOQ:validation:B003FN9NIO,tail,22,21,1,0.0,0.0,1.0,0.0,0.0,1.0,1,0,0.33475181460380554,1.0,0
A3GUK4RWXKHS9I:validation:B00C69LOL2,tail,,,0,0.0,0.0,0.0,0.0,0.0,0.0,0,0,0.30895715951919556,1.0,0
A3H0GN6BWUVNKM:validation:B000IBRD74,head,,,0,0.0,0.0,0.0,0.0,0.0,0.0,0,0,0.3072343170642853,1.0,0
A3HA2LCZ2SYGU2:validation:B00CKH9FAC,head,,,0,0.0,0.0,0.0,0.0,0.0,0.0,0,0,0.3138466477394104,1.0,0
A3HJXZ11XTFB0E:validation:B008MTYU84,tail,,,0,0.0,0.0,0.0,0.0,0.0,0.0,0,0,0.30637598037719727,1.0,0
A3HLLKGK6GTUPF:validation:B00C1LU0VK,tail,,,0,0.0,0.0,0.0,0.0,0.0,0.0,0,0,0.32917556166648865,1.0,0
A3HU5EXY0HTG7T:validation:B00350N2H0,tail,,,0,0.0,0.0,0.0,0.0,0.0,0.0,0,0,0.3445676565170288,1.0,0
A3I8KWK1VNN92T:validation:B00CZ3F6OK,tail,36,31,1,0.0,0.0,1.0,0.0,0.0,1.0,1,0,0.30864226818084717,1.0,0
A3IAU6ZPVF2R5K:validation:B00ARQW1O0,head,,,0,0.0,0.0,0.0,0.0,0.0,0.0,0,0,0.33342450857162476,1.0,0
A3ICRNAIQ8FW9N:validation:B0095ZMTE6,tail,,,0,0.0,0.0,0.0,0.0,0.0,0.0,0,0,0.33444511890411377,1.0,0
A3IHJZ22RTXMLR:validation:B003TJALF8,head,,,0,0.0,0.0,0.0,0.0,0.0,0.0,0,0,0.33774131536483765,1.0,0
A3IKZ15AVH556K:validation:B0006LCK9W,head,,,0,0.0,0.0,0.0,0.0,0.0,0.0,0,0,0.3054748773574829,1.0,0
A3IUDCLJ76GDOB:validation:B00068Q7LC,head,,,0,0.0,0.0,0.0,0.0,0.0,0.0,0,0,0.3097260594367981,1.0,0
A3IVV97DY46JRJ:validation:B009Z7E8I4,tail,,,0,0.0,0.0,0.0,0.0,0.0,0.0,0,0,0.30575382709503174,1.0,0
A3IZILIVYKKHGY:validation:B001PPBC92,tail,,,0,0.0,0.0,0.0,0.0,0.0,0.0,0,0,0.33522918820381165,1.0,0
A3J0Q0HXJ24NHE:validation:B007U7M0KE,tail,2,2,1,1.0,0.6309297535714575,1.0,1.0,0.6309297535714575,1.0,0,0,0.30566316843032837,1.0,0
A3JAK6Q22CYDAM:validation:B007KV67AE,head,1,1,1,1.0,1.0,1.0,1.0,1.0,1.0,0,0,0.31182920932769775,1.0,0
A3JHC8O59WDHFZ:validation:B00EM4QB3A,tail,,,0,0.0,0.0,0.0,0.0,0.0,0.0,0,0,0.3095637559890747,1.0,0
A3JKMT3CBFONZG:validation:B004QGUGRG,tail,,,0,0.0,0.0,0.0,0.0,0.0,0.0,0,0,0.37006962299346924,1.0,0
A3JLERGZ90RMZH:validation:B00B1Z6AQ6,head,23,20,1,0.0,0.0,1.0,0.0,0.0,1.0,1,0,0.30687567591667175,1.0,0
A3JRCY2EE54SX0:validation:B0037W5Y2W,head,,,0,0.0,0.0,0.0,0.0,0.0,0.0,0,0,0.31222665309906006,1.0,0
A3JSOG7YNNPORW:validation:0975277324,head,17,16,1,0.0,0.0,1.0,0.0,0.0,1.0,1,0,0.3097185492515564,1.0,0
A3JZUGERNK38IW:validation:B00ARQW1MM,head,,,0,0.0,0.0,0.0,0.0,0.0,0.0,0,0,0.33126336336135864,1.0,0
A3K07M3RETZR63:validation:B0043BYOO0,head,,,0,0.0,0.0,0.0,0.0,0.0,0.0,0,0,0.3084750771522522,1.0,0
A3K2LYSJARSYEU:validation:B00A88EP6Y,head,,,0,0.0,0.0,0.0,0.0,0.0,0.0,0,0,0.315609335899353,1.0,0
A3K83KVT2A2Z2F:validation:B000C9DYPW,head,,,0,0.0,0.0,0.0,0.0,0.0,0.0,0,0,0.30906715989112854,1.0,0
A3K91X9X2ARDOK:validation:B00J49UTW2,tail,,,0,0.0,0.0,0.0,0.0,0.0,0.0,0,0,0.31017154455184937,1.0,0
A3KE3FM4Z51IKA:validation:B008BM2LJ2,head,1,1,1,1.0,1.0,1.0,1.0,1.0,1.0,0,0,0.3214782476425171,1.0,0
A3KG4NGRFJVTD2:validation:B00009VE0D,head,,,0,0.0,0.0,0.0,0.0,0.0,0.0,0,0,0.3087925910949707,1.0,0
A3KN5RUH2LJVFD:validation:B000284ZNI,head,28,26,1,0.0,0.0,1.0,0.0,0.0,1.0,1,0,0.3087009787559509,1.0,0
A3KP80ROO50I4K:validation:B000E9DPCW,head,,,0,0.0,0.0,0.0,0.0,0.0,0.0,0,0,0.3093804121017456,1.0,0
A3KXUGUD7GGD3Z:validation:B000QDY5HA,tail,,,0,0.0,0.0,0.0,0.0,0.0,0.0,0,0,0.31955066323280334,1.0,0
A3L2AQGJLCSLFB:validation:B00008X353,tail,,,0,0.0,0.0,0.0,0.0,0.0,0.0,0,0,0.369592547416687,1.0,0
A3L6M9R8LXYGBP:validation:B00BH0G9NE,tail,,,0,0.0,0.0,0.0,0.0,0.0,0.0,0,0,0.3084639608860016,1.0,0
A3LBE22T11A5TJ:validation:B006K20IU4,tail,,,0,0.0,0.0,0.0,0.0,0.0,0.0,0,0,0.30961692333221436,1.0,0
A3LCK7XLLPFDEI:validation:B00186FCX0,tail,,,0,0.0,0.0,0.0,0.0,0.0,0.0,0,0,0.3093932867050171,1.0,0
A3LLEX1R9IXQSO:validation:B00000K3BR,head,,,0,0.0,0.0,0.0,0.0,0.0,0.0,0,0,0.3078012466430664,1.0,0
A3LMPD1ZQTWOC4:validation:B00C18BXNC,head,,,0,0.0,0.0,0.0,0.0,0.0,0.0,0,0,0.30726346373558044,1.0,0
A3LROR7V58OSAH:validation:B001E5QF7C,tail,1,1,1,1.0,1.0,1.0,1.0,1.0,1.0,0,0,0.30544859170913696,1.0,0
A3M06TE1J42O3T:validation:B003MGJTJC,tail,,,0,0.0,0.0,0.0,0.0,0.0,0.0,0,0,0.3082955479621887,1.0,0
A3MB63DT6H0Y68:validation:B00007DWBV,head,41,43,1,0.0,0.0,1.0,0.0,0.0,1.0,1,0,0.3092609941959381,1.0,0
A3MDLS5IQNW8ZR:validation:B00592BOAO,head,,,0,0.0,0.0,0.0,0.0,0.0,0.0,0,0,0.31347644329071045,1.0,0
A3MDYZ1QWBF8A8:validation:1589942108,head,32,28,1,0.0,0.0,1.0,0.0,0.0,1.0,1,0,0.3070852756500244,1.0,0
A3MG4JJ67TU9AT:validation:B00DOQCTWE,tail,,,0,0.0,0.0,0.0,0.0,0.0,0.0,0,0,0.31168848276138306,1.0,0
A3MJISYNXNYEQD:validation:B00ARQW0N2,head,36,34,1,0.0,0.0,1.0,0.0,0.0,1.0,1,0,0.3682059347629547,1.0,0
A3MK6W7ASS2UIV:validation:B003M2XTJM,tail,1,1,1,1.0,1.0,1.0,1.0,1.0,1.0,0,0,0.3082815408706665,1.0,0
A3N27L13CWJ9HY:validation:B00BR3EMSA,head,,,0,0.0,0.0,0.0,0.0,0.0,0.0,0,0,0.30858027935028076,1.0,0
A3NH73WKH7LE6W:validation:B008V2B5AS,tail,,,0,0.0,0.0,0.0,0.0,0.0,0.0,0,0,0.3096429705619812,1.0,0
A3NHV6YT1VGBRB:validation:B00020QJ6M,head,,,0,0.0,0.0,0.0,0.0,0.0,0.0,0,0,0.3099174201488495,1.0,0
A3NJ63C6G8EE2L:validation:B00CMNX9YW,tail,2,2,1,1.0,0.6309297535714575,1.0,1.0,0.6309297535714575,1.0,0,0,0.30861467123031616,1.0,0
A3NJ6S72D28F6W:validation:B0053FKER6,tail,12,10,1,0.0,0.0,1.0,1.0,0.2890648263178879,1.0,1,0,0.3476696014404297,1.0,0
A3NLJZI5NEOT0K:validation:B006ROJJCS,head,35,33,1,0.0,0.0,1.0,0.0,0.0,1.0,1,0,0.30615848302841187,1.0,0
A3NLSAHX6WZFYA:validation:B000FJ4A84,head,,,0,0.0,0.0,0.0,0.0,0.0,0.0,0,0,0.3087869882583618,1.0,0
A3NQ92P0GJRJZ3:validation:B0068D0F26,tail,,,0,0.0,0.0,0.0,0.0,0.0,0.0,0,0,0.3190758228302002,1.0,0
A3NUL79XB88MHY:validation:B00C3WXKPU,tail,,,0,0.0,0.0,0.0,0.0,0.0,0.0,0,0,0.3038042187690735,1.0,0
A3O169AQVVY4UR:validation:B000BBSA0U,tail,,,0,0.0,0.0,0.0,0.0,0.0,0.0,0,0,0.33684664964675903,1.0,0
A3O4EYYRGC9PC0:validation:B003F62X24,tail,,,0,0.0,0.0,0.0,0.0,0.0,0.0,0,0,0.37150171399116516,1.0,0
A3OBP99ZV5TG6C:validation:B0083TXZHU,head,,,0,0.0,0.0,0.0,0.0,0.0,0.0,0,0,0.3330512046813965,1.0,0
A3OISJSXTOR2XS:validation:B001KOTPHY,head,,,0,0.0,0.0,0.0,0.0,0.0,0.0,0,0,0.307472825050354,1.0,0
A3OMJR9XRPPNWA:validation:B00459UI4K,tail,,,0,0.0,0.0,0.0,0.0,0.0,0.0,0,0,0.3693925440311432,1.0,0
A3OO76VR18EFBW:validation:B005WS0SHA,tail,,,0,0.0,0.0,0.0,0.0,0.0,0.0,0,0,0.3072216212749481,1.0,0
A3OZCQAVS7NGUN:validation:B007N0KZ64,head,21,20,1,0.0,0.0,1.0,0.0,0.0,1.0,1,0,0.3679049015045166,1.0,0
A3OZO0ZRIFB5AO:validation:1932359842,tail,,,0,0.0,0.0,0.0,0.0,0.0,0.0,0,0,0.3115997016429901,1.0,0
A3P0DIE1J0QQ9Y:validation:B00CN8AGE2,tail,44,41,1,0.0,0.0,1.0,0.0,0.0,1.0,1,0,0.30735859274864197,1.0,0
A3P566QXHI9AOM:validation:B004WNIT3G,head,,,0,0.0,0.0,0.0,0.0,0.0,0.0,0,0,0.3060991168022156,1.0,0
A3P6YFS2U1OZTF:validation:B003O85K2S,head,1,1,1,1.0,1.0,1.0,1.0,1.0,1.0,0,0,0.33757105469703674,1.0,0
A3PA08KYVF6D93:validation:B000FAB7I4,head,,,0,0.0,0.0,0.0,0.0,0.0,0.0,0,0,0.3079184889793396,1.0,0
A3PAWNJROQSZ7Y:validation:B003CYOG2O,tail,,,0,0.0,0.0,0.0,0.0,0.0,0.0,0,0,0.3031773269176483,1.0,0
A3PCWPCPY2ZYEH:validation:B004XPAFGW,tail,25,48,1,0.0,0.0,1.0,0.0,0.0,1.0,1,0,0.3702595829963684,1.0,0
A3PGA87E29J21R:validation:B0060Y271K,head,,,0,0.0,0.0,0.0,0.0,0.0,0.0,0,0,0.3131594657897949,1.0,0
A3PLM6HCW1XXD8:validation:B0019I8OOQ,head,,,0,0.0,0.0,0.0,0.0,0.0,0.0,0,0,0.3073107600212097,1.0,0
A3PRCVKDVNDONH:validation:B008CO91JC,head,,,0,0.0,0.0,0.0,0.0,0.0,0.0,0,0,0.30803948640823364,1.0,0
A3PVN61HD3KXLS:validation:B0083TXX9U,head,,59,1,0.0,0.0,0.0,0.0,0.0,0.0,1,0,0.30952319502830505,1.0,0
A3PWPNZVMNX3PA:validation:B009AW94T2,tail,,,0,0.0,0.0,0.0,0.0,0.0,0.0,0,0,0.3073808550834656,1.0,0
A3Q1N069UIAFCU:validation:B00ECV4UP4,tail,,,0,0.0,0.0,0.0,0.0,0.0,0.0,0,0,0.3374943137168884,1.0,0
A3Q58S4DG95S1Z:validation:B008M9I1D4,tail,,,0,0.0,0.0,0.0,0.0,0.0,0.0,0,0,0.3708104193210602,1.0,0
A3Q9HTAIMFI35B:validation:B003NSBMUI,tail,,,0,0.0,0.0,0.0,0.0,0.0,0.0,0,0,0.3062218427658081,1.0,0
A3QBB4VPEBJJ24:validation:B007J4G0YK,tail,,,0,0.0,0.0,0.0,0.0,0.0,0.0,0,0,0.3098011612892151,1.0,0
A3QCKD6SQI4SJG:validation:B007NLO6B8,head,6,5,1,1.0,0.3562071871080222,1.0,1.0,0.38685280723454163,1.0,1,0,0.34384822845458984,1.0,0
A3QF3D7EPF258Y:validation:B000MC4GM4,tail,,,0,0.0,0.0,0.0,0.0,0.0,0.0,0,0,0.31028762459754944,1.0,0
A3QFD0J9ZWFOHX:validation:B00BNO8QOE,tail,,,0,0.0,0.0,0.0,0.0,0.0,0.0,0,0,0.3123812973499298,1.0,0
A3QI93X6HJJB5V:validation:B000I41ANE,tail,,,0,0.0,0.0,0.0,0.0,0.0,0.0,0,0,0.3073217272758484,1.0,0
A3QIG40MRJNULX:validation:B00000J58X,head,10,10,1,1.0,0.2890648263178879,1.0,1.0,0.2890648263178879,1.0,0,0,0.3083901107311249,1.0,0
A3QLJDIXAJC1MH:validation:B003D7F4YY,head,,,0,0.0,0.0,0.0,0.0,0.0,0.0,0,0,0.31034529209136963,1.0,0
A3QLXP2K8G37K6:validation:B004QNRYF6,tail,,,0,0.0,0.0,0.0,0.0,0.0,0.0,0,0,0.3104063868522644,1.0,0
A3QPAXR2XDK5AV:validation:B0015AM26E,head,,,0,0.0,0.0,0.0,0.0,0.0,0.0,0,0,0.30848830938339233,1.0,0
A3QQDE72CYAP48:validation:B00B8XRX1W,tail,,,0,0.0,0.0,0.0,0.0,0.0,0.0,0,0,0.3682749271392822,1.0,0
A3QSL2GMGMFGAS:validation:B0084M8UEE,tail,,,0,0.0,0.0,0.0,0.0,0.0,0.0,0,0,0.3386593461036682,1.0,0
A3QVL5E4A109WF:validation:B001R674GE,head,25,49,1,0.0,0.0,1.0,0.0,0.0,1.0,1,0,0.34315574169158936,1.0,0
A3QYJRK7YVBSU2:validation:B000096R0P,head,21,18,1,0.0,0.0,1.0,0.0,0.0,1.0,1,0,0.308392733335495,1.0,0
A3QYQMLVXWC499:validation:B000BB56KM,head,,,0,0.0,0.0,0.0,0.0,0.0,0.0,0,0,0.3550991415977478,1.0,0
A3R01WHD75L6FG:validation:B00FBW8ZIQ,head,9,9,1,1.0,0.3010299956639812,1.0,1.0,0.3010299956639812,1.0,0,0,0.3663744330406189,1.0,0
A3R0JTX4N7IUNV:validation:B00ECV4UP4,tail,,,0,0.0,0.0,0.0,0.0,0.0,0.0,0,0,0.3087160289287567,1.0,0
A3R0NHWFUSYFAX:validation:B000RC2VI0,head,,,0,0.0,0.0,0.0,0.0,0.0,0.0,0,0,0.30885618925094604,1.0,0
A3R7GH9BPFWLPW:validation:B00BBLIZAE,tail,,,0,0.0,0.0,0.0,0.0,0.0,0.0,0,0,0.30961334705352783,1.0,0
A3RGOQM7VBS0X8:validation:B000OGYDZS,tail,,,0,0.0,0.0,0.0,0.0,0.0,0.0,0,0,0.3076750338077545,1.0,0
A3RJGV3V98THXR:validation:B000IZ9N78,head,,,0,0.0,0.0,0.0,0.0,0.0,0.0,0,0,0.307293564081192,1.0,0
A3RKFHBRBAG79P:validation:B00ERZVZZS,tail,1,1,1,1.0,1.0,1.0,1.0,1.0,1.0,0,0,0.3358863890171051,1.0,0
A3RMDGXN8T6D1F:validation:B002YNS0EE,tail,,,0,0.0,0.0,0.0,0.0,0.0,0.0,0,0,0.3110507130622864,1.0,0
A3RO5ZMTK8HKWX:validation:B004S642NI,tail,,,0,0.0,0.0,0.0,0.0,0.0,0.0,0,0,0.30622920393943787,1.0,0
A3RPCLWE2EWZKV:validation:B004K1EZ2O,tail,,,0,0.0,0.0,0.0,0.0,0.0,0.0,0,0,0.31015294790267944,1.0,0
A3RPVSNIRK3BA9:validation:B0009K6KEG,head,,,0,0.0,0.0,0.0,0.0,0.0,0.0,0,0,0.30921465158462524,1.0,0
A3RRQ3WXJSLD4:validation:B006CD43ZW,tail,,,0,0.0,0.0,0.0,0.0,0.0,0.0,0,0,0.36932629346847534,1.0,0
A3RVGO71T040G5:validation:B005KIQE16,head,9,8,1,1.0,0.3010299956639812,1.0,1.0,0.31546487678572877,1.0,1,0,0.3369809091091156,1.0,0
A3RXUMEMEFE7MS:validation:B000W7JWYG,head,13,13,1,0.0,0.0,1.0,0.0,0.0,1.0,0,0,0.337589830160141,1.0,0
A3RZ9K5H0QKSWG:validation:B00CEQ1LYC,head,12,15,1,0.0,0.0,1.0,0.0,0.0,1.0,1,0,0.3086279034614563,1.0,0
A3S0YO9GR2DTD2:validation:B0045H0OWS,tail,,,0,0.0,0.0,0.0,0.0,0.0,0.0,0,0,0.3109288215637207,1.0,0
A3SIVUAHCJAJW8:validation:B0051U86Z0,tail,,,0,0.0,0.0,0.0,0.0,0.0,0.0,0,0,0.30327439308166504,1.0,0
A3SLC8F6VIWXIR:validation:B00ATWUDGU,head,,,0,0.0,0.0,0.0,0.0,0.0,0.0,0,0,0.33864131569862366,1.0,0
A3SOG15BVCO51:validation:B005XLN7EW,tail,,,0,0.0,0.0,0.0,0.0,0.0,0.0,0,0,0.30862969160079956,1.0,0
A3SUFE7F45K3MW:validation:B001CWMVC0,tail,,,0,0.0,0.0,0.0,0.0,0.0,0.0,0,0,0.33786922693252563,1.0,0
A3T2I3TMPQHOJL:validation:B0037UP960,tail,,,0,0.0,0.0,0.0,0.0,0.0,0.0,0,0,0.30830860137939453,1.0,0
A3T75L5RODA25H:validation:B0013B0I0C,tail,,,0,0.0,0.0,0.0,0.0,0.0,0.0,0,0,0.3077554702758789,1.0,0
A3T7H0Z3FUTS0Z:validation:B006WZM79O,tail,,,0,0.0,0.0,0.0,0.0,0.0,0.0,0,0,0.31756237149238586,1.0,0
A3TI2FTZN3YJV2:validation:0786958731,head,,,0,0.0,0.0,0.0,0.0,0.0,0.0,0,0,0.30882176756858826,1.0,0
A3TIU6T4UXSBOL:validation:B0032EXVLG,tail,,,0,0.0,0.0,0.0,0.0,0.0,0.0,0,0,0.3110407292842865,1.0,0
A3TLDSEL7N0JWT:validation:B007U7M0WM,head,37,33,1,0.0,0.0,1.0,0.0,0.0,1.0,1,0,0.30892473459243774,1.0,0
A3TMBYDFP1B9DM:validation:B00GXM6HVK,tail,,,0,0.0,0.0,0.0,0.0,0.0,0.0,0,0,0.3690531849861145,1.0,0
A3TQ0G8QKYBCNV:validation:B005DNOQUY,tail,,,0,0.0,0.0,0.0,0.0,0.0,0.0,0,0,0.30813175439834595,1.0,0
A3TSJ9KDY18X1L:validation:B00CM97CEY,tail,,,0,0.0,0.0,0.0,0.0,0.0,0.0,0,0,0.3092609643936157,1.0,0
A3TXLPHISSF5S3:validation:B003EMY8F4,tail,,,0,0.0,0.0,0.0,0.0,0.0,0.0,0,0,0.3105599880218506,1.0,0
A3U5QF6KKP2S3X:validation:B005KBXSLW,tail,,,0,0.0,0.0,0.0,0.0,0.0,0.0,0,0,0.3149905204772949,1.0,0
A3U9LCXD8K2036:validation:B0042RU06G,tail,14,14,1,0.0,0.0,1.0,0.0,0.0,1.0,0,0,0.30756741762161255,1.0,0
A3UC9J4Y6I5BO8:validation:B001RB23EC,tail,,,0,0.0,0.0,0.0,0.0,0.0,0.0,0,0,0.3072235584259033,1.0,0
A3UCRKDVKZ07D9:validation:B00006IFJ4,head,,,0,0.0,0.0,0.0,0.0,0.0,0.0,0,0,0.30716651678085327,1.0,0
A3UFKREKVYT8PX:validation:B00001TPYA,tail,,,0,0.0,0.0,0.0,0.0,0.0,0.0,0,0,0.30738455057144165,1.0,0
A3UHHA7YYFPJ8V:validation:0984608028,tail,,80,1,0.0,0.0,0.0,0.0,0.0,0.0,1,0,0.3293200433254242,1.0,0
A3UKHVF0HH7SHX:validation:B00767PTWO,tail,,,0,0.0,0.0,0.0,0.0,0.0,0.0,0,0,0.36947017908096313,1.0,0
A3UM13GUU0CDH9:validation:B002OSWLKI,tail,,,0,0.0,0.0,0.0,0.0,0.0,0.0,0,0,0.3070756196975708,1.0,0
A3UPGK39QNEAUP:validation:B004OFJ7PG,head,,,0,0.0,0.0,0.0,0.0,0.0,0.0,0,0,0.3197779655456543,1.0,0
A3UWYCUDHI63GF:validation:B0029NFSMQ,tail,,,0,0.0,0.0,0.0,0.0,0.0,0.0,0,0,0.33902668952941895,1.0,0
A3UX3UDVQ9OHLI:validation:B001O2QW9G,tail,,,0,0.0,0.0,0.0,0.0,0.0,0.0,0,0,0.34251725673675537,1.0,0
A3UXEWV14KKO1K:validation:B005JR5V8A,tail,3,3,1,1.0,0.5,1.0,1.0,0.5,1.0,0,0,0.30741602182388306,1.0,0
A3UXQIOQP2WPGW:validation:B004I0PB0W,tail,,,0,0.0,0.0,0.0,0.0,0.0,0.0,0,0,0.3683592677116394,1.0,0
A3V14SK22N2VAI:validation:B00CMNX8ZW,tail,,,0,0.0,0.0,0.0,0.0,0.0,0.0,0,0,0.3075311481952667,1.0,0
A3V8FW120ZTM5N:validation:B00B3YT030,head,1,1,1,1.0,1.0,1.0,1.0,1.0,1.0,0,0,0.3166944682598114,1.0,0
A3VDSGNIS92OVZ:validation:B00B28GVLG,head,,,0,0.0,0.0,0.0,0.0,0.0,0.0,0,0,0.3146153688430786,1.0,0
A3VGTW5DM6GH67:validation:B005PPD1GA,tail,3,3,1,1.0,0.5,1.0,1.0,0.5,1.0,0,0,0.3042271137237549,1.0,0
A3VHI0VC0ZWEDX:validation:B00DI472RE,tail,,,0,0.0,0.0,0.0,0.0,0.0,0.0,0,0,0.30803167819976807,1.0,0
A3VJBFTUXNAEN2:validation:B00E9Y7JMA,tail,,,0,0.0,0.0,0.0,0.0,0.0,0.0,0,0,0.3406508266925812,1.0,0
A3VL5V1AAL7NSA:validation:B0063D7W6I,tail,,,0,0.0,0.0,0.0,0.0,0.0,0.0,0,0,0.3064987063407898,1.0,0
A3VLR6J5IYRTJF:validation:B001ESQTUM,tail,5,4,1,1.0,0.38685280723454163,1.0,1.0,0.43067655807339306,1.0,1,0,0.3112131357192993,1.0,0
A3VN7VC0J94OUJ:validation:B003EMY8F4,tail,,,0,0.0,0.0,0.0,0.0,0.0,0.0,0,0,0.3395528793334961,1.0,0
A3VQS710AU7Y9T:validation:B0039UTUXQ,tail,,,0,0.0,0.0,0.0,0.0,0.0,0.0,0,0,0.31022870540618896,1.0,0
A3W4FQNVNO06M0:validation:B002THXRWK,head,,,0,0.0,0.0,0.0,0.0,0.0,0.0,0,0,0.344773530960083,1.0,0
A3Y0IB3VYLD6A:validation:B009QZ30EI,head,,,0,0.0,0.0,0.0,0.0,0.0,0.0,0,0,0.3065841794013977,1.0,0
A41UC5RX42GYY:validation:B003DSIBVQ,head,,,0,0.0,0.0,0.0,0.0,0.0,0.0,0,0,0.3064219355583191,1.0,0
A42P7MF5WOOD3:validation:B004ORV2WK,head,,,0,0.0,0.0,0.0,0.0,0.0,0.0,0,0,0.3451089859008789,1.0,0
A43VF9NNHSLKJ:validation:B009T88RJK,tail,11,93,1,0.0,0.0,1.0,0.0,0.0,0.0,1,0,0.36141538619995117,1.0,0
A45S6D1P309G9:validation:B003DZ1TAO,tail,,,0,0.0,0.0,0.0,0.0,0.0,0.0,0,0,0.3090069591999054,1.0,0
A4A32477UKZO1:validation:B00804BEB2,head,,,0,0.0,0.0,0.0,0.0,0.0,0.0,0,0,0.31071245670318604,1.0,0
A4ILNANUTY237:validation:B00DV60RLM,tail,,,0,0.0,0.0,0.0,0.0,0.0,0.0,0,0,0.36912450194358826,1.0,0
A4KJTS5P78ICU:validation:B00CPNKPG4,head,,,0,0.0,0.0,0.0,0.0,0.0,0.0,0,0,0.3680519461631775,1.0,0
A4ONPTKOHKXPB:validation:B000096QNK,head,35,33,1,0.0,0.0,1.0,0.0,0.0,1.0,1,0,0.30751901865005493,1.0,0
A4WEZJOIZIV4U:validation:B0089RPUHO,head,21,16,1,0.0,0.0,1.0,0.0,0.0,1.0,1,0,0.36889007687568665,1.0,0
A4ZTZFOO75HD2:validation:B00428LJ0G,head,,,0,0.0,0.0,0.0,0.0,0.0,0.0,0,0,0.3099006414413452,1.0,0
A510GFZQONEXJ:validation:B000N178E2,head,27,25,1,0.0,0.0,1.0,0.0,0.0,1.0,1,0,0.3110322058200836,1.0,0
A5DRC21Y2E5PI:validation:B0076TRVGO,tail,,,0,0.0,0.0,0.0,0.0,0.0,0.0,0,0,0.30778905749320984,1.0,0
A5EWXRIZTQVX:validation:B003UNWV60,head,,,0,0.0,0.0,0.0,0.0,0.0,0.0,0,0,0.3158974349498749,1.0,0
A5FMTCQ5CUCXA:validation:B001BPYBTE,tail,,,0,0.0,0.0,0.0,0.0,0.0,0.0,0,0,0.31067365407943726,1.0,0
A5O7N8I2KEBJE:validation:B0085UA6YM,head,,,0,0.0,0.0,0.0,0.0,0.0,0.0,0,0,0.3383188545703888,1.0,0
A5P5L01WCO4O9:validation:B004P98QCQ,head,,,0,0.0,0.0,0.0,0.0,0.0,0.0,0,0,0.3394668698310852,1.0,0
A5Q1FK0FWU7DH:validation:B001P06GX4,head,33,30,1,0.0,0.0,1.0,0.0,0.0,1.0,1,0,0.31058138608932495,1.0,0
A5QSI9MNS8NMS:validation:B003F7V7XE,tail,2,2,1,1.0,0.6309297535714575,1.0,1.0,0.6309297535714575,1.0,0,0,0.3378337025642395,1.0,0
A6D07P6DHMXIP:validation:B00FBWFVK6,head,,,0,0.0,0.0,0.0,0.0,0.0,0.0,0,0,0.3690949082374573,1.0,0
A6EOX0ZKSYY5W:validation:B001W2WKS0,head,,,0,0.0,0.0,0.0,0.0,0.0,0.0,0,0,0.3065120279788971,1.0,0
A6LHCT7P53RSA:validation:B008DBZBUC,head,1,1,1,1.0,1.0,1.0,1.0,1.0,1.0,0,0,0.3067784309387207,1.0,0
A6NSFQI4COI9T:validation:B003H7SIXO,tail,5,4,1,1.0,0.38685280723454163,1.0,1.0,0.43067655807339306,1.0,1,0,0.3114306926727295,1.0,0
A6PW0SEYD1ZIB:validation:B00DPK11ZA,head,12,42,1,0.0,0.0,1.0,0.0,0.0,1.0,1,0,0.3049853444099426,1.0,0
A70WOU5OVJ9WP:validation:B000I0ZMOQ,tail,,,0,0.0,0.0,0.0,0.0,0.0,0.0,0,0,0.306446373462677,1.0,0
A712D1QWINR3W:validation:B000WQRTE2,tail,33,33,1,0.0,0.0,1.0,0.0,0.0,1.0,0,0,0.3101575970649719,1.0,0
A77L6DK349N94:validation:B004M17H6I,tail,,,0,0.0,0.0,0.0,0.0,0.0,0.0,0,0,0.30993252992630005,1.0,0
A7A31MX1R7DUD:validation:B00007A1S5,head,,,0,0.0,0.0,0.0,0.0,0.0,0.0,0,0,0.30821195244789124,1.0,0
A7DJE4V9LEV40:validation:B0006NM1K8,tail,,,0,0.0,0.0,0.0,0.0,0.0,0.0,0,0,0.3091728687286377,1.0,0
A7QEY0IX5IU8S:validation:B000F9YDKY,tail,,,0,0.0,0.0,0.0,0.0,0.0,0.0,0,0,0.3392132520675659,1.0,0
A85Q0NU0MGIJE:validation:B001BSBYAU,head,,,0,0.0,0.0,0.0,0.0,0.0,0.0,0,0,0.30828946828842163,1.0,0
A89HE4KOQBJQU:validation:B006BLH7U8,head,,,0,0.0,0.0,0.0,0.0,0.0,0.0,0,0,0.3095887303352356,1.0,0
A89KFOCKCO0OA:validation:B00B3YT030,head,16,30,1,0.0,0.0,1.0,0.0,0.0,1.0,1,0,0.3374784588813782,1.0,0
A89VX29Q02L49:validation:B003KYTT7S,head,24,22,1,0.0,0.0,1.0,0.0,0.0,1.0,1,0,0.33410704135894775,1.0,0
A8FJK0260CPU2:validation:B00F657TXA,tail,,,0,0.0,0.0,0.0,0.0,0.0,0.0,0,0,0.32016828656196594,1.0,0
A8PP8NPRJSAKO:validation:B00804BDEA,tail,,,0,0.0,0.0,0.0,0.0,0.0,0.0,0,0,0.367803156375885,1.0,0
A8UR5CYCX6FLF:validation:B005HIOVOG,tail,,,0,0.0,0.0,0.0,0.0,0.0,0.0,0,0,0.30911263823509216,1.0,0
A9ADEJEQ0WQMC:validation:8677805966,tail,,,0,0.0,0.0,0.0,0.0,0.0,0.0,0,0,0.30845242738723755,1.0,0
A9J4AP36FBZ9V:validation:B00H64YYWS,tail,1,1,1,1.0,1.0,1.0,1.0,1.0,1.0,0,0,0.3384530246257782,1.0,0
AA4UJ75GBERXN:validation:B000SOUKH6,tail,,,0,0.0,0.0,0.0,0.0,0.0,0.0,0,0,0.30731260776519775,1.0,0
AA994TW9GB432:validation:B00D07A5M8,tail,,,0,0.0,0.0,0.0,0.0,0.0,0.0,0,0,0.34450191259384155,1.0,0
AABJQT78KJ9XR:validation:B000H236VQ,head,,,0,0.0,0.0,0.0,0.0,0.0,0.0,0,0,0.3406299948692322,1.0,0
AAEHOTZ1GRAUX:validation:B00EDBYB4S,tail,,,0,0.0,0.0,0.0,0.0,0.0,0.0,0,0,0.3332512378692627,1.0,0
AAGS0RD5XCHN7:validation:B0026YYCYS,tail,,,0,0.0,0.0,0.0,0.0,0.0,0.0,0,0,0.36065730452537537,1.0,0
AAH603Y3Y8QL7:validation:B00DJ4PJ64,tail,,,0,0.0,0.0,0.0,0.0,0.0,0.0,0,0,0.3686521649360657,1.0,0
AAHU3JYZQT4L3:validation:B005H29GSI,head,,,0,0.0,0.0,0.0,0.0,0.0,0.0,0,0,0.3031020760536194,1.0,0
AAMQLS6R95CA7:validation:B008B68IUY,head,,,0,0.0,0.0,0.0,0.0,0.0,0.0,0,0,0.3408561944961548,1.0,0
AAYKT5WR17CV3:validation:B001DZLLDG,tail,,,0,0.0,0.0,0.0,0.0,0.0,0.0,0,0,0.30785733461380005,1.0,0
AB5XH3E9CSOGH:validation:B0089VP95S,tail,,,0,0.0,0.0,0.0,0.0,0.0,0.0,0,0,0.3107188940048218,1.0,0
AB8R2DMFXDLKJ:validation:B0053FXGE4,head,,,0,0.0,0.0,0.0,0.0,0.0,0.0,0,0,0.34122660756111145,1.0,0
ABBBP0HLLXJZ9:validation:B00847GS48,tail,,,0,0.0,0.0,0.0,0.0,0.0,0.0,0,0,0.3105309009552002,1.0,0
ABDYEYZKUMPYZ:validation:B00F5N5MYG,tail,,,0,0.0,0.0,0.0,0.0,0.0,0.0,0,0,0.33876925706863403,1.0,0
ABKDXIG044NOU:validation:B00DJ4PIBK,tail,,,0,0.0,0.0,0.0,0.0,0.0,0.0,0,0,0.30455702543258667,1.0,0
ABOVGO3Q1YDL5:validation:B007J3F9VG,head,,,0,0.0,0.0,0.0,0.0,0.0,0.0,0,0,0.3058498799800873,1.0,0
ABTKLCZQ5I1QX:validation:B006O6EOX8,tail,13,8,1,0.0,0.0,1.0,1.0,0.31546487678572877,1.0,1,0,0.31284064054489136,1.0,0
ABZ059EHRNP9W:validation:B0001X0DQW,head,,,0,0.0,0.0,0.0,0.0,0.0,0.0,0,0,0.3070674240589142,1.0,0
ACHCRUJXKXPFU:validation:B00DLUE8DQ,head,2,2,1,1.0,0.6309297535714575,1.0,1.0,0.6309297535714575,1.0,0,0,0.3023022711277008,1.0,0
ACR4R6E7EG1NU:validation:B004H1V5S4,head,,,0,0.0,0.0,0.0,0.0,0.0,0.0,0,0,0.33948999643325806,1.0,0
ACT8Q76MI3T5G:validation:B0015PVA94,tail,,,0,0.0,0.0,0.0,0.0,0.0,0.0,0,0,0.3086997866630554,1.0,0
ACVVB07ZG6O9:validation:B0015AM26E,head,44,38,1,0.0,0.0,1.0,0.0,0.0,1.0,1,0,0.30824530124664307,1.0,0
ACZMM7OTESMH0:validation:B009FRSH6S,tail,4,4,1,1.0,0.43067655807339306,1.0,1.0,0.43067655807339306,1.0,0,0,0.30817922949790955,1.0,0
AD64PMSG5QN9T:validation:B009PLLFAE,tail,,,0,0.0,0.0,0.0,0.0,0.0,0.0,0,0,0.3138270378112793,1.0,0
ADDOI280FBW80:validation:B00004T2X9,tail,,,0,0.0,0.0,0.0,0.0,0.0,0.0,0,0,0.308447003364563,1.0,0
ADE5C0WAFBIUR:validation:B00486ZVXS,tail,,,0,0.0,0.0,0.0,0.0,0.0,0.0,0,0,0.3091282844543457,1.0,0
ADF0URBXWJQOJ:validation:B001U2BBAU,tail,,,0,0.0,0.0,0.0,0.0,0.0,0.0,0,0,0.3453584313392639,1.0,0
ADFWY92TEXIF3:validation:B004UIATJA,head,,,0,0.0,0.0,0.0,0.0,0.0,0.0,0,0,0.3151763379573822,1.0,0
ADPDSL40OM0FO:validation:B004478GL0,tail,,,0,0.0,0.0,0.0,0.0,0.0,0.0,0,0,0.31578341126441956,1.0,0
ADUYGNHM1R0QA:validation:B00H7LKW8U,tail,2,2,1,1.0,0.6309297535714575,1.0,1.0,0.6309297535714575,1.0,0,0,0.33534687757492065,1.0,0
AE1NECEGQWTTN:validation:B004K03JWW,tail,,,0,0.0,0.0,0.0,0.0,0.0,0.0,0,0,0.30971759557724,1.0,0
AE4Z0EI1LAPVU:validation:B0014WO96Y,head,,,0,0.0,0.0,0.0,0.0,0.0,0.0,0,0,0.3077189028263092,1.0,0
AE7ABJRG7OXUK:validation:B006ROJJCS,head,,,0,0.0,0.0,0.0,0.0,0.0,0.0,0,0,0.3080292046070099,1.0,0
AE9B0N86KP1OU:validation:B0060Y27O2,tail,,,0,0.0,0.0,0.0,0.0,0.0,0.0,0,0,0.368205726146698,1.0,0
AEBL4VP09J1X:validation:B004ZK6LXG,head,19,18,1,0.0,0.0,1.0,0.0,0.0,1.0,1,0,0.3114435076713562,1.0,0
AEC1G3QCQWOO9:validation:B000OKW1DU,head,,,0,0.0,0.0,0.0,0.0,0.0,0.0,0,0,0.3109920024871826,1.0,0
AEG83OK7VLLP1:validation:B001TM0SYG,tail,4,4,1,1.0,0.43067655807339306,1.0,1.0,0.43067655807339306,1.0,0,0,0.31078845262527466,1.0,0
AEH45I35PFT9O:validation:B00000IT40,tail,,,0,0.0,0.0,0.0,0.0,0.0,0.0,0,0,0.3302192687988281,1.0,0
AELS3DVH1W654:validation:B001R6W4KA,head,47,41,1,0.0,0.0,1.0,0.0,0.0,1.0,1,0,0.30955806374549866,1.0,0
AET8K4U1FHU87:validation:B00376VW7Y,tail,,,0,0.0,0.0,0.0,0.0,0.0,0.0,0,0,0.3614804744720459,1.0,0
AEUJ8EILVQ8CS:validation:B000GX40PW,head,,,0,0.0,0.0,0.0,0.0,0.0,0.0,0,0,0.34068548679351807,1.0,0
AFGMF6WUR22OT:validation:B0030MTH0O,tail,,,0,0.0,0.0,0.0,0.0,0.0,0.0,0,0,0.30937761068344116,1.0,0
AFWE7DV1NARWE:validation:158994691X,tail,3,5,1,1.0,0.5,1.0,1.0,0.38685280723454163,1.0,1,0,0.31269049644470215,1.0,0
AG2YXYIQ8TLTA:validation:B00FAQVY5E,head,34,33,1,0.0,0.0,1.0,0.0,0.0,1.0,1,0,0.3382856249809265,1.0,0
AG71XMQGQ2UTJ:validation:B002JSM3KQ,head,,,0,0.0,0.0,0.0,0.0,0.0,0.0,0,0,0.3066045045852661,1.0,0
AG990YPK6WQLN:validation:B006UBM1M8,tail,,,0,0.0,0.0,0.0,0.0,0.0,0.0,0,0,0.31531649827957153,1.0,0
AGO6NBTFIAF6:validation:B009F7OWGW,tail,,,0,0.0,0.0,0.0,0.0,0.0,0.0,0,0,0.3389478921890259,1.0,0
AGQHCWTDZ76BD:validation:B000F1ST1Q,head,,,0,0.0,0.0,0.0,0.0,0.0,0.0,0,0,0.3199883699417114,1.0,0
AGRTHVB9J9N8L:validation:B001U5N786,head,,,0,0.0,0.0,0.0,0.0,0.0,0.0,0,0,0.3133082389831543,1.0,0
AGU9V7F44Z3KO:validation:B007J3FAJ2,head,,,0,0.0,0.0,0.0,0.0,0.0,0.0,0,0,0.3383091986179352,1.0,0
AGXHFCDKM5DNX:validation:B00E748GJW,tail,3,3,1,1.0,0.5,1.0,1.0,0.5,1.0,0,0,0.36921221017837524,1.0,0
AH5GCNH82ZU0C:validation:B004EIZRZ2,tail,,,0,0.0,0.0,0.0,0.0,0.0,0.0,0,0,0.31145066022872925,1.0,0
AHBWJJOMSL3VW:validation:B001W1WGBM,tail,,,0,0.0,0.0,0.0,0.0,0.0,0.0,0,0,0.34714293479919434,1.0,0
AHCDJOXJLM1VZ:validation:B004DJ51HQ,tail,,,0,0.0,0.0,0.0,0.0,0.0,0.0,0,0,0.30642569065093994,1.0,0
AHGG8UV27DSUT:validation:B000096R0P,head,2,2,1,1.0,0.6309297535714575,1.0,1.0,0.6309297535714575,1.0,0,0,0.3688063621520996,1.0,0
AHH52F5CBSE7S:validation:B0042HOU2G,tail,11,11,1,0.0,0.0,1.0,0.0,0.0,1.0,0,0,0.306045800447464,1.0,0
AHNJCXKM7QOFJ:validation:B005JFNE8G,head,2,2,1,1.0,0.6309297535714575,1.0,1.0,0.6309297535714575,1.0,0,0,0.3066384494304657,1.0,0
AHRNDSKWH1YBT:validation:B00EDBYHRE,tail,4,4,1,1.0,0.43067655807339306,1.0,1.0,0.43067655807339306,1.0,0,0,0.3123142123222351,1.0,0
AHXV98DWDFUQZ:validation:B001D7O6JK,tail,,,0,0.0,0.0,0.0,0.0,0.0,0.0,0,0,0.315562903881073,1.0,0
AHZH2L16XCZJ7:validation:B002KE5GPS,head,,,0,0.0,0.0,0.0,0.0,0.0,0.0,0,0,0.3693564832210541,1.0,0
AI7JKTUP68K3Y:validation:B00C0QS2Y8,tail,,,0,0.0,0.0,0.0,0.0,0.0,0.0,0,0,0.3681449592113495,1.0,0
AI7S94161XV07:validation:B003P0ZBI8,tail,,,0,0.0,0.0,0.0,0.0,0.0,0.0,0,0,0.30901479721069336,1.0,0
AIBSC3DOO3UHR:validation:B00A92GMEC,tail,,61,1,0.0,0.0,0.0,0.0,0.0,0.0,1,0,0.33282122015953064,1.0,0
AIG2SKD3GDIYV:validation:B000H67EAQ,tail,7,47,1,1.0,0.3333333333333333,1.0,0.0,0.0,1.0,1,1,0.3362037241458893,1.0,0
AIP0VIGQWIW90:validation:B00F6T8NYU,tail,,,0,0.0,0.0,0.0,0.0,0.0,0.0,0,0,0.30991360545158386,1.0,0
AIP6MBCJ1JC1M:validation:B000NOU54O,head,,71,1,0.0,0.0,0.0,0.0,0.0,0.0,1,0,0.30516889691352844,1.0,0
AIWGYBEVV09B1:validation:1223062341,head,,,0,0.0,0.0,0.0,0.0,0.0,0.0,0,0,0.31476643681526184,1.0,0
AJ36FY8S06O9G:validation:B00G4T7LC6,tail,,,0,0.0,0.0,0.0,0.0,0.0,0.0,0,0,0.308994323015213,1.0,0
AJCK6OKNWGIYG:validation:B00000IWIT,head,,,0,0.0,0.0,0.0,0.0,0.0,0.0,0,0,0.36820483207702637,1.0,0
AJFM9BF445RBN:validation:B009PAXP4O,tail,,,0,0.0,0.0,0.0,0.0,0.0,0.0,0,0,0.37035924196243286,1.0,0
AJGR23V4M0ZNJ:validation:B001M9GRLE,tail,,,0,0.0,0.0,0.0,0.0,0.0,0.0,0,0,0.31014832854270935,1.0,0
AJHSX45RVJS2R:validation:B005JFNE8G,head,1,1,1,1.0,1.0,1.0,1.0,1.0,1.0,0,0,0.3096248507499695,1.0,0
AJIDXEZLN2A0Z:validation:B0001VUF9E,head,15,14,1,0.0,0.0,1.0,0.0,0.0,1.0,1,0,0.3481948971748352,1.0,0
AJKPN1A71K1PA:validation:B004YDFG12,tail,,,0,0.0,0.0,0.0,0.0,0.0,0.0,0,0,0.3165009319782257,1.0,0
AJN59EFEGZEBM:validation:B003A2JCQ8,tail,,,0,0.0,0.0,0.0,0.0,0.0,0.0,0,0,0.309578537940979,1.0,0
AJSLT738XDIGF:validation:B001W30E14,tail,,,0,0.0,0.0,0.0,0.0,0.0,0.0,0,0,0.30837979912757874,1.0,0
AJTTYAEL80K38:validation:B0009XFTPO,tail,15,15,1,0.0,0.0,1.0,0.0,0.0,1.0,0,0,0.31390833854675293,1.0,0
AJWPHIIV8I87Q:validation:B0006PKZBI,head,,,0,0.0,0.0,0.0,0.0,0.0,0.0,0,0,0.3082647919654846,1.0,0
AJXQAJJER7Z9F:validation:B00455MEFA,tail,,,0,0.0,0.0,0.0,0.0,0.0,0.0,0,0,0.31331467628479004,1.0,0
AK0CENM3LUM28:validation:B004P13H5U,head,,,0,0.0,0.0,0.0,0.0,0.0,0.0,0,0,0.31140488386154175,1.0,0
AK1WNXTHNCG5V:validation:B00EDBZ9IA,tail,7,7,1,1.0,0.3333333333333333,1.0,1.0,0.3333333333333333,1.0,0,0,0.3099196255207062,1.0,0
AK7NGNU7JI215:validation:B00020V59S,head,,,0,0.0,0.0,0.0,0.0,0.0,0.0,0,0,0.3082459568977356,1.0,0
AKCHRE03I5HNJ:validation:B000SQNAQC,tail,,,0,0.0,0.0,0.0,0.0,0.0,0.0,0,0,0.3493555188179016,1.0,0
AKJ0XKB1V7KHC:validation:B000OF3SUU,tail,10,9,1,1.0,0.2890648263178879,1.0,1.0,0.3010299956639812,1.0,1,0,0.3689824938774109,1.0,0
AKU34T4PBS7K1:validation:B004H0MC5A,tail,,,0,0.0,0.0,0.0,0.0,0.0,0.0,0,0,0.3087146282196045,1.0,0
AKUCE9JFXU8GA:validation:B000NV9G88,head,,,0,0.0,0.0,0.0,0.0,0.0,0.0,0,0,0.3098104000091553,1.0,0
AKV87H8H5TYQD:validation:B00E6K8CUA,tail,,,0,0.0,0.0,0.0,0.0,0.0,0.0,0,0,0.33272773027420044,1.0,0
AKVQZ2O01M3LI:validation:B002LE8YYW,tail,,,0,0.0,0.0,0.0,0.0,0.0,0.0,0,0,0.30851563811302185,1.0,0
AL5GDJA7Y8QDT:validation:B0038AT564,head,,,0,0.0,0.0,0.0,0.0,0.0,0.0,0,0,0.3053247332572937,1.0,0
AL7QH8SRS8HKI:validation:B00ARQW0N2,head,,,0,0.0,0.0,0.0,0.0,0.0,0.0,0,0,0.3110431432723999,1.0,0
AL8WKA3E2DYG4:validation:B00C3VVN0U,tail,48,37,1,0.0,0.0,1.0,0.0,0.0,1.0,1,0,0.33111172914505005,1.0,0
ALEUQQE118NEW:validation:B00BQYQYHC,head,29,28,1,0.0,0.0,1.0,0.0,0.0,1.0,1,0,0.3092494010925293,1.0,0
ALF1OBYZYW6JP:validation:B003H6J19K,tail,,,0,0.0,0.0,0.0,0.0,0.0,0.0,0,0,0.3050006330013275,1.0,0
ALGI34BYWIXZG:validation:B00EDBYHRO,tail,,,0,0.0,0.0,0.0,0.0,0.0,0.0,0,0,0.36892154812812805,1.0,0
ALGLYG73KOEN2:validation:B005XLN97W,tail,1,1,1,1.0,1.0,1.0,1.0,1.0,1.0,0,0,0.3212539553642273,1.0,0
ALV36ZC8V0GZI:validation:B0015MT27Y,tail,,,0,0.0,0.0,0.0,0.0,0.0,0.0,0,0,0.31073838472366333,1.0,0
ALX4M8ZTLFBEY:validation:B002UD8P4S,head,,,0,0.0,0.0,0.0,0.0,0.0,0.0,0,0,0.31372421979904175,1.0,0
ALXF7IKB2Z7CC:validation:B0033RVDVC,head,,,0,0.0,0.0,0.0,0.0,0.0,0.0,0,0,0.3092787563800812,1.0,0
AM68N34LFE5Y6:validation:B00F58N6KI,head,,,0,0.0,0.0,0.0,0.0,0.0,0.0,0,0,0.36892199516296387,1.0,0
AM78WFHEBDBGM:validation:B00000IV8D,head,,,0,0.0,0.0,0.0,0.0,0.0,0.0,0,0,0.30864423513412476,1.0,0
AMBJ1VOG2ZZ5J:validation:B000284XUS,tail,3,2,1,1.0,0.5,1.0,1.0,0.6309297535714575,1.0,1,0,0.32709676027297974,1.0,0
AMGZJMU10Q6JR:validation:B000NTZL7U,head,,,0,0.0,0.0,0.0,0.0,0.0,0.0,0,0,0.30930471420288086,1.0,0
AMI6BT4WU9NNC:validation:B005VPRDAY,head,,,0,0.0,0.0,0.0,0.0,0.0,0.0,0,0,0.3131757974624634,1.0,0
AN9QZC9PV3UUU:validation:B001JQY6K4,head,8,8,1,1.0,0.31546487678572877,1.0,1.0,0.31546487678572877,1.0,0,0,0.3082706928253174,1.0,0
AN9TLUKFAJHP8:validation:B00CPNLECI,tail,8,7,1,1.0,0.31546487678572877,1.0,1.0,0.3333333333333333,1.0,1,0,0.30826592445373535,1.0,0
ANATXXBAXEUFM:validation:B004N4XV1Y,head,,,0,0.0,0.0,0.0,0.0,0.0,0.0,0,0,0.3114154040813446,1.0,0
ANEVJ6IECWO52:validation:B0015AM26E,head,,,0,0.0,0.0,0.0,0.0,0.0,0.0,0,0,0.3160059452056885,1.0,0
ANJU8UUV5OMI4:validation:B00A8UT58K,head,1,1,1,1.0,1.0,1.0,1.0,1.0,1.0,0,0,0.35818836092948914,1.0,0
ANK79R2F73IWL:validation:B0014E7DIS,head,,,0,0.0,0.0,0.0,0.0,0.0,0.0,0,0,0.3457026183605194,1.0,0
ANKZJJS7GC7OV:validation:B00H64YYWS,tail,1,1,1,1.0,1.0,1.0,1.0,1.0,1.0,0,0,0.3375244438648224,1.0,0
ANMF51XDZH4HW:validation:B00004WKT8,tail,,,0,0.0,0.0,0.0,0.0,0.0,0.0,0,0,0.3702201843261719,1.0,0
ANR52RZ2TSBLP:validation:B00241NQA4,head,31,29,1,0.0,0.0,1.0,0.0,0.0,1.0,1,0,0.30563804507255554,1.0,0
AO9TMLR4426Q4:validation:B0002CYSQ8,head,,,0,0.0,0.0,0.0,0.0,0.0,0.0,0,0,0.3077763020992279,1.0,0
AOB4R397Z9F5C:validation:B002MKP4AW,tail,,,0,0.0,0.0,0.0,0.0,0.0,0.0,0,0,0.3122864067554474,1.0,0
AOMQUAA3BK3KR:validation:B00EQD8ZGI,tail,,,0,0.0,0.0,0.0,0.0,0.0,0.0,0,0,0.3078717589378357,1.0,0
AOVI5Y45L6B0J:validation:B006WCN6XI,tail,,,0,0.0,0.0,0.0,0.0,0.0,0.0,0,0,0.36830735206604004,1.0,0
AOWINPFDI7J4T:validation:B00000IRZ4,head,2,2,1,1.0,0.6309297535714575,1.0,1.0,0.6309297535714575,1.0,0,0,0.3399994373321533,1.0,0
AOYQ42YW6F6MJ:validation:B002AK5EUY,head,1,1,1,1.0,1.0,1.0,1.0,1.0,1.0,0,0,0.30730417370796204,1.0,0
AP7N0KHWFC9UT:validation:B0017JBR6O,head,,,0,0.0,0.0,0.0,0.0,0.0,0.0,0,0,0.3691175580024719,1.0,0
APDDEDYUPDYOE:validation:B000HGJJGI,head,2,2,1,1.0,0.6309297535714575,1.0,1.0,0.6309297535714575,1.0,0,0,0.30737465620040894,1.0,0
APPQH34KRA3LB:validation:B000F9ISX2,tail,,,0,0.0,0.0,0.0,0.0,0.0,0.0,0,0,0.3146822154521942,1.0,0
AQC3SPEFPAX1M:validation:B000SI9Y6A,head,,78,1,0.0,0.0,0.0,0.0,0.0,0.0,1,0,0.3069644570350647,1.0,0
AQGNOEJ6YECG6:validation:B00CNBJKN2,tail,,,0,0.0,0.0,0.0,0.0,0.0,0.0,0,0,0.30955249071121216,1.0,0
AQLUSFMEY8688:validation:B0055CAF6M,head,2,3,1,1.0,0.6309297535714575,1.0,1.0,0.5,1.0,1,0,0.30867475271224976,1.0,0
AQRY63BF14VZX:validation:B004E9TU8G,tail,13,49,1,0.0,0.0,1.0,0.0,0.0,1.0,1,0,0.3231232464313507,1.0,0
AQY6K4ZFJHHRF:validation:B001IF10V4,tail,,,0,0.0,0.0,0.0,0.0,0.0,0.0,0,0,0.3055703043937683,1.0,0
AR7ZPLXAJ9YQ5:validation:B00000IRTS,head,,,0,0.0,0.0,0.0,0.0,0.0,0.0,0,0,0.3128807544708252,1.0,0
AREB65XW9ZS3G:validation:B00BG8F0H8,head,20,48,1,0.0,0.0,1.0,0.0,0.0,1.0,1,0,0.34039902687072754,1.0,0
ARGY5ZC6FD40P:validation:B000NRRXS2,tail,20,20,1,0.0,0.0,1.0,0.0,0.0,1.0,0,0,0.36998605728149414,1.0,0
ARNEUO7BF3J55:validation:B00GSPFB0A,tail,,,0,0.0,0.0,0.0,0.0,0.0,0.0,0,0,0.30700576305389404,1.0,0
ARQ1D44B28B4K:validation:B00499CVB4,head,,,0,0.0,0.0,0.0,0.0,0.0,0.0,0,0,0.31190919876098633,1.0,0
ARRNEVO7SVPIB:validation:B003A0GTRA,tail,,,0,0.0,0.0,0.0,0.0,0.0,0.0,0,0,0.31046339869499207,1.0,0
ARTPRZWG3M212:validation:B008967FL4,tail,,,0,0.0,0.0,0.0,0.0,0.0,0.0,0,0,0.30790990591049194,1.0,0
ARUOIU4FQZ0O2:validation:B004R4IQ7E,tail,,,0,0.0,0.0,0.0,0.0,0.0,0.0,0,0,0.36926743388175964,1.0,0
ARVVMGUTINL9R:validation:B000Y8EQ8K,tail,,,0,0.0,0.0,0.0,0.0,0.0,0.0,0,0,0.3102310001850128,1.0,0
ARYQYVLQZ94NN:validation:B008ID8P7G,tail,,,0,0.0,0.0,0.0,0.0,0.0,0.0,0,0,0.36775004863739014,1.0,0
AS6XTIX0K73PN:validation:B0083TXZCA,tail,,,0,0.0,0.0,0.0,0.0,0.0,0.0,0,0,0.309711217880249,1.0,0
AS8V12QAP5YYL:validation:B0017XC9NU,tail,,,0,0.0,0.0,0.0,0.0,0.0,0.0,0,0,0.30578288435935974,1.0,0
ASANNBOFH1O7Y:validation:B0075MNRLU,tail,,,0,0.0,0.0,0.0,0.0,0.0,0.0,0,0,0.3087978959083557,1.0,0
ASFDJUKZSFMDV:validation:B00260GLBO,tail,10,10,1,1.0,0.2890648263178879,1.0,1.0,0.2890648263178879,1.0,0,0,0.30524322390556335,1.0,0
ASM0XVXC3H6UO:validation:B007RTFZKM,tail,,,0,0.0,0.0,0.0,0.0,0.0,0.0,0,0,0.30812907218933105,1.0,0
ASPL0SF3VVEZH:validation:B00CKH9QWO,head,,,0,0.0,0.0,0.0,0.0,0.0,0.0,0,0,0.3112557530403137,1.0,0
ASQKG1JENWA2M:validation:B000231FNQ,tail,,,0,0.0,0.0,0.0,0.0,0.0,0.0,0,0,0.30417370796203613,1.0,0
ASRNMG5FGWFHW:validation:B000TH5LL2,head,,,0,0.0,0.0,0.0,0.0,0.0,0.0,0,0,0.3121269941329956,1.0,0
ASYYRFYAH13QM:validation:B008CQE35M,tail,,,0,0.0,0.0,0.0,0.0,0.0,0.0,0,0,0.3221500813961029,1.0,0
ASZID61R3Y2NR:validation:B00B0EKWC6,tail,,,0,0.0,0.0,0.0,0.0,0.0,0.0,0,0,0.335319459438324,1.0,0
ATCNPH85QAOTR:validation:B00000JIVS,head,,,0,0.0,0.0,0.0,0.0,0.0,0.0,0,0,0.3064592778682709,1.0,0
ATFJ0SOX2Z3I:validation:B008C0O55G,head,,,0,0.0,0.0,0.0,0.0,0.0,0.0,0,0,0.3710460662841797,1.0,0
ATHDIFH47JP2X:validation:B00000IUFD,tail,,,0,0.0,0.0,0.0,0.0,0.0,0.0,0,0,0.31046128273010254,1.0,0
ATXHIE1G3CL6G:validation:B0038M5ILI,head,,,0,0.0,0.0,0.0,0.0,0.0,0.0,0,0,0.3114853501319885,1.0,0
ATZ1HQPWHPK5X:validation:B00G69PTKK,tail,,,0,0.0,0.0,0.0,0.0,0.0,0.0,0,0,0.36955103278160095,1.0,0
AUFI2Z95B4SMF:validation:B00F4WMAI4,head,1,1,1,1.0,1.0,1.0,1.0,1.0,1.0,0,0,0.3347087502479553,1.0,0
AUGBRNOQWL3ZI:validation:B005CWGJ6K,tail,,,0,0.0,0.0,0.0,0.0,0.0,0.0,0,0,0.3136637210845947,1.0,0
AUITG1DJ3QUGK:validation:B00EAHXYDO,tail,,,0,0.0,0.0,0.0,0.0,0.0,0.0,0,0,0.30888843536376953,1.0,0
AUN9PHTBAWI6Z:validation:B00DV1Q02M,tail,,,0,0.0,0.0,0.0,0.0,0.0,0.0,0,0,0.3100903630256653,1.0,0
AUNXZ6BC7JQKV:validation:B00IZEUFIA,tail,,,0,0.0,0.0,0.0,0.0,0.0,0.0,0,0,0.3084685802459717,1.0,0
AUTJV24IU9LGQ:validation:B000YFSZU8,head,4,4,1,1.0,0.43067655807339306,1.0,1.0,0.43067655807339306,1.0,0,0,0.3107777535915375,1.0,0
AV0ILSXO1726Z:validation:B00CBZU3M2,tail,11,9,1,0.0,0.0,1.0,1.0,0.3010299956639812,1.0,1,0,0.31147730350494385,1.0,0
AV9BKZLWR2SMY:validation:B00569DOTO,tail,,,0,0.0,0.0,0.0,0.0,0.0,0.0,0,0,0.36822736263275146,1.0,0
AVB2DLGITM3JH:validation:B000REP3E2,head,,,0,0.0,0.0,0.0,0.0,0.0,0.0,0,0,0.30552464723587036,1.0,0
AVUASIRKUHSEQ:validation:B0089F7DPI,tail,,,0,0.0,0.0,0.0,0.0,0.0,0.0,0,0,0.3371678590774536,1.0,0
AVWCILN9IMEEE:validation:B004I0PB0W,tail,,,0,0.0,0.0,0.0,0.0,0.0,0.0,0,0,0.30908238887786865,1.0,0
AVYEYDC974DMD:validation:B00CJO8ZZW,head,,,0,0.0,0.0,0.0,0.0,0.0,0.0,0,0,0.3072432279586792,1.0,0
AW1FQRY25NXVS:validation:B00FRQ5Q92,tail,,,0,0.0,0.0,0.0,0.0,0.0,0.0,0,0,0.30801713466644287,1.0,0
AW3934CDS9EG4:validation:B00CG0CKVE,head,,,0,0.0,0.0,0.0,0.0,0.0,0.0,0,0,0.3089093267917633,1.0,0
AW3D1YEX736SL:validation:B000GYZ3QG,tail,,,0,0.0,0.0,0.0,0.0,0.0,0.0,0,0,0.3134564161300659,1.0,0
AW3QSEHVDBIPQ:validation:B00CUB6OPW,tail,37,44,1,0.0,0.0,1.0,0.0,0.0,1.0,1,0,0.37050098180770874,1.0,0
AW4FCE0A9F75E:validation:B001HN6EF4,tail,,,0,0.0,0.0,0.0,0.0,0.0,0.0,0,0,0.3691685199737549,1.0,0
AW7LFBJHUX1I2:validation:B0045RNXS0,tail,,,0,0.0,0.0,0.0,0.0,0.0,0.0,0,0,0.3699961304664612,1.0,0
AW8XJBX0EISDD:validation:B000VWQ6C8,head,,,0,0.0,0.0,0.0,0.0,0.0,0.0,0,0,0.31259286403656006,1.0,0
AWCAEMH383JY9:validation:B0000U11LW,tail,,,0,0.0,0.0,0.0,0.0,0.0,0.0,0,0,0.3685719966888428,1.0,0
AWFHDI7YXTIYJ:validation:B001KAZPXG,tail,,,0,0.0,0.0,0.0,0.0,0.0,0.0,0,0,0.31172630190849304,1.0,0
AWGY5N5D42XR7:validation:B00BK8VQ04,tail,2,3,1,1.0,0.6309297535714575,1.0,1.0,0.5,1.0,1,0,0.36875119805336,1.0,0
AWMBV8N9C1OY3:validation:B003H3B4BG,head,,,0,0.0,0.0,0.0,0.0,0.0,0.0,0,0,0.31191885471343994,1.0,0
AWMUKP0HKLU2X:validation:B00176B488,tail,,,0,0.0,0.0,0.0,0.0,0.0,0.0,0,0,0.31143954396247864,1.0,0
AWPN9GGSBS2OS:validation:B005VPRF16,head,,,0,0.0,0.0,0.0,0.0,0.0,0.0,0,0,0.3112695813179016,1.0,0
AWYV2R69Z0GSG:validation:B003XHYDQE,tail,,,0,0.0,0.0,0.0,0.0,0.0,0.0,0,0,0.31089866161346436,1.0,0
AX1Z5RQ1LWMM2:validation:B00000JIVS,head,,,0,0.0,0.0,0.0,0.0,0.0,0.0,0,0,0.30475056171417236,1.0,0
AX3V1068TMU2U:validation:B007ADIOO4,head,36,35,1,0.0,0.0,1.0,0.0,0.0,1.0,1,0,0.3696276545524597,1.0,0
AX7IL5BJKNJBV:validation:B00F14IKWK,tail,1,1,1,1.0,1.0,1.0,1.0,1.0,1.0,0,0,0.30893945693969727,1.0,0
AXA8VZ9W0ECQW:validation:B000M5J7W0,head,1,1,1,1.0,1.0,1.0,1.0,1.0,1.0,0,0,0.3342651426792145,1.0,0
AXB6VC87NESRZ:validation:B004N53IC0,head,,,0,0.0,0.0,0.0,0.0,0.0,0.0,0,0,0.34022337198257446,1.0,0
AXBXVEA5XF4RG:validation:B008KHPJ56,tail,,95,1,0.0,0.0,0.0,0.0,0.0,0.0,1,0,0.3399946689605713,1.0,0
AXHPRJ7IHD26P:validation:B00DECZ5AQ,head,,,0,0.0,0.0,0.0,0.0,0.0,0.0,0,0,0.3066454231739044,1.0,0
AXNPRFZJVH1T:validation:B00C0QS2PM,head,,,0,0.0,0.0,0.0,0.0,0.0,0.0,0,0,0.31536340713500977,1.0,0
AXUD0WYLU4OU4:validation:B0090GWSWS,tail,,,0,0.0,0.0,0.0,0.0,0.0,0.0,0,0,0.3337526023387909,1.0,0
AY5UM0DV5T3YW:validation:B00253T7R2,head,,,0,0.0,0.0,0.0,0.0,0.0,0.0,0,0,0.3071359694004059,1.0,0
AYB0PCIGMREJZ:validation:B00A8UT5TY,head,,,0,0.0,0.0,0.0,0.0,0.0,0.0,0,0,0.33099502325057983,1.0,0
AYDCLME2ODKWY:validation:B004TVGBX6,tail,,,0,0.0,0.0,0.0,0.0,0.0,0.0,0,0,0.3100091814994812,1.0,0
AYI16C0RSN4MJ:validation:B002YIRKKY,head,,,0,0.0,0.0,0.0,0.0,0.0,0.0,0,0,0.31169191002845764,1.0,0
AYPEPA3VS4KDM:validation:B001R6AFLK,head,3,3,1,1.0,0.5,1.0,1.0,0.5,1.0,0,0,0.30481666326522827,1.0,0
AZ0RVPZMJNK4R:validation:B00CYFGD14,tail,15,17,1,0.0,0.0,1.0,0.0,0.0,1.0,1,0,0.3698577880859375,1.0,0
AZ3N6KK8GIYZD:validation:B000REI1FU,head,,,0,0.0,0.0,0.0,0.0,0.0,0.0,0,0,0.30678093433380127,1.0,0
AZDKB30I8494P:validation:B000FK3WDC,head,,,0,0.0,0.0,0.0,0.0,0.0,0.0,0,0,0.3096355199813843,1.0,0
AZMP1U4ZYC3F9:validation:B00D07A5M8,tail,,,0,0.0,0.0,0.0,0.0,0.0,0.0,0,0,0.3379644751548767,1.0,0
