user,stratum,history_length,lp_full,lp_coarse_only,lp_minus_link_ids,lp_minus_cf_ids,lp_minus_all_fine_ids,lp_matched_0,lp_matched_1,lp_matched_2,lp_matched_3,lp_matched_4,lp_matched_5,lp_matched_6,lp_matched_7,raw_link_harm,matched_control_effect,adjusted_link_echo,metadata_benefit,raw_cf_harm,raw_all_id_harm
A25TXSIR8Y3UVP,tail_hit,4,-0.31407368183135986,-2.6275835037231445,-0.2880593240261078,-1.4409852027893066,-1.2676656246185303,-0.2652013599872589,-0.30692002177238464,-0.2907055914402008,-0.32532113790512085,-0.2991328537464142,-0.29220542311668396,-0.2795432209968567,-0.3011478781700134,0.026014357805252075,0.01905149593949318,0.006962861865758896,1.3599178791046143,-1.1269115209579468,-0.9535919427871704
AHCB4316MB6UM,tail_hit,6,-0.9338075518608093,-2.341203212738037,-0.9908912777900696,-1.327654480934143,-1.2603563070297241,-1.0164076089859009,-0.9493746757507324,-0.888512134552002,-0.8425202369689941,-1.0003674030303955,-0.93168705701828,-0.9351571798324585,-0.9572685956954956,-0.057083725929260254,-0.006354309618473053,-0.0507294163107872,1.080846905708313,-0.39384692907333374,-0.3265487551689148
A1C0W201MKSOZY,tail_hit,4,-0.7375912666320801,-1.9730873107910156,-0.7202523946762085,-1.9426530599594116,-2.081296920776367,-0.7538332939147949,-0.7500817179679871,-0.702083945274353,-0.7143200039863586,-0.7061777710914612,-0.7293437719345093,-0.7716603875160217,-0.711353600025177,0.017338871955871582,0.007734455168247223,0.009604416787624359,-0.10820960998535156,-1.2050617933273315,-1.343705654144287
AMGW8SB0S2B72,tail_hit,6,-1.5179100036621094,-5.4032440185546875,-1.517072081565857,-3.377345323562622,-3.5084762573242188,-1.4970556497573853,-1.5712487697601318,-1.51325261592865,-1.4719847440719604,-1.472191572189331,-1.6112356185913086,-1.5138587951660156,-1.507155179977417,0.0008379220962524414,-0.0018378645181655884,0.00267578661441803,1.8947677612304688,-1.8594353199005127,-1.9905662536621094
ARE1X8Z9127UW,tail_hit,5,-0.2434488832950592,-0.45354825258255005,-0.2568485140800476,-0.2368810623884201,-0.4178541302680969,-0.2305683195590973,-0.24145588278770447,-0.25580886006355286,-0.25347790122032166,-0.23589739203453064,-0.25017744302749634,-0.2425502985715866,-0.22367806732654572,-0.013399630784988403,0.0017471127212047577,-0.015146743506193161,0.035694122314453125,0.006567820906639099,-0.17440524697303772
A2XMO247S0NBJ0,tail_hit,4,-0.3849300146102905,-1.327105164527893,-0.40544557571411133,-1.14151132106781,-1.176770567893982,-0.35171669721603394,-0.38393068313598633,-0.38461315631866455,-0.38221389055252075,-0.36504048109054565,-0.40643030405044556,-0.3869749903678894,-0.37036800384521484,-0.0205155611038208,0.006018988788127899,-0.0265345498919487,0.15033459663391113,-0.7565813064575195,-0.7918405532836914
A33VUWZDC1Z0I5,tail_hit,3,-1.26436448097229,-2.259495735168457,-1.2512708902359009,-2.0204949378967285,-2.089174747467041,-1.2216131687164307,-1.2383091449737549,-1.3037548065185547,-1.2716015577316284,-1.28098464012146,-1.24950110912323,-1.2623159885406494,-1.2195508480072021,0.01309359073638916,0.00841057300567627,0.004683017730712891,0.17032098770141602,-0.7561304569244385,-0.824810266494751
A2AWNEMZO6BZX7,tail_hit,3,-1.0073750019073486,-3.313314914703369,-1.0557950735092163,-0.946398138999939,-0.9625219106674194,-0.9874786138534546,-1.0045650005340576,-1.029563546180725,-1.0287421941757202,-1.0658133029937744,-1.5374219417572021,-1.0446674823760986,-1.518286108970642,-0.048420071601867676,-0.14469227194786072,0.09627220034599304,2.35079288482666,0.06097686290740967,0.0448530912399292
A14AJAMALII28Q,tail_hit,3,-1.059966802597046,-1.5939384698867798,-1.9133676290512085,-1.4076193571090698,-1.8819351196289062,-1.0263851881027222,-1.0166692733764648,-1.1227104663848877,-0.9980131387710571,-1.0266624689102173,-1.046125054359436,-1.0451072454452515,-1.1390140056610107,-0.8534008264541626,0.007380947470664978,-0.8607817739248276,-0.28799664974212646,-0.3476525545120239,-0.8219683170318604
A2Y87U9VKGRAAW,tail_hit,8,-0.07096727192401886,-6.749762058258057,-0.14123502373695374,-4.923004150390625,-4.775422096252441,-0.06690162420272827,-0.06565378606319427,-0.07122813165187836,-0.06339701265096664,-0.07108936458826065,-0.07432788610458374,-0.0738949328660965,-0.07937997579574585,-0.07026775181293488,0.00023318268358707428,-0.07050093449652195,1.9743399620056152,-4.852036878466606,-4.7044548243284225
A2PIGZCDGM4NJ7,tail_hit,3,-0.003828073386102915,-3.381887912750244,-0.005271553061902523,-2.0346450805664062,-2.1728079319000244,-0.0035380565095692873,-0.00328414817340672,-0.0037786432076245546,-0.0036267798859626055,-0.003694541286677122,-0.0037664840929210186,-0.0036773155443370342,-0.003632752923294902,-0.0014434796757996082,0.00020323318312875926,-0.0016467128589283675,1.2090799808502197,-2.0308170071803033,-2.1689798585139215
A1ZIDT0XJA10IR,tail_hit,3,-0.27754807472229004,-5.635488033294678,-0.260046124458313,-5.794608116149902,-6.078066349029541,-0.26232510805130005,-0.30981913208961487,-0.304208904504776,-0.2912013828754425,-0.29796257615089417,-0.31126242876052856,-0.2748192846775055,-0.29736992716789246,0.01750195026397705,-0.016073018312454224,0.033574968576431274,-0.4425783157348633,-5.517060041427612,-5.800518274307251
A3U0S17XYK8XMJ,tail_hit,14,-1.2083699703216553,-2.812352418899536,-1.2242439985275269,-2.4640302658081055,-3.461848020553589,-1.3002947568893433,-1.079184651374817,-1.0586745738983154,-1.2144536972045898,-1.1937916278839111,-1.1872934103012085,-1.2852771282196045,-1.2086490392684937,-0.015874028205871582,0.017417609691619873,-0.033291637897491455,-0.6494956016540527,-1.2556602954864502,-2.2534780502319336
A36SJGHQRKW92R,tail_hit,3,-0.28649666905403137,-2.860961675643921,-0.2092292308807373,-1.3558590412139893,-1.5428550243377686,-0.26264768838882446,-0.2597360610961914,-0.25950127840042114,-0.25438618659973145,-0.32004696130752563,-0.24635985493659973,-0.26322218775749207,-0.25026798248291016,0.07726743817329407,0.021975643932819366,0.0552917942404747,1.3181066513061523,-1.0693623721599579,-1.2563583552837372
A19OB162NGPFV4,tail_hit,3,-0.9023737907409668,-2.943721294403076,-0.930863082408905,-2.5069403648376465,-2.541290283203125,-0.8887073397636414,-0.8813711404800415,-0.943731963634491,-0.8783164024353027,-0.8520437479019165,-0.895358681678772,-0.8899626731872559,-0.9876960515975952,-0.028489291667938232,0.00022529065608978271,-0.028714582324028015,0.40243101119995117,-1.6045665740966797,-1.6389164924621582
A1P5KXK4E68DBI,tail_hit,3,-0.16989412903785706,-2.062286853790283,-0.14105278253555298,-0.9761055111885071,-1.0943694114685059,-0.18531282246112823,-0.16985304653644562,-0.14612632989883423,-0.15856574475765228,-0.16400231420993805,-0.18352708220481873,-0.15257176756858826,-0.20143702626228333,0.028841346502304077,-0.0002803876996040344,0.02912173420190811,0.9679174423217773,-0.80621138215065,-0.9244752824306488
A1LYDMJ55BBQJB,tail_hit,3,-1.0216872692108154,-1.3270238637924194,-1.0062059164047241,-1.0747202634811401,-0.992020308971405,-1.0104787349700928,-1.034548282623291,-1.0667712688446045,-1.0757023096084595,-1.0107285976409912,-1.0347988605499268,-1.0154763460159302,-1.0635029077529907,0.015481352806091309,-0.017313644289970398,0.03279499709606171,0.3350035548210144,-0.05303299427032471,0.0296669602394104
A37XBQWYQ1N1FF,tail_hit,12,-1.0341147184371948,-2.1521077156066895,-1.0698508024215698,-2.5773022174835205,-2.454599380493164,-0.9737350344657898,-1.0702412128448486,-1.053257942199707,-0.9910839796066284,-1.0619447231292725,-1.0378338098526,-1.0319875478744507,-1.046860694885254,-0.035736083984375,0.000746600329875946,-0.036482684314250946,-0.3024916648864746,-1.5431874990463257,-1.4204846620559692
A2NYHXSYSAKGI9,tail_hit,4,-1.3085064888000488,-1.770117163658142,-1.3361318111419678,-1.1475516557693481,-1.0640515089035034,-1.1882981061935425,-1.2282934188842773,-1.235994577407837,-1.2530272006988525,-1.2956393957138062,-1.3821005821228027,-1.290122389793396,-1.2155073881149292,-0.027625322341918945,0.04738360643386841,-0.07500892877578735,0.7060656547546387,0.16095483303070068,0.2444549798965454
A1Y6T2Y0G307A8,tail_hit,3,-0.26329880952835083,-1.5923410654067993,-0.29879435896873474,-1.1670795679092407,-1.230581521987915,-0.3142305910587311,-0.27609169483184814,-0.2780488431453705,-0.22606877982616425,-0.2593299448490143,-0.28959891200065613,-0.328254371881485,-0.29003849625587463,-0.03549554944038391,-0.019408894702792168,-0.016086654737591743,0.3617595434188843,-0.9037807583808899,-0.9672827124595642
A3EOR8KDVSEIPC,tail_hit,3,-0.7120044231414795,-2.578845500946045,-0.7629226446151733,-2.5402004718780518,-2.495485544204712,-0.7216962575912476,-0.7096731066703796,-0.7168124318122864,-0.667685866355896,-0.7468909025192261,-0.688700795173645,-0.7067217230796814,-0.6422468423843384,-0.05091822147369385,0.011950932443141937,-0.06286915391683578,0.08335995674133301,-1.8281960487365723,-1.7834811210632324
A2M1863O652DNZ,tail_hit,3,-1.1751872301101685,-1.5376914739608765,-1.2502892017364502,-1.601876974105835,-1.6189454793930054,-1.2278845310211182,-1.1818735599517822,-1.222470760345459,-1.1584889888763428,-1.177267074584961,-1.2214133739471436,-1.1355817317962646,-1.202288269996643,-0.07510197162628174,-0.015721306204795837,-0.0593806654214859,-0.0812540054321289,-0.4266897439956665,-0.4437582492828369
A3J0Q0HXJ24NHE,tail_hit,6,-0.5090042352676392,-1.5926487445831299,-0.47147369384765625,-1.2640396356582642,-1.260500192642212,-0.5415245890617371,-0.46429410576820374,-0.4919051229953766,-0.503757119178772,-0.5237823724746704,-0.5426265001296997,-0.4814072549343109,-0.5210760831832886,0.03753054141998291,0.00020759180188179016,0.03732294961810112,0.33214855194091797,-0.755035400390625,-0.7514959573745728
A6879F1Z2OQVX,tail_hit,4,-0.9700934886932373,-1.02835214138031,-0.9933562278747559,-1.0525578260421753,-1.067899465560913,-0.950800359249115,-0.9454643726348877,-0.9767891764640808,-0.9414446949958801,-0.937491238117218,-0.9106335639953613,-1.009464979171753,-1.007003664970398,-0.023262739181518555,0.010206982493400574,-0.03346972167491913,-0.03954732418060303,-0.08246433734893799,-0.09780597686767578
AECUU0SL4L6TH,tail_hit,3,-1.367405891418457,-2.573435068130493,-1.357024908065796,-1.352898120880127,-1.3113484382629395,-1.3717601299285889,-1.3860111236572266,-1.3869520425796509,-1.3983596563339233,-1.4254190921783447,-1.4320536851882935,-1.43700110912323,-1.462615966796875,0.010380983352661133,-0.04511570930480957,0.0554966926574707,1.2620866298675537,0.014507770538330078,0.05605745315551758
A1J496W6UVEYB2,tail_hit,4,-0.5247522592544556,-1.4858195781707764,-0.5370886921882629,-1.9265868663787842,-2.030266284942627,-0.49079960584640503,-0.47113460302352905,-0.49674496054649353,-0.48177585005760193,-0.4845944046974182,-0.46367350220680237,-0.500565230846405,-0.5307272672653198,-0.012336432933807373,0.034750331193208694,-0.04708676412701607,-0.5444467067718506,-1.4018346071243286,-1.5055140256881714
A3U9LCXD8K2036,tail_hit,3,-0.7440112829208374,-1.6716457605361938,-0.7808974385261536,-1.6130460500717163,-1.6977475881576538,-0.695110023021698,-0.711992084980011,-0.7414629459381104,-0.7039757966995239,-0.7587383985519409,-0.7792472243309021,-0.7053002119064331,-0.8596633672714233,-0.03688615560531616,-0.00042497366666793823,-0.036461181938648224,-0.02610182762145996,-0.8690347671508789,-0.9537363052368164
A1IQ2BN84E9QA1,tail_hit,5,-0.5751146078109741,-1.2038952112197876,-0.556759774684906,-0.7247691750526428,-0.9006893634796143,-0.5806660652160645,-0.5691233277320862,-0.6068771481513977,-0.6210464835166931,-0.5750965476036072,-0.5946589112281799,-0.6275681257247925,-0.5997149348258972,0.018354833126068115,-0.02172933518886566,0.04008416831493378,0.30320584774017334,-0.1496545672416687,-0.32557475566864014
AV3PSI43UN140,tail_hit,5,-0.18544864654541016,-3.443970203399658,-0.20811614394187927,-2.263965129852295,-1.9362850189208984,-0.19921265542507172,-0.1739892214536667,-0.16155581176280975,-0.1741771548986435,-0.18600742518901825,-0.22566524147987366,-0.18336915969848633,-0.1791103631258011,-0.022667497396469116,6.276741623878479e-05,-0.0227302648127079,1.5076851844787598,-2.0785164833068848,-1.7508363723754883
A1OT5EB0PKZVDU,tail_hit,3,-0.003828073386102915,-3.381887912750244,-0.005280808545649052,-2.035667657852173,-2.171964168548584,-0.003913086839020252,-0.0038939982187002897,-0.004127573221921921,-0.004312773235142231,-0.003649668302386999,-0.0033620367757976055,-0.004483526106923819,-0.0036909226328134537,-0.0014527351595461369,-0.00010112478048540652,-0.0013516103790607303,1.2099237442016602,-2.03183958446607,-2.168136095162481
A1XBMV24O4XUTO,tail_hit,7,-0.5913593173027039,-0.31939107179641724,-0.5730032324790955,-0.3049582540988922,-0.32193946838378906,-0.552997887134552,-0.6046899557113647,-0.6121209263801575,-0.5974437594413757,-0.5556865930557251,-0.5784861445426941,-0.5625139474868774,-0.5881434679031372,0.0183560848236084,0.009848982095718384,0.008507102727890015,-0.002548396587371826,0.28640106320381165,0.2694198489189148
AEB8O1VX9TE5J,tail_hit,3,-0.6951901912689209,-1.5346959829330444,-0.5778138041496277,-1.5037851333618164,-1.3333499431610107,-0.6566332578659058,-0.6832174062728882,-0.6760916709899902,-0.6995630264282227,-0.745424747467041,-0.7009578943252563,-0.7233633995056152,-0.661809504032135,0.11737638711929321,0.001807577908039093,0.11556880921125412,0.2013460397720337,-0.8085949420928955,-0.6381597518920898
ATJ029FA4QER1,tail_hit,3,-1.1657353639602661,-1.3242542743682861,-1.186501145362854,-1.2024977207183838,-1.1189587116241455,-1.1381008625030518,-1.1545450687408447,-1.1750825643539429,-1.1413230895996094,-1.1625075340270996,-1.1710091829299927,-1.1520004272460938,-1.172265648841858,-0.02076578140258789,0.007381066679954529,-0.02814684808254242,0.20529556274414062,-0.036762356758117676,0.046776652336120605
A1T8N18XKDLJO4,tail_hit,19,-0.8773126602172852,-1.926028847694397,-0.8198946118354797,-1.1005243062973022,-1.3727564811706543,-0.8493434190750122,-0.8364030122756958,-0.8801469802856445,-0.8774586915969849,-0.8837816119194031,-0.8813580274581909,-0.8442171812057495,-0.8714874982833862,0.05741804838180542,0.011788107454776764,0.045629940927028656,0.5532723665237427,-0.2232116460800171,-0.49544382095336914
A3QD7VWBD470D2,tail_hit,18,-0.41797739267349243,-2.5852653980255127,-0.5072417855262756,-2.000786542892456,-1.8932517766952515,-0.4090706706047058,-0.4035932123661041,-0.41464701294898987,-0.3925132155418396,-0.41115230321884155,-0.41380906105041504,-0.4396424889564514,-0.44019389152526855,-0.0892643928527832,0.002399660646915436,-0.09166405349969864,0.6920136213302612,-1.5828091502189636,-1.475274384021759
A2T6UCE94P1BSZ,tail_hit,4,-0.8964681625366211,-1.2003151178359985,-0.9939352869987488,-0.8159642219543457,-0.7374656796455383,-0.8972482085227966,-0.9368693232536316,-0.904259979724884,-0.906611442565918,-0.9177713990211487,-0.8982874751091003,-0.8876829743385315,-0.9261264801025391,-0.09746712446212769,-0.012888997793197632,-0.08457812666893005,0.4628494381904602,0.08050394058227539,0.15900248289108276
A1P07F0FW7U9OO,tail_hit,4,-0.6943377256393433,-1.9364659786224365,-0.6893060207366943,-1.408055305480957,-1.5613958835601807,-0.6871355772018433,-0.7231408357620239,-0.6879585385322571,-0.6629520058631897,-0.6980771422386169,-0.6835254430770874,-0.6901649236679077,-0.7363141775131226,0.005031704902648926,-0.0018208548426628113,0.006852559745311737,0.37507009506225586,-0.7137175798416138,-0.8670581579208374
A1SE6TN4EGB7W6,tail_hit,4,-0.498015820980072,-1.388305902481079,-0.44482940435409546,-1.8344100713729858,-1.6568059921264648,-0.5138527154922485,-0.5078755617141724,-0.5154598951339722,-0.48897475004196167,-0.50987708568573,-0.493319034576416,-0.4851667284965515,-0.5100643634796143,0.05318641662597656,-0.0050579458475112915,0.058244362473487854,-0.26850008964538574,-1.3363942503929138,-1.1587901711463928
A37T48TM9WA9X0,tail_hit,4,-1.2026348114013672,-1.1526471376419067,-1.2224457263946533,-1.4002635478973389,-1.3478543758392334,-1.1680190563201904,-1.1717150211334229,-1.2511403560638428,-1.209709882736206,-1.2207893133163452,-1.193117618560791,-1.1918747425079346,-1.2478301525115967,-0.019810914993286133,-0.004139706492424011,-0.01567120850086212,-0.19520723819732666,-0.19762873649597168,-0.1452195644378662
A1PDL4Q6X3CVHO,tail_hit,4,-0.9525464773178101,-2.511260986328125,-0.9764114618301392,-2.5465331077575684,-2.3954265117645264,-1.0484511852264404,-0.9859697222709656,-0.9894866943359375,-0.9926885366439819,-0.8841381072998047,-0.9576339721679688,-1.0305382013320923,-1.00286865234375,-0.0238649845123291,-0.03392540663480759,0.010060422122478485,0.11583447456359863,-1.5939866304397583,-1.4428800344467163
A13TQCPGBIZHGQ,tail_hit,3,-0.48146677017211914,-1.0043485164642334,-0.4547089636325836,-0.9743419885635376,-1.0787969827651978,-0.4860285818576813,-0.5116872191429138,-0.545577347278595,-0.5116174817085266,-0.5085824131965637,-0.4731113314628601,-0.5838394165039062,-0.5482204556465149,0.026757806539535522,-0.039616260677576065,0.06637406721711159,-0.07444846630096436,-0.49287521839141846,-0.5973302125930786
A33851IQ5SZMG4,tail_hit,5,-0.03586427494883537,-0.4045509099960327,-0.030235832557082176,-0.32461878657341003,-0.3716675043106079,-0.031705621629953384,-0.034474585205316544,-0.031124385073781013,-0.030675211921334267,-0.03189381957054138,-0.03374588489532471,-0.04036300256848335,-0.03180262818932533,0.005628442391753197,0.002641132567077875,0.0029873098246753216,0.032883405685424805,-0.28875451162457466,-0.33580322936177254
A1RWKNH4Z3W1ID,tail_hit,6,-0.6461402177810669,-1.881614327430725,-0.6563000679016113,-1.053508996963501,-1.39957594871521,-0.6432619094848633,-0.6353472471237183,-0.6636432409286499,-0.660330057144165,-0.6437004804611206,-0.6499208807945251,-0.6515677571296692,-0.6502192616462708,-0.010159850120544434,-0.0036086365580558777,-0.006551213562488556,0.48203837871551514,-0.4073687791824341,-0.7534357309341431
A2WA94ESPYZF0J,tail_hit,6,-0.7794984579086304,-0.38496237993240356,-0.7650914192199707,-1.092862606048584,-1.1375812292099,-0.7436174750328064,-0.8500760793685913,-0.6011484265327454,-0.7762444019317627,-0.7511707544326782,-0.8080695867538452,-0.7296839952468872,-0.8141804933547974,0.014407038688659668,0.02022455632686615,-0.005817517638206482,-0.7526188492774963,-0.3133641481399536,-0.35808277130126953
A2EXJQRLIUU4UJ,tail_hit,4,-0.004884918220341206,-7.175583839416504,-0.005081814713776112,-7.770074367523193,-8.261690139770508,-0.00583199318498373,-0.005332230590283871,-0.00654955580830574,-0.006153696216642857,-0.006299890577793121,-0.0047660511918365955,-0.005063042510300875,-0.005328467581421137,-0.000196896493434906,-0.0007806977373547852,0.0005838012439198792,-1.086106300354004,-7.765189449302852,-8.256805221550167
A3LMYO16SPUTPJ,tail_hit,5,-0.24969959259033203,-0.9764946103096008,-0.26634109020233154,-1.0988184213638306,-1.2495414018630981,-0.2479151338338852,-0.2435765415430069,-0.2510160505771637,-0.23066680133342743,-0.28261151909828186,-0.28357404470443726,-0.2456703633069992,-0.2537320554256439,-0.01664149761199951,-0.005145721137523651,-0.01149577647447586,-0.2730467915534973,-0.8491188287734985,-0.9998418092727661
APAIN6XWEABKJ,tail_hit,6,-0.874595046043396,-1.4491078853607178,-0.7231836915016174,-0.6533414721488953,-0.827826976776123,-0.8713487386703491,-0.8456028699874878,-0.8782913088798523,-0.949476420879364,-0.847486674785614,-0.909704864025116,-0.8924154043197632,-0.9242822527885437,0.15141135454177856,-0.015231020748615265,0.16664237529039383,0.6212809085845947,0.22125357389450073,0.04676806926727295
AN7AELA3YHNZK,tail_hit,11,-0.9141188859939575,-0.7297235131263733,-0.9594553112983704,-0.9210003614425659,-0.9176782369613647,-0.890123724937439,-0.9285324811935425,-0.905558705329895,-0.9364997744560242,-0.9261707067489624,-0.9576592445373535,-0.9262003898620605,-0.8826084136962891,-0.04533642530441284,-0.005050294101238251,-0.04028613120317459,-0.18795472383499146,-0.0068814754486083984,-0.0035593509674072266
AWLEYLUD5KOJS,tail_hit,4,-0.8013781309127808,-2.26088285446167,-0.530457615852356,-2.068333625793457,-2.105886697769165,-0.8251530528068542,-0.896631121635437,-0.7599902749061584,-0.8005879521369934,-0.8038917779922485,-0.8567546010017395,-0.8873874545097351,-0.8486522436141968,0.2709205150604248,-0.03350292891263962,0.3044234439730644,0.15499615669250488,-1.2669554948806763,-1.3045085668563843
ATPQLA9R6H4BQ,tail_hit,8,-0.3584001660346985,-0.10908930003643036,-0.35472410917282104,-0.7719347476959229,-0.717961311340332,-0.35994479060173035,-0.3375043272972107,-0.36466288566589355,-0.3675438463687897,-0.3762301206588745,-0.38476651906967163,-0.3512144982814789,-0.39973002672195435,0.0036760568618774414,-0.009299460798501968,0.01297551766037941,-0.6088719964027405,-0.41353458166122437,-0.35956114530563354
A3234ITFF99TO2,tail_hit,7,-1.0904573202133179,-1.5952999591827393,-1.160752534866333,-1.3573501110076904,-1.3372479677200317,-1.0743252038955688,-1.118297815322876,-1.1031367778778076,-1.0905498266220093,-1.0295919179916382,-1.144753098487854,-1.1274513006210327,-1.0569791793823242,-0.07029521465301514,-0.002678319811820984,-0.06761689484119415,0.2580519914627075,-0.26689279079437256,-0.24679064750671387
A3682Q1P1DZEPJ,tail_hit,5,-1.1238752603530884,-2.007063388824463,-1.179649829864502,-2.321284532546997,-2.379472255706787,-1.113084077835083,-1.0573148727416992,-1.0965887308120728,-1.1210272312164307,-1.0960466861724854,-1.12234365940094,-1.1387336254119873,-1.0805859565734863,-0.055774569511413574,0.020659655332565308,-0.07643422484397888,-0.3724088668823242,-1.1974092721939087,-1.2555969953536987
A311QT2NYDS6UD,tail_hit,3,-0.080482617020607,-1.4860481023788452,-0.07478219270706177,-1.6043031215667725,-0.7305908799171448,-0.08040426671504974,-0.07530669122934341,-0.10118082910776138,-0.0827324390411377,-0.0832870826125145,-0.07380155473947525,-0.0813976377248764,-0.08666405081748962,0.005700424313545227,-0.0026142019778490067,0.008314626291394234,0.7554572224617004,-1.5238205045461655,-0.6501082628965378
A1JD8OINVTICIN,tail_hit,3,-0.6351264715194702,-9.291581153869629,-0.5286209583282471,-8.351802825927734,-8.192484855651855,-0.6445410251617432,-0.6311876773834229,-0.6030149459838867,-0.6172265410423279,-0.5815461874008179,-0.6846575736999512,-0.6566926836967468,-0.6190260648727417,0.10650551319122314,0.005389884114265442,0.1011156290769577,1.0990962982177734,-7.716676354408264,-7.557358384132385
A38P7WIHDN62TF,tail_hit,6,-0.9489336013793945,-1.6733264923095703,-0.9205154776573181,-1.5978988409042358,-1.805732250213623,-1.0075937509536743,-0.9844399094581604,-0.9191249012947083,-1.0146514177322388,-0.9766548275947571,-0.8950391411781311,-0.9566256999969482,-0.9436149597167969,0.028418123722076416,-0.013284474611282349,0.041702598333358765,-0.13240575790405273,-0.6489652395248413,-0.8567986488342285
A3N3DCYO2X3Q05,tail_hit,4,-0.9141280055046082,-2.525176525115967,-0.8595098257064819,-2.4898521900177,-2.4957385063171387,-0.8485125303268433,-0.8559932708740234,-0.9085418581962585,-0.8631466031074524,-0.8736546635627747,-0.9022839665412903,-0.8997195959091187,-0.9205073118209839,0.05461817979812622,0.030083030462265015,0.024535149335861206,0.029438018798828125,-1.575724184513092,-1.5816105008125305
A1RQCHEUH50KQU,tail_hit,4,-0.48202404379844666,-0.3839576840400696,-0.6258510947227478,-0.5774967074394226,-0.7405223846435547,-0.4636457860469818,-0.47068873047828674,-0.45111069083213806,-0.4614645838737488,-0.48796001076698303,-0.5271769762039185,-0.5189810991287231,-0.493027925491333,-0.14382705092430115,-0.0022329315543174744,-0.14159411936998367,-0.3565647006034851,-0.09547266364097595,-0.25849834084510803
A2OV9WUKLZHJEW,tail_hit,5,-0.2316848337650299,-1.1805646419525146,-0.09973221272230148,-1.2998603582382202,-1.3133429288864136,-0.21817071735858917,-0.20903773605823517,-0.2310110330581665,-0.20601992309093475,-0.21892614662647247,-0.24684250354766846,-0.20744018256664276,-0.22171075642108917,0.13195262104272842,0.0117899589240551,0.12016266211867332,-0.13277828693389893,-1.0681755244731903,-1.0816580951213837
A3M7YXF4H84X5V,tail_hit,7,-0.9646113514900208,-1.036062479019165,-0.9725402593612671,-1.1234172582626343,-1.1128294467926025,-0.9428974390029907,-0.9428625106811523,-0.9437150955200195,-0.9440981149673462,-0.9433873295783997,-0.9501419067382812,-0.9468023180961609,-0.9465111494064331,-0.007928907871246338,0.01955936849117279,-0.02748827636241913,-0.0767669677734375,-0.15880590677261353,-0.1482180953025818
A3643PGL1V9Q7L,tail_hit,4,-0.9797553420066833,-0.5599153637886047,-0.9754111766815186,-0.6647464632987976,-0.6865525841712952,-0.9684514999389648,-0.970331609249115,-0.9541950225830078,-0.8548402786254883,-0.9335870742797852,-0.954554557800293,-0.9637535214424133,-0.9672091603279114,0.004344165325164795,0.033890001475811005,-0.02954583615064621,-0.12663722038269043,0.31500887870788574,0.2932027578353882
A3U4KMKSO3OWU1,tail_hit,3,-1.2130801677703857,-1.3715358972549438,-1.2695162296295166,-1.103524923324585,-1.0702513456344604,-1.2310004234313965,-1.2118351459503174,-1.345555067062378,-1.2282288074493408,-1.1417920589447021,-1.1483662128448486,-1.1827682256698608,-1.1973227262496948,-0.05643606185913086,0.0022215843200683594,-0.05865764617919922,0.3012845516204834,0.10955524444580078,0.1428288221359253
A2JVH8SM0HB9QX,tail_hit,8,-1.1822922229766846,-7.607870578765869,-1.1687251329421997,-6.530694007873535,-6.797630310058594,-1.1882951259613037,-1.1599832773208618,-1.1824244260787964,-1.1779714822769165,-1.1900988817214966,-1.1468104124069214,-1.195842981338501,-1.2378625869750977,0.013567090034484863,-0.002618923783302307,0.01618601381778717,0.8102402687072754,-5.348401784896851,-5.615338087081909
AH3YDMM67FS3S,tail_hit,5,-0.7932613492012024,-2.432743549346924,-0.817517876625061,-2.1375865936279297,-2.1439781188964844,-0.8763825297355652,-0.831867516040802,-0.7930958867073059,-0.7836297154426575,-0.8288244009017944,-0.8249071836471558,-0.8012261390686035,-0.7743308544158936,-0.024256527423858643,-0.021021679043769836,-0.003234848380088806,0.28876543045043945,-1.3443252444267273,-1.350716769695282
A2CQPE55ACXIJD,tail_hit,6,-0.3848787844181061,-1.48331618309021,-0.26428940892219543,-1.5789220333099365,-1.6796166896820068,-0.3662387728691101,-0.3840649425983429,-0.37712374329566956,-0.40361228585243225,-0.36684978008270264,-0.4246286451816559,-0.35764455795288086,-0.34579604864120483,0.12058937549591064,0.006633937358856201,0.11395543813705444,-0.19630050659179688,-1.1940432488918304,-1.2947379052639008
A3HUOLUSKJV56M,tail_hit,4,-1.0758594274520874,-2.5958473682403564,-0.8966375589370728,-1.7192926406860352,-1.606682538986206,-1.009372353553772,-1.03615403175354,-1.0330345630645752,-1.0873969793319702,-1.094751000404358,-1.0732768774032593,-1.0422056913375854,-1.0723984241485596,0.17922186851501465,0.01978568732738495,0.1594361811876297,0.9891648292541504,-0.6434332132339478,-0.5308231115341187
A11VQ0T0RHR4BC,tail_hit,3,-1.2425744533538818,-1.3738600015640259,-1.2326910495758057,-1.2547640800476074,-1.1832095384597778,-1.2390116453170776,-1.2951174974441528,-1.2594338655471802,-1.2645364999771118,-1.2476595640182495,-1.2668195962905884,-1.2192144393920898,-1.2144328355789185,0.009883403778076172,-0.008203789591789246,0.018087193369865417,0.19065046310424805,-0.012189626693725586,0.059364914894104004
A12HV5F53N137I,tail_hit,3,-1.4345287084579468,-8.374395370483398,-1.3731732368469238,-6.644233703613281,-6.708233833312988,-1.456581950187683,-1.4179365634918213,-1.384122610092163,-1.4289355278015137,-1.4570486545562744,-1.455148458480835,-1.4490143060684204,-1.3796331882476807,0.06135547161102295,0.005976051092147827,0.05537942051887512,1.6661615371704102,-5.2097049951553345,-5.2737051248550415
A3NV53Q5KT8QC9,tail_hit,15,-1.1011550426483154,-1.3146727085113525,-1.1286046504974365,-1.4536066055297852,-1.3337628841400146,-1.0804280042648315,-1.1154297590255737,-1.0805332660675049,-1.1146104335784912,-1.0876187086105347,-1.094135046005249,-1.0559351444244385,-1.0688755512237549,-0.027449607849121094,0.013959303498268127,-0.04140891134738922,-0.01909017562866211,-0.3524515628814697,-0.23260784149169922
A37XQ1R7WFPXXP,tail_hit,13,-0.4477694034576416,-1.5439364910125732,-0.4775759279727936,-0.8002241253852844,-0.8971529006958008,-0.47807198762893677,-0.4145919680595398,-0.46562162041664124,-0.4536620080471039,-0.44820117950439453,-0.4930531978607178,-0.461544930934906,-0.4171367287635803,-0.029806524515151978,-0.0062160491943359375,-0.02359047532081604,0.6467835903167725,-0.3524547219276428,-0.4493834972381592
A1KWNP9T3HH0SF,tail_hit,5,-0.9506574869155884,-7.344580173492432,-0.8409492373466492,-7.3263115882873535,-7.278253078460693,-0.928160548210144,-0.9210141897201538,-0.9114681482315063,-0.9500268697738647,-0.9294221997261047,-0.999771773815155,-0.9373916387557983,-1.0359423160552979,0.10970824956893921,-0.0009922236204147339,0.11070047318935394,0.06632709503173828,-6.375654101371765,-6.327595591545105
A3UZO391QQGAIX,tail_hit,5,-0.39860278367996216,-4.934815406799316,-0.3403624892234802,-3.808350086212158,-3.692908525466919,-0.3882887065410614,-0.4207087457180023,-0.38559690117836,-0.39569926261901855,-0.37061208486557007,-0.37688833475112915,-0.3894900679588318,-0.43666744232177734,0.058240294456481934,0.003108840435743332,0.0551314540207386,1.2419068813323975,-3.409747302532196,-3.294305741786957
A1HFG50HXQN9W6,tail_hit,4,-0.30524009466171265,-2.260603666305542,-0.24980014562606812,-1.8640905618667603,-1.799413800239563,-0.30893516540527344,-0.3053174316883087,-0.32285967469215393,-0.3286841809749603,-0.2921869456768036,-0.30934977531433105,-0.27700477838516235,-0.28770938515663147,0.05543994903564453,0.0012341775000095367,0.054205771535634995,0.461189866065979,-1.5588504672050476,-1.4941737055778503
A3M6I2ZQ9KTPKH,tail_hit,3,-0.7005089521408081,-1.3508367538452148,-0.733079731464386,-0.8102561831474304,-0.8187111020088196,-0.7522854208946228,-0.7379645109176636,-0.6900490522384644,-0.6857823729515076,-0.7286444902420044,-0.7349592447280884,-0.7454341053962708,-0.6582981944084167,-0.03257077932357788,-0.016168221831321716,-0.016402557492256165,0.5321256518363953,-0.10974723100662231,-0.11820214986801147
A1NN8Q1DLAYPGH,tail_hit,20,-0.8254437446594238,-2.5037922859191895,-0.8302021026611328,-1.1932176351547241,-1.1949962377548218,-0.8221337199211121,-0.8391765356063843,-0.835433304309845,-0.8572918772697449,-0.8176647424697876,-0.8354189991950989,-0.8038484454154968,-0.8379009962081909,-0.004758358001708984,-0.005664832890033722,0.0009064748883247375,1.3087960481643677,-0.3677738904953003,-0.36955249309539795
A168O2YKPE9BE8,tail_hit,20,-1.1657764911651611,-1.3656240701675415,-1.361923098564148,-1.0615389347076416,-1.6920404434204102,-1.2008601427078247,-1.146645426750183,-1.2117745876312256,-1.157633662223816,-1.101064920425415,-1.1854904890060425,-1.1289656162261963,-1.180989146232605,-0.19614660739898682,0.0015984922647476196,-0.19774509966373444,-0.32641637325286865,0.10423755645751953,-0.526263952255249
AWWGHXFRFPF55,tail_hit,3,-0.6956955790519714,-3.365435838699341,-0.7895528674125671,-2.164921522140503,-2.238002061843872,-0.6902638673782349,-0.6720302700996399,-0.7202454805374146,-0.6684762835502625,-0.7475563287734985,-0.6315926313400269,-0.6833747625350952,-0.697198212146759,-0.0938572883605957,0.006853349506855011,-0.10071063786745071,1.1274337768554688,-1.4692259430885315,-1.5423064827919006
AW02ZXLX043RP,tail_hit,3,-0.7166339159011841,-1.409986138343811,-0.9711359143257141,-1.53387451171875,-1.7685127258300781,-0.6675211191177368,-0.658769428730011,-0.7940108180046082,-0.6433808207511902,-0.6719938516616821,-0.6755147576332092,-0.5867151021957397,-0.6408513784408569,-0.25450199842453003,0.04928925633430481,-0.30379125475883484,-0.3585265874862671,-0.8172405958175659,-1.051878809928894
A2LDVKGU2ND1AO,tail_hit,4,-1.0461108684539795,-3.68632435798645,-1.073244571685791,-2.9110119342803955,-2.9647419452667236,-1.0758252143859863,-1.0415815114974976,-1.0297162532806396,-1.0520155429840088,-1.0281903743743896,-1.0872862339019775,-1.0733137130737305,-1.0368443727493286,-0.027133703231811523,-0.006985783576965332,-0.02014791965484619,0.7215824127197266,-1.864901065826416,-1.9186310768127441
A2Z610QN7YLLVU,tail_hit,4,-0.669248104095459,-0.3160354197025299,-0.611985445022583,-0.5519596934318542,-0.5099706649780273,-0.6420580148696899,-0.6174200773239136,-0.6790590882301331,-0.6162326335906982,-0.6783708930015564,-0.653833270072937,-0.6802979111671448,-0.6740233302116394,0.05726265907287598,0.014086201786994934,0.04317645728588104,-0.19393524527549744,0.11728841066360474,0.15927743911743164
A1R06A22VYAX3U,tail_hit,6,-0.03288791701197624,-1.3855469226837158,-0.029968837276101112,-1.1146323680877686,-1.256081223487854,-0.034552957862615585,-0.02861102484166622,-0.036593034863471985,-0.030222445726394653,-0.031524673104286194,-0.03354042023420334,-0.03588181361556053,-0.03129677101969719,0.0029190797358751297,0.00011002435348927975,0.00280905538238585,0.12946569919586182,-1.0817444510757923,-1.2231933064758778
A3SMV35531YME,tail_hit,11,-1.2150405645370483,-2.2725918292999268,-1.24331533908844,-1.5352083444595337,-1.6123809814453125,-1.220363736152649,-1.2050246000289917,-1.22321355342865,-1.2327386140823364,-1.252798080444336,-1.2012192010879517,-1.1967723369598389,-1.216065526008606,-0.0282747745513916,-0.003483891487121582,-0.02479088306427002,0.6602108478546143,-0.32016777992248535,-0.39734041690826416
A2EBY3L99H90YY,tail_hit,3,-1.153100609779358,-2.289501428604126,-1.1339874267578125,-1.2017399072647095,-1.1445188522338867,-1.2700742483139038,-1.2259026765823364,-1.158237338066101,-1.2220853567123413,-1.2127984762191772,-1.158790111541748,-1.1562038660049438,-1.2009410858154297,0.01911318302154541,-0.04752853512763977,0.06664171814918518,1.1449825763702393,-0.04863929748535156,0.008581757545471191
AEVX44BWYA6NS,tail_hit,5,-0.4212232530117035,-1.8575828075408936,-0.36133846640586853,-1.3993934392929077,-1.4861739873886108,-0.49017658829689026,-0.4030437469482422,-0.4246525168418884,-0.4123832583427429,-0.3840532898902893,-0.3925657868385315,-0.40341848134994507,-0.42915624380111694,0.05988478660583496,0.0037920139729976654,0.056092772632837296,0.3714088201522827,-0.9781701862812042,-1.0649507343769073
A12HI8X1Y0NU6O,tail_hit,3,-0.46655505895614624,-0.6880400776863098,-0.43282604217529297,-1.0031176805496216,-1.3164501190185547,-0.4367489814758301,-0.41716820001602173,-0.45615512132644653,-0.48365679383277893,-0.4510767459869385,-0.4467926025390625,-0.46710872650146484,-0.48018765449523926,0.03372901678085327,0.011693205684423447,0.022035811096429825,-0.6284100413322449,-0.5365626215934753,-0.8498950600624084
ATP8I8FJA2HRB,tail_hit,7,-1.525803804397583,-0.569866955280304,-1.5303399562835693,-1.0640772581100464,-1.0811128616333008,-1.4932940006256104,-1.4856499433517456,-1.4883615970611572,-1.6166317462921143,-1.5196990966796875,-1.4813941717147827,-1.4937994480133057,-1.4888912439346313,-0.004536151885986328,0.017338648438453674,-0.021874800324440002,-0.5112459063529968,0.4617265462875366,0.4446909427642822
A22YUFT9K4SGYD,tail_hit,7,-0.07736716419458389,-1.6306037902832031,-0.07140486687421799,-1.2861744165420532,-1.3877222537994385,-0.07061495631933212,-0.07966404408216476,-0.07361675798892975,-0.08154722303152084,-0.06240292266011238,-0.06878051906824112,-0.0661327987909317,-0.06894610822200775,0.005962297320365906,0.005903997924178839,5.829939618706703e-05,0.24288153648376465,-1.2088072523474693,-1.3103550896048546
A1JEA7U282WD4,tail_hit,3,-1.1526654958724976,-2.011451244354248,-1.3210673332214355,-0.8661075830459595,-1.0234863758087158,-1.105316400527954,-1.3202123641967773,-1.3032456636428833,-1.110263466835022,-1.186734914779663,-1.118957281112671,-0.9756457209587097,-1.1637041568756104,-0.168401837348938,-0.007844500243663788,-0.1605573371052742,0.9879648685455322,0.2865579128265381,0.12917912006378174
A29BPMJI0ZYH4H,tail_hit,17,-0.053935706615448,-10.155105590820312,-0.06479726731777191,-11.936236381530762,-11.733713150024414,-0.04043617099523544,-0.045404598116874695,-0.05088191106915474,-0.0397404208779335,-0.05689064785838127,-0.04680625721812248,-0.0510726198554039,-0.05451119691133499,-0.010861560702323914,0.00571772875264287,-0.016579289454966784,-1.5786075592041016,-11.882300674915314,-11.679777443408966
A32XUAP93FVPC8,tail_hit,5,-0.8664121627807617,-2.3859035968780518,-0.8616330027580261,-0.7860554456710815,-0.8834110498428345,-0.8338054418563843,-0.8802399635314941,-0.8907407522201538,-0.850862979888916,-0.8950420618057251,-0.8787075281143188,-0.8900370597839355,-0.8872388601303101,0.004779160022735596,-0.009422168135643005,0.014201328158378601,1.5024925470352173,0.08035671710968018,-0.016998887062072754
A2QUBJUGBUFA5A,tail_hit,4,-0.07174686342477798,-2.040055990219116,-0.04933028295636177,-1.610486388206482,-1.4275925159454346,-0.0628512054681778,-0.058236755430698395,-0.06605597585439682,-0.06772501766681671,-0.0812617763876915,-0.06468720734119415,-0.06942421942949295,-0.07214626669883728,0.022416580468416214,0.003948310390114784,0.01846827007830143,0.6124634742736816,-1.538739524781704,-1.3558456525206566
A26I8RW155YET,tail_hit,5,-0.6008177995681763,-0.911425769329071,-0.6270619630813599,-0.360435426235199,-0.5919443964958191,-0.6100543141365051,-0.6369549632072449,-0.6086746454238892,-0.5915249586105347,-0.5807105898857117,-0.602537214756012,-0.6294835209846497,-0.6156574487686157,-0.026244163513183594,-0.008631907403469086,-0.017612256109714508,0.31948137283325195,0.2403823733329773,0.008873403072357178
A1AR1WF1CKGA9J,tail_hit,3,-0.8095819354057312,-2.3978464603424072,-0.5889289975166321,-2.4636597633361816,-2.445401430130005,-0.8488717079162598,-0.7831523418426514,-0.7898284792900085,-0.8487739562988281,-0.7796167731285095,-0.8571314811706543,-0.810306966304779,-0.7389494776725769,0.22065293788909912,0.002503037452697754,0.21814990043640137,-0.047554969787597656,-1.6540778279304504,-1.6358194947242737
AE2IONBYO8GP1,tail_hit,6,-0.8706945180892944,-1.5204195976257324,-0.8733446002006531,-1.241310715675354,-1.3464692831039429,-0.815147876739502,-0.875093936920166,-0.8561838865280151,-0.8850526809692383,-0.8984723091125488,-0.8659592866897583,-0.867587685585022,-0.8651324510574341,-0.0026500821113586426,0.004615753889083862,-0.007265836000442505,0.17395031452178955,-0.37061619758605957,-0.47577476501464844
A2QFTJAT1D5PIL,tail_hit,7,-0.8111844062805176,-1.7348674535751343,-0.7296822667121887,-0.875639021396637,-0.8795573711395264,-0.799920380115509,-0.789750337600708,-0.8069494366645813,-0.8189287781715393,-0.8164814114570618,-0.7868781685829163,-0.8053835034370422,-0.7968656420707703,0.08150213956832886,0.008539699018001556,0.0729624405503273,0.8553100824356079,-0.06445461511611938,-0.06837296485900879
A2MKY6T9KE7I54,tail_hit,5,-0.1356276571750641,-2.8646011352539062,-0.26394379138946533,-1.9576032161712646,-2.4053726196289062,-0.1356211006641388,-0.1422121822834015,-0.11827069520950317,-0.12359918653964996,-0.12984199821949005,-0.1470179259777069,-0.12305837869644165,-0.12772558629512787,-0.12831613421440125,0.004709275439381599,-0.13302540965378284,0.459228515625,-1.8219755589962006,-2.269744962453842
A1WYA1209F7AKV,tail_hit,3,-0.914821445941925,-10.255400657653809,-1.1738353967666626,-10.879021644592285,-10.952287673950195,-0.9453710317611694,-0.9207135438919067,-0.8337680101394653,-0.9067733883857727,-0.9032103419303894,-0.9227839708328247,-0.9119951128959656,-0.8948456645011902,-0.25901395082473755,0.009888812899589539,-0.2689027637243271,-0.6968870162963867,-9.96420019865036,-10.03746622800827
A2M06O71QQGODU,tail_hit,6,-0.3260873556137085,-2.5035738945007324,-0.31222012639045715,-1.8104490041732788,-1.8479950428009033,-0.31128785014152527,-0.32937487959861755,-0.3177573084831238,-0.3265930116176605,-0.32293352484703064,-0.32647937536239624,-0.31498652696609497,-0.3175968825817108,0.013867229223251343,0.005211185663938522,0.00865604355931282,0.6555788516998291,-1.4843616485595703,-1.5219076871871948
A1ZTE3K3EN4TS3,tail_hit,17,-1.0866302251815796,-2.2455694675445557,-1.1071555614471436,-2.1837310791015625,-2.2873666286468506,-1.056256651878357,-1.1110427379608154,-1.0918166637420654,-1.12603759765625,-1.0704967975616455,-1.0605437755584717,-1.1114988327026367,-1.0563428401947021,-0.020525336265563965,0.0011257380247116089,-0.021651074290275574,-0.04179716110229492,-1.097100853919983,-1.200736403465271
A1HZVR1NO0C9Z8,tail_hit,9,-1.1474722623825073,-2.889939546585083,-1.1281710863113403,-1.9101228713989258,-1.9262975454330444,-1.1947627067565918,-1.1635938882827759,-1.1577974557876587,-1.1729543209075928,-1.1593674421310425,-1.1300419569015503,-1.1079540252685547,-1.1355167627334595,0.019301176071166992,-0.005276307463645935,0.024577483534812927,0.9636420011520386,-0.7626506090164185,-0.7788252830505371
A1KF73Y4KJ34TK,tail_hit,16,-1.8698829412460327,-4.2253313064575195,-1.9547914266586304,-2.9202396869659424,-3.1814088821411133,-1.8621485233306885,-1.8629980087280273,-1.8630425930023193,-1.8520408868789673,-1.8494884967803955,-1.8843224048614502,-1.8542057275772095,-1.8567224740982056,-0.08490848541259766,0.009261801838874817,-0.09417028725147247,1.0439224243164062,-1.0503567457199097,-1.3115259408950806
A2QWHEI914GHRZ,tail_hit,9,-0.25996294617652893,-2.837777853012085,-0.2750508189201355,-2.3398261070251465,-2.380192995071411,-0.26434212923049927,-0.25027400255203247,-0.2365453541278839,-0.26331907510757446,-0.2533862590789795,-0.273589551448822,-0.2559669613838196,-0.24342799186706543,-0.015087872743606567,0.004856530576944351,-0.01994440332055092,0.45758485794067383,-2.0798631608486176,-2.120230048894882
A233PJBTEB72BG,tail_hit,4,-0.8804032206535339,-0.8712005615234375,-1.1542819738388062,-0.8326869606971741,-0.9761708378791809,-0.7873579859733582,-0.9327966570854187,-0.8414909243583679,-0.8674636483192444,-0.921196699142456,-0.9484245181083679,-1.0191458463668823,-0.8975486755371094,-0.2738787531852722,-0.02152489870786667,-0.25235385447740555,-0.10497027635574341,0.04771625995635986,-0.09576761722564697
A1IC0HZ35M0406,tail_hit,4,-0.36092332005500793,-0.4780290722846985,-0.3700604736804962,-0.49348583817481995,-0.5972194671630859,-0.337468683719635,-0.3427419066429138,-0.3594802916049957,-0.3790760040283203,-0.37743914127349854,-0.39271146059036255,-0.3646469712257385,-0.3536268174648285,-0.009137153625488281,-0.0024755895137786865,-0.006661564111709595,-0.11919039487838745,-0.132562518119812,-0.236296147108078
A11A7KJ96IPL2E,tail_hit,3,-1.4361457824707031,-2.6428558826446533,-1.2635400295257568,-1.875200867652893,-1.7393451929092407,-1.5161800384521484,-1.4558296203613281,-1.424797773361206,-1.4711469411849976,-1.4061152935028076,-1.4167817831039429,-1.3798015117645264,-1.4848495721817017,0.1726057529449463,-0.008292034268379211,0.1808977872133255,0.9035106897354126,-0.43905508518218994,-0.3031994104385376
A1R25OC51QOOJ,tail_hit,5,-0.690890371799469,-0.7324579358100891,-0.6568052768707275,-1.0902563333511353,-1.0425612926483154,-0.7006717920303345,-0.6602972745895386,-0.6767829060554504,-0.6768491268157959,-0.6500091552734375,-0.6911503076553345,-0.7429131269454956,-0.6673035621643066,0.034085094928741455,0.007643215358257294,0.02644187957048416,-0.3101033568382263,-0.39936596155166626,-0.35167092084884644
A1HKBGI59UP6IM,tail_hit,4,-0.9387096762657166,-1.5878492593765259,-0.948441207408905,-1.1790051460266113,-1.130549430847168,-0.8205692172050476,-0.9050526022911072,-0.8358569741249084,-0.9445167183876038,-0.9025239944458008,-0.9703651070594788,-0.9496693015098572,-0.9036681056022644,-0.009731531143188477,0.03468192368745804,-0.044413454830646515,0.4572998285293579,-0.24029546976089478,-0.19183975458145142
A2BAT0VUGGPP3S,tail_hit,4,-0.24225279688835144,-0.5081601142883301,-0.2716379761695862,-0.6619490385055542,-0.7426022887229919,-0.23982548713684082,-0.22982218861579895,-0.21568083763122559,-0.27408885955810547,-0.23510484397411346,-0.25144338607788086,-0.24121025204658508,-0.26423704624176025,-0.02938517928123474,-0.0016738157719373703,-0.02771136350929737,-0.23444217443466187,-0.41969624161720276,-0.5003494918346405
A149ULJYQZUF4L,tail_hit,4,-1.0526502132415771,-2.782048463821411,-1.1083000898361206,-2.3063666820526123,-2.147169589996338,-1.0503365993499756,-1.0900428295135498,-1.0735278129577637,-1.0996991395950317,-1.0752804279327393,-1.0192104578018188,-1.0639969110488892,-1.1054003238677979,-0.05564987659454346,-0.01953659951686859,-0.036113277077674866,0.6348788738250732,-1.2537164688110352,-1.0945193767547607
AXT30975SM6MK,tail_hit,3,-1.0471985340118408,-0.659138023853302,-1.0100210905075073,-1.2088921070098877,-1.2562024593353271,-1.0830892324447632,-1.0628125667572021,-1.0179564952850342,-1.0864927768707275,-1.1745707988739014,-1.016709566116333,-1.0287046432495117,-1.0779521465301514,0.037177443504333496,-0.021337494254112244,0.05851493775844574,-0.5970644354820251,-0.16169357299804688,-0.20900392532348633
A2DEASVNI2RHUX,tail_hit,3,-0.8416964411735535,-2.399144172668457,-0.7772480249404907,-2.613286018371582,-2.4466094970703125,-0.7808868288993835,-0.7764767408370972,-0.8127080798149109,-0.8549243807792664,-0.8216556310653687,-0.798636794090271,-0.7603067755699158,-0.8227481842041016,0.06444841623306274,0.0381535142660141,0.026294901967048645,-0.04746532440185547,-1.7715895771980286,-1.604913055896759
A346YRPUO0OCCL,tail_hit,3,-0.5992568731307983,-2.452305555343628,-0.660713255405426,-2.0554580688476562,-2.2424557209014893,-0.6168729066848755,-0.6092614531517029,-0.5774017572402954,-0.6233558654785156,-0.5780055522918701,-0.6107834577560425,-0.6077147126197815,-0.6191563606262207,-0.061456382274627686,-0.006062135100364685,-0.055394247174263,0.20984983444213867,-1.456201195716858,-1.643198847770691
A1BOJE4E44MYW6,tail_hit,4,-1.1177623271942139,-1.8224509954452515,-1.1760057210922241,-1.3838542699813843,-1.235285997390747,-1.1700960397720337,-1.0775476694107056,-1.107297420501709,-1.1264195442199707,-1.1120225191116333,-1.052901029586792,-1.1184217929840088,-1.174344778060913,-0.058243393898010254,0.00038097798824310303,-0.05862437188625336,0.5871649980545044,-0.2660919427871704,-0.1175236701965332
A1IM0QKWXDATVD,tail_hit,4,-1.1831562519073486,-0.8385114669799805,-1.208375334739685,-1.0188236236572266,-0.982965350151062,-1.1914314031600952,-1.2066662311553955,-1.0329225063323975,-1.1867939233779907,-1.1934868097305298,-1.1783974170684814,-1.1713242530822754,-1.1965420246124268,-0.025219082832336426,0.013460680842399597,-0.03867976367473602,-0.14445388317108154,0.16433262825012207,0.20019090175628662
AJZAFUKN6FFZJ,tail_hit,3,-0.9472635388374329,-1.6092296838760376,-0.9064092636108398,-1.4817121028900146,-1.4830235242843628,-0.9536983370780945,-0.9500112533569336,-0.9908143281936646,-1.023461103439331,-0.9650417566299438,-0.9425592422485352,-0.9950186014175415,-0.9742599725723267,0.04085427522659302,-0.027094535529613495,0.06794881075620651,0.1262061595916748,-0.5344485640525818,-0.5357599854469299
A2II66WGDUGUS0,tail_hit,4,-0.9238120913505554,-0.37567490339279175,-0.9653593301773071,-0.8447378277778625,-0.8397919535636902,-0.8659372329711914,-0.8997504115104675,-0.8395563364028931,-0.8856651186943054,-0.9193513989448547,-0.9447681307792664,-0.8869280815124512,-0.883672833442688,-0.04154723882675171,0.03310839831829071,-0.07465563714504242,-0.46411705017089844,0.07907426357269287,0.08402013778686523
A1X4JO8EJ1U5BR,tail_hit,9,-0.942630410194397,-1.6376304626464844,-0.961743950843811,-2.0286765098571777,-2.2081618309020996,-0.9076254963874817,-0.9205856323242188,-0.9728809595108032,-0.9409126043319702,-0.9403585195541382,-0.9845336079597473,-0.909075915813446,-0.918282687664032,-0.019113540649414062,0.005848482251167297,-0.02496202290058136,-0.5705313682556152,-1.0860460996627808,-1.2655314207077026
A3K9CDK8A2RV3T,tail_hit,3,-1.3750531673431396,-3.0339322090148926,-1.266947627067566,-1.824039101600647,-1.817040205001831,-1.2699636220932007,-1.4183059930801392,-1.3662139177322388,-1.3517000675201416,-1.3273683786392212,-1.4145801067352295,-1.4182796478271484,-1.3254131078720093,0.10810554027557373,0.013575062155723572,0.09453047811985016,1.2168920040130615,-0.4489859342575073,-0.4419870376586914
A1ODJ1ZDA8ZI52,tail_hit,3,-1.134555697441101,-2.6603970527648926,-1.2661904096603394,-1.8942632675170898,-1.9921836853027344,-1.1146913766860962,-1.1266086101531982,-1.145023226737976,-1.12003493309021,-1.1058743000030518,-1.136263132095337,-1.1461536884307861,-1.0946928262710571,-0.13163471221923828,0.010887935757637024,-0.1425226479768753,0.6682133674621582,-0.7597075700759888,-0.8576279878616333
A10GEMYI2G9WZ,tail_hit,4,-0.024248352274298668,-5.549471378326416,-0.0658644586801529,-7.157742500305176,-8.011893272399902,-0.023975441232323647,-0.023164700716733932,-0.02295450121164322,-0.026903580874204636,-0.028020482510328293,-0.024603893980383873,-0.021280813962221146,-0.024288702756166458,-0.041616106405854225,-0.0001506623812019825,-0.04146544402465224,-2.4624218940734863,-7.133494148030877,-7.987644920125604
A12MAAMTXFZ9Y5,tail_hit,5,-1.0695891380310059,-4.956559181213379,-1.0993400812149048,-2.7672619819641113,-3.007476329803467,-1.075758457183838,-1.1220438480377197,-1.081950306892395,-1.075673222541809,-1.0907504558563232,-1.083528757095337,-1.1613547801971436,-1.0647637844085693,-0.029750943183898926,-0.024888813495635986,-0.0048621296882629395,1.949082851409912,-1.6976728439331055,-1.937887191772461
A18EORJUFYO2WE,tail_hit,11,-1.1430060863494873,-2.1009340286254883,-1.0940163135528564,-1.845903992652893,-1.897162675857544,-1.1006625890731812,-1.0602891445159912,-1.1631180047988892,-1.0248229503631592,-1.022845983505249,-1.034292459487915,-1.111221432685852,-1.1041914224624634,0.04898977279663086,0.06532558798789978,-0.01633581519126892,0.20377135276794434,-0.7028979063034058,-0.7541565895080566
A1P0JSFW184ZXJ,tail_hit,20,-0.8877296447753906,-3.223881244659424,-0.9020106196403503,-2.5232155323028564,-2.7750046253204346,-0.8702911138534546,-0.8987423777580261,-0.844100832939148,-0.8691387176513672,-0.8840877413749695,-0.8956841230392456,-0.8688641786575317,-0.8839420080184937,-0.014280974864959717,0.010873258113861084,-0.0251542329788208,0.44887661933898926,-1.6354858875274658,-1.887274980545044
A3N6SJVJNOJ6YK,tail_hit,5,-0.6973865628242493,-0.9160827994346619,-0.5191738605499268,-0.32146885991096497,-0.664172351360321,-0.6909615397453308,-0.68880695104599,-0.6966767907142639,-0.6925236582756042,-0.6767179369926453,-0.6887369751930237,-0.6939604878425598,-0.6988674998283386,0.1782127022743225,0.006480082869529724,0.17173261940479279,0.2519104480743408,0.3759177029132843,0.03321421146392822
A2XWY5S9AA7L8H,tail_hit,3,-0.7620061039924622,-3.1767239570617676,-0.7644176483154297,-2.5128445625305176,-2.4939398765563965,-0.7525529265403748,-0.76346355676651,-0.7565005421638489,-0.7599121332168579,-0.7628613710403442,-0.7654954791069031,-0.7642079591751099,-0.7515519857406616,-0.0024115443229675293,0.0024378597736358643,-0.0048494040966033936,0.6827840805053711,-1.7508384585380554,-1.7319337725639343
A1R674BJHYLRBJ,tail_hit,3,-0.6607192158699036,-0.82321697473526,-0.6396309733390808,-0.7193660140037537,-0.7553098797798157,-0.6489498019218445,-0.649352490901947,-0.6923395991325378,-0.6857582926750183,-0.6616097092628479,-0.6810066103935242,-0.6485371589660645,-0.6575495004653931,0.021088242530822754,-0.004918679594993591,0.026006922125816345,0.06790709495544434,-0.0586467981338501,-0.09459066390991211
A3HLA9LC90HEMF,tail_hit,4,-1.1038693189620972,-2.7219901084899902,-0.6502271294593811,-2.483368396759033,-2.0769476890563965,-1.1029244661331177,-1.0226439237594604,-1.1043492555618286,-1.0956839323043823,-1.0658724308013916,-1.0579475164413452,-1.266127586364746,-1.085755705833435,0.45364218950271606,0.003706216812133789,0.4499359726905823,0.6450424194335938,-1.379499077796936,-0.9730783700942993
A3CPGJHGWYHQW,tail_hit,8,-1.1479361057281494,-0.9161376953125,-1.0565450191497803,-0.9771741032600403,-1.0879393815994263,-1.223130464553833,-1.1196666955947876,-1.227726697921753,-1.2532951831817627,-1.1474542617797852,-1.175093650817871,-1.206565260887146,-1.1739203929901123,0.09139108657836914,-0.042920470237731934,0.13431155681610107,-0.17180168628692627,0.17076200246810913,0.059996724128723145
ABVBZVILR1FYB,tail_hit,4,-0.2404865026473999,-1.6322228908538818,-0.3574122488498688,-0.715322732925415,-0.774490237236023,-0.2580389380455017,-0.2326587438583374,-0.26123756170272827,-0.2434253990650177,-0.2532157301902771,-0.23303313553333282,-0.22017864882946014,-0.21116359531879425,-0.11692574620246887,0.0013675335794687271,-0.1182932797819376,0.8577326536178589,-0.47483623027801514,-0.534003734588623
A1PVYZTM7IL8LV,tail_hit,4,-0.9790379405021667,-1.3764879703521729,-1.0314745903015137,-1.5759875774383545,-1.9236942529678345,-0.9973164796829224,-0.95881187915802,-0.9454050064086914,-0.9976814985275269,-1.0127418041229248,-0.9341500401496887,-0.9905211329460144,-0.9906738996505737,-0.052436649799346924,0.00062522292137146,-0.053061872720718384,-0.5472062826156616,-0.5969496369361877,-0.9446563124656677
A1VGDYL61GF579,tail_hit,3,-1.1777018308639526,-1.1668130159378052,-1.3107609748840332,-0.9730867147445679,-1.0121362209320068,-1.145216703414917,-1.2587707042694092,-1.36846923828125,-1.170111894607544,-1.2910711765289307,-1.2301342487335205,-1.1612975597381592,-1.2897107601165771,-0.13305914402008057,-0.061645954847335815,-0.07141318917274475,0.15467679500579834,0.20461511611938477,0.1655656099319458
AJN88DR6GHOAC,tail_hit,8,-0.40677109360694885,-2.0008938312530518,-0.6404794454574585,-1.3838188648223877,-1.4123079776763916,-0.4662134051322937,-0.4182184636592865,-0.391487717628479,-0.4041382670402527,-0.4150649607181549,-0.39295047521591187,-0.3982298970222473,-0.4319520592689514,-0.23370835185050964,-0.008010812103748322,-0.22569753974676132,0.5885858535766602,-0.9770477712154388,-1.0055368840694427
A1O9RJQRQBGZAS,tail_hit,8,-0.8496206402778625,-1.3786028623580933,-0.9697015881538391,-2.392791271209717,-2.480085849761963,-0.9064529538154602,-0.8174594640731812,-0.9784072637557983,-0.8705044984817505,-0.7486267685890198,-1.0173579454421997,-0.8001836538314819,-0.8532354235649109,-0.12008094787597656,-0.024407856166362762,-0.0956730917096138,-1.1014829874038696,-1.5431706309318542,-1.6304652094841003
A2CWANTNE71TOS,tail_hit,4,-0.4789826273918152,-3.1304755210876465,-0.38845619559288025,-1.7958948612213135,-1.5833766460418701,-0.4951252043247223,-0.4930160939693451,-0.5223976373672485,-0.48986610770225525,-0.483308881521225,-0.520703136920929,-0.5077678561210632,-0.504707932472229,0.09052643179893494,-0.02312897890806198,0.11365541070699692,1.5470988750457764,-1.3169122338294983,-1.104394018650055
ATWZHPZMF0BCF,tail_hit,8,-0.48515406250953674,-0.28965863585472107,-0.5999463200569153,-0.31678029894828796,-0.34503814578056335,-0.49828028678894043,-0.48971065878868103,-0.48646387457847595,-0.4703109562397003,-0.464973121881485,-0.47908464074134827,-0.4984751045703888,-0.4823892116546631,-0.11479225754737854,0.0014430806040763855,-0.11623533815145493,-0.055379509925842285,0.16837376356124878,0.1401159167289734
A1YOQN53DWPSP8,tail_hit,9,-0.9426789283752441,-1.4656345844268799,-1.0406638383865356,-0.9598509669303894,-1.0061544179916382,-0.9701936841011047,-0.9438189268112183,-0.9661605954170227,-0.9728829264640808,-0.9551118016242981,-0.934477686882019,-1.008594274520874,-1.065122127532959,-0.0979849100112915,-0.03436632454395294,-0.06361858546733856,0.4594801664352417,-0.017172038555145264,-0.06347548961639404
A3V9OU9EJJH2W6,tail_hit,4,-0.19213205575942993,-2.5877223014831543,-0.156758651137352,-2.7229628562927246,-2.714682102203369,-0.19825538992881775,-0.22242876887321472,-0.16957196593284607,-0.18981686234474182,-0.18583881855010986,-0.18583442270755768,-0.19896167516708374,-0.17945876717567444,0.03537340462207794,0.0008612219244241714,0.03451218269765377,-0.12695980072021484,-2.5308308005332947,-2.522550046443939
A26HTPPUD3X1ZS,tail_hit,5,-0.13025417923927307,-1.3592506647109985,-0.1510482132434845,-1.0699541568756104,-1.1357184648513794,-0.14352962374687195,-0.13302300870418549,-0.1387529969215393,-0.14124368131160736,-0.14570839703083038,-0.13224729895591736,-0.1305963546037674,-0.13407199084758759,-0.020794034004211426,-0.007142489776015282,-0.013651544228196144,0.22353219985961914,-0.9396999776363373,-1.0054642856121063
A16P6SVABHU8N,tail_hit,11,-0.9204203486442566,-1.5989309549331665,-0.9134007692337036,-1.371474266052246,-1.3676173686981201,-0.9028282165527344,-0.9321539998054504,-0.9444781541824341,-0.9847425222396851,-0.9403759837150574,-0.9279635548591614,-0.9123799204826355,-0.9267596006393433,0.0070195794105529785,-0.013539895415306091,0.02055947482585907,0.2313135862350464,-0.4510539174079895,-0.4471970200538635
A1CQZK2IBJ9HQ9,tail_hit,3,-0.7933711409568787,-1.6693264245986938,-0.6670514345169067,-1.817070722579956,-1.9381202459335327,-0.8219413757324219,-0.7789842486381531,-0.8262140154838562,-0.8257304430007935,-0.8449422717094421,-0.8170653581619263,-0.7421732544898987,-0.8061677813529968,0.12631970643997192,-0.014531202614307404,0.14085090905427933,-0.26879382133483887,-1.0236995816230774,-1.144749104976654
A1NV70AKIDNIBL,tail_hit,3,-0.9087312817573547,-3.101428747177124,-1.2301812171936035,-2.171226978302002,-1.5534244775772095,-0.8471349477767944,-0.9875494837760925,-0.9125859141349792,-0.9382246136665344,-0.8691492080688477,-0.8991143107414246,-0.8863965272903442,-0.8389069437980652,-0.3214499354362488,0.011348538100719452,-0.33279847353696823,1.5480042695999146,-1.2624956965446472,-0.6446931958198547
AGHXULILPQ80Z,tail_hit,13,-0.9151679277420044,-3.4062798023223877,-1.0109539031982422,-2.7342710494995117,-2.955390691757202,-0.9205256700515747,-0.9132283926010132,-0.9191349148750305,-0.8973263502120972,-0.9104620814323425,-0.880541205406189,-0.9511997103691101,-0.8751827478408813,-0.09578597545623779,0.006717793643474579,-0.10250376909971237,0.45088911056518555,-1.8191031217575073,-2.0402227640151978
AW5JSQCHC2ZJO,tail_hit,20,-0.6241906881332397,-2.026021957397461,-0.6630433797836304,-0.9433101415634155,-0.8767679929733276,-0.6264539957046509,-0.6454945802688599,-0.528045654296875,-0.6268333792686462,-0.6301119923591614,-0.5612785816192627,-0.6165401935577393,-0.6389796733856201,-0.038852691650390625,0.014973431825637817,-0.05382612347602844,1.1492539644241333,-0.3191194534301758,-0.2525773048400879
A28S4MC198E19Z,tail_hit,10,-1.0139849185943604,-0.7341891527175903,-0.9456014633178711,-0.5018740296363831,-0.5222299695014954,-1.1205503940582275,-1.2631561756134033,-1.0924553871154785,-0.999005913734436,-0.9839072227478027,-0.9239906072616577,-0.9065366983413696,-1.1065937280654907,0.06838345527648926,-0.035539597272872925,0.10392305254936218,0.21195918321609497,0.5121108889579773,0.491754949092865
A33NVJHMCLIBLQ,tail_hit,9,-0.9995881915092468,-2.243093729019165,-1.0773437023162842,-1.4207243919372559,-1.7316404581069946,-1.0664923191070557,-0.9914889335632324,-1.028064489364624,-1.00205397605896,-0.990444540977478,-1.0093529224395752,-1.0622704029083252,-0.9495341181755066,-0.07775551080703735,-0.012874521315097809,-0.06488098949193954,0.5114532709121704,-0.42113620042800903,-0.7320522665977478
A1DDQ71X3MUE69,tail_hit,5,-0.5560956597328186,-0.8931114077568054,-0.6325504779815674,-0.47673869132995605,-0.6461156606674194,-0.5327041149139404,-0.5450478792190552,-0.5405138731002808,-0.5357396602630615,-0.5439683198928833,-0.5796379446983337,-0.5336272120475769,-0.5906814336776733,-0.07645481824874878,0.0058556050062179565,-0.08231042325496674,0.246995747089386,0.07935696840286255,-0.09002000093460083
A25VNU7C7VL0QV,tail_hit,3,-0.003829297376796603,-3.381887912750244,-0.0052803801372647285,-2.035667896270752,-2.173288345336914,-0.003848693100735545,-0.0037249806337058544,-0.004250085446983576,-0.0036376002244651318,-0.004384435247629881,-0.0035349454265087843,-0.0037982971407473087,-0.0038016769103705883,-0.0014510827604681253,-4.329188959673047e-05,-0.0014077908708713949,1.20859956741333,-2.0318385988939553,-2.1694590479601175
A3PDGHTCRE3G56,tail_hit,4,-1.0571343898773193,-1.1293935775756836,-1.075289011001587,-0.8189563751220703,-0.8288183212280273,-1.0498385429382324,-1.0543270111083984,-1.0198516845703125,-1.0606052875518799,-1.01946222782135,-1.102146029472351,-1.0891132354736328,-1.0710182189941406,-0.018154621124267578,-0.0011608898639678955,-0.016993731260299683,0.30057525634765625,0.23817801475524902,0.228316068649292
A4P1ZUA0W3D4P,tail_hit,5,-0.3758957087993622,-4.5357160568237305,-0.42383748292922974,-3.151157855987549,-3.2143759727478027,-0.4139586389064789,-0.3696388602256775,-0.3773820996284485,-0.39043882489204407,-0.44901472330093384,-0.38531604409217834,-0.37199586629867554,-0.3999062776565552,-0.047941774129867554,-0.018810708075761795,-0.02913106605410576,1.3213400840759277,-2.7752621471881866,-2.8384802639484406
A11SY5P9I5BB7L,tail_hit,4,-0.730882465839386,-1.2797147035598755,-0.7566300630569458,-1.336779236793518,-1.511297345161438,-0.7259209752082825,-0.7164558172225952,-0.7236261367797852,-0.7150084376335144,-0.7187572121620178,-0.7202975749969482,-0.7184082269668579,-0.7247170209884644,-0.025747597217559814,0.01048354059457779,-0.036231137812137604,-0.2315826416015625,-0.6058967709541321,-0.780414879322052
A2E6QKTD1UK2K7,tail_hit,12,-1.2811412811279297,-2.5754122734069824,-1.2816890478134155,-2.2127833366394043,-2.231407642364502,-1.184922456741333,-1.2753040790557861,-1.2891323566436768,-1.2771714925765991,-1.475188970565796,-1.2330009937286377,-1.2269070148468018,-1.2440654039382935,-0.0005477666854858398,0.005429685115814209,-0.005977451801300049,0.34400463104248047,-0.9316420555114746,-0.9502663612365723
AC9GEB16SPQC,tail_hit,3,-1.2482794523239136,-3.8936409950256348,-1.1874761581420898,-3.7992501258850098,-3.8041343688964844,-1.1437098979949951,-1.2491241693496704,-1.1557340621948242,-1.2666046619415283,-1.18613600730896,-1.042558193206787,-1.2654387950897217,-1.1841872930526733,0.06080329418182373,0.061592817306518555,-0.0007895231246948242,0.08950662612915039,-2.550970673561096,-2.555854916572571
A17GMEFQ6X5RH2,tail_hit,8,-0.05246009677648544,-1.3411680459976196,-0.1133122444152832,-1.9007593393325806,-1.9794931411743164,-0.052649468183517456,-0.05206954479217529,-0.04926317185163498,-0.044330380856990814,-0.05184474587440491,-0.051763392984867096,-0.054277677088975906,-0.05042252689599991,-0.06085214763879776,0.001632483210414648,-0.06248463084921241,-0.6383250951766968,-1.8482992425560951,-1.927033044397831
A2VJJ2POCLMED7,tail_hit,20,-0.29764777421951294,-2.278144121170044,-0.45938006043434143,-1.500475287437439,-1.8576377630233765,-0.30517297983169556,-0.3076370656490326,-0.31761762499809265,-0.2818557620048523,-0.27984875440597534,-0.26188206672668457,-0.28957685828208923,-0.2916828691959381,-0.1617322862148285,0.0057385265827178955,-0.1674708127975464,0.4205063581466675,-1.202827513217926,-1.5599899888038635
A2HGR9VKTF4P1D,tail_hit,4,-1.0092039108276367,-0.8661607503890991,-0.9081712961196899,-0.9268039464950562,-0.8580285906791687,-0.9953478574752808,-0.965624213218689,-0.9683787226676941,-0.9183276891708374,-1.015695333480835,-1.0010502338409424,-0.9609764218330383,-1.020639181137085,0.10103261470794678,0.028448954224586487,0.07258366048336029,0.00813215970993042,0.08239996433258057,0.15117532014846802
A1L4GFXNIMA96D,tail_hit,9,-1.0854605436325073,-1.686089038848877,-1.0384570360183716,-1.2840139865875244,-1.2414495944976807,-1.0827120542526245,-1.075541615486145,-1.0364408493041992,-1.0675567388534546,-1.0743404626846313,-1.0642865896224976,-1.0916705131530762,-1.0837031602859497,0.04700350761413574,0.013429045677185059,0.033574461936950684,0.4446394443511963,-0.1985534429550171,-0.15598905086517334
A3BYL7A44JO078,tail_hit,11,-0.976788341999054,-5.95280122756958,-0.9694167971611023,-4.1398115158081055,-4.099322319030762,-1.0043621063232422,-1.0082072019577026,-1.0327181816101074,-0.9074054956436157,-1.0517851114273071,-1.0511616468429565,-0.9549612998962402,-1.0434244871139526,0.00737154483795166,-0.02996484935283661,0.03733639419078827,1.8534789085388184,-3.1630231738090515,-3.1225339770317078
AJEBCTXEPW3E1,tail_hit,10,-1.128541350364685,-2.3663673400878906,-1.0496912002563477,-2.4414913654327393,-2.7216105461120605,-1.0949105024337769,-0.48598670959472656,-1.1503407955169678,-1.0493892431259155,-1.1527175903320312,-1.0982784032821655,-0.9538148641586304,-1.1721718311309814,0.0788501501083374,0.10884010791778564,-0.029989957809448242,-0.3552432060241699,-1.3129500150680542,-1.5930691957473755
A3GM64N13BILUP,tail_hit,11,-0.6335099935531616,-0.8390691876411438,-0.6128632426261902,-1.6102912425994873,-1.7575626373291016,-0.5892444849014282,-0.616303026676178,-0.6580548286437988,-0.5861092805862427,-0.6441206932067871,-0.6412293314933777,-0.6182659268379211,-0.6438521146774292,0.020646750926971436,0.008862532675266266,0.01178421825170517,-0.9184934496879578,-0.9767812490463257,-1.12405264377594
A29RAOOQ1C85FG,tail_hit,6,-1.0641425848007202,-2.2339768409729004,-1.1931296586990356,-1.594387412071228,-1.6985902786254883,-1.1414729356765747,-1.0544917583465576,-1.0624719858169556,-1.0725866556167603,-1.0805503129959106,-1.0599182844161987,-1.0744987726211548,-1.1875593662261963,-0.12898707389831543,-0.02755117416381836,-0.10143589973449707,0.5353865623474121,-0.5302448272705078,-0.6344476938247681
A3UJJ6HH70Q71Y,tail_hit,18,-0.8184914588928223,-4.1128973960876465,-0.8243616819381714,-3.7005081176757812,-3.535285234451294,-0.8375784158706665,-0.843228816986084,-0.8096140027046204,-0.8864515423774719,-0.8244282007217407,-0.8357787132263184,-0.8145756721496582,-0.8431838154792786,-0.005870223045349121,-0.018363438546657562,0.012493215501308441,0.5776121616363525,-2.882016658782959,-2.7167937755584717
A3W0ZSLO11BGAA,tail_hit,7,-1.0634949207305908,-1.3619779348373413,-1.0640981197357178,-0.9285621643066406,-1.0064970254898071,-1.1623866558074951,-1.11391019821167,-1.085869550704956,-1.1031787395477295,-1.1083126068115234,-1.0398995876312256,-1.0280218124389648,-1.0463672876358032,-0.0006031990051269531,-0.02249838411808014,0.021895185112953186,0.3554809093475342,0.1349327564239502,0.05699789524078369
A3FFRDN3PV5L7P,tail_hit,3,-0.6550391316413879,-1.2989535331726074,-0.7292060852050781,-0.8744348883628845,-0.8572328090667725,-0.666521430015564,-0.628670871257782,-0.6488313674926758,-0.6375541090965271,-0.618897020816803,-0.6401041150093079,-0.6133605241775513,-0.6070824861526489,-0.07416695356369019,0.022411391139030457,-0.09657834470272064,0.44172072410583496,-0.21939575672149658,-0.20219367742538452
A39SOABUFL6MGG,tail_hit,3,-0.6628333926200867,-1.0869430303573608,-0.6964427828788757,-1.176796317100525,-1.1970747709274292,-0.5920308232307434,-0.6438301205635071,-0.681746780872345,-0.7044361233711243,-0.6614919304847717,-0.668170690536499,-0.6500918865203857,-0.6741350293159485,-0.03360939025878906,0.0033417195081710815,-0.036951109766960144,-0.11013174057006836,-0.5139629244804382,-0.5342413783073425
AT2Q0SOF8OMEL,tail_hit,6,-0.9156140089035034,-1.7697036266326904,-0.8127379417419434,-0.2599387764930725,-0.37369832396507263,-1.1435325145721436,-1.0697553157806396,-0.9881399273872375,-1.0520780086517334,-0.9315856695175171,-0.8547731637954712,-1.023903489112854,-0.9046825170516968,0.10287606716156006,-0.08044231683015823,0.1833183839917183,1.3960052728652954,0.6556752324104309,0.5419156849384308
A3EFHGFK4C1HVN,tail_hit,4,-0.23228584229946136,-0.8655309677124023,-0.2514512538909912,-1.2272922992706299,-1.3611501455307007,-0.22806526720523834,-0.23346130549907684,-0.2447323054075241,-0.254229336977005,-0.21420025825500488,-0.24414396286010742,-0.2366669923067093,-0.22417080402374268,-0.019165411591529846,-0.0026729367673397064,-0.01649247482419014,-0.49561917781829834,-0.9950064569711685,-1.1288643032312393
ABRNSFYXKV89X,tail_hit,3,-0.920183002948761,-2.9079506397247314,-0.9326655268669128,-2.037738084793091,-2.230102062225342,-0.9310296177864075,-0.9913821220397949,-0.9606031179428101,-1.09159517288208,-1.0021880865097046,-0.9342540502548218,-0.9905968904495239,-0.9325968027114868,-0.012482523918151855,-0.05909772962331772,0.04661520570516586,0.6778485774993896,-1.1175550818443298,-1.3099190592765808
A3E8AHUAQEX0QH,tail_hit,10,-1.1127182245254517,-3.4041907787323,-1.2899553775787354,-2.2642831802368164,-2.1739375591278076,-1.0893267393112183,-1.0505664348602295,-1.1624950170516968,-1.139586091041565,-1.166119933128357,-1.0826737880706787,-1.197798490524292,-1.1307531595230103,-0.1772371530532837,-0.01469673216342926,-0.16254042088985443,1.2302532196044922,-1.1515649557113647,-1.061219334602356
A1OE0D4YFK8VXR,tail_hit,3,-0.6402108669281006,-2.6801538467407227,-0.6401497721672058,-1.3695329427719116,-1.7418874502182007,-0.6336360573768616,-0.6555142402648926,-0.6353867053985596,-0.6136348247528076,-0.6353492140769958,-0.6635426878929138,-0.6652416586875916,-0.6435872912406921,6.109476089477539e-05,-0.0030257180333137512,0.0030868127942085266,0.938266396522522,-0.729322075843811,-1.1016765832901
A1P4FW2BHUIYPY,tail_hit,4,-0.8001295924186707,-1.0731861591339111,-0.9020155072212219,-0.7639412879943848,-0.7934987545013428,-0.7825668454170227,-0.7997227311134338,-0.7588707208633423,-0.7573656439781189,-0.8241125345230103,-0.7998034358024597,-0.7857524156570435,-0.766434371471405,-0.10188591480255127,0.01580100506544113,-0.1176869198679924,0.27968740463256836,0.03618830442428589,0.006630837917327881
A2WTZYJFWNRAOI,tail_hit,6,-0.005541027989238501,-7.0954270362854,-0.008456263691186905,-8.30415153503418,-8.860433578491211,-0.005413013976067305,-0.005107194185256958,-0.00543109280988574,-0.005364674609154463,-0.00631844624876976,-0.004874521400779486,-0.005610322579741478,-0.005898384843021631,-0.0029152357019484043,3.8821657653898e-05,-0.0029540573596023023,-1.7650065422058105,-8.298610507044941,-8.854892550501972
A1RV9K657L0Q3O,tail_hit,11,-0.1479925662279129,-6.4881744384765625,-0.15989723801612854,-6.440564155578613,-6.755230903625488,-0.14335279166698456,-0.13739803433418274,-0.16087476909160614,-0.15033181011676788,-0.15303930640220642,-0.16303731501102448,-0.16447821259498596,-0.15581507980823517,-0.011904671788215637,-0.0055483486503362656,-0.006356323137879372,-0.2670564651489258,-6.2925715893507,-6.607238337397575
AWV4TARPMM9R3,tail_hit,3,-0.99334716796875,-2.7460594177246094,-1.0204074382781982,-0.8387615084648132,-0.8285542726516724,-1.0192612409591675,-1.059638261795044,-1.0491664409637451,-0.9938740730285645,-1.0195084810256958,-1.0198419094085693,-0.9553562998771667,-0.994593620300293,-0.027060270309448242,-0.02055787295103073,-0.006502397358417511,1.917505145072937,0.15458565950393677,0.16479289531707764
A1E4K52QM4RXYP,tail_hit,6,-0.7756035923957825,-2.742994785308838,-0.9795907735824585,-1.9225746393203735,-1.8895912170410156,-0.7711123824119568,-0.7943695783615112,-0.7144175171852112,-0.806739330291748,-0.8479669690132141,-0.8308353424072266,-0.7706853747367859,-0.7423285245895386,-0.20398718118667603,-0.009203284978866577,-0.19478389620780945,0.8534035682678223,-1.146971046924591,-1.1139876246452332
A3MC1YPZC2S4PG,tail_hit,6,-0.7017650008201599,-3.7185165882110596,-0.7108127474784851,-2.7602546215057373,-2.7428579330444336,-0.7293303608894348,-0.7099669575691223,-0.6814312934875488,-0.7315951585769653,-0.6900689601898193,-0.673110842704773,-0.6740085482597351,-0.6962014436721802,-0.009047746658325195,0.003550805151462555,-0.01259855180978775,0.975658655166626,-2.0584896206855774,-2.0410929322242737
A1A0TG62X92HRS,tail_hit,9,-0.2723677158355713,-2.82535719871521,-0.41301169991493225,-2.0461924076080322,-2.1862235069274902,-0.2601175904273987,-0.2411450892686844,-0.2995488941669464,-0.2741260826587677,-0.2782285511493683,-0.25677725672721863,-0.2975729703903198,-0.2954942584037781,-0.14064398407936096,-0.0030086208134889603,-0.137635363265872,0.6391336917877197,-1.773824691772461,-1.913855791091919
A1Z1CXYSRAD4C,tail_hit,4,-0.17212101817131042,-2.219933271408081,-0.18062514066696167,-1.8987420797348022,-2.23335337638855,-0.1705630123615265,-0.20907500386238098,-0.16960422694683075,-0.14924439787864685,-0.16616229712963104,-0.16419681906700134,-0.1915004998445511,-0.1620846539735794,-0.008504122495651245,-0.0006828457117080688,-0.007821276783943176,-0.01342010498046875,-1.7266210615634918,-2.0612323582172394
A2B3A8NQIHITO8,tail_hit,20,-1.0988142490386963,-2.6282894611358643,-1.1025851964950562,-1.2653106451034546,-1.343839406967163,-1.132195234298706,-1.0706418752670288,-1.1211109161376953,-1.0983431339263916,-1.0659172534942627,-1.050997018814087,-1.0821254253387451,-1.1144450902938843,-0.0037709474563598633,0.006842255592346191,-0.010613203048706055,1.2844500541687012,-0.1664963960647583,-0.2450251579284668
ANB6K82JIWGYL,tail_hit,3,-1.0514825582504272,-3.3704452514648438,-1.0063097476959229,-3.0899195671081543,-3.194338321685791,-1.0400607585906982,-1.0346769094467163,-1.0893266201019287,-1.0403077602386475,-1.0567445755004883,-1.106205940246582,-1.0760419368743896,-1.0781859159469604,0.045172810554504395,-0.013711243867874146,0.05888405442237854,0.17610692977905273,-2.038437008857727,-2.1428557634353638
AR2COSACXFYSK,tail_hit,5,-0.9951611757278442,-3.9216949939727783,-0.9971117973327637,-3.536618709564209,-3.5542094707489014,-0.9773152470588684,-1.0026710033416748,-1.0168887376785278,-1.0037704706192017,-0.9964912533760071,-1.003387212753296,-0.9945870637893677,-1.0020517110824585,-0.0019506216049194336,-0.004484161734580994,0.00253354012966156,0.36748552322387695,-2.5414575338363647,-2.559048295021057
A18PTTAJSDCMZI,tail_hit,4,-0.3216463625431061,-4.851721286773682,-0.6533038020133972,-2.693676471710205,-2.8522675037384033,-0.35840344429016113,-0.3391135632991791,-0.35956692695617676,-0.3371819853782654,-0.33025068044662476,-0.2954966127872467,-0.32653993368148804,-0.32864317297935486,-0.33165743947029114,-0.012753177434206009,-0.31890426203608513,1.9994537830352783,-2.372030109167099,-2.5306211411952972
ATBIHZY6BEEQX,tail_hit,3,-0.306877076625824,-0.646386981010437,-0.36420097947120667,-0.29444074630737305,-0.4192695617675781,-0.38953056931495667,-0.41205358505249023,-0.27206772565841675,-0.31687137484550476,-0.3126618266105652,-0.29760828614234924,-0.2887904644012451,-0.2651212513446808,-0.05732390284538269,-0.012461058795452118,-0.04486284404993057,0.2271174192428589,0.012436330318450928,-0.11239248514175415
AYRG78R5UMBZX,tail_hit,4,-0.891984760761261,-2.3425774574279785,-1.1823383569717407,-0.8504371643066406,-1.3934340476989746,-0.9187915921211243,-0.9340389966964722,-0.9670644998550415,-0.9700972437858582,-1.0339006185531616,-1.3379576206207275,-1.1631461381912231,-0.9793760180473328,-0.29035359621047974,-0.14606183022260666,-0.14429176598787308,0.9491434097290039,0.04154759645462036,-0.5014492869377136
A2IAGYO5XBYI30,tail_hit,4,-0.7053370475769043,-1.560911774635315,-0.6512998342514038,-0.6201330423355103,-0.6156652569770813,-0.7149383425712585,-0.7029722332954407,-0.7787653207778931,-0.7163767218589783,-0.6671565175056458,-0.6884490847587585,-0.7138028144836426,-0.7581049799919128,0.05403721332550049,-0.012233704328536987,0.06627091765403748,0.9452465176582336,0.08520400524139404,0.089671790599823
A2OKFBD3MHNAG0,tail_hit,3,-0.32029202580451965,-2.50539493560791,-0.3851240575313568,-1.625611662864685,-1.6577237844467163,-0.33989495038986206,-0.3515852689743042,-0.3201483488082886,-0.31321603059768677,-0.34618157148361206,-0.33730176091194153,-0.32079705595970154,-0.3471378684043884,-0.06483203172683716,-0.014240831136703491,-0.05059120059013367,0.8476711511611938,-1.3053196370601654,-1.3374317586421967
A30XTS8V9R5Q2Z,tail_hit,7,-0.7025407552719116,-3.0988285541534424,-0.7668269872665405,-2.5155692100524902,-2.4150798320770264,-0.7041040062904358,-0.700280487537384,-0.7356480360031128,-0.6935970187187195,-0.7173343896865845,-0.7173717617988586,-0.7002482414245605,-0.7064584493637085,-0.0642862319946289,-0.006839543581008911,-0.057446688413619995,0.683748722076416,-1.8130284547805786,-1.7125390768051147
AOCGFKVFQUT34,tail_hit,4,-0.7587302327156067,-12.210795402526855,-0.73259437084198,-11.502720832824707,-11.091926574707031,-0.800899863243103,-0.784364640712738,-0.7840934991836548,-0.7652312517166138,-0.7279225587844849,-0.7959229946136475,-0.7684910297393799,-0.7432805299758911,0.02613586187362671,-0.012545563280582428,0.03868142515420914,1.1188688278198242,-10.7439906001091,-10.333196341991425
A3415H58HNGQFV,tail_hit,20,-0.5321165919303894,-2.2770466804504395,-0.597778856754303,-0.9396031498908997,-1.0157605409622192,-0.5383980870246887,-0.5517856478691101,-0.5360640287399292,-0.521418035030365,-0.4987996518611908,-0.5443131327629089,-0.538884162902832,-0.5317358374595642,-0.06566226482391357,-0.0005582310259342194,-0.06510403379797935,1.2612861394882202,-0.40748655796051025,-0.48364394903182983
A2FDV9FTC349OV,tail_hit,5,-0.8135082125663757,-1.688216209411621,-0.7533985376358032,-0.703711211681366,-0.6265226602554321,-0.8260617256164551,-0.8066797256469727,-0.7913051843643188,-0.7779272198677063,-0.8227591514587402,-0.7868344187736511,-0.7902284860610962,-0.783606231212616,0.06010967493057251,0.015332944691181183,0.04477673023939133,1.061693549156189,0.10979700088500977,0.1869855523109436
A2ZHBM7CAZY7VQ,tail_hit,10,-1.1910854578018188,-2.627596139907837,-1.5867786407470703,-2.735830068588257,-2.7794981002807617,-1.0901660919189453,-1.3269484043121338,-1.3317289352416992,-1.2116014957427979,-0.9834036827087402,-1.211780309677124,-1.220826506614685,-1.196862816810608,-0.39569318294525146,-0.005579322576522827,-0.39011386036872864,-0.1519019603729248,-1.544744610786438,-1.5884126424789429
A38GZX3BO772HQ,tail_hit,8,-1.0863358974456787,-2.074057102203369,-1.1129202842712402,-1.7145745754241943,-2.1532845497131348,-1.117849349975586,-1.0610634088516235,-1.1252217292785645,-1.068995475769043,-1.0815949440002441,-1.171765923500061,-1.1292388439178467,-1.0851019620895386,-0.026584386825561523,-0.018768057227134705,-0.007816329598426819,-0.07922744750976562,-0.6282386779785156,-1.066948652267456
AFVKI7BCS3FSX,tail_hit,3,-0.12617318332195282,-2.616454601287842,-0.1455381065607071,-1.7439132928848267,-1.8292497396469116,-0.13199745118618011,-0.12857204675674438,-0.1267552673816681,-0.11852480471134186,-0.10943350940942764,-0.09212048351764679,-0.12094616889953613,-0.08799794316291809,-0.019364923238754272,0.011629723943769932,-0.030994647182524204,0.7872048616409302,-1.6177401095628738,-1.7030765563249588
AMU54W89OXMW1,tail_hit,7,-0.07751636207103729,-2.0834622383117676,-0.08062414824962616,-2.400691270828247,-2.155221700668335,-0.07258623838424683,-0.06727743148803711,-0.06201579049229622,-0.06374022364616394,-0.07662513852119446,-0.07213006913661957,-0.07414920628070831,-0.07220461964607239,-0.003107786178588867,0.00742527237161994,-0.010533058550208807,-0.07175946235656738,-2.3231749087572098,-2.0777053385972977
AB5XV8MH5IK1R,tail_hit,6,-0.45324888825416565,-2.4262280464172363,-0.7672733068466187,-2.4076390266418457,-2.4220478534698486,-0.43444934487342834,-0.45506757497787476,-0.5163382887840271,-0.4412190318107605,-0.46214598417282104,-0.45699745416641235,-0.42377495765686035,-0.47787827253341675,-0.314024418592453,-0.0052349753677845,-0.3087894432246685,0.004180192947387695,-1.95439013838768,-1.968798965215683
A15H8RIZQK5DON,tail_hit,3,-0.8396797180175781,-0.9893419146537781,-0.853227972984314,-1.1151578426361084,-1.1642577648162842,-1.0041805505752563,-0.9034377336502075,-0.8459975123405457,-0.9065349698066711,-0.8973283767700195,-0.853179931640625,-0.8688799142837524,-0.8528398275375366,-0.01354825496673584,-0.05186763405799866,0.03831937909126282,-0.1749158501625061,-0.2754781246185303,-0.32457804679870605
A34KV7MFHU6SS1,tail_hit,4,-0.7576065063476562,-1.8021904230117798,-0.6928430795669556,-2.072007417678833,-2.5680994987487793,-0.7587078809738159,-0.7512060403823853,-0.7219411730766296,-0.6635743975639343,-0.8119230270385742,-0.7648364901542664,-0.7609631419181824,-0.740067183971405,0.06476342678070068,0.01095408946275711,0.05380933731794357,-0.7659090757369995,-1.3144009113311768,-1.810492992401123
A25RFEP83YBBPL,tail_hit,3,-0.20229168236255646,-2.1044728755950928,-0.26081252098083496,-1.391097903251648,-1.6058887243270874,-0.17708098888397217,-0.18410274386405945,-0.193215474486351,-0.21440938115119934,-0.19649147987365723,-0.18281176686286926,-0.1760702282190323,-0.1929745376110077,-0.0585208386182785,0.012647107243537903,-0.0711679458618164,0.49858415126800537,-1.1888062208890915,-1.403597041964531
A1COLY26HLGBPZ,tail_hit,5,-0.42838382720947266,-1.600134253501892,-0.4127727448940277,-0.5972622632980347,-0.5822871923446655,-0.4071161150932312,-0.45193377137184143,-0.5470200181007385,-0.4245646893978119,-0.4615209698677063,-0.41417378187179565,-0.4345501959323883,-0.41858920454978943,0.015611082315444946,-0.016549766063690186,0.03216084837913513,1.0178470611572266,-0.168878436088562,-0.15390336513519287
A3K18IM154VJ9R,tail_hit,16,-0.050141967833042145,-6.700814723968506,-0.05583755299448967,-5.951294898986816,-8.059372901916504,-0.050973355770111084,-0.05630459263920784,-0.05227172374725342,-0.04334557428956032,-0.05147457867860794,-0.05440142750740051,-0.05120973661541939,-0.048909179866313934,-0.005695585161447525,-0.0009693033061921597,-0.004726281855255365,-1.358558177947998,-5.901152931153774,-8.009230934083462
A2DG3YVEU37IZ7,tail_hit,20,-0.7391290664672852,-1.4197145700454712,-0.5211940407752991,-1.7283320426940918,-1.8146721124649048,-0.7923542857170105,-0.8954612612724304,-0.6968819499015808,-0.6669881939888,-0.8342459797859192,-0.631294310092926,-0.7581769824028015,-0.6664807200431824,0.21793502569198608,-0.0036063939332962036,0.2215414196252823,-0.3949575424194336,-0.9892029762268066,-1.0755430459976196
A17V9XL4CWTQ6G,tail_hit,7,-0.42331916093826294,-2.299975872039795,-0.6719130277633667,-1.0412780046463013,-1.5891832113265991,-0.4739712178707123,-0.476576566696167,-0.4689369201660156,-0.4476550221443176,-0.39485225081443787,-0.42646265029907227,-0.43174225091934204,-0.41459885239601135,-0.24859386682510376,-0.018530305474996567,-0.2300635613501072,0.7107926607131958,-0.6179588437080383,-1.1658640503883362
A7IBEJ90F6M5X,tail_hit,3,-1.136264443397522,-0.6360219717025757,-1.0717482566833496,-1.2446792125701904,-1.329275369644165,-1.0648905038833618,-1.0647222995758057,-1.1246497631072998,-1.0995842218399048,-1.109287977218628,-1.1305147409439087,-1.173484444618225,-1.1401962041854858,0.06451618671417236,0.02284817397594452,0.041668012738227844,-0.6932533979415894,-0.10841476917266846,-0.19301092624664307
A2ZVN4MCUIZEX6,tail_hit,7,-0.06784268468618393,-0.4727780520915985,-0.06079305335879326,-0.4629996716976166,-0.5313241481781006,-0.06148427352309227,-0.06514740735292435,-0.0729823112487793,-0.06735599040985107,-0.06398088485002518,-0.06303322315216064,-0.06898800283670425,-0.06292439252138138,0.007049631327390671,0.0021056239493191242,0.0049440073780715466,-0.058546096086502075,-0.39515698701143265,-0.46348146349191666
A1LHVH56FDDA7Y,tail_hit,12,-0.7151443362236023,-3.638233184814453,-0.7244604825973511,-2.8589956760406494,-2.902348756790161,-0.680099368095398,-0.7151514291763306,-0.7327136993408203,-0.7353354692459106,-0.7522251009941101,-0.7078984379768372,-0.7453004121780396,-0.6879748106002808,-0.00931614637374878,-0.004443004727363586,-0.004873141646385193,0.735884428024292,-2.143851339817047,-2.187204420566559
A3H0M2L5J1MOUC,tail_hit,3,-1.1801925897598267,-1.3214976787567139,-1.259128212928772,-1.5135071277618408,-1.5179507732391357,-1.1811786890029907,-1.164746880531311,-1.264347791671753,-1.2009884119033813,-1.1479272842407227,-1.1487250328063965,-1.2270267009735107,-1.256182312965393,-0.07893562316894531,-0.018697798252105713,-0.0602378249168396,-0.19645309448242188,-0.33331453800201416,-0.3377581834793091
A2OQT0OZZW8P0O,tail_hit,4,-0.011344603262841702,-2.916008949279785,-0.013275197707116604,-2.9340505599975586,-1.853807806968689,-0.012546704150736332,-0.01431973371654749,-0.011030110530555248,-0.011272852309048176,-0.011390010826289654,-0.011838126927614212,-0.012003800831735134,-0.013563699088990688,-0.0019305944442749023,-0.0009010265348479152,-0.0010295679094269872,1.0622011423110962,-2.922705956734717,-1.8424632037058473
AXDHDJG20T0OV,tail_hit,7,-0.2658117115497589,-2.3124594688415527,-0.2715664207935333,-2.131518840789795,-2.213284730911255,-0.2660279870033264,-0.2762041389942169,-0.253984659910202,-0.251305490732193,-0.2743915915489197,-0.26145753264427185,-0.24935254454612732,-0.264460027217865,-0.005754709243774414,0.003663714975118637,-0.009418424218893051,0.09917473793029785,-1.865707129240036,-1.947473019361496
AL391IKGQ8SB,tail_hit,7,-0.9747654795646667,-0.9176374673843384,-0.9577673077583313,-1.0822155475616455,-1.0826040506362915,-0.9697089195251465,-0.9735714197158813,-0.9874570965766907,-0.9998003840446472,-0.9236013293266296,-0.9920048713684082,-1.0096161365509033,-0.942764937877655,0.01699817180633545,-5.015730857849121e-05,0.01704832911491394,-0.16496658325195312,-0.10745006799697876,-0.10783857107162476
A3RCGRXYBRKSRC,tail_hit,6,-1.087306261062622,-1.4019949436187744,-1.094567894935608,-1.2357957363128662,-1.3087753057479858,-1.066798448562622,-1.0762042999267578,-1.0293930768966675,-1.0743954181671143,-1.089141845703125,-1.0676376819610596,-1.0782451629638672,-1.0933759212493896,-0.00726163387298584,0.015407279133796692,-0.022668913006782532,0.09321963787078857,-0.14848947525024414,-0.22146904468536377
APERWKISKSO5X,tail_hit,3,-0.7153900861740112,-1.8006007671356201,-0.9881343841552734,-1.4117478132247925,-1.7446355819702148,-0.7227860689163208,-0.7024122476577759,-0.7591440677642822,-0.7134296298027039,-0.7587299942970276,-0.6456535458564758,-0.7529794573783875,-0.7196131944656372,-0.2727442979812622,-0.0064534395933151245,-0.2662908583879471,0.05596518516540527,-0.6963577270507812,-1.0292454957962036
A3CMO216CWOF5N,tail_hit,7,-1.028752088546753,-2.3236494064331055,-1.0688878297805786,-1.2426300048828125,-1.410845398902893,-1.0211671590805054,-1.0141255855560303,-0.9995032548904419,-1.0411899089813232,-1.0289204120635986,-1.0334908962249756,-1.0159311294555664,-1.0294392108917236,-0.040135741233825684,0.0057811439037323,-0.04591688513755798,0.9128040075302124,-0.21387791633605957,-0.38209331035614014
A3JV5RRJRNKN0I,tail_hit,4,-0.6914445161819458,-1.324743628501892,-0.7064658403396606,-1.160749912261963,-1.2501132488250732,-0.6894725561141968,-0.703109622001648,-0.690662145614624,-0.70683753490448,-0.6864511370658875,-0.7151777148246765,-0.690679132938385,-0.69219571352005,-0.015021324157714844,-0.0053786784410476685,-0.009642645716667175,0.07463037967681885,-0.4693053960800171,-0.5586687326431274
A23LPHC3CC3VGP,tail_hit,7,-1.145003080368042,-3.6953015327453613,-1.1155540943145752,-3.1538825035095215,-3.0665225982666016,-1.1472480297088623,-1.1094845533370972,-1.1759099960327148,-1.1940586566925049,-1.184340238571167,-1.1606746912002563,-1.1506311893463135,-1.1643894910812378,0.029448986053466797,-0.015839025378227234,0.04528801143169403,0.6287789344787598,-2.0088794231414795,-1.9215195178985596
A3NU9S8PXCEA5Q,tail_hit,4,-0.35297030210494995,-1.0844266414642334,-0.31134864687919617,-1.0296003818511963,-0.9611061215400696,-0.32510438561439514,-0.3183373212814331,-0.36189886927604675,-0.3663589358329773,-0.3801453709602356,-0.365470826625824,-0.3229304850101471,-0.38385874032974243,0.041621655225753784,-4.281476140022278e-05,0.04166446998715401,0.12332051992416382,-0.6766300797462463,-0.6081358194351196
A1VC6419THHIET,tail_hit,3,-0.4509597718715668,-3.580840587615967,-0.3424779176712036,-2.757276773452759,-2.8154330253601074,-0.42423754930496216,-0.4434594511985779,-0.3976254165172577,-0.39559295773506165,-0.4661697745323181,-0.4049576222896576,-0.4631061553955078,-0.39477381110191345,0.10848185420036316,0.02721942961215973,0.08126242458820343,0.7654075622558594,-2.306317001581192,-2.3644732534885406
AV34KNYW82YSS,tail_hit,7,-1.2683508396148682,-3.4561100006103516,-1.1414484977722168,-3.3554420471191406,-3.320904493331909,-1.291033148765564,-1.2544485330581665,-1.2821660041809082,-1.2623343467712402,-1.243277907371521,-1.2750898599624634,-1.291461706161499,-1.240160584449768,0.12690234184265137,0.0008543282747268677,0.1260480135679245,0.13520550727844238,-2.0870912075042725,-2.052553653717041
A2UCLYOQQZ4HWD,tail_hit,5,-0.9702106714248657,-1.7268898487091064,-1.1244995594024658,-0.9828099012374878,-1.1305936574935913,-0.9914569854736328,-0.9590347409248352,-0.9744740724563599,-1.01962149143219,-0.9920088052749634,-1.074406385421753,-1.0588546991348267,-0.9824681282043457,-0.1542888879776001,-0.03632999211549759,-0.11795889586210251,0.5962961912155151,-0.01259922981262207,-0.16038298606872559
A1ICQY6DT62O9N,tail_hit,8,-0.7931010127067566,-1.835243582725525,-0.759860634803772,-1.2270679473876953,-1.3172013759613037,-0.8239447474479675,-0.8650838732719421,-0.8263195157051086,-0.84257572889328,-0.7255582809448242,-0.9132623672485352,-0.774232029914856,-0.931988537311554,0.03324037790298462,-0.04476962238550186,0.07801000028848648,0.5180422067642212,-0.4339669346809387,-0.5241003632545471
AOUN259DDD8JQ,tail_hit,4,-1.041977882385254,-1.0162547826766968,-1.3386728763580322,-0.7390459775924683,-0.984757125377655,-1.1101782321929932,-1.0714805126190186,-1.00742506980896,-1.0601600408554077,-1.0061079263687134,-1.119976282119751,-1.1039583683013916,-1.1159121990203857,-0.2966949939727783,-0.03242194652557373,-0.2642730474472046,0.03149765729904175,0.30293190479278564,0.05722075700759888
AMOTFDEBSILD0,tail_hit,5,-1.0685495138168335,-1.1809289455413818,-1.235739827156067,-0.7480555772781372,-0.8247634768486023,-1.0510174036026,-1.0807783603668213,-1.0498883724212646,-1.051869511604309,-1.087616205215454,-1.0957683324813843,-1.032989263534546,-1.0968730449676514,-0.1671903133392334,0.00019945204257965088,-0.16738976538181305,0.35616546869277954,0.3204939365386963,0.2437860369682312
A29A8Q5EWPXBN6,tail_hit,5,-1.1231706142425537,-1.814910650253296,-1.3553311824798584,-1.3635056018829346,-1.4339358806610107,-1.090272068977356,-1.1001434326171875,-1.1916320323944092,-1.167962908744812,-1.0637844800949097,-1.210060477256775,-1.194547414779663,-1.0509675741195679,-0.2321605682373047,-0.010500684380531311,-0.22165988385677338,0.38097476959228516,-0.24033498764038086,-0.31076526641845703
ASFDJUKZSFMDV,tail_hit,5,-0.6870027780532837,-2.7704710960388184,-0.5722470283508301,-2.8750386238098145,-3.049191474914551,-0.6547697186470032,-0.7035247683525085,-0.6620839238166809,-0.6770047545433044,-0.7194768190383911,-0.7246953248977661,-0.7144464254379272,-0.6867254376411438,0.11475574970245361,-0.005838118493556976,0.12059386819601059,-0.2787203788757324,-2.1880358457565308,-2.362188696861267
ANJC18SBOHO1K,tail_hit,3,-0.34711986780166626,-7.796873569488525,-0.3795449435710907,-7.795141696929932,-7.714059352874756,-0.3052344024181366,-0.3233652710914612,-0.3315950036048889,-0.31510812044143677,-0.3956175744533539,-0.3776018023490906,-0.2884168326854706,-0.4083821177482605,-0.03242507576942444,0.003954727202653885,-0.03637980297207832,0.08281421661376953,-7.448021829128265,-7.36693948507309
A31T7URG9DY30R,tail_hit,4,-0.5520766377449036,-0.8400594592094421,-0.6068921089172363,-0.730032742023468,-0.726139485836029,-0.5579896569252014,-0.5563399791717529,-0.5459572672843933,-0.5520222187042236,-0.560626208782196,-0.5768778324127197,-0.5580534338951111,-0.5522763729095459,-0.054815471172332764,-0.005441233515739441,-0.04937423765659332,0.11391997337341309,-0.17795610427856445,-0.1740628480911255
A2ZBVPPIYJ5IGS,tail_hit,3,-0.6259700059890747,-0.537788987159729,-0.8017804026603699,-0.4646519124507904,-0.5836368799209595,-0.613415002822876,-0.6025605201721191,-0.620794951915741,-0.6740707159042358,-0.6267839670181274,-0.6171861886978149,-0.6206199526786804,-0.583885133266449,-0.17581039667129517,0.006055451929569244,-0.1818658486008644,-0.04584789276123047,0.1613180935382843,0.042333126068115234
A1KGWUYXUBEMB2,tail_hit,20,-0.49217501282691956,-2.5619704723358154,-0.4180058538913727,-1.11403489112854,-1.0891778469085693,-0.4623080790042877,-0.5108550190925598,-0.49362149834632874,-0.4801539480686188,-0.4992242455482483,-0.4932919442653656,-0.4874960780143738,-0.48164600133895874,0.07416915893554688,0.0036004111170768738,0.07056874781847,1.472792625427246,-0.6218598783016205,-0.5970028340816498
A1ACK69LPN4BCG,tail_hit,4,-0.9990108609199524,-2.107391834259033,-0.9834092259407043,-2.0716679096221924,-2.33060884475708,-1.0692342519760132,-1.0178909301757812,-1.0132405757904053,-1.037792444229126,-0.9817430377006531,-1.0415918827056885,-1.0064526796340942,-0.9503262639045715,0.015601634979248047,-0.015773147344589233,0.03137478232383728,-0.22321701049804688,-1.07265704870224,-1.3315979838371277
A30CKHQ2LM6M71,tail_hit,7,-0.7677364349365234,-1.8824318647384644,-0.7760760188102722,-1.5249934196472168,-1.7014660835266113,-0.8004133105278015,-0.7824783325195312,-0.7614364624023438,-0.7671515345573425,-0.7687209248542786,-0.7656655311584473,-0.769974946975708,-0.7429824471473694,-0.00833958387374878,-0.0021165013313293457,-0.006223082542419434,0.18096578121185303,-0.7572569847106934,-0.9337296485900879
A3K4U5LY7C4MDY,tail_hit,5,-0.33184435963630676,-1.8137938976287842,-0.28905439376831055,-1.3359400033950806,-1.4010357856750488,-0.3329583406448364,-0.3755725026130676,-0.3119617700576782,-0.3108455538749695,-0.3433249890804291,-0.3443647027015686,-0.30404382944107056,-0.3433390259742737,0.042789965867996216,-0.001456979662179947,0.04424694553017616,0.41275811195373535,-1.0040956437587738,-1.069191426038742
A3AZPAZXGOD4VL,tail_hit,5,-0.8217368721961975,-1.659488558769226,-0.8682004809379578,-1.1248747110366821,-1.5519617795944214,-0.7421280741691589,-0.8197610974311829,-0.7864970564842224,-0.7947103977203369,-0.7895172238349915,-0.7467219233512878,-0.8279023766517639,-0.779651403427124,-0.046463608741760254,0.035875678062438965,-0.08233928680419922,0.10752677917480469,-0.3031378388404846,-0.7302249073982239
A125OSZZ5L5DYG,tail_hit,5,-0.8476076126098633,-0.6666212677955627,-0.8725255727767944,-0.9970033764839172,-1.0145084857940674,-0.8493316769599915,-0.8222881555557251,-0.7919416427612305,-0.798062801361084,-0.7729162573814392,-0.8237498998641968,-0.8521673083305359,-0.8638150095939636,-0.024917960166931152,0.025823518633842468,-0.05074147880077362,-0.34788721799850464,-0.14939576387405396,-0.1669008731842041
ALTNYOJ1OF3IV,tail_hit,3,-0.2075948268175125,-1.4201830625534058,-0.1991594135761261,-1.4697579145431519,-1.415757417678833,-0.286266952753067,-0.19977232813835144,-0.20563748478889465,-0.21710601449012756,-0.22328785061836243,-0.23294813930988312,-0.24841706454753876,-0.2200794219970703,0.008435413241386414,-0.0215945802628994,0.030029993504285812,0.004425644874572754,-1.2621630877256393,-1.2081625908613205
A1KOYTAAHQP25K,tail_hit,4,-0.3988472521305084,-4.197253227233887,-0.9889601469039917,-1.9493144750595093,-2.108246326446533,-0.37152963876724243,-0.378362238407135,-0.40974918007850647,-0.3477059304714203,-0.32186809182167053,-0.37094178795814514,-0.2621006667613983,-0.27544283866882324,-0.5901128947734833,0.056634705513715744,-0.646747600287199,2.0890069007873535,-1.5504672229290009,-1.7093990743160248
A1K53QGOP7B8JL,tail_hit,20,-1.1850297451019287,-1.7395336627960205,-1.1705636978149414,-1.821658730506897,-1.8481985330581665,-1.18148672580719,-1.175779104232788,-1.3001458644866943,-1.2247600555419922,-1.2817323207855225,-1.2006033658981323,-1.2759735584259033,-1.1854429244995117,0.014466047286987305,-0.043210744857788086,0.05767679214477539,-0.108664870262146,-0.6366289854049683,-0.6631687879562378
A1LTAE57OUG57Q,tail_hit,3,-1.0332235097885132,-3.3907628059387207,-1.059413194656372,-2.7808010578155518,-2.866346836090088,-1.0780662298202515,-1.0438101291656494,-0.9669635891914368,-1.0535165071487427,-0.9805340766906738,-1.0005757808685303,-1.00193452835083,-1.0311015844345093,-0.026189684867858887,0.013660706579685211,-0.0398503914475441,0.5244159698486328,-1.7475775480270386,-1.8331233263015747
A1T3JNAY1XJGL6,tail_hit,20,-0.6220674514770508,-0.7568641901016235,-0.5607591271400452,-0.9197200536727905,-1.00240159034729,-0.5935739278793335,-0.6024166941642761,-0.6024700999259949,-0.6044883131980896,-0.5865035057067871,-0.6129013299942017,-0.6285279393196106,-0.5995811820030212,0.061308324337005615,0.018259577453136444,0.04304874688386917,-0.2455374002456665,-0.29765260219573975,-0.38033413887023926
A3SPQTERXFOBPG,tail_hit,4,-1.1053314208984375,-0.2942269742488861,-1.2311397790908813,-0.6677671670913696,-0.7097716331481934,-1.139554738998413,-1.1237518787384033,-1.1352020502090454,-1.0849230289459229,-1.1819270849227905,-1.0794477462768555,-1.1552122831344604,-1.1190460920333862,-0.12580835819244385,-0.022051692008972168,-0.10375666618347168,-0.41554465889930725,0.43756425380706787,0.39555978775024414
A2F5Z3O662893V,tail_hit,15,-0.06199147552251816,-2.1543374061584473,-0.148856058716774,-1.8354294300079346,-2.3101437091827393,-0.061870843172073364,-0.0657048225402832,-0.06518850475549698,-0.06181521341204643,-0.07827141880989075,-0.06490657478570938,-0.06529945880174637,-0.06417165696620941,-0.08686458319425583,-0.003912086132913828,-0.082952497061342,-0.155806303024292,-1.7734379544854164,-2.248152233660221
A33UNCWGA7R3TY,tail_hit,3,-0.8729532361030579,-1.1007816791534424,-0.8950862884521484,-0.7335183024406433,-0.6540336012840271,-0.9767057299613953,-0.9427744150161743,-0.871045708656311,-0.8933340907096863,-0.9146989583969116,-0.9510267376899719,-0.928866982460022,-0.8432788848876953,-0.022133052349090576,-0.042263202369213104,0.020130150020122528,0.4467480778694153,0.13943493366241455,0.21891963481903076
A3CAY756OS1LCJ,tail_hit,3,-0.8874109387397766,-1.1914304494857788,-0.9420878291130066,-1.3342937231063843,-1.4498131275177002,-0.8932414054870605,-0.885689914226532,-0.8829339146614075,-0.8948427438735962,-0.8407822847366333,-0.9084478616714478,-0.872369647026062,-0.8896570205688477,-0.05467689037322998,0.003915339708328247,-0.05859223008155823,-0.2583826780319214,-0.44688278436660767,-0.5624021887779236
A1GZSVUXUTGAN,tail_hit,3,-1.1779550313949585,-5.331273555755615,-1.2276476621627808,-5.291501522064209,-5.4144287109375,-1.1959818601608276,-1.18638014793396,-1.2525821924209595,-1.2007949352264404,-1.2043330669403076,-1.129760503768921,-1.1519620418548584,-1.1851482391357422,-0.049692630767822266,-0.010412842035293579,-0.039279788732528687,-0.08315515518188477,-4.1135464906692505,-4.2364736795425415
A31BW0YPX8OGZQ,tail_hit,3,-0.6887474060058594,-2.7974395751953125,-0.7396852374076843,-2.3614535331726074,-2.432486057281494,-0.6366368532180786,-0.655510663986206,-0.7307229042053223,-0.7454485893249512,-0.643975555896759,-0.7436012029647827,-0.6986674666404724,-0.6887610554695129,-0.05093783140182495,-0.004168130457401276,-0.046769700944423676,0.36495351791381836,-1.672706127166748,-1.7437386512756348
ATV2QZ3VQU0ED,tail_hit,6,-1.2229678630828857,-3.236423969268799,-1.194035291671753,-2.490678071975708,-2.588184356689453,-1.261650800704956,-1.1798251867294312,-1.2253700494766235,-1.2030470371246338,-1.2210328578948975,-1.2641863822937012,-1.2141274213790894,-1.2837885618209839,0.028932571411132812,-0.008660674095153809,0.03759324550628662,0.6482396125793457,-1.2677102088928223,-1.3652164936065674
A2O1SP6ZPJKCAS,tail_hit,4,-0.2581785321235657,-2.3659873008728027,-0.13655385375022888,-1.3089252710342407,-0.9967570304870605,-0.19841426610946655,-0.26104170083999634,-0.2913338243961334,-0.2551330029964447,-0.2559179961681366,-0.24629449844360352,-0.24024689197540283,-0.26665931940078735,0.12162467837333679,0.00629834458231926,0.11532633379101753,1.3692302703857422,-1.050746738910675,-0.7385784983634949
A145K3YUKXRIIM,tail_hit,5,-0.7230700254440308,-2.8410556316375732,-0.7436148524284363,-1.4740712642669678,-1.5252689123153687,-0.7952624559402466,-0.6786552667617798,-0.7129292488098145,-0.6908923387527466,-0.7301579713821411,-0.6696427464485168,-0.6508532762527466,-0.764060378074646,-0.020544826984405518,0.01151331514120102,-0.03205814212560654,1.3157867193222046,-0.751001238822937,-0.8021988868713379
AN97FMD7VR28B,tail_hit,3,-0.9344592690467834,-0.9767239093780518,-0.834744930267334,-1.1045453548431396,-1.060686707496643,-0.9186067581176758,-0.9096660017967224,-0.9114713072776794,-0.9162148833274841,-0.8732390999794006,-0.8265154957771301,-0.9113258719444275,-0.8909912705421448,0.09971433877944946,0.03970543295145035,0.060008905827999115,-0.08396279811859131,-0.1700860857963562,-0.12622743844985962
A3NP2LM6MQ2XP0,tail_hit,3,-0.7296238541603088,-1.8372055292129517,-0.7365075349807739,-1.5556206703186035,-1.5192134380340576,-0.7501908540725708,-0.7361114621162415,-0.7084575891494751,-0.7149233818054199,-0.7214263081550598,-0.7462978363037109,-0.7248685956001282,-0.7285381555557251,-0.006883680820465088,0.0007720813155174255,-0.007655762135982513,0.31799209117889404,-0.8259968161582947,-0.7895895838737488
A1P9UHDB7BG01K,tail_hit,3,-0.7721434831619263,-2.1575236320495605,-0.8521960973739624,-2.1885011196136475,-2.1859049797058105,-0.7288850545883179,-0.8207160830497742,-0.80543452501297,-0.8269280195236206,-0.8099502325057983,-0.7563942670822144,-0.7202080488204956,-0.757964015007019,-0.08005261421203613,-0.006166547536849976,-0.07388606667518616,-0.02838134765625,-1.4163576364517212,-1.4137614965438843
A3QAQCG2OBJ9NA,tail_hit,3,-1.1636931896209717,-1.2761430740356445,-1.963338851928711,-0.9241299629211426,-0.9550253748893738,-1.109276533126831,-1.6006542444229126,-1.2079741954803467,-1.0311486721038818,-1.263067603111267,-1.0607578754425049,-1.2511651515960693,-1.2188774347305298,-0.7996456623077393,-0.05417202413082123,-0.745473638176918,0.32111769914627075,0.2395632266998291,0.2086678147315979
A38ML5RTGBUZPV,tail_hit,4,-0.8268991708755493,-1.7827298641204834,-0.8568834066390991,-0.8580466508865356,-0.8853809237480164,-0.841461181640625,-0.8180683255195618,-0.8500979542732239,-0.8140403032302856,-0.833924412727356,-0.8400207757949829,-0.8280304074287415,-0.8384615778923035,-0.029984235763549805,-0.006113946437835693,-0.02387028932571411,0.897348940372467,-0.031147480010986328,-0.05848175287246704
A2RVL8C1CLN6LT,tail_hit,3,-0.8670516014099121,-1.0309596061706543,-0.941845715045929,-0.8576929569244385,-1.073365569114685,-0.8402794003486633,-0.8587915897369385,-0.8508773446083069,-0.8458704948425293,-0.8881548047065735,-0.8572288155555725,-0.8622291088104248,-0.867183268070221,-0.07479411363601685,0.008224748075008392,-0.08301886171102524,-0.04240596294403076,0.009358644485473633,-0.20631396770477295
A11N9M2212IPJ,tail_hit,3,-1.0875389575958252,-0.8464906811714172,-0.9740551710128784,-0.8491929173469543,-0.8375056385993958,-1.1275194883346558,-1.0700640678405762,-1.1056287288665771,-1.0898991823196411,-1.1126470565795898,-1.0739930868148804,-1.0767157077789307,-1.1083309650421143,0.11348378658294678,-0.008060827851295471,0.12154461443424225,0.008985042572021484,0.23834604024887085,0.25003331899642944
A35DH6LV5HAGK7,tail_hit,3,-1.1148583889007568,-1.9187052249908447,-1.0603870153427124,-1.1826356649398804,-1.1323652267456055,-1.1590120792388916,-1.1126208305358887,-1.0662586688995361,-1.1105902194976807,-1.1250255107879639,-1.1145957708358765,-1.125687837600708,-1.10517156124115,0.054471373558044434,-1.1920928955078125e-05,0.05448329448699951,0.7863399982452393,-0.06777727603912354,-0.017506837844848633
A1RW8298N7K6JM,tail_hit,14,-0.7540290355682373,-2.8031914234161377,-0.7094115018844604,-2.4335296154022217,-2.352889060974121,-0.7335753440856934,-0.7283045053482056,-0.7557113766670227,-0.746497631072998,-0.7558687925338745,-0.7387431263923645,-0.7762061953544617,-0.7733393907546997,0.044617533683776855,0.002998240292072296,0.04161929339170456,0.4503023624420166,-1.6795005798339844,-1.5988600254058838
A9JLV60TR9IVP,tail_hit,3,-0.048114847391843796,-1.5072382688522339,-0.057175613939762115,-0.8171032667160034,-1.010805368423462,-0.046191997826099396,-0.0500522181391716,-0.04162537306547165,-0.043144188821315765,-0.058869607746601105,-0.04477303475141525,-0.05503891780972481,-0.05155129358172417,-0.00906076654791832,-0.0007909815758466721,-0.008269784972071648,0.496432900428772,-0.7689884193241596,-0.9626905210316181
A3G6STJDOIMJPS,tail_hit,4,-0.6271686553955078,-0.8622092604637146,-0.7145435810089111,-0.8808487057685852,-1.05181086063385,-0.6335194110870361,-0.6653136610984802,-0.6630142331123352,-0.6278952956199646,-0.6968258023262024,-0.7008633613586426,-0.6337640881538391,-0.576640248298645,-0.08737492561340332,-0.022560857236385345,-0.06481406837701797,-0.1896016001701355,-0.2536800503730774,-0.4246422052383423
A1LJ3055SF93YO,tail_hit,5,-0.8825201392173767,-1.5280691385269165,-0.8788644671440125,-0.9111509323120117,-0.9876509308815002,-0.8823506236076355,-0.9008979201316833,-0.8638458251953125,-0.9170286655426025,-0.9012477397918701,-0.883312463760376,-0.9019446969032288,-0.8738336563110352,0.003655672073364258,-0.008037559688091278,0.011693231761455536,0.5404182076454163,-0.02863079309463501,-0.10513079166412354
A3EAUXPIL65GX5,tail_miss,5,-3.9164748191833496,-4.38568639755249,-3.8545315265655518,-3.5079681873321533,-3.3092846870422363,-3.915134906768799,-3.9416022300720215,-3.9456734657287598,-3.9376823902130127,-3.992431640625,-3.987234592437744,-3.935101270675659,-3.9314732551574707,0.06194329261779785,-0.03181689977645874,0.09376019239425659,1.076401710510254,0.4085066318511963,0.6071901321411133
A3JD87DUPU2I56,tail_miss,10,-1.710927963256836,-2.715858221054077,-1.7854849100112915,-2.178420305252075,-2.1436667442321777,-1.7564780712127686,-1.724907636642456,-1.678280234336853,-1.7369531393051147,-1.85697340965271,-1.730350136756897,-1.796971321105957,-1.7364766597747803,-0.07455694675445557,-0.04124586284160614,-0.033311083912849426,0.5721914768218994,-0.46749234199523926,-0.4327387809753418
A253HHXR1VA39Y,tail_miss,5,-3.159735918045044,-4.102049827575684,-3.2348740100860596,-3.252218246459961,-3.3064708709716797,-3.0985538959503174,-3.0797393321990967,-3.0512897968292236,-3.194645404815674,-3.109926700592041,-3.1393275260925293,-3.146803379058838,-3.1364636421203613,-0.07513809204101562,0.040142208337783813,-0.11528030037879944,0.7955789566040039,-0.09248232841491699,-0.14673495292663574
A3AUI4XY1ZMZD,tail_miss,3,-2.281191110610962,-2.33341646194458,-2.308177947998047,-2.4655251502990723,-2.489535093307495,-2.2733511924743652,-2.2392983436584473,-2.293860673904419,-2.2599663734436035,-2.267498254776001,-2.2679505348205566,-2.2775611877441406,-2.3279151916503906,-0.02698683738708496,0.0052658915519714355,-0.032252728939056396,-0.15611863136291504,-0.18433403968811035,-0.2083439826965332
A1E187HKCDSKB0,tail_miss,4,-8.336548805236816,-6.5010504722595215,-8.405062675476074,-7.867596626281738,-8.00326156616211,-8.354636192321777,-8.334842681884766,-8.479281425476074,-8.34954833984375,-8.296371459960938,-8.256630897521973,-8.376623153686523,-8.333524703979492,-0.06851387023925781,-0.011133551597595215,-0.0573803186416626,-1.502211093902588,0.4689521789550781,0.33328723907470703
A28SHCZHTJTF3J,tail_miss,3,-2.34086537361145,-2.2002100944519043,-2.339751720428467,-1.9371885061264038,-1.9156172275543213,-2.3524327278137207,-2.366514205932617,-2.350999116897583,-2.344125509262085,-2.37219500541687,-2.310065746307373,-2.3870937824249268,-2.328721523284912,0.0011136531829833984,-0.010653078556060791,0.01176673173904419,0.284592866897583,0.4036768674850464,0.4252481460571289
A3DJA1CWHN4GLY,tail_miss,10,-3.4898574352264404,-2.8130319118499756,-3.412926435470581,-3.311143398284912,-3.1546292304992676,-3.4144279956817627,-3.4496383666992188,-3.3538498878479004,-3.466892957687378,-3.455406665802002,-3.4990508556365967,-3.5481505393981934,-3.3840103149414062,0.07693099975585938,0.04342898726463318,0.033502012491226196,-0.341597318649292,0.17871403694152832,0.33522820472717285
A2XPH2VRWXDCVC,tail_miss,20,-3.761632204055786,-4.616356372833252,-3.665459394454956,-3.6498093605041504,-3.500750780105591,-3.7238945960998535,-3.517383575439453,-3.669602632522583,-3.5747032165527344,-3.7565464973449707,-3.5258400440216064,-3.565156936645508,-3.8290042877197266,0.09617280960083008,0.11636573076248169,-0.02019292116165161,1.1156055927276611,0.11182284355163574,0.2608814239501953
AKW9PX75BIILO,tail_miss,5,-1.476257562637329,-2.599787712097168,-1.3759441375732422,-1.3516401052474976,-1.2999062538146973,-1.4822651147842407,-1.6209980249404907,-1.2804962396621704,-1.3591015338897705,-1.5742820501327515,-1.5396454334259033,-1.5320351123809814,-1.5107545852661133,0.10031342506408691,-0.011189699172973633,0.11150312423706055,1.2998814582824707,0.12461745738983154,0.17635130882263184
A14C415WWYCWWH,tail_miss,5,-2.7208447456359863,-3.1451332569122314,-2.729111671447754,-2.6340293884277344,-2.6053853034973145,-2.692836046218872,-2.807565689086914,-2.7141947746276855,-2.720080614089966,-2.770498275756836,-2.68666410446167,-2.712085008621216,-2.725928544998169,-0.008266925811767578,-0.007886886596679688,-0.0003800392150878906,0.539747953414917,0.08681535720825195,0.11545944213867188
A6AU1EI1G5MY1,tail_miss,3,-2.2580432891845703,-2.753523349761963,-2.2393527030944824,-2.2834248542785645,-2.2447409629821777,-2.2335619926452637,-2.3039848804473877,-2.1724581718444824,-2.186042070388794,-2.1756324768066406,-2.299414873123169,-2.2769269943237305,-2.1707959175109863,0.01869058609008789,0.03069111704826355,-0.01200053095817566,0.5087823867797852,-0.02538156509399414,0.013302326202392578
A1Y9IWMS0RJKDU,tail_miss,3,-2.4840805530548096,-2.501741886138916,-2.3211750984191895,-2.023339033126831,-2.0213027000427246,-2.447054386138916,-2.4996373653411865,-2.4766757488250732,-2.527894973754883,-2.4749302864074707,-2.4711720943450928,-2.489795207977295,-2.530451774597168,0.16290545463562012,-0.00562092661857605,0.16852638125419617,0.4804391860961914,0.4607415199279785,0.46277785301208496
A51DWA4NM73FR,tail_miss,3,-1.6641398668289185,-2.213576078414917,-1.698606014251709,-1.7313827276229858,-1.8034030199050903,-1.656218409538269,-1.683424949645996,-1.660995364189148,-1.705482840538025,-1.6415692567825317,-1.6507917642593384,-1.670656681060791,-1.6578797101974487,-0.03446614742279053,-0.0017375051975250244,-0.0327286422252655,0.41017305850982666,-0.06724286079406738,-0.13926315307617188
APXK7VGKX8FQY,tail_miss,4,-2.7344398498535156,-2.586622953414917,-2.663475513458252,-2.804859161376953,-2.739333391189575,-2.7358500957489014,-2.641200304031372,-2.7420172691345215,-2.7266182899475098,-2.7139861583709717,-2.721742630004883,-2.745041608810425,-2.7237682342529297,0.07096433639526367,0.015661776065826416,0.055302560329437256,-0.1527104377746582,-0.0704193115234375,-0.00489354133605957
AF2HX24P7K1FF,tail_miss,13,-3.0937411785125732,-1.391014814376831,-3.310323715209961,-2.0719170570373535,-2.241194486618042,-3.1301052570343018,-3.073617935180664,-3.1628646850585938,-3.054959535598755,-3.1649117469787598,-3.1075057983398438,-3.187412977218628,-3.055422782897949,-0.2165825366973877,-0.023358911275863647,-0.19322362542152405,-0.8501796722412109,1.0218241214752197,0.8525466918945312
A310FWD0CYH5LI,tail_miss,5,-1.934329628944397,-1.9534400701522827,-1.8879616260528564,-1.991159200668335,-2.002561569213867,-1.925431489944458,-1.9661403894424438,-1.9704984426498413,-1.9202699661254883,-1.902544379234314,-1.9445745944976807,-1.9587090015411377,-1.9173028469085693,0.04636800289154053,-0.0038542598485946655,0.05022226274013519,-0.04912149906158447,-0.05682957172393799,-0.06823194026947021
A19HDIOM7WGMFB,tail_miss,8,-1.7559947967529297,-1.9681751728057861,-1.8166933059692383,-1.6128814220428467,-1.6170047521591187,-1.7915122509002686,-1.7943941354751587,-1.779025673866272,-1.7180896997451782,-1.7642408609390259,-1.7468074560165405,-1.7461029291152954,-1.757041573524475,-0.060698509216308594,-0.006157025694847107,-0.05454148352146149,0.3511704206466675,0.143113374710083,0.13899004459381104
A3V0DQUYBCDKD0,tail_miss,5,-1.7519947290420532,-2.3367085456848145,-1.6358957290649414,-1.7322235107421875,-1.6573288440704346,-1.7964389324188232,-1.7248249053955078,-1.7174041271209717,-1.733913779258728,-1.723891019821167,-1.7293049097061157,-1.7376960515975952,-1.740037202835083,0.11609899997711182,0.01405586302280426,0.10204313695430756,0.6793797016143799,0.019771218299865723,0.09466588497161865
A1I9M7250WA3O9,tail_miss,3,-1.4982106685638428,-2.3148672580718994,-1.4527819156646729,-1.5657953023910522,-1.5357016324996948,-1.490044355392456,-1.517250657081604,-1.4715009927749634,-1.4966745376586914,-1.5158767700195312,-1.4724302291870117,-1.4556347131729126,-1.495104193687439,0.04542875289916992,0.008896112442016602,0.03653264045715332,0.7791656255722046,-0.06758463382720947,-0.03749096393585205
A1OC3U7Y1AGFXB,tail_miss,6,-2.556950569152832,-2.3696587085723877,-2.5418734550476074,-2.3426496982574463,-2.320690631866455,-2.6797337532043457,-2.599513053894043,-2.704519748687744,-2.6056199073791504,-2.622100353240967,-2.608407497406006,-2.6296722888946533,-2.566539764404297,0.01507711410522461,-0.07006272673606873,0.08513984084129333,0.04896807670593262,0.21430087089538574,0.23625993728637695
A24QJT338UJ7PV,tail_miss,3,-1.9561132192611694,-4.229249000549316,-1.8764759302139282,-2.5182716846466064,-2.425541400909424,-1.9639736413955688,-1.948163628578186,-1.9351012706756592,-1.9257854223251343,-1.8703285455703735,-1.9783157110214233,-2.0190086364746094,-1.9544055461883545,0.07963728904724121,0.006727918982505798,0.07290937006473541,1.8037075996398926,-0.562158465385437,-0.4694281816482544
AQ7OXNWMPS34N,tail_miss,4,-1.9196029901504517,-2.523160457611084,-1.9694931507110596,-1.9757598638534546,-2.0436015129089355,-1.9607486724853516,-1.9486281871795654,-1.823269248008728,-1.9455273151397705,-1.9571704864501953,-1.800451636314392,-1.964085578918457,-1.9722518920898438,-0.04989016056060791,-0.0019136369228363037,-0.047976523637771606,0.47955894470214844,-0.05615687370300293,-0.12399852275848389
APX4245TU3JU3,tail_miss,3,-2.7598824501037598,-2.325225353240967,-2.7198538780212402,-2.133755922317505,-1.9765840768814087,-2.7368416786193848,-2.750136375427246,-2.7174925804138184,-2.729393482208252,-2.7300162315368652,-2.7010722160339355,-2.7376441955566406,-2.707899808883667,0.04002857208251953,0.03357037901878357,0.006458193063735962,0.3486412763595581,0.6261265277862549,0.7832983732223511
ASAV6ZCEJJ54Q,tail_miss,3,-1.5397721529006958,-2.4447789192199707,-1.5544555187225342,-2.119472026824951,-2.0400285720825195,-1.5815554857254028,-1.5749167203903198,-1.547088384628296,-1.581372618675232,-1.4970848560333252,-1.5323231220245361,-1.5507011413574219,-1.5007156133651733,-0.014683365821838379,-0.005947589874267578,-0.0087357759475708,0.40475034713745117,-0.5796998739242554,-0.5002564191818237
A39ZF0BPY4GI52,tail_miss,3,-5.717645645141602,-3.274641513824463,-5.990988731384277,-2.8207437992095947,-2.9325973987579346,-5.5866312980651855,-5.869077682495117,-5.524486064910889,-5.493521213531494,-5.669583320617676,-5.6871771812438965,-5.730489730834961,-6.042614936828613,-0.2733430862426758,0.01719796657562256,-0.29054105281829834,0.3420441150665283,2.896901845932007,2.785048246383667
A2UHVZK2X66C4C,tail_miss,4,-1.9395768642425537,-3.6819591522216797,-2.1552844047546387,-2.713390350341797,-2.6243185997009277,-2.0239968299865723,-1.8875786066055298,-1.963519811630249,-2.031013011932373,-1.9296705722808838,-1.9439022541046143,-1.9811713695526123,-1.946519136428833,-0.21570754051208496,-0.023844584822654724,-0.19186295568943024,1.057640552520752,-0.7738134860992432,-0.684741735458374
A2IIQ47QSYS3J7,tail_miss,5,-2.1633071899414062,-2.7146852016448975,-2.1890950202941895,-2.48337984085083,-2.4918322563171387,-2.1345019340515137,-2.168450117111206,-2.1517691612243652,-2.1823480129241943,-2.1027801036834717,-2.1498029232025146,-2.224926710128784,-2.174381971359253,-0.025787830352783203,0.002187073230743408,-0.02797490358352661,0.2228529453277588,-0.32007265090942383,-0.3285250663757324
A3EX36SNRYD5VL,tail_miss,14,-1.474976658821106,-2.561164379119873,-1.4443877935409546,-1.8569183349609375,-1.8317657709121704,-1.5091837644577026,-1.4757219552993774,-1.4625746011734009,-1.4919918775558472,-1.5128881931304932,-1.4955260753631592,-1.513942837715149,-1.463559865951538,0.030588865280151367,-0.015696987509727478,0.046285852789878845,0.7293986082077026,-0.38194167613983154,-0.35678911209106445
A30QZ7UKDUJHBB,tail_miss,10,-2.5725350379943848,-3.044992685317993,-2.6313443183898926,-2.6924147605895996,-2.9147353172302246,-2.5213751792907715,-2.641381025314331,-2.582289218902588,-2.5075700283050537,-2.5009829998016357,-2.5101921558380127,-2.567148208618164,-2.4718892574310303,-0.05880928039550781,0.0346815288066864,-0.09349080920219421,0.13025736808776855,-0.11987972259521484,-0.34220027923583984
A2999BR1K8MKCP,tail_miss,5,-1.9295061826705933,-2.4976229667663574,-1.981588363647461,-2.2328298091888428,-2.3031880855560303,-1.9732471704483032,-1.988813042640686,-1.9206136465072632,-1.9518662691116333,-1.9599390029907227,-1.9571062326431274,-1.9993873834609985,-1.8571614027023315,-0.052082180976867676,-0.021510586142539978,-0.030571594834327698,0.19443488121032715,-0.3033236265182495,-0.373681902885437
A35HRL8YD8R7MV,tail_miss,3,-3.1414577960968018,-2.856764316558838,-2.9514055252075195,-3.5626425743103027,-3.404656171798706,-3.1508970260620117,-3.1616077423095703,-3.1852893829345703,-3.123873233795166,-3.090576410293579,-3.1035990715026855,-3.187483310699463,-3.0554935932159424,0.19005227088928223,0.009105324745178223,0.180946946144104,-0.5478918552398682,-0.421184778213501,-0.2631983757019043
A38E3EMVTA2930,tail_miss,11,-1.3622772693634033,-1.4701359272003174,-1.3593851327896118,-1.5773305892944336,-1.6785309314727783,-1.3582452535629272,-1.2880561351776123,-1.4404913187026978,-1.3190982341766357,-1.384544014930725,-1.4187119007110596,-1.3769645690917969,-1.3754158020019531,0.002892136573791504,-0.007913634181022644,0.010805770754814148,-0.20839500427246094,-0.21505331993103027,-0.316253662109375
A34BONVNM07TRG,tail_miss,5,-1.6754512786865234,-1.7248575687408447,-1.535771131515503,-1.5265207290649414,-1.4955995082855225,-1.748975157737732,-1.7874504327774048,-1.559734582901001,-1.6805320978164673,-1.5879042148590088,-1.6914077997207642,-1.7591747045516968,-1.6306788921356201,0.1396801471710205,-0.0052809566259384155,0.14496110379695892,0.22925806045532227,0.14893054962158203,0.17985177040100098
AH01474URB3O4,tail_miss,4,-1.971576452255249,-4.402976036071777,-1.9502757787704468,-1.514222264289856,-1.4065924882888794,-1.9669040441513062,-2.214672803878784,-2.0259337425231934,-2.1032626628875732,-2.0968801975250244,-2.0347740650177,-2.039529323577881,-2.6852939128875732,0.021300673484802246,-0.17432989180088043,0.19563056528568268,2.9963836669921875,0.45735418796539307,0.5649839639663696
A2YS3MYCBV9JG3,tail_miss,3,-2.276831865310669,-2.134833812713623,-2.3481175899505615,-2.236219882965088,-2.239367961883545,-2.2393240928649902,-2.224985361099243,-2.3405613899230957,-2.24037766456604,-2.2037482261657715,-2.2688937187194824,-2.2687294483184814,-2.239539623260498,-0.07128572463989258,0.023561924695968628,-0.0948476493358612,-0.10453414916992188,0.040611982345581055,0.03746390342712402
A17RLXDXVYOSTD,tail_miss,10,-3.439115047454834,-2.5870018005371094,-3.4830856323242188,-2.758864402770996,-2.8786606788635254,-3.543282985687256,-3.4067726135253906,-3.395892381668091,-3.3751213550567627,-3.414576768875122,-3.397317886352539,-3.5528082847595215,-3.4882404804229736,-0.043970584869384766,-0.007636547088623047,-0.03633403778076172,-0.291658878326416,0.6802506446838379,0.5604543685913086
ARABO3TL4UX0G,tail_miss,3,-3.1851704120635986,-3.2621588706970215,-3.1552486419677734,-2.4389119148254395,-2.3615598678588867,-3.251525402069092,-3.0796399116516113,-3.280494213104248,-3.18856143951416,-3.2788443565368652,-2.9683022499084473,-3.2744834423065186,-3.2431435585021973,0.029921770095825195,-0.010453909635543823,0.04037567973136902,0.9005990028381348,0.7462584972381592,0.8236105442047119
A3CD3LU9X77QVG,tail_miss,7,-2.5890207290649414,-3.9052467346191406,-2.5976197719573975,-2.530033588409424,-2.5317142009735107,-2.571735382080078,-2.6107735633850098,-2.681641101837158,-2.556547164916992,-2.5783915519714355,-2.6745285987854004,-2.570268154144287,-2.6287808418273926,-0.008599042892456055,-0.020062565803527832,0.011463522911071777,1.3735325336456299,0.05898714065551758,0.057306528091430664
AI61QKE683S4S,tail_miss,3,-2.4763407707214355,-2.5266530513763428,-2.236915111541748,-2.5902934074401855,-2.1585967540740967,-2.456474781036377,-2.524136781692505,-2.578731060028076,-2.5544636249542236,-2.6019017696380615,-2.5666654109954834,-2.506028652191162,-2.4920907020568848,0.2394256591796875,-0.05872082710266113,0.29814648628234863,0.3680562973022461,-0.11395263671875,0.31774401664733887
ALAC0EYQBZQGM,tail_miss,3,-1.9998409748077393,-3.607027530670166,-2.06725811958313,-2.2766926288604736,-2.2836265563964844,-1.9601463079452515,-2.0770792961120605,-2.0315842628479004,-2.2051305770874023,-2.1420884132385254,-1.9784071445465088,-1.892215371131897,-2.032836675643921,-0.06741714477539062,-0.04009503126144409,-0.027322113513946533,1.3234009742736816,-0.2768516540527344,-0.2837855815887451
A1XK7D46Q5YPR8,tail_miss,4,-2.3206584453582764,-1.8058240413665771,-2.2744414806365967,-2.609541654586792,-2.5675997734069824,-2.2937779426574707,-2.3155226707458496,-2.31138277053833,-2.267197847366333,-2.373849868774414,-2.2315754890441895,-2.3090224266052246,-2.3099989891052246,0.04621696472167969,0.01911744475364685,0.027099519968032837,-0.7617757320404053,-0.2888832092285156,-0.24694132804870605
A16RKBCGFDMI8H,tail_miss,9,-2.474364757537842,-2.7577455043792725,-2.382722854614258,-2.690995931625366,-2.5251386165618896,-2.4681880474090576,-2.467503786087036,-2.4296486377716064,-2.450782060623169,-2.585738182067871,-2.369743824005127,-2.4344429969787598,-2.539266586303711,0.09164190292358398,0.0062004923820495605,0.08544141054153442,0.2326068878173828,-0.21663117408752441,-0.05077385902404785
A2ZDYH4VWF8S09,tail_miss,3,-4.1985626220703125,-4.586709022521973,-4.356717109680176,-4.157374382019043,-4.380995273590088,-4.128893852233887,-4.515297889709473,-4.40487003326416,-4.504294395446777,-4.235628128051758,-4.249554634094238,-4.334417819976807,-4.156930446624756,-0.15815448760986328,-0.11767327785491943,-0.04048120975494385,0.20571374893188477,0.04118824005126953,-0.1824326515197754
A1FZEF8I333XS7,tail_miss,4,-3.1745409965515137,-3.199618101119995,-3.2516398429870605,-3.086135149002075,-3.162867307662964,-3.176499128341675,-3.121032238006592,-3.147902011871338,-3.154672145843506,-3.2273831367492676,-3.177964687347412,-3.1755473613739014,-3.2173123359680176,-0.07709884643554688,-0.00024813413619995117,-0.07685071229934692,0.03675079345703125,0.08840584754943848,0.011673688888549805
A2CL7ICGA3QSYD,tail_miss,3,-1.8010590076446533,-2.2372782230377197,-2.05757737159729,-1.73367440700531,-2.0386621952056885,-1.7631635665893555,-1.7921708822250366,-1.7516534328460693,-1.9163169860839844,-1.7544618844985962,-1.7827892303466797,-1.8721246719360352,-1.7555434703826904,-0.2565183639526367,0.002530992031097412,-0.25904935598373413,0.19861602783203125,0.06738460063934326,-0.23760318756103516
A6NMW94G7STBS,tail_miss,3,-2.6806082725524902,-2.6456196308135986,-2.764495849609375,-2.1284561157226562,-2.191976308822632,-2.5865821838378906,-2.7253384590148926,-2.7774531841278076,-2.749128818511963,-2.7213363647460938,-2.741511344909668,-2.6629137992858887,-2.654759645462036,-0.08388757705688477,-0.021769702434539795,-0.06211787462234497,0.4536433219909668,0.552152156829834,0.4886319637298584
A3K91X9X2ARDOK,tail_miss,19,-3.3789680004119873,-4.037909507751465,-3.1398346424102783,-3.489008665084839,-3.1846649646759033,-3.391552448272705,-3.395737409591675,-3.3423595428466797,-3.3979721069335938,-3.310063123703003,-3.3394775390625,-3.3595759868621826,-3.401721477508545,0.23913335800170898,0.011660546064376831,0.22747281193733215,0.8532445430755615,-0.11004066467285156,0.19430303573608398
A102BB2V3UFSH2,tail_miss,5,-2.785639524459839,-3.376638889312744,-2.8963935375213623,-2.7524757385253906,-2.7499961853027344,-2.7628016471862793,-2.843191146850586,-2.736299991607666,-2.8152031898498535,-2.769254684448242,-2.799049139022827,-2.72175669670105,-2.81605863571167,-0.11075401306152344,0.0026876330375671387,-0.11344164609909058,0.6266427040100098,0.03316378593444824,0.03564333915710449
A2V8J7M9N87AKZ,tail_miss,7,-3.3187522888183594,-3.6159794330596924,-3.335446834564209,-2.9608428478240967,-2.982570171356201,-3.3935000896453857,-3.2422473430633545,-3.0943799018859863,-3.2866852283477783,-3.3536205291748047,-3.3399932384490967,-3.3294594287872314,-3.303138017654419,-0.01669454574584961,0.025874316692352295,-0.042568862438201904,0.6334092617034912,0.3579094409942627,0.3361821174621582
A1ILO7DWH03JBN,tail_miss,5,-1.6384403705596924,-2.5704503059387207,-1.599422574043274,-1.6819322109222412,-1.7250436544418335,-1.6316601037979126,-1.6191341876983643,-1.6054166555404663,-1.6617813110351562,-1.6199754476547241,-1.6039823293685913,-1.6198126077651978,-1.6577088832855225,0.03901779651641846,0.0110064297914505,0.028011366724967957,0.8454066514968872,-0.04349184036254883,-0.08660328388214111
A1104SH03FMIIW,tail_miss,5,-2.7450954914093018,-2.305560350418091,-2.8034136295318604,-2.5722928047180176,-2.5833210945129395,-2.7166309356689453,-2.6604392528533936,-2.6897988319396973,-2.821074962615967,-2.7236125469207764,-2.6816866397857666,-2.680812358856201,-2.740910053253174,-0.058318138122558594,0.030724793672561646,-0.08904293179512024,-0.27776074409484863,0.17280268669128418,0.1617743968963623
ATUX3JMSD6I62,tail_miss,5,-2.4528424739837646,-1.9699195623397827,-2.507697582244873,-2.692094087600708,-2.7172060012817383,-2.367962598800659,-2.422905921936035,-2.4854347705841064,-2.314356803894043,-2.4212260246276855,-2.475958824157715,-2.4317872524261475,-2.310657262802124,-0.0548551082611084,0.049056291580200195,-0.1039113998413086,-0.7472864389419556,-0.23925161361694336,-0.26436352729797363
A3CNBO3RDKDLKS,tail_miss,3,-2.5009257793426514,-2.684934377670288,-2.5309600830078125,-2.6094284057617188,-2.667469024658203,-2.451939821243286,-2.535923480987549,-2.4263858795166016,-2.32914400100708,-2.5086140632629395,-2.508204221725464,-2.444650650024414,-2.470904588699341,-0.030034303665161133,0.04145494103431702,-0.07148924469947815,0.01746535301208496,-0.10850262641906738,-0.16654324531555176
A1VH97B1OGB77X,tail_miss,4,-2.3741455078125,-2.7326583862304688,-2.4034340381622314,-2.3729968070983887,-2.2838244438171387,-2.3320300579071045,-2.391491413116455,-2.3917019367218018,-2.3828961849212646,-2.4544880390167236,-2.3579986095428467,-2.424243211746216,-2.367896318435669,-0.029288530349731445,-0.013697713613510132,-0.015590816736221313,0.4488339424133301,0.0011487007141113281,0.09032106399536133
A15D2X8MICR2VQ,tail_miss,20,-2.616015672683716,-4.355055809020996,-2.7684226036071777,-3.0748982429504395,-3.4094481468200684,-2.521186113357544,-2.5964467525482178,-2.5271313190460205,-2.539595127105713,-2.5652806758880615,-2.5639169216156006,-2.579969882965088,-2.4196133613586426,-0.15240693092346191,0.07687315344810486,-0.22928008437156677,0.9456076622009277,-0.45888257026672363,-0.7934324741363525
A21SXKRU1EAXYR,tail_miss,3,-1.5143721103668213,-2.2905774116516113,-1.484484076499939,-1.5870755910873413,-1.5462331771850586,-1.5109751224517822,-1.5087673664093018,-1.5784469842910767,-1.4769973754882812,-1.5336568355560303,-1.5183066129684448,-1.4763624668121338,-1.4479299783706665,0.029888033866882324,0.007941767573356628,0.021946266293525696,0.7443442344665527,-0.07270348072052002,-0.031861066818237305
A1QF4GY1H0KCWN,tail_miss,5,-2.1066880226135254,-2.3635544776916504,-2.201326370239258,-2.012615203857422,-2.0538196563720703,-2.203575611114502,-2.1378331184387207,-2.130068778991699,-2.1278445720672607,-2.139831066131592,-2.144927978515625,-2.1360087394714355,-2.193234920501709,-0.09463834762573242,-0.0449775755405426,-0.04966077208518982,0.3097348213195801,0.09407281875610352,0.05286836624145508
A1JYATWK5TZ089,tail_miss,3,-3.8898708820343018,-4.656816005706787,-3.661893367767334,-3.5475335121154785,-3.4282398223876953,-3.9240005016326904,-4.083776950836182,-3.883268356323242,-3.9362921714782715,-4.048501491546631,-3.946993350982666,-4.071920871734619,-4.143654823303223,0.22797751426696777,-0.1149301826953888,0.34290769696235657,1.2285761833190918,0.34233736991882324,0.46163105964660645
A3HL1LRW4VDG6A,tail_miss,13,-2.1732001304626465,-2.4371743202209473,-2.407060146331787,-2.123577833175659,-2.2819952964782715,-2.2508482933044434,-2.3367207050323486,-2.0840072631835938,-2.241464853286743,-2.1742265224456787,-2.1983354091644287,-2.271576404571533,-2.1662280559539795,-0.23386001586914062,-0.042225807905197144,-0.19163420796394348,0.15517902374267578,0.049622297286987305,-0.108795166015625
A1XPHJR0M2Y5LY,tail_miss,4,-1.9471874237060547,-2.2668375968933105,-1.982147455215454,-1.7825615406036377,-1.9127485752105713,-1.957339882850647,-2.0621955394744873,-2.016140937805176,-2.004513740539551,-2.027750253677368,-1.9910932779312134,-1.8884429931640625,-1.9620497226715088,-0.034960031509399414,-0.04150336980819702,0.006543338298797607,0.35408902168273926,0.164625883102417,0.0344388484954834
A8PNH73J06GRV,tail_miss,4,-1.2861266136169434,-1.984614610671997,-1.3438382148742676,-1.291641354560852,-1.2276859283447266,-1.314237117767334,-1.3236973285675049,-1.3132861852645874,-1.323677659034729,-1.3204519748687744,-1.28334641456604,-1.3310573101043701,-1.2499415874481201,-0.05771160125732422,-0.021335333585739136,-0.03637626767158508,0.7569286823272705,-0.005514740943908691,0.0584406852722168
ADN98CV2K8ZJ4,tail_miss,4,-2.4914135932922363,-2.9974734783172607,-2.4594123363494873,-2.4870269298553467,-2.3714733123779297,-2.4561657905578613,-2.4766907691955566,-2.487422466278076,-2.4523918628692627,-2.4696624279022217,-2.4582831859588623,-2.5039966106414795,-2.480456829071045,0.03200125694274902,0.018279850482940674,0.01372140645980835,0.626000165939331,0.0043866634368896484,0.11994028091430664
A3T7H0Z3FUTS0Z,tail_miss,4,-1.7938438653945923,-1.9918502569198608,-1.8525006771087646,-1.8075897693634033,-1.9226596355438232,-1.7850751876831055,-1.7888962030410767,-1.7872440814971924,-1.8507213592529297,-1.80779230594635,-1.7657203674316406,-1.7598154544830322,-1.8477776050567627,-0.05865681171417236,-0.005286455154418945,-0.05337035655975342,0.0691906213760376,-0.013745903968811035,-0.12881577014923096
AJF85EJ6Y2X0U,tail_miss,7,-3.073096752166748,-2.2533421516418457,-2.998338222503662,-2.1975409984588623,-2.2788541316986084,-3.152678966522217,-3.0733513832092285,-3.108424663543701,-3.0838429927825928,-3.0957961082458496,-3.1014559268951416,-3.0819408893585205,-3.118995428085327,0.07475852966308594,-0.02896404266357422,0.10372257232666016,-0.025511980056762695,0.8755557537078857,0.7942426204681396
A1ELBAQLOJ25FC,tail_miss,3,-1.4977947473526,-1.6956489086151123,-1.4893049001693726,-1.5263575315475464,-1.5895295143127441,-1.4777426719665527,-1.5239877700805664,-1.561130166053772,-1.4925059080123901,-1.5353463888168335,-1.4003965854644775,-1.4589307308197021,-1.5152418613433838,0.008489847183227539,0.00213448703289032,0.006355360150337219,0.10611939430236816,-0.02856278419494629,-0.09173476696014404
A2W10EB5MH7XQK,tail_miss,5,-1.3132610321044922,-7.3440399169921875,-1.356755018234253,-7.830399990081787,-7.710916042327881,-1.3115191459655762,-1.343383550643921,-1.3533374071121216,-1.325413465499878,-1.308279037475586,-1.328065276145935,-1.2643799781799316,-1.2785617113113403,-0.04349398612976074,-0.0008564144372940063,-0.042637571692466736,-0.36687612533569336,-6.517138957977295,-6.397655010223389
A1DNXL8BIR5R8R,tail_miss,7,-2.126173973083496,-3.8542933464050293,-2.0836575031280518,-2.131476879119873,-2.150014877319336,-2.1409432888031006,-2.135077714920044,-2.207862138748169,-2.1327435970306396,-2.081357002258301,-2.14334774017334,-2.1584744453430176,-2.127898693084717,0.042516469955444336,-0.014789104461669922,0.05730557441711426,1.7042784690856934,-0.005302906036376953,-0.023840904235839844
A2K3RSOH1HM6H7,tail_miss,20,-2.0319125652313232,-2.182945728302002,-2.0171494483947754,-2.38482403755188,-2.5150411128997803,-2.0399961471557617,-1.9398914575576782,-2.064941167831421,-1.9571914672851562,-2.0083985328674316,-2.0594635009765625,-2.10784649848938,-1.9897511005401611,0.014763116836547852,0.010977581143379211,0.00378553569316864,-0.3320953845977783,-0.35291147232055664,-0.48312854766845703
A1G25E1APK8JS6,tail_miss,3,-1.9249153137207031,-2.439870834350586,-1.8221099376678467,-1.9236751794815063,-1.799630880355835,-1.874197244644165,-1.9035136699676514,-1.9543113708496094,-1.9501993656158447,-1.966139793395996,-1.9734933376312256,-1.964758276939392,-1.958372712135315,0.10280537605285645,-0.018207907676696777,0.12101328372955322,0.640239953994751,0.0012401342391967773,0.12528443336486816
A2PWDBZQPR9JU6,tail_miss,4,-2.615143299102783,-3.0073609352111816,-2.6419825553894043,-2.3242383003234863,-2.296217203140259,-2.555032253265381,-2.626007556915283,-2.602165937423706,-2.6091666221618652,-2.537050247192383,-2.5821328163146973,-2.449420690536499,-2.5036444664001465,-0.026839256286621094,0.057065725326538086,-0.08390498161315918,0.7111437320709229,0.2909049987792969,0.3189260959625244
AY4BKTTLRHETL,tail_miss,3,-2.164701223373413,-2.3072543144226074,-2.144667863845825,-1.7430646419525146,-1.753706693649292,-2.085721731185913,-2.2516210079193115,-2.1732141971588135,-2.348083019256592,-2.094672679901123,-2.13869047164917,-2.155061721801758,-2.1750190258026123,0.02003335952758789,-0.013059258460998535,0.033092617988586426,0.5535476207733154,0.42163658142089844,0.4109945297241211
ACQS5XKRRR1TW,tail_miss,4,-1.843918800354004,-2.8229739665985107,-1.8238409757614136,-1.9580307006835938,-1.969454288482666,-1.846565842628479,-1.8265352249145508,-1.8346918821334839,-1.8342550992965698,-1.8479127883911133,-1.8753553628921509,-1.8846718072891235,-1.82634437084198,0.020077824592590332,-0.0031227469444274902,0.023200571537017822,0.8535196781158447,-0.11411190032958984,-0.1255354881286621
A1OL7RJ5YEFYD,tail_miss,5,-3.598569869995117,-2.147596836090088,-3.349818468093872,-1.8174831867218018,-1.7972148656845093,-3.7369606494903564,-3.5782322883605957,-3.4357593059539795,-3.522771120071411,-3.6090941429138184,-3.533012866973877,-3.3415355682373047,-3.619091033935547,0.24875140190124512,0.05151274800300598,0.19723865389823914,0.3503819704055786,1.7810866832733154,1.801355004310608
AU2TRZD0M5MOJ,tail_miss,4,-1.7969017028808594,-0.8850549459457397,-1.6456613540649414,-1.2993005514144897,-1.2027387619018555,-1.8325958251953125,-1.772481918334961,-1.7504819631576538,-1.8287407159805298,-1.7778170108795166,-1.759804368019104,-1.772409439086914,-1.7596572637557983,0.15124034881591797,0.01515313982963562,0.13608720898628235,-0.3176838159561157,0.49760115146636963,0.5941629409790039
A2SFZXOND2EL2V,tail_miss,3,-1.7816444635391235,-1.6414794921875,-1.691080093383789,-1.89871346950531,-1.8980755805969238,-1.8139594793319702,-1.762266755104065,-1.763018012046814,-1.7656768560409546,-1.7353836297988892,-1.834895133972168,-1.793371558189392,-1.7543739080429077,0.09056437015533447,0.0037762969732284546,0.08678807318210602,-0.25659608840942383,-0.11706900596618652,-0.11643111705780029
AX7UFAGQCJZC7,tail_miss,3,-2.844741106033325,-2.699720859527588,-2.769813060760498,-2.677725076675415,-2.7351536750793457,-2.7646899223327637,-2.823209285736084,-2.8048789501190186,-2.8123207092285156,-2.933793544769287,-2.8063340187072754,-2.73201322555542,-2.7384777069091797,0.07492804527282715,0.0427764356136322,0.032151609659194946,-0.03543281555175781,0.16701602935791016,0.10958743095397949
A3UQB181P5L2SG,tail_miss,4,-2.153082847595215,-2.4044604301452637,-2.153764247894287,-2.2363665103912354,-2.262338399887085,-2.1494338512420654,-2.157029390335083,-2.1770007610321045,-2.150607109069824,-2.1476378440856934,-2.1861889362335205,-2.167215585708618,-2.184844970703125,-0.0006814002990722656,-0.011911958456039429,0.011230558156967163,0.1421220302581787,-0.08328366279602051,-0.10925555229187012
A3LO0DQZCRB36Q,tail_miss,3,-2.3091931343078613,-3.3399951457977295,-2.238698959350586,-2.4616787433624268,-2.428387403488159,-2.280721664428711,-2.3058502674102783,-2.3603477478027344,-2.3375864028930664,-2.302255868911743,-2.294064521789551,-2.343848705291748,-2.286329984664917,0.07049417495727539,-0.0046825110912323,0.07517668604850769,0.9116077423095703,-0.15248560905456543,-0.11919426918029785
A15QOTBXPUE0N4,tail_miss,4,-1.6062431335449219,-1.6689023971557617,-1.576646089553833,-1.6421363353729248,-1.5860316753387451,-1.5095692873001099,-1.5773944854736328,-1.5663478374481201,-1.589686632156372,-1.5718637704849243,-1.551910400390625,-1.5684996843338013,-1.5640761852264404,0.029597043991088867,0.04382459819316864,-0.014227554202079773,0.0828707218170166,-0.03589320182800293,0.020211458206176758
A1VLQ56SGOAUUK,tail_miss,3,-1.4124586582183838,-1.9530032873153687,-1.5452544689178467,-1.6683523654937744,-1.779833197593689,-1.4242610931396484,-1.4725468158721924,-1.429486632347107,-1.5063457489013672,-1.4051376581192017,-1.5193685293197632,-1.4733340740203857,-1.3899481296539307,-0.1327958106994629,-0.040094926953315735,-0.09270088374614716,0.1731700897216797,-0.2558937072753906,-0.3673745393753052
A1GQAKL9CGQLP1,tail_miss,7,-1.6675742864608765,-2.2438206672668457,-1.753872275352478,-1.7141374349594116,-2.025482654571533,-1.6075019836425781,-1.6538881063461304,-1.6801427602767944,-1.6649620532989502,-1.701560616493225,-1.7158368825912476,-1.7368462085723877,-1.6747093200683594,-0.08629798889160156,-0.011856704950332642,-0.07444128394126892,0.2183380126953125,-0.046563148498535156,-0.35790836811065674
A3AMC7FLMCVQW9,tail_miss,6,-1.9061685800552368,-2.042111873626709,-1.8828775882720947,-1.7941875457763672,-1.6484054327011108,-1.9356120824813843,-1.8929046392440796,-1.9186052083969116,-1.9209991693496704,-1.929269552230835,-1.9363622665405273,-1.9250675439834595,-1.9334602355957031,0.02329099178314209,-0.017866507172584534,0.041157498955726624,0.39370644092559814,0.11198103427886963,0.257763147354126
A1EVV74UQYVKRY,tail_miss,20,-3.731081008911133,-2.786379337310791,-3.7912306785583496,-2.8361849784851074,-2.2719907760620117,-3.663891553878784,-3.6336684226989746,-3.689356565475464,-3.7865371704101562,-3.715564012527466,-3.7309699058532715,-3.6428897380828857,-3.7409205436706543,-0.0601496696472168,0.03060626983642578,-0.09075593948364258,0.5143885612487793,0.8948960304260254,1.459090232849121
AX4NH49L6KYYX,tail_miss,4,-2.933575391769409,-2.1172754764556885,-3.024587631225586,-2.6422715187072754,-2.860764741897583,-2.8891844749450684,-2.974027156829834,-2.773420810699463,-2.9639925956726074,-2.92057466506958,-2.6873865127563477,-2.931583881378174,-3.010516405105591,-0.09101223945617676,0.03973957896232605,-0.1307518184185028,-0.7434892654418945,0.2913038730621338,0.07281064987182617
ABN7G2T0KAB3G,tail_miss,3,-1.170362114906311,-1.0889171361923218,-1.150140404701233,-1.2756972312927246,-1.2641786336898804,-1.2055333852767944,-1.136695146560669,-1.2329031229019165,-1.1845959424972534,-1.2469028234481812,-1.1506084203720093,-1.111708402633667,-1.2136415243148804,0.020221710205078125,-0.014961481094360352,0.03518319129943848,-0.1752614974975586,-0.10533511638641357,-0.09381651878356934
A26JP40O8JP7ZF,tail_miss,5,-2.254323959350586,-2.842581033706665,-2.24415922164917,-2.599591016769409,-2.597867488861084,-2.1249148845672607,-2.2413811683654785,-2.147599697113037,-2.2768406867980957,-2.2219855785369873,-2.1823816299438477,-2.2008755207061768,-2.2430787086486816,0.010164737701416016,0.04944172501564026,-0.03927698731422424,0.24471354484558105,-0.34526705741882324,-0.34354352951049805
A28PHO540GK9US,tail_miss,20,-1.926661729812622,-2.1289963722229004,-1.866625428199768,-2.1971888542175293,-2.064107656478882,-1.9180824756622314,-1.9302740097045898,-1.919250249862671,-1.9385528564453125,-1.9036102294921875,-1.8604514598846436,-2.044393539428711,-1.9022579193115234,0.060036301612854004,-0.00044736266136169434,0.0604836642742157,0.06488871574401855,-0.2705271244049072,-0.13744592666625977
A3SX1305WTZYXK,tail_miss,3,-2.6773593425750732,-2.4329655170440674,-2.5620651245117188,-2.4178245067596436,-2.3172879219055176,-2.689225673675537,-2.6537845134735107,-2.650268316268921,-2.7349557876586914,-2.663633346557617,-2.6543502807617188,-2.65429949760437,-2.6796562671661377,0.11529421806335449,0.004837632179260254,0.11045658588409424,0.1156775951385498,0.2595348358154297,0.36007142066955566
A3GBRY8W4MIZAM,tail_miss,3,-1.9836326837539673,-2.218864679336548,-1.8109056949615479,-1.6630611419677734,-1.5514914989471436,-2.0022380352020264,-1.806604027748108,-2.0947468280792236,-1.9796314239501953,-1.9033374786376953,-2.041721820831299,-1.9232311248779297,-1.8887488842010498,0.17272698879241943,0.028600230813026428,0.144126757979393,0.6673731803894043,0.32057154178619385,0.43214118480682373
A31LV3U27VKB7G,tail_miss,3,-2.4847419261932373,-2.824164867401123,-2.508824348449707,-2.1774849891662598,-2.18546199798584,-2.546799421310425,-2.437682628631592,-2.4233829975128174,-2.407797336578369,-2.4643261432647705,-2.399862051010132,-2.384270429611206,-2.4238955974578857,-0.024082422256469727,0.048739850521087646,-0.07282227277755737,0.6387028694152832,0.30725693702697754,0.29927992820739746
A35GK9DHB15M0T,tail_miss,6,-1.7643238306045532,-2.248732089996338,-1.7636604309082031,-1.848120093345642,-1.9330021142959595,-1.7387418746948242,-1.787933588027954,-1.7533485889434814,-1.7713388204574585,-1.7331444025039673,-1.7682068347930908,-1.7525756359100342,-1.7579180002212524,0.0006633996963500977,0.006422862410545349,-0.0057594627141952515,0.3157299757003784,-0.08379626274108887,-0.16867828369140625
AZ764TQN6DC3X,tail_miss,4,-2.552346706390381,-2.799485445022583,-2.5351219177246094,-2.3297924995422363,-2.2294483184814453,-2.516901731491089,-2.5205636024475098,-2.6511974334716797,-2.4915554523468018,-2.6044163703918457,-2.5495591163635254,-2.559225559234619,-2.555633068084717,0.017224788665771484,-0.0037848353385925293,0.021009624004364014,0.5700371265411377,0.22255420684814453,0.32289838790893555
AT9WSNXH6URZF,tail_miss,3,-1.7497987747192383,-1.8471012115478516,-1.7366931438446045,-1.6862550973892212,-1.7441641092300415,-1.7385547161102295,-1.7063214778900146,-1.7728859186172485,-1.7412688732147217,-1.751715064048767,-1.9048503637313843,-1.7504247426986694,-1.7521331310272217,0.013105630874633789,-0.014970511198043823,0.028076142072677612,0.10293710231781006,0.06354367733001709,0.005634665489196777
A38K7SSI5890AP,tail_miss,5,-2.2820682525634766,-2.377074956893921,-2.332658290863037,-2.3418831825256348,-2.375391721725464,-2.274840831756592,-2.2326226234436035,-2.2674853801727295,-2.3997271060943604,-2.2432093620300293,-2.26823353767395,-2.3496220111846924,-2.2684154510498047,-0.05059003829956055,-0.005951285362243652,-0.044638752937316895,0.0016832351684570312,-0.0598149299621582,-0.0933234691619873
A3N2MVBI1A2I9Y,tail_miss,4,-2.2391741275787354,-3.1785783767700195,-2.261873483657837,-2.3147661685943604,-2.4348442554473877,-2.2173268795013428,-2.2486233711242676,-2.283747673034668,-2.24298095703125,-2.243722438812256,-2.2245473861694336,-2.1897101402282715,-2.208799362182617,-0.022699356079101562,0.006741851568222046,-0.02944120764732361,0.7437341213226318,-0.075592041015625,-0.19567012786865234
A1YLS2QFFBDAG3,tail_miss,3,-1.8715177774429321,-1.9611631631851196,-1.8809791803359985,-1.7287124395370483,-1.7976741790771484,-1.8757553100585938,-1.8480316400527954,-1.8623501062393188,-1.8796396255493164,-1.8445844650268555,-1.8557803630828857,-1.8855043649673462,-1.880120038986206,-0.009461402893066406,0.005047038197517395,-0.014508441090583801,0.1634889841079712,0.1428053379058838,0.07384359836578369
ALXDCS16EP3ZR,tail_miss,5,-2.1131224632263184,-2.40065598487854,-2.2148711681365967,-2.2828586101531982,-2.1861910820007324,-2.1109936237335205,-2.2428464889526367,-2.286217212677002,-2.102674961090088,-2.1053860187530518,-2.2470145225524902,-2.0761234760284424,-2.1507532596588135,-0.10174870491027832,-0.052128732204437256,-0.049619972705841064,0.21446490287780762,-0.16973614692687988,-0.07306861877441406
ARNQCPXDBEERZ,tail_miss,7,-3.2893574237823486,-3.1408920288085938,-3.2664172649383545,-3.0855064392089844,-3.1113171577453613,-3.287632465362549,-3.353490114212036,-3.2600529193878174,-3.308413028717041,-3.217332124710083,-3.3231005668640137,-3.2379913330078125,-3.325000762939453,0.02294015884399414,0.0002307593822479248,0.022709399461746216,0.029574871063232422,0.20385098457336426,0.1780402660369873
AE8X8P941RI9H,tail_miss,3,-1.9933252334594727,-2.0016443729400635,-2.0110926628112793,-1.9606608152389526,-2.0126078128814697,-2.0713789463043213,-2.028552532196045,-1.9838720560073853,-2.0172150135040283,-2.011401414871216,-1.9767745733261108,-1.9650477170944214,-2.032559633255005,-0.01776742935180664,-0.017525002360343933,-0.00024242699146270752,-0.01096343994140625,0.03266441822052002,-0.01928257942199707
A31A7BBDX9FAP2,tail_miss,4,-1.4213449954986572,-2.1350274085998535,-1.3858457803726196,-1.673434853553772,-1.6616054773330688,-1.5036203861236572,-1.4851678609848022,-1.4270697832107544,-1.2845109701156616,-1.484235405921936,-1.454337477684021,-1.4360382556915283,-1.4205883741378784,0.0354992151260376,-0.01560106873512268,0.05110028386116028,0.47342193126678467,-0.25208985805511475,-0.24026048183441162
A3HZEQAJ0O35R2,tail_miss,3,-2.08316707611084,-2.638237476348877,-2.032674551010132,-2.054780960083008,-2.056969165802002,-2.0980465412139893,-2.1164188385009766,-2.065112352371216,-2.083474636077881,-2.1141669750213623,-2.061666250228882,-2.0472605228424072,-2.06177020072937,0.05049252510070801,0.0021775364875793457,0.04831498861312866,0.581268310546875,0.02838611602783203,0.02619791030883789
A1MKLM14TVG4S7,tail_miss,4,-2.369356155395508,-2.9318110942840576,-2.384270429611206,-2.3515801429748535,-2.4394633769989014,-2.324824810028076,-2.337080240249634,-2.3333940505981445,-2.307222843170166,-2.3953659534454346,-2.2602343559265137,-2.310351610183716,-2.3285040855407715,-0.014914274215698242,0.044733911752700806,-0.05964818596839905,0.49234771728515625,0.017776012420654297,-0.07010722160339355
A2H8IQ2ZNUSQ71,tail_miss,3,-2.6880249977111816,-2.547868251800537,-2.749661684036255,-2.556650161743164,-2.7254481315612793,-2.7347207069396973,-2.7212774753570557,-2.7480177879333496,-2.6934092044830322,-2.6943390369415283,-2.7011122703552246,-2.724494457244873,-2.6919140815734863,-0.06163668632507324,-0.025635629892349243,-0.036001056432724,-0.1775798797607422,0.13137483596801758,-0.037423133850097656
A131IPB482MK2C,tail_miss,3,-2.7568163871765137,-3.5255813598632812,-3.0868020057678223,-1.669676423072815,-1.5421754121780396,-2.787504196166992,-2.80111026763916,-2.8248343467712402,-2.620108127593994,-2.7622530460357666,-2.7993037700653076,-2.7290005683898926,-3.0287413597106934,-0.3299856185913086,-0.03729057312011719,-0.2926950454711914,1.9834059476852417,1.0871399641036987,1.2146409749984741
A12ZSBECOKCABG,tail_miss,5,-5.367323875427246,-5.403203010559082,-6.023165702819824,-3.2988154888153076,-3.4101784229278564,-5.471247673034668,-5.342574119567871,-5.1681976318359375,-4.882928371429443,-5.070363521575928,-5.691675662994385,-4.753817558288574,-5.29942512512207,-0.6558418273925781,0.15729516744613647,-0.8131369948387146,1.9930245876312256,2.0685083866119385,1.9571454524993896
A3Q8LROBADQOSC,tail_miss,3,-2.101898193359375,-2.1120221614837646,-2.1610124111175537,-1.862505555152893,-1.8642610311508179,-2.1258738040924072,-2.130908250808716,-2.064473867416382,-2.099698781967163,-2.038672685623169,-2.1005513668060303,-2.1479403972625732,-2.109764337539673,-0.05911421775817871,-0.00033724308013916016,-0.05877697467803955,0.24776113033294678,0.23939263820648193,0.23763716220855713
AGV08F2R333CF,tail_miss,5,-1.6339313983917236,-2.1031978130340576,-1.648144006729126,-1.741233468055725,-1.7895057201385498,-1.634394884109497,-1.6154266595840454,-1.6068427562713623,-1.613121747970581,-1.6274986267089844,-1.6162933111190796,-1.6216872930526733,-1.5673775672912598,-0.014212608337402344,0.02110104262828827,-0.03531365096569061,0.3136920928955078,-0.10730206966400146,-0.15557432174682617
A25IIZ0GNKWIZO,tail_miss,4,-3.1264712810516357,-3.5166015625,-3.0970332622528076,-3.186785936355591,-3.1249964237213135,-3.119328737258911,-3.132572650909424,-3.130312442779541,-3.1318187713623047,-3.114475727081299,-3.1254751682281494,-3.1548328399658203,-3.148869037628174,0.029438018798828125,-0.005739390850067139,0.035177409648895264,0.3916051387786865,-0.06031465530395508,0.0014748573303222656
A28I2EG3G1VAGC,tail_miss,3,-2.6502349376678467,-1.4255669116973877,-2.6203274726867676,-2.7788875102996826,-2.7612061500549316,-2.572263717651367,-2.6184067726135254,-2.6783289909362793,-2.6857657432556152,-2.6942503452301025,-2.6767287254333496,-2.570145845413208,-2.6134021282196045,0.0299074649810791,0.01157340407371521,0.01833406090736389,-1.335639238357544,-0.12865257263183594,-0.11097121238708496
A2YEJVOJ5AZ4QM,tail_miss,11,-2.627875804901123,-2.742084264755249,-2.7486939430236816,-2.759751796722412,-2.8079915046691895,-2.6310079097747803,-2.6696057319641113,-2.683204174041748,-2.647010087966919,-2.6323776245117188,-2.5884523391723633,-2.5793075561523438,-2.623417377471924,-0.1208181381225586,-0.0039220452308654785,-0.11689609289169312,-0.06590723991394043,-0.13187599182128906,-0.1801156997680664
ATZ6K21JDM9ZZ,tail_miss,3,-1.9494107961654663,-1.684923768043518,-2.0082485675811768,-1.9713354110717773,-2.106722354888916,-2.0390372276306152,-1.9431922435760498,-1.9148266315460205,-1.918678641319275,-1.9751508235931396,-2.0125977993011475,-1.9785022735595703,-1.9746290445327759,-0.05883777141571045,-0.02016603946685791,-0.03867173194885254,-0.42179858684539795,-0.021924614906311035,-0.1573115587234497
A2ZK6DO6P1Q87R,tail_miss,6,-1.431943655014038,-2.147388458251953,-1.3789058923721313,-1.6959975957870483,-1.7571086883544922,-1.4211864471435547,-1.4575037956237793,-1.385959267616272,-1.4449068307876587,-1.4988429546356201,-1.3738094568252563,-1.4651587009429932,-1.440632939338684,0.05303776264190674,-0.004056394100189209,0.05709415674209595,0.39027976989746094,-0.26405394077301025,-0.3251650333404541
A11N2UZ48TJT48,tail_miss,3,-1.7753273248672485,-2.2117223739624023,-1.7566800117492676,-1.7225346565246582,-1.737510323524475,-1.7846053838729858,-1.7853113412857056,-1.7686227560043335,-1.8002299070358276,-1.7945700883865356,-1.795955777168274,-1.7806334495544434,-1.7944742441177368,0.018647313117980957,-0.01272304356098175,0.03137035667896271,0.47421205043792725,0.05279266834259033,0.03781700134277344
A10R72UOSE0P86,tail_miss,3,-3.5580410957336426,-3.5650100708007812,-3.392920732498169,-3.4370357990264893,-3.145143508911133,-3.5618643760681152,-3.6221137046813965,-3.6378064155578613,-3.5844597816467285,-3.448817491531372,-3.5389244556427,-3.5976338386535645,-3.6556053161621094,0.16512036323547363,-0.02286207675933838,0.187982439994812,0.41986656188964844,0.12100529670715332,0.41289758682250977
AGQB3NJBGKM52,tail_miss,6,-2.3880062103271484,-2.449862003326416,-2.4281582832336426,-2.3405985832214355,-2.4847521781921387,-2.4267563819885254,-2.372589588165283,-2.37404203414917,-2.4297120571136475,-2.375020980834961,-2.456824541091919,-2.4122233390808105,-2.41085147857666,-0.04015207290649414,-0.019246339797973633,-0.020905733108520508,-0.034890174865722656,0.04740762710571289,-0.09674596786499023
A2ZOCOJ6SIL8N5,tail_miss,5,-2.0617244243621826,-2.3075811862945557,-2.1161582469940186,-2.1859450340270996,-2.245375156402588,-2.0751113891601562,-2.058626890182495,-2.095146417617798,-2.106088161468506,-2.066025495529175,-2.084655284881592,-2.097247362136841,-2.0306293964385986,-0.05443382263183594,-0.014966875314712524,-0.03946694731712341,0.06220602989196777,-0.12422060966491699,-0.18365073204040527
AZ9B75YQ1DTCB,tail_miss,7,-2.2127268314361572,-2.5942320823669434,-2.1655728816986084,-2.076408624649048,-2.036494731903076,-2.207261800765991,-2.2410292625427246,-2.3148751258850098,-2.2064521312713623,-2.340895175933838,-2.1222360134124756,-2.255190372467041,-2.367952823638916,0.04715394973754883,-0.04425975680351257,0.0914137065410614,0.5577373504638672,0.13631820678710938,0.17623209953308105
AX7NRFYUHG70M,tail_miss,4,-2.8749582767486572,-3.379500150680542,-3.1503660678863525,-3.0015058517456055,-2.951122760772705,-2.7685961723327637,-2.744614839553833,-2.8843979835510254,-2.8853580951690674,-2.8926477432250977,-2.879542112350464,-2.891385078430176,-2.8446483612060547,-0.2754077911376953,0.026059478521347046,-0.30146726965904236,0.4283773899078369,-0.12654757499694824,-0.07616448402404785
A3IVV97DY46JRJ,tail_miss,3,-2.171967029571533,-2.5738651752471924,-2.253037214279175,-2.146027088165283,-2.1749250888824463,-2.1340527534484863,-2.2295117378234863,-2.0622475147247314,-2.191317319869995,-2.216376543045044,-2.198917865753174,-2.0726821422576904,-2.0391788482666016,-0.0810701847076416,0.02893143892288208,-0.11000162363052368,0.3989400863647461,0.02593994140625,-0.002958059310913086
A2X186408TL18S,tail_miss,8,-2.520362377166748,-2.40394926071167,-2.4806227684020996,-2.0915305614471436,-2.138395309448242,-2.472986936569214,-2.4847049713134766,-2.5210797786712646,-2.492837429046631,-2.535236120223999,-2.5790679454803467,-2.440734386444092,-2.542508363723755,0.03973960876464844,0.011717885732650757,0.02802172303199768,0.26555395126342773,0.4288318157196045,0.38196706771850586
A12OIOZHEY1YEY,tail_miss,3,-2.1835906505584717,-2.7446303367614746,-2.193502426147461,-2.228367328643799,-2.219773769378662,-2.2477126121520996,-2.2052161693573,-2.1965084075927734,-2.1643800735473633,-2.1899561882019043,-2.2193503379821777,-2.210664749145508,-2.2339816093444824,-0.009911775588989258,-0.02488061785697937,0.014968842267990112,0.5248565673828125,-0.04477667808532715,-0.03618311882019043
A25P6WWHOY5SCP,tail_miss,5,-1.7140769958496094,-2.916124105453491,-1.6864032745361328,-1.6511703729629517,-1.6713765859603882,-1.6796684265136719,-1.7262290716171265,-1.7233010530471802,-1.764854073524475,-1.7435216903686523,-1.7186046838760376,-1.792035460472107,-1.7446848154067993,0.027673721313476562,-0.02253541350364685,0.05020913481712341,1.244747519493103,0.06290662288665771,0.04270040988922119
AFKEDWPB99U8M,tail_miss,11,-3.3602447509765625,-3.3737494945526123,-3.3802695274353027,-3.226616621017456,-3.113967180252075,-3.3027751445770264,-3.369504928588867,-3.4178643226623535,-3.435934066772461,-3.4137091636657715,-3.3432297706604004,-3.3626456260681152,-3.2763047218322754,-0.020024776458740234,-0.0050012171268463135,-0.015023559331893921,0.2597823143005371,0.13362812995910645,0.2462775707244873
A5O3PMPBP0JR9,tail_miss,3,-1.4539341926574707,-2.2033121585845947,-1.4518065452575684,-1.4245532751083374,-1.4975618124008179,-1.4657074213027954,-1.4861793518066406,-1.4653102159500122,-1.4265121221542358,-1.475561499595642,-1.4846296310424805,-1.4675084352493286,-1.5113228559494019,0.0021276473999023438,-0.018907248973846436,0.02103489637374878,0.7057503461837769,0.0293809175491333,-0.04362761974334717
A2FNPYE0QBA58Y,tail_miss,6,-1.6696008443832397,-2.0638322830200195,-1.6372836828231812,-1.7109485864639282,-1.7702239751815796,-1.7142425775527954,-1.7237526178359985,-1.6797889471054077,-1.737011194229126,-1.7258622646331787,-1.699648141860962,-1.7031046152114868,-1.6687625646591187,0.032317161560058594,-0.03692077100276947,0.06923793256282806,0.29360830783843994,-0.04134774208068848,-0.10062313079833984
A3E9LHF5YTX6AQ,tail_miss,3,-2.1112589836120605,-2.421611785888672,-2.1529037952423096,-2.2475204467773438,-2.263185501098633,-2.1411263942718506,-2.1114094257354736,-2.1208910942077637,-2.125628709793091,-2.1097702980041504,-2.152096748352051,-2.135275363922119,-2.1166179180145264,-0.04164481163024902,-0.015343010425567627,-0.026301801204681396,0.15842628479003906,-0.1362614631652832,-0.15192651748657227
A27JHJ7YWNRCLZ,tail_miss,7,-5.080939769744873,-5.036774635314941,-4.992954730987549,-4.674180030822754,-4.573836326599121,-5.140397548675537,-5.0820817947387695,-5.164412021636963,-5.097598075866699,-5.1127800941467285,-5.057040214538574,-5.190924167633057,-5.078237056732178,0.08798503875732422,-0.034494102001190186,0.1224791407585144,0.4629383087158203,0.40675973892211914,0.507103443145752
A1AD6MIH2DPVPE,tail_miss,3,-3.756917953491211,-3.272059202194214,-3.644120693206787,-3.5238399505615234,-3.4978344440460205,-3.871502637863159,-3.8689379692077637,-3.9050259590148926,-3.723769426345825,-3.841742992401123,-3.7386157512664795,-3.7749054431915283,-3.751555919647217,0.11279726028442383,-0.0525890588760376,0.16538631916046143,-0.22577524185180664,0.2330780029296875,0.25908350944519043
A2HB8U4A77QPVT,tail_miss,3,-2.7186543941497803,-3.2886741161346436,-2.7852442264556885,-2.011976718902588,-1.9368969202041626,-2.7011663913726807,-2.788774013519287,-2.7621777057647705,-2.683289051055908,-2.7514548301696777,-2.589928388595581,-2.8318564891815186,-2.5914363861083984,-0.0665898323059082,0.00614398717880249,-0.0727338194847107,1.351777195930481,0.7066776752471924,0.7817574739456177
A1EYJR8G44K1UT,tail_miss,4,-3.7163949012756348,-5.048470497131348,-3.823012590408325,-3.9151313304901123,-3.9447853565216064,-3.735952377319336,-3.6993110179901123,-3.7383644580841064,-3.644012928009033,-3.6719536781311035,-3.695063829421997,-3.6898536682128906,-3.635594129562378,-0.10661768913269043,0.027631640434265137,-0.13424932956695557,1.1036851406097412,-0.19873642921447754,-0.22839045524597168
A2JWEQ5UZ0KKQK,tail_miss,3,-2.3771445751190186,-2.2701900005340576,-2.1726174354553223,-2.299459934234619,-2.126134157180786,-2.316025972366333,-2.32635235786438,-2.5028789043426514,-2.436119318008423,-2.3954977989196777,-2.392019271850586,-2.292318820953369,-2.3333613872528076,0.2045271396636963,0.0028228461742401123,0.20170429348945618,0.14405584335327148,0.07768464088439941,0.2510104179382324
A339VI8FGVS4QK,tail_miss,4,-1.7346241474151611,-2.4861209392547607,-1.7854785919189453,-1.9220199584960938,-1.9000316858291626,-1.7456207275390625,-1.7172362804412842,-1.7876800298690796,-1.7585166692733765,-1.702406644821167,-1.7149665355682373,-1.7479963302612305,-1.7757771015167236,-0.05085444450378418,-0.009150892496109009,-0.04170355200767517,0.5860892534255981,-0.18739581108093262,-0.16540753841400146
A44OY8EFDM4IP,tail_miss,4,-1.7071945667266846,-2.7481467723846436,-1.5054775476455688,-2.32963228225708,-2.25763201713562,-1.8524112701416016,-1.6148582696914673,-1.711172103881836,-1.7187302112579346,-1.6094398498535156,-1.7621358633041382,-1.704573392868042,-1.7506881952285767,0.20171701908111572,-0.008306577801704407,0.21002359688282013,0.49051475524902344,-0.6224377155303955,-0.5504374504089355
AOYQZA4YKLCRU,tail_miss,3,-1.7356560230255127,-1.7576040029525757,-1.652909517288208,-1.7853467464447021,-1.7193502187728882,-1.7746713161468506,-1.714300513267517,-1.7210979461669922,-1.7292954921722412,-1.7393076419830322,-1.7833048105239868,-1.7452892065048218,-1.6282837390899658,0.08274650573730469,0.006212189793586731,0.07653431594371796,0.0382537841796875,-0.04969072341918945,0.01630580425262451
A3E35P575WM95K,tail_miss,4,-1.9419113397598267,-1.9122852087020874,-1.964630365371704,-1.2438039779663086,-1.4738495349884033,-1.951438546180725,-1.9307448863983154,-1.9399751424789429,-1.969337821006775,-1.9732768535614014,-1.9915580749511719,-1.9594051837921143,-1.947408676147461,-0.02271902561187744,-0.015981808304786682,-0.006737217307090759,0.4384356737136841,0.6981073617935181,0.46806180477142334
A2L6OUBCQYE8TJ,tail_miss,4,-2.446037530899048,-2.8012795448303223,-2.459916591644287,-2.692092180252075,-2.7717835903167725,-2.451822519302368,-2.445709228515625,-2.3791747093200684,-2.430643081665039,-2.483787775039673,-2.434823513031006,-2.41290020942688,-2.4547507762908936,-0.013879060745239258,0.00933605432510376,-0.023215115070343018,0.029495954513549805,-0.24605464935302734,-0.3257460594177246
ANU2UXMA3XT65,tail_miss,4,-3.1377105712890625,-1.8842270374298096,-3.081120252609253,-1.6302459239959717,-1.6789729595184326,-3.1955106258392334,-3.0661256313323975,-3.1403534412384033,-3.180246353149414,-3.158778667449951,-3.1085360050201416,-3.194863796234131,-3.168168783187866,0.05659031867980957,-0.01386234164237976,0.07045266032218933,0.20525407791137695,1.5074646472930908,1.4587376117706299
ATUVTFJ5N0NDA,tail_miss,3,-1.8007786273956299,-2.4912447929382324,-1.8896429538726807,-1.5533831119537354,-1.5210000276565552,-1.7840359210968018,-1.8820676803588867,-1.777520775794983,-1.7582614421844482,-1.8902336359024048,-1.7604835033416748,-1.8341305255889893,-1.896457314491272,-0.08886432647705078,-0.022120222449302673,-0.06674410402774811,0.9702447652816772,0.24739551544189453,0.2797785997390747
A13CIKH3UXEKTP,tail_miss,9,-2.4548287391662598,-4.0877227783203125,-2.3708529472351074,-2.6622519493103027,-2.5700621604919434,-2.5673224925994873,-2.488339900970459,-2.5034565925598145,-2.4648499488830566,-2.4210944175720215,-2.430510997772217,-2.4472365379333496,-2.431022882461548,0.08397579193115234,-0.014400482177734375,0.09837627410888672,1.5176606178283691,-0.20742321014404297,-0.1152334213256836
AZK5R1TK2PZPF,tail_miss,3,-2.168300151824951,-1.634556531906128,-2.0481150150299072,-1.250346064567566,-1.224982500076294,-2.1280677318573,-2.1650383472442627,-2.249485969543457,-2.211963176727295,-2.130794048309326,-2.28129243850708,-2.244748592376709,-2.1365814208984375,0.12018513679504395,-0.025196313858032227,0.14538145065307617,0.409574031829834,0.9179540872573853,0.9433176517486572
ATAOOPNXGJYXW,tail_miss,5,-3.7816543579101562,-3.5610928535461426,-3.63132905960083,-2.900733470916748,-3.033768653869629,-3.763104200363159,-3.958251953125,-3.9283862113952637,-3.8910393714904785,-3.9705424308776855,-3.8071866035461426,-3.854050874710083,-3.7704765796661377,0.15032529830932617,-0.08622542023658752,0.2365507185459137,0.5273241996765137,0.8809208869934082,0.7478857040405273
A3EK2KTYHJCPB9,tail_miss,20,-1.469306468963623,-3.237147092819214,-1.4806915521621704,-2.180389404296875,-2.4871788024902344,-1.5039697885513306,-1.4254156351089478,-1.4469289779663086,-1.4534940719604492,-1.419664740562439,-1.4544099569320679,-1.3879766464233398,-1.5013058185577393,-0.011385083198547363,0.020160764455795288,-0.03154584765434265,0.7499682903289795,-0.711082935333252,-1.0178723335266113
A1HYV4HL28X8GQ,tail_miss,5,-2.1162147521972656,-2.633761167526245,-2.3128483295440674,-1.6323248147964478,-1.7470439672470093,-2.292478084564209,-2.2716453075408936,-2.233398914337158,-2.227436065673828,-2.2058663368225098,-2.188595771789551,-2.3128647804260254,-2.132952928543091,-0.19663357734680176,-0.11694002151489258,-0.07969355583190918,0.8867172002792358,0.48388993740081787,0.36917078495025635
A23MG20JMM5ISZ,tail_miss,6,-2.389652729034424,-4.050250053405762,-2.443687915802002,-2.3847556114196777,-2.5007500648498535,-2.4072699546813965,-2.321821928024292,-2.4365220069885254,-2.298114061355591,-2.3894286155700684,-2.420213222503662,-2.3283915519714355,-2.4200024604797363,-0.054035186767578125,0.01193225383758545,-0.06596744060516357,1.5494999885559082,0.004897117614746094,-0.11109733581542969
A25W83Q8KMAYQR,tail_miss,3,-2.6123220920562744,-2.968052864074707,-2.4918174743652344,-2.3746795654296875,-2.389214515686035,-2.644761323928833,-2.596461772918701,-2.681511640548706,-2.5993614196777344,-2.611830234527588,-2.583606243133545,-2.698686361312866,-2.647043228149414,0.12050461769104004,-0.020585685968399048,0.1410903036594391,0.5788383483886719,0.23764252662658691,0.22310757637023926
A35ARMKIU5UCM,tail_miss,6,-2.4940457344055176,-2.541675090789795,-2.5016634464263916,-2.3299825191497803,-2.367018938064575,-2.437987804412842,-2.5286076068878174,-2.4840245246887207,-2.457862377166748,-2.5987491607666016,-2.417875289916992,-2.44704008102417,-2.516939401626587,-0.0076177120208740234,0.007909953594207764,-0.015527665615081787,0.17465615272521973,0.1640632152557373,0.12702679634094238
A1S1ZTZ12LLXX7,tail_miss,3,-1.3691848516464233,-1.60539972782135,-1.3966115713119507,-1.4251209497451782,-1.4556068181991577,-1.3930176496505737,-1.389855980873108,-1.4130069017410278,-1.3960633277893066,-1.4201854467391968,-1.3659701347351074,-1.3883479833602905,-1.4029046297073364,-0.027426719665527344,-0.02698415517807007,-0.0004425644874572754,0.14979290962219238,-0.05593609809875488,-0.08642196655273438
AZQOGNBVDKWR0,tail_miss,3,-2.388709545135498,-3.7713119983673096,-2.3425650596618652,-3.0122554302215576,-2.8241584300994873,-2.3745226860046387,-2.342176914215088,-2.4555532932281494,-2.3627161979675293,-2.3791399002075195,-2.300065040588379,-2.410175323486328,-2.323172092437744,0.04614448547363281,0.02026936411857605,0.025875121355056763,0.9471535682678223,-0.6235458850860596,-0.43544888496398926
A2RUJURWWC44NS,tail_miss,6,-2.7828168869018555,-2.390368938446045,-2.7458579540252686,-2.79459810256958,-2.6920418739318848,-2.7459206581115723,-2.7739803791046143,-2.7501654624938965,-2.722996950149536,-2.7486913204193115,-2.664271831512451,-2.809894323348999,-2.7613542079925537,0.036958932876586914,0.03565749526023865,0.0013014376163482666,-0.30167293548583984,-0.01178121566772461,0.0907750129699707
A36NMMVWY6BP1V,tail_miss,10,-2.236522912979126,-2.6744327545166016,-2.231177568435669,-2.1014392375946045,-2.073911666870117,-2.229961633682251,-2.248382091522217,-2.2097997665405273,-2.2437543869018555,-2.2198314666748047,-2.2155396938323975,-2.215508222579956,-2.218291997909546,0.005345344543457031,0.01138925552368164,-0.006043910980224609,0.6005210876464844,0.13508367538452148,0.1626112461090088
A2B3EH3WIITKA1,tail_miss,6,-1.3413290977478027,-2.1560609340667725,-1.477367639541626,-0.9673619270324707,-0.8636765480041504,-1.429832935333252,-1.3895599842071533,-1.8542182445526123,-1.8215768337249756,-1.4955493211746216,-1.9000375270843506,-1.4785730838775635,-1.569627046585083,-0.13603854179382324,-0.27604277431964874,0.1400042325258255,1.292384386062622,0.37396717071533203,0.47765254974365234
A2BPKD195JZ504,tail_miss,6,-2.471040725708008,-1.9554884433746338,-2.379559278488159,-1.510542869567871,-1.3421590328216553,-2.458385467529297,-2.456965208053589,-2.4039645195007324,-2.3630001544952393,-2.3415660858154297,-2.461603879928589,-2.534193277359009,-2.5020179748535156,0.09148144721984863,0.030828654766082764,0.06065279245376587,0.6133294105529785,0.9604978561401367,1.1288816928863525
A3FZQZZ7I2BXIT,tail_miss,3,-5.4032440185546875,-5.661204814910889,-5.37369441986084,-5.496927261352539,-5.510777473449707,-5.350193977355957,-5.411550998687744,-5.325511932373047,-5.302684307098389,-5.413380146026611,-5.265578269958496,-5.329326629638672,-5.383612632751465,0.029549598693847656,0.05551415681838989,-0.025964558124542236,0.15042734146118164,-0.09368324279785156,-0.10753345489501953
A2OGGHUOMWHDE1,tail_miss,5,-3.5429463386535645,-3.200664520263672,-3.405860185623169,-2.479130983352661,-2.421433687210083,-3.5301175117492676,-3.5174002647399902,-3.6174018383026123,-3.5056891441345215,-3.5205016136169434,-3.5814850330352783,-3.6585159301757812,-3.5110538005828857,0.1370861530303955,-0.012324303388595581,0.1494104564189911,0.7792308330535889,1.0638153553009033,1.1215126514434814
A1JU5XS3F68WV,tail_miss,4,-3.386302947998047,-2.662954807281494,-3.30877685546875,-2.0194766521453857,-2.032834768295288,-3.402008533477783,-3.413290500640869,-3.2934184074401855,-3.545983076095581,-3.336808443069458,-3.421475648880005,-3.319836378097534,-3.494345188140869,0.07752609252929688,-0.01709282398223877,0.09461891651153564,0.630120038986206,1.3668262958526611,1.3534681797027588
A3F67YZNFDY6YI,tail_miss,10,-2.759455919265747,-4.244933128356934,-2.7412331104278564,-2.1037979125976562,-2.218057870864868,-2.868847370147705,-2.679171085357666,-2.9102916717529297,-2.8396999835968018,-2.8806324005126953,-2.7565534114837646,-2.9214916229248047,-2.6833789348602295,0.018222808837890625,-0.058052390813827515,0.07627519965171814,2.0268752574920654,0.6556580066680908,0.5413980484008789
A3GXE5P5MJR8G1,tail_miss,4,-1.4923988580703735,-1.8162530660629272,-1.5388221740722656,-1.6331478357315063,-1.6249337196350098,-1.541804313659668,-1.4926156997680664,-1.4934316873550415,-1.4820407629013062,-1.4907444715499878,-1.4991893768310547,-1.5454689264297485,-1.53651762008667,-0.04642331600189209,-0.017827749252319336,-0.028595566749572754,0.19131934642791748,-0.1407489776611328,-0.13253486156463623
A1TLR4ZUJG33Q,tail_miss,12,-4.047345161437988,-3.486276149749756,-4.124567031860352,-2.858844041824341,-2.9353384971618652,-4.087913513183594,-4.049880504608154,-4.106007099151611,-4.045651435852051,-4.04400110244751,-4.133303642272949,-4.0460662841796875,-4.028143882751465,-0.07722187042236328,-0.020275771617889404,-0.05694609880447388,0.5509376525878906,1.1885011196136475,1.112006664276123
A22Y4KL8XXVLC7,tail_miss,4,-2.7020022869110107,-3.7506155967712402,-2.824253559112549,-2.7882397174835205,-2.8873848915100098,-2.709101915359497,-2.7616031169891357,-2.718869686126709,-2.7176053524017334,-2.6477394104003906,-2.763986349105835,-2.6513450145721436,-2.708897113800049,-0.12225127220153809,-0.007891207933425903,-0.11436006426811218,0.8632307052612305,-0.08623743057250977,-0.18538260459899902
A3K5FSC64MC2CQ,tail_miss,3,-1.8842191696166992,-2.089245557785034,-1.9340229034423828,-1.6163448095321655,-1.8078937530517578,-1.798389196395874,-1.8802859783172607,-1.8021520376205444,-1.8713306188583374,-1.7913978099822998,-1.9111032485961914,-1.9190222024917603,-1.8906090259552002,-0.049803733825683594,0.026182904839515686,-0.07598663866519928,0.28135180473327637,0.2678743600845337,0.0763254165649414
A2025FCZVEUP8F,tail_miss,6,-5.77104377746582,-3.2222647666931152,-6.259891510009766,-2.3048441410064697,-2.270918369293213,-5.426512718200684,-5.645929336547852,-5.587126731872559,-5.674117565155029,-5.731760501861572,-5.504537105560303,-5.743933200836182,-5.867978572845459,-0.4888477325439453,0.12330681085586548,-0.6121545433998108,0.9513463973999023,3.4661996364593506,3.5001254081726074
A1AF71HM3SORDF,tail_miss,7,-1.6133941411972046,-3.246224880218506,-1.666900396347046,-1.576383352279663,-1.668985366821289,-1.6461397409439087,-1.5609272718429565,-1.6874630451202393,-1.7038103342056274,-1.5870723724365234,-1.5830857753753662,-1.5991666316986084,-1.6623178720474243,-0.05350625514984131,-0.015353739261627197,-0.03815251588821411,1.5772395133972168,0.037010788917541504,-0.05559122562408447
AX7317G153T8W,tail_miss,20,-10.824487686157227,-8.36534595489502,-10.576532363891602,-8.990331649780273,-8.84576416015625,-10.663578987121582,-10.852865219116211,-10.926185607910156,-11.060214042663574,-10.843060493469238,-10.847254753112793,-10.88628101348877,-10.748089790344238,0.247955322265625,-0.02895355224609375,0.27690887451171875,-0.48041820526123047,1.8341560363769531,1.9787235260009766
A19JDXB5R33C7R,tail_miss,20,-3.892470121383667,-4.290266036987305,-3.8571064472198486,-3.5704383850097656,-3.5160975456237793,-3.9340271949768066,-3.8744423389434814,-4.081414699554443,-3.9077277183532715,-3.8684489727020264,-3.8953280448913574,-3.9457812309265137,-3.985034465789795,0.03536367416381836,-0.04405546188354492,0.07941913604736328,0.7741684913635254,0.32203173637390137,0.3763725757598877
AZ4SMR4232QXH,tail_miss,4,-2.6532719135284424,-2.2479665279388428,-2.6321418285369873,-2.760817766189575,-2.7722744941711426,-2.563148021697998,-2.524038314819336,-2.69323992729187,-2.5591228008270264,-2.658473491668701,-2.6763038635253906,-2.6039230823516846,-2.633572816848755,0.021130084991455078,0.03929412364959717,-0.01816403865814209,-0.5243079662322998,-0.10754585266113281,-0.1190025806427002
A3Q9DFUU7A6FD5,tail_miss,6,-11.850069046020508,-11.351678848266602,-12.094686508178711,-12.023687362670898,-12.101275444030762,-11.843012809753418,-11.9999418258667,-11.832791328430176,-11.942553520202637,-11.790445327758789,-12.060274124145508,-11.837608337402344,-11.779280662536621,-0.24461746215820312,-0.03566944599151611,-0.208948016166687,-0.7495965957641602,-0.17361831665039062,-0.2512063980102539
A3HCGZUJD9OW0S,tail_miss,4,-2.055114269256592,-2.2551257610321045,-2.0837273597717285,-2.466191530227661,-2.5097012519836426,-2.2020041942596436,-2.138742446899414,-2.2006518840789795,-2.070901393890381,-2.04313063621521,-2.1614677906036377,-2.0028767585754395,-2.2458577156066895,-0.02861309051513672,-0.07808983325958252,0.0494767427444458,-0.2545754909515381,-0.41107726097106934,-0.4545869827270508
A3U263E0IPT5IZ,tail_miss,5,-2.2341959476470947,-2.1893105506896973,-2.2370145320892334,-2.139833450317383,-2.1324496269226074,-2.191645860671997,-2.2345378398895264,-2.269705295562744,-2.262251615524292,-2.2922556400299072,-2.2813544273376465,-2.2267298698425293,-2.26094388961792,-0.002818584442138672,-0.018232107162475586,0.015413522720336914,0.056860923767089844,0.09436249732971191,0.1017463207244873
A1R2JUOGIYH6HO,tail_miss,18,-2.4273407459259033,-3.670398235321045,-2.3644137382507324,-2.502415418624878,-2.5817322731018066,-2.5340659618377686,-2.486743450164795,-2.483567714691162,-2.4416258335113525,-2.438265562057495,-2.3583879470825195,-2.4902117252349854,-2.372627019882202,0.0629270076751709,-0.023346155881881714,0.08627316355705261,1.0886659622192383,-0.07507467269897461,-0.15439152717590332
A2ELTZP501ZTRU,tail_miss,5,-2.032736301422119,-1.9433858394622803,-2.125819683074951,-1.8967502117156982,-1.7961009740829468,-1.9406181573867798,-1.9751148223876953,-2.02229642868042,-2.004974842071533,-1.9250223636627197,-1.9349534511566162,-1.94696044921875,-1.9571526050567627,-0.09308338165283203,0.06934966146945953,-0.16243304312229156,0.1472848653793335,0.1359860897064209,0.23663532733917236
A1N8V9NMOTWHJM,tail_miss,3,-1.7507604360580444,-2.1531624794006348,-1.802103042602539,-1.629189133644104,-1.6328709125518799,-1.749087929725647,-1.758371353149414,-1.7453527450561523,-1.777160882949829,-1.7716974020004272,-1.7869670391082764,-1.7264121770858765,-1.800938367843628,-0.05134260654449463,-0.013738051056861877,-0.03760455548763275,0.5202915668487549,0.12157130241394043,0.11788952350616455
A1GOUUFE1KUXJG,tail_miss,5,-2.2351796627044678,-3.495527744293213,-2.4483466148376465,-2.1844189167022705,-2.468367338180542,-2.2783095836639404,-2.2940115928649902,-2.1982827186584473,-2.2110190391540527,-2.207838773727417,-2.2202789783477783,-2.2431328296661377,-2.189627170562744,-0.2131669521331787,0.004867076873779297,-0.218034029006958,1.027160406112671,0.050760746002197266,-0.23318767547607422
A2P9NFV4CIMMJ0,tail_miss,4,-1.6035950183868408,-2.256448268890381,-1.6955066919326782,-1.7177274227142334,-1.774431586265564,-1.5993114709854126,-1.637550711631775,-1.6075506210327148,-1.6186988353729248,-1.6478115320205688,-1.6610044240951538,-1.6127731800079346,-1.647356390953064,-0.0919116735458374,-0.025412127375602722,-0.06649954617023468,0.4820166826248169,-0.11413240432739258,-0.17083656787872314
AQMFN04LKJSZG,tail_miss,10,-2.2091712951660156,-2.254028081893921,-2.2837576866149902,-1.9926334619522095,-1.8045812845230103,-2.232919216156006,-2.1207785606384277,-2.1456687450408936,-2.279978036880493,-2.1086201667785645,-2.3019633293151855,-2.0165812969207764,-2.1835646629333496,-0.07458639144897461,0.03541204333305359,-0.1099984347820282,0.44944679737091064,0.21653783321380615,0.40459001064300537
A2HCO3X4M83K6F,tail_miss,3,-2.7902073860168457,-2.6437864303588867,-2.695218324661255,-2.489956855773926,-2.37516450881958,-2.779851198196411,-2.733196258544922,-2.6007752418518066,-2.798323154449463,-2.8322880268096924,-2.7236227989196777,-2.785287857055664,-2.6800308227539062,0.09498906135559082,0.04853546619415283,0.04645359516143799,0.26862192153930664,0.3002505302429199,0.4150428771972656
A1SD57TUCH93PB,tail_miss,8,-2.48231840133667,-2.401048183441162,-2.5027992725372314,-2.4310476779937744,-2.439936399459839,-2.547091484069824,-2.538881778717041,-2.512327194213867,-2.4387032985687256,-2.4876434803009033,-2.3955116271972656,-2.404320240020752,-2.4553866386413574,-0.020480871200561523,0.00983518362045288,-0.030316054821014404,-0.03888821601867676,0.05127072334289551,0.042382001876831055
A3XNATSMROFT8,tail_miss,3,-2.878392457962036,-2.5388922691345215,-2.7750205993652344,-2.9080984592437744,-2.939415216445923,-2.894545316696167,-2.872310161590576,-2.9176383018493652,-2.8975415229797363,-2.808300733566284,-2.8566272258758545,-2.8707897663116455,-2.89762806892395,0.10337185859680176,0.0014698207378387451,0.10190203785896301,-0.40052294731140137,-0.02970600128173828,-0.06102275848388672
AQA82YR4F9L9U,tail_miss,4,-1.6023237705230713,-1.4754217863082886,-1.6628268957138062,-1.4418598413467407,-1.3551816940307617,-1.5860906839370728,-1.6159194707870483,-1.5913817882537842,-1.588897705078125,-1.6003690958023071,-1.6087754964828491,-1.5909526348114014,-1.6007347106933594,-0.06050312519073486,0.004433572292327881,-0.06493669748306274,0.12024009227752686,0.16046392917633057,0.24714207649230957
A27RFQV0G8Z48E,tail_miss,14,-2.1459591388702393,-1.0686359405517578,-2.2335801124572754,-1.2400085926055908,-1.3038253784179688,-2.104979991912842,-2.2063450813293457,-2.1115200519561768,-2.195387840270996,-2.1390061378479004,-2.139320135116577,-2.127436637878418,-2.0792899131774902,-0.08762097358703613,0.008048415184020996,-0.09566938877105713,-0.23518943786621094,0.9059505462646484,0.8421337604522705
A1JO8RF19SJIVD,tail_miss,3,-1.7585872411727905,-4.415131568908691,-1.9332374334335327,-3.3700664043426514,-3.502732038497925,-1.882335901260376,-1.8241068124771118,-1.8218730688095093,-1.6200218200683594,-1.8981682062149048,-1.7755018472671509,-1.5910147428512573,-1.7886724472045898,-0.1746501922607422,-0.016624614596366882,-0.1580255776643753,0.9123995304107666,-1.6114791631698608,-1.7441447973251343
A8D9C8W6C9EAQ,tail_miss,5,-5.414601802825928,-4.888484001159668,-5.317558288574219,-5.109969139099121,-4.953301906585693,-5.410281181335449,-5.430632591247559,-5.281321048736572,-5.353321075439453,-5.106527805328369,-5.302638053894043,-5.346995830535889,-5.397558212280273,0.09704351425170898,0.0859423279762268,0.011101186275482178,-0.06481790542602539,0.30463266372680664,0.4612998962402344
A485JD2S0PN2A,tail_miss,8,-1.8775993585586548,-2.812762498855591,-1.8981815576553345,-2.044201374053955,-2.0524094104766846,-1.8619656562805176,-1.7896323204040527,-1.8555642366409302,-1.8087748289108276,-1.8069343566894531,-1.8101239204406738,-1.850314736366272,-1.822006344795227,-0.020582199096679688,0.05193480849266052,-0.07251700758934021,0.7603530883789062,-0.1666020154953003,-0.17481005191802979
A1P9UJ7CTC16KI,tail_miss,8,-2.5473456382751465,-2.5307140350341797,-2.5110878944396973,-2.7646048069000244,-2.830434799194336,-2.507056474685669,-2.5613908767700195,-2.561011791229248,-2.4821131229400635,-2.5359909534454346,-2.5532736778259277,-2.5033881664276123,-2.5382721424102783,0.03625774383544922,0.017033487558364868,0.01922425627708435,-0.29972076416015625,-0.21725916862487793,-0.28308916091918945
A3501POXYLNTN,tail_miss,3,-1.8710886240005493,-3.0179359912872314,-1.8970882892608643,-2.2379918098449707,-2.1295764446258545,-1.8994802236557007,-1.8262885808944702,-1.9065167903900146,-1.8668791055679321,-1.9192510843276978,-1.786985993385315,-1.8649581670761108,-1.8585180044174194,-0.02599966526031494,0.004978880286216736,-0.030978545546531677,0.888359546661377,-0.3669031858444214,-0.2584878206253052
A2HHC8U8ZSBYCQ,tail_miss,3,-1.5721714496612549,-1.2962565422058105,-1.4795472621917725,-1.6681575775146484,-1.651983618736267,-1.566814661026001,-1.633162260055542,-1.5685964822769165,-1.5414785146713257,-1.5739667415618896,-1.5375958681106567,-1.60248601436615,-1.5372493267059326,0.09262418746948242,0.002002716064453125,0.0906214714050293,-0.35572707653045654,-0.09598612785339355,-0.07981216907501221
A20G3FM6LLSNV8,tail_miss,4,-2.9830098152160645,-3.056253671646118,-3.000481605529785,-3.0201144218444824,-3.0498268604278564,-2.933445692062378,-3.044022798538208,-2.970048666000366,-2.9443535804748535,-2.924912929534912,-3.0265307426452637,-3.059880256652832,-2.9353199005126953,-0.017471790313720703,0.0031954944133758545,-0.020667284727096558,0.006426811218261719,-0.03710460662841797,-0.06681704521179199
AUVOMF6CMI4O6,tail_miss,4,-2.6180076599121094,-2.93363618850708,-2.8862881660461426,-2.93664813041687,-2.851208209991455,-2.615394353866577,-2.5359489917755127,-2.5660879611968994,-2.678129196166992,-2.484257221221924,-2.670179843902588,-2.632758855819702,-2.6599440574645996,-0.2682805061340332,0.01267009973526001,-0.2809506058692932,0.082427978515625,-0.31864047050476074,-0.2332005500793457
A1SQT0QOVM5TUR,tail_miss,3,-2.8866255283355713,-2.4748587608337402,-2.396031141281128,-2.307131767272949,-2.263658285140991,-2.8973262310028076,-2.8957440853118896,-2.8636629581451416,-2.9104557037353516,-2.95259690284729,-2.9880568981170654,-2.9058032035827637,-2.7781479358673096,0.49059438705444336,-0.012348711490631104,0.5029430985450745,0.21120047569274902,0.5794937610626221,0.6229672431945801
ARLYYRW1Z2A9C,tail_miss,4,-1.790188193321228,-1.5637890100479126,-1.882012963294983,-1.150742530822754,-1.1972644329071045,-1.7774165868759155,-1.775917410850525,-1.7329829931259155,-1.762624740600586,-1.789695382118225,-1.7730258703231812,-1.8002039194107056,-1.860776662826538,-0.09182476997375488,0.006107747554779053,-0.09793251752853394,0.3665245771408081,0.6394456624984741,0.5929237604141235
AS4AOO15EPZAV,tail_miss,3,-2.453460216522217,-2.1463348865509033,-2.269885540008545,-2.169459581375122,-2.011650562286377,-2.3915212154388428,-2.4853732585906982,-2.5105998516082764,-2.543590545654297,-2.339651107788086,-2.500108003616333,-2.467665433883667,-2.512690305709839,0.18357467651367188,-0.015439748764038086,0.19901442527770996,0.13468432426452637,0.2840006351470947,0.44180965423583984
AWZDP3WYBUY88,tail_miss,3,-2.774075984954834,-4.01993465423584,-2.808103084564209,-2.728715181350708,-2.7603306770324707,-2.8284735679626465,-2.878079891204834,-2.796931028366089,-2.8217899799346924,-2.812121629714966,-2.781440019607544,-2.81829571723938,-2.855795383453369,-0.034027099609375,-0.05003991723060608,0.01601281762123108,1.2596039772033691,0.04536080360412598,0.013745307922363281
A3AZPZTXJWPJGW,tail_miss,3,-2.0264763832092285,-4.102850437164307,-1.9171642065048218,-2.563889265060425,-2.535700559616089,-2.0058765411376953,-2.0585579872131348,-1.9789116382598877,-1.9511321783065796,-2.0628514289855957,-1.996606469154358,-2.0059523582458496,-2.0902767181396484,0.10931217670440674,0.007705718278884888,0.10160645842552185,1.5671498775482178,-0.5374128818511963,-0.5092241764068604
A36V9XPYM012KB,tail_miss,3,-8.724886894226074,-7.417324066162109,-8.570589065551758,-8.74057674407959,-8.742860794067383,-8.62121868133545,-8.837404251098633,-8.680574417114258,-8.65098762512207,-8.912341117858887,-8.892496109008789,-8.689952850341797,-8.606576919555664,0.1542978286743164,-0.01155710220336914,0.16585493087768555,-1.3255367279052734,-0.015689849853515625,-0.017973899841308594
A3KA3HCGOG6Y90,tail_miss,20,-2.5735061168670654,-2.7814676761627197,-2.707843780517578,-2.4997811317443848,-2.434779644012451,-2.5271918773651123,-2.6014914512634277,-2.54960298538208,-2.5321457386016846,-2.5775628089904785,-2.585393190383911,-2.465327739715576,-2.572758436203003,-0.1343376636505127,0.02207183837890625,-0.15640950202941895,0.34668803215026855,0.07372498512268066,0.13872647285461426
A1IQ85Z5F9JLQS,tail_miss,6,-1.449661374092102,-2.5305747985839844,-1.5011359453201294,-1.8033149242401123,-1.7197421789169312,-1.4010671377182007,-1.4858386516571045,-1.436996340751648,-1.4419859647750854,-1.4849846363067627,-1.4150806665420532,-1.4211652278900146,-1.3735649585723877,-0.051474571228027344,0.017075926065444946,-0.06855049729347229,0.8108326196670532,-0.35365355014801025,-0.2700808048248291
AY3D7DG5L5WCK,tail_miss,20,-1.932957649230957,-2.873774766921997,-1.830303430557251,-1.7784305810928345,-1.8038488626480103,-1.9657787084579468,-1.9505316019058228,-1.9202960729599,-2.0418829917907715,-2.001427173614502,-1.9417864084243774,-1.9556710720062256,-1.9710944890975952,0.10265421867370605,-0.03560091555118561,0.13825513422489166,1.0699259042739868,0.15452706813812256,0.12910878658294678
AIG673B5G887L,tail_miss,3,-2.702634811401367,-3.541658878326416,-2.763855218887329,-2.662266254425049,-2.623081684112549,-2.6581225395202637,-2.7131454944610596,-2.7216923236846924,-2.721369504928589,-2.671050786972046,-2.6910226345062256,-2.605119466781616,-2.6640281677246094,-0.061220407485961914,0.021940946578979492,-0.0831613540649414,0.9185771942138672,0.04036855697631836,0.07955312728881836
A33ALADV0U7QS6,tail_miss,4,-2.6338939666748047,-2.3278651237487793,-2.6657986640930176,-2.559507369995117,-2.6353533267974854,-2.635161876678467,-2.6350131034851074,-2.6505560874938965,-2.650224208831787,-2.513478994369507,-2.589323043823242,-2.669968843460083,-2.60473370552063,-0.03190469741821289,0.015336483716964722,-0.04724118113517761,-0.30748820304870605,0.0743865966796875,-0.001459360122680664
A1VEBUX357XZMP,tail_miss,11,-1.5460662841796875,-2.0810065269470215,-1.5280004739761353,-1.5529342889785767,-1.5693553686141968,-1.5579570531845093,-1.548866868019104,-1.5246033668518066,-1.5854805707931519,-1.5460004806518555,-1.5171324014663696,-1.5521317720413208,-1.5622762441635132,0.018065810203552246,-0.0032398104667663574,0.021305620670318604,0.5116511583328247,-0.00686800479888916,-0.023289084434509277
AEUMQD91C6V85,tail_miss,4,-2.056286573410034,-2.1270358562469482,-1.923919916152954,-1.6259968280792236,-1.5870485305786133,-1.9912045001983643,-1.9965622425079346,-2.059950590133667,-2.0737950801849365,-2.049079656600952,-2.0503323078155518,-2.0698447227478027,-2.0531158447265625,0.13236665725708008,0.013300955295562744,0.11906570196151733,0.539987325668335,0.43028974533081055,0.4692380428314209
AWD22LYCEWOBJ,tail_miss,5,-1.5565356016159058,-6.86934757232666,-1.626082420349121,-5.5821027755737305,-5.702298641204834,-1.5603903532028198,-1.597378134727478,-1.5904712677001953,-1.5858105421066284,-1.583537220954895,-1.5310531854629517,-1.6459347009658813,-1.6362371444702148,-0.06954681873321533,-0.034815967082977295,-0.03473085165023804,1.1670489311218262,-4.025567173957825,-4.145763039588928
A2TM372YOODVIQ,tail_miss,4,-2.200965404510498,-2.5971388816833496,-2.126896381378174,-2.144097328186035,-2.2671124935150146,-2.275792360305786,-2.2648186683654785,-2.19978666305542,-2.2534337043762207,-2.155733823776245,-2.2264108657836914,-2.1458792686462402,-2.2298343181610107,0.07406902313232422,-0.01799580454826355,0.09206482768058777,0.33002638816833496,0.05686807632446289,-0.0661470890045166
A2YOWWEPFUK1XU,tail_miss,3,-2.888394832611084,-4.313161373138428,-2.8736491203308105,-2.7184805870056152,-2.7585196495056152,-2.8019542694091797,-3.0072433948516846,-2.9675309658050537,-2.9214730262756348,-2.7321462631225586,-2.9228556156158447,-2.730102062225342,-2.9261956214904785,0.014745712280273438,0.012207180261611938,0.002538532018661499,1.5546417236328125,0.16991424560546875,0.12987518310546875
A1KMF2QPCDHE7,tail_miss,3,-2.093679428100586,-2.844985246658325,-2.090076446533203,-2.185695171356201,-2.2447104454040527,-2.1261324882507324,-2.113452196121216,-2.080949068069458,-2.1224002838134766,-2.0696651935577393,-2.074472427368164,-2.1225051879882812,-2.0932540893554688,0.0036029815673828125,-0.006674438714981079,0.010277420282363892,0.6002748012542725,-0.09201574325561523,-0.1510310173034668
A3RY57708THJ45,tail_miss,10,-1.4353115558624268,-3.150115489959717,-1.336626410484314,-2.5277581214904785,-2.536064386367798,-1.4070918560028076,-1.3102855682373047,-1.496964454650879,-1.46810781955719,-1.3252475261688232,-1.3527394533157349,-1.3836231231689453,-1.4390369653701782,0.09868514537811279,0.03742446005344391,0.061260685324668884,0.614051103591919,-1.0924465656280518,-1.100752830505371
A1CEO7S4330SW2,tail_miss,3,-2.998936653137207,-3.931333065032959,-3.084524631500244,-2.7674858570098877,-2.7812371253967285,-3.0796942710876465,-3.034228563308716,-2.9951038360595703,-2.9956202507019043,-3.029740333557129,-2.8711185455322266,-2.984952449798584,-3.074516773223877,-0.08558797836303711,-0.009185224771499634,-0.07640275359153748,1.1500959396362305,0.23145079612731934,0.21769952774047852
A1EQA0TA4VZEZJ,tail_miss,3,-1.6805627346038818,-2.497196674346924,-1.6689010858535767,-1.8629556894302368,-1.8851696252822876,-1.7182090282440186,-1.7447144985198975,-1.7650684118270874,-1.7038278579711914,-1.7366063594818115,-1.6546310186386108,-1.7329633235931396,-1.7165424823760986,0.011661648750305176,-0.0410076379776001,0.05266928672790527,0.6120270490646362,-0.18239295482635498,-0.20460689067840576
A1M3KXZS22KQNG,tail_miss,3,-2.582493782043457,-3.1946587562561035,-2.4765257835388184,-2.5061426162719727,-2.5073790550231934,-2.606473922729492,-2.5474917888641357,-2.5143165588378906,-2.6619462966918945,-2.5194313526153564,-2.5511200428009033,-2.5237185955047607,-2.5613925457000732,0.10596799850463867,0.021757394075393677,0.084210604429245,0.6872797012329102,0.07635116577148438,0.07511472702026367
A1LRPX4M0TKOVD,tail_miss,3,-1.9377632141113281,-2.6372501850128174,-1.842583417892456,-2.0235326290130615,-1.9010614156723022,-1.9509963989257812,-1.7761623859405518,-1.9246113300323486,-1.9914737939834595,-1.8752418756484985,-1.9687423706054688,-1.9189268350601196,-2.009692907333374,0.09517979621887207,0.010782226920127869,0.0843975692987442,0.7361887693405151,-0.0857694149017334,0.03670179843902588
A2H736YKSD7049,tail_miss,6,-2.2183151245117188,-2.7343876361846924,-2.1854968070983887,-1.9663368463516235,-1.8329193592071533,-2.2025303840637207,-2.2169888019561768,-2.2297677993774414,-2.2107796669006348,-2.2660765647888184,-2.2111904621124268,-2.174276113510132,-2.1174285411834717,0.03281831741333008,0.014685332775115967,0.01813298463821411,0.9014682769775391,0.2519782781600952,0.38539576530456543
A3KE16VISCB4MU,tail_miss,3,-1.8899829387664795,-1.8654292821884155,-1.7949126958847046,-1.9774188995361328,-2.0286872386932373,-1.8652629852294922,-1.9384857416152954,-1.892380952835083,-1.8070026636123657,-1.9151771068572998,-1.801312804222107,-1.8586242198944092,-1.8582786321640015,0.0950702428817749,0.02291730046272278,0.07215294241905212,-0.16325795650482178,-0.08743596076965332,-0.1387042999267578
A1J6SUXLMJMLLR,tail_miss,3,-1.4065120220184326,-1.6904548406600952,-1.4571263790130615,-1.7116247415542603,-1.6874074935913086,-1.4230091571807861,-1.3300813436508179,-1.290053129196167,-1.4193404912948608,-1.425244927406311,-1.4280637502670288,-1.4275799989700317,-1.4283392429351807,-0.050614356994628906,0.010048016905784607,-0.06066237390041351,0.003047347068786621,-0.30511271953582764,-0.280895471572876
A3I5FTOFQO2S5N,tail_miss,5,-2.115165948867798,-1.4215137958526611,-1.992387056350708,-2.1201329231262207,-1.8694369792938232,-2.1272194385528564,-2.0727717876434326,-2.0696263313293457,-1.9697599411010742,-2.112729549407959,-2.0994417667388916,-2.068019390106201,-2.1293911933898926,0.12277889251708984,0.034046024084091187,0.08873286843299866,-0.4479231834411621,-0.0049669742584228516,0.2457289695739746
A1E8XXAKINL0B1,tail_miss,9,-4.5151166915893555,-4.952502250671387,-4.665715217590332,-3.5835304260253906,-3.7605175971984863,-4.46491003036499,-4.4116644859313965,-4.452066898345947,-4.480837345123291,-4.471983909606934,-4.587855815887451,-4.580649375915527,-4.58102560043335,-0.15059852600097656,0.011242508888244629,-0.1618410348892212,1.1919846534729004,0.9315862655639648,0.7545990943908691
A1FMWLZ9YY91XI,tail_miss,11,-3.7059593200683594,-4.197887420654297,-3.6889004707336426,-3.099473476409912,-3.3338210582733154,-3.8388760089874268,-3.8042843341827393,-3.609459638595581,-3.8463809490203857,-3.607663631439209,-3.710282802581787,-3.6598987579345703,-3.64733624458313,0.017058849334716797,-0.009563475847244263,0.02662232518196106,0.8640663623809814,0.6064858436584473,0.37213826179504395
AYFELZI3GK49J,tail_miss,3,-1.9291133880615234,-3.660280704498291,-2.044933795928955,-2.041822671890259,-2.1370716094970703,-1.9246242046356201,-1.9518616199493408,-1.952842354774475,-1.9472386837005615,-1.9802618026733398,-2.025130033493042,-1.9649698734283447,-1.9087772369384766,-0.11582040786743164,-0.027849838137626648,-0.08797056972980499,1.5232090950012207,-0.11270928382873535,-0.20795822143554688
A2VDSIII404UTO,tail_miss,9,-2.6559531688690186,-2.9599502086639404,-2.4051852226257324,-2.4359335899353027,-2.36316180229187,-2.730405330657959,-2.5889475345611572,-2.7192065715789795,-2.681915283203125,-2.5828750133514404,-2.6627249717712402,-2.6121714115142822,-2.5622363090515137,0.25076794624328613,0.013392865657806396,0.23737508058547974,0.5967884063720703,0.22001957893371582,0.29279136657714844
A3A83RAEOGVJL5,tail_miss,3,-2.276319980621338,-2.449021577835083,-2.2529613971710205,-2.1596832275390625,-2.209420919418335,-2.1839656829833984,-2.2339253425598145,-2.2184126377105713,-2.267695903778076,-2.3225245475769043,-2.167750120162964,-2.162543296813965,-2.2781708240509033,0.023358583450317383,0.046946436166763306,-0.023587852716445923,0.23960065841674805,0.11663675308227539,0.06689906120300293
AKS8JRQZ7GXY9,tail_miss,5,-2.342472791671753,-2.512172222137451,-2.2817282676696777,-1.9516804218292236,-1.9535573720932007,-2.3855202198028564,-2.333871364593506,-2.3455090522766113,-2.336491346359253,-2.3749871253967285,-2.3924660682678223,-2.3677725791931152,-2.3110172748565674,0.060744524002075195,-0.013481587171554565,0.07422611117362976,0.5586148500442505,0.3907923698425293,0.38891541957855225
A3TIU6T4UXSBOL,tail_miss,4,-2.7093772888183594,-3.3604977130889893,-2.5527851581573486,-2.767590045928955,-2.547847270965576,-2.7898614406585693,-2.7468161582946777,-2.7353436946868896,-2.7561659812927246,-2.791788101196289,-2.660386800765991,-2.6647562980651855,-2.7096705436706543,0.15659213066101074,-0.022471338510513306,0.17906346917152405,0.8126504421234131,-0.0582127571105957,0.1615300178527832
A2QVKWA3MPT4EL,tail_miss,3,-2.531052350997925,-2.1794490814208984,-2.604381799697876,-2.5551114082336426,-2.613450527191162,-2.5852935314178467,-2.5610721111297607,-2.552614688873291,-2.4869847297668457,-2.553844451904297,-2.5008180141448975,-2.5420494079589844,-2.5586495399475098,-0.07332944869995117,-0.011613458395004272,-0.0617159903049469,-0.43400144577026367,-0.024059057235717773,-0.0823981761932373
AFSXRZT61WPUO,tail_miss,5,-2.8104538917541504,-2.7266178131103516,-2.636248826980591,-2.382455825805664,-2.2254409790039062,-2.840831756591797,-2.7855772972106934,-2.7972781658172607,-2.8378307819366455,-2.9013938903808594,-2.845837354660034,-2.760730266571045,-2.7804148197174072,0.17420506477355957,-0.008282899856567383,0.18248796463012695,0.5011768341064453,0.42799806594848633,0.5850129127502441
A3PP7NEZIIM6BN,tail_miss,20,-2.0836973190307617,-1.3283452987670898,-2.184913158416748,-1.4183342456817627,-1.591872215270996,-2.15354585647583,-2.1113829612731934,-2.06304669380188,-2.1035261154174805,-2.1092610359191895,-2.1417102813720703,-2.082265853881836,-2.070448160171509,-0.10121583938598633,-0.020701050758361816,-0.08051478862762451,-0.26352691650390625,0.665363073348999,0.4918251037597656
ADAJKM9WPCQSF,tail_miss,9,-2.700657367706299,-2.439481496810913,-2.4741663932800293,-2.080488681793213,-1.95781672000885,-2.6919548511505127,-2.7454965114593506,-2.7010884284973145,-2.660512924194336,-2.657658338546753,-2.6977484226226807,-2.6397366523742676,-2.7080955505371094,0.22649097442626953,0.0128709077835083,0.21362006664276123,0.481664776802063,0.6201686859130859,0.7428406476974487
A38YQOZPYTPA1Q,tail_miss,3,-1.5849753618240356,-2.577470541000366,-1.4912880659103394,-1.8172279596328735,-1.6570396423339844,-1.6164201498031616,-1.5415985584259033,-1.5861220359802246,-1.6541550159454346,-1.6933609247207642,-1.6733572483062744,-1.642539381980896,-1.7635672092437744,0.09368729591369629,-0.061414703726768494,0.15510199964046478,0.9204308986663818,-0.2322525978088379,-0.07206428050994873
A1OJMXCC5Z4ED0,tail_miss,5,-2.1687545776367188,-1.6135345697402954,-2.1137728691101074,-1.7941303253173828,-1.7738533020019531,-2.182528018951416,-2.119034767150879,-2.1841583251953125,-2.1196212768554688,-2.084496021270752,-2.0683436393737793,-2.172118663787842,-2.1638522148132324,0.05498170852661133,0.031985461711883545,0.022996246814727783,-0.16031873226165771,0.37462425231933594,0.3949012756347656
A2VSTCKMUB46LL,tail_miss,7,-2.244877576828003,-1.9091694355010986,-2.0881869792938232,-1.8228782415390015,-1.8072175979614258,-2.1108486652374268,-2.230070114135742,-2.233409881591797,-2.279144763946533,-2.187751293182373,-2.189455509185791,-2.180016040802002,-2.1864631175994873,0.1566905975341797,0.04523265361785889,0.1114579439163208,0.10195183753967285,0.42199933528900146,0.43765997886657715
A226VHYFG6N5OE,tail_miss,3,-2.9251484870910645,-2.6550564765930176,-2.879312515258789,-2.840689182281494,-2.856588125228882,-2.9476141929626465,-2.89650297164917,-2.9370429515838623,-2.9369277954101562,-2.965280532836914,-2.906391143798828,-2.9093103408813477,-2.9197943210601807,0.04583597183227539,-0.0022095441818237305,0.04804551601409912,-0.20153164863586426,0.08445930480957031,0.06856036186218262
A1F1NZ5X0HF52F,tail_miss,6,-2.231522798538208,-2.771857738494873,-2.236874580383301,-2.1894683837890625,-2.162540912628174,-2.2287020683288574,-2.260016441345215,-2.28521728515625,-2.3381285667419434,-2.164527177810669,-2.2049498558044434,-2.2326550483703613,-2.3505377769470215,-0.0053517818450927734,-0.026568979024887085,0.02121719717979431,0.6093168258666992,0.04205441474914551,0.06898188591003418
A8NZ8BFCP9NC5,tail_miss,12,-2.3827266693115234,-2.8776323795318604,-2.1306090354919434,-2.237295627593994,-2.1928935050964355,-2.4692482948303223,-2.4082367420196533,-2.509423017501831,-2.4010136127471924,-2.3701648712158203,-2.407715320587158,-2.3586843013763428,-2.542947769165039,0.2521176338195801,-0.050702571868896484,0.30282020568847656,0.6847388744354248,0.1454310417175293,0.1898331642150879
AWFHDI7YXTIYJ,tail_miss,3,-2.51173734664917,-3.689466953277588,-2.4002392292022705,-2.560235023498535,-2.411646842956543,-2.5566391944885254,-2.7009341716766357,-2.5387215614318848,-2.3759055137634277,-2.4102883338928223,-2.484328031539917,-2.4603917598724365,-2.4427342414855957,0.11149811744689941,0.015494495630264282,0.09600362181663513,1.277820110321045,-0.048497676849365234,0.10009050369262695
AKJF4JB6TV90L,tail_miss,3,-4.143360614776611,-2.6554598808288574,-4.246446132659912,-1.5318686962127686,-1.595192551612854,-4.122330665588379,-4.267446994781494,-4.033072471618652,-4.101454734802246,-4.242643356323242,-4.1001877784729,-4.26869010925293,-4.2283430099487305,-0.10308551788330078,-0.02716052532196045,-0.07592499256134033,1.0602673292160034,2.6114919185638428,2.5481680631637573
A3I6A2HUFTG1QX,tail_miss,8,-3.938420534133911,-3.3664214611053467,-3.8129992485046387,-3.204340696334839,-3.2860655784606934,-3.8838024139404297,-3.9314370155334473,-3.8587822914123535,-3.8401405811309814,-3.918684482574463,-3.8289084434509277,-3.9097938537597656,-3.9518532752990723,0.12542128562927246,0.04799523949623108,0.07742604613304138,0.08035588264465332,0.7340798377990723,0.6523549556732178
A1VKZF1VOEZTCU,tail_miss,3,-2.0316402912139893,-2.192861318588257,-1.9307266473770142,-2.3150880336761475,-2.2560555934906006,-1.9887443780899048,-1.8076503276824951,-2.1148688793182373,-2.0242092609405518,-2.1228511333465576,-1.9726969003677368,-2.0520644187927246,-1.989672303199768,0.1009136438369751,0.02254559099674225,0.07836805284023285,-0.06319427490234375,-0.2834477424621582,-0.22441530227661133
A3ASMGOKG9JN2J,tail_miss,5,-1.9254710674285889,-2.0845696926116943,-1.885562539100647,-1.8970251083374023,-1.8698498010635376,-1.9948475360870361,-1.9712436199188232,-1.9638077020645142,-1.9500200748443604,-1.9641599655151367,-1.974569320678711,-2.075495481491089,-1.9385337829589844,0.039908528327941895,-0.05361361801624298,0.09352214634418488,0.21471989154815674,0.028445959091186523,0.05562126636505127
A1G8USRY17IR1X,tail_miss,6,-2.2811713218688965,-3.4105727672576904,-2.2653183937072754,-3.7791779041290283,-3.650066375732422,-2.307161808013916,-2.2718324661254883,-2.2027249336242676,-2.319183349609375,-2.303053379058838,-2.2656989097595215,-2.361199378967285,-2.3134617805480957,0.015852928161621094,-0.011868178844451904,0.027721107006072998,-0.23949360847473145,-1.4980065822601318,-1.3688950538635254
A2A07Z5PLR6AB9,tail_miss,3,-1.5678324699401855,-2.0303683280944824,-1.5284342765808105,-1.4142637252807617,-1.3746782541275024,-1.6412700414657593,-1.5429853200912476,-1.6617857217788696,-1.5341486930847168,-1.4711517095565796,-1.6865192651748657,-1.4964901208877563,-1.5519204139709473,0.039398193359375,-0.0054514408111572266,0.04484963417053223,0.65569007396698,0.15356874465942383,0.1931542158126831
A3UL74QKX9M6Y3,tail_miss,8,-1.7069530487060547,-3.392277240753174,-1.8365108966827393,-2.2079315185546875,-2.321834087371826,-1.728986144065857,-1.6729812622070312,-1.6958726644515991,-1.725799322128296,-1.6942647695541382,-1.7111737728118896,-1.7487270832061768,-1.676309585571289,-0.12955784797668457,0.00018872320652008057,-0.12974657118320465,1.0704431533813477,-0.5009784698486328,-0.6148810386657715
A3LBXN9F2N8KH9,tail_miss,4,-2.1230969429016113,-4.304708003997803,-2.214170455932617,-3.058029890060425,-3.1504101753234863,-2.0911827087402344,-2.049376964569092,-2.1465773582458496,-2.0342183113098145,-2.181009292602539,-2.098710060119629,-2.2070183753967285,-2.093263626098633,-0.09107351303100586,0.010427355766296387,-0.10150086879730225,1.1542978286743164,-0.9349329471588135,-1.027313232421875
A2MRH36J6P1IQH,tail_miss,4,-1.973904013633728,-2.1951680183410645,-1.9554510116577148,-1.89911687374115,-1.880896806716919,-2.0726265907287598,-1.9638988971710205,-2.060589075088501,-1.9489883184432983,-2.043930768966675,-1.9675788879394531,-1.9689538478851318,-1.8183820247650146,0.018453001976013184,-0.006714537739753723,0.025167539715766907,0.3142712116241455,0.07478713989257812,0.09300720691680908
ATM94ZHQDW4K,tail_miss,3,-2.0675301551818848,-1.9912843704223633,-2.189643144607544,-2.0739569664001465,-2.1435346603393555,-2.0965816974639893,-2.0241386890411377,-2.031419277191162,-2.0409252643585205,-2.114454984664917,-2.117095947265625,-2.029562473297119,-2.0490305423736572,-0.12211298942565918,0.004629045724868774,-0.12674203515052795,-0.1522502899169922,-0.006426811218261719,-0.0760045051574707
A2GOHBNQ58WOKC,tail_miss,10,-1.519423246383667,-1.8887627124786377,-1.435626745223999,-1.7306194305419922,-1.779637336730957,-1.4507290124893188,-1.490389347076416,-1.484377145767212,-1.4301636219024658,-1.526839017868042,-1.3652591705322266,-1.4943739175796509,-1.5010044574737549,0.08379650115966797,0.05153128504753113,0.03226521611213684,0.10912537574768066,-0.2111961841583252,-0.26021409034729004
APYZL0QZOCMOH,tail_miss,5,-1.664263367652893,-2.14162278175354,-1.4743049144744873,-1.9949560165405273,-1.8606388568878174,-1.6393722295761108,-1.7287288904190063,-1.6016708612442017,-1.7291748523712158,-1.676124930381775,-1.7274343967437744,-1.611177682876587,-1.7346874475479126,0.18995845317840576,-0.01678304374217987,0.20674149692058563,0.28098392486572266,-0.3306926488876343,-0.19637548923492432
A5W21FCENJQ4Q,tail_miss,3,-1.5077073574066162,-2.335510730743408,-1.488297700881958,-1.6050150394439697,-1.6336441040039062,-1.4930232763290405,-1.4968606233596802,-1.5005595684051514,-1.4130218029022217,-1.4805920124053955,-1.5030325651168823,-1.4664045572280884,-1.4779398441314697,0.019409656524658203,0.028778076171875,-0.009368419647216797,0.701866626739502,-0.09730768203735352,-0.12593674659729004
A1MGBXKRVU3HE3,tail_miss,3,-1.5521743297576904,-1.9032173156738281,-1.434316635131836,-1.6718038320541382,-1.6052734851837158,-1.5558621883392334,-1.4908682107925415,-1.637712836265564,-1.5204620361328125,-1.4877793788909912,-1.4603774547576904,-1.5151357650756836,-1.589935064315796,0.11785769462585449,0.019907712936401367,0.09794998168945312,0.2979438304901123,-0.11962950229644775,-0.05309915542602539
A1NA2I8KSZCDUQ,tail_miss,3,-3.7671642303466797,-4.4636454582214355,-3.823984146118164,-3.7359766960144043,-3.8080170154571533,-3.8244566917419434,-3.710826873779297,-3.7281506061553955,-3.7541842460632324,-3.824244737625122,-3.7368531227111816,-3.9236502647399902,-3.7702183723449707,-0.056819915771484375,-0.016908884048461914,-0.03991103172302246,0.6556284427642822,0.03118753433227539,-0.04085278511047363
A2TL6R3P90X4DO,tail_miss,3,-1.8236747980117798,-2.9835503101348877,-1.7602792978286743,-1.9523582458496094,-1.9524751901626587,-1.9089670181274414,-1.8290268182754517,-1.8985179662704468,-1.7750622034072876,-1.8307991027832031,-1.8077551126480103,-1.8603321313858032,-1.805368423461914,0.06339550018310547,-0.015803799033164978,0.07919929921627045,1.031075119972229,-0.1286834478378296,-0.1288003921508789
A1QBYKF4JPYZX0,tail_miss,4,-2.7879230976104736,-3.6759276390075684,-2.688002824783325,-2.7859432697296143,-2.739428997039795,-2.8815865516662598,-2.770371675491333,-2.6784987449645996,-2.7512969970703125,-2.7688634395599365,-2.770742893218994,-2.7701354026794434,-2.8255560398101807,0.09992027282714844,0.010791629552841187,0.08912864327430725,0.9364986419677734,0.001979827880859375,0.04849410057067871
A2SQFFQRZX0GEJ,tail_miss,3,-1.8326690196990967,-1.156609296798706,-1.8541460037231445,-1.8403183221817017,-1.9064445495605469,-1.8093128204345703,-1.7773144245147705,-1.8586699962615967,-1.7810888290405273,-1.7516565322875977,-1.8158347606658936,-1.8237085342407227,-1.8232595920562744,-0.02147698402404785,0.02756333351135254,-0.04904031753540039,-0.7498352527618408,-0.0076493024826049805,-0.0737755298614502
A12455DQBMT7M9,tail_miss,3,-1.6125783920288086,-2.533798933029175,-1.6406376361846924,-1.8471893072128296,-1.8356201648712158,-1.6021442413330078,-1.6283233165740967,-1.612414002418518,-1.598027229309082,-1.591890573501587,-1.6009953022003174,-1.5939490795135498,-1.5937827825546265,-0.02805924415588379,0.00988757610321045,-0.03794682025909424,0.698178768157959,-0.234610915184021,-0.22304177284240723
A1L3JTU3RZDIED,tail_miss,5,-3.3127529621124268,-2.357511043548584,-3.0634875297546387,-2.210401773452759,-1.9403232336044312,-3.2906575202941895,-3.295663356781006,-3.3199076652526855,-3.2901790142059326,-3.3510582447052,-3.3619141578674316,-3.321058988571167,-3.308408737182617,0.24926543235778809,-0.004602998495101929,0.25386843085289,0.41718780994415283,1.102351188659668,1.3724297285079956
A3J8SAK96UFSYZ,tail_miss,3,-2.231966495513916,-2.165983200073242,-2.1004700660705566,-1.8210361003875732,-1.815163016319275,-2.2526116371154785,-2.196725845336914,-2.267331838607788,-2.2124762535095215,-2.263209104537964,-2.249819755554199,-2.278571605682373,-2.256139039993286,0.13149642944335938,-0.015144139528274536,0.1466405689716339,0.3508201837539673,0.4109303951263428,0.4168034791946411
ABVI7RIQEWA5O,tail_miss,4,-2.3781371116638184,-2.346092700958252,-2.4716033935546875,-2.6400234699249268,-2.626624345779419,-2.4216480255126953,-2.327740430831909,-2.4106249809265137,-2.445779323577881,-2.407407283782959,-2.387031078338623,-2.2866148948669434,-2.37837553024292,-0.09346628189086914,-0.005015581846237183,-0.08845070004463196,-0.280531644821167,-0.2618863582611084,-0.24848723411560059
A14W2GKUFFHM9U,tail_miss,4,-2.45973539352417,-3.515648603439331,-2.299628973007202,-2.5004451274871826,-2.4315128326416016,-2.3828091621398926,-2.4868388175964355,-2.457963228225708,-2.4581520557403564,-2.3760786056518555,-2.3853983879089355,-2.4520506858825684,-2.512329578399658,0.16010642051696777,0.020782828330993652,0.13932359218597412,1.0841357707977295,-0.040709733963012695,0.02822256088256836
A7HUMX97N6J2R,tail_miss,5,-2.2790944576263428,-1.5448122024536133,-2.164886474609375,-1.1720609664916992,-1.3060405254364014,-2.3144285678863525,-2.274611711502075,-2.252338409423828,-2.324969530105591,-2.2157187461853027,-2.2231781482696533,-2.3144283294677734,-2.238335371017456,0.11420798301696777,0.009343355894088745,0.10486462712287903,0.23877167701721191,1.1070334911346436,0.9730539321899414
AHBPJTC499VT1,tail_miss,3,-1.7767101526260376,-1.6586564779281616,-1.8035064935684204,-1.5707004070281982,-1.5555864572525024,-1.7468284368515015,-1.7915769815444946,-1.7530767917633057,-1.8197047710418701,-1.8012359142303467,-1.7688442468643188,-1.7627995014190674,-1.808214783668518,-0.026796340942382812,-0.004825025796890259,-0.021971315145492554,0.10307002067565918,0.20600974559783936,0.22112369537353516
