sample_key,user_id,target_group,depth,gold_token,edge_id,legal_child_count,branch_bin,descendant_items,same_token_node_count,semantic_distance,cohort,gold_margin
A1002UBC6V258U:3:B001W30D2O,A1002UBC6V258U,head,0,14527,0>14527,30,9+,388,1,,control,-0.8503265380859375
A1002UBC6V258U:3:B001W30D2O,A1002UBC6V258U,head,1,3822,"0,14527>3822",19,9+,55,1,,control,4.070766448974609
A1002UBC6V258U:3:B001W30D2O,A1002UBC6V258U,head,2,3422,"0,14527,3822>3422",49,9+,2,0,,ineligible,4.823444366455078
A1002UBC6V258U:3:B001W30D2O,A1002UBC6V258U,head,3,7692,"0,14527,3822,3422>7692",2,2,1,0,,ineligible,10.73155403137207
A103PIRYKWQKR7:6:B008LQXR82,A103PIRYKWQKR7,head,0,3203,0>3203,30,9+,353,1,,control,0.8191032409667969
A103PIRYKWQKR7:6:B008LQXR82,A103PIRYKWQKR7,head,1,15721,"0,3203>15721",28,9+,9,2,0.007780551910400391,control,3.345977783203125
A103PIRYKWQKR7:6:B008LQXR82,A103PIRYKWQKR7,head,2,20527,"0,3203,15721>20527",8,5-8,1,0,,ineligible,0.28489112854003906
A10566TEP2SO6I:16:B00020LYBC,A10566TEP2SO6I,tail,0,2948,0>2948,30,9+,297,1,,control,2.3757858276367188
A10566TEP2SO6I:16:B00020LYBC,A10566TEP2SO6I,tail,1,1312,"0,2948>1312",27,9+,63,1,,control,1.4516487121582031
A10566TEP2SO6I:16:B00020LYBC,A10566TEP2SO6I,tail,2,12593,"0,2948,1312>12593",49,9+,1,0,,ineligible,8.212318420410156
A105S56ODHGJEK:1:B001446E4W,A105S56ODHGJEK,head,0,467,0>467,30,9+,1159,1,,control,1.3413429260253906
A105S56ODHGJEK:1:B001446E4W,A105S56ODHGJEK,head,1,3186,"0,467>3186",24,9+,14,1,,control,-0.4464874267578125
A105S56ODHGJEK:1:B001446E4W,A105S56ODHGJEK,head,2,6686,"0,467,3186>6686",11,9+,4,1,,control,6.346452713012695
A105S56ODHGJEK:1:B001446E4W,A105S56ODHGJEK,head,4,1575,"0,467,3186,6686,1208>1575",2,2,3,1,,control,18.845844268798828
A105S56ODHGJEK:1:B001446E4W,A105S56ODHGJEK,head,5,632,"0,467,3186,6686,1208,1575>632",3,3-4,1,0,,ineligible,6.580238342285156
A108UJC8MQ0REU:3:B005XUI71G,A108UJC8MQ0REU,head,0,2244,0>2244,30,9+,345,1,,control,-1.3146171569824219
A108UJC8MQ0REU:3:B005XUI71G,A108UJC8MQ0REU,head,1,21242,"0,2244>21242",29,9+,4,2,0.0081864595413208,control,-1.6868171691894531
A108UJC8MQ0REU:3:B005XUI71G,A108UJC8MQ0REU,head,2,3197,"0,2244,21242>3197",3,3-4,2,0,,ineligible,4.513790130615234
A108UJC8MQ0REU:3:B005XUI71G,A108UJC8MQ0REU,head,4,17766,"0,2244,21242,3197,16780>17766",2,2,1,0,,ineligible,3.6767044067382812
A10CGTF3GZ2V65:9:B0043BYOO0,A10CGTF3GZ2V65,head,0,5364,0>5364,30,9+,319,1,,control,-1.15789794921875
A10CGTF3GZ2V65:9:B0043BYOO0,A10CGTF3GZ2V65,head,1,29072,"0,5364>29072",25,9+,24,1,,control,-0.5554924011230469
A10CGTF3GZ2V65:9:B0043BYOO0,A10CGTF3GZ2V65,head,2,23835,"0,5364,29072>23835",18,9+,3,1,,control,-0.4588947296142578
A10CGTF3GZ2V65:9:B0043BYOO0,A10CGTF3GZ2V65,head,3,2267,"0,5364,29072,23835>2267",3,3-4,1,0,,ineligible,3.138580322265625
A10MZ1W1M8LIBJ:1:B00386099K,A10MZ1W1M8LIBJ,head,0,14527,0>14527,30,9+,388,1,,control,2.4630165100097656
A10MZ1W1M8LIBJ:1:B00386099K,A10MZ1W1M8LIBJ,head,1,5236,"0,14527>5236",19,9+,51,1,,control,0.16641616821289062
A10MZ1W1M8LIBJ:1:B00386099K,A10MZ1W1M8LIBJ,head,2,12397,"0,14527,5236>12397",37,9+,1,0,,ineligible,5.070035934448242
A10QFJFUFGYRF8:1:B0089RPUHO,A10QFJFUFGYRF8,head,0,14527,0>14527,30,9+,388,1,,control,-0.7504425048828125
A10QFJFUFGYRF8:1:B0089RPUHO,A10QFJFUFGYRF8,head,1,5612,"0,14527>5612",19,9+,51,1,,control,-2.3428268432617188
A10QFJFUFGYRF8:1:B0089RPUHO,A10QFJFUFGYRF8,head,2,7022,"0,14527,5612>7022",35,9+,7,2,0.012134432792663574,control,-1.5236930847167969
A10QFJFUFGYRF8:1:B0089RPUHO,A10QFJFUFGYRF8,head,3,20901,"0,14527,5612,7022>20901",7,5-8,1,0,,ineligible,-0.8667736053466797
A10YHH9ONC9I5Q:3:1616611715,A10YHH9ONC9I5Q,head,0,467,0>467,30,9+,1159,1,,control,1.2978935241699219
A10YHH9ONC9I5Q:3:1616611715,A10YHH9ONC9I5Q,head,1,17996,"0,467>17996",24,9+,15,1,,control,-3.3306655883789062
A10YHH9ONC9I5Q:3:1616611715,A10YHH9ONC9I5Q,head,2,13133,"0,467,17996>13133",11,9+,2,0,,ineligible,1.9401893615722656
A10YHH9ONC9I5Q:3:1616611715,A10YHH9ONC9I5Q,head,3,4519,"0,467,17996,13133>4519",2,2,1,0,,ineligible,4.339486122131348
A10ZOXRR0QMZ9Z:1:B001EB9F3C,A10ZOXRR0QMZ9Z,head,0,25636,0>25636,30,9+,259,1,,control,-2.099987030029297
A10ZOXRR0QMZ9Z:1:B001EB9F3C,A10ZOXRR0QMZ9Z,head,1,2100,"0,25636>2100",27,9+,11,1,,control,0.3541221618652344
A10ZOXRR0QMZ9Z:1:B001EB9F3C,A10ZOXRR0QMZ9Z,head,2,3184,"0,25636,2100>3184",7,5-8,1,0,,ineligible,-0.1729755401611328
A113YFEZBA50IM:6:B006WAJM1A,A113YFEZBA50IM,head,0,11604,0>11604,30,9+,220,1,,control,4.347087860107422
A113YFEZBA50IM:6:B006WAJM1A,A113YFEZBA50IM,head,1,2482,"0,11604>2482",29,9+,9,1,,control,-1.2327919006347656
A113YFEZBA50IM:6:B006WAJM1A,A113YFEZBA50IM,head,2,699,"0,11604,2482>699",9,9+,1,0,,ineligible,2.5506057739257812
A115CQQ4JLAVB0:4:B0032O6TTW,A115CQQ4JLAVB0,tail,0,21677,0>21677,30,9+,202,1,,control,1.2107124328613281
A115CQQ4JLAVB0:4:B0032O6TTW,A115CQQ4JLAVB0,tail,1,14580,"0,21677>14580",25,9+,8,2,0.012032032012939453,control,-1.5666732788085938
A115CQQ4JLAVB0:4:B0032O6TTW,A115CQQ4JLAVB0,tail,2,15722,"0,21677,14580>15722",5,5-8,4,1,,control,3.559422492980957
A115CQQ4JLAVB0:4:B0032O6TTW,A115CQQ4JLAVB0,tail,3,9735,"0,21677,14580,15722>9735",2,2,1,0,,ineligible,4.560184478759766
A117PQAH6ZLJ97:2:B000LT1D56,A117PQAH6ZLJ97,head,0,1871,0>1871,30,9+,482,1,,control,-0.6386756896972656
A117PQAH6ZLJ97:2:B000LT1D56,A117PQAH6ZLJ97,head,1,1394,"0,1871>1394",29,9+,19,2,0.0027943849563598633,control,-2.8899688720703125
A117PQAH6ZLJ97:2:B000LT1D56,A117PQAH6ZLJ97,head,2,17056,"0,1871,1394>17056",14,9+,1,0,,ineligible,1.1469030380249023
A11DBQ7424WD7W:3:B001W30D2O,A11DBQ7424WD7W,head,0,14527,0>14527,30,9+,388,1,,control,1.0500297546386719
A11DBQ7424WD7W:3:B001W30D2O,A11DBQ7424WD7W,head,1,3822,"0,14527>3822",19,9+,55,1,,control,1.7613029479980469
A11DBQ7424WD7W:3:B001W30D2O,A11DBQ7424WD7W,head,2,3422,"0,14527,3822>3422",49,9+,2,0,,ineligible,1.6387901306152344
A11DBQ7424WD7W:3:B001W30D2O,A11DBQ7424WD7W,head,3,7692,"0,14527,3822,3422>7692",2,2,1,0,,ineligible,4.979632377624512
A11L3YX5WIDKJ:21:B006EP74CC,A11L3YX5WIDKJ,tail,0,14295,0>14295,30,9+,759,1,,control,2.1244735717773438
A11L3YX5WIDKJ:21:B006EP74CC,A11L3YX5WIDKJ,tail,1,384,"0,14295>384",44,9+,10,1,,control,-0.3722114562988281
A11L3YX5WIDKJ:21:B006EP74CC,A11L3YX5WIDKJ,tail,2,18283,"0,14295,384>18283",8,5-8,3,1,,control,4.881885528564453
A11L3YX5WIDKJ:21:B006EP74CC,A11L3YX5WIDKJ,tail,3,10488,"0,14295,384,18283>10488",2,2,2,0,,ineligible,19.706281661987305
A11L3YX5WIDKJ:21:B006EP74CC,A11L3YX5WIDKJ,tail,4,6330,"0,14295,384,18283,10488>6330",2,2,1,0,,ineligible,8.369657516479492
A11OTLEDSW8ZXD:4:B006ROJJE6,A11OTLEDSW8ZXD,head,0,9062,0>9062,30,9+,203,1,,control,-0.7302093505859375
A11OTLEDSW8ZXD:4:B006ROJJE6,A11OTLEDSW8ZXD,head,1,1501,"0,9062>1501",26,9+,17,1,,control,-0.4681968688964844
A11OTLEDSW8ZXD:4:B006ROJJE6,A11OTLEDSW8ZXD,head,2,9079,"0,9062,1501>9079",14,9+,3,2,0.026671528816223145,control,5.420942306518555
A11OTLEDSW8ZXD:4:B006ROJJE6,A11OTLEDSW8ZXD,head,5,632,"0,9062,1501,9079,25226,7328>632",3,3-4,1,0,,ineligible,-0.5659952163696289
A11R188DH5XZDI:4:B003F82FB6,A11R188DH5XZDI,tail,0,740,0>740,30,9+,1209,1,,control,3.1201210021972656
A11R188DH5XZDI:4:B003F82FB6,A11R188DH5XZDI,tail,1,29816,"0,740>29816",53,9+,13,2,0.019834935665130615,control,1.3703727722167969
A11R188DH5XZDI:4:B003F82FB6,A11R188DH5XZDI,tail,2,10530,"0,740,29816>10530",12,9+,2,0,,ineligible,6.411235809326172
A11R188DH5XZDI:4:B003F82FB6,A11R188DH5XZDI,tail,3,4801,"0,740,29816,10530>4801",2,2,1,0,,ineligible,26.327980041503906
A11ZQQZ5XJ3QWH:3:B00005YVRN,A11ZQQZ5XJ3QWH,head,0,1871,0>1871,30,9+,482,1,,control,-0.5214881896972656
A11ZQQZ5XJ3QWH:3:B00005YVRN,A11ZQQZ5XJ3QWH,head,1,5431,"0,1871>5431",29,9+,9,1,,control,0.5246772766113281
A11ZQQZ5XJ3QWH:3:B00005YVRN,A11ZQQZ5XJ3QWH,head,2,24633,"0,1871,5431>24633",8,5-8,2,0,,ineligible,2.7114953994750977
A11ZQQZ5XJ3QWH:3:B00005YVRN,A11ZQQZ5XJ3QWH,head,3,723,"0,1871,5431,24633>723",2,2,1,0,,ineligible,4.608308792114258
A120IAA8ECWG6F:4:B008TU7LNW,A120IAA8ECWG6F,tail,0,11604,0>11604,30,9+,220,1,,control,5.248100280761719
A120IAA8ECWG6F:4:B008TU7LNW,A120IAA8ECWG6F,tail,1,2157,"0,11604>2157",29,9+,20,1,,control,4.677398681640625
A120IAA8ECWG6F:4:B008TU7LNW,A120IAA8ECWG6F,tail,2,5535,"0,11604,2157>5535",14,9+,1,0,,ineligible,-0.23178672790527344
A12F1134XZ5V1Q:2:B006O6EOII,A12F1134XZ5V1Q,head,0,11604,0>11604,30,9+,220,1,,control,3.2990646362304688
A12F1134XZ5V1Q:2:B006O6EOII,A12F1134XZ5V1Q,head,1,10866,"0,11604>10866",29,9+,5,1,,control,-2.3315658569335938
A12F1134XZ5V1Q:2:B006O6EOII,A12F1134XZ5V1Q,head,2,954,"0,11604,10866>954",4,3-4,2,0,,ineligible,0.6264362335205078
A12F1134XZ5V1Q:2:B006O6EOII,A12F1134XZ5V1Q,head,4,9492,"0,11604,10866,954,776>9492",2,2,1,0,,ineligible,4.255910873413086
A12MWL2XMX7SLL:1:B00005BW71,A12MWL2XMX7SLL,head,0,17582,0>17582,30,9+,408,1,,control,-1.4181289672851562
A12MWL2XMX7SLL:1:B00005BW71,A12MWL2XMX7SLL,head,1,17335,"0,17582>17335",24,9+,6,1,,control,-3.2875099182128906
A12MWL2XMX7SLL:1:B00005BW71,A12MWL2XMX7SLL,head,2,14898,"0,17582,17335>14898",4,3-4,1,0,,ineligible,0.5155553817749023
A12QYV3ARZX9TA:6:B008C0O4Q6,A12QYV3ARZX9TA,tail,0,3127,0>3127,30,9+,700,1,,control,-2.2880287170410156
A12QYV3ARZX9TA:6:B008C0O4Q6,A12QYV3ARZX9TA,tail,1,4223,"0,3127>4223",21,9+,49,2,0.007632195949554443,control,-1.4467315673828125
A12QYV3ARZX9TA:6:B008C0O4Q6,A12QYV3ARZX9TA,tail,2,26898,"0,3127,4223>26898",37,9+,1,0,,ineligible,-0.4159507751464844
A132J6ZMCT1AO6:1:B009WICGWQ,A132J6ZMCT1AO6,tail,0,5364,0>5364,30,9+,319,1,,control,-1.6229400634765625
A132J6ZMCT1AO6:1:B009WICGWQ,A132J6ZMCT1AO6,tail,1,2935,"0,5364>2935",25,9+,44,1,,control,-0.36991310119628906
A132J6ZMCT1AO6:1:B009WICGWQ,A132J6ZMCT1AO6,tail,2,13650,"0,5364,2935>13650",34,9+,2,0,,ineligible,-3.393901824951172
A132J6ZMCT1AO6:1:B009WICGWQ,A132J6ZMCT1AO6,tail,3,1125,"0,5364,2935,13650>1125",2,2,1,0,,ineligible,8.963165283203125
A1354C4W99WQUB:3:B000NKH0E6,A1354C4W99WQUB,head,0,2341,0>2341,30,9+,490,1,,control,4.477294921875
A1354C4W99WQUB:3:B000NKH0E6,A1354C4W99WQUB,head,1,1840,"0,2341>1840",23,9+,22,2,0.004830837249755859,control,4.928382873535156
A1354C4W99WQUB:3:B000NKH0E6,A1354C4W99WQUB,head,2,13243,"0,2341,1840>13243",16,9+,2,0,,ineligible,1.957712173461914
A1354C4W99WQUB:3:B000NKH0E6,A1354C4W99WQUB,head,3,19615,"0,2341,1840,13243>19615",2,2,1,0,,ineligible,2.8431625366210938
A1394H7J0Q8S2L:4:B00008PW0H,A1394H7J0Q8S2L,head,0,1871,0>1871,30,9+,482,1,,control,0.07444381713867188
A1394H7J0Q8S2L:4:B00008PW0H,A1394H7J0Q8S2L,head,1,9013,"0,1871>9013",29,9+,20,2,0.0030452609062194824,control,0.099212646484375
A1394H7J0Q8S2L:4:B00008PW0H,A1394H7J0Q8S2L,head,2,10734,"0,1871,9013>10734",14,9+,3,1,,control,1.97119140625
A1394H7J0Q8S2L:4:B00008PW0H,A1394H7J0Q8S2L,head,3,6438,"0,1871,9013,10734>6438",3,3-4,1,0,,ineligible,2.2790279388427734
A13CMGPBBA6RED:2:B00141D6BE,A13CMGPBBA6RED,tail,0,17582,0>17582,30,9+,408,1,,control,-2.923095703125
A13CMGPBBA6RED:2:B00141D6BE,A13CMGPBBA6RED,tail,1,3270,"0,17582>3270",24,9+,30,1,,control,-0.30036163330078125
A13CMGPBBA6RED:2:B00141D6BE,A13CMGPBBA6RED,tail,2,2275,"0,17582,3270>2275",29,9+,1,0,,ineligible,1.2493534088134766
A13IYU3X81J084:7:B00C6PWXDY,A13IYU3X81J084,tail,0,11604,0>11604,30,9+,220,1,,control,1.9226531982421875
A13IYU3X81J084:7:B00C6PWXDY,A13IYU3X81J084,tail,1,3994,"0,11604>3994",29,9+,4,1,,control,3.34979248046875
A13IYU3X81J084:7:B00C6PWXDY,A13IYU3X81J084,tail,2,10705,"0,11604,3994>10705",4,3-4,1,0,,ineligible,5.541868209838867
A13M9XSQ4O6NLY:1:B000GKU388,A13M9XSQ4O6NLY,tail,0,2341,0>2341,30,9+,490,1,,control,1.5270843505859375
A13M9XSQ4O6NLY:1:B000GKU388,A13M9XSQ4O6NLY,tail,1,5726,"0,2341>5726",23,9+,20,1,,control,-1.6699333190917969
A13M9XSQ4O6NLY:1:B000GKU388,A13M9XSQ4O6NLY,tail,2,12937,"0,2341,5726>12937",15,9+,2,0,,ineligible,-2.4925622940063477
A13M9XSQ4O6NLY:1:B000GKU388,A13M9XSQ4O6NLY,tail,3,7623,"0,2341,5726,12937>7623",2,2,1,0,,ineligible,-0.12689876556396484
A13MM94OD9HMEO:2:B003NZQKQC,A13MM94OD9HMEO,tail,0,11109,0>11109,30,9+,320,1,,control,-1.0831108093261719
A13MM94OD9HMEO:2:B003NZQKQC,A13MM94OD9HMEO,tail,1,19239,"0,11109>19239",27,9+,34,2,0.005622267723083496,control,-3.1884231567382812
A13MM94OD9HMEO:2:B003NZQKQC,A13MM94OD9HMEO,tail,2,22015,"0,11109,19239>22015",27,9+,1,0,,ineligible,-1.9262018203735352
A13MZ8L5DC4JHC:7:B004DK6BRE,A13MZ8L5DC4JHC,tail,0,2244,0>2244,30,9+,345,1,,control,-0.9172325134277344
A13MZ8L5DC4JHC:7:B004DK6BRE,A13MZ8L5DC4JHC,tail,1,151,"0,2244>151",29,9+,46,1,,control,1.183380126953125
A13MZ8L5DC4JHC:7:B004DK6BRE,A13MZ8L5DC4JHC,tail,2,3761,"0,2244,151>3761",38,9+,2,0,,ineligible,1.8505935668945312
A13MZ8L5DC4JHC:7:B004DK6BRE,A13MZ8L5DC4JHC,tail,3,3345,"0,2244,151,3761>3345",2,2,1,0,,ineligible,4.1805806159973145
A13QFODY9LMFDB:7:B000KMHBFA,A13QFODY9LMFDB,head,0,2341,0>2341,30,9+,490,1,,control,-0.8843765258789062
A13QFODY9LMFDB:7:B000KMHBFA,A13QFODY9LMFDB,head,1,10224,"0,2341>10224",23,9+,42,2,0.003073394298553467,control,0.032657623291015625
A13QFODY9LMFDB:7:B000KMHBFA,A13QFODY9LMFDB,head,2,5095,"0,2341,10224>5095",37,9+,2,0,,ineligible,-1.3595714569091797
A13QFODY9LMFDB:7:B000KMHBFA,A13QFODY9LMFDB,head,3,15281,"0,2341,10224,5095>15281",2,2,1,0,,ineligible,1.5179319381713867
A13TQCPGBIZHGQ:1:B00ACA39NS,A13TQCPGBIZHGQ,tail,0,2412,0>2412,30,9+,354,1,,control,2.6557273864746094
A13TQCPGBIZHGQ:1:B00ACA39NS,A13TQCPGBIZHGQ,tail,1,1026,"0,2412>1026",20,9+,31,1,,control,0.71600341796875
A13TQCPGBIZHGQ:1:B00ACA39NS,A13TQCPGBIZHGQ,tail,2,871,"0,2412,1026>871",26,9+,1,0,,ineligible,7.643575668334961
A13WEKTB63G78Y:9:B008E1912A,A13WEKTB63G78Y,tail,0,1871,0>1871,30,9+,482,1,,control,-0.197418212890625
A13WEKTB63G78Y:9:B008E1912A,A13WEKTB63G78Y,tail,1,9516,"0,1871>9516",29,9+,11,4,0.011008063952128092,control,-3.198108673095703
A13WEKTB63G78Y:9:B008E1912A,A13WEKTB63G78Y,tail,2,9759,"0,1871,9516>9759",8,5-8,1,0,,ineligible,10.264446258544922
A140TGQDREQV7W:3:B00C58ZRSK,A140TGQDREQV7W,tail,0,2244,0>2244,30,9+,345,1,,control,1.1619682312011719
A140TGQDREQV7W:3:B00C58ZRSK,A140TGQDREQV7W,tail,1,151,"0,2244>151",29,9+,46,1,,control,1.4743118286132812
A140TGQDREQV7W:3:B00C58ZRSK,A140TGQDREQV7W,tail,2,5353,"0,2244,151>5353",38,9+,1,0,,ineligible,-2.299467086791992
A146L0JWX6KKYJ:1:B004P9591C,A146L0JWX6KKYJ,head,0,17582,0>17582,30,9+,408,1,,control,-1.7101707458496094
A146L0JWX6KKYJ:1:B004P9591C,A146L0JWX6KKYJ,head,1,4836,"0,17582>4836",24,9+,7,1,,control,-0.48821258544921875
A146L0JWX6KKYJ:1:B004P9591C,A146L0JWX6KKYJ,head,2,19272,"0,17582,4836>19272",6,5-8,2,0,,ineligible,4.215364456176758
A146L0JWX6KKYJ:1:B004P9591C,A146L0JWX6KKYJ,head,3,12437,"0,17582,4836,19272>12437",2,2,1,0,,ineligible,7.20089864730835
A14FPA7BK5NBLA:1:B001QGGNPS,A14FPA7BK5NBLA,tail,0,387,0>387,30,9+,234,1,,control,-1.2541770935058594
A14FPA7BK5NBLA:1:B001QGGNPS,A14FPA7BK5NBLA,tail,1,6244,"0,387>6244",24,9+,10,1,,control,-0.7537078857421875
A14FPA7BK5NBLA:1:B001QGGNPS,A14FPA7BK5NBLA,tail,2,16713,"0,387,6244>16713",10,9+,1,0,,ineligible,-0.5013027191162109
A14MSHFCXPARFS:3:B00D9LWJTC,A14MSHFCXPARFS,head,0,467,0>467,30,9+,1159,1,,control,0.154571533203125
A14MSHFCXPARFS:3:B00D9LWJTC,A14MSHFCXPARFS,head,1,1476,"0,467>1476",24,9+,556,1,,control,3.4266929626464844
A14MSHFCXPARFS:3:B00D9LWJTC,A14MSHFCXPARFS,head,2,2577,"0,467,1476>2577",186,9+,47,1,,control,1.6497421264648438
A14MSHFCXPARFS:3:B00D9LWJTC,A14MSHFCXPARFS,head,3,24719,"0,467,1476,2577>24719",32,9+,1,0,,ineligible,-1.0449962615966797
A14TYIA6NMXWSI:2:B0042VJPZO,A14TYIA6NMXWSI,tail,0,3127,0>3127,30,9+,700,1,,control,-3.9300003051757812
A14TYIA6NMXWSI:2:B0042VJPZO,A14TYIA6NMXWSI,tail,1,2917,"0,3127>2917",21,9+,52,1,,control,-1.2133922576904297
A14TYIA6NMXWSI:2:B0042VJPZO,A14TYIA6NMXWSI,tail,2,765,"0,3127,2917>765",7,5-8,46,1,,control,4.676259994506836
A14TYIA6NMXWSI:2:B0042VJPZO,A14TYIA6NMXWSI,tail,3,1081,"0,3127,2917,765>1081",14,9+,28,1,,control,2.6143341064453125
A14TYIA6NMXWSI:2:B0042VJPZO,A14TYIA6NMXWSI,tail,4,3947,"0,3127,2917,765,1081>3947",22,9+,5,1,,control,1.0152578353881836
A14TYIA6NMXWSI:2:B0042VJPZO,A14TYIA6NMXWSI,tail,5,357,"0,3127,2917,765,1081,3947>357",5,5-8,1,0,,ineligible,-0.4204072952270508
A14X244VGHWPSX:25:B00857SREQ,A14X244VGHWPSX,head,0,2100,0>2100,30,9+,1270,1,,control,-1.3803482055664062
A14X244VGHWPSX:25:B00857SREQ,A14X244VGHWPSX,head,1,1073,"0,2100>1073",31,9+,199,1,,control,0.9977989196777344
A14X244VGHWPSX:25:B00857SREQ,A14X244VGHWPSX,head,2,740,"0,2100,1073>740",31,9+,5,1,,control,1.0315742492675781
A14X244VGHWPSX:25:B00857SREQ,A14X244VGHWPSX,head,3,4433,"0,2100,1073,740>4433",5,5-8,1,0,,ineligible,10.144502639770508
A14Z0MULK9Y2HO:1:B007U7M0WM,A14Z0MULK9Y2HO,head,0,14527,0>14527,30,9+,388,1,,control,3.557697296142578
A14Z0MULK9Y2HO:1:B007U7M0WM,A14Z0MULK9Y2HO,head,1,5612,"0,14527>5612",19,9+,51,1,,control,0.43093109130859375
A14Z0MULK9Y2HO:1:B007U7M0WM,A14Z0MULK9Y2HO,head,2,16489,"0,14527,5612>16489",35,9+,1,0,,ineligible,0.681182861328125
A153RS9Z63XYB7:4:B003U7CVCU,A153RS9Z63XYB7,tail,0,3127,0>3127,30,9+,700,1,,control,-0.7349128723144531
A153RS9Z63XYB7:4:B003U7CVCU,A153RS9Z63XYB7,tail,1,26141,"0,3127>26141",21,9+,25,2,0.006571650505065918,control,-0.5166130065917969
A153RS9Z63XYB7:4:B003U7CVCU,A153RS9Z63XYB7,tail,2,12702,"0,3127,26141>12702",14,9+,5,1,,control,-1.7852840423583984
A153RS9Z63XYB7:4:B003U7CVCU,A153RS9Z63XYB7,tail,3,9737,"0,3127,26141,12702>9737",5,5-8,1,0,,ineligible,0.23952388763427734
A15CL28ALB7MTZ:7:B0083TXZHU,A15CL28ALB7MTZ,head,0,467,0>467,30,9+,1159,1,,control,1.7295799255371094
A15CL28ALB7MTZ:7:B0083TXZHU,A15CL28ALB7MTZ,head,1,1476,"0,467>1476",24,9+,556,1,,control,2.3557357788085938
A15CL28ALB7MTZ:7:B0083TXZHU,A15CL28ALB7MTZ,head,2,17926,"0,467,1476>17926",186,9+,4,1,,control,-3.7251205444335938
A15CL28ALB7MTZ:7:B0083TXZHU,A15CL28ALB7MTZ,head,3,11764,"0,467,1476,17926>11764",4,3-4,1,0,,ineligible,6.700303554534912
A15D71305SUX7J:1:B001US4G9M,A15D71305SUX7J,tail,0,467,0>467,30,9+,1159,1,,control,2.0926361083984375
A15D71305SUX7J:1:B001US4G9M,A15D71305SUX7J,tail,1,1448,"0,467>1448",24,9+,45,1,,control,-2.459095001220703
A15D71305SUX7J:1:B001US4G9M,A15D71305SUX7J,tail,2,11354,"0,467,1448>11354",24,9+,1,0,,ineligible,-3.241450309753418
A15DLHUPADSHQH:2:B00AHAJAU4,A15DLHUPADSHQH,tail,0,5364,0>5364,30,9+,319,1,,control,3.110393524169922
A15DLHUPADSHQH:2:B00AHAJAU4,A15DLHUPADSHQH,tail,1,3337,"0,5364>3337",25,9+,15,1,,control,5.318180084228516
A15DLHUPADSHQH:2:B00AHAJAU4,A15DLHUPADSHQH,tail,2,21820,"0,5364,3337>21820",9,9+,1,0,,ineligible,1.1855106353759766
A15JPYV0L19RF:7:B003R1V90Y,A15JPYV0L19RF,head,0,21677,0>21677,30,9+,202,1,,control,5.995014190673828
A15JPYV0L19RF:7:B003R1V90Y,A15JPYV0L19RF,head,1,14504,"0,21677>14504",25,9+,12,1,,control,9.275426864624023
A15JPYV0L19RF:7:B003R1V90Y,A15JPYV0L19RF,head,2,7348,"0,21677,14504>7348",11,9+,2,0,,ineligible,5.074607849121094
A15JPYV0L19RF:7:B003R1V90Y,A15JPYV0L19RF,head,5,632,"0,21677,14504,7348,4502,21367>632",2,2,1,0,,ineligible,0.5102949142456055
A15NQIJ8G9LZ4W:3:B005GJDG24,A15NQIJ8G9LZ4W,tail,0,11604,0>11604,30,9+,220,1,,control,-4.525333404541016
A15NQIJ8G9LZ4W:3:B005GJDG24,A15NQIJ8G9LZ4W,tail,1,306,"0,11604>306",29,9+,14,1,,control,0.0860748291015625
A15NQIJ8G9LZ4W:3:B005GJDG24,A15NQIJ8G9LZ4W,tail,2,9817,"0,11604,306>9817",14,9+,1,0,,ineligible,-2.7695045471191406
A15ZYH9WV76JAQ:2:B002ZZRO34,A15ZYH9WV76JAQ,tail,0,2341,0>2341,30,9+,490,1,,control,-0.3758735656738281
A15ZYH9WV76JAQ:2:B002ZZRO34,A15ZYH9WV76JAQ,tail,1,7334,"0,2341>7334",23,9+,11,1,,control,-1.9646377563476562
A15ZYH9WV76JAQ:2:B002ZZRO34,A15ZYH9WV76JAQ,tail,2,9732,"0,2341,7334>9732",9,9+,1,0,,ineligible,0.6002464294433594
A167KPMW1NBZJW:26:B00CQDGYKO,A167KPMW1NBZJW,tail,0,2100,0>2100,30,9+,1270,1,,control,0.015048980712890625
A167KPMW1NBZJW:26:B00CQDGYKO,A167KPMW1NBZJW,tail,1,1073,"0,2100>1073",31,9+,199,1,,control,-1.4552955627441406
A167KPMW1NBZJW:26:B00CQDGYKO,A167KPMW1NBZJW,tail,2,10734,"0,2100,1073>10734",31,9+,2,0,,ineligible,1.043060302734375
A167KPMW1NBZJW:26:B00CQDGYKO,A167KPMW1NBZJW,tail,3,7293,"0,2100,1073,10734>7293",2,2,1,0,,ineligible,8.847415924072266
A16AICX2GYPZ1H:2:B000CBURPU,A16AICX2GYPZ1H,head,0,4183,0>4183,30,9+,157,1,,control,-0.7497062683105469
A16AICX2GYPZ1H:2:B000CBURPU,A16AICX2GYPZ1H,head,1,7778,"0,4183>7778",22,9+,12,1,,control,-0.6164340972900391
A16AICX2GYPZ1H:2:B000CBURPU,A16AICX2GYPZ1H,head,2,3412,"0,4183,7778>3412",10,9+,2,0,,ineligible,0.31862449645996094
A16AICX2GYPZ1H:2:B000CBURPU,A16AICX2GYPZ1H,head,3,19615,"0,4183,7778,3412>19615",2,2,1,0,,ineligible,4.116129398345947
A16BB04DCCVBO9:1:B0000E39PG,A16BB04DCCVBO9,tail,0,387,0>387,30,9+,234,1,,control,-2.0939674377441406
A16BB04DCCVBO9:1:B0000E39PG,A16BB04DCCVBO9,tail,1,5492,"0,387>5492",24,9+,7,2,0.00561755895614624,control,-5.884513854980469
A16BB04DCCVBO9:1:B0000E39PG,A16BB04DCCVBO9,tail,2,6772,"0,387,5492>6772",7,5-8,1,0,,ineligible,-0.5741024017333984
A16E4FSVNFUBPN:3:B0001MIPXQ,A16E4FSVNFUBPN,head,0,2412,0>2412,30,9+,354,1,,control,3.607288360595703
A16E4FSVNFUBPN:3:B0001MIPXQ,A16E4FSVNFUBPN,head,1,1463,"0,2412>1463",20,9+,22,1,,control,-3.579265594482422
A16E4FSVNFUBPN:3:B0001MIPXQ,A16E4FSVNFUBPN,head,2,4976,"0,2412,1463>4976",14,9+,1,0,,ineligible,1.5005378723144531
A16EID3ZQJKW09:3:B0002HYD1S,A16EID3ZQJKW09,head,0,17582,0>17582,30,9+,408,1,,control,-2.587535858154297
A16EID3ZQJKW09:3:B0002HYD1S,A16EID3ZQJKW09,head,1,9809,"0,17582>9809",24,9+,10,1,,control,-3.1575279235839844
A16EID3ZQJKW09:3:B0002HYD1S,A16EID3ZQJKW09,head,2,5875,"0,17582,9809>5875",10,9+,1,0,,ineligible,3.6412153244018555
A16GBXDS51J019:3:B005E7A202,A16GBXDS51J019,head,0,2100,0>2100,30,9+,1270,1,,control,-0.9085273742675781
A16GBXDS51J019:3:B005E7A202,A16GBXDS51J019,head,1,20811,"0,2100>20811",31,9+,42,1,,control,0.6816749572753906
A16GBXDS51J019:3:B005E7A202,A16GBXDS51J019,head,2,2856,"0,2100,20811>2856",27,9+,2,0,,ineligible,1.2491788864135742
A16GBXDS51J019:3:B005E7A202,A16GBXDS51J019,head,3,18189,"0,2100,20811,2856>18189",2,2,1,0,,ineligible,12.809575080871582
A16HQB6GTXWKBD:1:B0042T8GR4,A16HQB6GTXWKBD,head,0,14295,0>14295,30,9+,759,1,,control,3.6736183166503906
A16HQB6GTXWKBD:1:B0042T8GR4,A16HQB6GTXWKBD,head,1,4439,"0,14295>4439",44,9+,12,2,0.018763422966003418,control,-1.5528564453125
A16HQB6GTXWKBD:1:B0042T8GR4,A16HQB6GTXWKBD,head,2,4660,"0,14295,4439>4660",10,9+,1,0,,ineligible,4.312229156494141
A16L9YZS3W4Z5I:1:1936112191,A16L9YZS3W4Z5I,head,0,467,0>467,30,9+,1159,1,,control,4.161678314208984
A16L9YZS3W4Z5I:1:1936112191,A16L9YZS3W4Z5I,head,1,895,"0,467>895",24,9+,195,1,,control,-1.083831787109375
A16L9YZS3W4Z5I:1:1936112191,A16L9YZS3W4Z5I,head,2,16213,"0,467,895>16213",74,9+,6,1,,control,-0.236297607421875
A16L9YZS3W4Z5I:1:1936112191,A16L9YZS3W4Z5I,head,3,9666,"0,467,895,16213>9666",6,5-8,1,0,,ineligible,1.5815134048461914
A16RBPUDCYJZHO:2:B000K3BZNS,A16RBPUDCYJZHO,tail,0,9062,0>9062,30,9+,203,1,,control,0.8953475952148438
A16RBPUDCYJZHO:2:B000K3BZNS,A16RBPUDCYJZHO,tail,1,4987,"0,9062>4987",26,9+,6,1,,control,5.905986785888672
A16RBPUDCYJZHO:2:B000K3BZNS,A16RBPUDCYJZHO,tail,4,25055,"0,9062,4987,15133,9502>25055",2,2,5,1,,control,11.338275909423828
A16RBPUDCYJZHO:2:B000K3BZNS,A16RBPUDCYJZHO,tail,5,536,"0,9062,4987,15133,9502,25055>536",5,5-8,1,0,,ineligible,0.6004543304443359
A16RKBCGFDMI8H:1:B0015EPR2Q,A16RKBCGFDMI8H,tail,0,14295,0>14295,30,9+,759,1,,control,-1.01910400390625
A16RKBCGFDMI8H:1:B0015EPR2Q,A16RKBCGFDMI8H,tail,1,4232,"0,14295>4232",44,9+,137,1,,control,0.9246597290039062
A16RKBCGFDMI8H:1:B0015EPR2Q,A16RKBCGFDMI8H,tail,2,10680,"0,14295,4232>10680",96,9+,1,0,,ineligible,-3.6281871795654297
A17437N1L775IJ:3:B000NV6DRU,A17437N1L775IJ,head,0,2341,0>2341,30,9+,490,1,,control,-0.5901069641113281
A17437N1L775IJ:3:B000NV6DRU,A17437N1L775IJ,head,1,11483,"0,2341>11483",23,9+,8,1,,control,-3.9593048095703125
A17437N1L775IJ:3:B000NV6DRU,A17437N1L775IJ,head,2,9905,"0,2341,11483>9905",8,5-8,1,0,,ineligible,0.4873809814453125
A175TVQLNLP30:8:B00134PM7I,A175TVQLNLP30,head,0,14527,0>14527,30,9+,388,1,,control,-1.4118919372558594
A175TVQLNLP30:8:B00134PM7I,A175TVQLNLP30,head,1,3822,"0,14527>3822",19,9+,55,1,,control,0.6123733520507812
A175TVQLNLP30:8:B00134PM7I,A175TVQLNLP30,head,2,7417,"0,14527,3822>7417",49,9+,1,0,,ineligible,1.2875213623046875
A17BLL3VPB3VLG:2:B004KU7PFY,A17BLL3VPB3VLG,tail,0,14295,0>14295,30,9+,759,1,,control,0.9267005920410156
A17BLL3VPB3VLG:2:B004KU7PFY,A17BLL3VPB3VLG,tail,1,4046,"0,14295>4046",44,9+,14,1,,control,-2.3204383850097656
A17BLL3VPB3VLG:2:B004KU7PFY,A17BLL3VPB3VLG,tail,2,1489,"0,14295,4046>1489",10,9+,4,1,,control,1.9800548553466797
A17BLL3VPB3VLG:2:B004KU7PFY,A17BLL3VPB3VLG,tail,5,357,"0,14295,4046,1489,15956,13478>357",4,3-4,1,0,,ineligible,0.2659339904785156
A17CQQGIN0Z2MU:1:B00005UNAX,A17CQQGIN0Z2MU,head,0,467,0>467,30,9+,1159,1,,control,4.0672607421875
A17CQQGIN0Z2MU:1:B00005UNAX,A17CQQGIN0Z2MU,head,1,27733,"0,467>27733",24,9+,13,1,,control,-2.6706581115722656
A17CQQGIN0Z2MU:1:B00005UNAX,A17CQQGIN0Z2MU,head,2,5993,"0,467,27733>5993",5,5-8,9,1,,control,2.730714797973633
A17CQQGIN0Z2MU:1:B00005UNAX,A17CQQGIN0Z2MU,head,3,7518,"0,467,27733,5993>7518",8,5-8,2,0,,ineligible,2.309554100036621
A17CQQGIN0Z2MU:1:B00005UNAX,A17CQQGIN0Z2MU,head,5,536,"0,467,27733,5993,7518,616>536",2,2,1,0,,ineligible,0.8368730545043945
A17LDNW8GIFID1:2:B005193TPS,A17LDNW8GIFID1,tail,0,14527,0>14527,30,9+,388,1,,control,2.2461090087890625
A17LDNW8GIFID1:2:B005193TPS,A17LDNW8GIFID1,tail,1,12911,"0,14527>12911",19,9+,20,1,,control,5.33563232421875
A17LDNW8GIFID1:2:B005193TPS,A17LDNW8GIFID1,tail,2,7093,"0,14527,12911>7093",16,9+,1,0,,ineligible,11.982876777648926
A17NX7T7DW6KL2:12:B00C81LYH2,A17NX7T7DW6KL2,head,0,14295,0>14295,30,9+,759,1,,control,-2.629474639892578
A17NX7T7DW6KL2:12:B00C81LYH2,A17NX7T7DW6KL2,head,1,4232,"0,14295>4232",44,9+,137,1,,control,1.1057510375976562
A17NX7T7DW6KL2:12:B00C81LYH2,A17NX7T7DW6KL2,head,2,2297,"0,14295,4232>2297",96,9+,5,1,,control,0.525665283203125
A17NX7T7DW6KL2:12:B00C81LYH2,A17NX7T7DW6KL2,head,3,12210,"0,14295,4232,2297>12210",5,5-8,1,0,,ineligible,5.598676681518555
A17QT4N3ANAXW:12:B004KZ8P2Q,A17QT4N3ANAXW,head,0,467,0>467,30,9+,1159,1,,control,-0.5595436096191406
A17QT4N3ANAXW:12:B004KZ8P2Q,A17QT4N3ANAXW,head,1,1476,"0,467>1476",24,9+,556,1,,control,2.2781429290771484
A17QT4N3ANAXW:12:B004KZ8P2Q,A17QT4N3ANAXW,head,2,31641,"0,467,1476>31641",186,9+,2,0,,ineligible,-3.7371063232421875
A17QT4N3ANAXW:12:B004KZ8P2Q,A17QT4N3ANAXW,head,3,4974,"0,467,1476,31641>4974",2,2,1,0,,ineligible,1.480031967163086
A17ROMTUTETSF0:4:B003DW92G0,A17ROMTUTETSF0,tail,0,2412,0>2412,30,9+,354,1,,control,2.4254608154296875
A17ROMTUTETSF0:4:B003DW92G0,A17ROMTUTETSF0,tail,1,2160,"0,2412>2160",20,9+,27,1,,control,2.551105499267578
A17ROMTUTETSF0:4:B003DW92G0,A17ROMTUTETSF0,tail,2,7307,"0,2412,2160>7307",24,9+,1,0,,ineligible,0.2286510467529297
A17V2N0N8CXSA9:18:B0037NMWC6,A17V2N0N8CXSA9,tail,0,2100,0>2100,30,9+,1270,1,,control,-0.3373260498046875
A17V2N0N8CXSA9:18:B0037NMWC6,A17V2N0N8CXSA9,tail,1,1088,"0,2100>1088",31,9+,214,5,0.0044814348220825195,control,-3.7522506713867188
A17V2N0N8CXSA9:18:B0037NMWC6,A17V2N0N8CXSA9,tail,2,855,"0,2100,1088>855",28,9+,3,1,,control,-2.1778945922851562
A17V2N0N8CXSA9:18:B0037NMWC6,A17V2N0N8CXSA9,tail,3,16790,"0,2100,1088,855>16790",3,3-4,1,0,,ineligible,2.149148941040039
A17XTU7OH5HOA0:5:B0083WQQ82,A17XTU7OH5HOA0,tail,0,16352,0>16352,30,9+,180,1,,control,5.863639831542969
A17XTU7OH5HOA0:5:B0083WQQ82,A17XTU7OH5HOA0,tail,1,2128,"0,16352>2128",25,9+,11,1,,control,0.49367713928222656
A17XTU7OH5HOA0:5:B0083WQQ82,A17XTU7OH5HOA0,tail,2,15843,"0,16352,2128>15843",10,9+,1,0,,ineligible,1.7723188400268555
A1893YSU7AX0FE:9:B006EFMSSM,A1893YSU7AX0FE,head,0,2948,0>2948,30,9+,297,1,,control,-3.1464271545410156
A1893YSU7AX0FE:9:B006EFMSSM,A1893YSU7AX0FE,head,1,1312,"0,2948>1312",27,9+,63,1,,control,2.2644119262695312
A1893YSU7AX0FE:9:B006EFMSSM,A1893YSU7AX0FE,head,2,1720,"0,2948,1312>1720",49,9+,2,0,,ineligible,4.217082977294922
A1893YSU7AX0FE:9:B006EFMSSM,A1893YSU7AX0FE,head,3,8277,"0,2948,1312,1720>8277",2,2,1,0,,ineligible,3.700773239135742
A18DDXBH5LLDM1:3:B0015ZITNY,A18DDXBH5LLDM1,head,0,17582,0>17582,30,9+,408,1,,control,-1.2989120483398438
A18DDXBH5LLDM1:3:B0015ZITNY,A18DDXBH5LLDM1,head,1,2327,"0,17582>2327",24,9+,8,1,,control,-2.2678451538085938
A18DDXBH5LLDM1:3:B0015ZITNY,A18DDXBH5LLDM1,head,2,3082,"0,17582,2327>3082",5,5-8,3,1,,control,4.0155487060546875
A18DDXBH5LLDM1:3:B0015ZITNY,A18DDXBH5LLDM1,head,3,11971,"0,17582,2327,3082>11971",2,2,1,0,,ineligible,0.8798837661743164
A18NS2LFYCLOTH:3:B000096QQ1,A18NS2LFYCLOTH,tail,0,2341,0>2341,30,9+,490,1,,control,-0.8264236450195312
A18NS2LFYCLOTH:3:B000096QQ1,A18NS2LFYCLOTH,tail,1,9062,"0,2341>9062",23,9+,123,1,,control,0.4306678771972656
A18NS2LFYCLOTH:3:B000096QQ1,A18NS2LFYCLOTH,tail,2,5913,"0,2341,9062>5913",71,9+,1,0,,ineligible,-4.706943511962891
A18PHQM5FOYLUR:2:B008B68IEA,A18PHQM5FOYLUR,head,0,11604,0>11604,30,9+,220,1,,control,2.0836181640625
A18PHQM5FOYLUR:2:B008B68IEA,A18PHQM5FOYLUR,head,1,703,"0,11604>703",29,9+,8,1,,control,-0.27198028564453125
A18PHQM5FOYLUR:2:B008B68IEA,A18PHQM5FOYLUR,head,2,1953,"0,11604,703>1953",7,5-8,1,0,,ineligible,0.6992588043212891
A18RMGZO7XVL48:3:B008CL5Y6O,A18RMGZO7XVL48,head,0,3127,0>3127,30,9+,700,1,,control,-1.3639297485351562
A18RMGZO7XVL48:3:B008CL5Y6O,A18RMGZO7XVL48,head,1,14095,"0,3127>14095",21,9+,34,1,,control,-0.8147506713867188
A18RMGZO7XVL48:3:B008CL5Y6O,A18RMGZO7XVL48,head,2,6311,"0,3127,14095>6311",14,9+,7,2,0.013263821601867676,control,-1.3171892166137695
A18RMGZO7XVL48:3:B008CL5Y6O,A18RMGZO7XVL48,head,3,8636,"0,3127,14095,6311>8636",6,5-8,1,0,,ineligible,2.049285888671875
A18SK0IT354975:2:B000096NYJ,A18SK0IT354975,tail,0,14295,0>14295,30,9+,759,1,,control,-3.3124427795410156
A18SK0IT354975:2:B000096NYJ,A18SK0IT354975,tail,1,13402,"0,14295>13402",44,9+,17,1,,control,-2.389850616455078
A18SK0IT354975:2:B000096NYJ,A18SK0IT354975,tail,2,6534,"0,14295,13402>6534",10,9+,3,1,,control,4.644704818725586
A18SK0IT354975:2:B000096NYJ,A18SK0IT354975,tail,3,6073,"0,14295,13402,6534>6073",3,3-4,1,0,,ineligible,7.020227432250977
A18X40685QFFT0:3:B002ERB4O8,A18X40685QFFT0,head,0,17582,0>17582,30,9+,408,1,,control,0.367645263671875
A18X40685QFFT0:3:B002ERB4O8,A18X40685QFFT0,head,1,2309,"0,17582>2309",24,9+,10,1,,control,-3.50445556640625
A18X40685QFFT0:3:B002ERB4O8,A18X40685QFFT0,head,2,11426,"0,17582,2309>11426",4,3-4,1,0,,ineligible,1.2830467224121094
A190HFGLY5BKSN:7:B002S52VU2,A190HFGLY5BKSN,head,0,2412,0>2412,30,9+,354,1,,control,-3.024059295654297
A190HFGLY5BKSN:7:B002S52VU2,A190HFGLY5BKSN,head,1,7429,"0,2412>7429",20,9+,19,1,,control,0.5846443176269531
A190HFGLY5BKSN:7:B002S52VU2,A190HFGLY5BKSN,head,2,1463,"0,2412,7429>1463",19,9+,1,0,,ineligible,1.0869255065917969
A191AMOO5QYHPC:6:B003SRGOXY,A191AMOO5QYHPC,tail,0,14351,0>14351,30,9+,196,1,,control,1.4239959716796875
A191AMOO5QYHPC:6:B003SRGOXY,A191AMOO5QYHPC,tail,1,10631,"0,14351>10631",25,9+,4,1,,control,0.43744468688964844
A191AMOO5QYHPC:6:B003SRGOXY,A191AMOO5QYHPC,tail,2,2907,"0,14351,10631>2907",4,3-4,1,0,,ineligible,12.977485656738281
A191KCBQAOA98R:8:B003F82NTK,A191KCBQAOA98R,tail,0,740,0>740,30,9+,1209,1,,control,0.5781135559082031
A191KCBQAOA98R:8:B003F82NTK,A191KCBQAOA98R,tail,1,8803,"0,740>8803",53,9+,30,1,,control,-3.3985824584960938
A191KCBQAOA98R:8:B003F82NTK,A191KCBQAOA98R,tail,2,10218,"0,740,8803>10218",25,9+,1,0,,ineligible,2.0671777725219727
A191Q0M6SG37S7:2:B0038AT564,A191Q0M6SG37S7,head,0,14527,0>14527,30,9+,388,1,,control,2.2646446228027344
A191Q0M6SG37S7:2:B0038AT564,A191Q0M6SG37S7,head,1,1431,"0,14527>1431",19,9+,9,1,,control,-0.21004104614257812
A191Q0M6SG37S7:2:B0038AT564,A191Q0M6SG37S7,head,2,13966,"0,14527,1431>13966",9,9+,1,0,,ineligible,10.34060287475586
A19BOGDWQPM1R3:7:B007R3NTME,A19BOGDWQPM1R3,tail,0,740,0>740,30,9+,1209,1,,control,3.9295501708984375
A19BOGDWQPM1R3:7:B007R3NTME,A19BOGDWQPM1R3,tail,1,4648,"0,740>4648",53,9+,9,1,,control,-9.07083511352539
A19BOGDWQPM1R3:7:B007R3NTME,A19BOGDWQPM1R3,tail,2,6702,"0,740,4648>6702",7,5-8,1,0,,ineligible,-2.374248504638672
A19BSL8DK1YT87:1:B0007LQ1DC,A19BSL8DK1YT87,tail,0,2100,0>2100,30,9+,1270,1,,control,-0.4018135070800781
A19BSL8DK1YT87:1:B0007LQ1DC,A19BSL8DK1YT87,tail,1,11925,"0,2100>11925",31,9+,96,1,,control,-2.4477767944335938
A19BSL8DK1YT87:1:B0007LQ1DC,A19BSL8DK1YT87,tail,2,12771,"0,2100,11925>12771",53,9+,1,0,,ineligible,-2.277172088623047
A19F6XX0KK6XZA:1:B007RM5CO8,A19F6XX0KK6XZA,head,0,14295,0>14295,30,9+,759,1,,control,0.6563262939453125
A19F6XX0KK6XZA:1:B007RM5CO8,A19F6XX0KK6XZA,head,1,3624,"0,14295>3624",44,9+,9,1,,control,-0.3985748291015625
A19F6XX0KK6XZA:1:B007RM5CO8,A19F6XX0KK6XZA,head,2,3600,"0,14295,3624>3600",4,3-4,1,0,,ineligible,3.841001510620117
A19FRW264WZTGP:9:B000ZPF8PC,A19FRW264WZTGP,tail,0,2244,0>2244,30,9+,345,1,,control,-2.8475570678710938
A19FRW264WZTGP:9:B000ZPF8PC,A19FRW264WZTGP,tail,1,3827,"0,2244>3827",29,9+,10,5,0.005498707294464111,control,-0.69940185546875
A19FRW264WZTGP:9:B000ZPF8PC,A19FRW264WZTGP,tail,2,3432,"0,2244,3827>3432",10,9+,1,0,,ineligible,-1.0444908142089844
A19GJX6TTSK0C0:4:B006ROJI38,A19GJX6TTSK0C0,head,0,9062,0>9062,30,9+,203,1,,control,1.6510848999023438
A19GJX6TTSK0C0:4:B006ROJI38,A19GJX6TTSK0C0,head,1,3184,"0,9062>3184",26,9+,7,1,,control,-1.3798809051513672
A19GJX6TTSK0C0:4:B006ROJI38,A19GJX6TTSK0C0,head,2,22588,"0,9062,3184>22588",6,5-8,1,0,,ineligible,0.11943817138671875
A19WB4OO3EF0MM:32:B00000JIVS,A19WB4OO3EF0MM,head,0,740,0>740,30,9+,1209,1,,control,3.3950233459472656
A19WB4OO3EF0MM:32:B00000JIVS,A19WB4OO3EF0MM,head,1,90,"0,740>90",53,9+,189,1,,control,1.3941535949707031
A19WB4OO3EF0MM:32:B00000JIVS,A19WB4OO3EF0MM,head,2,3829,"0,740,90>3829",141,9+,2,0,,ineligible,0.07501220703125
A19WB4OO3EF0MM:32:B00000JIVS,A19WB4OO3EF0MM,head,3,16537,"0,740,90,3829>16537",2,2,1,0,,ineligible,1.5215015411376953
A19WEEGB05YAZ3:24:B00CKH9NS6,A19WEEGB05YAZ3,head,0,3203,0>3203,30,9+,353,1,,control,-2.288196563720703
A19WEEGB05YAZ3:24:B00CKH9NS6,A19WEEGB05YAZ3,head,1,6112,"0,3203>6112",28,9+,11,2,0.0046700239181518555,control,1.8212547302246094
A19WEEGB05YAZ3:24:B00CKH9NS6,A19WEEGB05YAZ3,head,2,10550,"0,3203,6112>10550",9,9+,3,1,,control,13.34634017944336
A19WEEGB05YAZ3:24:B00CKH9NS6,A19WEEGB05YAZ3,head,3,19484,"0,3203,6112,10550>19484",2,2,1,0,,ineligible,8.545921325683594
A19XNAQ2TG01QW:11:B008DBZBUC,A19XNAQ2TG01QW,head,0,1041,0>1041,30,9+,628,1,,control,2.8156356811523438
A19XNAQ2TG01QW:11:B008DBZBUC,A19XNAQ2TG01QW,head,1,29151,"0,1041>29151",27,9+,28,1,,control,7.588809967041016
A19XNAQ2TG01QW:11:B008DBZBUC,A19XNAQ2TG01QW,head,2,26569,"0,1041,29151>26569",9,9+,20,1,,control,10.499672889709473
A19XNAQ2TG01QW:11:B008DBZBUC,A19XNAQ2TG01QW,head,3,21615,"0,1041,29151,26569>21615",2,2,19,1,,control,20.18975067138672
A19XNAQ2TG01QW:11:B008DBZBUC,A19XNAQ2TG01QW,head,4,1191,"0,1041,29151,26569,21615>1191",4,3-4,15,1,,control,3.581439971923828
A19XNAQ2TG01QW:11:B008DBZBUC,A19XNAQ2TG01QW,head,5,2534,"0,1041,29151,26569,21615,1191>2534",15,9+,1,0,,ineligible,1.4427289962768555
A19ZCPGGWOV4UQ:5:B001TM5X28,A19ZCPGGWOV4UQ,tail,0,19903,0>19903,30,9+,192,1,,control,4.78253173828125
A19ZCPGGWOV4UQ:5:B001TM5X28,A19ZCPGGWOV4UQ,tail,1,9733,"0,19903>9733",23,9+,15,1,,control,1.024892807006836
A19ZCPGGWOV4UQ:5:B001TM5X28,A19ZCPGGWOV4UQ,tail,2,4632,"0,19903,9733>4632",11,9+,1,0,,ineligible,6.168046951293945
A1A2S6U22NP1FL:1:B00C6PYGJ8,A1A2S6U22NP1FL,head,0,14295,0>14295,30,9+,759,1,,control,-0.5799751281738281
A1A2S6U22NP1FL:1:B00C6PYGJ8,A1A2S6U22NP1FL,head,1,4232,"0,14295>4232",44,9+,137,1,,control,3.270050048828125
A1A2S6U22NP1FL:1:B00C6PYGJ8,A1A2S6U22NP1FL,head,2,2748,"0,14295,4232>2748",96,9+,3,1,,control,1.2645244598388672
A1A2S6U22NP1FL:1:B00C6PYGJ8,A1A2S6U22NP1FL,head,3,2774,"0,14295,4232,2748>2774",2,2,2,0,,ineligible,-0.49083614349365234
A1A2S6U22NP1FL:1:B00C6PYGJ8,A1A2S6U22NP1FL,head,4,19270,"0,14295,4232,2748,2774>19270",2,2,1,0,,ineligible,4.578848838806152
A1A4O0SX4EC3SD:2:B00292BX8U,A1A4O0SX4EC3SD,tail,0,25636,0>25636,30,9+,259,1,,control,-0.23166275024414062
A1A4O0SX4EC3SD:2:B00292BX8U,A1A4O0SX4EC3SD,tail,1,2480,"0,25636>2480",27,9+,11,1,,control,-0.5461711883544922
A1A4O0SX4EC3SD:2:B00292BX8U,A1A4O0SX4EC3SD,tail,2,26190,"0,25636,2480>26190",10,9+,1,0,,ineligible,-1.5943412780761719
A1A9PD00UVHHVI:6:B00CI6J3HA,A1A9PD00UVHHVI,head,0,5364,0>5364,30,9+,319,1,,control,-1.4231719970703125
A1A9PD00UVHHVI:6:B00CI6J3HA,A1A9PD00UVHHVI,head,1,2935,"0,5364>2935",25,9+,44,1,,control,2.0004138946533203
A1A9PD00UVHHVI:6:B00CI6J3HA,A1A9PD00UVHHVI,head,2,29072,"0,5364,2935>29072",34,9+,8,1,,control,0.05858612060546875
A1A9PD00UVHHVI:6:B00CI6J3HA,A1A9PD00UVHHVI,head,3,26320,"0,5364,2935,29072>26320",7,5-8,1,0,,ineligible,12.573740005493164
A1A9Q3CQA5Y28E:2:B00196VBGG,A1A9Q3CQA5Y28E,head,0,1871,0>1871,30,9+,482,1,,control,1.1972084045410156
A1A9Q3CQA5Y28E:2:B00196VBGG,A1A9Q3CQA5Y28E,head,1,9339,"0,1871>9339",29,9+,9,1,,control,-2.992919921875
A1A9Q3CQA5Y28E:2:B00196VBGG,A1A9Q3CQA5Y28E,head,2,9680,"0,1871,9339>9680",6,5-8,3,1,,control,1.8653316497802734
A1A9Q3CQA5Y28E:2:B00196VBGG,A1A9Q3CQA5Y28E,head,5,357,"0,1871,9339,9680,13814,83>357",3,3-4,1,0,,ineligible,0.4207611083984375
A1AIJFHWAGJKTB:2:B00146LV5C,A1AIJFHWAGJKTB,head,0,17582,0>17582,30,9+,408,1,,control,0.13897705078125
A1AIJFHWAGJKTB:2:B00146LV5C,A1AIJFHWAGJKTB,head,1,1228,"0,17582>1228",24,9+,90,1,,control,2.5661163330078125
A1AIJFHWAGJKTB:2:B00146LV5C,A1AIJFHWAGJKTB,head,2,30749,"0,17582,1228>30749",72,9+,1,0,,ineligible,1.4073562622070312
A1ANPNXBHL5UPO:1:B005KISKB8,A1ANPNXBHL5UPO,tail,0,740,0>740,30,9+,1209,1,,control,0.8714408874511719
A1ANPNXBHL5UPO:1:B005KISKB8,A1ANPNXBHL5UPO,tail,1,90,"0,740>90",53,9+,189,1,,control,1.7601814270019531
A1ANPNXBHL5UPO:1:B005KISKB8,A1ANPNXBHL5UPO,tail,2,6941,"0,740,90>6941",141,9+,1,0,,ineligible,-1.6723880767822266
A1B0EQM8VRH9Z1:1:B000ICZ8RK,A1B0EQM8VRH9Z1,tail,0,21677,0>21677,30,9+,202,1,,control,-4.184814453125
A1B0EQM8VRH9Z1:1:B000ICZ8RK,A1B0EQM8VRH9Z1,tail,1,1863,"0,21677>1863",25,9+,5,1,,control,-1.3084793090820312
A1B0EQM8VRH9Z1:1:B000ICZ8RK,A1B0EQM8VRH9Z1,tail,2,2002,"0,21677,1863>2002",5,5-8,1,0,,ineligible,3.8345603942871094
A1B0IBG97OITZZ:5:B006SLYAUQ,A1B0IBG97OITZZ,tail,0,2100,0>2100,30,9+,1270,1,,control,1.7251091003417969
A1B0IBG97OITZZ:5:B006SLYAUQ,A1B0IBG97OITZZ,tail,1,14588,"0,2100>14588",31,9+,8,2,0.004201412200927734,control,-5.5313262939453125
A1B0IBG97OITZZ:5:B006SLYAUQ,A1B0IBG97OITZZ,tail,2,6541,"0,2100,14588>6541",5,5-8,1,0,,ineligible,0.06421089172363281
A1B0N7WV5RR9VS:6:B000S17LA8,A1B0N7WV5RR9VS,head,0,14295,0>14295,30,9+,759,1,,control,-1.4088630676269531
A1B0N7WV5RR9VS:6:B000S17LA8,A1B0N7WV5RR9VS,head,1,1871,"0,14295>1871",44,9+,50,1,,control,0.7804489135742188
A1B0N7WV5RR9VS:6:B000S17LA8,A1B0N7WV5RR9VS,head,2,10795,"0,14295,1871>10795",42,9+,1,0,,ineligible,-0.9211521148681641
A1BAH8UZH8LMPF:5:B000GIL2DU,A1BAH8UZH8LMPF,head,0,2341,0>2341,30,9+,490,1,,control,-3.282482147216797
A1BAH8UZH8LMPF:5:B000GIL2DU,A1BAH8UZH8LMPF,head,1,6438,"0,2341>6438",23,9+,12,2,0.0027341842651367188,control,-1.6054878234863281
A1BAH8UZH8LMPF:5:B000GIL2DU,A1BAH8UZH8LMPF,head,2,21451,"0,2341,6438>21451",10,9+,2,0,,ineligible,0.10971260070800781
A1BAH8UZH8LMPF:5:B000GIL2DU,A1BAH8UZH8LMPF,head,4,3594,"0,2341,6438,21451,6801>3594",2,2,1,0,,ineligible,4.870765686035156
A1BBTT62SBJFI:2:B000TQ4UU6,A1BBTT62SBJFI,tail,0,467,0>467,30,9+,1159,1,,control,3.8989715576171875
A1BBTT62SBJFI:2:B000TQ4UU6,A1BBTT62SBJFI,tail,1,895,"0,467>895",24,9+,195,1,,control,-0.5595779418945312
A1BBTT62SBJFI:2:B000TQ4UU6,A1BBTT62SBJFI,tail,2,2190,"0,467,895>2190",74,9+,51,1,,control,0.6074752807617188
A1BBTT62SBJFI:2:B000TQ4UU6,A1BBTT62SBJFI,tail,3,25976,"0,467,895,2190>25976",49,9+,1,0,,ineligible,0.24855327606201172
A1BICZPS3Q5B7U:4:B0043BYOO0,A1BICZPS3Q5B7U,head,0,5364,0>5364,30,9+,319,1,,control,-0.5286369323730469
A1BICZPS3Q5B7U:4:B0043BYOO0,A1BICZPS3Q5B7U,head,1,29072,"0,5364>29072",25,9+,24,1,,control,0.6867237091064453
A1BICZPS3Q5B7U:4:B0043BYOO0,A1BICZPS3Q5B7U,head,2,23835,"0,5364,29072>23835",18,9+,3,1,,control,0.26387786865234375
A1BICZPS3Q5B7U:4:B0043BYOO0,A1BICZPS3Q5B7U,head,3,2267,"0,5364,29072,23835>2267",3,3-4,1,0,,ineligible,3.0028438568115234
A1BOJ3936IE1E0:6:B00006FDLT,A1BOJ3936IE1E0,tail,0,14527,0>14527,30,9+,388,1,,control,2.195362091064453
A1BOJ3936IE1E0:6:B00006FDLT,A1BOJ3936IE1E0,tail,1,5612,"0,14527>5612",19,9+,51,1,,control,0.8789596557617188
A1BOJ3936IE1E0:6:B00006FDLT,A1BOJ3936IE1E0,tail,2,28207,"0,14527,5612>28207",35,9+,1,0,,ineligible,-2.2470951080322266
A1BPPZINVQ2CE6:4:B007Q72ZA8,A1BPPZINVQ2CE6,tail,0,740,0>740,30,9+,1209,1,,control,-1.5140609741210938
A1BPPZINVQ2CE6:4:B007Q72ZA8,A1BPPZINVQ2CE6,tail,1,9931,"0,740>9931",53,9+,49,1,,control,-1.0367202758789062
A1BPPZINVQ2CE6:4:B007Q72ZA8,A1BPPZINVQ2CE6,tail,2,6358,"0,740,9931>6358",44,9+,1,0,,ineligible,-2.204111099243164
A1BTNPMESS99PL:2:B00421AGJI,A1BTNPMESS99PL,head,0,467,0>467,30,9+,1159,1,,control,-0.5073432922363281
A1BTNPMESS99PL:2:B00421AGJI,A1BTNPMESS99PL,head,1,1476,"0,467>1476",24,9+,556,1,,control,1.8677902221679688
A1BTNPMESS99PL:2:B00421AGJI,A1BTNPMESS99PL,head,2,1806,"0,467,1476>1806",186,9+,1,0,,ineligible,-1.9783782958984375
A1BYJHK7RB7N7C:3:B00000DMDN,A1BYJHK7RB7N7C,tail,0,467,0>467,30,9+,1159,1,,control,-1.3145904541015625
A1BYJHK7RB7N7C:3:B00000DMDN,A1BYJHK7RB7N7C,tail,1,8150,"0,467>8150",24,9+,33,1,,control,-0.02327728271484375
A1BYJHK7RB7N7C:3:B00000DMDN,A1BYJHK7RB7N7C,tail,2,12022,"0,467,8150>12022",29,9+,1,0,,ineligible,-1.3220024108886719
A1C02Z83O2MJHO:9:1564518531,A1C02Z83O2MJHO,tail,0,740,0>740,30,9+,1209,1,,control,-1.1001319885253906
A1C02Z83O2MJHO:9:1564518531,A1C02Z83O2MJHO,tail,1,459,"0,740>459",53,9+,17,1,,control,-1.2170829772949219
A1C02Z83O2MJHO:9:1564518531,A1C02Z83O2MJHO,tail,2,6310,"0,740,459>6310",15,9+,1,0,,ineligible,0.5613384246826172
A1C157FRUD6JXH:4:B002WDKA6W,A1C157FRUD6JXH,tail,0,467,0>467,30,9+,1159,1,,control,7.758594512939453
A1C157FRUD6JXH:4:B002WDKA6W,A1C157FRUD6JXH,tail,1,1476,"0,467>1476",24,9+,556,1,,control,2.9316654205322266
A1C157FRUD6JXH:4:B002WDKA6W,A1C157FRUD6JXH,tail,2,422,"0,467,1476>422",186,9+,7,1,,control,6.021965026855469
A1C157FRUD6JXH:4:B002WDKA6W,A1C157FRUD6JXH,tail,3,4243,"0,467,1476,422>4243",7,5-8,1,0,,ineligible,7.68878698348999
A1C21QBAZ1W4Z2:2:B006CDBK30,A1C21QBAZ1W4Z2,head,0,1041,0>1041,30,9+,628,1,,control,-2.238666534423828
A1C21QBAZ1W4Z2:2:B006CDBK30,A1C21QBAZ1W4Z2,head,1,15886,"0,1041>15886",27,9+,26,1,,control,2.628154754638672
A1C21QBAZ1W4Z2:2:B006CDBK30,A1C21QBAZ1W4Z2,head,2,19758,"0,1041,15886>19758",22,9+,1,0,,ineligible,4.614406585693359
A1C9RXXYKVZD0Q:1:B000197NXM,A1C9RXXYKVZD0Q,head,0,2100,0>2100,30,9+,1270,1,,control,-0.5612030029296875
A1C9RXXYKVZD0Q:1:B000197NXM,A1C9RXXYKVZD0Q,head,1,11144,"0,2100>11144",31,9+,25,2,0.011710703372955322,control,-2.335651397705078
A1C9RXXYKVZD0Q:1:B000197NXM,A1C9RXXYKVZD0Q,head,2,7424,"0,2100,11144>7424",19,9+,5,1,,control,1.9756698608398438
A1C9RXXYKVZD0Q:1:B000197NXM,A1C9RXXYKVZD0Q,head,4,1437,"0,2100,11144,7424,14916>1437",4,3-4,1,0,,ineligible,1.513998031616211
A1CIW2OEVAJRM2:24:B007515EVC,A1CIW2OEVAJRM2,tail,0,467,0>467,30,9+,1159,1,,control,6.9031829833984375
A1CIW2OEVAJRM2:24:B007515EVC,A1CIW2OEVAJRM2,tail,1,1476,"0,467>1476",24,9+,556,1,,control,2.3222885131835938
A1CIW2OEVAJRM2:24:B007515EVC,A1CIW2OEVAJRM2,tail,2,12293,"0,467,1476>12293",186,9+,5,1,,control,2.5432090759277344
A1CIW2OEVAJRM2:24:B007515EVC,A1CIW2OEVAJRM2,tail,3,7396,"0,467,1476,12293>7396",5,5-8,1,0,,ineligible,0.7006034851074219
A1CKCGZIHFBUR1:4:B0012534TG,A1CKCGZIHFBUR1,tail,0,21677,0>21677,30,9+,202,1,,control,-2.5079421997070312
A1CKCGZIHFBUR1:4:B0012534TG,A1CKCGZIHFBUR1,tail,1,929,"0,21677>929",25,9+,14,1,,control,0.5811328887939453
A1CKCGZIHFBUR1:4:B0012534TG,A1CKCGZIHFBUR1,tail,2,22215,"0,21677,929>22215",14,9+,1,0,,ineligible,1.3564910888671875
A1CKQTCEX5LMGD:1:B007Y9N5P2,A1CKQTCEX5LMGD,tail,0,2341,0>2341,30,9+,490,1,,control,0.2874183654785156
A1CKQTCEX5LMGD:1:B007Y9N5P2,A1CKQTCEX5LMGD,tail,1,19239,"0,2341>19239",23,9+,18,2,0.005622267723083496,control,-3.215129852294922
A1CKQTCEX5LMGD:1:B007Y9N5P2,A1CKQTCEX5LMGD,tail,2,14517,"0,2341,19239>14517",13,9+,1,0,,ineligible,-5.470426559448242
A1CNI382AJ17T5:3:B001BKX0V4,A1CNI382AJ17T5,head,0,25636,0>25636,30,9+,259,1,,control,-0.6750106811523438
A1CNI382AJ17T5:3:B001BKX0V4,A1CNI382AJ17T5,head,1,2100,"0,25636>2100",27,9+,11,1,,control,-1.2768688201904297
A1CNI382AJ17T5:3:B001BKX0V4,A1CNI382AJ17T5,head,2,8498,"0,25636,2100>8498",7,5-8,4,1,,control,0.973175048828125
A1CNI382AJ17T5:3:B001BKX0V4,A1CNI382AJ17T5,head,3,9022,"0,25636,2100,8498>9022",4,3-4,1,0,,ineligible,3.0203933715820312
A1CRT2UI0YIOQN:3:B0006NDB6Q,A1CRT2UI0YIOQN,tail,0,25636,0>25636,30,9+,259,1,,control,-1.453216552734375
A1CRT2UI0YIOQN:3:B0006NDB6Q,A1CRT2UI0YIOQN,tail,1,2252,"0,25636>2252",27,9+,16,1,,control,0.25251197814941406
A1CRT2UI0YIOQN:3:B0006NDB6Q,A1CRT2UI0YIOQN,tail,2,3971,"0,25636,2252>3971",15,9+,1,0,,ineligible,-0.7640132904052734
A1D0JBY09NI198:1:B0030HBVG2,A1D0JBY09NI198,head,0,17582,0>17582,30,9+,408,1,,control,1.1575279235839844
A1D0JBY09NI198:1:B0030HBVG2,A1D0JBY09NI198,head,1,1228,"0,17582>1228",24,9+,90,1,,control,2.8621368408203125
A1D0JBY09NI198:1:B0030HBVG2,A1D0JBY09NI198,head,2,5917,"0,17582,1228>5917",72,9+,3,1,,control,0.2461719512939453
A1D0JBY09NI198:1:B0030HBVG2,A1D0JBY09NI198,head,3,11303,"0,17582,1228,5917>11303",2,2,1,0,,ineligible,1.633798599243164
A1D2Q0ZNMIGKD5:1:B0083TXXO0,A1D2Q0ZNMIGKD5,tail,0,467,0>467,30,9+,1159,1,,control,-0.4882164001464844
A1D2Q0ZNMIGKD5:1:B0083TXXO0,A1D2Q0ZNMIGKD5,tail,1,1476,"0,467>1476",24,9+,556,1,,control,0.12295150756835938
A1D2Q0ZNMIGKD5:1:B0083TXXO0,A1D2Q0ZNMIGKD5,tail,2,9135,"0,467,1476>9135",186,9+,9,1,,control,-2.4858016967773438
A1D2Q0ZNMIGKD5:1:B0083TXXO0,A1D2Q0ZNMIGKD5,tail,3,2595,"0,467,1476,9135>2595",8,5-8,2,0,,ineligible,0.22314071655273438
A1D2Q0ZNMIGKD5:1:B0083TXXO0,A1D2Q0ZNMIGKD5,tail,4,6883,"0,467,1476,9135,2595>6883",2,2,1,0,,ineligible,13.174094200134277
A1D8S5X2YNCMUQ:6:B004FJL5WE,A1D8S5X2YNCMUQ,tail,0,1041,0>1041,30,9+,628,1,,control,-3.3410110473632812
A1D8S5X2YNCMUQ:6:B004FJL5WE,A1D8S5X2YNCMUQ,tail,1,5638,"0,1041>5638",27,9+,104,1,,control,1.9358978271484375
A1D8S5X2YNCMUQ:6:B004FJL5WE,A1D8S5X2YNCMUQ,tail,2,9660,"0,1041,5638>9660",63,9+,2,0,,ineligible,-0.4316577911376953
A1D8S5X2YNCMUQ:6:B004FJL5WE,A1D8S5X2YNCMUQ,tail,5,632,"0,1041,5638,9660,2342,31193>632",2,2,1,0,,ineligible,0.02718830108642578
A1DD9MSMEKYOVW:89:B003COZJXO,A1DD9MSMEKYOVW,tail,0,740,0>740,30,9+,1209,1,,control,-0.9359207153320312
A1DD9MSMEKYOVW:89:B003COZJXO,A1DD9MSMEKYOVW,tail,1,515,"0,740>515",53,9+,18,2,0.00570368766784668,control,-1.311553955078125
A1DD9MSMEKYOVW:89:B003COZJXO,A1DD9MSMEKYOVW,tail,2,1475,"0,740,515>1475",11,9+,7,1,,control,1.6263999938964844
A1DD9MSMEKYOVW:89:B003COZJXO,A1DD9MSMEKYOVW,tail,3,2077,"0,740,515,1475>2077",5,5-8,3,1,,control,5.384521484375
A1DD9MSMEKYOVW:89:B003COZJXO,A1DD9MSMEKYOVW,tail,4,757,"0,740,515,1475,2077>757",3,3-4,1,0,,ineligible,1.2803840637207031
A1DE59A1A0802B:6:B00408K8P0,A1DE59A1A0802B,tail,0,2412,0>2412,30,9+,354,1,,control,-5.325611114501953
A1DE59A1A0802B:6:B00408K8P0,A1DE59A1A0802B,tail,1,23585,"0,2412>23585",20,9+,6,1,,control,1.1889305114746094
A1DE59A1A0802B:6:B00408K8P0,A1DE59A1A0802B,tail,2,8910,"0,2412,23585>8910",6,5-8,1,0,,ineligible,0.10788977146148682
A1DNWA98IV5PMW:8:B00083HKHK,A1DNWA98IV5PMW,tail,0,17582,0>17582,30,9+,408,1,,control,-2.4657516479492188
A1DNWA98IV5PMW:8:B00083HKHK,A1DNWA98IV5PMW,tail,1,6903,"0,17582>6903",24,9+,13,1,,control,-0.12226486206054688
A1DNWA98IV5PMW:8:B00083HKHK,A1DNWA98IV5PMW,tail,2,6599,"0,17582,6903>6599",13,9+,1,0,,ineligible,-0.2041168212890625
A1DNXL8BIR5R8R:2:B004SGHLXQ,A1DNXL8BIR5R8R,head,0,1041,0>1041,30,9+,628,1,,control,-2.3540611267089844
A1DNXL8BIR5R8R:2:B004SGHLXQ,A1DNXL8BIR5R8R,head,1,615,"0,1041>615",27,9+,43,2,0.009608328342437744,control,-1.6196975708007812
A1DNXL8BIR5R8R:2:B004SGHLXQ,A1DNXL8BIR5R8R,head,2,18691,"0,1041,615>18691",23,9+,1,0,,ineligible,4.993284225463867
A1DNYGN6CYWJKZ:2:B009T45XN2,A1DNYGN6CYWJKZ,head,0,2100,0>2100,30,9+,1270,1,,control,5.2514801025390625
A1DNYGN6CYWJKZ:2:B009T45XN2,A1DNYGN6CYWJKZ,head,1,11925,"0,2100>11925",31,9+,96,1,,control,1.737274169921875
A1DNYGN6CYWJKZ:2:B009T45XN2,A1DNYGN6CYWJKZ,head,2,12496,"0,2100,11925>12496",53,9+,7,1,,control,3.5851173400878906
A1DNYGN6CYWJKZ:2:B009T45XN2,A1DNYGN6CYWJKZ,head,3,8678,"0,2100,11925,12496>8678",7,5-8,1,0,,ineligible,2.2634639739990234
A1DYFG9VS1RLX8:4:B0037Z8DEK,A1DYFG9VS1RLX8,head,0,740,0>740,30,9+,1209,1,,control,-1.46728515625
A1DYFG9VS1RLX8:4:B0037Z8DEK,A1DYFG9VS1RLX8,head,1,10224,"0,740>10224",53,9+,51,2,0.003073394298553467,control,0.7846450805664062
A1DYFG9VS1RLX8:4:B0037Z8DEK,A1DYFG9VS1RLX8,head,2,3034,"0,740,10224>3034",44,9+,1,0,,ineligible,2.7635555267333984
A1DZWRVEPMW1UI:4:B005GTJ0L0,A1DZWRVEPMW1UI,tail,0,17582,0>17582,30,9+,408,1,,control,-2.0057640075683594
A1DZWRVEPMW1UI:4:B005GTJ0L0,A1DZWRVEPMW1UI,tail,1,1464,"0,17582>1464",24,9+,25,1,,control,-0.9131393432617188
A1DZWRVEPMW1UI:4:B005GTJ0L0,A1DZWRVEPMW1UI,tail,2,13739,"0,17582,1464>13739",14,9+,3,1,,control,2.3645553588867188
A1DZWRVEPMW1UI:4:B005GTJ0L0,A1DZWRVEPMW1UI,tail,4,17572,"0,17582,1464,13739,11178>17572",2,2,1,0,,ineligible,-0.3371000289916992
A1E1LEVQ9VQNK:7:B00ARQW1C2,A1E1LEVQ9VQNK,head,0,3127,0>3127,30,9+,700,1,,control,-3.1063461303710938
A1E1LEVQ9VQNK:7:B00ARQW1C2,A1E1LEVQ9VQNK,head,1,1394,"0,3127>1394",21,9+,44,2,0.0027943849563598633,control,-1.3018207550048828
A1E1LEVQ9VQNK:7:B00ARQW1C2,A1E1LEVQ9VQNK,head,2,31081,"0,3127,1394>31081",29,9+,1,0,,ineligible,3.3477859497070312
A1E6IYIZ7BN9KC:2:0976990709,A1E6IYIZ7BN9KC,head,0,2100,0>2100,30,9+,1270,1,,control,-0.9692420959472656
A1E6IYIZ7BN9KC:2:0976990709,A1E6IYIZ7BN9KC,head,1,1088,"0,2100>1088",31,9+,214,5,0.0044814348220825195,control,-0.699066162109375
A1E6IYIZ7BN9KC:2:0976990709,A1E6IYIZ7BN9KC,head,2,10386,"0,2100,1088>10386",28,9+,4,1,,control,1.5734119415283203
A1E6IYIZ7BN9KC:2:0976990709,A1E6IYIZ7BN9KC,head,3,23997,"0,2100,1088,10386>23997",3,3-4,1,0,,ineligible,0.8969898223876953
A1EE6LQS3OPY6R:2:B000EMJALE,A1EE6LQS3OPY6R,tail,0,467,0>467,30,9+,1159,1,,control,2.8208084106445312
A1EE6LQS3OPY6R:2:B000EMJALE,A1EE6LQS3OPY6R,tail,1,3392,"0,467>3392",24,9+,15,1,,control,-4.038200378417969
A1EE6LQS3OPY6R:2:B000EMJALE,A1EE6LQS3OPY6R,tail,2,6667,"0,467,3392>6667",10,9+,2,0,,ineligible,0.3053436279296875
A1EE6LQS3OPY6R:2:B000EMJALE,A1EE6LQS3OPY6R,tail,3,727,"0,467,3392,6667>727",2,2,1,0,,ineligible,-0.16654014587402344
A1ETRKZZ9CYLOT:2:B00006JBKT,A1ETRKZZ9CYLOT,head,0,740,0>740,30,9+,1209,1,,control,-0.27829742431640625
A1ETRKZZ9CYLOT:2:B00006JBKT,A1ETRKZZ9CYLOT,head,1,459,"0,740>459",53,9+,17,1,,control,0.6513710021972656
A1ETRKZZ9CYLOT:2:B00006JBKT,A1ETRKZZ9CYLOT,head,2,18148,"0,740,459>18148",15,9+,1,0,,ineligible,0.5064411163330078
A1EWN05O1U1NTA:6:B000M5J7W0,A1EWN05O1U1NTA,head,0,2341,0>2341,30,9+,490,1,,control,1.0792922973632812
A1EWN05O1U1NTA:6:B000M5J7W0,A1EWN05O1U1NTA,head,1,2383,"0,2341>2383",23,9+,12,3,0.0061629414558410645,control,1.3451347351074219
A1EWN05O1U1NTA:6:B000M5J7W0,A1EWN05O1U1NTA,head,2,23159,"0,2341,2383>23159",9,9+,3,1,,control,3.29103946685791
A1EWN05O1U1NTA:6:B000M5J7W0,A1EWN05O1U1NTA,head,3,13338,"0,2341,2383,23159>13338",3,3-4,1,0,,ineligible,3.7132129669189453
A1EX0YTKH4BEZK:1:B00DGCGZCG,A1EX0YTKH4BEZK,tail,0,14351,0>14351,30,9+,196,1,,control,4.526466369628906
A1EX0YTKH4BEZK:1:B00DGCGZCG,A1EX0YTKH4BEZK,tail,1,16744,"0,14351>16744",25,9+,12,1,,control,2.995166778564453
A1EX0YTKH4BEZK:1:B00DGCGZCG,A1EX0YTKH4BEZK,tail,2,2113,"0,14351,16744>2113",4,3-4,2,0,,ineligible,-1.6057415008544922
A1EX0YTKH4BEZK:1:B00DGCGZCG,A1EX0YTKH4BEZK,tail,4,14034,"0,14351,16744,2113,21567>14034",2,2,1,0,,ineligible,5.377603530883789
A1FDRF4X6XK7YB:6:B00CHWZ47S,A1FDRF4X6XK7YB,tail,0,14295,0>14295,30,9+,759,1,,control,0.1247100830078125
A1FDRF4X6XK7YB:6:B00CHWZ47S,A1FDRF4X6XK7YB,tail,1,10211,"0,14295>10211",44,9+,75,2,0.009794771671295166,control,2.6016578674316406
A1FDRF4X6XK7YB:6:B00CHWZ47S,A1FDRF4X6XK7YB,tail,2,12679,"0,14295,10211>12679",54,9+,2,0,,ineligible,10.1912841796875
A1FDRF4X6XK7YB:6:B00CHWZ47S,A1FDRF4X6XK7YB,tail,5,632,"0,14295,10211,12679,6073,3724>632",2,2,1,0,,ineligible,8.227754592895508
A1FK14ZCV3B1RA:6:B00160HTYI,A1FK14ZCV3B1RA,head,0,17582,0>17582,30,9+,408,1,,control,-2.2412681579589844
A1FK14ZCV3B1RA:6:B00160HTYI,A1FK14ZCV3B1RA,head,1,4340,"0,17582>4340",24,9+,13,1,,control,-2.3231048583984375
A1FK14ZCV3B1RA:6:B00160HTYI,A1FK14ZCV3B1RA,head,2,25466,"0,17582,4340>25466",13,9+,1,0,,ineligible,1.9798593521118164
A1FN9LO33IV3F2:1:B000ELV3ZG,A1FN9LO33IV3F2,head,0,467,0>467,30,9+,1159,1,,control,-2.0079193115234375
A1FN9LO33IV3F2:1:B000ELV3ZG,A1FN9LO33IV3F2,head,1,8150,"0,467>8150",24,9+,33,1,,control,-1.0637474060058594
A1FN9LO33IV3F2:1:B000ELV3ZG,A1FN9LO33IV3F2,head,2,26750,"0,467,8150>26750",29,9+,1,0,,ineligible,-1.0545368194580078
A1FQNNX80WYWKR:68:B002S52W9M,A1FQNNX80WYWKR,tail,0,2412,0>2412,30,9+,354,1,,control,-3.5966949462890625
A1FQNNX80WYWKR:68:B002S52W9M,A1FQNNX80WYWKR,tail,1,2754,"0,2412>2754",20,9+,90,1,,control,1.8461456298828125
A1FQNNX80WYWKR:68:B002S52W9M,A1FQNNX80WYWKR,tail,2,659,"0,2412,2754>659",72,9+,1,0,,ineligible,-1.091928482055664
A1FUC0J2RGHTQ1:2:B008B68IV8,A1FUC0J2RGHTQ1,head,0,11604,0>11604,30,9+,220,1,,control,4.482547760009766
A1FUC0J2RGHTQ1:2:B008B68IV8,A1FUC0J2RGHTQ1,head,1,9492,"0,11604>9492",29,9+,23,1,,control,-3.6544151306152344
A1FUC0J2RGHTQ1:2:B008B68IV8,A1FUC0J2RGHTQ1,head,2,7979,"0,11604,9492>7979",19,9+,1,0,,ineligible,2.7174530029296875
A1FVD7AOS18DW4:3:B001TJ8ITQ,A1FVD7AOS18DW4,head,0,740,0>740,30,9+,1209,1,,control,1.9296035766601562
A1FVD7AOS18DW4:3:B001TJ8ITQ,A1FVD7AOS18DW4,head,1,10224,"0,740>10224",53,9+,51,2,0.003073394298553467,control,-0.6492156982421875
A1FVD7AOS18DW4:3:B001TJ8ITQ,A1FVD7AOS18DW4,head,2,5095,"0,740,10224>5095",44,9+,2,0,,ineligible,0.2258129119873047
A1FVD7AOS18DW4:3:B001TJ8ITQ,A1FVD7AOS18DW4,head,3,13814,"0,740,10224,5095>13814",2,2,1,0,,ineligible,3.5750346183776855
A1G836QEJX40XL:2:B000CBWVE0,A1G836QEJX40XL,tail,0,5364,0>5364,30,9+,319,1,,control,-1.5419273376464844
A1G836QEJX40XL:2:B000CBWVE0,A1G836QEJX40XL,tail,1,2383,"0,5364>2383",25,9+,24,3,0.004454553127288818,control,-0.21453857421875
A1G836QEJX40XL:2:B000CBWVE0,A1G836QEJX40XL,tail,2,23159,"0,5364,2383>23159",16,9+,1,0,,ineligible,-3.6881790161132812
A1G8Z3K7X2VO2X:2:B001JTE2KU,A1G8Z3K7X2VO2X,tail,0,387,0>387,30,9+,234,1,,control,-2.027416229248047
A1G8Z3K7X2VO2X:2:B001JTE2KU,A1G8Z3K7X2VO2X,tail,1,1147,"0,387>1147",24,9+,13,2,0.0035620927810668945,control,1.1211509704589844
A1G8Z3K7X2VO2X:2:B001JTE2KU,A1G8Z3K7X2VO2X,tail,2,4667,"0,387,1147>4667",11,9+,1,0,,ineligible,-2.5817184448242188
A1GCFTFXELCHRP:6:B004NSUIJ8,A1GCFTFXELCHRP,tail,0,16352,0>16352,30,9+,180,1,,control,3.722545623779297
A1GCFTFXELCHRP:6:B004NSUIJ8,A1GCFTFXELCHRP,tail,1,4245,"0,16352>4245",25,9+,35,1,,control,1.1436614990234375
A1GCFTFXELCHRP:6:B004NSUIJ8,A1GCFTFXELCHRP,tail,2,14400,"0,16352,4245>14400",25,9+,1,0,,ineligible,-0.9328289031982422
A1GFEOPOV6ALCR:2:B0000A1Z3X,A1GFEOPOV6ALCR,head,0,1871,0>1871,30,9+,482,1,,control,0.14477920532226562
A1GFEOPOV6ALCR:2:B0000A1Z3X,A1GFEOPOV6ALCR,head,1,11607,"0,1871>11607",29,9+,31,3,0.004216253757476807,control,-1.7071189880371094
A1GFEOPOV6ALCR:2:B0000A1Z3X,A1GFEOPOV6ALCR,head,2,702,"0,1871,11607>702",30,9+,1,0,,ineligible,-3.720391273498535
A1GKSZ8I34QITO:4:B00804BDE0,A1GKSZ8I34QITO,head,0,4183,0>4183,30,9+,157,1,,control,-2.5273284912109375
A1GKSZ8I34QITO:4:B00804BDE0,A1GKSZ8I34QITO,head,1,8355,"0,4183>8355",22,9+,26,1,,control,-1.880971908569336
A1GKSZ8I34QITO:4:B00804BDE0,A1GKSZ8I34QITO,head,2,3180,"0,4183,8355>3180",20,9+,1,0,,ineligible,0.15600204467773438
A1H4IG6PK1O1MO:12:B001KY8836,A1H4IG6PK1O1MO,tail,0,467,0>467,30,9+,1159,1,,control,3.360637664794922
A1H4IG6PK1O1MO:12:B001KY8836,A1H4IG6PK1O1MO,tail,1,17996,"0,467>17996",24,9+,15,1,,control,-4.373983383178711
A1H4IG6PK1O1MO:12:B001KY8836,A1H4IG6PK1O1MO,tail,2,13133,"0,467,17996>13133",11,9+,2,0,,ineligible,5.144906997680664
A1H4IG6PK1O1MO:12:B001KY8836,A1H4IG6PK1O1MO,tail,3,8882,"0,467,17996,13133>8882",2,2,1,0,,ineligible,0.764348030090332
A1H573ZKQAX3GL:2:B0036RNWTA,A1H573ZKQAX3GL,tail,0,2100,0>2100,30,9+,1270,1,,control,-0.7414970397949219
A1H573ZKQAX3GL:2:B0036RNWTA,A1H573ZKQAX3GL,tail,1,1073,"0,2100>1073",31,9+,199,1,,control,0.4609222412109375
A1H573ZKQAX3GL:2:B0036RNWTA,A1H573ZKQAX3GL,tail,2,346,"0,2100,1073>346",31,9+,7,3,0.008588433265686035,control,-1.1610145568847656
A1H573ZKQAX3GL:2:B0036RNWTA,A1H573ZKQAX3GL,tail,3,12194,"0,2100,1073,346>12194",7,5-8,1,0,,ineligible,2.0699844360351562
A1H6MJI466CHKL:1:B004A8ZRBA,A1H6MJI466CHKL,head,0,16352,0>16352,30,9+,180,1,,control,0.7067184448242188
A1H6MJI466CHKL:1:B004A8ZRBA,A1H6MJI466CHKL,head,1,4245,"0,16352>4245",25,9+,35,1,,control,1.4646568298339844
A1H6MJI466CHKL:1:B004A8ZRBA,A1H6MJI466CHKL,head,2,18057,"0,16352,4245>18057",25,9+,8,1,,control,1.2303085327148438
A1H6MJI466CHKL:1:B004A8ZRBA,A1H6MJI466CHKL,head,3,17924,"0,16352,4245,18057>17924",4,3-4,2,0,,ineligible,2.552042007446289
A1H6MJI466CHKL:1:B004A8ZRBA,A1H6MJI466CHKL,head,5,632,"0,16352,4245,18057,17924,5014>632",2,2,1,0,,ineligible,1.9257097244262695
A1HH4USWDO09IP:5:B00DPK120O,A1HH4USWDO09IP,head,0,16352,0>16352,30,9+,180,1,,control,4.645355224609375
A1HH4USWDO09IP:5:B00DPK120O,A1HH4USWDO09IP,head,1,4928,"0,16352>4928",25,9+,3,1,,control,-1.8264045715332031
A1HH4USWDO09IP:5:B00DPK120O,A1HH4USWDO09IP,head,2,24063,"0,16352,4928>24063",3,3-4,1,0,,ineligible,3.0154037475585938
A1HHZ17PGIMHCG:1:B00AMOK7XY,A1HHZ17PGIMHCG,tail,0,16352,0>16352,30,9+,180,1,,control,3.1694717407226562
A1HHZ17PGIMHCG:1:B00AMOK7XY,A1HHZ17PGIMHCG,tail,1,3322,"0,16352>3322",25,9+,4,1,,control,-2.277322769165039
A1HHZ17PGIMHCG:1:B00AMOK7XY,A1HHZ17PGIMHCG,tail,2,10845,"0,16352,3322>10845",4,3-4,1,0,,ineligible,4.701684951782227
A1HIFXTGJ9WLRQ:2:B004SCELN8,A1HIFXTGJ9WLRQ,tail,0,2100,0>2100,30,9+,1270,1,,control,-0.14373397827148438
A1HIFXTGJ9WLRQ:2:B004SCELN8,A1HIFXTGJ9WLRQ,tail,1,28793,"0,2100>28793",31,9+,20,2,0.004770994186401367,control,-2.6050682067871094
A1HIFXTGJ9WLRQ:2:B004SCELN8,A1HIFXTGJ9WLRQ,tail,2,13710,"0,2100,28793>13710",19,9+,1,0,,ineligible,-0.5199432373046875
A1HO0SKOCPX5OE:25:B004P95A0C,A1HO0SKOCPX5OE,tail,0,740,0>740,30,9+,1209,1,,control,4.181632995605469
A1HO0SKOCPX5OE:25:B004P95A0C,A1HO0SKOCPX5OE,tail,1,690,"0,740>690",53,9+,50,1,,control,0.5952720642089844
A1HO0SKOCPX5OE:25:B004P95A0C,A1HO0SKOCPX5OE,tail,2,16584,"0,740,690>16584",28,9+,2,0,,ineligible,5.4069108963012695
A1HO0SKOCPX5OE:25:B004P95A0C,A1HO0SKOCPX5OE,tail,3,22006,"0,740,690,16584>22006",2,2,1,0,,ineligible,-0.9920835494995117
A1HVRGC4PC700B:1:B004TBN4AE,A1HVRGC4PC700B,tail,0,2100,0>2100,30,9+,1270,1,,control,-0.07369613647460938
A1HVRGC4PC700B:1:B004TBN4AE,A1HVRGC4PC700B,tail,1,659,"0,2100>659",31,9+,52,1,,control,-1.0229988098144531
A1HVRGC4PC700B:1:B004TBN4AE,A1HVRGC4PC700B,tail,2,27331,"0,2100,659>27331",31,9+,1,0,,ineligible,-0.13483428955078125
A1HYARAPF3E1GF:4:B008A078Z2,A1HYARAPF3E1GF,tail,0,740,0>740,30,9+,1209,1,,control,0.8456077575683594
A1HYARAPF3E1GF:4:B008A078Z2,A1HYARAPF3E1GF,tail,1,6396,"0,740>6396",53,9+,18,1,,control,3.9408607482910156
A1HYARAPF3E1GF:4:B008A078Z2,A1HYARAPF3E1GF,tail,2,19938,"0,740,6396>19938",9,9+,3,1,,control,8.446660995483398
A1HYARAPF3E1GF:4:B008A078Z2,A1HYARAPF3E1GF,tail,3,20885,"0,740,6396,19938>20885",3,3-4,1,0,,ineligible,14.039692878723145
A1I7X9OCFFF5M9:5:B000283X3G,A1I7X9OCFFF5M9,tail,0,17582,0>17582,30,9+,408,1,,control,-2.4344749450683594
A1I7X9OCFFF5M9:5:B000283X3G,A1I7X9OCFFF5M9,tail,1,1228,"0,17582>1228",24,9+,90,1,,control,0.9499588012695312
A1I7X9OCFFF5M9:5:B000283X3G,A1I7X9OCFFF5M9,tail,2,2131,"0,17582,1228>2131",72,9+,1,0,,ineligible,-2.3346548080444336
A1IBKN1GXYJ3K4:22:B00CDGA69Y,A1IBKN1GXYJ3K4,head,0,3186,0>3186,30,9+,268,1,,control,-1.9343948364257812
A1IBKN1GXYJ3K4:22:B00CDGA69Y,A1IBKN1GXYJ3K4,head,1,8745,"0,3186>8745",21,9+,5,1,,control,1.28546142578125
A1IBKN1GXYJ3K4:22:B00CDGA69Y,A1IBKN1GXYJ3K4,head,2,7446,"0,3186,8745>7446",2,2,4,1,,control,11.664395332336426
A1IBKN1GXYJ3K4:22:B00CDGA69Y,A1IBKN1GXYJ3K4,head,3,5711,"0,3186,8745,7446>5711",4,3-4,1,0,,ineligible,11.199150085449219
A1IKU3OV2ZG87I:3:B008FSCGFQ,A1IKU3OV2ZG87I,tail,0,11604,0>11604,30,9+,220,1,,control,-4.54107666015625
A1IKU3OV2ZG87I:3:B008FSCGFQ,A1IKU3OV2ZG87I,tail,1,4439,"0,11604>4439",29,9+,11,2,0.018763422966003418,control,-0.47731781005859375
A1IKU3OV2ZG87I:3:B008FSCGFQ,A1IKU3OV2ZG87I,tail,2,4008,"0,11604,4439>4008",11,9+,1,0,,ineligible,-0.8379001617431641
A1IPYRC4O5ZTRH:2:B004NSUIK2,A1IPYRC4O5ZTRH,tail,0,16352,0>16352,30,9+,180,1,,control,5.486640930175781
A1IPYRC4O5ZTRH:2:B004NSUIK2,A1IPYRC4O5ZTRH,tail,1,6442,"0,16352>6442",25,9+,16,1,,control,-0.01831817626953125
A1IPYRC4O5ZTRH:2:B004NSUIK2,A1IPYRC4O5ZTRH,tail,2,22563,"0,16352,6442>22563",14,9+,2,0,,ineligible,-0.8763618469238281
A1IPYRC4O5ZTRH:2:B004NSUIK2,A1IPYRC4O5ZTRH,tail,4,4305,"0,16352,6442,22563,1436>4305",2,2,1,0,,ineligible,4.614480972290039
A1IWAEUWZBKIU5:2:B0009XBY30,A1IWAEUWZBKIU5,head,0,467,0>467,30,9+,1159,1,,control,2.037189483642578
A1IWAEUWZBKIU5:2:B0009XBY30,A1IWAEUWZBKIU5,head,1,895,"0,467>895",24,9+,195,1,,control,-0.8077316284179688
A1IWAEUWZBKIU5:2:B0009XBY30,A1IWAEUWZBKIU5,head,2,5348,"0,467,895>5348",74,9+,3,1,,control,-3.247323989868164
A1IWAEUWZBKIU5:2:B0009XBY30,A1IWAEUWZBKIU5,head,3,4752,"0,467,895,5348>4752",2,2,1,0,,ineligible,3.781039237976074
A1J6DWEEUC2H1D:5:B008ML1S9G,A1J6DWEEUC2H1D,tail,0,2100,0>2100,30,9+,1270,1,,control,4.552471160888672
A1J6DWEEUC2H1D:5:B008ML1S9G,A1J6DWEEUC2H1D,tail,1,11925,"0,2100>11925",31,9+,96,1,,control,2.1591873168945312
A1J6DWEEUC2H1D:5:B008ML1S9G,A1J6DWEEUC2H1D,tail,2,12496,"0,2100,11925>12496",53,9+,7,1,,control,-0.6051406860351562
A1J6DWEEUC2H1D:5:B008ML1S9G,A1J6DWEEUC2H1D,tail,3,1519,"0,2100,11925,12496>1519",7,5-8,1,0,,ineligible,-0.38454627990722656
A1J8KMRU2EO4J7:2:B004PBJOD4,A1J8KMRU2EO4J7,head,0,2341,0>2341,30,9+,490,1,,control,-0.45439910888671875
A1J8KMRU2EO4J7:2:B004PBJOD4,A1J8KMRU2EO4J7,head,1,542,"0,2341>542",23,9+,18,2,0.005389988422393799,control,0.5481338500976562
A1J8KMRU2EO4J7:2:B004PBJOD4,A1J8KMRU2EO4J7,head,2,6871,"0,2341,542>6871",18,9+,1,0,,ineligible,-2.3945083618164062
A1JALMV9KG6905:2:B003AZZSPE,A1JALMV9KG6905,tail,0,2100,0>2100,30,9+,1270,1,,control,-1.8476638793945312
A1JALMV9KG6905:2:B003AZZSPE,A1JALMV9KG6905,tail,1,14520,"0,2100>14520",31,9+,24,1,,control,-3.3209877014160156
A1JALMV9KG6905:2:B003AZZSPE,A1JALMV9KG6905,tail,2,19199,"0,2100,14520>19199",21,9+,1,0,,ineligible,-3.1138877868652344
A1JFETASTBHVJB:1:B005XVCR48,A1JFETASTBHVJB,head,0,1871,0>1871,30,9+,482,1,,control,-3.8132400512695312
A1JFETASTBHVJB:1:B005XVCR48,A1JFETASTBHVJB,head,1,8719,"0,1871>8719",29,9+,45,1,,control,-0.09085464477539062
A1JFETASTBHVJB:1:B005XVCR48,A1JFETASTBHVJB,head,2,10159,"0,1871,8719>10159",31,9+,3,2,0.01323235034942627,control,1.1923370361328125
A1JFETASTBHVJB:1:B005XVCR48,A1JFETASTBHVJB,head,3,6401,"0,1871,8719,10159>6401",3,3-4,1,0,,ineligible,4.832262992858887
A1JGGR7SKU1T8W:1:B001ARYDFA,A1JGGR7SKU1T8W,tail,0,387,0>387,30,9+,234,1,,control,-3.5725250244140625
A1JGGR7SKU1T8W:1:B001ARYDFA,A1JGGR7SKU1T8W,tail,1,3827,"0,387>3827",24,9+,29,5,0.00449119508266449,control,0.7874069213867188
A1JGGR7SKU1T8W:1:B001ARYDFA,A1JGGR7SKU1T8W,tail,2,26297,"0,387,3827>26297",28,9+,1,0,,ineligible,0.8758792877197266
A1JSVJ9RL16CTU:3:B005VPRD3Q,A1JSVJ9RL16CTU,tail,0,740,0>740,30,9+,1209,1,,control,0.2864112854003906
A1JSVJ9RL16CTU:3:B005VPRD3Q,A1JSVJ9RL16CTU,tail,1,7379,"0,740>7379",53,9+,40,1,,control,0.4013824462890625
A1JSVJ9RL16CTU:3:B005VPRD3Q,A1JSVJ9RL16CTU,tail,2,17766,"0,740,7379>17766",27,9+,1,0,,ineligible,-1.651956558227539
A1JXX17HZR7754:1:B00005UFC1,A1JXX17HZR7754,head,0,740,0>740,30,9+,1209,1,,control,-0.10501861572265625
A1JXX17HZR7754:1:B00005UFC1,A1JXX17HZR7754,head,1,8803,"0,740>8803",53,9+,30,1,,control,-2.0200843811035156
A1JXX17HZR7754:1:B00005UFC1,A1JXX17HZR7754,head,2,10866,"0,740,8803>10866",25,9+,1,0,,ineligible,0.7349681854248047
A1K88BHP4PIDSL:3:B002B555RU,A1K88BHP4PIDSL,head,0,1871,0>1871,30,9+,482,1,,control,-2.3606338500976562
A1K88BHP4PIDSL:3:B002B555RU,A1K88BHP4PIDSL,head,1,11607,"0,1871>11607",29,9+,31,3,0.004216253757476807,control,-0.7166175842285156
A1K88BHP4PIDSL:3:B002B555RU,A1K88BHP4PIDSL,head,2,3180,"0,1871,11607>3180",30,9+,2,0,,ineligible,0.27792835235595703
A1K88BHP4PIDSL:3:B002B555RU,A1K88BHP4PIDSL,head,4,13245,"0,1871,11607,3180,2783>13245",2,2,1,0,,ineligible,1.9922194480895996
A1KAERT0MPBZOO:1:B000A88KOA,A1KAERT0MPBZOO,head,0,1871,0>1871,30,9+,482,1,,control,1.5383071899414062
A1KAERT0MPBZOO:1:B000A88KOA,A1KAERT0MPBZOO,head,1,8719,"0,1871>8719",29,9+,45,1,,control,0.22387313842773438
A1KAERT0MPBZOO:1:B000A88KOA,A1KAERT0MPBZOO,head,2,9559,"0,1871,8719>9559",31,9+,2,0,,ineligible,-1.2690811157226562
A1KAERT0MPBZOO:1:B000A88KOA,A1KAERT0MPBZOO,head,5,632,"0,1871,8719,9559,2816,14622>632",2,2,1,0,,ineligible,2.7672901153564453
A1KB6PCFL2REFT:2:B003O85K2S,A1KB6PCFL2REFT,head,0,2100,0>2100,30,9+,1270,1,,control,-0.7800331115722656
A1KB6PCFL2REFT:2:B003O85K2S,A1KB6PCFL2REFT,head,1,6770,"0,2100>6770",31,9+,38,1,,control,-0.9980926513671875
A1KB6PCFL2REFT:2:B003O85K2S,A1KB6PCFL2REFT,head,2,12543,"0,2100,6770>12543",26,9+,5,1,,control,0.48644256591796875
A1KB6PCFL2REFT:2:B003O85K2S,A1KB6PCFL2REFT,head,3,8435,"0,2100,6770,12543>8435",4,3-4,2,0,,ineligible,5.38017463684082
A1KB6PCFL2REFT:2:B003O85K2S,A1KB6PCFL2REFT,head,4,8069,"0,2100,6770,12543,8435>8069",2,2,1,0,,ineligible,2.397430896759033
A1KDU8GVKJAJV8:1:B002QNM8NQ,A1KDU8GVKJAJV8,head,0,14527,0>14527,30,9+,388,1,,control,-2.2528305053710938
A1KDU8GVKJAJV8:1:B002QNM8NQ,A1KDU8GVKJAJV8,head,1,3822,"0,14527>3822",19,9+,55,1,,control,3.602581024169922
A1KDU8GVKJAJV8:1:B002QNM8NQ,A1KDU8GVKJAJV8,head,2,19479,"0,14527,3822>19479",49,9+,1,0,,ineligible,-1.4555397033691406
A1KG1CKOTATA8K:2:B0043KJW5M,A1KG1CKOTATA8K,head,0,467,0>467,30,9+,1159,1,,control,4.9442596435546875
A1KG1CKOTATA8K:2:B0043KJW5M,A1KG1CKOTATA8K,head,1,1476,"0,467>1476",24,9+,556,1,,control,2.814107894897461
A1KG1CKOTATA8K:2:B0043KJW5M,A1KG1CKOTATA8K,head,2,3337,"0,467,1476>3337",186,9+,4,1,,control,-1.3512191772460938
A1KG1CKOTATA8K:2:B0043KJW5M,A1KG1CKOTATA8K,head,3,11153,"0,467,1476,3337>11153",4,3-4,1,0,,ineligible,4.0646820068359375
A1KGWUYXUBEMB2:28:B00F6N0MGI,A1KGWUYXUBEMB2,head,0,2244,0>2244,30,9+,345,1,,control,-2.009075164794922
A1KGWUYXUBEMB2:28:B00F6N0MGI,A1KGWUYXUBEMB2,head,1,3034,"0,2244>3034",29,9+,28,4,0.004402975241343181,control,4.853126525878906
A1KGWUYXUBEMB2:28:B00F6N0MGI,A1KGWUYXUBEMB2,head,2,6977,"0,2244,3034>6977",22,9+,1,0,,ineligible,10.112564086914062
A1KI3173CO6TK2:12:B0002HWFBS,A1KI3173CO6TK2,head,0,9062,0>9062,30,9+,203,1,,control,1.2227783203125
A1KI3173CO6TK2:12:B0002HWFBS,A1KI3173CO6TK2,head,1,25226,"0,9062>25226",26,9+,47,1,,control,1.188058853149414
A1KI3173CO6TK2:12:B0002HWFBS,A1KI3173CO6TK2,head,2,25903,"0,9062,25226>25903",30,9+,1,0,,ineligible,0.6494579315185547
A1KRHPVG6LHVV3:3:B002ZAZK30,A1KRHPVG6LHVV3,tail,0,14295,0>14295,30,9+,759,1,,control,-3.599334716796875
A1KRHPVG6LHVV3:3:B002ZAZK30,A1KRHPVG6LHVV3,tail,1,1840,"0,14295>1840",44,9+,40,2,0.004830837249755859,control,0.2729606628417969
A1KRHPVG6LHVV3:3:B002ZAZK30,A1KRHPVG6LHVV3,tail,2,10224,"0,14295,1840>10224",37,9+,1,0,,ineligible,-0.9938907623291016
A1KTUN83EOUTGU:4:B0085UA9VC,A1KTUN83EOUTGU,head,0,17582,0>17582,30,9+,408,1,,control,0.0026702880859375
A1KTUN83EOUTGU:4:B0085UA9VC,A1KTUN83EOUTGU,head,1,1228,"0,17582>1228",24,9+,90,1,,control,0.48355865478515625
A1KTUN83EOUTGU:4:B0085UA9VC,A1KTUN83EOUTGU,head,2,16164,"0,17582,1228>16164",72,9+,1,0,,ineligible,-2.3244218826293945
A1KU2VHK8BECRW:3:B0042TBGC6,A1KU2VHK8BECRW,head,0,14295,0>14295,30,9+,759,1,,control,-2.3782424926757812
A1KU2VHK8BECRW:3:B0042TBGC6,A1KU2VHK8BECRW,head,1,10211,"0,14295>10211",44,9+,75,2,0.009794771671295166,control,2.1419029235839844
A1KU2VHK8BECRW:3:B0042TBGC6,A1KU2VHK8BECRW,head,2,19255,"0,14295,10211>19255",54,9+,1,0,,ineligible,-0.39229297637939453
A1KUOIHEOZ7C0C:2:B000BR9DPK,A1KUOIHEOZ7C0C,tail,0,21677,0>21677,30,9+,202,1,,control,-0.6556472778320312
A1KUOIHEOZ7C0C:2:B000BR9DPK,A1KUOIHEOZ7C0C,tail,1,24857,"0,21677>24857",25,9+,29,1,,control,2.5390148162841797
A1KUOIHEOZ7C0C:2:B000BR9DPK,A1KUOIHEOZ7C0C,tail,2,27521,"0,21677,24857>27521",14,9+,1,0,,ineligible,2.143986701965332
A1L3QNX7R1RZ3G:2:B00000JPES,A1L3QNX7R1RZ3G,tail,0,2100,0>2100,30,9+,1270,1,,control,0.08206558227539062
A1L3QNX7R1RZ3G:2:B00000JPES,A1L3QNX7R1RZ3G,tail,1,2056,"0,2100>2056",31,9+,66,2,0.0024385452270507812,control,-0.6763648986816406
A1L3QNX7R1RZ3G:2:B00000JPES,A1L3QNX7R1RZ3G,tail,2,8060,"0,2100,2056>8060",25,9+,1,0,,ineligible,-5.821575164794922
A1L6PD52EJ98IK:9:B002PUD6RC,A1L6PD52EJ98IK,tail,0,3127,0>3127,30,9+,700,1,,control,0.7693214416503906
A1L6PD52EJ98IK:9:B002PUD6RC,A1L6PD52EJ98IK,tail,1,22215,"0,3127>22215",21,9+,53,1,,control,2.4324779510498047
A1L6PD52EJ98IK:9:B002PUD6RC,A1L6PD52EJ98IK,tail,2,4880,"0,3127,22215>4880",26,9+,1,0,,ineligible,-3.040518283843994
A1LCN7LLVB47KN:1:B00186FCX0,A1LCN7LLVB47KN,tail,0,25636,0>25636,30,9+,259,1,,control,-0.8915977478027344
A1LCN7LLVB47KN:1:B00186FCX0,A1LCN7LLVB47KN,tail,1,2480,"0,25636>2480",27,9+,11,1,,control,-0.9381942749023438
A1LCN7LLVB47KN:1:B00186FCX0,A1LCN7LLVB47KN,tail,2,15150,"0,25636,2480>15150",10,9+,2,0,,ineligible,1.707052230834961
A1LCN7LLVB47KN:1:B00186FCX0,A1LCN7LLVB47KN,tail,4,17864,"0,25636,2480,15150,6133>17864",2,2,1,0,,ineligible,4.609355926513672
A1LCO3C4LIJANB:2:B004OFHQVI,A1LCO3C4LIJANB,tail,0,2341,0>2341,30,9+,490,1,,control,-1.5326080322265625
A1LCO3C4LIJANB:2:B004OFHQVI,A1LCO3C4LIJANB,tail,1,159,"0,2341>159",23,9+,39,1,,control,-2.0991439819335938
A1LCO3C4LIJANB:2:B004OFHQVI,A1LCO3C4LIJANB,tail,2,22382,"0,2341,159>22382",32,9+,4,1,,control,-0.6815052032470703
A1LCO3C4LIJANB:2:B004OFHQVI,A1LCO3C4LIJANB,tail,3,4885,"0,2341,159,22382>4885",3,3-4,1,0,,ineligible,2.3026065826416016
A1LG1DKUZXGJ6J:17:B005KITK6C,A1LG1DKUZXGJ6J,tail,0,1191,0>1191,30,9+,33,1,,control,3.2906837463378906
A1LG1DKUZXGJ6J:17:B005KITK6C,A1LG1DKUZXGJ6J,tail,1,4005,"0,1191>4005",28,9+,1,0,,ineligible,0.5931987762451172
A1LG3XJBNCGKL0:2:B00ATA2TB4,A1LG3XJBNCGKL0,tail,0,19903,0>19903,30,9+,192,1,,control,-2.1294517517089844
A1LG3XJBNCGKL0:2:B00ATA2TB4,A1LG3XJBNCGKL0,tail,1,853,"0,19903>853",23,9+,17,1,,control,1.5011329650878906
A1LG3XJBNCGKL0:2:B00ATA2TB4,A1LG3XJBNCGKL0,tail,2,4024,"0,19903,853>4024",16,9+,2,0,,ineligible,-1.5383796691894531
A1LG3XJBNCGKL0:2:B00ATA2TB4,A1LG3XJBNCGKL0,tail,5,536,"0,19903,853,4024,25138,11338>536",2,2,1,0,,ineligible,-1.8692140579223633
A1LHKMBNYSZYH:2:B00ARQW1DQ,A1LHKMBNYSZYH,head,0,2412,0>2412,30,9+,354,1,,control,-3.746196746826172
A1LHKMBNYSZYH:2:B00ARQW1DQ,A1LHKMBNYSZYH,head,1,7429,"0,2412>7429",20,9+,19,1,,control,0.712890625
A1LHKMBNYSZYH:2:B00ARQW1DQ,A1LHKMBNYSZYH,head,2,23704,"0,2412,7429>23704",19,9+,1,0,,ineligible,1.535104751586914
A1LIIUZSNYF56D:1:B002AK5EUY,A1LIIUZSNYF56D,head,0,3127,0>3127,30,9+,700,1,,control,-1.9318618774414062
A1LIIUZSNYF56D:1:B002AK5EUY,A1LIIUZSNYF56D,head,1,26141,"0,3127>26141",21,9+,25,2,0.006571650505065918,control,-0.6811046600341797
A1LIIUZSNYF56D:1:B002AK5EUY,A1LIIUZSNYF56D,head,2,1211,"0,3127,26141>1211",14,9+,2,0,,ineligible,0.042957305908203125
A1LIIUZSNYF56D:1:B002AK5EUY,A1LIIUZSNYF56D,head,5,632,"0,3127,26141,1211,9611,4911>632",2,2,1,0,,ineligible,2.057126998901367
A1M5ZT35YX6TIN:5:B006BLH4XI,A1M5ZT35YX6TIN,head,0,3203,0>3203,30,9+,353,1,,control,-0.13664627075195312
A1M5ZT35YX6TIN:5:B006BLH4XI,A1M5ZT35YX6TIN,head,1,4322,"0,3203>4322",28,9+,42,1,,control,1.0806770324707031
A1M5ZT35YX6TIN:5:B006BLH4XI,A1M5ZT35YX6TIN,head,2,8191,"0,3203,4322>8191",39,9+,1,0,,ineligible,0.8874282836914062
A1M8AYAL3L8ACP:37:B001WRSER6,A1M8AYAL3L8ACP,head,0,1871,0>1871,30,9+,482,1,,control,0.8556556701660156
A1M8AYAL3L8ACP:37:B001WRSER6,A1M8AYAL3L8ACP,head,1,11607,"0,1871>11607",29,9+,31,3,0.004216253757476807,control,-1.1852798461914062
A1M8AYAL3L8ACP:37:B001WRSER6,A1M8AYAL3L8ACP,head,2,26565,"0,1871,11607>26565",30,9+,1,0,,ineligible,0.6293458938598633
A1MF49W2L3JYJA:1:B004TGPQDW,A1MF49W2L3JYJA,tail,0,740,0>740,30,9+,1209,1,,control,-1.0145683288574219
A1MF49W2L3JYJA:1:B004TGPQDW,A1MF49W2L3JYJA,tail,1,2056,"0,740>2056",53,9+,39,2,0.0024385452270507812,control,1.4461288452148438
A1MF49W2L3JYJA:1:B004TGPQDW,A1MF49W2L3JYJA,tail,2,3171,"0,740,2056>3171",32,9+,1,0,,ineligible,-1.6280879974365234
A1MR1VMK999I6O:5:B006ROJP7M,A1MR1VMK999I6O,head,0,9062,0>9062,30,9+,203,1,,control,1.3433761596679688
A1MR1VMK999I6O:5:B006ROJP7M,A1MR1VMK999I6O,head,1,25226,"0,9062>25226",26,9+,47,1,,control,1.8947505950927734
A1MR1VMK999I6O:5:B006ROJP7M,A1MR1VMK999I6O,head,2,2766,"0,9062,25226>2766",30,9+,2,0,,ineligible,0.6770401000976562
A1MR1VMK999I6O:5:B006ROJP7M,A1MR1VMK999I6O,head,3,15916,"0,9062,25226,2766>15916",2,2,1,0,,ineligible,5.0017547607421875
A1MRRMHGV3PN5W:11:B007XVYN7U,A1MRRMHGV3PN5W,head,0,14527,0>14527,30,9+,388,1,,control,1.0950965881347656
A1MRRMHGV3PN5W:11:B007XVYN7U,A1MRRMHGV3PN5W,head,1,12911,"0,14527>12911",19,9+,20,1,,control,-3.340007781982422
A1MRRMHGV3PN5W:11:B007XVYN7U,A1MRRMHGV3PN5W,head,2,1002,"0,14527,12911>1002",16,9+,2,0,,ineligible,3.044351577758789
A1MRRMHGV3PN5W:11:B007XVYN7U,A1MRRMHGV3PN5W,head,4,5470,"0,14527,12911,1002,2288>5470",2,2,1,0,,ineligible,6.148409366607666
A1MZEMD0EDETS6:17:B00A8DJ06O,A1MZEMD0EDETS6,tail,0,2341,0>2341,30,9+,490,1,,control,-3.8158111572265625
A1MZEMD0EDETS6:17:B00A8DJ06O,A1MZEMD0EDETS6,tail,1,4952,"0,2341>4952",23,9+,9,3,0.013679265975952148,control,-0.7933464050292969
A1MZEMD0EDETS6:17:B00A8DJ06O,A1MZEMD0EDETS6,tail,2,9176,"0,2341,4952>9176",8,5-8,1,0,,ineligible,11.818672180175781
A1NGQ6JIYKTOEC:2:B007J3F99S,A1NGQ6JIYKTOEC,head,0,2412,0>2412,30,9+,354,1,,control,-3.667755126953125
A1NGQ6JIYKTOEC:2:B007J3F99S,A1NGQ6JIYKTOEC,head,1,7429,"0,2412>7429",20,9+,19,1,,control,2.032684326171875
A1NGQ6JIYKTOEC:2:B007J3F99S,A1NGQ6JIYKTOEC,head,2,27181,"0,2412,7429>27181",19,9+,1,0,,ineligible,-1.3930702209472656
A1NGW9N2V062OY:1:B004MU920I,A1NGW9N2V062OY,tail,0,11109,0>11109,30,9+,320,1,,control,1.2771148681640625
A1NGW9N2V062OY:1:B004MU920I,A1NGW9N2V062OY,tail,1,26223,"0,11109>26223",27,9+,23,1,,control,2.499277114868164
A1NGW9N2V062OY:1:B004MU920I,A1NGW9N2V062OY,tail,2,19885,"0,11109,26223>19885",8,5-8,16,1,,control,4.985993385314941
A1NGW9N2V062OY:1:B004MU920I,A1NGW9N2V062OY,tail,3,16725,"0,11109,26223,19885>16725",15,9+,1,0,,ineligible,-0.21825551986694336
A1NIGUK4M2ST8:10:B004OS8J98,A1NIGUK4M2ST8,head,0,2244,0>2244,30,9+,345,1,,control,-0.59027099609375
A1NIGUK4M2ST8:10:B004OS8J98,A1NIGUK4M2ST8,head,1,3034,"0,2244>3034",29,9+,28,4,0.004402975241343181,control,-0.4967460632324219
A1NIGUK4M2ST8:10:B004OS8J98,A1NIGUK4M2ST8,head,2,25828,"0,2244,3034>25828",22,9+,1,0,,ineligible,10.636137962341309
A1NKKAB0LSY514:2:B00068Q7LC,A1NKKAB0LSY514,head,0,740,0>740,30,9+,1209,1,,control,-0.7519721984863281
A1NKKAB0LSY514:2:B00068Q7LC,A1NKKAB0LSY514,head,1,9013,"0,740>9013",53,9+,23,2,0.0030452609062194824,control,-3.4389572143554688
A1NKKAB0LSY514:2:B00068Q7LC,A1NKKAB0LSY514,head,2,5875,"0,740,9013>5875",18,9+,2,0,,ineligible,0.4985008239746094
A1NKKAB0LSY514:2:B00068Q7LC,A1NKKAB0LSY514,head,3,10772,"0,740,9013,5875>10772",2,2,1,0,,ineligible,3.336944818496704
A1NQKWS81ENDTV:16:B002MUM9DC,A1NQKWS81ENDTV,tail,0,387,0>387,30,9+,234,1,,control,-2.9909934997558594
A1NQKWS81ENDTV:16:B002MUM9DC,A1NQKWS81ENDTV,tail,1,5989,"0,387>5989",24,9+,3,1,,control,-3.704784393310547
A1NQKWS81ENDTV:16:B002MUM9DC,A1NQKWS81ENDTV,tail,2,3348,"0,387,5989>3348",3,3-4,1,0,,ineligible,4.316593170166016
A1NW4WH9I2BK7I:2:B00A88EP6Y,A1NW4WH9I2BK7I,head,0,1191,0>1191,30,9+,33,1,,control,2.1138877868652344
A1NW4WH9I2BK7I:2:B00A88EP6Y,A1NW4WH9I2BK7I,head,1,7069,"0,1191>7069",28,9+,1,0,,ineligible,0.8440093994140625
A1O24AL52RTN5M:7:B008L0HMIY,A1O24AL52RTN5M,head,0,3127,0>3127,30,9+,700,1,,control,-0.8277969360351562
A1O24AL52RTN5M:7:B008L0HMIY,A1O24AL52RTN5M,head,1,14095,"0,3127>14095",21,9+,34,1,,control,0.48801422119140625
A1O24AL52RTN5M:7:B008L0HMIY,A1O24AL52RTN5M,head,2,6311,"0,3127,14095>6311",14,9+,7,2,0.013263821601867676,control,2.8136940002441406
A1O24AL52RTN5M:7:B008L0HMIY,A1O24AL52RTN5M,head,3,23337,"0,3127,14095,6311>23337",6,5-8,1,0,,ineligible,2.7065439224243164
A1O8GR3RFO0DH8:2:B00008BFZH,A1O8GR3RFO0DH8,head,0,2100,0>2100,30,9+,1270,1,,control,-1.7445869445800781
A1O8GR3RFO0DH8:2:B00008BFZH,A1O8GR3RFO0DH8,head,1,4558,"0,2100>4558",31,9+,17,1,,control,-2.4054832458496094
A1O8GR3RFO0DH8:2:B00008BFZH,A1O8GR3RFO0DH8,head,2,10075,"0,2100,4558>10075",12,9+,4,1,,control,0.7624740600585938
A1O8GR3RFO0DH8:2:B00008BFZH,A1O8GR3RFO0DH8,head,3,16855,"0,2100,4558,10075>16855",3,3-4,1,0,,ineligible,6.010220050811768
A1O9MH45QYPSBH:2:B002XXCOWO,A1O9MH45QYPSBH,tail,0,2244,0>2244,30,9+,345,1,,control,0.7839317321777344
A1O9MH45QYPSBH:2:B002XXCOWO,A1O9MH45QYPSBH,tail,1,3034,"0,2244>3034",29,9+,28,4,0.004402975241343181,control,0.7963600158691406
A1O9MH45QYPSBH:2:B002XXCOWO,A1O9MH45QYPSBH,tail,2,9635,"0,2244,3034>9635",22,9+,1,0,,ineligible,-5.231182098388672
A1OIQJ6NXBE826:10:B000A7S5AK,A1OIQJ6NXBE826,tail,0,14295,0>14295,30,9+,759,1,,control,5.429779052734375
A1OIQJ6NXBE826:10:B000A7S5AK,A1OIQJ6NXBE826,tail,1,3112,"0,14295>3112",44,9+,7,1,,control,1.5334300994873047
A1OIQJ6NXBE826:10:B000A7S5AK,A1OIQJ6NXBE826,tail,2,7428,"0,14295,3112>7428",5,5-8,2,0,,ineligible,1.4508838653564453
A1OIQJ6NXBE826:10:B000A7S5AK,A1OIQJ6NXBE826,tail,5,536,"0,14295,3112,7428,15765,82>536",2,2,1,0,,ineligible,5.89300537109375
A1OQX81M4BVVPT:1:B00005BHNO,A1OQX81M4BVVPT,tail,0,387,0>387,30,9+,234,1,,control,-1.5714454650878906
A1OQX81M4BVVPT:1:B00005BHNO,A1OQX81M4BVVPT,tail,1,2608,"0,387>2608",24,9+,23,1,,control,-1.2786407470703125
A1OQX81M4BVVPT:1:B00005BHNO,A1OQX81M4BVVPT,tail,2,11325,"0,387,2608>11325",16,9+,2,0,,ineligible,-1.1719741821289062
A1OQX81M4BVVPT:1:B00005BHNO,A1OQX81M4BVVPT,tail,3,9782,"0,387,2608,11325>9782",2,2,1,0,,ineligible,4.484111785888672
A1OZRZCVFONZ7P:3:B0015AM26E,A1OZRZCVFONZ7P,head,0,2244,0>2244,30,9+,345,1,,control,-1.3321876525878906
A1OZRZCVFONZ7P:3:B0015AM26E,A1OZRZCVFONZ7P,head,1,151,"0,2244>151",29,9+,46,1,,control,2.274608612060547
A1OZRZCVFONZ7P:3:B0015AM26E,A1OZRZCVFONZ7P,head,2,1035,"0,2244,151>1035",38,9+,2,0,,ineligible,1.0579948425292969
A1OZRZCVFONZ7P:3:B0015AM26E,A1OZRZCVFONZ7P,head,3,2472,"0,2244,151,1035>2472",2,2,1,0,,ineligible,3.3653221130371094
A1P00XS758WUWK:1:B0015KVAEE,A1P00XS758WUWK,head,0,467,0>467,30,9+,1159,1,,control,-1.9327430725097656
A1P00XS758WUWK:1:B0015KVAEE,A1P00XS758WUWK,head,1,895,"0,467>895",24,9+,195,1,,control,-0.9509201049804688
A1P00XS758WUWK:1:B0015KVAEE,A1P00XS758WUWK,head,2,6103,"0,467,895>6103",74,9+,1,0,,ineligible,-0.2204570770263672
A1P354IBQL8838:3:B0008FUCY6,A1P354IBQL8838,tail,0,14527,0>14527,30,9+,388,1,,control,1.1636734008789062
A1P354IBQL8838:3:B0008FUCY6,A1P354IBQL8838,tail,1,1370,"0,14527>1370",19,9+,50,1,,control,2.043987274169922
A1P354IBQL8838:3:B0008FUCY6,A1P354IBQL8838,tail,2,3874,"0,14527,1370>3874",42,9+,1,0,,ineligible,-0.757110595703125
A1P38D02SFEAOL:14:B001SOZDFO,A1P38D02SFEAOL,head,0,467,0>467,30,9+,1159,1,,control,-1.7768478393554688
A1P38D02SFEAOL:14:B001SOZDFO,A1P38D02SFEAOL,head,1,1476,"0,467>1476",24,9+,556,1,,control,0.8534698486328125
A1P38D02SFEAOL:14:B001SOZDFO,A1P38D02SFEAOL,head,2,1355,"0,467,1476>1355",186,9+,3,1,,control,-2.996784210205078
A1P38D02SFEAOL:14:B001SOZDFO,A1P38D02SFEAOL,head,3,3819,"0,467,1476,1355>3819",3,3-4,1,0,,ineligible,3.2583560943603516
A1PA2K3GMGIE5V:4:B000FS70QE,A1PA2K3GMGIE5V,head,0,2341,0>2341,30,9+,490,1,,control,0.20032501220703125
A1PA2K3GMGIE5V:4:B000FS70QE,A1PA2K3GMGIE5V,head,1,9062,"0,2341>9062",23,9+,123,1,,control,3.825428009033203
A1PA2K3GMGIE5V:4:B000FS70QE,A1PA2K3GMGIE5V,head,2,26806,"0,2341,9062>26806",71,9+,5,1,,control,-0.895538330078125
A1PA2K3GMGIE5V:4:B000FS70QE,A1PA2K3GMGIE5V,head,3,15599,"0,2341,9062,26806>15599",2,2,1,0,,ineligible,-0.1825084686279297
A1PBLFIRAZII1F:1:B001D0C70C,A1PBLFIRAZII1F,head,0,1871,0>1871,30,9+,482,1,,control,0.4172019958496094
A1PBLFIRAZII1F:1:B001D0C70C,A1PBLFIRAZII1F,head,1,8719,"0,1871>8719",29,9+,45,1,,control,-0.5802879333496094
A1PBLFIRAZII1F:1:B001D0C70C,A1PBLFIRAZII1F,head,2,14460,"0,1871,8719>14460",31,9+,1,0,,ineligible,-0.5474414825439453
A1PE07FDHM05I7:2:B004VYVR1M,A1PE07FDHM05I7,tail,0,2948,0>2948,30,9+,297,1,,control,-1.4355278015136719
A1PE07FDHM05I7:2:B004VYVR1M,A1PE07FDHM05I7,tail,1,67,"0,2948>67",27,9+,17,1,,control,-1.6597633361816406
A1PE07FDHM05I7:2:B004VYVR1M,A1PE07FDHM05I7,tail,2,2816,"0,2948,67>2816",11,9+,4,1,,control,2.199557304382324
A1PE07FDHM05I7:2:B004VYVR1M,A1PE07FDHM05I7,tail,3,4061,"0,2948,67,2816>4061",2,2,1,0,,ineligible,0.9575645923614502
A1PI8VBCXXSGC7:1:B002DHC6FA,A1PI8VBCXXSGC7,head,0,11109,0>11109,30,9+,320,1,,control,-3.2761306762695312
A1PI8VBCXXSGC7:1:B002DHC6FA,A1PI8VBCXXSGC7,head,1,5449,"0,11109>5449",27,9+,20,1,,control,0.4087409973144531
A1PI8VBCXXSGC7:1:B002DHC6FA,A1PI8VBCXXSGC7,head,2,4310,"0,11109,5449>4310",20,9+,1,0,,ineligible,2.8886146545410156
A1PQH2Q3HATCT4:2:B001KPQ7K6,A1PQH2Q3HATCT4,tail,0,2100,0>2100,30,9+,1270,1,,control,-1.6821327209472656
A1PQH2Q3HATCT4:2:B001KPQ7K6,A1PQH2Q3HATCT4,tail,1,11925,"0,2100>11925",31,9+,96,1,,control,2.085796356201172
A1PQH2Q3HATCT4:2:B001KPQ7K6,A1PQH2Q3HATCT4,tail,2,3944,"0,2100,11925>3944",53,9+,1,0,,ineligible,3.786569595336914
A1PSOVIQK992SV:12:B0028SZ9X0,A1PSOVIQK992SV,tail,0,467,0>467,30,9+,1159,1,,control,2.661701202392578
A1PSOVIQK992SV:12:B0028SZ9X0,A1PSOVIQK992SV,tail,1,1476,"0,467>1476",24,9+,556,1,,control,0.9871444702148438
A1PSOVIQK992SV:12:B0028SZ9X0,A1PSOVIQK992SV,tail,2,22645,"0,467,1476>22645",186,9+,2,0,,ineligible,-4.614971160888672
A1PSOVIQK992SV:12:B0028SZ9X0,A1PSOVIQK992SV,tail,3,3458,"0,467,1476,22645>3458",2,2,1,0,,ineligible,4.0109148025512695
A1PX1X3FCQWDL3:2:B0000663PZ,A1PX1X3FCQWDL3,tail,0,2100,0>2100,30,9+,1270,1,,control,-1.1002311706542969
A1PX1X3FCQWDL3:2:B0000663PZ,A1PX1X3FCQWDL3,tail,1,11925,"0,2100>11925",31,9+,96,1,,control,-0.9153518676757812
A1PX1X3FCQWDL3:2:B0000663PZ,A1PX1X3FCQWDL3,tail,2,24715,"0,2100,11925>24715",53,9+,1,0,,ineligible,-1.6384754180908203
A1PZO13IAKZRQ5:6:B002BHDXY0,A1PZO13IAKZRQ5,tail,0,3127,0>3127,30,9+,700,1,,control,-1.2825241088867188
A1PZO13IAKZRQ5:6:B002BHDXY0,A1PZO13IAKZRQ5,tail,1,1483,"0,3127>1483",21,9+,12,1,,control,-2.501893997192383
A1PZO13IAKZRQ5:6:B002BHDXY0,A1PZO13IAKZRQ5,tail,2,26960,"0,3127,1483>26960",8,5-8,1,0,,ineligible,2.086923599243164
A1Q48I7K1Y6K5T:8:B00A92GJIQ,A1Q48I7K1Y6K5T,tail,0,19903,0>19903,30,9+,192,1,,control,7.4144134521484375
A1Q48I7K1Y6K5T:8:B00A92GJIQ,A1Q48I7K1Y6K5T,tail,1,9738,"0,19903>9738",23,9+,6,1,,control,-2.481822967529297
A1Q48I7K1Y6K5T:8:B00A92GJIQ,A1Q48I7K1Y6K5T,tail,2,11852,"0,19903,9738>11852",5,5-8,1,0,,ineligible,4.375209808349609
A1Q62S1E5H3Q2A:2:B000F8TANU,A1Q62S1E5H3Q2A,tail,0,740,0>740,30,9+,1209,1,,control,-0.851959228515625
A1Q62S1E5H3Q2A:2:B000F8TANU,A1Q62S1E5H3Q2A,tail,1,459,"0,740>459",53,9+,17,1,,control,-1.504974365234375
A1Q62S1E5H3Q2A:2:B000F8TANU,A1Q62S1E5H3Q2A,tail,2,3383,"0,740,459>3383",15,9+,2,0,,ineligible,2.4195022583007812
A1Q62S1E5H3Q2A:2:B000F8TANU,A1Q62S1E5H3Q2A,tail,4,158,"0,740,459,3383,2427>158",2,2,1,0,,ineligible,2.437002182006836
A1Q6MHDUPNV6P7:4:B00BIDJP2W,A1Q6MHDUPNV6P7,head,0,2244,0>2244,30,9+,345,1,,control,-3.6986732482910156
A1Q6MHDUPNV6P7:4:B00BIDJP2W,A1Q6MHDUPNV6P7,head,1,13243,"0,2244>13243",29,9+,18,2,0.008245348930358887,control,1.0047607421875
A1Q6MHDUPNV6P7:4:B00BIDJP2W,A1Q6MHDUPNV6P7,head,2,12524,"0,2244,13243>12524",16,9+,1,0,,ineligible,2.4276962280273438
A1Q98ZMHZXOYWI:1:B00BSWS4VG,A1Q98ZMHZXOYWI,tail,0,1041,0>1041,30,9+,628,1,,control,-2.6119308471679688
A1Q98ZMHZXOYWI:1:B00BSWS4VG,A1Q98ZMHZXOYWI,tail,1,5638,"0,1041>5638",27,9+,104,1,,control,1.168182373046875
A1Q98ZMHZXOYWI:1:B00BSWS4VG,A1Q98ZMHZXOYWI,tail,2,6174,"0,1041,5638>6174",63,9+,8,3,0.009796559810638428,control,-0.8349170684814453
A1Q98ZMHZXOYWI:1:B00BSWS4VG,A1Q98ZMHZXOYWI,tail,3,21341,"0,1041,5638,6174>21341",6,5-8,2,0,,ineligible,0.8747920989990234
A1Q98ZMHZXOYWI:1:B00BSWS4VG,A1Q98ZMHZXOYWI,tail,4,24719,"0,1041,5638,6174,21341>24719",2,2,1,0,,ineligible,-0.34679269790649414
A1Q9UVHD2PGCVU:33:B005VPRFRU,A1Q9UVHD2PGCVU,tail,0,740,0>740,30,9+,1209,1,,control,3.2140769958496094
A1Q9UVHD2PGCVU:33:B005VPRFRU,A1Q9UVHD2PGCVU,tail,1,28784,"0,740>28784",53,9+,21,1,,control,-3.4751510620117188
A1Q9UVHD2PGCVU:33:B005VPRFRU,A1Q9UVHD2PGCVU,tail,2,16054,"0,740,28784>16054",12,9+,3,2,0.056047677993774414,middle,6.6892805099487305
A1Q9UVHD2PGCVU:33:B005VPRFRU,A1Q9UVHD2PGCVU,tail,3,19896,"0,740,28784,16054>19896",3,3-4,1,0,,ineligible,9.37851619720459
A1QBOC76MIOJYP:7:B007U7M02C,A1QBOC76MIOJYP,head,0,14527,0>14527,30,9+,388,1,,control,-1.45770263671875
A1QBOC76MIOJYP:7:B007U7M02C,A1QBOC76MIOJYP,head,1,11773,"0,14527>11773",19,9+,8,1,,control,2.049945831298828
A1QBOC76MIOJYP:7:B007U7M02C,A1QBOC76MIOJYP,head,2,6398,"0,14527,11773>6398",7,5-8,1,0,,ineligible,2.2997312545776367
A1QIG8RJL0KF1G:1:B000GKE2N0,A1QIG8RJL0KF1G,head,0,2244,0>2244,30,9+,345,1,,control,-4.737403869628906
A1QIG8RJL0KF1G:1:B000GKE2N0,A1QIG8RJL0KF1G,head,1,151,"0,2244>151",29,9+,46,1,,control,0.49631500244140625
A1QIG8RJL0KF1G:1:B000GKE2N0,A1QIG8RJL0KF1G,head,2,8498,"0,2244,151>8498",38,9+,1,0,,ineligible,3.6121253967285156
A1QK0XCAPHIW1L:2:B00393I3IG,A1QK0XCAPHIW1L,head,0,3127,0>3127,30,9+,700,1,,control,0.0559234619140625
A1QK0XCAPHIW1L:2:B00393I3IG,A1QK0XCAPHIW1L,head,1,4223,"0,3127>4223",21,9+,49,2,0.007632195949554443,control,-1.0523452758789062
A1QK0XCAPHIW1L:2:B00393I3IG,A1QK0XCAPHIW1L,head,2,20276,"0,3127,4223>20276",37,9+,1,0,,ineligible,5.406566619873047
A1QTM7NWYL49X8:6:B00ATX7JPM,A1QTM7NWYL49X8,head,0,740,0>740,30,9+,1209,1,,control,-0.8462142944335938
A1QTM7NWYL49X8:6:B00ATX7JPM,A1QTM7NWYL49X8,head,1,90,"0,740>90",53,9+,189,1,,control,1.2623825073242188
A1QTM7NWYL49X8:6:B00ATX7JPM,A1QTM7NWYL49X8,head,2,1836,"0,740,90>1836",141,9+,1,0,,ineligible,-2.931835174560547
A1QTTHN1C54MB3:1:B000TTPEXU,A1QTTHN1C54MB3,head,0,2100,0>2100,30,9+,1270,1,,control,0.29325103759765625
A1QTTHN1C54MB3:1:B000TTPEXU,A1QTTHN1C54MB3,head,1,1073,"0,2100>1073",31,9+,199,1,,control,-0.6121253967285156
A1QTTHN1C54MB3:1:B000TTPEXU,A1QTTHN1C54MB3,head,2,6676,"0,2100,1073>6676",31,9+,4,1,,control,-0.8399391174316406
A1QTTHN1C54MB3:1:B000TTPEXU,A1QTTHN1C54MB3,head,3,8874,"0,2100,1073,6676>8874",4,3-4,1,0,,ineligible,5.475934982299805
A1QWMH66PHTJYR:6:B00000JIVS,A1QWMH66PHTJYR,head,0,740,0>740,30,9+,1209,1,,control,1.8451347351074219
A1QWMH66PHTJYR:6:B00000JIVS,A1QWMH66PHTJYR,head,1,90,"0,740>90",53,9+,189,1,,control,1.1539993286132812
A1QWMH66PHTJYR:6:B00000JIVS,A1QWMH66PHTJYR,head,2,3829,"0,740,90>3829",141,9+,2,0,,ineligible,2.774473190307617
A1QWMH66PHTJYR:6:B00000JIVS,A1QWMH66PHTJYR,head,3,16537,"0,740,90,3829>16537",2,2,1,0,,ineligible,1.7833251953125
A1QXE7OX7MSL2H:1:B002DHC6FA,A1QXE7OX7MSL2H,head,0,11109,0>11109,30,9+,320,1,,control,-3.0661964416503906
A1QXE7OX7MSL2H:1:B002DHC6FA,A1QXE7OX7MSL2H,head,1,5449,"0,11109>5449",27,9+,20,1,,control,-1.0837326049804688
A1QXE7OX7MSL2H:1:B002DHC6FA,A1QXE7OX7MSL2H,head,2,4310,"0,11109,5449>4310",20,9+,1,0,,ineligible,1.5009078979492188
A1R27Q9GNRUGQQ:2:B0050PJIPS,A1R27Q9GNRUGQQ,head,0,2100,0>2100,30,9+,1270,1,,control,1.4758033752441406
A1R27Q9GNRUGQQ:2:B0050PJIPS,A1R27Q9GNRUGQQ,head,1,671,"0,2100>671",31,9+,63,1,,control,-1.6449470520019531
A1R27Q9GNRUGQQ:2:B0050PJIPS,A1R27Q9GNRUGQQ,head,2,14406,"0,2100,671>14406",29,9+,6,2,0.006087303161621094,control,2.717317581176758
A1R27Q9GNRUGQQ:2:B0050PJIPS,A1R27Q9GNRUGQQ,head,3,1861,"0,2100,671,14406>1861",4,3-4,1,0,,ineligible,-1.052621841430664
A1R2JUOGIYH6HO:10:B004KAASWG,A1R2JUOGIYH6HO,head,0,3203,0>3203,30,9+,353,1,,control,-0.9876747131347656
A1R2JUOGIYH6HO:10:B004KAASWG,A1R2JUOGIYH6HO,head,1,4322,"0,3203>4322",28,9+,42,1,,control,0.8966331481933594
A1R2JUOGIYH6HO:10:B004KAASWG,A1R2JUOGIYH6HO,head,2,30651,"0,3203,4322>30651",39,9+,1,0,,ineligible,2.7989654541015625
A1R48YW7BSTEH8:1:B004CLZRVU,A1R48YW7BSTEH8,tail,0,387,0>387,30,9+,234,1,,control,-1.2928924560546875
A1R48YW7BSTEH8:1:B004CLZRVU,A1R48YW7BSTEH8,tail,1,7688,"0,387>7688",24,9+,5,1,,control,-2.302326202392578
A1R48YW7BSTEH8:1:B004CLZRVU,A1R48YW7BSTEH8,tail,2,1996,"0,387,7688>1996",5,5-8,1,0,,ineligible,-0.2890033721923828
A1RBEJ5UQ1RWAW:3:B001PAHGJM,A1RBEJ5UQ1RWAW,head,0,25636,0>25636,30,9+,259,1,,control,-1.8261947631835938
A1RBEJ5UQ1RWAW:3:B001PAHGJM,A1RBEJ5UQ1RWAW,head,1,14384,"0,25636>14384",27,9+,12,1,,control,-0.5102939605712891
A1RBEJ5UQ1RWAW:3:B001PAHGJM,A1RBEJ5UQ1RWAW,head,2,17439,"0,25636,14384>17439",7,5-8,4,1,,control,1.6305341720581055
A1RBEJ5UQ1RWAW:3:B001PAHGJM,A1RBEJ5UQ1RWAW,head,3,8735,"0,25636,14384,17439>8735",4,3-4,1,0,,ineligible,-0.4973573684692383
A1RULH2QPYJ2PT:4:B001UIMB0I,A1RULH2QPYJ2PT,tail,0,2100,0>2100,30,9+,1270,1,,control,1.3941154479980469
A1RULH2QPYJ2PT:4:B001UIMB0I,A1RULH2QPYJ2PT,tail,1,659,"0,2100>659",31,9+,52,1,,control,3.3566055297851562
A1RULH2QPYJ2PT:4:B001UIMB0I,A1RULH2QPYJ2PT,tail,2,6311,"0,2100,659>6311",31,9+,6,2,0.013263821601867676,control,2.461212158203125
A1RULH2QPYJ2PT:4:B001UIMB0I,A1RULH2QPYJ2PT,tail,3,5730,"0,2100,659,6311>5730",3,3-4,4,1,,control,11.666077613830566
A1RULH2QPYJ2PT:4:B001UIMB0I,A1RULH2QPYJ2PT,tail,5,536,"0,2100,659,6311,5730,26210>536",4,3-4,1,0,,ineligible,3.7275562286376953
A1RVXZ3K4XL2S2:6:B00519PJTW,A1RVXZ3K4XL2S2,tail,0,2100,0>2100,30,9+,1270,1,,control,-3.077686309814453
A1RVXZ3K4XL2S2:6:B00519PJTW,A1RVXZ3K4XL2S2,tail,1,1088,"0,2100>1088",31,9+,214,5,0.0044814348220825195,control,0.9167594909667969
A1RVXZ3K4XL2S2:6:B00519PJTW,A1RVXZ3K4XL2S2,tail,2,4471,"0,2100,1088>4471",28,9+,25,1,,control,0.8199176788330078
A1RVXZ3K4XL2S2:6:B00519PJTW,A1RVXZ3K4XL2S2,tail,3,11662,"0,2100,1088,4471>11662",23,9+,1,0,,ineligible,1.3469972610473633
A1S0YN4J8R30TN:1:B0001YNLLK,A1S0YN4J8R30TN,head,0,2341,0>2341,30,9+,490,1,,control,-1.0215530395507812
A1S0YN4J8R30TN:1:B0001YNLLK,A1S0YN4J8R30TN,head,1,10224,"0,2341>10224",23,9+,42,2,0.003073394298553467,control,-0.038944244384765625
A1S0YN4J8R30TN:1:B0001YNLLK,A1S0YN4J8R30TN,head,2,13258,"0,2341,10224>13258",37,9+,2,0,,ineligible,0.2626838684082031
A1S0YN4J8R30TN:1:B0001YNLLK,A1S0YN4J8R30TN,head,5,632,"0,2341,10224,13258,31412,21332>632",2,2,1,0,,ineligible,1.164708137512207
A1S1IP62GI71D0:4:B00A8UT558,A1S1IP62GI71D0,head,0,19903,0>19903,30,9+,192,1,,control,-5.912761688232422
A1S1IP62GI71D0:4:B00A8UT558,A1S1IP62GI71D0,head,1,7326,"0,19903>7326",23,9+,2,0,,ineligible,-0.9842033386230469
A1S1IP62GI71D0:4:B00A8UT558,A1S1IP62GI71D0,head,2,4045,"0,19903,7326>4045",2,2,1,0,,ineligible,5.5127105712890625
A1S3RUN3SAKLES:2:B000ZZZ7RQ,A1S3RUN3SAKLES,tail,0,17582,0>17582,30,9+,408,1,,control,-1.526214599609375
A1S3RUN3SAKLES:2:B000ZZZ7RQ,A1S3RUN3SAKLES,tail,1,8553,"0,17582>8553",24,9+,31,2,0.006439208984375,control,1.5625572204589844
A1S3RUN3SAKLES:2:B000ZZZ7RQ,A1S3RUN3SAKLES,tail,2,12057,"0,17582,8553>12057",23,9+,1,0,,ineligible,-0.7169742584228516
A1S52XH2CS4Y26:1:B003I85V00,A1S52XH2CS4Y26,head,0,17582,0>17582,30,9+,408,1,,control,-1.5767097473144531
A1S52XH2CS4Y26:1:B003I85V00,A1S52XH2CS4Y26,head,1,4836,"0,17582>4836",24,9+,7,1,,control,0.2254638671875
A1S52XH2CS4Y26:1:B003I85V00,A1S52XH2CS4Y26,head,2,4340,"0,17582,4836>4340",6,5-8,1,0,,ineligible,3.7857742309570312
A1S7YQQGJPPFLG:3:B0014411SG,A1S7YQQGJPPFLG,head,0,467,0>467,30,9+,1159,1,,control,1.5851402282714844
A1S7YQQGJPPFLG:3:B0014411SG,A1S7YQQGJPPFLG,head,1,895,"0,467>895",24,9+,195,1,,control,1.1669120788574219
A1S7YQQGJPPFLG:3:B0014411SG,A1S7YQQGJPPFLG,head,2,73,"0,467,895>73",74,9+,12,1,,control,1.9763774871826172
A1S7YQQGJPPFLG:3:B0014411SG,A1S7YQQGJPPFLG,head,3,4785,"0,467,895,73>4785",12,9+,1,0,,ineligible,13.179899215698242
A1S9TVJIMBPB5Q:1:B000RC2VI0,A1S9TVJIMBPB5Q,head,0,387,0>387,30,9+,234,1,,control,-2.7346763610839844
A1S9TVJIMBPB5Q:1:B000RC2VI0,A1S9TVJIMBPB5Q,head,1,6244,"0,387>6244",24,9+,10,1,,control,-0.7506675720214844
A1S9TVJIMBPB5Q:1:B000RC2VI0,A1S9TVJIMBPB5Q,head,2,12285,"0,387,6244>12285",10,9+,1,0,,ineligible,-0.9007625579833984
A1SBUM00RCDDF0:1:B001IABZKU,A1SBUM00RCDDF0,head,0,387,0>387,30,9+,234,1,,control,-2.0757408142089844
A1SBUM00RCDDF0:1:B001IABZKU,A1SBUM00RCDDF0,head,1,3827,"0,387>3827",24,9+,29,5,0.00449119508266449,control,-1.4561080932617188
A1SBUM00RCDDF0:1:B001IABZKU,A1SBUM00RCDDF0,head,2,7852,"0,387,3827>7852",28,9+,1,0,,ineligible,1.6294994354248047
A1SD1C8XK3Z3V1:2:B006P135EQ,A1SD1C8XK3Z3V1,head,0,11109,0>11109,30,9+,320,1,,control,-1.9091415405273438
A1SD1C8XK3Z3V1:2:B006P135EQ,A1SD1C8XK3Z3V1,head,1,9124,"0,11109>9124",27,9+,6,1,,control,1.6850433349609375
A1SD1C8XK3Z3V1:2:B006P135EQ,A1SD1C8XK3Z3V1,head,2,27215,"0,11109,9124>27215",5,5-8,2,0,,ineligible,2.301074981689453
A1SD1C8XK3Z3V1:2:B006P135EQ,A1SD1C8XK3Z3V1,head,5,536,"0,11109,9124,27215,388,138>536",2,2,1,0,,ineligible,0.39504337310791016
A1SN0GF90DLUHI:33:B006ZMO044,A1SN0GF90DLUHI,tail,0,467,0>467,30,9+,1159,1,,control,0.435821533203125
A1SN0GF90DLUHI:33:B006ZMO044,A1SN0GF90DLUHI,tail,1,2190,"0,467>2190",24,9+,7,1,,control,-3.3584976196289062
A1SN0GF90DLUHI:33:B006ZMO044,A1SN0GF90DLUHI,tail,2,8717,"0,467,2190>8717",5,5-8,2,0,,ineligible,4.702886581420898
A1SN0GF90DLUHI:33:B006ZMO044,A1SN0GF90DLUHI,tail,3,18231,"0,467,2190,8717>18231",2,2,1,0,,ineligible,3.05293345451355
A1SYBZGLBKIEBG:1:B001GL4HOC,A1SYBZGLBKIEBG,tail,0,2948,0>2948,30,9+,297,1,,control,1.1193885803222656
A1SYBZGLBKIEBG:1:B001GL4HOC,A1SYBZGLBKIEBG,tail,1,7620,"0,2948>7620",27,9+,8,2,0.00869739055633545,control,2.3288955688476562
A1SYBZGLBKIEBG:1:B001GL4HOC,A1SYBZGLBKIEBG,tail,2,22820,"0,2948,7620>22820",8,5-8,1,0,,ineligible,2.804671287536621
A1U7M885725D9X:6:B000VWQ6C8,A1U7M885725D9X,head,0,17582,0>17582,30,9+,408,1,,control,-1.3497161865234375
A1U7M885725D9X:6:B000VWQ6C8,A1U7M885725D9X,head,1,1228,"0,17582>1228",24,9+,90,1,,control,1.3343162536621094
A1U7M885725D9X:6:B000VWQ6C8,A1U7M885725D9X,head,2,25986,"0,17582,1228>25986",72,9+,1,0,,ineligible,1.9141521453857422
A1U7R3ARZUHQ3C:3:B008VTLRYA,A1U7R3ARZUHQ3C,tail,0,1041,0>1041,30,9+,628,1,,control,3.3933486938476562
A1U7R3ARZUHQ3C:3:B008VTLRYA,A1U7R3ARZUHQ3C,tail,1,18784,"0,1041>18784",27,9+,10,3,0.007422745227813721,control,4.849323272705078
A1U7R3ARZUHQ3C:3:B008VTLRYA,A1U7R3ARZUHQ3C,tail,2,5399,"0,1041,18784>5399",5,5-8,5,1,,control,4.97273063659668
A1U7R3ARZUHQ3C:3:B008VTLRYA,A1U7R3ARZUHQ3C,tail,3,7097,"0,1041,18784,5399>7097",4,3-4,1,0,,ineligible,-1.5018444061279297
A1U87I0LK7M2ZU:2:B008DBZC88,A1U87I0LK7M2ZU,tail,0,1041,0>1041,30,9+,628,1,,control,2.5173416137695312
A1U87I0LK7M2ZU:2:B008DBZC88,A1U87I0LK7M2ZU,tail,1,29151,"0,1041>29151",27,9+,28,1,,control,6.055736541748047
A1U87I0LK7M2ZU:2:B008DBZC88,A1U87I0LK7M2ZU,tail,2,26569,"0,1041,29151>26569",9,9+,20,1,,control,10.85123348236084
A1U87I0LK7M2ZU:2:B008DBZC88,A1U87I0LK7M2ZU,tail,3,21615,"0,1041,29151,26569>21615",2,2,19,1,,control,19.469703674316406
A1U87I0LK7M2ZU:2:B008DBZC88,A1U87I0LK7M2ZU,tail,4,1191,"0,1041,29151,26569,21615>1191",4,3-4,15,1,,control,3.4931516647338867
A1U87I0LK7M2ZU:2:B008DBZC88,A1U87I0LK7M2ZU,tail,5,632,"0,1041,29151,26569,21615,1191>632",15,9+,1,0,,ineligible,-2.0388574600219727
A1U9EX5JY2P5IH:5:B000LT2ILE,A1U9EX5JY2P5IH,tail,0,1871,0>1871,30,9+,482,1,,control,1.0645256042480469
A1U9EX5JY2P5IH:5:B000LT2ILE,A1U9EX5JY2P5IH,tail,1,8719,"0,1871>8719",29,9+,45,1,,control,1.2913932800292969
A1U9EX5JY2P5IH:5:B000LT2ILE,A1U9EX5JY2P5IH,tail,2,10019,"0,1871,8719>10019",31,9+,1,0,,ineligible,-3.940053939819336
A1UCPXUBSESD65:7:B008KCQRPW,A1UCPXUBSESD65,head,0,2100,0>2100,30,9+,1270,1,,control,-1.0443687438964844
A1UCPXUBSESD65:7:B008KCQRPW,A1UCPXUBSESD65,head,1,1073,"0,2100>1073",31,9+,199,1,,control,1.6076087951660156
A1UCPXUBSESD65:7:B008KCQRPW,A1UCPXUBSESD65,head,2,8376,"0,2100,1073>8376",31,9+,21,1,,control,3.0597915649414062
A1UCPXUBSESD65:7:B008KCQRPW,A1UCPXUBSESD65,head,3,20176,"0,2100,1073,8376>20176",21,9+,1,0,,ineligible,3.9780654907226562
A1UFLVSJ3IRETQ:7:B004D3A9AG,A1UFLVSJ3IRETQ,head,0,467,0>467,30,9+,1159,1,,control,4.285400390625
A1UFLVSJ3IRETQ:7:B004D3A9AG,A1UFLVSJ3IRETQ,head,1,1476,"0,467>1476",24,9+,556,1,,control,1.6667518615722656
A1UFLVSJ3IRETQ:7:B004D3A9AG,A1UFLVSJ3IRETQ,head,2,1939,"0,467,1476>1939",186,9+,5,1,,control,-2.092742919921875
A1UFLVSJ3IRETQ:7:B004D3A9AG,A1UFLVSJ3IRETQ,head,3,7293,"0,467,1476,1939>7293",4,3-4,1,0,,ineligible,1.058279037475586
A1UQ2YP76IWKS1:1:B004FPHIDI,A1UQ2YP76IWKS1,tail,0,2100,0>2100,30,9+,1270,1,,control,0.3784217834472656
A1UQ2YP76IWKS1:1:B004FPHIDI,A1UQ2YP76IWKS1,tail,1,4672,"0,2100>4672",31,9+,19,4,0.004638969898223877,control,-5.696102142333984
A1UQ2YP76IWKS1:1:B004FPHIDI,A1UQ2YP76IWKS1,tail,2,26404,"0,2100,4672>26404",13,9+,1,0,,ineligible,-2.0993785858154297
A1UV5NB0DXTSWH:7:B0083TXVW4,A1UV5NB0DXTSWH,head,0,19903,0>19903,30,9+,192,1,,control,-3.3306808471679688
A1UV5NB0DXTSWH:7:B0083TXVW4,A1UV5NB0DXTSWH,head,1,7567,"0,19903>7567",23,9+,10,2,0.01636117696762085,control,2.628856658935547
A1UV5NB0DXTSWH:7:B0083TXVW4,A1UV5NB0DXTSWH,head,2,9856,"0,19903,7567>9856",8,5-8,2,0,,ineligible,4.277383804321289
A1UV5NB0DXTSWH:7:B0083TXVW4,A1UV5NB0DXTSWH,head,3,11203,"0,19903,7567,9856>11203",2,2,1,0,,ineligible,14.156103134155273
A1UWZ5VV9D3SG4:1:B000NQMAFO,A1UWZ5VV9D3SG4,head,0,2100,0>2100,30,9+,1270,1,,control,-2.0689544677734375
A1UWZ5VV9D3SG4:1:B000NQMAFO,A1UWZ5VV9D3SG4,head,1,2056,"0,2100>2056",31,9+,66,2,0.0024385452270507812,control,1.2732582092285156
A1UWZ5VV9D3SG4:1:B000NQMAFO,A1UWZ5VV9D3SG4,head,2,4907,"0,2100,2056>4907",25,9+,14,1,,control,1.0590438842773438
A1UWZ5VV9D3SG4:1:B000NQMAFO,A1UWZ5VV9D3SG4,head,3,25027,"0,2100,2056,4907>25027",12,9+,1,0,,ineligible,0.10384368896484375
A1VABWDOUQLULZ:19:B000ARW60U,A1VABWDOUQLULZ,head,0,2341,0>2341,30,9+,490,1,,control,-1.9829254150390625
A1VABWDOUQLULZ:19:B000ARW60U,A1VABWDOUQLULZ,head,1,159,"0,2341>159",23,9+,39,1,,control,-0.3182868957519531
A1VABWDOUQLULZ:19:B000ARW60U,A1VABWDOUQLULZ,head,2,18003,"0,2341,159>18003",32,9+,1,0,,ineligible,1.8536567687988281
A1VBDBOCUBID8Q:1:B0006PKZBI,A1VBDBOCUBID8Q,head,0,740,0>740,30,9+,1209,1,,control,1.9195671081542969
A1VBDBOCUBID8Q:1:B0006PKZBI,A1VBDBOCUBID8Q,head,1,1438,"0,740>1438",53,9+,51,1,,control,-0.4034614562988281
A1VBDBOCUBID8Q:1:B0006PKZBI,A1VBDBOCUBID8Q,head,2,4595,"0,740,1438>4595",43,9+,3,1,,control,-0.13605499267578125
A1VBDBOCUBID8Q:1:B0006PKZBI,A1VBDBOCUBID8Q,head,3,2859,"0,740,1438,4595>2859",3,3-4,1,0,,ineligible,7.46735954284668
A1VGWWV36PBC3W:5:B0083TXY08,A1VGWWV36PBC3W,head,0,2100,0>2100,30,9+,1270,1,,control,1.8557968139648438
A1VGWWV36PBC3W:5:B0083TXY08,A1VGWWV36PBC3W,head,1,687,"0,2100>687",31,9+,30,1,,control,0.6284294128417969
A1VGWWV36PBC3W:5:B0083TXY08,A1VGWWV36PBC3W,head,2,20455,"0,2100,687>20455",18,9+,1,0,,ineligible,0.8387165069580078
A1VJPT9JEL3C04:2:B004ORYX6M,A1VJPT9JEL3C04,tail,0,2948,0>2948,30,9+,297,1,,control,-2.0871200561523438
A1VJPT9JEL3C04:2:B004ORYX6M,A1VJPT9JEL3C04,tail,1,21463,"0,2948>21463",27,9+,14,1,,control,-1.2658767700195312
A1VJPT9JEL3C04:2:B004ORYX6M,A1VJPT9JEL3C04,tail,2,8944,"0,2948,21463>8944",13,9+,1,0,,ineligible,-0.5392837524414062
A1VMMMFNAMF87S:7:B004S6DV2G,A1VMMMFNAMF87S,head,0,3127,0>3127,30,9+,700,1,,control,-1.7259101867675781
A1VMMMFNAMF87S:7:B004S6DV2G,A1VMMMFNAMF87S,head,1,1394,"0,3127>1394",21,9+,44,2,0.0027943849563598633,control,-0.13719749450683594
A1VMMMFNAMF87S:7:B004S6DV2G,A1VMMMFNAMF87S,head,2,11526,"0,3127,1394>11526",29,9+,1,0,,ineligible,1.7090768814086914
A1VP3NQPR7WFN3:1:B000NX0IQK,A1VP3NQPR7WFN3,tail,0,2100,0>2100,30,9+,1270,1,,control,-0.4557533264160156
A1VP3NQPR7WFN3:1:B000NX0IQK,A1VP3NQPR7WFN3,tail,1,671,"0,2100>671",31,9+,63,1,,control,-1.6305160522460938
A1VP3NQPR7WFN3:1:B000NX0IQK,A1VP3NQPR7WFN3,tail,2,5792,"0,2100,671>5792",29,9+,1,0,,ineligible,-2.5957584381103516
A1VPXKC59XKWLA:3:B000FZND9U,A1VPXKC59XKWLA,tail,0,740,0>740,30,9+,1209,1,,control,-1.98699951171875
A1VPXKC59XKWLA:3:B000FZND9U,A1VPXKC59XKWLA,tail,1,8803,"0,740>8803",53,9+,30,1,,control,-0.45830535888671875
A1VPXKC59XKWLA:3:B000FZND9U,A1VPXKC59XKWLA,tail,2,21910,"0,740,8803>21910",25,9+,2,0,,ineligible,1.4828567504882812
A1VPXKC59XKWLA:3:B000FZND9U,A1VPXKC59XKWLA,tail,3,158,"0,740,8803,21910>158",2,2,1,0,,ineligible,-1.9983644485473633
A1VPZRB49KCQFT:5:B004M13Z7S,A1VPZRB49KCQFT,tail,0,16352,0>16352,30,9+,180,1,,control,5.167072296142578
A1VPZRB49KCQFT:5:B004M13Z7S,A1VPZRB49KCQFT,tail,1,8720,"0,16352>8720",25,9+,10,1,,control,-2.3466796875
A1VPZRB49KCQFT:5:B004M13Z7S,A1VPZRB49KCQFT,tail,2,2719,"0,16352,8720>2719",7,5-8,2,0,,ineligible,4.349900245666504
A1VPZRB49KCQFT:5:B004M13Z7S,A1VPZRB49KCQFT,tail,3,1309,"0,16352,8720,2719>1309",2,2,1,0,,ineligible,8.047420501708984
A1VQCOMUERYLCP:1:B00006JZCM,A1VQCOMUERYLCP,tail,0,2341,0>2341,30,9+,490,1,,control,0.37076568603515625
A1VQCOMUERYLCP:1:B00006JZCM,A1VQCOMUERYLCP,tail,1,9062,"0,2341>9062",23,9+,123,1,,control,1.6195793151855469
A1VQCOMUERYLCP:1:B00006JZCM,A1VQCOMUERYLCP,tail,2,14193,"0,2341,9062>14193",71,9+,1,0,,ineligible,-6.223396301269531
A1VR1HIOVQWN09:5:B007GFFGFQ,A1VR1HIOVQWN09,tail,0,740,0>740,30,9+,1209,1,,control,4.908275604248047
A1VR1HIOVQWN09:5:B007GFFGFQ,A1VR1HIOVQWN09,tail,1,6899,"0,740>6899",53,9+,12,1,,control,3.5192337036132812
A1VR1HIOVQWN09:5:B007GFFGFQ,A1VR1HIOVQWN09,tail,2,6711,"0,740,6899>6711",11,9+,1,0,,ineligible,-0.7641277313232422
A1W29F7XBGVQA1:4:B004M2BINA,A1W29F7XBGVQA1,head,0,25636,0>25636,30,9+,259,1,,control,-3.017322540283203
A1W29F7XBGVQA1:4:B004M2BINA,A1W29F7XBGVQA1,head,1,22685,"0,25636>22685",27,9+,18,1,,control,-0.44864654541015625
A1W29F7XBGVQA1:4:B004M2BINA,A1W29F7XBGVQA1,head,2,444,"0,25636,22685>444",15,9+,1,0,,ineligible,0.18231964111328125
A1W9JOFE6F89FB:12:B00B5OL28Y,A1W9JOFE6F89FB,head,0,467,0>467,30,9+,1159,1,,control,0.5931282043457031
A1W9JOFE6F89FB:12:B00B5OL28Y,A1W9JOFE6F89FB,head,1,317,"0,467>317",24,9+,26,1,,control,-1.5472946166992188
A1W9JOFE6F89FB:12:B00B5OL28Y,A1W9JOFE6F89FB,head,2,6124,"0,467,317>6124",23,9+,1,0,,ineligible,2.355358123779297
A1WA9YMKWDQGZZ:2:B0042ESGVA,A1WA9YMKWDQGZZ,tail,0,14295,0>14295,30,9+,759,1,,control,-1.5957870483398438
A1WA9YMKWDQGZZ:2:B0042ESGVA,A1WA9YMKWDQGZZ,tail,1,3827,"0,14295>3827",44,9+,11,5,0.006817132234573364,control,-1.6972274780273438
A1WA9YMKWDQGZZ:2:B0042ESGVA,A1WA9YMKWDQGZZ,tail,2,29375,"0,14295,3827>29375",11,9+,1,0,,ineligible,-0.7356662750244141
A1WDDZTSP0F3KE:1:B004MWN0Y0,A1WDDZTSP0F3KE,head,0,14527,0>14527,30,9+,388,1,,control,-0.6965065002441406
A1WDDZTSP0F3KE:1:B004MWN0Y0,A1WDDZTSP0F3KE,head,1,20901,"0,14527>20901",19,9+,31,1,,control,-1.6643753051757812
A1WDDZTSP0F3KE:1:B004MWN0Y0,A1WDDZTSP0F3KE,head,2,1370,"0,14527,20901>1370",29,9+,2,0,,ineligible,-0.7911491394042969
A1WDDZTSP0F3KE:1:B004MWN0Y0,A1WDDZTSP0F3KE,head,4,3407,"0,14527,20901,1370,5612>3407",2,2,1,0,,ineligible,2.626840591430664
A1WGR2ZO77RZNP:50:B007MRWZL6,A1WGR2ZO77RZNP,tail,0,14351,0>14351,30,9+,196,1,,control,1.1758995056152344
A1WGR2ZO77RZNP:50:B007MRWZL6,A1WGR2ZO77RZNP,tail,1,15073,"0,14351>15073",25,9+,33,1,,control,2.5879688262939453
A1WGR2ZO77RZNP:50:B007MRWZL6,A1WGR2ZO77RZNP,tail,2,23586,"0,14351,15073>23586",28,9+,1,0,,ineligible,-2.563770294189453
A1WH9Z5S1J1VA4:3:B0001X2XE2,A1WH9Z5S1J1VA4,head,0,14295,0>14295,30,9+,759,1,,control,-1.2961921691894531
A1WH9Z5S1J1VA4:3:B0001X2XE2,A1WH9Z5S1J1VA4,head,1,13402,"0,14295>13402",44,9+,17,1,,control,-1.2939338684082031
A1WH9Z5S1J1VA4:3:B0001X2XE2,A1WH9Z5S1J1VA4,head,2,18006,"0,14295,13402>18006",10,9+,1,0,,ineligible,-0.24547100067138672
A1WMC37L5Z4E9A:1:B00009KWU4,A1WMC37L5Z4E9A,tail,0,2100,0>2100,30,9+,1270,1,,control,-2.7700881958007812
A1WMC37L5Z4E9A:1:B00009KWU4,A1WMC37L5Z4E9A,tail,1,1088,"0,2100>1088",31,9+,214,5,0.0044814348220825195,control,-0.01914215087890625
A1WMC37L5Z4E9A:1:B00009KWU4,A1WMC37L5Z4E9A,tail,2,16802,"0,2100,1088>16802",28,9+,4,1,,control,-2.375415802001953
A1WMC37L5Z4E9A:1:B00009KWU4,A1WMC37L5Z4E9A,tail,3,2004,"0,2100,1088,16802>2004",3,3-4,2,0,,ineligible,2.898453712463379
A1WMC37L5Z4E9A:1:B00009KWU4,A1WMC37L5Z4E9A,tail,5,632,"0,2100,1088,16802,2004,16331>632",2,2,1,0,,ineligible,0.37251853942871094
A1WR3SVI3YRADM:4:B00385OY42,A1WR3SVI3YRADM,tail,0,14527,0>14527,30,9+,388,1,,control,-0.8851203918457031
A1WR3SVI3YRADM:4:B00385OY42,A1WR3SVI3YRADM,tail,1,889,"0,14527>889",19,9+,8,1,,control,-4.098297119140625
A1WR3SVI3YRADM:4:B00385OY42,A1WR3SVI3YRADM,tail,2,6647,"0,14527,889>6647",7,5-8,1,0,,ineligible,0.636260986328125
A1WSQ0QRWQC7VI:8:B0050QQQ2K,A1WSQ0QRWQC7VI,head,0,14295,0>14295,30,9+,759,1,,control,-1.3472747802734375
A1WSQ0QRWQC7VI:8:B0050QQQ2K,A1WSQ0QRWQC7VI,head,1,7267,"0,14295>7267",44,9+,23,1,,control,0.9817924499511719
A1WSQ0QRWQC7VI:8:B0050QQQ2K,A1WSQ0QRWQC7VI,head,2,25555,"0,14295,7267>25555",21,9+,2,0,,ineligible,2.1023426055908203
A1WSQ0QRWQC7VI:8:B0050QQQ2K,A1WSQ0QRWQC7VI,head,3,7390,"0,14295,7267,25555>7390",2,2,1,0,,ineligible,3.9453907012939453
A1X09KP7JNVG8Q:1:B00AAOJ142,A1X09KP7JNVG8Q,head,0,16352,0>16352,30,9+,180,1,,control,7.444490432739258
A1X09KP7JNVG8Q:1:B00AAOJ142,A1X09KP7JNVG8Q,head,1,9285,"0,16352>9285",25,9+,8,1,,control,3.4202098846435547
A1X09KP7JNVG8Q:1:B00AAOJ142,A1X09KP7JNVG8Q,head,2,14577,"0,16352,9285>14577",4,3-4,4,1,,control,5.80877685546875
A1X09KP7JNVG8Q:1:B00AAOJ142,A1X09KP7JNVG8Q,head,3,13944,"0,16352,9285,14577>13944",2,2,1,0,,ineligible,12.306634902954102
A1X0A4DC5S8D6X:3:B002U4N19G,A1X0A4DC5S8D6X,tail,0,14295,0>14295,30,9+,759,1,,control,-0.14780426025390625
A1X0A4DC5S8D6X:3:B002U4N19G,A1X0A4DC5S8D6X,tail,1,4232,"0,14295>4232",44,9+,137,1,,control,0.14141464233398438
A1X0A4DC5S8D6X:3:B002U4N19G,A1X0A4DC5S8D6X,tail,2,11706,"0,14295,4232>11706",96,9+,1,0,,ineligible,-4.144323348999023
A1XE3S44YJ5NOL:4:B0006HCA82,A1XE3S44YJ5NOL,tail,0,467,0>467,30,9+,1159,1,,control,1.9431037902832031
A1XE3S44YJ5NOL:4:B0006HCA82,A1XE3S44YJ5NOL,tail,1,1476,"0,467>1476",24,9+,556,1,,control,2.6464977264404297
A1XE3S44YJ5NOL:4:B0006HCA82,A1XE3S44YJ5NOL,tail,2,3950,"0,467,1476>3950",186,9+,3,1,,control,-2.38623046875
A1XE3S44YJ5NOL:4:B0006HCA82,A1XE3S44YJ5NOL,tail,3,10901,"0,467,1476,3950>10901",3,3-4,1,0,,ineligible,-1.1795927286148071
A1XG8IS1J7M2RQ:1:B001G60J1M,A1XG8IS1J7M2RQ,tail,0,740,0>740,30,9+,1209,1,,control,-0.5936546325683594
A1XG8IS1J7M2RQ:1:B001G60J1M,A1XG8IS1J7M2RQ,tail,1,5487,"0,740>5487",53,9+,19,1,,control,-2.1532135009765625
A1XG8IS1J7M2RQ:1:B001G60J1M,A1XG8IS1J7M2RQ,tail,2,8320,"0,740,5487>8320",14,9+,1,0,,ineligible,-2.5825185775756836
A1XJOSJN6FHFO0:8:B00005MNV6,A1XJOSJN6FHFO0,tail,0,17582,0>17582,30,9+,408,1,,control,-2.2633209228515625
A1XJOSJN6FHFO0:8:B00005MNV6,A1XJOSJN6FHFO0,tail,1,4836,"0,17582>4836",24,9+,7,1,,control,-1.6582298278808594
A1XJOSJN6FHFO0:8:B00005MNV6,A1XJOSJN6FHFO0,tail,2,25190,"0,17582,4836>25190",6,5-8,1,0,,ineligible,-2.396627426147461
A1XK7D46Q5YPR8:2:B00000IZQP,A1XK7D46Q5YPR8,head,0,1871,0>1871,30,9+,482,1,,control,1.3425254821777344
A1XK7D46Q5YPR8:2:B00000IZQP,A1XK7D46Q5YPR8,head,1,9013,"0,1871>9013",29,9+,20,2,0.0030452609062194824,control,-0.8395423889160156
A1XK7D46Q5YPR8:2:B00000IZQP,A1XK7D46Q5YPR8,head,2,12518,"0,1871,9013>12518",14,9+,2,0,,ineligible,-1.2633819580078125
A1XK7D46Q5YPR8:2:B00000IZQP,A1XK7D46Q5YPR8,head,3,9619,"0,1871,9013,12518>9619",2,2,1,0,,ineligible,5.659208297729492
A1XNGAZP0EZ4KA:2:B001T77HF4,A1XNGAZP0EZ4KA,tail,0,11109,0>11109,30,9+,320,1,,control,-2.2510414123535156
A1XNGAZP0EZ4KA:2:B001T77HF4,A1XNGAZP0EZ4KA,tail,1,9124,"0,11109>9124",27,9+,6,1,,control,-3.0590362548828125
A1XNGAZP0EZ4KA:2:B001T77HF4,A1XNGAZP0EZ4KA,tail,2,17723,"0,11109,9124>17723",5,5-8,1,0,,ineligible,-1.057748794555664
A1XP22C1M2V9IL:2:B004S8F7QM,A1XP22C1M2V9IL,head,0,467,0>467,30,9+,1159,1,,control,-1.4016571044921875
A1XP22C1M2V9IL:2:B004S8F7QM,A1XP22C1M2V9IL,head,1,895,"0,467>895",24,9+,195,1,,control,-1.4660186767578125
A1XP22C1M2V9IL:2:B004S8F7QM,A1XP22C1M2V9IL,head,2,12540,"0,467,895>12540",74,9+,6,1,,control,2.1314315795898438
A1XP22C1M2V9IL:2:B004S8F7QM,A1XP22C1M2V9IL,head,3,17425,"0,467,895,12540>17425",6,5-8,1,0,,ineligible,3.8409080505371094
A1XQENKF1Z3HMJ:3:B004VEPODO,A1XQENKF1Z3HMJ,tail,0,11109,0>11109,30,9+,320,1,,control,-1.8814659118652344
A1XQENKF1Z3HMJ:3:B004VEPODO,A1XQENKF1Z3HMJ,tail,1,26223,"0,11109>26223",27,9+,23,1,,control,0.8279914855957031
A1XQENKF1Z3HMJ:3:B004VEPODO,A1XQENKF1Z3HMJ,tail,2,25573,"0,11109,26223>25573",8,5-8,1,0,,ineligible,-7.833161354064941
A1XTZEZCTEADJZ:1:B004PBJFO2,A1XTZEZCTEADJZ,head,0,2341,0>2341,30,9+,490,1,,control,-0.14918136596679688
A1XTZEZCTEADJZ:1:B004PBJFO2,A1XTZEZCTEADJZ,head,1,13546,"0,2341>13546",23,9+,40,1,,control,-2.1119003295898438
A1XTZEZCTEADJZ:1:B004PBJFO2,A1XTZEZCTEADJZ,head,2,28727,"0,2341,13546>28727",33,9+,1,0,,ineligible,-0.6658506393432617
A1Y1IE41K2NDT1:3:B00840LB56,A1Y1IE41K2NDT1,tail,0,14295,0>14295,30,9+,759,1,,control,3.2795639038085938
A1Y1IE41K2NDT1:3:B00840LB56,A1Y1IE41K2NDT1,tail,1,2099,"0,14295>2099",44,9+,5,1,,control,5.031085968017578
A1Y1IE41K2NDT1:3:B00840LB56,A1Y1IE41K2NDT1,tail,2,21129,"0,14295,2099>21129",5,5-8,1,0,,ineligible,5.1717071533203125
A1Y2MU208EZ8HS:2:B002YNS0EY,A1Y2MU208EZ8HS,head,0,2244,0>2244,30,9+,345,1,,control,-0.3949432373046875
A1Y2MU208EZ8HS:2:B002YNS0EY,A1Y2MU208EZ8HS,head,1,151,"0,2244>151",29,9+,46,1,,control,2.244892120361328
A1Y2MU208EZ8HS:2:B002YNS0EY,A1Y2MU208EZ8HS,head,2,885,"0,2244,151>885",38,9+,1,0,,ineligible,3.5875492095947266
A1Y4LW3U3U73EP:14:B009DPJ6U8,A1Y4LW3U3U73EP,tail,0,740,0>740,30,9+,1209,1,,control,-2.1317367553710938
A1Y4LW3U3U73EP:14:B009DPJ6U8,A1Y4LW3U3U73EP,tail,1,3009,"0,740>3009",53,9+,16,1,,control,-0.8961143493652344
A1Y4LW3U3U73EP:14:B009DPJ6U8,A1Y4LW3U3U73EP,tail,2,26946,"0,740,3009>26946",14,9+,2,0,,ineligible,-0.38996410369873047
A1Y4LW3U3U73EP:14:B009DPJ6U8,A1Y4LW3U3U73EP,tail,3,3795,"0,740,3009,26946>3795",2,2,1,0,,ineligible,5.162772178649902
A1Y8JOESGA6C5D:4:B000FK3WDC,A1Y8JOESGA6C5D,head,0,2100,0>2100,30,9+,1270,1,,control,0.30214691162109375
A1Y8JOESGA6C5D:4:B000FK3WDC,A1Y8JOESGA6C5D,head,1,1088,"0,2100>1088",31,9+,214,5,0.0044814348220825195,control,1.2000312805175781
A1Y8JOESGA6C5D:4:B000FK3WDC,A1Y8JOESGA6C5D,head,2,13412,"0,2100,1088>13412",28,9+,3,1,,control,1.182088851928711
A1Y8JOESGA6C5D:4:B000FK3WDC,A1Y8JOESGA6C5D,head,4,17255,"0,2100,1088,13412,2249>17255",3,3-4,1,0,,ineligible,8.52721881866455
A1YGEBPFDD2QT8:4:B0043WAP60,A1YGEBPFDD2QT8,tail,0,14295,0>14295,30,9+,759,1,,control,-0.9919624328613281
A1YGEBPFDD2QT8:4:B0043WAP60,A1YGEBPFDD2QT8,tail,1,7267,"0,14295>7267",44,9+,23,1,,control,0.38463592529296875
A1YGEBPFDD2QT8:4:B0043WAP60,A1YGEBPFDD2QT8,tail,2,3841,"0,14295,7267>3841",21,9+,1,0,,ineligible,0.6735057830810547
A1YGLSK49JI3NC:4:B0037UT3E4,A1YGLSK49JI3NC,head,0,2341,0>2341,30,9+,490,1,,control,-1.2779884338378906
A1YGLSK49JI3NC:4:B0037UT3E4,A1YGLSK49JI3NC,head,1,5726,"0,2341>5726",23,9+,20,1,,control,-2.5830078125
A1YGLSK49JI3NC:4:B0037UT3E4,A1YGLSK49JI3NC,head,2,9568,"0,2341,5726>9568",15,9+,1,0,,ineligible,2.9889230728149414
A1YKXVGAIA8952:9:B00BH0GBE6,A1YKXVGAIA8952,tail,0,2948,0>2948,30,9+,297,1,,control,-2.2397994995117188
A1YKXVGAIA8952:9:B00BH0GBE6,A1YKXVGAIA8952,tail,1,2592,"0,2948>2592",27,9+,7,2,0.003130316734313965,control,-1.43359375
A1YKXVGAIA8952:9:B00BH0GBE6,A1YKXVGAIA8952,tail,2,9568,"0,2948,2592>9568",7,5-8,1,0,,ineligible,1.1934242248535156
A1YPPPXDRR030H:9:B0009Z3KDU,A1YPPPXDRR030H,tail,0,2100,0>2100,30,9+,1270,1,,control,0.3633842468261719
A1YPPPXDRR030H:9:B0009Z3KDU,A1YPPPXDRR030H,tail,1,15721,"0,2100>15721",31,9+,55,2,0.007780551910400391,control,-1.7211532592773438
A1YPPPXDRR030H:9:B0009Z3KDU,A1YPPPXDRR030H,tail,2,14526,"0,2100,15721>14526",23,9+,12,2,0.006601154804229736,control,0.06542396545410156
A1YPPPXDRR030H:9:B0009Z3KDU,A1YPPPXDRR030H,tail,3,1076,"0,2100,15721,14526>1076",10,9+,1,0,,ineligible,0.4237022399902344
A1YYI151S7II10:11:B006L7KIWG,A1YYI151S7II10,tail,0,467,0>467,30,9+,1159,1,,control,6.003902435302734
A1YYI151S7II10:11:B006L7KIWG,A1YYI151S7II10,tail,1,1476,"0,467>1476",24,9+,556,1,,control,0.9818344116210938
A1YYI151S7II10:11:B006L7KIWG,A1YYI151S7II10,tail,2,4182,"0,467,1476>4182",186,9+,7,1,,control,-0.5911369323730469
A1YYI151S7II10:11:B006L7KIWG,A1YYI151S7II10,tail,3,6098,"0,467,1476,4182>6098",7,5-8,1,0,,ineligible,3.0123584270477295
A1Z0LTKUA6F94D:7:B00199LDRA,A1Z0LTKUA6F94D,head,0,2948,0>2948,30,9+,297,1,,control,-3.066070556640625
A1Z0LTKUA6F94D:7:B00199LDRA,A1Z0LTKUA6F94D,head,1,1312,"0,2948>1312",27,9+,63,1,,control,-0.969512939453125
A1Z0LTKUA6F94D:7:B00199LDRA,A1Z0LTKUA6F94D,head,2,8612,"0,2948,1312>8612",49,9+,1,0,,ineligible,-0.7807350158691406
A1ZH822HF9CVV:4:B00BNWI4WA,A1ZH822HF9CVV,tail,0,2948,0>2948,30,9+,297,1,,control,-0.004100799560546875
A1ZH822HF9CVV:4:B00BNWI4WA,A1ZH822HF9CVV,tail,1,2592,"0,2948>2592",27,9+,7,2,0.003130316734313965,control,3.2271194458007812
A1ZH822HF9CVV:4:B00BNWI4WA,A1ZH822HF9CVV,tail,2,3470,"0,2948,2592>3470",7,5-8,1,0,,ineligible,4.955598831176758
A1ZICRF3PTIHO6:2:B00123AUPO,A1ZICRF3PTIHO6,tail,0,11109,0>11109,30,9+,320,1,,control,-2.085521697998047
A1ZICRF3PTIHO6:2:B00123AUPO,A1ZICRF3PTIHO6,tail,1,232,"0,11109>232",27,9+,5,2,0.005107104778289795,control,-2.999124526977539
A1ZICRF3PTIHO6:2:B00123AUPO,A1ZICRF3PTIHO6,tail,2,31553,"0,11109,232>31553",4,3-4,1,0,,ineligible,3.1396164894104004
A1ZSEERM9E52XI:6:B00000IRW0,A1ZSEERM9E52XI,tail,0,740,0>740,30,9+,1209,1,,control,0.0006866455078125
A1ZSEERM9E52XI:6:B00000IRW0,A1ZSEERM9E52XI,tail,1,5748,"0,740>5748",53,9+,45,3,0.005589962005615234,control,-0.1035003662109375
A1ZSEERM9E52XI:6:B00000IRW0,A1ZSEERM9E52XI,tail,2,2601,"0,740,5748>2601",36,9+,1,0,,ineligible,-4.647104263305664
A1ZSSHFUSZUC3Y:1:B000ZPF8RA,A1ZSSHFUSZUC3Y,tail,0,14295,0>14295,30,9+,759,1,,control,2.8351211547851562
A1ZSSHFUSZUC3Y:1:B000ZPF8RA,A1ZSSHFUSZUC3Y,tail,1,6330,"0,14295>6330",44,9+,28,1,,control,2.5862998962402344
A1ZSSHFUSZUC3Y:1:B000ZPF8RA,A1ZSSHFUSZUC3Y,tail,2,25250,"0,14295,6330>25250",22,9+,1,0,,ineligible,-2.3294363021850586
A1ZTLE0JCBHDTA:5:B000058A39,A1ZTLE0JCBHDTA,head,0,1871,0>1871,30,9+,482,1,,control,0.9976272583007812
A1ZTLE0JCBHDTA:5:B000058A39,A1ZTLE0JCBHDTA,head,1,2495,"0,1871>2495",29,9+,54,1,,control,-1.0018424987792969
A1ZTLE0JCBHDTA:5:B000058A39,A1ZTLE0JCBHDTA,head,2,21975,"0,1871,2495>21975",45,9+,1,0,,ineligible,1.4412622451782227
A200A0A9EB4WTH:2:B000ACYW7K,A200A0A9EB4WTH,tail,0,2341,0>2341,30,9+,490,1,,control,1.43719482421875
A200A0A9EB4WTH:2:B000ACYW7K,A200A0A9EB4WTH,tail,1,26141,"0,2341>26141",23,9+,11,2,0.006571650505065918,control,4.100292205810547
A200A0A9EB4WTH:2:B000ACYW7K,A200A0A9EB4WTH,tail,2,9488,"0,2341,26141>9488",10,9+,2,0,,ineligible,4.713970184326172
A200A0A9EB4WTH:2:B000ACYW7K,A200A0A9EB4WTH,tail,4,609,"0,2341,26141,9488,9552>609",2,2,1,0,,ineligible,12.529815673828125
A20361V1Y2GZ5X:1:B001LO9TS8,A20361V1Y2GZ5X,head,0,2100,0>2100,30,9+,1270,1,,control,-0.8913192749023438
A20361V1Y2GZ5X:1:B001LO9TS8,A20361V1Y2GZ5X,head,1,11144,"0,2100>11144",31,9+,25,2,0.011710703372955322,control,-1.7887229919433594
A20361V1Y2GZ5X:1:B001LO9TS8,A20361V1Y2GZ5X,head,2,7424,"0,2100,11144>7424",19,9+,5,1,,control,1.8018360137939453
A20361V1Y2GZ5X:1:B001LO9TS8,A20361V1Y2GZ5X,head,4,1127,"0,2100,11144,7424,14916>1127",4,3-4,2,0,,ineligible,0.06750106811523438
A20361V1Y2GZ5X:1:B001LO9TS8,A20361V1Y2GZ5X,head,5,632,"0,2100,11144,7424,14916,1127>632",2,2,1,0,,ineligible,0.25168514251708984
A2086ZWT3NFBWL:3:192978001X,A2086ZWT3NFBWL,head,0,467,0>467,30,9+,1159,1,,control,4.658210754394531
A2086ZWT3NFBWL:3:192978001X,A2086ZWT3NFBWL,head,1,895,"0,467>895",24,9+,195,1,,control,1.8024978637695312
A2086ZWT3NFBWL:3:192978001X,A2086ZWT3NFBWL,head,2,2190,"0,467,895>2190",74,9+,51,1,,control,-3.3444766998291016
A2086ZWT3NFBWL:3:192978001X,A2086ZWT3NFBWL,head,3,5585,"0,467,895,2190>5585",49,9+,1,0,,ineligible,-2.3919830322265625
A20K2DD77JH8EE:8:B005JG1F90,A20K2DD77JH8EE,tail,0,1041,0>1041,30,9+,628,1,,control,5.95428466796875
A20K2DD77JH8EE:8:B005JG1F90,A20K2DD77JH8EE,tail,1,1738,"0,1041>1738",27,9+,29,1,,control,1.28973388671875
A20K2DD77JH8EE:8:B005JG1F90,A20K2DD77JH8EE,tail,2,23092,"0,1041,1738>23092",17,9+,6,2,0.015636146068572998,control,1.165273666381836
A20K2DD77JH8EE:8:B005JG1F90,A20K2DD77JH8EE,tail,3,21746,"0,1041,1738,23092>21746",5,5-8,1,0,,ineligible,1.5686416625976562
A20LS0RITRHTAN:14:B000F8XF8Q,A20LS0RITRHTAN,tail,0,740,0>740,30,9+,1209,1,,control,-0.3667564392089844
A20LS0RITRHTAN:14:B000F8XF8Q,A20LS0RITRHTAN,tail,1,1438,"0,740>1438",53,9+,51,1,,control,-0.950927734375
A20LS0RITRHTAN:14:B000F8XF8Q,A20LS0RITRHTAN,tail,2,3485,"0,740,1438>3485",43,9+,3,1,,control,0.2793712615966797
A20LS0RITRHTAN:14:B000F8XF8Q,A20LS0RITRHTAN,tail,3,4595,"0,740,1438,3485>4595",3,3-4,1,0,,ineligible,3.9240665435791016
A2115TU6Z791SN:1:B003BLQG6M,A2115TU6Z791SN,tail,0,467,0>467,30,9+,1159,1,,control,-0.24970626831054688
A2115TU6Z791SN:1:B003BLQG6M,A2115TU6Z791SN,tail,1,1476,"0,467>1476",24,9+,556,1,,control,1.5351905822753906
A2115TU6Z791SN:1:B003BLQG6M,A2115TU6Z791SN,tail,2,2577,"0,467,1476>2577",186,9+,47,1,,control,2.8655624389648438
A2115TU6Z791SN:1:B003BLQG6M,A2115TU6Z791SN,tail,3,5230,"0,467,1476,2577>5230",32,9+,1,0,,ineligible,-3.9230995178222656
A216TTDHBM6PAM:11:B000KJZA1K,A216TTDHBM6PAM,tail,0,2100,0>2100,30,9+,1270,1,,control,-0.068878173828125
A216TTDHBM6PAM:11:B000KJZA1K,A216TTDHBM6PAM,tail,1,6770,"0,2100>6770",31,9+,38,1,,control,0.858184814453125
A216TTDHBM6PAM:11:B000KJZA1K,A216TTDHBM6PAM,tail,2,546,"0,2100,6770>546",26,9+,1,0,,ineligible,-0.1411457061767578
A21911QJJHVGD2:6:B007BSYAVY,A21911QJJHVGD2,head,0,17582,0>17582,30,9+,408,1,,control,-1.5590438842773438
A21911QJJHVGD2:6:B007BSYAVY,A21911QJJHVGD2,head,1,1228,"0,17582>1228",24,9+,90,1,,control,0.4194374084472656
A21911QJJHVGD2:6:B007BSYAVY,A21911QJJHVGD2,head,2,5870,"0,17582,1228>5870",72,9+,1,0,,ineligible,1.5004644393920898
A21F2U5SP9FJC7:3:B000RGRN7K,A21F2U5SP9FJC7,tail,0,2100,0>2100,30,9+,1270,1,,control,-2.780292510986328
A21F2U5SP9FJC7:3:B000RGRN7K,A21F2U5SP9FJC7,tail,1,2056,"0,2100>2056",31,9+,66,2,0.0024385452270507812,control,-0.388519287109375
A21F2U5SP9FJC7:3:B000RGRN7K,A21F2U5SP9FJC7,tail,2,4907,"0,2100,2056>4907",25,9+,14,1,,control,1.11279296875
A21F2U5SP9FJC7:3:B000RGRN7K,A21F2U5SP9FJC7,tail,3,22048,"0,2100,2056,4907>22048",12,9+,1,0,,ineligible,-5.658660888671875
A21ILD991UM01T:6:B00BQYQY8Q,A21ILD991UM01T,head,0,2244,0>2244,30,9+,345,1,,control,-2.2160911560058594
A21ILD991UM01T:6:B00BQYQY8Q,A21ILD991UM01T,head,1,3034,"0,2244>3034",29,9+,28,4,0.004402975241343181,control,0.9687118530273438
A21ILD991UM01T:6:B00BQYQY8Q,A21ILD991UM01T,head,2,3795,"0,2244,3034>3795",22,9+,3,2,0.03158378601074219,control,2.806243896484375
A21ILD991UM01T:6:B00BQYQY8Q,A21ILD991UM01T,head,3,8987,"0,2244,3034,3795>8987",3,3-4,1,0,,ineligible,10.02540397644043
A21KFA4W0Z25YK:2:B000065AG7,A21KFA4W0Z25YK,tail,0,2948,0>2948,30,9+,297,1,,control,-1.3049659729003906
A21KFA4W0Z25YK:2:B000065AG7,A21KFA4W0Z25YK,tail,1,1312,"0,2948>1312",27,9+,63,1,,control,0.4375152587890625
A21KFA4W0Z25YK:2:B000065AG7,A21KFA4W0Z25YK,tail,2,2689,"0,2948,1312>2689",49,9+,2,0,,ineligible,0.5703830718994141
A21KFA4W0Z25YK:2:B000065AG7,A21KFA4W0Z25YK,tail,3,1588,"0,2948,1312,2689>1588",2,2,1,0,,ineligible,-1.7249584197998047
A22321WGRP47QU:2:B00C58ZQGS,A22321WGRP47QU,tail,0,3186,0>3186,30,9+,268,1,,control,4.027610778808594
A22321WGRP47QU:2:B00C58ZQGS,A22321WGRP47QU,tail,1,8745,"0,3186>8745",21,9+,5,1,,control,4.599662780761719
A22321WGRP47QU:2:B00C58ZQGS,A22321WGRP47QU,tail,2,7446,"0,3186,8745>7446",2,2,4,1,,control,10.27223014831543
A22321WGRP47QU:2:B00C58ZQGS,A22321WGRP47QU,tail,3,23623,"0,3186,8745,7446>23623",4,3-4,1,0,,ineligible,5.546804428100586
A226VGZWOEBPGL:5:B004SGS9X2,A226VGZWOEBPGL,head,0,3203,0>3203,30,9+,353,1,,control,-0.5636672973632812
A226VGZWOEBPGL:5:B004SGS9X2,A226VGZWOEBPGL,head,1,610,"0,3203>610",28,9+,17,1,,control,-0.03629302978515625
A226VGZWOEBPGL:5:B004SGS9X2,A226VGZWOEBPGL,head,2,27204,"0,3203,610>27204",15,9+,1,0,,ineligible,3.562765121459961
A22RZO9QIJ6ZSR:7:B000N5QNSK,A22RZO9QIJ6ZSR,head,0,3203,0>3203,30,9+,353,1,,control,-2.3014907836914062
A22RZO9QIJ6ZSR:7:B000N5QNSK,A22RZO9QIJ6ZSR,head,1,20527,"0,3203>20527",28,9+,13,1,,control,0.5533599853515625
A22RZO9QIJ6ZSR:7:B000N5QNSK,A22RZO9QIJ6ZSR,head,2,22493,"0,3203,20527>22493",11,9+,1,0,,ineligible,5.787143230438232
A22S7D0LP8GRDH:3:B003774W6Q,A22S7D0LP8GRDH,head,0,2100,0>2100,30,9+,1270,1,,control,-0.0689544677734375
A22S7D0LP8GRDH:3:B003774W6Q,A22S7D0LP8GRDH,head,1,11925,"0,2100>11925",31,9+,96,1,,control,0.2949371337890625
A22S7D0LP8GRDH:3:B003774W6Q,A22S7D0LP8GRDH,head,2,22144,"0,2100,11925>22144",53,9+,1,0,,ineligible,-2.115713119506836
A22TXP0Y92PMPL:2:B0009K6K0A,A22TXP0Y92PMPL,tail,0,2100,0>2100,30,9+,1270,1,,control,-0.68890380859375
A22TXP0Y92PMPL:2:B0009K6K0A,A22TXP0Y92PMPL,tail,1,28373,"0,2100>28373",31,9+,43,1,,control,-1.279266357421875
A22TXP0Y92PMPL:2:B0009K6K0A,A22TXP0Y92PMPL,tail,2,4931,"0,2100,28373>4931",29,9+,1,0,,ineligible,-2.685445785522461
A234X1MVIMPMMC:1:B004ORWXFA,A234X1MVIMPMMC,head,0,3127,0>3127,30,9+,700,1,,control,0.6861114501953125
A234X1MVIMPMMC:1:B004ORWXFA,A234X1MVIMPMMC,head,1,303,"0,3127>303",21,9+,161,1,,control,-1.948873519897461
A234X1MVIMPMMC:1:B004ORWXFA,A234X1MVIMPMMC,head,2,236,"0,3127,303>236",100,9+,2,0,,ineligible,1.6714668273925781
A234X1MVIMPMMC:1:B004ORWXFA,A234X1MVIMPMMC,head,3,6647,"0,3127,303,236>6647",2,2,1,0,,ineligible,5.609112739562988
A2380HQZW3LHP:2:B007BFVATW,A2380HQZW3LHP,tail,0,1041,0>1041,30,9+,628,1,,control,-1.6810340881347656
A2380HQZW3LHP:2:B007BFVATW,A2380HQZW3LHP,tail,1,6604,"0,1041>6604",27,9+,25,1,,control,-1.6750755310058594
A2380HQZW3LHP:2:B007BFVATW,A2380HQZW3LHP,tail,2,1483,"0,1041,6604>1483",9,9+,7,2,0.03069359064102173,control,4.49073600769043
A2380HQZW3LHP:2:B007BFVATW,A2380HQZW3LHP,tail,3,690,"0,1041,6604,1483>690",3,3-4,5,1,,control,8.52983570098877
A2380HQZW3LHP:2:B007BFVATW,A2380HQZW3LHP,tail,4,28880,"0,1041,6604,1483,690>28880",2,2,4,1,,control,8.948657035827637
A2380HQZW3LHP:2:B007BFVATW,A2380HQZW3LHP,tail,5,357,"0,1041,6604,1483,690,28880>357",4,3-4,1,0,,ineligible,1.2676544189453125
A23FK7VDY5PCJO:2:B003WMC6U0,A23FK7VDY5PCJO,head,0,3203,0>3203,30,9+,353,1,,control,1.1062850952148438
A23FK7VDY5PCJO:2:B003WMC6U0,A23FK7VDY5PCJO,head,1,15721,"0,3203>15721",28,9+,9,2,0.007780551910400391,control,1.6383132934570312
A23FK7VDY5PCJO:2:B003WMC6U0,A23FK7VDY5PCJO,head,2,15812,"0,3203,15721>15812",8,5-8,1,0,,ineligible,2.5309953689575195
A23HBTG96J8NBI:1:B000ETRENI,A23HBTG96J8NBI,head,0,14527,0>14527,30,9+,388,1,,control,-1.7709426879882812
A23HBTG96J8NBI:1:B000ETRENI,A23HBTG96J8NBI,head,1,3822,"0,14527>3822",19,9+,55,1,,control,1.2104568481445312
A23HBTG96J8NBI:1:B000ETRENI,A23HBTG96J8NBI,head,2,4088,"0,14527,3822>4088",49,9+,5,2,0.0154990553855896,control,1.4122791290283203
A23HBTG96J8NBI:1:B000ETRENI,A23HBTG96J8NBI,head,3,17956,"0,14527,3822,4088>17956",4,3-4,2,0,,ineligible,2.711078643798828
A23HBTG96J8NBI:1:B000ETRENI,A23HBTG96J8NBI,head,5,632,"0,14527,3822,4088,17956,4183>632",2,2,1,0,,ineligible,3.6870040893554688
A23MG20JMM5ISZ:2:B00BJM234O,A23MG20JMM5ISZ,tail,0,3127,0>3127,30,9+,700,1,,control,-1.2415542602539062
A23MG20JMM5ISZ:2:B00BJM234O,A23MG20JMM5ISZ,tail,1,18458,"0,3127>18458",21,9+,39,1,,control,0.7990036010742188
A23MG20JMM5ISZ:2:B00BJM234O,A23MG20JMM5ISZ,tail,2,3143,"0,3127,18458>3143",24,9+,3,1,,control,1.9141864776611328
A23MG20JMM5ISZ:2:B00BJM234O,A23MG20JMM5ISZ,tail,3,3449,"0,3127,18458,3143>3449",3,3-4,1,0,,ineligible,3.532611846923828
A245M9JU2ZQS9S:2:B00000IUCE,A245M9JU2ZQS9S,tail,0,740,0>740,30,9+,1209,1,,control,-2.8001022338867188
A245M9JU2ZQS9S:2:B00000IUCE,A245M9JU2ZQS9S,tail,1,7270,"0,740>7270",53,9+,18,1,,control,-1.8598098754882812
A245M9JU2ZQS9S:2:B00000IUCE,A245M9JU2ZQS9S,tail,2,13555,"0,740,7270>13555",17,9+,2,0,,ineligible,2.947053909301758
A245M9JU2ZQS9S:2:B00000IUCE,A245M9JU2ZQS9S,tail,3,4169,"0,740,7270,13555>4169",2,2,1,0,,ineligible,4.048251628875732
A2474M8ZFQO1JT:10:B007U7M0K4,A2474M8ZFQO1JT,head,0,14527,0>14527,30,9+,388,1,,control,-1.0882987976074219
A2474M8ZFQO1JT:10:B007U7M0K4,A2474M8ZFQO1JT,head,1,5612,"0,14527>5612",19,9+,51,1,,control,-1.3277015686035156
A2474M8ZFQO1JT:10:B007U7M0K4,A2474M8ZFQO1JT,head,2,7022,"0,14527,5612>7022",35,9+,7,2,0.012134432792663574,control,2.262166976928711
A2474M8ZFQO1JT:10:B007U7M0K4,A2474M8ZFQO1JT,head,3,7893,"0,14527,5612,7022>7893",7,5-8,1,0,,ineligible,-1.6622352600097656
A24GMQB0ES1VAI:1:B001U3Y5XE,A24GMQB0ES1VAI,head,0,740,0>740,30,9+,1209,1,,control,-1.8636894226074219
A24GMQB0ES1VAI:1:B001U3Y5XE,A24GMQB0ES1VAI,head,1,9931,"0,740>9931",53,9+,49,1,,control,-1.530487060546875
A24GMQB0ES1VAI:1:B001U3Y5XE,A24GMQB0ES1VAI,head,2,3382,"0,740,9931>3382",44,9+,1,0,,ineligible,1.5844058990478516
A24JS1RSMSVKSG:4:B000WO7Y12,A24JS1RSMSVKSG,head,0,740,0>740,30,9+,1209,1,,control,-0.5970497131347656
A24JS1RSMSVKSG:4:B000WO7Y12,A24JS1RSMSVKSG,head,1,7379,"0,740>7379",53,9+,40,1,,control,-1.2165985107421875
A24JS1RSMSVKSG:4:B000WO7Y12,A24JS1RSMSVKSG,head,2,27441,"0,740,7379>27441",27,9+,1,0,,ineligible,-0.7204208374023438
A24M02Q8LG9DUZ:1:B001L6FZI4,A24M02Q8LG9DUZ,tail,0,467,0>467,30,9+,1159,1,,control,1.3131256103515625
A24M02Q8LG9DUZ:1:B001L6FZI4,A24M02Q8LG9DUZ,tail,1,2634,"0,467>2634",24,9+,7,1,,control,-3.7798690795898438
A24M02Q8LG9DUZ:1:B001L6FZI4,A24M02Q8LG9DUZ,tail,2,10306,"0,467,2634>10306",6,5-8,1,0,,ineligible,2.9888439178466797
A24PNVLQKEOZ2N:7:B0030GTZEI,A24PNVLQKEOZ2N,tail,0,2100,0>2100,30,9+,1270,1,,control,1.2196693420410156
A24PNVLQKEOZ2N:7:B0030GTZEI,A24PNVLQKEOZ2N,tail,1,2943,"0,2100>2943",31,9+,14,1,,control,3.1463890075683594
A24PNVLQKEOZ2N:7:B0030GTZEI,A24PNVLQKEOZ2N,tail,2,687,"0,2100,2943>687",9,9+,2,0,,ineligible,2.0387840270996094
A24PNVLQKEOZ2N:7:B0030GTZEI,A24PNVLQKEOZ2N,tail,3,23337,"0,2100,2943,687>23337",2,2,1,0,,ineligible,2.8652286529541016
A24RA6X56T98P7:3:B0060S30PS,A24RA6X56T98P7,tail,0,11604,0>11604,30,9+,220,1,,control,-7.0132904052734375
A24RA6X56T98P7:3:B0060S30PS,A24RA6X56T98P7,tail,1,9728,"0,11604>9728",29,9+,8,1,,control,-1.2842674255371094
A24RA6X56T98P7:3:B0060S30PS,A24RA6X56T98P7,tail,2,10433,"0,11604,9728>10433",3,3-4,5,1,,control,4.650873184204102
A24RA6X56T98P7:3:B0060S30PS,A24RA6X56T98P7,tail,3,31572,"0,11604,9728,10433>31572",2,2,1,0,,ineligible,1.3695721626281738
A24RCBRDXRXR0Y:31:B006ROJQZS,A24RCBRDXRXR0Y,head,0,9062,0>9062,30,9+,203,1,,control,0.002193450927734375
A24RCBRDXRXR0Y:31:B006ROJQZS,A24RCBRDXRXR0Y,head,1,9079,"0,9062>9079",26,9+,28,1,,control,0.9995269775390625
A24RCBRDXRXR0Y:31:B006ROJQZS,A24RCBRDXRXR0Y,head,2,25226,"0,9062,9079>25226",18,9+,7,1,,control,8.839104652404785
A24RCBRDXRXR0Y:31:B006ROJQZS,A24RCBRDXRXR0Y,head,5,519,"0,9062,9079,25226,7328,6929>519",7,5-8,1,0,,ineligible,-0.8203334808349609
A24WKOS7B5SLVA:9:B0075XQLXK,A24WKOS7B5SLVA,tail,0,467,0>467,30,9+,1159,1,,control,-1.4747238159179688
A24WKOS7B5SLVA:9:B0075XQLXK,A24WKOS7B5SLVA,tail,1,895,"0,467>895",24,9+,195,1,,control,0.14204025268554688
A24WKOS7B5SLVA:9:B0075XQLXK,A24WKOS7B5SLVA,tail,2,2140,"0,467,895>2140",74,9+,2,0,,ineligible,-5.9427642822265625
A24WKOS7B5SLVA:9:B0075XQLXK,A24WKOS7B5SLVA,tail,3,1373,"0,467,895,2140>1373",2,2,1,0,,ineligible,8.35473346710205
A24ZMNWTW8AQUR:9:B006O6FIE2,A24ZMNWTW8AQUR,tail,0,3186,0>3186,30,9+,268,1,,control,0.6659202575683594
A24ZMNWTW8AQUR:9:B006O6FIE2,A24ZMNWTW8AQUR,tail,1,23623,"0,3186>23623",21,9+,15,1,,control,1.584197998046875
A24ZMNWTW8AQUR:9:B006O6FIE2,A24ZMNWTW8AQUR,tail,2,5303,"0,3186,23623>5303",9,9+,4,1,,control,0.3705024719238281
A24ZMNWTW8AQUR:9:B006O6FIE2,A24ZMNWTW8AQUR,tail,3,16725,"0,3186,23623,5303>16725",4,3-4,1,0,,ineligible,13.346782684326172
A251N5IFXCSBMF:5:B0038AJYSS,A251N5IFXCSBMF,head,0,14527,0>14527,30,9+,388,1,,control,0.17168045043945312
A251N5IFXCSBMF:5:B0038AJYSS,A251N5IFXCSBMF,head,1,82,"0,14527>82",19,9+,4,2,0.014170944690704346,control,1.0302276611328125
A251N5IFXCSBMF:5:B0038AJYSS,A251N5IFXCSBMF,head,2,2916,"0,14527,82>2916",3,3-4,1,0,,ineligible,0.4255714416503906
A254FM1QY40L1L:10:B007EA6PKS,A254FM1QY40L1L,head,0,17582,0>17582,30,9+,408,1,,control,-3.5589599609375
A254FM1QY40L1L:10:B007EA6PKS,A254FM1QY40L1L,head,1,1228,"0,17582>1228",24,9+,90,1,,control,-1.4992599487304688
A254FM1QY40L1L:10:B007EA6PKS,A254FM1QY40L1L,head,2,4887,"0,17582,1228>4887",72,9+,1,0,,ineligible,-0.01157379150390625
A258RAXG68NJVR:1:B000EUHKUE,A258RAXG68NJVR,head,0,2100,0>2100,30,9+,1270,1,,control,0.9235801696777344
A258RAXG68NJVR:1:B000EUHKUE,A258RAXG68NJVR,head,1,20811,"0,2100>20811",31,9+,42,1,,control,1.8395004272460938
A258RAXG68NJVR:1:B000EUHKUE,A258RAXG68NJVR,head,2,7377,"0,2100,20811>7377",27,9+,2,0,,ineligible,1.8255233764648438
A258RAXG68NJVR:1:B000EUHKUE,A258RAXG68NJVR,head,3,11599,"0,2100,20811,7377>11599",2,2,1,0,,ineligible,2.885652542114258
A25FWP777WLEHO:2:B004UCBU6M,A25FWP777WLEHO,head,0,2100,0>2100,30,9+,1270,1,,control,-1.6186676025390625
A25FWP777WLEHO:2:B004UCBU6M,A25FWP777WLEHO,head,1,671,"0,2100>671",31,9+,63,1,,control,-1.183563232421875
A25FWP777WLEHO:2:B004UCBU6M,A25FWP777WLEHO,head,2,22011,"0,2100,671>22011",29,9+,1,0,,ineligible,-2.6973342895507812
A25GKD94SHX82H:3:B00CEQ1HPK,A25GKD94SHX82H,head,0,11604,0>11604,30,9+,220,1,,control,-4.567752838134766
A25GKD94SHX82H:3:B00CEQ1HPK,A25GKD94SHX82H,head,1,9543,"0,11604>9543",29,9+,5,1,,control,-2.8985977172851562
A25GKD94SHX82H:3:B00CEQ1HPK,A25GKD94SHX82H,head,2,23891,"0,11604,9543>23891",3,3-4,3,1,,control,4.503222465515137
A25GKD94SHX82H:3:B00CEQ1HPK,A25GKD94SHX82H,head,3,10754,"0,11604,9543,23891>10754",3,3-4,1,0,,ineligible,0.17488670349121094
A25ND1VXTT9LF:3:1603801286,A25ND1VXTT9LF,tail,0,2948,0>2948,30,9+,297,1,,control,-0.9199867248535156
A25ND1VXTT9LF:3:1603801286,A25ND1VXTT9LF,tail,1,4672,"0,2948>4672",27,9+,10,4,0.0036696394284566245,control,1.6834526062011719
A25ND1VXTT9LF:3:1603801286,A25ND1VXTT9LF,tail,2,18671,"0,2948,4672>18671",7,5-8,1,0,,ineligible,1.7208499908447266
A26KHZE0HTS057:6:B00C58ICA0,A26KHZE0HTS057,head,0,2244,0>2244,30,9+,345,1,,control,0.37285614013671875
A26KHZE0HTS057:6:B00C58ICA0,A26KHZE0HTS057,head,1,8497,"0,2244>8497",29,9+,9,1,,control,-1.1191444396972656
A26KHZE0HTS057:6:B00C58ICA0,A26KHZE0HTS057,head,2,4225,"0,2244,8497>4225",8,5-8,1,0,,ineligible,2.3168888092041016
A26NJF0BA9DWT9:20:B008DBZC92,A26NJF0BA9DWT9,tail,0,1041,0>1041,30,9+,628,1,,control,2.2755813598632812
A26NJF0BA9DWT9:20:B008DBZC92,A26NJF0BA9DWT9,tail,1,29151,"0,1041>29151",27,9+,28,1,,control,6.237735748291016
A26NJF0BA9DWT9:20:B008DBZC92,A26NJF0BA9DWT9,tail,2,26569,"0,1041,29151>26569",9,9+,20,1,,control,12.036977767944336
A26NJF0BA9DWT9:20:B008DBZC92,A26NJF0BA9DWT9,tail,3,21615,"0,1041,29151,26569>21615",2,2,19,1,,control,19.756261825561523
A26NJF0BA9DWT9:20:B008DBZC92,A26NJF0BA9DWT9,tail,4,1191,"0,1041,29151,26569,21615>1191",4,3-4,15,1,,control,3.955538749694824
A26NJF0BA9DWT9:20:B008DBZC92,A26NJF0BA9DWT9,tail,5,940,"0,1041,29151,26569,21615,1191>940",15,9+,1,0,,ineligible,-0.21059703826904297
A26SO3TOT2TLJE:5:B004Z7H07K,A26SO3TOT2TLJE,head,0,14527,0>14527,30,9+,388,1,,control,-1.1852874755859375
A26SO3TOT2TLJE:5:B004Z7H07K,A26SO3TOT2TLJE,head,1,5612,"0,14527>5612",19,9+,51,1,,control,2.0473861694335938
A26SO3TOT2TLJE:5:B004Z7H07K,A26SO3TOT2TLJE,head,2,27904,"0,14527,5612>27904",35,9+,1,0,,ineligible,3.7977771759033203
A26UDW3CADN9U3:2:B0043QV0XS,A26UDW3CADN9U3,tail,0,740,0>740,30,9+,1209,1,,control,-0.044795989990234375
A26UDW3CADN9U3:2:B0043QV0XS,A26UDW3CADN9U3,tail,1,5748,"0,740>5748",53,9+,45,3,0.005589962005615234,control,2.2841758728027344
A26UDW3CADN9U3:2:B0043QV0XS,A26UDW3CADN9U3,tail,2,2101,"0,740,5748>2101",36,9+,2,0,,ineligible,2.911314010620117
A26UDW3CADN9U3:2:B0043QV0XS,A26UDW3CADN9U3,tail,3,883,"0,740,5748,2101>883",2,2,1,0,,ineligible,4.179923057556152
A26ULAMFZNKQQZ:8:B006O6ECQ2,A26ULAMFZNKQQZ,tail,0,14295,0>14295,30,9+,759,1,,control,2.819408416748047
A26ULAMFZNKQQZ:8:B006O6ECQ2,A26ULAMFZNKQQZ,tail,1,3624,"0,14295>3624",44,9+,9,1,,control,-4.009529113769531
A26ULAMFZNKQQZ:8:B006O6ECQ2,A26ULAMFZNKQQZ,tail,2,4232,"0,14295,3624>4232",4,3-4,5,3,0.012693256139755249,control,3.7851905822753906
A26ULAMFZNKQQZ:8:B006O6ECQ2,A26ULAMFZNKQQZ,tail,3,1207,"0,14295,3624,4232>1207",2,2,4,3,0.012782454490661621,control,5.294341087341309
A26ULAMFZNKQQZ:8:B006O6ECQ2,A26ULAMFZNKQQZ,tail,4,19121,"0,14295,3624,4232,1207>19121",3,3-4,2,0,,ineligible,1.645604133605957
A26ULAMFZNKQQZ:8:B006O6ECQ2,A26ULAMFZNKQQZ,tail,5,536,"0,14295,3624,4232,1207,19121>536",2,2,1,0,,ineligible,-0.3812570571899414
A2701UXI8QGRHE:6:B00CDGA6A8,A2701UXI8QGRHE,head,0,2244,0>2244,30,9+,345,1,,control,0.14286041259765625
A2701UXI8QGRHE:6:B00CDGA6A8,A2701UXI8QGRHE,head,1,3797,"0,2244>3797",29,9+,11,2,0.008183121681213379,control,-0.4897346496582031
A2701UXI8QGRHE:6:B00CDGA6A8,A2701UXI8QGRHE,head,2,2838,"0,2244,3797>2838",11,9+,1,0,,ineligible,5.36857795715332
A27594B94MW2I1:1:B000WE0KPY,A27594B94MW2I1,tail,0,3203,0>3203,30,9+,353,1,,control,-0.8713150024414062
A27594B94MW2I1:1:B000WE0KPY,A27594B94MW2I1,tail,1,1472,"0,3203>1472",28,9+,19,1,,control,-0.7283096313476562
A27594B94MW2I1:1:B000WE0KPY,A27594B94MW2I1,tail,2,2478,"0,3203,1472>2478",18,9+,1,0,,ineligible,-0.11363792419433594
A2798JNM3K3U4Q:2:B00117QRJ4,A2798JNM3K3U4Q,tail,0,4183,0>4183,30,9+,157,1,,control,0.036434173583984375
A2798JNM3K3U4Q:2:B00117QRJ4,A2798JNM3K3U4Q,tail,1,7778,"0,4183>7778",22,9+,12,1,,control,1.21197509765625
A2798JNM3K3U4Q:2:B00117QRJ4,A2798JNM3K3U4Q,tail,2,29610,"0,4183,7778>29610",10,9+,2,0,,ineligible,-0.551912248134613
A2798JNM3K3U4Q:2:B00117QRJ4,A2798JNM3K3U4Q,tail,3,22772,"0,4183,7778,29610>22772",2,2,1,0,,ineligible,0.5004158020019531
A27FYNIJC7T58I:4:B00A8UT58K,A27FYNIJC7T58I,head,0,19903,0>19903,30,9+,192,1,,control,-4.558658599853516
A27FYNIJC7T58I:4:B00A8UT58K,A27FYNIJC7T58I,head,1,14761,"0,19903>14761",23,9+,19,1,,control,2.508699417114258
A27FYNIJC7T58I:4:B00A8UT58K,A27FYNIJC7T58I,head,2,9733,"0,19903,14761>9733",13,9+,2,0,,ineligible,1.0321235656738281
A27FYNIJC7T58I:4:B00A8UT58K,A27FYNIJC7T58I,head,4,5755,"0,19903,14761,9733,3427>5755",2,2,1,0,,ineligible,1.7303524017333984
A27NY17IFFPOCJ:3:B0042ESFWU,A27NY17IFFPOCJ,tail,0,14295,0>14295,30,9+,759,1,,control,-3.7313385009765625
A27NY17IFFPOCJ:3:B0042ESFWU,A27NY17IFFPOCJ,tail,1,4232,"0,14295>4232",44,9+,137,1,,control,1.6399269104003906
A27NY17IFFPOCJ:3:B0042ESFWU,A27NY17IFFPOCJ,tail,2,4952,"0,14295,4232>4952",96,9+,1,0,,ineligible,-3.9069652557373047
A27Q4O9SBYGWNK:4:B006O6F932,A27Q4O9SBYGWNK,head,0,11604,0>11604,30,9+,220,1,,control,3.6022377014160156
A27Q4O9SBYGWNK:4:B006O6F932,A27Q4O9SBYGWNK,head,1,306,"0,11604>306",29,9+,14,1,,control,-0.12465667724609375
A27Q4O9SBYGWNK:4:B006O6F932,A27Q4O9SBYGWNK,head,2,4928,"0,11604,306>4928",14,9+,1,0,,ineligible,4.117259979248047
A27UGQK54EF3MJ:5:B00CBT7NIK,A27UGQK54EF3MJ,tail,0,14295,0>14295,30,9+,759,1,,control,-1.6468582153320312
A27UGQK54EF3MJ:5:B00CBT7NIK,A27UGQK54EF3MJ,tail,1,4232,"0,14295>4232",44,9+,137,1,,control,1.0676994323730469
A27UGQK54EF3MJ:5:B00CBT7NIK,A27UGQK54EF3MJ,tail,2,4439,"0,14295,4232>4439",96,9+,1,0,,ineligible,2.431364059448242
A27UTP8HERIGPQ:1:B00139OH4C,A27UTP8HERIGPQ,tail,0,2100,0>2100,30,9+,1270,1,,control,1.1576995849609375
A27UTP8HERIGPQ:1:B00139OH4C,A27UTP8HERIGPQ,tail,1,1088,"0,2100>1088",31,9+,214,5,0.0044814348220825195,control,5.367057800292969
A27UTP8HERIGPQ:1:B00139OH4C,A27UTP8HERIGPQ,tail,2,19910,"0,2100,1088>19910",28,9+,11,2,0.00863802433013916,control,-2.4198226928710938
A27UTP8HERIGPQ:1:B00139OH4C,A27UTP8HERIGPQ,tail,3,9336,"0,2100,1088,19910>9336",10,9+,1,0,,ineligible,0.1388840675354004
A27X7XXOKMK879:12:B006ROJLSU,A27X7XXOKMK879,head,0,9062,0>9062,30,9+,203,1,,control,-0.16967391967773438
A27X7XXOKMK879:12:B006ROJLSU,A27X7XXOKMK879,head,1,25226,"0,9062>25226",26,9+,47,1,,control,-2.187488555908203
A27X7XXOKMK879:12:B006ROJLSU,A27X7XXOKMK879,head,2,9866,"0,9062,25226>9866",30,9+,1,0,,ineligible,-1.2332420349121094
A2853X9G0LAPX:1:B0042RU0BQ,A2853X9G0LAPX,head,0,14295,0>14295,30,9+,759,1,,control,-0.12778091430664062
A2853X9G0LAPX:1:B0042RU0BQ,A2853X9G0LAPX,head,1,4232,"0,14295>4232",44,9+,137,1,,control,-2.0887832641601562
A2853X9G0LAPX:1:B0042RU0BQ,A2853X9G0LAPX,head,2,4406,"0,14295,4232>4406",96,9+,1,0,,ineligible,-0.6201896667480469
A287547UH1VBJ7:6:B004D5EMD4,A287547UH1VBJ7,tail,0,2100,0>2100,30,9+,1270,1,,control,0.431640625
A287547UH1VBJ7:6:B004D5EMD4,A287547UH1VBJ7,tail,1,659,"0,2100>659",31,9+,52,1,,control,-1.2933502197265625
A287547UH1VBJ7:6:B004D5EMD4,A287547UH1VBJ7,tail,2,11144,"0,2100,659>11144",31,9+,2,0,,ineligible,1.164154052734375
A287547UH1VBJ7:6:B004D5EMD4,A287547UH1VBJ7,tail,3,31365,"0,2100,659,11144>31365",2,2,1,0,,ineligible,6.149239540100098
A289TP9PLLQVLQ:2:B000BNC9DM,A289TP9PLLQVLQ,head,0,2100,0>2100,30,9+,1270,1,,control,-1.8812980651855469
A289TP9PLLQVLQ:2:B000BNC9DM,A289TP9PLLQVLQ,head,1,29586,"0,2100>29586",31,9+,4,1,,control,-3.104095458984375
A289TP9PLLQVLQ:2:B000BNC9DM,A289TP9PLLQVLQ,head,3,1996,"0,2100,29586,3184>1996",2,2,1,0,,ineligible,-0.4332447052001953
A28EMTHVF120XV:9:B004SQ9C38,A28EMTHVF120XV,tail,0,2100,0>2100,30,9+,1270,1,,control,-1.3171348571777344
A28EMTHVF120XV:9:B004SQ9C38,A28EMTHVF120XV,tail,1,1073,"0,2100>1073",31,9+,199,1,,control,0.3153724670410156
A28EMTHVF120XV:9:B004SQ9C38,A28EMTHVF120XV,tail,2,23337,"0,2100,1073>23337",31,9+,9,1,,control,6.886129379272461
A28EMTHVF120XV:9:B004SQ9C38,A28EMTHVF120XV,tail,3,3693,"0,2100,1073,23337>3693",9,9+,1,0,,ineligible,20.600440979003906
A28GN62IWG0FZM:3:B000RXPU0U,A28GN62IWG0FZM,tail,0,2100,0>2100,30,9+,1270,1,,control,-0.672149658203125
A28GN62IWG0FZM:3:B000RXPU0U,A28GN62IWG0FZM,tail,1,1088,"0,2100>1088",31,9+,214,5,0.0044814348220825195,control,0.45038604736328125
A28GN62IWG0FZM:3:B000RXPU0U,A28GN62IWG0FZM,tail,2,4340,"0,2100,1088>4340",28,9+,15,1,,control,2.030630111694336
A28GN62IWG0FZM:3:B000RXPU0U,A28GN62IWG0FZM,tail,3,19490,"0,2100,1088,4340>19490",10,9+,3,1,,control,5.703001976013184
A28GN62IWG0FZM:3:B000RXPU0U,A28GN62IWG0FZM,tail,4,12314,"0,2100,1088,4340,19490>12314",3,3-4,1,0,,ineligible,29.0661563873291
A28OB1QLXN5BM6:5:B003I85V00,A28OB1QLXN5BM6,head,0,17582,0>17582,30,9+,408,1,,control,-0.8835792541503906
A28OB1QLXN5BM6:5:B003I85V00,A28OB1QLXN5BM6,head,1,4836,"0,17582>4836",24,9+,7,1,,control,1.5852413177490234
A28OB1QLXN5BM6:5:B003I85V00,A28OB1QLXN5BM6,head,2,4340,"0,17582,4836>4340",6,5-8,1,0,,ineligible,2.2935142517089844
A28PHO540GK9US:5:B0040HY98S,A28PHO540GK9US,head,0,3127,0>3127,30,9+,700,1,,control,-1.6756439208984375
A28PHO540GK9US:5:B0040HY98S,A28PHO540GK9US,head,1,303,"0,3127>303",21,9+,161,1,,control,0.5024585723876953
A28PHO540GK9US:5:B0040HY98S,A28PHO540GK9US,head,2,17788,"0,3127,303>17788",100,9+,1,0,,ineligible,-0.8516731262207031
A28WXDXJA1P0MC:1:B0060Y271K,A28WXDXJA1P0MC,head,0,2100,0>2100,30,9+,1270,1,,control,-1.052490234375
A28WXDXJA1P0MC:1:B0060Y271K,A28WXDXJA1P0MC,head,1,11925,"0,2100>11925",31,9+,96,1,,control,-0.2903251647949219
A28WXDXJA1P0MC:1:B0060Y271K,A28WXDXJA1P0MC,head,2,426,"0,2100,11925>426",53,9+,2,0,,ineligible,2.095592498779297
A28WXDXJA1P0MC:1:B0060Y271K,A28WXDXJA1P0MC,head,3,18734,"0,2100,11925,426>18734",2,2,1,0,,ineligible,11.92202377319336
A298X3YMX4P5X9:1:B000096PNA,A298X3YMX4P5X9,tail,0,2244,0>2244,30,9+,345,1,,control,-0.7920150756835938
A298X3YMX4P5X9:1:B000096PNA,A298X3YMX4P5X9,tail,1,151,"0,2244>151",29,9+,46,1,,control,1.7020797729492188
A298X3YMX4P5X9:1:B000096PNA,A298X3YMX4P5X9,tail,2,3543,"0,2244,151>3543",38,9+,2,0,,ineligible,1.9402198791503906
A298X3YMX4P5X9:1:B000096PNA,A298X3YMX4P5X9,tail,3,10785,"0,2244,151,3543>10785",2,2,1,0,,ineligible,0.3864593505859375
A29UL344YJOKAY:2:B004KU7PFY,A29UL344YJOKAY,tail,0,14295,0>14295,30,9+,759,1,,control,-1.9439201354980469
A29UL344YJOKAY:2:B004KU7PFY,A29UL344YJOKAY,tail,1,4046,"0,14295>4046",44,9+,14,1,,control,-1.7661094665527344
A29UL344YJOKAY:2:B004KU7PFY,A29UL344YJOKAY,tail,2,1489,"0,14295,4046>1489",10,9+,4,1,,control,1.634293556213379
A29UL344YJOKAY:2:B004KU7PFY,A29UL344YJOKAY,tail,5,357,"0,14295,4046,1489,15956,13478>357",4,3-4,1,0,,ineligible,0.40796661376953125
A29XWDJKTCE5L0:2:B000A0IBV0,A29XWDJKTCE5L0,head,0,387,0>387,30,9+,234,1,,control,-1.7139472961425781
A29XWDJKTCE5L0:2:B000A0IBV0,A29XWDJKTCE5L0,head,1,2608,"0,387>2608",24,9+,23,1,,control,-2.7284374237060547
A29XWDJKTCE5L0:2:B000A0IBV0,A29XWDJKTCE5L0,head,2,680,"0,387,2608>680",16,9+,1,0,,ineligible,1.113180160522461
A29YKXBDYVR601:6:B0038APBDA,A29YKXBDYVR601,head,0,14527,0>14527,30,9+,388,1,,control,1.7276039123535156
A29YKXBDYVR601:6:B0038APBDA,A29YKXBDYVR601,head,1,1370,"0,14527>1370",19,9+,50,1,,control,3.658435821533203
A29YKXBDYVR601:6:B0038APBDA,A29YKXBDYVR601,head,2,3075,"0,14527,1370>3075",42,9+,1,0,,ineligible,2.031951904296875
A2A4M3EDEUKG3L:15:B005KIQE16,A2A4M3EDEUKG3L,head,0,740,0>740,30,9+,1209,1,,control,1.8482284545898438
A2A4M3EDEUKG3L:15:B005KIQE16,A2A4M3EDEUKG3L,head,1,90,"0,740>90",53,9+,189,1,,control,3.6000328063964844
A2A4M3EDEUKG3L:15:B005KIQE16,A2A4M3EDEUKG3L,head,2,4172,"0,740,90>4172",141,9+,5,1,,control,0.9945278167724609
A2A4M3EDEUKG3L:15:B005KIQE16,A2A4M3EDEUKG3L,head,4,2195,"0,740,90,4172,5907>2195",5,5-8,1,0,,ineligible,0.19115161895751953
A2A85Q3LH9QVBJ:2:B000FGECAI,A2A85Q3LH9QVBJ,head,0,467,0>467,30,9+,1159,1,,control,0.06275558471679688
A2A85Q3LH9QVBJ:2:B000FGECAI,A2A85Q3LH9QVBJ,head,1,1476,"0,467>1476",24,9+,556,1,,control,0.7869224548339844
A2A85Q3LH9QVBJ:2:B000FGECAI,A2A85Q3LH9QVBJ,head,2,3304,"0,467,1476>3304",186,9+,1,0,,ineligible,-4.982444763183594
A2AEFJLAIDWRIR:10:B007Q0OMU6,A2AEFJLAIDWRIR,tail,0,1191,0>1191,30,9+,33,1,,control,-0.2585296630859375
A2AEFJLAIDWRIR:10:B007Q0OMU6,A2AEFJLAIDWRIR,tail,1,8058,"0,1191>8058",28,9+,2,0,,ineligible,3.260507583618164
A2AEFJLAIDWRIR:10:B007Q0OMU6,A2AEFJLAIDWRIR,tail,2,9133,"0,1191,8058>9133",2,2,1,0,,ineligible,30.655155181884766
A2AHQPAL712IJ4:2:B0053FXGE4,A2AHQPAL712IJ4,head,0,2244,0>2244,30,9+,345,1,,control,-3.254772186279297
A2AHQPAL712IJ4:2:B0053FXGE4,A2AHQPAL712IJ4,head,1,15785,"0,2244>15785",29,9+,20,1,,control,-0.5276260375976562
A2AHQPAL712IJ4:2:B0053FXGE4,A2AHQPAL712IJ4,head,2,11410,"0,2244,15785>11410",16,9+,1,0,,ineligible,4.463676452636719
A2AIJJK80NTH0O:7:B008DFT6OA,A2AIJJK80NTH0O,head,0,14527,0>14527,30,9+,388,1,,control,-1.0154342651367188
A2AIJJK80NTH0O:7:B008DFT6OA,A2AIJJK80NTH0O,head,1,5612,"0,14527>5612",19,9+,51,1,,control,1.0385475158691406
A2AIJJK80NTH0O:7:B008DFT6OA,A2AIJJK80NTH0O,head,2,21065,"0,14527,5612>21065",35,9+,1,0,,ineligible,-0.3566703796386719
A2ANTZGPEINGVY:1:B004UCBU6M,A2ANTZGPEINGVY,head,0,2100,0>2100,30,9+,1270,1,,control,-0.8197822570800781
A2ANTZGPEINGVY:1:B004UCBU6M,A2ANTZGPEINGVY,head,1,671,"0,2100>671",31,9+,63,1,,control,-1.7002983093261719
A2ANTZGPEINGVY:1:B004UCBU6M,A2ANTZGPEINGVY,head,2,22011,"0,2100,671>22011",29,9+,1,0,,ineligible,3.548856735229492
A2AUFQUXFTZXT5:2:B00138RVKK,A2AUFQUXFTZXT5,head,0,3127,0>3127,30,9+,700,1,,control,3.2942771911621094
A2AUFQUXFTZXT5:2:B00138RVKK,A2AUFQUXFTZXT5,head,1,2738,"0,3127>2738",21,9+,64,1,,control,4.281015396118164
A2AUFQUXFTZXT5:2:B00138RVKK,A2AUFQUXFTZXT5,head,2,27665,"0,3127,2738>27665",40,9+,1,0,,ineligible,4.811574935913086
A2AYJJAFNSGSU1:12:B000B8L48S,A2AYJJAFNSGSU1,head,0,11109,0>11109,30,9+,320,1,,control,1.5924797058105469
A2AYJJAFNSGSU1:12:B000B8L48S,A2AYJJAFNSGSU1,head,1,23473,"0,11109>23473",27,9+,6,1,,control,-2.025646209716797
A2AYJJAFNSGSU1:12:B000B8L48S,A2AYJJAFNSGSU1,head,2,12539,"0,11109,23473>12539",6,5-8,1,0,,ineligible,10.461226463317871
A2B0LPWOJ4HV25:3:B002MUALIC,A2B0LPWOJ4HV25,tail,0,467,0>467,30,9+,1159,1,,control,1.39190673828125
A2B0LPWOJ4HV25:3:B002MUALIC,A2B0LPWOJ4HV25,tail,1,1476,"0,467>1476",24,9+,556,1,,control,2.427581787109375
A2B0LPWOJ4HV25:3:B002MUALIC,A2B0LPWOJ4HV25,tail,2,22377,"0,467,1476>22377",186,9+,10,2,0.004243135452270508,control,-5.503089904785156
A2B0LPWOJ4HV25:3:B002MUALIC,A2B0LPWOJ4HV25,tail,3,5271,"0,467,1476,22377>5271",9,9+,1,0,,ineligible,1.5627412796020508
A2BAUWMXPDZDX0:13:B00BXJQ9QQ,A2BAUWMXPDZDX0,tail,0,467,0>467,30,9+,1159,1,,control,-1.4377326965332031
A2BAUWMXPDZDX0:13:B00BXJQ9QQ,A2BAUWMXPDZDX0,tail,1,1476,"0,467>1476",24,9+,556,1,,control,0.77197265625
A2BAUWMXPDZDX0:13:B00BXJQ9QQ,A2BAUWMXPDZDX0,tail,2,7599,"0,467,1476>7599",186,9+,1,0,,ineligible,-7.885612487792969
A2BICL1L5GB4PD:6:B004P5O8IQ,A2BICL1L5GB4PD,tail,0,2244,0>2244,30,9+,345,1,,control,-2.6535186767578125
A2BICL1L5GB4PD:6:B004P5O8IQ,A2BICL1L5GB4PD,tail,1,23693,"0,2244>23693",29,9+,6,2,0.00853639841079712,control,-0.3829307556152344
A2BICL1L5GB4PD:6:B004P5O8IQ,A2BICL1L5GB4PD,tail,2,10651,"0,2244,23693>10651",4,3-4,1,0,,ineligible,0.8331146240234375
A2BLFCOPSMBOZ9:1:B002VBXPO4,A2BLFCOPSMBOZ9,tail,0,3203,0>3203,30,9+,353,1,,control,-0.6029319763183594
A2BLFCOPSMBOZ9:1:B002VBXPO4,A2BLFCOPSMBOZ9,tail,1,799,"0,3203>799",28,9+,10,1,,control,1.0812301635742188
A2BLFCOPSMBOZ9:1:B002VBXPO4,A2BLFCOPSMBOZ9,tail,2,5630,"0,3203,799>5630",6,5-8,1,0,,ineligible,-2.126193046569824
A2BRAVOAYRHDVR:5:B000DH333G,A2BRAVOAYRHDVR,head,0,2244,0>2244,30,9+,345,1,,control,-2.5048789978027344
A2BRAVOAYRHDVR:5:B000DH333G,A2BRAVOAYRHDVR,head,1,2601,"0,2244>2601",29,9+,5,2,0.0068819522857666016,control,0.4878883361816406
A2BRAVOAYRHDVR:5:B000DH333G,A2BRAVOAYRHDVR,head,2,7752,"0,2244,2601>7752",5,5-8,1,0,,ineligible,-0.11229705810546875
A2BSA3NCW7E7GK:2:B004Q64MPI,A2BSA3NCW7E7GK,tail,0,2100,0>2100,30,9+,1270,1,,control,2.308849334716797
A2BSA3NCW7E7GK:2:B004Q64MPI,A2BSA3NCW7E7GK,tail,1,659,"0,2100>659",31,9+,52,1,,control,-2.2586517333984375
A2BSA3NCW7E7GK:2:B004Q64MPI,A2BSA3NCW7E7GK,tail,2,10210,"0,2100,659>10210",31,9+,2,0,,ineligible,1.2856330871582031
A2BSA3NCW7E7GK:2:B004Q64MPI,A2BSA3NCW7E7GK,tail,5,536,"0,2100,659,10210,4740,1437>536",2,2,1,0,,ineligible,-0.8185901641845703
A2BUPFYUOFL8WH:12:B002BY2BVE,A2BUPFYUOFL8WH,head,0,5364,0>5364,30,9+,319,1,,control,-0.3068733215332031
A2BUPFYUOFL8WH:12:B002BY2BVE,A2BUPFYUOFL8WH,head,1,2383,"0,5364>2383",25,9+,24,3,0.004454553127288818,control,-0.5634307861328125
A2BUPFYUOFL8WH:12:B002BY2BVE,A2BUPFYUOFL8WH,head,2,13585,"0,5364,2383>13585",16,9+,2,0,,ineligible,2.07900333404541
A2BUPFYUOFL8WH:12:B002BY2BVE,A2BUPFYUOFL8WH,head,3,21129,"0,5364,2383,13585>21129",2,2,1,0,,ineligible,6.212937355041504
A2BVLSQDYFTTQ0:3:B00428LIYI,A2BVLSQDYFTTQ0,head,0,1871,0>1871,30,9+,482,1,,control,-0.02022552490234375
A2BVLSQDYFTTQ0:3:B00428LIYI,A2BVLSQDYFTTQ0,head,1,8719,"0,1871>8719",29,9+,45,1,,control,-1.3423080444335938
A2BVLSQDYFTTQ0:3:B00428LIYI,A2BVLSQDYFTTQ0,head,2,10749,"0,1871,8719>10749",31,9+,1,0,,ineligible,-2.8849220275878906
A2BW1M87B5WX6X:2:B0001Z5TGE,A2BW1M87B5WX6X,tail,0,1871,0>1871,30,9+,482,1,,control,0.8941574096679688
A2BW1M87B5WX6X:2:B0001Z5TGE,A2BW1M87B5WX6X,tail,1,4088,"0,1871>4088",29,9+,7,1,,control,-1.5736808776855469
A2BW1M87B5WX6X:2:B0001Z5TGE,A2BW1M87B5WX6X,tail,2,22336,"0,1871,4088>22336",6,5-8,1,0,,ineligible,-0.007979393005371094
A2BWSPQ0SE41KF:3:B00004TQMQ,A2BWSPQ0SE41KF,tail,0,467,0>467,30,9+,1159,1,,control,3.843463897705078
A2BWSPQ0SE41KF:3:B00004TQMQ,A2BWSPQ0SE41KF,tail,1,1476,"0,467>1476",24,9+,556,1,,control,0.7944412231445312
A2BWSPQ0SE41KF:3:B00004TQMQ,A2BWSPQ0SE41KF,tail,2,7126,"0,467,1476>7126",186,9+,2,0,,ineligible,-2.15460205078125
A2BWSPQ0SE41KF:3:B00004TQMQ,A2BWSPQ0SE41KF,tail,5,632,"0,467,1476,7126,24397,5025>632",2,2,1,0,,ineligible,0.6762971878051758
A2BX9V59XFXHI8:2:B0042ESG38,A2BX9V59XFXHI8,tail,0,14295,0>14295,30,9+,759,1,,control,0.44661712646484375
A2BX9V59XFXHI8:2:B0042ESG38,A2BX9V59XFXHI8,tail,1,4232,"0,14295>4232",44,9+,137,1,,control,2.5221595764160156
A2BX9V59XFXHI8:2:B0042ESG38,A2BX9V59XFXHI8,tail,2,2217,"0,14295,4232>2217",96,9+,3,1,,control,1.3353080749511719
A2BX9V59XFXHI8:2:B0042ESG38,A2BX9V59XFXHI8,tail,3,5738,"0,14295,4232,2217>5738",3,3-4,1,0,,ineligible,2.8139536380767822
A2BXMHV2B0QRCM:4:B00B1Z6F52,A2BXMHV2B0QRCM,head,0,2100,0>2100,30,9+,1270,1,,control,0.2817649841308594
A2BXMHV2B0QRCM:4:B00B1Z6F52,A2BXMHV2B0QRCM,head,1,6378,"0,2100>6378",31,9+,9,1,,control,-0.273834228515625
A2BXMHV2B0QRCM:4:B00B1Z6F52,A2BXMHV2B0QRCM,head,2,6833,"0,2100,6378>6833",4,3-4,4,1,,control,3.2736501693725586
A2BXMHV2B0QRCM:4:B00B1Z6F52,A2BXMHV2B0QRCM,head,3,7424,"0,2100,6378,6833>7424",4,3-4,1,0,,ineligible,1.8911027908325195
A2BZ16RKE13PKV:17:B0038ALXZ0,A2BZ16RKE13PKV,tail,0,14527,0>14527,30,9+,388,1,,control,4.624137878417969
A2BZ16RKE13PKV:17:B0038ALXZ0,A2BZ16RKE13PKV,tail,1,5236,"0,14527>5236",19,9+,51,1,,control,1.5427589416503906
A2BZ16RKE13PKV:17:B0038ALXZ0,A2BZ16RKE13PKV,tail,2,9660,"0,14527,5236>9660",37,9+,2,0,,ineligible,3.866178512573242
A2BZ16RKE13PKV:17:B0038ALXZ0,A2BZ16RKE13PKV,tail,4,6180,"0,14527,5236,9660,2342>6180",2,2,1,0,,ineligible,23.329526901245117
A2CKI7D9CTDZYR:2:B006O6ECQ2,A2CKI7D9CTDZYR,tail,0,14295,0>14295,30,9+,759,1,,control,-0.09447097778320312
A2CKI7D9CTDZYR:2:B006O6ECQ2,A2CKI7D9CTDZYR,tail,1,3624,"0,14295>3624",44,9+,9,1,,control,-0.7235603332519531
A2CKI7D9CTDZYR:2:B006O6ECQ2,A2CKI7D9CTDZYR,tail,2,4232,"0,14295,3624>4232",4,3-4,5,3,0.012693256139755249,control,2.13238525390625
A2CKI7D9CTDZYR:2:B006O6ECQ2,A2CKI7D9CTDZYR,tail,3,1207,"0,14295,3624,4232>1207",2,2,4,3,0.012782454490661621,control,3.1685562133789062
A2CKI7D9CTDZYR:2:B006O6ECQ2,A2CKI7D9CTDZYR,tail,4,19121,"0,14295,3624,4232,1207>19121",3,3-4,2,0,,ineligible,1.5214500427246094
A2CKI7D9CTDZYR:2:B006O6ECQ2,A2CKI7D9CTDZYR,tail,5,536,"0,14295,3624,4232,1207,19121>536",2,2,1,0,,ineligible,-0.38422393798828125
A2CLCSPV6U17YB:3:B0041C26KU,A2CLCSPV6U17YB,tail,0,2244,0>2244,30,9+,345,1,,control,-3.641063690185547
A2CLCSPV6U17YB:3:B0041C26KU,A2CLCSPV6U17YB,tail,1,1355,"0,2244>1355",29,9+,10,1,,control,-0.09726333618164062
A2CLCSPV6U17YB:3:B0041C26KU,A2CLCSPV6U17YB,tail,2,29962,"0,2244,1355>29962",6,5-8,1,0,,ineligible,-0.7637939453125
A2CMETDVOVHXYZ:2:B003PGQLZO,A2CMETDVOVHXYZ,tail,0,2412,0>2412,30,9+,354,1,,control,-3.4592018127441406
A2CMETDVOVHXYZ:2:B003PGQLZO,A2CMETDVOVHXYZ,tail,1,3368,"0,2412>3368",20,9+,5,1,,control,-1.9066276550292969
A2CMETDVOVHXYZ:2:B003PGQLZO,A2CMETDVOVHXYZ,tail,2,2644,"0,2412,3368>2644",4,3-4,2,0,,ineligible,1.7477836608886719
A2CMETDVOVHXYZ:2:B003PGQLZO,A2CMETDVOVHXYZ,tail,4,1026,"0,2412,3368,2644,1010>1026",2,2,1,0,,ineligible,2.4442672729492188
A2CNGARED6OWWU:23:B007Z1D6A8,A2CNGARED6OWWU,tail,0,2100,0>2100,30,9+,1270,1,,control,-1.5292205810546875
A2CNGARED6OWWU:23:B007Z1D6A8,A2CNGARED6OWWU,tail,1,671,"0,2100>671",31,9+,63,1,,control,-1.6530799865722656
A2CNGARED6OWWU:23:B007Z1D6A8,A2CNGARED6OWWU,tail,2,5208,"0,2100,671>5208",29,9+,2,0,,ineligible,6.97100830078125
A2CNGARED6OWWU:23:B007Z1D6A8,A2CNGARED6OWWU,tail,3,2828,"0,2100,671,5208>2828",2,2,1,0,,ineligible,17.323631286621094
A2D4FQHV506EPB:6:B0085CV2RU,A2D4FQHV506EPB,head,0,1041,0>1041,30,9+,628,1,,control,-0.9312171936035156
A2D4FQHV506EPB:6:B0085CV2RU,A2D4FQHV506EPB,head,1,18612,"0,1041>18612",27,9+,23,1,,control,4.0558929443359375
A2D4FQHV506EPB:6:B0085CV2RU,A2D4FQHV506EPB,head,2,8892,"0,1041,18612>8892",15,9+,1,0,,ineligible,6.735834121704102
A2DC92H1JVC8K3:1:B001GFITE2,A2DC92H1JVC8K3,tail,0,14295,0>14295,30,9+,759,1,,control,1.526947021484375
A2DC92H1JVC8K3:1:B001GFITE2,A2DC92H1JVC8K3,tail,1,2576,"0,14295>2576",44,9+,10,1,,control,-0.16971206665039062
A2DC92H1JVC8K3:1:B001GFITE2,A2DC92H1JVC8K3,tail,2,2293,"0,14295,2576>2293",10,9+,1,0,,ineligible,2.3399763107299805
A2DOEOMNOT4JV7:2:B007JPS3YY,A2DOEOMNOT4JV7,tail,0,467,0>467,30,9+,1159,1,,control,-2.621868133544922
A2DOEOMNOT4JV7:2:B007JPS3YY,A2DOEOMNOT4JV7,tail,1,20480,"0,467>20480",24,9+,16,1,,control,-4.489219665527344
A2DOEOMNOT4JV7:2:B007JPS3YY,A2DOEOMNOT4JV7,tail,2,20225,"0,467,20480>20225",14,9+,2,0,,ineligible,1.2590579986572266
A2DOEOMNOT4JV7:2:B007JPS3YY,A2DOEOMNOT4JV7,tail,3,8765,"0,467,20480,20225>8765",2,2,1,0,,ineligible,1.3903160095214844
A2DX0UKT7FXCPN:5:B008KQ1X3O,A2DX0UKT7FXCPN,tail,0,740,0>740,30,9+,1209,1,,control,1.4528579711914062
A2DX0UKT7FXCPN:5:B008KQ1X3O,A2DX0UKT7FXCPN,tail,1,4517,"0,740>4517",53,9+,11,2,0.006506741046905518,control,-5.0856170654296875
A2DX0UKT7FXCPN:5:B008KQ1X3O,A2DX0UKT7FXCPN,tail,2,22810,"0,740,4517>22810",9,9+,1,0,,ineligible,-2.621157646179199
A2E14F6HR5CYRV:2:B0028P5R26,A2E14F6HR5CYRV,head,0,2100,0>2100,30,9+,1270,1,,control,-1.9210166931152344
A2E14F6HR5CYRV:2:B0028P5R26,A2E14F6HR5CYRV,head,1,1088,"0,2100>1088",31,9+,214,5,0.0044814348220825195,control,0.010692596435546875
A2E14F6HR5CYRV:2:B0028P5R26,A2E14F6HR5CYRV,head,2,2810,"0,2100,1088>2810",28,9+,6,1,,control,0.8306484222412109
A2E14F6HR5CYRV:2:B0028P5R26,A2E14F6HR5CYRV,head,3,26537,"0,2100,1088,2810>26537",6,5-8,1,0,,ineligible,-0.6675987243652344
A2EDRIENLRVMRR:4:1929780664,A2EDRIENLRVMRR,head,0,467,0>467,30,9+,1159,1,,control,2.5641098022460938
A2EDRIENLRVMRR:4:1929780664,A2EDRIENLRVMRR,head,1,20480,"0,467>20480",24,9+,16,1,,control,-2.0481185913085938
A2EDRIENLRVMRR:4:1929780664,A2EDRIENLRVMRR,head,2,16213,"0,467,20480>16213",14,9+,1,0,,ineligible,-0.4499988555908203
A2EEZIKZ7SAW5E:2:B00DPK11ZA,A2EEZIKZ7SAW5E,head,0,16352,0>16352,30,9+,180,1,,control,3.450511932373047
A2EEZIKZ7SAW5E:2:B00DPK11ZA,A2EEZIKZ7SAW5E,head,1,4245,"0,16352>4245",25,9+,35,1,,control,-0.9781703948974609
A2EEZIKZ7SAW5E:2:B00DPK11ZA,A2EEZIKZ7SAW5E,head,2,17924,"0,16352,4245>17924",25,9+,1,0,,ineligible,-0.46434974670410156
A2EGCMOTJ6OGAY:3:B004813L0S,A2EGCMOTJ6OGAY,head,0,5364,0>5364,30,9+,319,1,,control,-0.9452095031738281
A2EGCMOTJ6OGAY:3:B004813L0S,A2EGCMOTJ6OGAY,head,1,29072,"0,5364>29072",25,9+,24,1,,control,0.6072769165039062
A2EGCMOTJ6OGAY:3:B004813L0S,A2EGCMOTJ6OGAY,head,2,3827,"0,5364,29072>3827",18,9+,1,0,,ineligible,-0.8207035064697266
A2EM1S3FFXDSKZ:1:B000BVMAJ2,A2EM1S3FFXDSKZ,head,0,740,0>740,30,9+,1209,1,,control,0.20999908447265625
A2EM1S3FFXDSKZ:1:B000BVMAJ2,A2EM1S3FFXDSKZ,head,1,7379,"0,740>7379",53,9+,40,1,,control,0.23949432373046875
A2EM1S3FFXDSKZ:1:B000BVMAJ2,A2EM1S3FFXDSKZ,head,2,10477,"0,740,7379>10477",27,9+,2,0,,ineligible,-1.044952392578125
A2EM1S3FFXDSKZ:1:B000BVMAJ2,A2EM1S3FFXDSKZ,head,3,14993,"0,740,7379,10477>14993",2,2,1,0,,ineligible,1.2199478149414062
A2EO9H61HUE8SP:1:B000O8MY52,A2EO9H61HUE8SP,head,0,387,0>387,30,9+,234,1,,control,-2.1943702697753906
A2EO9H61HUE8SP:1:B000O8MY52,A2EO9H61HUE8SP,head,1,6244,"0,387>6244",24,9+,10,1,,control,-1.09515380859375
A2EO9H61HUE8SP:1:B000O8MY52,A2EO9H61HUE8SP,head,2,19910,"0,387,6244>19910",10,9+,1,0,,ineligible,-0.5006217956542969
A2F1G2IKVW6610:2:B000FFRZYE,A2F1G2IKVW6610,tail,0,740,0>740,30,9+,1209,1,,control,0.8807449340820312
A2F1G2IKVW6610:2:B000FFRZYE,A2F1G2IKVW6610,tail,1,4923,"0,740>4923",53,9+,9,1,,control,-3.5923194885253906
A2F1G2IKVW6610:2:B000FFRZYE,A2F1G2IKVW6610,tail,2,2190,"0,740,4923>2190",7,5-8,2,0,,ineligible,-1.1935043334960938
A2F1G2IKVW6610:2:B000FFRZYE,A2F1G2IKVW6610,tail,5,632,"0,740,4923,2190,11258,12011>632",2,2,1,0,,ineligible,-0.12211418151855469
A2FGNDZXA6YD4D:6:B000GL1DI6,A2FGNDZXA6YD4D,head,0,2341,0>2341,30,9+,490,1,,control,-0.517852783203125
A2FGNDZXA6YD4D:6:B000GL1DI6,A2FGNDZXA6YD4D,head,1,9062,"0,2341>9062",23,9+,123,1,,control,0.3964195251464844
A2FGNDZXA6YD4D:6:B000GL1DI6,A2FGNDZXA6YD4D,head,2,13125,"0,2341,9062>13125",71,9+,15,1,,control,5.397621154785156
A2FGNDZXA6YD4D:6:B000GL1DI6,A2FGNDZXA6YD4D,head,3,28501,"0,2341,9062,13125>28501",14,9+,1,0,,ineligible,1.0814228057861328
A2FOTZOZIDLL5J:4:B00DPK11Y6,A2FOTZOZIDLL5J,head,0,16352,0>16352,30,9+,180,1,,control,3.9981918334960938
A2FOTZOZIDLL5J:4:B00DPK11Y6,A2FOTZOZIDLL5J,head,1,4245,"0,16352>4245",25,9+,35,1,,control,2.2674922943115234
A2FOTZOZIDLL5J:4:B00DPK11Y6,A2FOTZOZIDLL5J,head,2,16169,"0,16352,4245>16169",25,9+,1,0,,ineligible,0.023313522338867188
A2FU5T22SM513U:1:B001543YEY,A2FU5T22SM513U,head,0,17582,0>17582,30,9+,408,1,,control,-0.6893577575683594
A2FU5T22SM513U:1:B001543YEY,A2FU5T22SM513U,head,1,2198,"0,17582>2198",24,9+,26,1,,control,0.26398468017578125
A2FU5T22SM513U:1:B001543YEY,A2FU5T22SM513U,head,2,3754,"0,17582,2198>3754",25,9+,1,0,,ineligible,1.2791862487792969
A2G3G2HOOV2VGZ:1:B003NVLNT0,A2G3G2HOOV2VGZ,tail,0,1871,0>1871,30,9+,482,1,,control,-0.6340484619140625
A2G3G2HOOV2VGZ:1:B003NVLNT0,A2G3G2HOOV2VGZ,tail,1,17815,"0,1871>17815",29,9+,6,1,,control,-4.0478668212890625
A2G3G2HOOV2VGZ:1:B003NVLNT0,A2G3G2HOOV2VGZ,tail,2,10159,"0,1871,17815>10159",2,2,5,2,0.01323235034942627,control,9.347332000732422
A2G3G2HOOV2VGZ:1:B003NVLNT0,A2G3G2HOOV2VGZ,tail,3,13983,"0,1871,17815,10159>13983",3,3-4,1,0,,ineligible,0.24311065673828125
A2G3V7O4WP5F36:11:B00HWH3LPU,A2G3V7O4WP5F36,tail,0,11109,0>11109,30,9+,320,1,,control,-5.586719512939453
A2G3V7O4WP5F36:11:B00HWH3LPU,A2G3V7O4WP5F36,tail,1,19239,"0,11109>19239",27,9+,34,2,0.005622267723083496,control,3.7962093353271484
A2G3V7O4WP5F36:11:B00HWH3LPU,A2G3V7O4WP5F36,tail,2,10451,"0,11109,19239>10451",27,9+,1,0,,ineligible,4.216577529907227
A2GBOHJD5YHE7N:1:B00BQ68RX4,A2GBOHJD5YHE7N,tail,0,1041,0>1041,30,9+,628,1,,control,0.4406242370605469
A2GBOHJD5YHE7N:1:B00BQ68RX4,A2GBOHJD5YHE7N,tail,1,620,"0,1041>620",27,9+,26,1,,control,3.5181121826171875
A2GBOHJD5YHE7N:1:B00BQ68RX4,A2GBOHJD5YHE7N,tail,2,8886,"0,1041,620>8886",13,9+,7,1,,control,5.102243423461914
A2GBOHJD5YHE7N:1:B00BQ68RX4,A2GBOHJD5YHE7N,tail,3,21553,"0,1041,620,8886>21553",5,5-8,3,1,,control,10.5211820602417
A2GBOHJD5YHE7N:1:B00BQ68RX4,A2GBOHJD5YHE7N,tail,4,1744,"0,1041,620,8886,21553>1744",2,2,2,0,,ineligible,20.517269134521484
A2GBOHJD5YHE7N:1:B00BQ68RX4,A2GBOHJD5YHE7N,tail,5,632,"0,1041,620,8886,21553,1744>632",2,2,1,0,,ineligible,1.570582389831543
A2GHCO7AQPZFVU:1:1604189681,A2GHCO7AQPZFVU,tail,0,11109,0>11109,30,9+,320,1,,control,0.00270843505859375
A2GHCO7AQPZFVU:1:1604189681,A2GHCO7AQPZFVU,tail,1,19239,"0,11109>19239",27,9+,34,2,0.005622267723083496,control,-0.3905754089355469
A2GHCO7AQPZFVU:1:1604189681,A2GHCO7AQPZFVU,tail,2,2825,"0,11109,19239>2825",27,9+,1,0,,ineligible,2.287482261657715
A2GN5GQH0LGWAH:5:B004560BPY,A2GN5GQH0LGWAH,head,0,14527,0>14527,30,9+,388,1,,control,-1.9090805053710938
A2GN5GQH0LGWAH:5:B004560BPY,A2GN5GQH0LGWAH,head,1,3822,"0,14527>3822",19,9+,55,1,,control,1.5030670166015625
A2GN5GQH0LGWAH:5:B004560BPY,A2GN5GQH0LGWAH,head,2,2178,"0,14527,3822>2178",49,9+,1,0,,ineligible,1.8582134246826172
A2GNFCJEJPTFMJ:4:B0090H0RK2,A2GNFCJEJPTFMJ,tail,0,12603,0>12603,30,9+,78,1,,control,1.761383056640625
A2GNFCJEJPTFMJ:4:B0090H0RK2,A2GNFCJEJPTFMJ,tail,1,6331,"0,12603>6331",16,9+,58,1,,control,4.86808967590332
A2GNFCJEJPTFMJ:4:B0090H0RK2,A2GNFCJEJPTFMJ,tail,2,1152,"0,12603,6331>1152",30,9+,1,0,,ineligible,-0.19901657104492188
A2GSRL4DE3HHO:2:B005GLPKUI,A2GSRL4DE3HHO,tail,0,2100,0>2100,30,9+,1270,1,,control,-0.4115028381347656
A2GSRL4DE3HHO:2:B005GLPKUI,A2GSRL4DE3HHO,tail,1,659,"0,2100>659",31,9+,52,1,,control,-2.084178924560547
A2GSRL4DE3HHO:2:B005GLPKUI,A2GSRL4DE3HHO,tail,2,1639,"0,2100,659>1639",31,9+,1,0,,ineligible,-4.555145263671875
A2GSZ4ASQZQDNM:1:B004UU9X5O,A2GSZ4ASQZQDNM,head,0,2244,0>2244,30,9+,345,1,,control,2.1810646057128906
A2GSZ4ASQZQDNM:1:B004UU9X5O,A2GSZ4ASQZQDNM,head,1,5094,"0,2244>5094",29,9+,10,1,,control,5.448825836181641
A2GSZ4ASQZQDNM:1:B004UU9X5O,A2GSZ4ASQZQDNM,head,2,9389,"0,2244,5094>9389",8,5-8,1,0,,ineligible,-1.0460262298583984
A2GWI8ETASAKJS:11:B007RTAR64,A2GWI8ETASAKJS,head,0,14295,0>14295,30,9+,759,1,,control,0.4002647399902344
A2GWI8ETASAKJS:11:B007RTAR64,A2GWI8ETASAKJS,head,1,4232,"0,14295>4232",44,9+,137,1,,control,-2.4980735778808594
A2GWI8ETASAKJS:11:B007RTAR64,A2GWI8ETASAKJS,head,2,18560,"0,14295,4232>18560",96,9+,2,0,,ineligible,2.9923267364501953
A2GWI8ETASAKJS:11:B007RTAR64,A2GWI8ETASAKJS,head,3,8682,"0,14295,4232,18560>8682",2,2,1,0,,ineligible,16.939382553100586
A2H6HFOZP0CL4F:2:B004S8F7QM,A2H6HFOZP0CL4F,head,0,467,0>467,30,9+,1159,1,,control,6.214778900146484
A2H6HFOZP0CL4F:2:B004S8F7QM,A2H6HFOZP0CL4F,head,1,895,"0,467>895",24,9+,195,1,,control,-3.4252471923828125
A2H6HFOZP0CL4F:2:B004S8F7QM,A2H6HFOZP0CL4F,head,2,12540,"0,467,895>12540",74,9+,6,1,,control,1.8832569122314453
A2H6HFOZP0CL4F:2:B004S8F7QM,A2H6HFOZP0CL4F,head,3,17425,"0,467,895,12540>17425",6,5-8,1,0,,ineligible,2.8926868438720703
A2HB6YOYJPWNAL:2:B00D203XH2,A2HB6YOYJPWNAL,tail,0,467,0>467,30,9+,1159,1,,control,4.359771728515625
A2HB6YOYJPWNAL:2:B00D203XH2,A2HB6YOYJPWNAL,tail,1,1476,"0,467>1476",24,9+,556,1,,control,0.4141349792480469
A2HB6YOYJPWNAL:2:B00D203XH2,A2HB6YOYJPWNAL,tail,2,19910,"0,467,1476>19910",186,9+,11,2,0.00863802433013916,control,-1.3418045043945312
A2HB6YOYJPWNAL:2:B00D203XH2,A2HB6YOYJPWNAL,tail,3,18112,"0,467,1476,19910>18112",11,9+,1,0,,ineligible,-4.893641471862793
A2HK61GMV2BK7A:2:B004OFBY7K,A2HK61GMV2BK7A,tail,0,2341,0>2341,30,9+,490,1,,control,-2.5130386352539062
A2HK61GMV2BK7A:2:B004OFBY7K,A2HK61GMV2BK7A,tail,1,19239,"0,2341>19239",23,9+,18,2,0.005622267723083496,control,0.7808151245117188
A2HK61GMV2BK7A:2:B004OFBY7K,A2HK61GMV2BK7A,tail,2,16678,"0,2341,19239>16678",13,9+,2,0,,ineligible,1.3155403137207031
A2HK61GMV2BK7A:2:B004OFBY7K,A2HK61GMV2BK7A,tail,5,632,"0,2341,19239,16678,22385,4064>632",2,2,1,0,,ineligible,1.25286865234375
A2HLSO3T9PPEA5:4:B00000K3BR,A2HLSO3T9PPEA5,head,0,2100,0>2100,30,9+,1270,1,,control,0.2797431945800781
A2HLSO3T9PPEA5:4:B00000K3BR,A2HLSO3T9PPEA5,head,1,15721,"0,2100>15721",31,9+,55,2,0.007780551910400391,control,-0.5994377136230469
A2HLSO3T9PPEA5:4:B00000K3BR,A2HLSO3T9PPEA5,head,2,1167,"0,2100,15721>1167",23,9+,4,1,,control,5.09754753112793
A2HLSO3T9PPEA5:4:B00000K3BR,A2HLSO3T9PPEA5,head,3,6165,"0,2100,15721,1167>6165",4,3-4,1,0,,ineligible,1.3301258087158203
A2HMH29VFV0HIR:3:B0085WX4OO,A2HMH29VFV0HIR,tail,0,19903,0>19903,30,9+,192,1,,control,4.190093994140625
A2HMH29VFV0HIR:3:B0085WX4OO,A2HMH29VFV0HIR,tail,1,11398,"0,19903>11398",23,9+,10,2,0.02182227373123169,control,-0.7154941558837891
A2HMH29VFV0HIR:3:B0085WX4OO,A2HMH29VFV0HIR,tail,2,10959,"0,19903,11398>10959",3,3-4,2,0,,ineligible,4.738988876342773
A2HMH29VFV0HIR:3:B0085WX4OO,A2HMH29VFV0HIR,tail,5,632,"0,19903,11398,10959,19035,9738>632",2,2,1,0,,ineligible,7.501165390014648
A2HN943685953U:1:B003XRDYSM,A2HN943685953U,tail,0,5364,0>5364,30,9+,319,1,,control,-1.8708076477050781
A2HN943685953U:1:B003XRDYSM,A2HN943685953U,tail,1,3337,"0,5364>3337",25,9+,15,1,,control,-0.18729591369628906
A2HN943685953U:1:B003XRDYSM,A2HN943685953U,tail,2,7089,"0,5364,3337>7089",9,9+,5,2,0.010825037956237793,control,-1.2516326904296875
A2HN943685953U:1:B003XRDYSM,A2HN943685953U,tail,3,17334,"0,5364,3337,7089>17334",3,3-4,1,0,,ineligible,-1.4422359466552734
A2I21JWEDYT9E1:5:B0084BPZES,A2I21JWEDYT9E1,head,0,14527,0>14527,30,9+,388,1,,control,1.7852630615234375
A2I21JWEDYT9E1:5:B0084BPZES,A2I21JWEDYT9E1,head,1,1370,"0,14527>1370",19,9+,50,1,,control,-0.6673164367675781
A2I21JWEDYT9E1:5:B0084BPZES,A2I21JWEDYT9E1,head,2,8798,"0,14527,1370>8798",42,9+,1,0,,ineligible,-1.4002246856689453
A2I3TKKHF6INI6:21:B004C7S70W,A2I3TKKHF6INI6,head,0,2341,0>2341,30,9+,490,1,,control,-2.1456031799316406
A2I3TKKHF6INI6:21:B004C7S70W,A2I3TKKHF6INI6,head,1,542,"0,2341>542",23,9+,18,2,0.005389988422393799,control,-1.0452957153320312
A2I3TKKHF6INI6:21:B004C7S70W,A2I3TKKHF6INI6,head,2,14658,"0,2341,542>14658",18,9+,1,0,,ineligible,2.147785186767578
A2I6O3SYDQO39E:1:B001P06GX4,A2I6O3SYDQO39E,head,0,467,0>467,30,9+,1159,1,,control,1.8438911437988281
A2I6O3SYDQO39E:1:B001P06GX4,A2I6O3SYDQO39E,head,1,1476,"0,467>1476",24,9+,556,1,,control,-0.045383453369140625
A2I6O3SYDQO39E:1:B001P06GX4,A2I6O3SYDQO39E,head,2,4088,"0,467,1476>4088",186,9+,4,2,0.0154990553855896,control,-0.7160835266113281
A2I6O3SYDQO39E:1:B001P06GX4,A2I6O3SYDQO39E,head,3,2802,"0,467,1476,4088>2802",4,3-4,1,0,,ineligible,2.45198917388916
A2IEIYWMIGUYEG:3:B000SPHPWI,A2IEIYWMIGUYEG,tail,0,2100,0>2100,30,9+,1270,1,,control,-1.8996200561523438
A2IEIYWMIGUYEG:3:B000SPHPWI,A2IEIYWMIGUYEG,tail,1,1996,"0,2100>1996",31,9+,84,1,,control,-0.2502555847167969
A2IEIYWMIGUYEG:3:B000SPHPWI,A2IEIYWMIGUYEG,tail,2,10758,"0,2100,1996>10758",30,9+,1,0,,ineligible,-2.2648887634277344
A2IFKH3TJ10387:3:B007ADICI2,A2IFKH3TJ10387,head,0,9062,0>9062,30,9+,203,1,,control,1.7852058410644531
A2IFKH3TJ10387:3:B007ADICI2,A2IFKH3TJ10387,head,1,28984,"0,9062>28984",26,9+,5,1,,control,-2.536205291748047
A2IFKH3TJ10387:3:B007ADICI2,A2IFKH3TJ10387,head,3,24040,"0,9062,28984,2669>24040",5,5-8,1,0,,ineligible,0.012643814086914062
A2IFOOAY7TJFAV:3:B000NL8QX4,A2IFOOAY7TJFAV,head,0,2244,0>2244,30,9+,345,1,,control,-3.1192245483398438
A2IFOOAY7TJFAV:3:B000NL8QX4,A2IFOOAY7TJFAV,head,1,3827,"0,2244>3827",29,9+,10,5,0.005498707294464111,control,-0.8770637512207031
A2IFOOAY7TJFAV:3:B000NL8QX4,A2IFOOAY7TJFAV,head,2,5095,"0,2244,3827>5095",10,9+,1,0,,ineligible,-0.15541839599609375
A2IJ54FX1L83WK:4:B004UUKMUE,A2IJ54FX1L83WK,head,0,14295,0>14295,30,9+,759,1,,control,-1.8575286865234375
A2IJ54FX1L83WK:4:B004UUKMUE,A2IJ54FX1L83WK,head,1,5513,"0,14295>5513",44,9+,39,1,,control,-2.6238365173339844
A2IJ54FX1L83WK:4:B004UUKMUE,A2IJ54FX1L83WK,head,2,15176,"0,14295,5513>15176",27,9+,1,0,,ineligible,1.6165199279785156
A2IKCYDHAJR4KL:1:B000EULXA2,A2IKCYDHAJR4KL,head,0,1871,0>1871,30,9+,482,1,,control,-0.8353843688964844
A2IKCYDHAJR4KL:1:B000EULXA2,A2IKCYDHAJR4KL,head,1,13817,"0,1871>13817",29,9+,20,2,0.005737960338592529,control,-2.3853912353515625
A2IKCYDHAJR4KL:1:B000EULXA2,A2IKCYDHAJR4KL,head,2,3995,"0,1871,13817>3995",16,9+,3,1,,control,1.6399650573730469
A2IKCYDHAJR4KL:1:B000EULXA2,A2IKCYDHAJR4KL,head,3,14518,"0,1871,13817,3995>14518",3,3-4,1,0,,ineligible,3.4656362533569336
A2J0M05J6JUVJN:2:B00AW6YBAM,A2J0M05J6JUVJN,tail,0,3127,0>3127,30,9+,700,1,,control,3.573394775390625
A2J0M05J6JUVJN:2:B00AW6YBAM,A2J0M05J6JUVJN,tail,1,4223,"0,3127>4223",21,9+,49,2,0.007632195949554443,control,10.251672744750977
A2J0M05J6JUVJN:2:B00AW6YBAM,A2J0M05J6JUVJN,tail,2,19744,"0,3127,4223>19744",37,9+,4,1,,control,5.496074676513672
A2J0M05J6JUVJN:2:B00AW6YBAM,A2J0M05J6JUVJN,tail,3,2480,"0,3127,4223,19744>2480",2,2,3,2,0.04681062698364258,control,10.358036041259766
A2J0M05J6JUVJN:2:B00AW6YBAM,A2J0M05J6JUVJN,tail,5,536,"0,3127,4223,19744,2480,1088>536",3,3-4,1,0,,ineligible,6.732691287994385
A2J16Q3ACJAG1F:1:B00CMNX7W6,A2J16Q3ACJAG1F,tail,0,1871,0>1871,30,9+,482,1,,control,-1.1911125183105469
A2J16Q3ACJAG1F:1:B00CMNX7W6,A2J16Q3ACJAG1F,tail,1,1861,"0,1871>1861",29,9+,12,2,0.02818012237548828,control,-1.4714889526367188
A2J16Q3ACJAG1F:1:B00CMNX7W6,A2J16Q3ACJAG1F,tail,2,14406,"0,1871,1861>14406",7,5-8,4,2,0.006087303161621094,control,4.214731216430664
A2J16Q3ACJAG1F:1:B00CMNX7W6,A2J16Q3ACJAG1F,tail,3,1125,"0,1871,1861,14406>1125",2,2,3,1,,control,0.18739140033721924
A2J16Q3ACJAG1F:1:B00CMNX7W6,A2J16Q3ACJAG1F,tail,4,9050,"0,1871,1861,14406,1125>9050",2,2,2,0,,ineligible,2.9709959030151367
A2J16Q3ACJAG1F:1:B00CMNX7W6,A2J16Q3ACJAG1F,tail,5,536,"0,1871,1861,14406,1125,9050>536",2,2,1,0,,ineligible,-0.2942819595336914
A2J2SK3BXBVXTE:3:B00005ATWC,A2J2SK3BXBVXTE,head,0,1871,0>1871,30,9+,482,1,,control,1.2825469970703125
A2J2SK3BXBVXTE:3:B00005ATWC,A2J2SK3BXBVXTE,head,1,2119,"0,1871>2119",29,9+,7,1,,control,-1.3013267517089844
A2J2SK3BXBVXTE:3:B00005ATWC,A2J2SK3BXBVXTE,head,2,2198,"0,1871,2119>2198",6,5-8,2,0,,ineligible,3.6120986938476562
A2J2SK3BXBVXTE:3:B00005ATWC,A2J2SK3BXBVXTE,head,3,3013,"0,1871,2119,2198>3013",2,2,1,0,,ineligible,3.820376396179199
A2J7SCPS0IS8BO:4:B0035EQDTU,A2J7SCPS0IS8BO,head,0,740,0>740,30,9+,1209,1,,control,0.848480224609375
A2J7SCPS0IS8BO:4:B0035EQDTU,A2J7SCPS0IS8BO,head,1,2056,"0,740>2056",53,9+,39,2,0.0024385452270507812,control,-0.2343292236328125
A2J7SCPS0IS8BO:4:B0035EQDTU,A2J7SCPS0IS8BO,head,2,2329,"0,740,2056>2329",32,9+,2,0,,ineligible,1.3783588409423828
A2J7SCPS0IS8BO:4:B0035EQDTU,A2J7SCPS0IS8BO,head,3,17032,"0,740,2056,2329>17032",2,2,1,0,,ineligible,3.042055368423462
A2J98R2PBS9411:2:B00009VE0D,A2J98R2PBS9411,head,0,14295,0>14295,30,9+,759,1,,control,-1.414276123046875
A2J98R2PBS9411:2:B00009VE0D,A2J98R2PBS9411,head,1,5065,"0,14295>5065",44,9+,12,1,,control,-2.0728836059570312
A2J98R2PBS9411:2:B00009VE0D,A2J98R2PBS9411,head,2,5807,"0,14295,5065>5807",12,9+,1,0,,ineligible,0.9143829345703125
A2JDVZNTCXKUS2:11:B008GS8NSO,A2JDVZNTCXKUS2,head,0,467,0>467,30,9+,1159,1,,control,-1.5452423095703125
A2JDVZNTCXKUS2:11:B008GS8NSO,A2JDVZNTCXKUS2,head,1,1476,"0,467>1476",24,9+,556,1,,control,1.5323677062988281
A2JDVZNTCXKUS2:11:B008GS8NSO,A2JDVZNTCXKUS2,head,2,19910,"0,467,1476>19910",186,9+,11,2,0.00863802433013916,control,-1.4330711364746094
A2JDVZNTCXKUS2:11:B008GS8NSO,A2JDVZNTCXKUS2,head,3,3432,"0,467,1476,19910>3432",11,9+,1,0,,ineligible,0.9506120681762695
A2JP0URFHXP6DO:6:B0003069ZC,A2JP0URFHXP6DO,tail,0,3203,0>3203,30,9+,353,1,,control,-3.118396759033203
A2JP0URFHXP6DO:6:B0003069ZC,A2JP0URFHXP6DO,tail,1,1472,"0,3203>1472",28,9+,19,1,,control,0.7209129333496094
A2JP0URFHXP6DO:6:B0003069ZC,A2JP0URFHXP6DO,tail,2,14814,"0,3203,1472>14814",18,9+,1,0,,ineligible,2.1178369522094727
A2K6U9YNU0L5IQ:1:B002YIV0ZU,A2K6U9YNU0L5IQ,head,0,17582,0>17582,30,9+,408,1,,control,-0.7258262634277344
A2K6U9YNU0L5IQ:1:B002YIV0ZU,A2K6U9YNU0L5IQ,head,1,1035,"0,17582>1035",24,9+,10,1,,control,0.6612472534179688
A2K6U9YNU0L5IQ:1:B002YIV0ZU,A2K6U9YNU0L5IQ,head,2,2472,"0,17582,1035>2472",6,5-8,2,0,,ineligible,2.537893295288086
A2K6U9YNU0L5IQ:1:B002YIV0ZU,A2K6U9YNU0L5IQ,head,3,12840,"0,17582,1035,2472>12840",2,2,1,0,,ineligible,-0.9657125473022461
A2KDVBSUDTG8WQ:31:B0041GUCDO,A2KDVBSUDTG8WQ,tail,0,3127,0>3127,30,9+,700,1,,control,-2.507740020751953
A2KDVBSUDTG8WQ:31:B0041GUCDO,A2KDVBSUDTG8WQ,tail,1,26141,"0,3127>26141",21,9+,25,2,0.006571650505065918,control,-0.15047836303710938
A2KDVBSUDTG8WQ:31:B0041GUCDO,A2KDVBSUDTG8WQ,tail,2,8425,"0,3127,26141>8425",14,9+,5,2,0.009003758430480957,control,-1.6975021362304688
A2KDVBSUDTG8WQ:31:B0041GUCDO,A2KDVBSUDTG8WQ,tail,3,21280,"0,3127,26141,8425>21280",5,5-8,1,0,,ineligible,-0.4914426803588867
A2KKW6EZ830QCW:1:B0007WFI5I,A2KKW6EZ830QCW,head,0,2341,0>2341,30,9+,490,1,,control,-0.0260162353515625
A2KKW6EZ830QCW:1:B0007WFI5I,A2KKW6EZ830QCW,head,1,26141,"0,2341>26141",23,9+,11,2,0.006571650505065918,control,-2.5945777893066406
A2KKW6EZ830QCW:1:B0007WFI5I,A2KKW6EZ830QCW,head,2,8701,"0,2341,26141>8701",10,9+,1,0,,ineligible,0.27455902099609375
A2KXQHVDGURPRY:1:B008KUXKAE,A2KXQHVDGURPRY,tail,0,25636,0>25636,30,9+,259,1,,control,-0.8147239685058594
A2KXQHVDGURPRY:1:B008KUXKAE,A2KXQHVDGURPRY,tail,1,2252,"0,25636>2252",27,9+,16,1,,control,-1.3342914581298828
A2KXQHVDGURPRY:1:B008KUXKAE,A2KXQHVDGURPRY,tail,2,2115,"0,25636,2252>2115",15,9+,2,0,,ineligible,-1.0512819290161133
A2KXQHVDGURPRY:1:B008KUXKAE,A2KXQHVDGURPRY,tail,3,5737,"0,25636,2252,2115>5737",2,2,1,0,,ineligible,0.7647113800048828
A2KZWL4NQ65C7P:1:B00DPGV320,A2KZWL4NQ65C7P,tail,0,2100,0>2100,30,9+,1270,1,,control,-1.500732421875
A2KZWL4NQ65C7P:1:B00DPGV320,A2KZWL4NQ65C7P,tail,1,1073,"0,2100>1073",31,9+,199,1,,control,-0.2840118408203125
A2KZWL4NQ65C7P:1:B00DPGV320,A2KZWL4NQ65C7P,tail,2,26537,"0,2100,1073>26537",31,9+,10,1,,control,1.5516204833984375
A2KZWL4NQ65C7P:1:B00DPGV320,A2KZWL4NQ65C7P,tail,3,4643,"0,2100,1073,26537>4643",10,9+,1,0,,ineligible,-2.2213706970214844
A2L2LMI4WWYH2S:1:1223063097,A2L2LMI4WWYH2S,tail,0,467,0>467,30,9+,1159,1,,control,2.1587295532226562
A2L2LMI4WWYH2S:1:1223063097,A2L2LMI4WWYH2S,tail,1,895,"0,467>895",24,9+,195,1,,control,0.024868011474609375
A2L2LMI4WWYH2S:1:1223063097,A2L2LMI4WWYH2S,tail,2,7782,"0,467,895>7782",74,9+,3,1,,control,-4.357645034790039
A2L2LMI4WWYH2S:1:1223063097,A2L2LMI4WWYH2S,tail,3,27324,"0,467,895,7782>27324",3,3-4,1,0,,ineligible,6.673116683959961
A2L33L3AJ5YDOZ:3:B00005BAHT,A2L33L3AJ5YDOZ,head,0,25636,0>25636,30,9+,259,1,,control,-2.6515731811523438
A2L33L3AJ5YDOZ:3:B00005BAHT,A2L33L3AJ5YDOZ,head,1,7868,"0,25636>7868",27,9+,5,2,0.005358219146728516,control,-1.7190361022949219
A2L33L3AJ5YDOZ:3:B00005BAHT,A2L33L3AJ5YDOZ,head,2,2532,"0,25636,7868>2532",3,3-4,3,2,0.017023444175720215,control,6.701053619384766
A2L33L3AJ5YDOZ:3:B00005BAHT,A2L33L3AJ5YDOZ,head,3,4952,"0,25636,7868,2532>4952",2,2,2,0,,ineligible,11.536494255065918
A2L33L3AJ5YDOZ:3:B00005BAHT,A2L33L3AJ5YDOZ,head,5,632,"0,25636,7868,2532,4952,6102>632",2,2,1,0,,ineligible,1.9520893096923828
A2L3NUK74293KI:11:B00000J05S,A2L3NUK74293KI,tail,0,740,0>740,30,9+,1209,1,,control,-0.9337882995605469
A2L3NUK74293KI:11:B00000J05S,A2L3NUK74293KI,tail,1,459,"0,740>459",53,9+,17,1,,control,-0.5180587768554688
A2L3NUK74293KI:11:B00000J05S,A2L3NUK74293KI,tail,2,1969,"0,740,459>1969",15,9+,1,0,,ineligible,0.5797653198242188
A2L69EL1BGUH2P:6:B004IGAWNW,A2L69EL1BGUH2P,tail,0,2341,0>2341,30,9+,490,1,,control,-0.08403396606445312
A2L69EL1BGUH2P:6:B004IGAWNW,A2L69EL1BGUH2P,tail,1,9062,"0,2341>9062",23,9+,123,1,,control,2.1564292907714844
A2L69EL1BGUH2P:6:B004IGAWNW,A2L69EL1BGUH2P,tail,2,158,"0,2341,9062>158",71,9+,7,1,,control,0.9702301025390625
A2L69EL1BGUH2P:6:B004IGAWNW,A2L69EL1BGUH2P,tail,3,25379,"0,2341,9062,158>25379",7,5-8,1,0,,ineligible,-1.7695074081420898
A2L6G6CCWWP5IV:1:B00008PVZ7,A2L6G6CCWWP5IV,tail,0,2244,0>2244,30,9+,345,1,,control,-0.5897674560546875
A2L6G6CCWWP5IV:1:B00008PVZ7,A2L6G6CCWWP5IV,tail,1,151,"0,2244>151",29,9+,46,1,,control,1.6709403991699219
A2L6G6CCWWP5IV:1:B00008PVZ7,A2L6G6CCWWP5IV,tail,2,25007,"0,2244,151>25007",38,9+,1,0,,ineligible,-1.574676513671875
A2LIYB1OCNVR48:8:0975277324,A2LIYB1OCNVR48,head,0,467,0>467,30,9+,1159,1,,control,-0.8245887756347656
A2LIYB1OCNVR48:8:0975277324,A2LIYB1OCNVR48,head,1,4142,"0,467>4142",24,9+,16,1,,control,-3.5492477416992188
A2LIYB1OCNVR48:8:0975277324,A2LIYB1OCNVR48,head,2,20735,"0,467,4142>20735",12,9+,1,0,,ineligible,3.644038200378418
A2LO1YE4Q0N4F:13:B007U7LZOG,A2LO1YE4Q0N4F,head,0,14527,0>14527,30,9+,388,1,,control,-0.059741973876953125
A2LO1YE4Q0N4F:13:B007U7LZOG,A2LO1YE4Q0N4F,head,1,7860,"0,14527>7860",19,9+,24,1,,control,0.8291740417480469
A2LO1YE4Q0N4F:13:B007U7LZOG,A2LO1YE4Q0N4F,head,2,936,"0,14527,7860>936",15,9+,1,0,,ineligible,10.093162536621094
A2LQGP095AWBKZ:10:B007XVYQCM,A2LQGP095AWBKZ,tail,0,1871,0>1871,30,9+,482,1,,control,1.6615104675292969
A2LQGP095AWBKZ:10:B007XVYQCM,A2LQGP095AWBKZ,tail,1,3470,"0,1871>3470",29,9+,42,1,,control,-0.6870155334472656
A2LQGP095AWBKZ:10:B007XVYQCM,A2LQGP095AWBKZ,tail,2,21622,"0,1871,3470>21622",37,9+,1,0,,ineligible,-3.1891326904296875
A2LQNY854DQS01:2:B000YLAOEW,A2LQNY854DQS01,head,0,467,0>467,30,9+,1159,1,,control,5.042301177978516
A2LQNY854DQS01:2:B000YLAOEW,A2LQNY854DQS01,head,1,1476,"0,467>1476",24,9+,556,1,,control,2.1858787536621094
A2LQNY854DQS01:2:B000YLAOEW,A2LQNY854DQS01,head,2,24856,"0,467,1476>24856",186,9+,3,1,,control,-0.6287384033203125
A2LQNY854DQS01:2:B000YLAOEW,A2LQNY854DQS01,head,3,17258,"0,467,1476,24856>17258",2,2,1,0,,ineligible,9.5164213180542
A2LWH9SH6PUPIE:1:B001T3F0J8,A2LWH9SH6PUPIE,head,0,740,0>740,30,9+,1209,1,,control,-1.0890769958496094
A2LWH9SH6PUPIE:1:B001T3F0J8,A2LWH9SH6PUPIE,head,1,5748,"0,740>5748",53,9+,45,3,0.005589962005615234,control,1.1115036010742188
A2LWH9SH6PUPIE:1:B001T3F0J8,A2LWH9SH6PUPIE,head,2,2101,"0,740,5748>2101",36,9+,2,0,,ineligible,0.10867691040039062
A2LWH9SH6PUPIE:1:B001T3F0J8,A2LWH9SH6PUPIE,head,3,16881,"0,740,5748,2101>16881",2,2,1,0,,ineligible,0.9929485321044922
A2LZCN2AXWOTBM:7:B003CRJU0Y,A2LZCN2AXWOTBM,head,0,1871,0>1871,30,9+,482,1,,control,2.2292556762695312
A2LZCN2AXWOTBM:7:B003CRJU0Y,A2LZCN2AXWOTBM,head,1,2561,"0,1871>2561",29,9+,18,1,,control,-3.660900115966797
A2LZCN2AXWOTBM:7:B003CRJU0Y,A2LZCN2AXWOTBM,head,2,7927,"0,1871,2561>7927",16,9+,1,0,,ineligible,1.9798517227172852
A2LZQ1DLLNNEI5:2:B000063JQM,A2LZQ1DLLNNEI5,tail,0,14295,0>14295,30,9+,759,1,,control,-2.2701492309570312
A2LZQ1DLLNNEI5:2:B000063JQM,A2LZQ1DLLNNEI5,tail,1,5065,"0,14295>5065",44,9+,12,1,,control,3.1017532348632812
A2LZQ1DLLNNEI5:2:B000063JQM,A2LZQ1DLLNNEI5,tail,2,3701,"0,14295,5065>3701",12,9+,1,0,,ineligible,1.9538536071777344
A2M3ULUW0290V4:3:B009BA52L2,A2M3ULUW0290V4,tail,0,12603,0>12603,30,9+,78,1,,control,-5.258007049560547
A2M3ULUW0290V4:3:B009BA52L2,A2M3ULUW0290V4,tail,1,1673,"0,12603>1673",16,9+,2,0,,ineligible,-3.9003219604492188
A2M3ULUW0290V4:3:B009BA52L2,A2M3ULUW0290V4,tail,5,536,"0,12603,1673,2250,9905,6331>536",2,2,1,0,,ineligible,0.24837684631347656
A2MAG7BIDRQTF8:17:B003WFFFRI,A2MAG7BIDRQTF8,tail,0,11109,0>11109,30,9+,320,1,,control,-0.99822998046875
A2MAG7BIDRQTF8:17:B003WFFFRI,A2MAG7BIDRQTF8,tail,1,484,"0,11109>484",27,9+,10,3,0.006638318300247192,control,-1.6166801452636719
A2MAG7BIDRQTF8:17:B003WFFFRI,A2MAG7BIDRQTF8,tail,2,1688,"0,11109,484>1688",9,9+,1,0,,ineligible,-0.1712198257446289
A2MCYGJKC4TDFR:4:B00D9LWJTC,A2MCYGJKC4TDFR,head,0,467,0>467,30,9+,1159,1,,control,-3.3181228637695312
A2MCYGJKC4TDFR:4:B00D9LWJTC,A2MCYGJKC4TDFR,head,1,1476,"0,467>1476",24,9+,556,1,,control,0.17098236083984375
A2MCYGJKC4TDFR:4:B00D9LWJTC,A2MCYGJKC4TDFR,head,2,2577,"0,467,1476>2577",186,9+,47,1,,control,1.2313423156738281
A2MCYGJKC4TDFR:4:B00D9LWJTC,A2MCYGJKC4TDFR,head,3,24719,"0,467,1476,2577>24719",32,9+,1,0,,ineligible,0.3828258514404297
A2MHQMNRR7VB45:2:B007RKZJ1G,A2MHQMNRR7VB45,head,0,2100,0>2100,30,9+,1270,1,,control,-1.2084465026855469
A2MHQMNRR7VB45:2:B007RKZJ1G,A2MHQMNRR7VB45,head,1,659,"0,2100>659",31,9+,52,1,,control,-0.3404273986816406
A2MHQMNRR7VB45:2:B007RKZJ1G,A2MHQMNRR7VB45,head,2,3632,"0,2100,659>3632",31,9+,1,0,,ineligible,1.1116142272949219
A2MN6TFGGN9AY1:3:B00C2P72FM,A2MN6TFGGN9AY1,tail,0,19819,0>19819,30,9+,109,1,,control,-3.5475616455078125
A2MN6TFGGN9AY1:3:B00C2P72FM,A2MN6TFGGN9AY1,tail,1,26976,"0,19819>26976",15,9+,72,1,,control,4.174922943115234
A2MN6TFGGN9AY1:3:B00C2P72FM,A2MN6TFGGN9AY1,tail,2,11125,"0,19819,26976>11125",34,9+,1,0,,ineligible,-3.869913101196289
A2MOD50IHEDH3G:8:B006O6EH4Y,A2MOD50IHEDH3G,head,0,14295,0>14295,30,9+,759,1,,control,-1.6759223937988281
A2MOD50IHEDH3G:8:B006O6EH4Y,A2MOD50IHEDH3G,head,1,4232,"0,14295>4232",44,9+,137,1,,control,2.4254226684570312
A2MOD50IHEDH3G:8:B006O6EH4Y,A2MOD50IHEDH3G,head,2,26793,"0,14295,4232>26793",96,9+,1,0,,ineligible,-1.0926933288574219
A2MRAZ3ALKZK7W:1:B000GKXY7U,A2MRAZ3ALKZK7W,head,0,2341,0>2341,30,9+,490,1,,control,1.2590484619140625
A2MRAZ3ALKZK7W:1:B000GKXY7U,A2MRAZ3ALKZK7W,head,1,9062,"0,2341>9062",23,9+,123,1,,control,-0.1646728515625
A2MRAZ3ALKZK7W:1:B000GKXY7U,A2MRAZ3ALKZK7W,head,2,7507,"0,2341,9062>7507",71,9+,1,0,,ineligible,-3.8811492919921875
A2MTRCUDNNKD87:2:B004J3121A,A2MTRCUDNNKD87,tail,0,740,0>740,30,9+,1209,1,,control,-1.1455612182617188
A2MTRCUDNNKD87:2:B004J3121A,A2MTRCUDNNKD87,tail,1,2774,"0,740>2774",53,9+,5,3,0.00888720154762268,control,-3.759990692138672
A2MTRCUDNNKD87:2:B004J3121A,A2MTRCUDNNKD87,tail,2,4031,"0,740,2774>4031",5,5-8,1,0,,ineligible,0.2875499725341797
A2MYVHV5NAT5GC:3:B0036RRSU4,A2MYVHV5NAT5GC,tail,0,467,0>467,30,9+,1159,1,,control,-1.0401229858398438
A2MYVHV5NAT5GC:3:B0036RRSU4,A2MYVHV5NAT5GC,tail,1,1448,"0,467>1448",24,9+,45,1,,control,-2.2482757568359375
A2MYVHV5NAT5GC:3:B0036RRSU4,A2MYVHV5NAT5GC,tail,2,14667,"0,467,1448>14667",24,9+,11,1,,control,0.7324047088623047
A2MYVHV5NAT5GC:3:B0036RRSU4,A2MYVHV5NAT5GC,tail,3,7310,"0,467,1448,14667>7310",8,5-8,3,1,,control,3.662912368774414
A2MYVHV5NAT5GC:3:B0036RRSU4,A2MYVHV5NAT5GC,tail,4,10426,"0,467,1448,14667,7310>10426",3,3-4,1,0,,ineligible,0.33584117889404297
A2MZKOEVAI2CWE:2:B009L8159C,A2MZKOEVAI2CWE,tail,0,25636,0>25636,30,9+,259,1,,control,-2.0843429565429688
A2MZKOEVAI2CWE:2:B009L8159C,A2MZKOEVAI2CWE,tail,1,14384,"0,25636>14384",27,9+,12,1,,control,-0.8882369995117188
A2MZKOEVAI2CWE:2:B009L8159C,A2MZKOEVAI2CWE,tail,2,20924,"0,25636,14384>20924",7,5-8,1,0,,ineligible,-5.801509857177734
A2N48XBUS9YDMP:15:B004V0YL1E,A2N48XBUS9YDMP,tail,0,2100,0>2100,30,9+,1270,1,,control,0.2695503234863281
A2N48XBUS9YDMP:15:B004V0YL1E,A2N48XBUS9YDMP,tail,1,1073,"0,2100>1073",31,9+,199,1,,control,1.2396583557128906
A2N48XBUS9YDMP:15:B004V0YL1E,A2N48XBUS9YDMP,tail,2,3693,"0,2100,1073>3693",31,9+,4,2,0.0065315961837768555,control,-0.9332122802734375
A2N48XBUS9YDMP:15:B004V0YL1E,A2N48XBUS9YDMP,tail,3,6047,"0,2100,1073,3693>6047",4,3-4,1,0,,ineligible,1.7989897727966309
A2NCWLAWOVCKF7:1:B00005YVRP,A2NCWLAWOVCKF7,head,0,1871,0>1871,30,9+,482,1,,control,-0.9865989685058594
A2NCWLAWOVCKF7:1:B00005YVRP,A2NCWLAWOVCKF7,head,1,5431,"0,1871>5431",29,9+,9,1,,control,0.4156036376953125
A2NCWLAWOVCKF7:1:B00005YVRP,A2NCWLAWOVCKF7,head,2,17710,"0,1871,5431>17710",8,5-8,1,0,,ineligible,1.1152667999267578
A2NOW4U7W3F7RI:10:B00000J4SP,A2NOW4U7W3F7RI,head,0,1871,0>1871,30,9+,482,1,,control,1.0751190185546875
A2NOW4U7W3F7RI:10:B00000J4SP,A2NOW4U7W3F7RI,head,1,7868,"0,1871>7868",29,9+,10,2,0.005358219146728516,control,-4.593902587890625
A2NOW4U7W3F7RI:10:B00000J4SP,A2NOW4U7W3F7RI,head,2,9159,"0,1871,7868>9159",10,9+,1,0,,ineligible,2.579334259033203
A2NS3IPJV3SRAK:2:B001446E4W,A2NS3IPJV3SRAK,head,0,467,0>467,30,9+,1159,1,,control,2.266796112060547
A2NS3IPJV3SRAK:2:B001446E4W,A2NS3IPJV3SRAK,head,1,3186,"0,467>3186",24,9+,14,1,,control,-1.9682197570800781
A2NS3IPJV3SRAK:2:B001446E4W,A2NS3IPJV3SRAK,head,2,6686,"0,467,3186>6686",11,9+,4,1,,control,2.7914867401123047
A2NS3IPJV3SRAK:2:B001446E4W,A2NS3IPJV3SRAK,head,4,1575,"0,467,3186,6686,1208>1575",2,2,3,1,,control,11.244572639465332
A2NS3IPJV3SRAK:2:B001446E4W,A2NS3IPJV3SRAK,head,5,632,"0,467,3186,6686,1208,1575>632",3,3-4,1,0,,ineligible,1.4425506591796875
A2O2NBBLQS154R:5:B0035EQDW2,A2O2NBBLQS154R,head,0,17582,0>17582,30,9+,408,1,,control,-2.5469970703125
A2O2NBBLQS154R:5:B0035EQDW2,A2O2NBBLQS154R,head,1,542,"0,17582>542",24,9+,39,2,0.005389988422393799,control,0.5150413513183594
A2O2NBBLQS154R:5:B0035EQDW2,A2O2NBBLQS154R,head,2,3688,"0,17582,542>3688",30,9+,4,1,,control,0.6508655548095703
A2O2NBBLQS154R:5:B0035EQDW2,A2O2NBBLQS154R,head,3,21365,"0,17582,542,3688>21365",3,3-4,1,0,,ineligible,1.8492608070373535
A2O403A5M4VPWF:4:B000GKATU0,A2O403A5M4VPWF,head,0,2341,0>2341,30,9+,490,1,,control,-0.27016448974609375
A2O403A5M4VPWF:4:B000GKATU0,A2O403A5M4VPWF,head,1,1843,"0,2341>1843",23,9+,21,1,,control,-1.720550537109375
A2O403A5M4VPWF:4:B000GKATU0,A2O403A5M4VPWF,head,2,6702,"0,2341,1843>6702",15,9+,3,1,,control,0.8783683776855469
A2O403A5M4VPWF:4:B000GKATU0,A2O403A5M4VPWF,head,3,657,"0,2341,1843,6702>657",2,2,2,0,,ineligible,4.686666488647461
A2O403A5M4VPWF:4:B000GKATU0,A2O403A5M4VPWF,head,4,10063,"0,2341,1843,6702,657>10063",2,2,1,0,,ineligible,36.830894470214844
A2OAQHQRJQP6J7:10:B000231EX2,A2OAQHQRJQP6J7,head,0,1871,0>1871,30,9+,482,1,,control,3.9303321838378906
A2OAQHQRJQP6J7:10:B000231EX2,A2OAQHQRJQP6J7,head,1,2495,"0,1871>2495",29,9+,54,1,,control,-0.7929916381835938
A2OAQHQRJQP6J7:10:B000231EX2,A2OAQHQRJQP6J7,head,2,18639,"0,1871,2495>18639",45,9+,6,1,,control,3.7446746826171875
A2OAQHQRJQP6J7:10:B000231EX2,A2OAQHQRJQP6J7,head,3,1996,"0,1871,2495,18639>1996",6,5-8,1,0,,ineligible,2.1645584106445312
A2OFWB1RJ3Q226:1:B004MWL07O,A2OFWB1RJ3Q226,head,0,14527,0>14527,30,9+,388,1,,control,2.5660743713378906
A2OFWB1RJ3Q226:1:B004MWL07O,A2OFWB1RJ3Q226,head,1,20901,"0,14527>20901",19,9+,31,1,,control,2.1633338928222656
A2OFWB1RJ3Q226:1:B004MWL07O,A2OFWB1RJ3Q226,head,2,7848,"0,14527,20901>7848",29,9+,1,0,,ineligible,-0.3688087463378906
A2OKG8UA0G4OXS:1:B00021Z2FU,A2OKG8UA0G4OXS,head,0,740,0>740,30,9+,1209,1,,control,-0.6688957214355469
A2OKG8UA0G4OXS:1:B00021Z2FU,A2OKG8UA0G4OXS,head,1,2056,"0,740>2056",53,9+,39,2,0.0024385452270507812,control,-0.8994216918945312
A2OKG8UA0G4OXS:1:B00021Z2FU,A2OKG8UA0G4OXS,head,2,1438,"0,740,2056>1438",32,9+,2,0,,ineligible,-0.02130889892578125
A2OKG8UA0G4OXS:1:B00021Z2FU,A2OKG8UA0G4OXS,head,3,25055,"0,740,2056,1438>25055",2,2,1,0,,ineligible,2.3317320346832275
A2ON6D6P8JM8Z3:5:B001PAKU0O,A2ON6D6P8JM8Z3,head,0,2412,0>2412,30,9+,354,1,,control,-3.939739227294922
A2ON6D6P8JM8Z3:5:B001PAKU0O,A2ON6D6P8JM8Z3,head,1,14421,"0,2412>14421",20,9+,65,1,,control,1.942758560180664
A2ON6D6P8JM8Z3:5:B001PAKU0O,A2ON6D6P8JM8Z3,head,2,7325,"0,2412,14421>7325",57,9+,1,0,,ineligible,-0.13068199157714844
A2OTWCQMOBNUXY:1:B003FLMZMW,A2OTWCQMOBNUXY,head,0,2412,0>2412,30,9+,354,1,,control,-1.8124809265136719
A2OTWCQMOBNUXY:1:B003FLMZMW,A2OTWCQMOBNUXY,head,1,2754,"0,2412>2754",20,9+,90,1,,control,1.615966796875
A2OTWCQMOBNUXY:1:B003FLMZMW,A2OTWCQMOBNUXY,head,2,3225,"0,2412,2754>3225",72,9+,2,0,,ineligible,-1.7338886260986328
A2OTWCQMOBNUXY:1:B003FLMZMW,A2OTWCQMOBNUXY,head,3,651,"0,2412,2754,3225>651",2,2,1,0,,ineligible,2.811802387237549
A2OTXT99VQQG3A:2:B000231EX2,A2OTXT99VQQG3A,head,0,1871,0>1871,30,9+,482,1,,control,0.8152999877929688
A2OTXT99VQQG3A:2:B000231EX2,A2OTXT99VQQG3A,head,1,2495,"0,1871>2495",29,9+,54,1,,control,0.49904632568359375
A2OTXT99VQQG3A:2:B000231EX2,A2OTXT99VQQG3A,head,2,18639,"0,1871,2495>18639",45,9+,6,1,,control,1.955972671508789
A2OTXT99VQQG3A:2:B000231EX2,A2OTXT99VQQG3A,head,3,1996,"0,1871,2495,18639>1996",6,5-8,1,0,,ineligible,2.5640525817871094
A2PBTYKR8TB9R0:3:B003VPBO6A,A2PBTYKR8TB9R0,tail,0,3127,0>3127,30,9+,700,1,,control,3.1084022521972656
A2PBTYKR8TB9R0:3:B003VPBO6A,A2PBTYKR8TB9R0,tail,1,2738,"0,3127>2738",21,9+,64,1,,control,-1.1916790008544922
A2PBTYKR8TB9R0:3:B003VPBO6A,A2PBTYKR8TB9R0,tail,2,24428,"0,3127,2738>24428",40,9+,1,0,,ineligible,-0.8152599334716797
A2PD27UKAD3Q00:12:B00AWNUHB2,A2PD27UKAD3Q00,head,0,1871,0>1871,30,9+,482,1,,control,-3.7927207946777344
A2PD27UKAD3Q00:12:B00AWNUHB2,A2PD27UKAD3Q00,head,1,1861,"0,1871>1861",29,9+,12,2,0.02818012237548828,control,-2.1160964965820312
A2PD27UKAD3Q00:12:B00AWNUHB2,A2PD27UKAD3Q00,head,2,6527,"0,1871,1861>6527",7,5-8,1,0,,ineligible,7.030570983886719
A2PFHRW7B5O2K4:4:B003CJJE4Y,A2PFHRW7B5O2K4,tail,0,467,0>467,30,9+,1159,1,,control,0.9108009338378906
A2PFHRW7B5O2K4:4:B003CJJE4Y,A2PFHRW7B5O2K4,tail,1,1476,"0,467>1476",24,9+,556,1,,control,0.3336601257324219
A2PFHRW7B5O2K4:4:B003CJJE4Y,A2PFHRW7B5O2K4,tail,2,9781,"0,467,1476>9781",186,9+,2,0,,ineligible,-1.9504623413085938
A2PFHRW7B5O2K4:4:B003CJJE4Y,A2PFHRW7B5O2K4,tail,3,8002,"0,467,1476,9781>8002",2,2,1,0,,ineligible,0.5571169853210449
A2PHXB4LFHO5UZ:3:B008IT5DAM,A2PHXB4LFHO5UZ,tail,0,4183,0>4183,30,9+,157,1,,control,-3.1203041076660156
A2PHXB4LFHO5UZ:3:B008IT5DAM,A2PHXB4LFHO5UZ,tail,1,4414,"0,4183>4414",22,9+,10,3,0.004310280084609985,control,0.4994525909423828
A2PHXB4LFHO5UZ:3:B008IT5DAM,A2PHXB4LFHO5UZ,tail,2,444,"0,4183,4414>444",7,5-8,3,1,,control,1.2299861907958984
A2PHXB4LFHO5UZ:3:B008IT5DAM,A2PHXB4LFHO5UZ,tail,3,5011,"0,4183,4414,444>5011",2,2,2,0,,ineligible,5.796202659606934
A2PHXB4LFHO5UZ:3:B008IT5DAM,A2PHXB4LFHO5UZ,tail,4,144,"0,4183,4414,444,5011>144",2,2,1,0,,ineligible,-0.9677581787109375
A2PM3BVT9TWZM2:5:B0015KU14O,A2PM3BVT9TWZM2,head,0,5364,0>5364,30,9+,319,1,,control,-1.9744415283203125
A2PM3BVT9TWZM2:5:B0015KU14O,A2PM3BVT9TWZM2,head,1,14957,"0,5364>14957",25,9+,39,1,,control,1.0897293090820312
A2PM3BVT9TWZM2:5:B0015KU14O,A2PM3BVT9TWZM2,head,2,813,"0,5364,14957>813",22,9+,3,2,0.012015104293823242,control,0.2894763946533203
A2PM3BVT9TWZM2:5:B0015KU14O,A2PM3BVT9TWZM2,head,3,1641,"0,5364,14957,813>1641",3,3-4,1,0,,ineligible,2.313990592956543
A2Q9B9WLL51Z70:3:B00712O4H0,A2Q9B9WLL51Z70,tail,0,14295,0>14295,30,9+,759,1,,control,4.122650146484375
A2Q9B9WLL51Z70:3:B00712O4H0,A2Q9B9WLL51Z70,tail,1,9516,"0,14295>9516",44,9+,11,4,0.012187560399373373,control,4.864051818847656
A2Q9B9WLL51Z70:3:B00712O4H0,A2Q9B9WLL51Z70,tail,2,783,"0,14295,9516>783",11,9+,1,0,,ineligible,1.5899238586425781
A2QDOJFFLFGF18:41:B0096T8YH2,A2QDOJFFLFGF18,head,0,14295,0>14295,30,9+,759,1,,control,-0.22651290893554688
A2QDOJFFLFGF18:41:B0096T8YH2,A2QDOJFFLFGF18,head,1,4232,"0,14295>4232",44,9+,137,1,,control,2.5456695556640625
A2QDOJFFLFGF18:41:B0096T8YH2,A2QDOJFFLFGF18,head,2,9935,"0,14295,4232>9935",96,9+,5,1,,control,1.5096321105957031
A2QDOJFFLFGF18:41:B0096T8YH2,A2QDOJFFLFGF18,head,3,2608,"0,14295,4232,9935>2608",5,5-8,1,0,,ineligible,3.1122970581054688
A2QPGQBU2CAF2D:5:B000FGECAI,A2QPGQBU2CAF2D,head,0,467,0>467,30,9+,1159,1,,control,-0.4923820495605469
A2QPGQBU2CAF2D:5:B000FGECAI,A2QPGQBU2CAF2D,head,1,1476,"0,467>1476",24,9+,556,1,,control,2.037628173828125
A2QPGQBU2CAF2D:5:B000FGECAI,A2QPGQBU2CAF2D,head,2,3304,"0,467,1476>3304",186,9+,1,0,,ineligible,-3.9315834045410156
A2QRQE0ZFSHTKW:4:B009PLLFAE,A2QRQE0ZFSHTKW,tail,0,14527,0>14527,30,9+,388,1,,control,-2.0724334716796875
A2QRQE0ZFSHTKW:4:B009PLLFAE,A2QRQE0ZFSHTKW,tail,1,20901,"0,14527>20901",19,9+,31,1,,control,-0.2013092041015625
A2QRQE0ZFSHTKW:4:B009PLLFAE,A2QRQE0ZFSHTKW,tail,2,30041,"0,14527,20901>30041",29,9+,1,0,,ineligible,-6.846372604370117
A2QRWMBX64F9GZ:2:B00ARQW0N2,A2QRWMBX64F9GZ,head,0,2100,0>2100,30,9+,1270,1,,control,-0.2756195068359375
A2QRWMBX64F9GZ:2:B00ARQW0N2,A2QRWMBX64F9GZ,head,1,687,"0,2100>687",31,9+,30,1,,control,-2.984783172607422
A2QRWMBX64F9GZ:2:B00ARQW0N2,A2QRWMBX64F9GZ,head,2,12496,"0,2100,687>12496",18,9+,1,0,,ineligible,-2.601816177368164
A2QWHEI914GHRZ:7:B00G8AURWW,A2QWHEI914GHRZ,tail,0,14351,0>14351,30,9+,196,1,,control,1.4201507568359375
A2QWHEI914GHRZ:7:B00G8AURWW,A2QWHEI914GHRZ,tail,1,15073,"0,14351>15073",25,9+,33,1,,control,1.1877450942993164
A2QWHEI914GHRZ:7:B00G8AURWW,A2QWHEI914GHRZ,tail,2,9760,"0,14351,15073>9760",28,9+,1,0,,ineligible,-2.9396142959594727
A2QX49LS3Y3ANI:14:B004KZ8P2Q,A2QX49LS3Y3ANI,head,0,467,0>467,30,9+,1159,1,,control,-0.40671539306640625
A2QX49LS3Y3ANI:14:B004KZ8P2Q,A2QX49LS3Y3ANI,head,1,1476,"0,467>1476",24,9+,556,1,,control,1.91973876953125
A2QX49LS3Y3ANI:14:B004KZ8P2Q,A2QX49LS3Y3ANI,head,2,31641,"0,467,1476>31641",186,9+,2,0,,ineligible,0.410430908203125
A2QX49LS3Y3ANI:14:B004KZ8P2Q,A2QX49LS3Y3ANI,head,3,4974,"0,467,1476,31641>4974",2,2,1,0,,ineligible,2.914621353149414
A2R8R97INVXBR1:1:1932188126,A2R8R97INVXBR1,head,0,467,0>467,30,9+,1159,1,,control,-1.3927459716796875
A2R8R97INVXBR1:1:1932188126,A2R8R97INVXBR1,head,1,1448,"0,467>1448",24,9+,45,1,,control,0.3104133605957031
A2R8R97INVXBR1:1:1932188126,A2R8R97INVXBR1,head,2,5096,"0,467,1448>5096",24,9+,3,1,,control,2.1729278564453125
A2R8R97INVXBR1:1:1932188126,A2R8R97INVXBR1,head,3,13634,"0,467,1448,5096>13634",2,2,2,0,,ineligible,7.455965042114258
A2R8R97INVXBR1:1:1932188126,A2R8R97INVXBR1,head,4,6051,"0,467,1448,5096,13634>6051",2,2,1,0,,ineligible,2.979412078857422
A2RDJXZ2GRQZMC:1:B004ZFF3CQ,A2RDJXZ2GRQZMC,tail,0,740,0>740,30,9+,1209,1,,control,0.8984527587890625
A2RDJXZ2GRQZMC:1:B004ZFF3CQ,A2RDJXZ2GRQZMC,tail,1,19910,"0,740>19910",53,9+,13,2,0.006532549858093262,control,-1.6618843078613281
A2RDJXZ2GRQZMC:1:B004ZFF3CQ,A2RDJXZ2GRQZMC,tail,2,18447,"0,740,19910>18447",13,9+,1,0,,ineligible,0.9871282577514648
A2RFVSWZOBFDJ:2:B00BWZUXF4,A2RFVSWZOBFDJ,tail,0,1041,0>1041,30,9+,628,1,,control,5.3636322021484375
A2RFVSWZOBFDJ:2:B00BWZUXF4,A2RFVSWZOBFDJ,tail,1,3214,"0,1041>3214",27,9+,34,1,,control,-5.90081787109375
A2RFVSWZOBFDJ:2:B00BWZUXF4,A2RFVSWZOBFDJ,tail,2,3654,"0,1041,3214>3654",14,9+,13,1,,control,3.317911148071289
A2RFVSWZOBFDJ:2:B00BWZUXF4,A2RFVSWZOBFDJ,tail,3,20425,"0,1041,3214,3654>20425",4,3-4,1,0,,ineligible,0.5230798721313477
A2RJ4RQX1JP3GK:1:B004EMQF4U,A2RJ4RQX1JP3GK,tail,0,3186,0>3186,30,9+,268,1,,control,-1.8910713195800781
A2RJ4RQX1JP3GK:1:B004EMQF4U,A2RJ4RQX1JP3GK,tail,1,4650,"0,3186>4650",21,9+,24,1,,control,-1.679330825805664
A2RJ4RQX1JP3GK:1:B004EMQF4U,A2RJ4RQX1JP3GK,tail,2,19834,"0,3186,4650>19834",7,5-8,6,1,,control,1.2156238555908203
A2RJ4RQX1JP3GK:1:B004EMQF4U,A2RJ4RQX1JP3GK,tail,3,19210,"0,3186,4650,19834>19210",4,3-4,1,0,,ineligible,0.6077537536621094
A2RKI7RPP5CJMG:34:B005GOPU2S,A2RKI7RPP5CJMG,head,0,9062,0>9062,30,9+,203,1,,control,1.4353294372558594
A2RKI7RPP5CJMG:34:B005GOPU2S,A2RKI7RPP5CJMG,head,1,9079,"0,9062>9079",26,9+,28,1,,control,1.3387603759765625
A2RKI7RPP5CJMG:34:B005GOPU2S,A2RKI7RPP5CJMG,head,2,25226,"0,9062,9079>25226",18,9+,7,1,,control,8.601164817810059
A2RKI7RPP5CJMG:34:B005GOPU2S,A2RKI7RPP5CJMG,head,5,948,"0,9062,9079,25226,7328,6929>948",7,5-8,1,0,,ineligible,1.0015287399291992
A2RN2AO4BE6F4K:3:B004P972UI,A2RN2AO4BE6F4K,head,0,14295,0>14295,30,9+,759,1,,control,-0.7928810119628906
A2RN2AO4BE6F4K:3:B004P972UI,A2RN2AO4BE6F4K,head,1,25256,"0,14295>25256",44,9+,5,1,,control,-0.19717788696289062
A2RN2AO4BE6F4K:3:B004P972UI,A2RN2AO4BE6F4K,head,2,13192,"0,14295,25256>13192",2,2,4,1,,control,9.34902572631836
A2RN2AO4BE6F4K:3:B004P972UI,A2RN2AO4BE6F4K,head,3,7418,"0,14295,25256,13192>7418",3,3-4,1,0,,ineligible,7.652102470397949
A2RTCTTNROH03O:7:B008DBZBV6,A2RTCTTNROH03O,tail,0,1041,0>1041,30,9+,628,1,,control,0.3017616271972656
A2RTCTTNROH03O:7:B008DBZBV6,A2RTCTTNROH03O,tail,1,29151,"0,1041>29151",27,9+,28,1,,control,7.282173156738281
A2RTCTTNROH03O:7:B008DBZBV6,A2RTCTTNROH03O,tail,2,26569,"0,1041,29151>26569",9,9+,20,1,,control,10.719340324401855
A2RTCTTNROH03O:7:B008DBZBV6,A2RTCTTNROH03O,tail,3,21615,"0,1041,29151,26569>21615",2,2,19,1,,control,19.440914154052734
A2RTCTTNROH03O:7:B008DBZBV6,A2RTCTTNROH03O,tail,4,1191,"0,1041,29151,26569,21615>1191",4,3-4,15,1,,control,3.8272476196289062
A2RTCTTNROH03O:7:B008DBZBV6,A2RTCTTNROH03O,tail,5,1714,"0,1041,29151,26569,21615,1191>1714",15,9+,1,0,,ineligible,2.214998245239258
A2RV8B3LE13PCP:3:B00428LJ0Q,A2RV8B3LE13PCP,head,0,1871,0>1871,30,9+,482,1,,control,1.1929054260253906
A2RV8B3LE13PCP:3:B00428LJ0Q,A2RV8B3LE13PCP,head,1,951,"0,1871>951",29,9+,20,1,,control,-0.6603889465332031
A2RV8B3LE13PCP:3:B00428LJ0Q,A2RV8B3LE13PCP,head,2,3634,"0,1871,951>3634",19,9+,1,0,,ineligible,4.320224761962891
A2S3NDD74KFM85:1:B004P940US,A2S3NDD74KFM85,tail,0,3203,0>3203,30,9+,353,1,,control,-2.8661155700683594
A2S3NDD74KFM85:1:B004P940US,A2S3NDD74KFM85,tail,1,4322,"0,3203>4322",28,9+,42,1,,control,0.434844970703125
A2S3NDD74KFM85:1:B004P940US,A2S3NDD74KFM85,tail,2,26106,"0,3203,4322>26106",39,9+,1,0,,ineligible,-3.764768600463867
A2S6QCNNN8AK91:1:B00358EOI8,A2S6QCNNN8AK91,tail,0,11109,0>11109,30,9+,320,1,,control,0.551544189453125
A2S6QCNNN8AK91:1:B00358EOI8,A2S6QCNNN8AK91,tail,1,18603,"0,11109>18603",27,9+,5,1,,control,-0.8677597045898438
A2S6QCNNN8AK91:1:B00358EOI8,A2S6QCNNN8AK91,tail,2,22015,"0,11109,18603>22015",3,3-4,2,0,,ineligible,4.247161865234375
A2S6QCNNN8AK91:1:B00358EOI8,A2S6QCNNN8AK91,tail,5,536,"0,11109,18603,22015,2837,2662>536",2,2,1,0,,ineligible,0.7237205505371094
A2SFZP7PSISVER:3:B004K9E5SA,A2SFZP7PSISVER,tail,0,2100,0>2100,30,9+,1270,1,,control,0.9447860717773438
A2SFZP7PSISVER:3:B004K9E5SA,A2SFZP7PSISVER,tail,1,6770,"0,2100>6770",31,9+,38,1,,control,5.34716796875
A2SFZP7PSISVER:3:B004K9E5SA,A2SFZP7PSISVER,tail,2,20103,"0,2100,6770>20103",26,9+,4,1,,control,7.298887252807617
A2SFZP7PSISVER:3:B004K9E5SA,A2SFZP7PSISVER,tail,3,14309,"0,2100,6770,20103>14309",4,3-4,1,0,,ineligible,4.03870964050293
A2SGIRFEJL82G5:1:B00CMHWTT4,A2SGIRFEJL82G5,tail,0,740,0>740,30,9+,1209,1,,control,0.5389823913574219
A2SGIRFEJL82G5:1:B00CMHWTT4,A2SGIRFEJL82G5,tail,1,690,"0,740>690",53,9+,50,1,,control,-1.565704345703125
A2SGIRFEJL82G5:1:B00CMHWTT4,A2SGIRFEJL82G5,tail,2,4939,"0,740,690>4939",28,9+,2,0,,ineligible,-2.3748931884765625
A2SGIRFEJL82G5:1:B00CMHWTT4,A2SGIRFEJL82G5,tail,3,20404,"0,740,690,4939>20404",2,2,1,0,,ineligible,6.303287506103516
A2SM54CMWYY1LT:3:B00BSN0L2U,A2SM54CMWYY1LT,tail,0,1041,0>1041,30,9+,628,1,,control,5.701930999755859
A2SM54CMWYY1LT:3:B00BSN0L2U,A2SM54CMWYY1LT,tail,1,2325,"0,1041>2325",27,9+,14,1,,control,0.17180252075195312
A2SM54CMWYY1LT:3:B00BSN0L2U,A2SM54CMWYY1LT,tail,2,2470,"0,1041,2325>2470",10,9+,5,1,,control,8.746742248535156
A2SM54CMWYY1LT:3:B00BSN0L2U,A2SM54CMWYY1LT,tail,5,536,"0,1041,2325,2470,1974,388>536",5,5-8,1,0,,ineligible,2.7667646408081055
A2SP1YPM49J3W4:1:B00008455L,A2SP1YPM49J3W4,tail,0,2100,0>2100,30,9+,1270,1,,control,1.2405967712402344
A2SP1YPM49J3W4:1:B00008455L,A2SP1YPM49J3W4,tail,1,1073,"0,2100>1073",31,9+,199,1,,control,0.66876220703125
A2SP1YPM49J3W4:1:B00008455L,A2SP1YPM49J3W4,tail,2,4808,"0,2100,1073>4808",31,9+,7,1,,control,-0.07787322998046875
A2SP1YPM49J3W4:1:B00008455L,A2SP1YPM49J3W4,tail,3,7895,"0,2100,1073,4808>7895",6,5-8,1,0,,ineligible,0.3194007873535156
A2SXHP3384ER6W:2:B0007V1J7U,A2SXHP3384ER6W,tail,0,467,0>467,30,9+,1159,1,,control,4.462841033935547
A2SXHP3384ER6W:2:B0007V1J7U,A2SXHP3384ER6W,tail,1,27733,"0,467>27733",24,9+,13,1,,control,0.7087821960449219
A2SXHP3384ER6W:2:B0007V1J7U,A2SXHP3384ER6W,tail,2,5993,"0,467,27733>5993",5,5-8,9,1,,control,2.2817955017089844
A2SXHP3384ER6W:2:B0007V1J7U,A2SXHP3384ER6W,tail,3,10426,"0,467,27733,5993>10426",8,5-8,1,0,,ineligible,-0.20201683044433594
A2T3ZZTB6DJF8S:2:B004S6BXH6,A2T3ZZTB6DJF8S,tail,0,3127,0>3127,30,9+,700,1,,control,-1.8975296020507812
A2T3ZZTB6DJF8S:2:B004S6BXH6,A2T3ZZTB6DJF8S,tail,1,1394,"0,3127>1394",21,9+,44,2,0.0027943849563598633,control,-0.02411651611328125
A2T3ZZTB6DJF8S:2:B004S6BXH6,A2T3ZZTB6DJF8S,tail,2,7364,"0,3127,1394>7364",29,9+,3,2,0.015540897846221924,control,0.3365898132324219
A2T3ZZTB6DJF8S:2:B004S6BXH6,A2T3ZZTB6DJF8S,tail,3,8680,"0,3127,1394,7364>8680",3,3-4,1,0,,ineligible,1.4376640319824219
A2T5OON2DGE1PR:2:B000NVBDZC,A2T5OON2DGE1PR,tail,0,2341,0>2341,30,9+,490,1,,control,0.6770248413085938
A2T5OON2DGE1PR:2:B000NVBDZC,A2T5OON2DGE1PR,tail,1,159,"0,2341>159",23,9+,39,1,,control,-1.9420852661132812
A2T5OON2DGE1PR:2:B000NVBDZC,A2T5OON2DGE1PR,tail,2,15487,"0,2341,159>15487",32,9+,2,0,,ineligible,-1.9905433654785156
A2T5OON2DGE1PR:2:B000NVBDZC,A2T5OON2DGE1PR,tail,3,14,"0,2341,159,15487>14",2,2,1,0,,ineligible,0.8549528121948242
A2T7GJONIZFP1Q:1:B004P98QGC,A2T7GJONIZFP1Q,head,0,14295,0>14295,30,9+,759,1,,control,-1.2353630065917969
A2T7GJONIZFP1Q:1:B004P98QGC,A2T7GJONIZFP1Q,head,1,7267,"0,14295>7267",44,9+,23,1,,control,2.296344757080078
A2T7GJONIZFP1Q:1:B004P98QGC,A2T7GJONIZFP1Q,head,2,18283,"0,14295,7267>18283",21,9+,1,0,,ineligible,1.4463691711425781
A2T7GZ74MZI0MN:6:B007XPLI56,A2T7GZ74MZI0MN,head,0,5364,0>5364,30,9+,319,1,,control,-1.6156272888183594
A2T7GZ74MZI0MN:6:B007XPLI56,A2T7GZ74MZI0MN,head,1,2935,"0,5364>2935",25,9+,44,1,,control,1.6125354766845703
A2T7GZ74MZI0MN:6:B007XPLI56,A2T7GZ74MZI0MN,head,2,11484,"0,5364,2935>11484",34,9+,1,0,,ineligible,-1.1664562225341797
A2T9WCS02OA907:3:B000GL1GC4,A2T9WCS02OA907,tail,0,17582,0>17582,30,9+,408,1,,control,-0.6783866882324219
A2T9WCS02OA907:3:B000GL1GC4,A2T9WCS02OA907,tail,1,2327,"0,17582>2327",24,9+,8,1,,control,-3.675537109375
A2T9WCS02OA907:3:B000GL1GC4,A2T9WCS02OA907,tail,2,3082,"0,17582,2327>3082",5,5-8,3,1,,control,2.7804698944091797
A2T9WCS02OA907:3:B000GL1GC4,A2T9WCS02OA907,tail,3,5784,"0,17582,2327,3082>5784",2,2,2,0,,ineligible,1.8890185356140137
A2T9WCS02OA907:3:B000GL1GC4,A2T9WCS02OA907,tail,4,2288,"0,17582,2327,3082,5784>2288",2,2,1,0,,ineligible,-4.405729293823242
A2TGM6A2SA726Q:11:0786955570,A2TGM6A2SA726Q,head,0,467,0>467,30,9+,1159,1,,control,6.066375732421875
A2TGM6A2SA726Q:11:0786955570,A2TGM6A2SA726Q,head,1,1476,"0,467>1476",24,9+,556,1,,control,1.84942626953125
A2TGM6A2SA726Q:11:0786955570,A2TGM6A2SA726Q,head,2,8646,"0,467,1476>8646",186,9+,6,1,,control,-2.3232154846191406
A2TGM6A2SA726Q:11:0786955570,A2TGM6A2SA726Q,head,3,25226,"0,467,1476,8646>25226",6,5-8,1,0,,ineligible,2.4063854217529297
A2TS77S3W0U36U:13:B0045VW602,A2TS77S3W0U36U,head,0,11604,0>11604,30,9+,220,1,,control,0.000423431396484375
A2TS77S3W0U36U:13:B0045VW602,A2TS77S3W0U36U,head,1,9492,"0,11604>9492",29,9+,23,1,,control,1.4034500122070312
A2TS77S3W0U36U:13:B0045VW602,A2TS77S3W0U36U,head,2,2381,"0,11604,9492>2381",19,9+,1,0,,ineligible,-0.4865436553955078
A2TV4LKQ8CQS3N:3:B0072URE3M,A2TV4LKQ8CQS3N,tail,0,1041,0>1041,30,9+,628,1,,control,1.8456382751464844
A2TV4LKQ8CQS3N:3:B0072URE3M,A2TV4LKQ8CQS3N,tail,1,6604,"0,1041>6604",27,9+,25,1,,control,3.3520889282226562
A2TV4LKQ8CQS3N:3:B0072URE3M,A2TV4LKQ8CQS3N,tail,2,1483,"0,1041,6604>1483",9,9+,7,2,0.03069359064102173,control,3.285799026489258
A2TV4LKQ8CQS3N:3:B0072URE3M,A2TV4LKQ8CQS3N,tail,3,690,"0,1041,6604,1483>690",3,3-4,5,1,,control,6.586158752441406
A2TV4LKQ8CQS3N:3:B0072URE3M,A2TV4LKQ8CQS3N,tail,4,28880,"0,1041,6604,1483,690>28880",2,2,4,1,,control,12.34531021118164
A2TV4LKQ8CQS3N:3:B0072URE3M,A2TV4LKQ8CQS3N,tail,5,519,"0,1041,6604,1483,690,28880>519",4,3-4,1,0,,ineligible,-1.5333671569824219
A2TXMYYGSZCSZ1:28:B00CKH9FAC,A2TXMYYGSZCSZ1,head,0,26190,0>26190,30,9+,112,1,,control,-2.2272911071777344
A2TXMYYGSZCSZ1:28:B00CKH9FAC,A2TXMYYGSZCSZ1,head,1,14033,"0,26190>14033",29,9+,3,1,,control,5.048713684082031
A2TXMYYGSZCSZ1:28:B00CKH9FAC,A2TXMYYGSZCSZ1,head,2,4232,"0,26190,14033>4232",3,3-4,1,0,,ineligible,18.640422821044922
A2U3O7MPKDALYY:1:B0083TXXE0,A2U3O7MPKDALYY,head,0,3203,0>3203,30,9+,353,1,,control,-2.03302001953125
A2U3O7MPKDALYY:1:B0083TXXE0,A2U3O7MPKDALYY,head,1,3380,"0,3203>3380",28,9+,15,1,,control,0.043910980224609375
A2U3O7MPKDALYY:1:B0083TXXE0,A2U3O7MPKDALYY,head,2,25126,"0,3203,3380>25126",14,9+,2,0,,ineligible,0.7454662322998047
A2U3O7MPKDALYY:1:B0083TXXE0,A2U3O7MPKDALYY,head,3,2891,"0,3203,3380,25126>2891",2,2,1,0,,ineligible,3.390737533569336
A2U7V66VTVG6GS:1:B000L8EEPS,A2U7V66VTVG6GS,head,0,387,0>387,30,9+,234,1,,control,-1.3909378051757812
A2U7V66VTVG6GS:1:B000L8EEPS,A2U7V66VTVG6GS,head,1,2201,"0,387>2201",24,9+,37,1,,control,-0.08636093139648438
A2U7V66VTVG6GS:1:B000L8EEPS,A2U7V66VTVG6GS,head,2,14652,"0,387,2201>14652",34,9+,1,0,,ineligible,0.8110055923461914
A2UJN8SKKZD3CC:2:B003EIK136,A2UJN8SKKZD3CC,head,0,467,0>467,30,9+,1159,1,,control,-0.6060867309570312
A2UJN8SKKZD3CC:2:B003EIK136,A2UJN8SKKZD3CC,head,1,1476,"0,467>1476",24,9+,556,1,,control,0.3965797424316406
A2UJN8SKKZD3CC:2:B003EIK136,A2UJN8SKKZD3CC,head,2,346,"0,467,1476>346",186,9+,4,3,0.007926881313323975,control,1.5053901672363281
A2UJN8SKKZD3CC:2:B003EIK136,A2UJN8SKKZD3CC,head,3,733,"0,467,1476,346>733",3,3-4,1,0,,ineligible,3.5231151580810547
A2UVYCQOY2756H:2:B004INGVH6,A2UVYCQOY2756H,head,0,467,0>467,30,9+,1159,1,,control,2.0470314025878906
A2UVYCQOY2756H:2:B004INGVH6,A2UVYCQOY2756H,head,1,317,"0,467>317",24,9+,26,1,,control,3.1292762756347656
A2UVYCQOY2756H:2:B004INGVH6,A2UVYCQOY2756H,head,2,10583,"0,467,317>10583",23,9+,1,0,,ineligible,1.7872657775878906
A2V2URLB31HG59:2:B003P8FL1C,A2V2URLB31HG59,head,0,5364,0>5364,30,9+,319,1,,control,-2.989879608154297
A2V2URLB31HG59:2:B003P8FL1C,A2V2URLB31HG59,head,1,3337,"0,5364>3337",25,9+,15,1,,control,0.46356773376464844
A2V2URLB31HG59:2:B003P8FL1C,A2V2URLB31HG59,head,2,3100,"0,5364,3337>3100",9,9+,1,0,,ineligible,1.7966747283935547
A2V5R832QCSOMX:3:B006P135EQ,A2V5R832QCSOMX,head,0,11109,0>11109,30,9+,320,1,,control,-1.1169662475585938
A2V5R832QCSOMX:3:B006P135EQ,A2V5R832QCSOMX,head,1,9124,"0,11109>9124",27,9+,6,1,,control,1.6029586791992188
A2V5R832QCSOMX:3:B006P135EQ,A2V5R832QCSOMX,head,2,27215,"0,11109,9124>27215",5,5-8,2,0,,ineligible,3.884084701538086
A2V5R832QCSOMX:3:B006P135EQ,A2V5R832QCSOMX,head,5,536,"0,11109,9124,27215,388,138>536",2,2,1,0,,ineligible,-0.042491912841796875
A2V98TS4QDDCG9:11:B008B68J30,A2V98TS4QDDCG9,head,0,11604,0>11604,30,9+,220,1,,control,-1.552398681640625
A2V98TS4QDDCG9:11:B008B68J30,A2V98TS4QDDCG9,head,1,19747,"0,11604>19747",29,9+,9,1,,control,-0.3688926696777344
A2V98TS4QDDCG9:11:B008B68J30,A2V98TS4QDDCG9,head,2,7267,"0,11604,19747>7267",9,9+,1,0,,ineligible,9.090560913085938
A2VAD79S4A06DD:21:B008RWVE76,A2VAD79S4A06DD,head,0,467,0>467,30,9+,1159,1,,control,0.15652847290039062
A2VAD79S4A06DD:21:B008RWVE76,A2VAD79S4A06DD,head,1,1476,"0,467>1476",24,9+,556,1,,control,3.6450958251953125
A2VAD79S4A06DD:21:B008RWVE76,A2VAD79S4A06DD,head,2,2577,"0,467,1476>2577",186,9+,47,1,,control,1.6984672546386719
A2VAD79S4A06DD:21:B008RWVE76,A2VAD79S4A06DD,head,3,10579,"0,467,1476,2577>10579",32,9+,1,0,,ineligible,1.1169052124023438
A2VFPKA8VAC02E:2:B001R6W4KA,A2VFPKA8VAC02E,head,0,14295,0>14295,30,9+,759,1,,control,-0.3110466003417969
A2VFPKA8VAC02E:2:B001R6W4KA,A2VFPKA8VAC02E,head,1,1871,"0,14295>1871",44,9+,50,1,,control,-1.0852546691894531
A2VFPKA8VAC02E:2:B001R6W4KA,A2VFPKA8VAC02E,head,2,6714,"0,14295,1871>6714",42,9+,4,1,,control,-1.7688064575195312
A2VFPKA8VAC02E:2:B001R6W4KA,A2VFPKA8VAC02E,head,3,1836,"0,14295,1871,6714>1836",3,3-4,1,0,,ineligible,1.9132041931152344
A2VIX3WXF4HG9T:3:B0085WX13I,A2VIX3WXF4HG9T,head,0,2100,0>2100,30,9+,1270,1,,control,-0.7658424377441406
A2VIX3WXF4HG9T:3:B0085WX13I,A2VIX3WXF4HG9T,head,1,11925,"0,2100>11925",31,9+,96,1,,control,1.3320503234863281
A2VIX3WXF4HG9T:3:B0085WX13I,A2VIX3WXF4HG9T,head,2,2558,"0,2100,11925>2558",53,9+,2,0,,ineligible,1.1880874633789062
A2VIX3WXF4HG9T:3:B0085WX13I,A2VIX3WXF4HG9T,head,3,23990,"0,2100,11925,2558>23990",2,2,1,0,,ineligible,3.34270977973938
A2VJJ2POCLMED7:20:B00CFNSHMS,A2VJJ2POCLMED7,tail,0,14295,0>14295,30,9+,759,1,,control,-2.9788246154785156
A2VJJ2POCLMED7:20:B00CFNSHMS,A2VJJ2POCLMED7,tail,1,7267,"0,14295>7267",44,9+,23,1,,control,0.28575897216796875
A2VJJ2POCLMED7:20:B00CFNSHMS,A2VJJ2POCLMED7,tail,2,6802,"0,14295,7267>6802",21,9+,1,0,,ineligible,2.7277755737304688
A2VRAT69JDAD3W:6:B006ROJIUG,A2VRAT69JDAD3W,head,0,467,0>467,30,9+,1159,1,,control,0.499755859375
A2VRAT69JDAD3W:6:B006ROJIUG,A2VRAT69JDAD3W,head,1,1476,"0,467>1476",24,9+,556,1,,control,0.7749481201171875
A2VRAT69JDAD3W:6:B006ROJIUG,A2VRAT69JDAD3W,head,2,2346,"0,467,1476>2346",186,9+,3,1,,control,-0.5939178466796875
A2VRAT69JDAD3W:6:B006ROJIUG,A2VRAT69JDAD3W,head,3,14177,"0,467,1476,2346>14177",3,3-4,1,0,,ineligible,4.749811172485352
A2VSTCKMUB46LL:3:B0002YDPRO,A2VSTCKMUB46LL,head,0,1871,0>1871,30,9+,482,1,,control,0.728851318359375
A2VSTCKMUB46LL:3:B0002YDPRO,A2VSTCKMUB46LL,head,1,9013,"0,1871>9013",29,9+,20,2,0.0030452609062194824,control,-0.8328475952148438
A2VSTCKMUB46LL:3:B0002YDPRO,A2VSTCKMUB46LL,head,2,10734,"0,1871,9013>10734",14,9+,3,1,,control,0.009609222412109375
A2VSTCKMUB46LL:3:B0002YDPRO,A2VSTCKMUB46LL,head,3,20584,"0,1871,9013,10734>20584",3,3-4,1,0,,ineligible,-1.2348461151123047
A2VW4FYZILSXF2:2:B007X8ZZRU,A2VW4FYZILSXF2,head,0,2948,0>2948,30,9+,297,1,,control,-1.4718360900878906
A2VW4FYZILSXF2:2:B007X8ZZRU,A2VW4FYZILSXF2,head,1,1120,"0,2948>1120",27,9+,3,1,,control,-1.5842056274414062
A2VW4FYZILSXF2:2:B007X8ZZRU,A2VW4FYZILSXF2,head,2,28062,"0,2948,1120>28062",2,2,1,0,,ineligible,9.231461524963379
A2W1AW7HJ9875U:4:B005OMUTI2,A2W1AW7HJ9875U,head,0,3186,0>3186,30,9+,268,1,,control,3.2430801391601562
A2W1AW7HJ9875U:4:B005OMUTI2,A2W1AW7HJ9875U,head,1,2551,"0,3186>2551",21,9+,3,1,,control,5.608604431152344
A2W1AW7HJ9875U:4:B005OMUTI2,A2W1AW7HJ9875U,head,2,15709,"0,3186,2551>15709",3,3-4,1,0,,ineligible,4.1642045974731445
A2W8OF3Q9YAPK1:2:B00021H92Y,A2W8OF3Q9YAPK1,tail,0,9062,0>9062,30,9+,203,1,,control,-3.7646446228027344
A2W8OF3Q9YAPK1:2:B00021H92Y,A2W8OF3Q9YAPK1,tail,1,1913,"0,9062>1913",26,9+,5,1,,control,1.8634586334228516
A2W8OF3Q9YAPK1:2:B00021H92Y,A2W8OF3Q9YAPK1,tail,2,27137,"0,9062,1913>27137",4,3-4,1,0,,ineligible,1.3599472045898438
A2WBEJH71SND3T:6:B00F5Y4AKC,A2WBEJH71SND3T,head,0,3186,0>3186,30,9+,268,1,,control,-1.6491508483886719
A2WBEJH71SND3T:6:B00F5Y4AKC,A2WBEJH71SND3T,head,1,14018,"0,3186>14018",21,9+,29,1,,control,0.12607192993164062
A2WBEJH71SND3T:6:B00F5Y4AKC,A2WBEJH71SND3T,head,2,1947,"0,3186,14018>1947",25,9+,1,0,,ineligible,1.234872817993164
A2WMONL3J4GXMU:1:B008B68I36,A2WMONL3J4GXMU,tail,0,11604,0>11604,30,9+,220,1,,control,1.070587158203125
A2WMONL3J4GXMU:1:B008B68I36,A2WMONL3J4GXMU,tail,1,4439,"0,11604>4439",29,9+,11,2,0.018763422966003418,control,-2.1299591064453125
A2WMONL3J4GXMU:1:B008B68I36,A2WMONL3J4GXMU,tail,2,7576,"0,11604,4439>7576",11,9+,1,0,,ineligible,-1.625497817993164
A2WV7X2T9ZCEEJ:2:B004PBF0BY,A2WV7X2T9ZCEEJ,tail,0,17582,0>17582,30,9+,408,1,,control,-4.416816711425781
A2WV7X2T9ZCEEJ:2:B004PBF0BY,A2WV7X2T9ZCEEJ,tail,1,1228,"0,17582>1228",24,9+,90,1,,control,1.2990150451660156
A2WV7X2T9ZCEEJ:2:B004PBF0BY,A2WV7X2T9ZCEEJ,tail,2,25592,"0,17582,1228>25592",72,9+,1,0,,ineligible,-0.6324710845947266
A2X7NBUETXC19E:27:B004FTKABQ,A2X7NBUETXC19E,tail,0,740,0>740,30,9+,1209,1,,control,3.0791397094726562
A2X7NBUETXC19E:27:B004FTKABQ,A2X7NBUETXC19E,tail,1,90,"0,740>90",53,9+,189,1,,control,2.787792205810547
A2X7NBUETXC19E:27:B004FTKABQ,A2X7NBUETXC19E,tail,2,9600,"0,740,90>9600",141,9+,1,0,,ineligible,6.527839660644531
A2XFM8PN6G0B02:10:B00CXVNXEO,A2XFM8PN6G0B02,head,0,25636,0>25636,30,9+,259,1,,control,-2.262432098388672
A2XFM8PN6G0B02:10:B00CXVNXEO,A2XFM8PN6G0B02,head,1,3971,"0,25636>3971",27,9+,8,1,,control,-0.20249557495117188
A2XFM8PN6G0B02:10:B00CXVNXEO,A2XFM8PN6G0B02,head,2,26960,"0,25636,3971>26960",6,5-8,1,0,,ineligible,4.95750093460083
A2XYCH4LWBZ3TA:9:B004RSGCFI,A2XYCH4LWBZ3TA,tail,0,25636,0>25636,30,9+,259,1,,control,-2.3716163635253906
A2XYCH4LWBZ3TA:9:B004RSGCFI,A2XYCH4LWBZ3TA,tail,1,7180,"0,25636>7180",27,9+,22,2,0.0053327083587646484,control,-0.25177764892578125
A2XYCH4LWBZ3TA:9:B004RSGCFI,A2XYCH4LWBZ3TA,tail,2,6421,"0,25636,7180>6421",20,9+,1,0,,ineligible,-1.4133195877075195
A2Y20VP3OQA6ZO:1:B001BKLINQ,A2Y20VP3OQA6ZO,tail,0,2948,0>2948,30,9+,297,1,,control,-2.0755386352539062
A2Y20VP3OQA6ZO:1:B001BKLINQ,A2Y20VP3OQA6ZO,tail,1,3203,"0,2948>3203",27,9+,16,1,,control,2.943187713623047
A2Y20VP3OQA6ZO:1:B001BKLINQ,A2Y20VP3OQA6ZO,tail,2,30651,"0,2948,3203>30651",14,9+,1,0,,ineligible,3.789459228515625
A2Y29IRSI08F0I:11:B000EUHKUE,A2Y29IRSI08F0I,head,0,2100,0>2100,30,9+,1270,1,,control,-1.1920700073242188
A2Y29IRSI08F0I:11:B000EUHKUE,A2Y29IRSI08F0I,head,1,20811,"0,2100>20811",31,9+,42,1,,control,0.008575439453125
A2Y29IRSI08F0I:11:B000EUHKUE,A2Y29IRSI08F0I,head,2,7377,"0,2100,20811>7377",27,9+,2,0,,ineligible,2.522268295288086
A2Y29IRSI08F0I:11:B000EUHKUE,A2Y29IRSI08F0I,head,3,11599,"0,2100,20811,7377>11599",2,2,1,0,,ineligible,4.158517837524414
A2YCEKVUN1W5F1:9:B00000IUFA,A2YCEKVUN1W5F1,tail,0,467,0>467,30,9+,1159,1,,control,0.4649543762207031
A2YCEKVUN1W5F1:9:B00000IUFA,A2YCEKVUN1W5F1,tail,1,1476,"0,467>1476",24,9+,556,1,,control,3.2513465881347656
A2YCEKVUN1W5F1:9:B00000IUFA,A2YCEKVUN1W5F1,tail,2,20270,"0,467,1476>20270",186,9+,2,0,,ineligible,-8.991222381591797
A2YCEKVUN1W5F1:9:B00000IUFA,A2YCEKVUN1W5F1,tail,3,6702,"0,467,1476,20270>6702",2,2,1,0,,ineligible,2.3504037857055664
A2YGG8XI23OYZF:2:B001W09LO8,A2YGG8XI23OYZF,head,0,2244,0>2244,30,9+,345,1,,control,-0.39109039306640625
A2YGG8XI23OYZF:2:B001W09LO8,A2YGG8XI23OYZF,head,1,151,"0,2244>151",29,9+,46,1,,control,1.3256912231445312
A2YGG8XI23OYZF:2:B001W09LO8,A2YGG8XI23OYZF,head,2,2444,"0,2244,151>2444",38,9+,2,0,,ineligible,0.19357872009277344
A2YGG8XI23OYZF:2:B001W09LO8,A2YGG8XI23OYZF,head,3,1095,"0,2244,151,2444>1095",2,2,1,0,,ineligible,0.981806755065918
A2YR497FJKBNBZ:3:B0060GDR62,A2YR497FJKBNBZ,head,0,740,0>740,30,9+,1209,1,,control,4.6759185791015625
A2YR497FJKBNBZ:3:B0060GDR62,A2YR497FJKBNBZ,head,1,90,"0,740>90",53,9+,189,1,,control,0.6762619018554688
A2YR497FJKBNBZ:3:B0060GDR62,A2YR497FJKBNBZ,head,2,25552,"0,740,90>25552",141,9+,2,0,,ineligible,-0.8166046142578125
A2YR497FJKBNBZ:3:B0060GDR62,A2YR497FJKBNBZ,head,3,2618,"0,740,90,25552>2618",2,2,1,0,,ineligible,3.008760452270508
A2Z2FATA8JNL54:6:B004I8V6ZS,A2Z2FATA8JNL54,head,0,2948,0>2948,30,9+,297,1,,control,-1.0590476989746094
A2Z2FATA8JNL54:6:B004I8V6ZS,A2Z2FATA8JNL54,head,1,1033,"0,2948>1033",27,9+,4,1,,control,1.8873329162597656
A2Z2FATA8JNL54:6:B004I8V6ZS,A2Z2FATA8JNL54,head,2,1795,"0,2948,1033>1795",3,3-4,2,0,,ineligible,17.155868530273438
A2Z2FATA8JNL54:6:B004I8V6ZS,A2Z2FATA8JNL54,head,3,5439,"0,2948,1033,1795>5439",2,2,1,0,,ineligible,0.5896053314208984
A2ZIUB69QKL59W:2:B00C2SJA3Q,A2ZIUB69QKL59W,tail,0,3203,0>3203,30,9+,353,1,,control,-1.4809226989746094
A2ZIUB69QKL59W:2:B00C2SJA3Q,A2ZIUB69QKL59W,tail,1,3034,"0,3203>3034",28,9+,5,4,0.0067133307456970215,control,5.733800888061523
A2ZIUB69QKL59W:2:B00C2SJA3Q,A2ZIUB69QKL59W,tail,2,25102,"0,3203,3034>25102",5,5-8,1,0,,ineligible,11.149484634399414
A2ZKQC0XCIIAEM:54:B00BYD5LVA,A2ZKQC0XCIIAEM,head,0,467,0>467,30,9+,1159,1,,control,0.31501007080078125
A2ZKQC0XCIIAEM:54:B00BYD5LVA,A2ZKQC0XCIIAEM,head,1,1476,"0,467>1476",24,9+,556,1,,control,4.220661163330078
A2ZKQC0XCIIAEM:54:B00BYD5LVA,A2ZKQC0XCIIAEM,head,2,29151,"0,467,1476>29151",186,9+,2,0,,ineligible,1.0711593627929688
A2ZKQC0XCIIAEM:54:B00BYD5LVA,A2ZKQC0XCIIAEM,head,3,6660,"0,467,1476,29151>6660",2,2,1,0,,ineligible,36.156742095947266
A2ZL6G5WLFPTFK:10:B006O6FI5Q,A2ZL6G5WLFPTFK,head,0,2244,0>2244,30,9+,345,1,,control,-3.1078109741210938
A2ZL6G5WLFPTFK:10:B006O6FI5Q,A2ZL6G5WLFPTFK,head,1,13243,"0,2244>13243",29,9+,18,2,0.008245348930358887,control,0.4296989440917969
A2ZL6G5WLFPTFK:10:B006O6FI5Q,A2ZL6G5WLFPTFK,head,2,15839,"0,2244,13243>15839",16,9+,1,0,,ineligible,-0.39018821716308594
A2ZO5SU0ESSB1N:5:B00840L9EY,A2ZO5SU0ESSB1N,tail,0,14295,0>14295,30,9+,759,1,,control,-0.1113128662109375
A2ZO5SU0ESSB1N:5:B00840L9EY,A2ZO5SU0ESSB1N,tail,1,5513,"0,14295>5513",44,9+,39,1,,control,-2.2943878173828125
A2ZO5SU0ESSB1N:5:B00840L9EY,A2ZO5SU0ESSB1N,tail,2,14443,"0,14295,5513>14443",27,9+,5,1,,control,11.746359825134277
A2ZO5SU0ESSB1N:5:B00840L9EY,A2ZO5SU0ESSB1N,tail,3,8461,"0,14295,5513,14443>8461",4,3-4,2,0,,ineligible,19.96843910217285
A2ZO5SU0ESSB1N:5:B00840L9EY,A2ZO5SU0ESSB1N,tail,4,11144,"0,14295,5513,14443,8461>11144",2,2,1,0,,ineligible,0.2774777412414551
A304GDTPL2UX7O:6:B00D38UBJ6,A304GDTPL2UX7O,head,0,14527,0>14527,30,9+,388,1,,control,-3.1056556701660156
A304GDTPL2UX7O:6:B00D38UBJ6,A304GDTPL2UX7O,head,1,20901,"0,14527>20901",19,9+,31,1,,control,-1.2486686706542969
A304GDTPL2UX7O:6:B00D38UBJ6,A304GDTPL2UX7O,head,2,7171,"0,14527,20901>7171",29,9+,1,0,,ineligible,-2.3185462951660156
A30LAVLDNH4JR0:18:B00CANI9VM,A30LAVLDNH4JR0,head,0,26190,0>26190,30,9+,112,1,,control,-2.2215614318847656
A30LAVLDNH4JR0:18:B00CANI9VM,A30LAVLDNH4JR0,head,1,23387,"0,26190>23387",29,9+,7,1,,control,4.663974761962891
A30LAVLDNH4JR0:18:B00CANI9VM,A30LAVLDNH4JR0,head,2,25494,"0,26190,23387>25494",5,5-8,2,0,,ineligible,12.637017250061035
A30LAVLDNH4JR0:18:B00CANI9VM,A30LAVLDNH4JR0,head,4,13744,"0,26190,23387,25494,2242>13744",2,2,1,0,,ineligible,2.8671607971191406
A30QZ7UKDUJHBB:6:B0000663QL,A30QZ7UKDUJHBB,tail,0,740,0>740,30,9+,1209,1,,control,-0.7546958923339844
A30QZ7UKDUJHBB:6:B0000663QL,A30QZ7UKDUJHBB,tail,1,6438,"0,740>6438",53,9+,50,2,0.0027341842651367188,control,-0.3078956604003906
A30QZ7UKDUJHBB:6:B0000663QL,A30QZ7UKDUJHBB,tail,2,16683,"0,740,6438>16683",42,9+,2,0,,ineligible,3.061417579650879
A30QZ7UKDUJHBB:6:B0000663QL,A30QZ7UKDUJHBB,tail,3,515,"0,740,6438,16683>515",2,2,1,0,,ineligible,0.13018321990966797
A30S8VOW84ORV7:3:B004SKQNDQ,A30S8VOW84ORV7,head,0,2100,0>2100,30,9+,1270,1,,control,-1.2542991638183594
A30S8VOW84ORV7:3:B004SKQNDQ,A30S8VOW84ORV7,head,1,687,"0,2100>687",31,9+,30,1,,control,-3.431232452392578
A30S8VOW84ORV7:3:B004SKQNDQ,A30S8VOW84ORV7,head,2,10314,"0,2100,687>10314",18,9+,1,0,,ineligible,0.9748992919921875
A30SDPD6JJ5R3I:5:B0042T8GR4,A30SDPD6JJ5R3I,head,0,14295,0>14295,30,9+,759,1,,control,0.5708351135253906
A30SDPD6JJ5R3I:5:B0042T8GR4,A30SDPD6JJ5R3I,head,1,4439,"0,14295>4439",44,9+,12,2,0.018763422966003418,control,-2.3020362854003906
A30SDPD6JJ5R3I:5:B0042T8GR4,A30SDPD6JJ5R3I,head,2,4660,"0,14295,4439>4660",10,9+,1,0,,ineligible,3.0312514305114746
A30Z0GG96D11EO:38:B000GUEXBG,A30Z0GG96D11EO,head,0,25636,0>25636,30,9+,259,1,,control,-3.3905563354492188
A30Z0GG96D11EO:38:B000GUEXBG,A30Z0GG96D11EO,head,1,6467,"0,25636>6467",27,9+,22,1,,control,1.1054039001464844
A30Z0GG96D11EO:38:B000GUEXBG,A30Z0GG96D11EO,head,2,18309,"0,25636,6467>18309",18,9+,1,0,,ineligible,2.931875228881836
A311TUM28ELG76:3:B00BSWRWR8,A311TUM28ELG76,tail,0,1041,0>1041,30,9+,628,1,,control,-0.2811393737792969
A311TUM28ELG76:3:B00BSWRWR8,A311TUM28ELG76,tail,1,5638,"0,1041>5638",27,9+,104,1,,control,0.7980690002441406
A311TUM28ELG76:3:B00BSWRWR8,A311TUM28ELG76,tail,2,6174,"0,1041,5638>6174",63,9+,8,3,0.009796559810638428,control,7.89753532409668
A311TUM28ELG76:3:B00BSWRWR8,A311TUM28ELG76,tail,3,21341,"0,1041,5638,6174>21341",6,5-8,2,0,,ineligible,2.2552614212036133
A311TUM28ELG76:3:B00BSWRWR8,A311TUM28ELG76,tail,4,20692,"0,1041,5638,6174,21341>20692",2,2,1,0,,ineligible,7.5595855712890625
A31H1PCPD00EWA:8:B00850I4DM,A31H1PCPD00EWA,tail,0,2948,0>2948,30,9+,297,1,,control,-1.039825439453125
A31H1PCPD00EWA:8:B00850I4DM,A31H1PCPD00EWA,tail,1,1373,"0,2948>1373",27,9+,9,1,,control,-1.7909774780273438
A31H1PCPD00EWA:8:B00850I4DM,A31H1PCPD00EWA,tail,2,21129,"0,2948,1373>21129",8,5-8,1,0,,ineligible,3.8370885848999023
A31KSNLO8YWLBE:1:B00CEQ1HQE,A31KSNLO8YWLBE,tail,0,11604,0>11604,30,9+,220,1,,control,-0.6051254272460938
A31KSNLO8YWLBE:1:B00CEQ1HQE,A31KSNLO8YWLBE,tail,1,9543,"0,11604>9543",29,9+,5,1,,control,-0.5892677307128906
A31KSNLO8YWLBE:1:B00CEQ1HQE,A31KSNLO8YWLBE,tail,2,23891,"0,11604,9543>23891",3,3-4,3,1,,control,3.58640193939209
A31KSNLO8YWLBE:1:B00CEQ1HQE,A31KSNLO8YWLBE,tail,3,31572,"0,11604,9543,23891>31572",3,3-4,1,0,,ineligible,-0.8345050811767578
A31NH7UDTWFJJ5:2:B0024FW8D6,A31NH7UDTWFJJ5,tail,0,14527,0>14527,30,9+,388,1,,control,-1.1156463623046875
A31NH7UDTWFJJ5:2:B0024FW8D6,A31NH7UDTWFJJ5,tail,1,1431,"0,14527>1431",19,9+,9,1,,control,-2.2342681884765625
A31NH7UDTWFJJ5:2:B0024FW8D6,A31NH7UDTWFJJ5,tail,2,4346,"0,14527,1431>4346",9,9+,1,0,,ineligible,-2.8672924041748047
A31TS34PHRNJJI:4:B007CJJVH0,A31TS34PHRNJJI,tail,0,2100,0>2100,30,9+,1270,1,,control,-1.5340118408203125
A31TS34PHRNJJI:4:B007CJJVH0,A31TS34PHRNJJI,tail,1,20811,"0,2100>20811",31,9+,42,1,,control,-1.4943885803222656
A31TS34PHRNJJI:4:B007CJJVH0,A31TS34PHRNJJI,tail,2,20901,"0,2100,20811>20901",27,9+,2,0,,ineligible,-1.4517631530761719
A31TS34PHRNJJI:4:B007CJJVH0,A31TS34PHRNJJI,tail,3,24167,"0,2100,20811,20901>24167",2,2,1,0,,ineligible,3.3236751556396484
A3212H6SF9W1LV:9:B006ROJQRG,A3212H6SF9W1LV,head,0,9062,0>9062,30,9+,203,1,,control,1.4464607238769531
A3212H6SF9W1LV:9:B006ROJQRG,A3212H6SF9W1LV,head,1,9079,"0,9062>9079",26,9+,28,1,,control,0.7760772705078125
A3212H6SF9W1LV:9:B006ROJQRG,A3212H6SF9W1LV,head,2,25226,"0,9062,9079>25226",18,9+,7,1,,control,5.829311370849609
A3212H6SF9W1LV:9:B006ROJQRG,A3212H6SF9W1LV,head,5,632,"0,9062,9079,25226,7328,6929>632",7,5-8,1,0,,ineligible,-0.4413108825683594
A324NNSMM9EFML:3:B005GOPU2S,A324NNSMM9EFML,head,0,9062,0>9062,30,9+,203,1,,control,-0.5529518127441406
A324NNSMM9EFML:3:B005GOPU2S,A324NNSMM9EFML,head,1,9079,"0,9062>9079",26,9+,28,1,,control,1.0966796875
A324NNSMM9EFML:3:B005GOPU2S,A324NNSMM9EFML,head,2,25226,"0,9062,9079>25226",18,9+,7,1,,control,6.290983200073242
A324NNSMM9EFML:3:B005GOPU2S,A324NNSMM9EFML,head,5,948,"0,9062,9079,25226,7328,6929>948",7,5-8,1,0,,ineligible,1.4639339447021484
A32658HY8IU6UV:18:B00CV5PN18,A32658HY8IU6UV,head,0,3186,0>3186,30,9+,268,1,,control,-1.1529464721679688
A32658HY8IU6UV:18:B00CV5PN18,A32658HY8IU6UV,head,1,19121,"0,3186>19121",21,9+,65,2,0.007022261619567871,control,-1.520395278930664
A32658HY8IU6UV:18:B00CV5PN18,A32658HY8IU6UV,head,2,7235,"0,3186,19121>7235",59,9+,1,0,,ineligible,3.339679718017578
A32PTVER6MK9KY:2:B000FMNZBY,A32PTVER6MK9KY,tail,0,2100,0>2100,30,9+,1270,1,,control,0.7787399291992188
A32PTVER6MK9KY:2:B000FMNZBY,A32PTVER6MK9KY,tail,1,4558,"0,2100>4558",31,9+,17,1,,control,-0.049224853515625
A32PTVER6MK9KY:2:B000FMNZBY,A32PTVER6MK9KY,tail,2,10075,"0,2100,4558>10075",12,9+,4,1,,control,0.06425285339355469
A32PTVER6MK9KY:2:B000FMNZBY,A32PTVER6MK9KY,tail,3,10561,"0,2100,4558,10075>10561",3,3-4,2,0,,ineligible,0.014092445373535156
A32PTVER6MK9KY:2:B000FMNZBY,A32PTVER6MK9KY,tail,5,536,"0,2100,4558,10075,10561,26647>536",2,2,1,0,,ineligible,-0.3672761917114258
A32T2H8150OJLU:17:B001JQY6K4,A32T2H8150OJLU,head,0,467,0>467,30,9+,1159,1,,control,1.3380508422851562
A32T2H8150OJLU:17:B001JQY6K4,A32T2H8150OJLU,head,1,1476,"0,467>1476",24,9+,556,1,,control,1.7843704223632812
A32T2H8150OJLU:17:B001JQY6K4,A32T2H8150OJLU,head,2,10138,"0,467,1476>10138",186,9+,12,1,,control,0.13521957397460938
A32T2H8150OJLU:17:B001JQY6K4,A32T2H8150OJLU,head,3,16912,"0,467,1476,10138>16912",11,9+,2,0,,ineligible,2.709841251373291
A32T2H8150OJLU:17:B001JQY6K4,A32T2H8150OJLU,head,5,536,"0,467,1476,10138,16912,8714>536",2,2,1,0,,ineligible,1.1663322448730469
A32TQZKAC8DI2I:3:B001543YEY,A32TQZKAC8DI2I,head,0,17582,0>17582,30,9+,408,1,,control,-0.7357902526855469
A32TQZKAC8DI2I:3:B001543YEY,A32TQZKAC8DI2I,head,1,2198,"0,17582>2198",24,9+,26,1,,control,2.384857177734375
A32TQZKAC8DI2I:3:B001543YEY,A32TQZKAC8DI2I,head,2,3754,"0,17582,2198>3754",25,9+,1,0,,ineligible,2.9689388275146484
A32UPXXECNQ2HH:4:B00F14IKQQ,A32UPXXECNQ2HH,head,0,11604,0>11604,30,9+,220,1,,control,2.429523468017578
A32UPXXECNQ2HH:4:B00F14IKQQ,A32UPXXECNQ2HH,head,1,1861,"0,11604>1861",29,9+,4,2,0.02818012237548828,control,2.8143997192382812
A32UPXXECNQ2HH:4:B00F14IKQQ,A32UPXXECNQ2HH,head,2,5931,"0,11604,1861>5931",4,3-4,1,0,,ineligible,0.9946880340576172
A336NN57HXAVYV:3:B00BRCNAE8,A336NN57HXAVYV,head,0,14527,0>14527,30,9+,388,1,,control,0.1621856689453125
A336NN57HXAVYV:3:B00BRCNAE8,A336NN57HXAVYV,head,1,20901,"0,14527>20901",19,9+,31,1,,control,0.71490478515625
A336NN57HXAVYV:3:B00BRCNAE8,A336NN57HXAVYV,head,2,3819,"0,14527,20901>3819",29,9+,1,0,,ineligible,-2.0604248046875
A3383UV143WRN9:2:B000EULXA2,A3383UV143WRN9,head,0,1871,0>1871,30,9+,482,1,,control,0.6111717224121094
A3383UV143WRN9:2:B000EULXA2,A3383UV143WRN9,head,1,13817,"0,1871>13817",29,9+,20,2,0.005737960338592529,control,-2.7698898315429688
A3383UV143WRN9:2:B000EULXA2,A3383UV143WRN9,head,2,3995,"0,1871,13817>3995",16,9+,3,1,,control,2.6988449096679688
A3383UV143WRN9:2:B000EULXA2,A3383UV143WRN9,head,3,14518,"0,1871,13817,3995>14518",3,3-4,1,0,,ineligible,3.4204416275024414
A33B3XCIXB4ZVG:6:B009TN9OW4,A33B3XCIXB4ZVG,head,0,26190,0>26190,30,9+,112,1,,control,-3.3032875061035156
A33B3XCIXB4ZVG:6:B009TN9OW4,A33B3XCIXB4ZVG,head,1,6253,"0,26190>6253",29,9+,14,1,,control,-1.2235336303710938
A33B3XCIXB4ZVG:6:B009TN9OW4,A33B3XCIXB4ZVG,head,2,3214,"0,26190,6253>3214",11,9+,1,0,,ineligible,3.9780235290527344
A33BT7ET6RNHES:5:B004813L0S,A33BT7ET6RNHES,head,0,5364,0>5364,30,9+,319,1,,control,-2.6957435607910156
A33BT7ET6RNHES:5:B004813L0S,A33BT7ET6RNHES,head,1,29072,"0,5364>29072",25,9+,24,1,,control,-0.5206623077392578
A33BT7ET6RNHES:5:B004813L0S,A33BT7ET6RNHES,head,2,3827,"0,5364,29072>3827",18,9+,1,0,,ineligible,-1.3888301849365234
A33E16HAR8OY2A:3:B003JJUPD6,A33E16HAR8OY2A,tail,0,14351,0>14351,30,9+,196,1,,control,-3.664886474609375
A33E16HAR8OY2A:3:B003JJUPD6,A33E16HAR8OY2A,tail,1,17056,"0,14351>17056",25,9+,5,1,,control,-0.09725570678710938
A33E16HAR8OY2A:3:B003JJUPD6,A33E16HAR8OY2A,tail,2,14552,"0,14351,17056>14552",2,2,4,1,,control,1.7801408767700195
A33E16HAR8OY2A:3:B003JJUPD6,A33E16HAR8OY2A,tail,4,21650,"0,14351,17056,14552,1928>21650",2,2,3,1,,control,2.287947654724121
A33E16HAR8OY2A:3:B003JJUPD6,A33E16HAR8OY2A,tail,5,632,"0,14351,17056,14552,1928,21650>632",3,3-4,1,0,,ineligible,-0.6547203063964844
A33ICMDTWPCNHA:5:B007WDPXFK,A33ICMDTWPCNHA,tail,0,2341,0>2341,30,9+,490,1,,control,0.5728378295898438
A33ICMDTWPCNHA:5:B007WDPXFK,A33ICMDTWPCNHA,tail,1,19239,"0,2341>19239",23,9+,18,2,0.005622267723083496,control,-1.5923576354980469
A33ICMDTWPCNHA:5:B007WDPXFK,A33ICMDTWPCNHA,tail,2,3506,"0,2341,19239>3506",13,9+,1,0,,ineligible,-2.404852867126465
A33WQU9772WWFS:6:B004C7S70W,A33WQU9772WWFS,head,0,2341,0>2341,30,9+,490,1,,control,3.2314987182617188
A33WQU9772WWFS:6:B004C7S70W,A33WQU9772WWFS,head,1,542,"0,2341>542",23,9+,18,2,0.005389988422393799,control,0.2843513488769531
A33WQU9772WWFS:6:B004C7S70W,A33WQU9772WWFS,head,2,14658,"0,2341,542>14658",18,9+,1,0,,ineligible,0.4289684295654297
A33XV0FDZCY5WP:2:B0050K0AQE,A33XV0FDZCY5WP,tail,0,3203,0>3203,30,9+,353,1,,control,-1.83563232421875
A33XV0FDZCY5WP:2:B0050K0AQE,A33XV0FDZCY5WP,tail,1,4072,"0,3203>4072",28,9+,25,1,,control,-0.022396087646484375
A33XV0FDZCY5WP:2:B0050K0AQE,A33XV0FDZCY5WP,tail,2,4672,"0,3203,4072>4672",19,9+,1,0,,ineligible,-0.5164508819580078
A33YCIRMFAQYB0:3:B001GFITE2,A33YCIRMFAQYB0,tail,0,14295,0>14295,30,9+,759,1,,control,2.0798873901367188
A33YCIRMFAQYB0:3:B001GFITE2,A33YCIRMFAQYB0,tail,1,2576,"0,14295>2576",44,9+,10,1,,control,-3.4285125732421875
A33YCIRMFAQYB0:3:B001GFITE2,A33YCIRMFAQYB0,tail,2,2293,"0,14295,2576>2293",10,9+,1,0,,ineligible,-2.6833815574645996
A3421REGVEYXE6:2:B004VJNRKG,A3421REGVEYXE6,head,0,14527,0>14527,30,9+,388,1,,control,-0.5166358947753906
A3421REGVEYXE6:2:B004VJNRKG,A3421REGVEYXE6,head,1,2264,"0,14527>2264",19,9+,31,1,,control,-3.308094024658203
A3421REGVEYXE6:2:B004VJNRKG,A3421REGVEYXE6,head,2,1564,"0,14527,2264>1564",26,9+,1,0,,ineligible,-1.2580718994140625
A34ATJR9KFIXL9:5:B0002IBTXW,A34ATJR9KFIXL9,tail,0,4183,0>4183,30,9+,157,1,,control,2.691547393798828
A34ATJR9KFIXL9:5:B0002IBTXW,A34ATJR9KFIXL9,tail,1,7778,"0,4183>7778",22,9+,12,1,,control,0.3094310760498047
A34ATJR9KFIXL9:5:B0002IBTXW,A34ATJR9KFIXL9,tail,2,3623,"0,4183,7778>3623",10,9+,1,0,,ineligible,-1.8574382066726685
A34B5P1JV9RUN6:1:B001COFDEQ,A34B5P1JV9RUN6,tail,0,14527,0>14527,30,9+,388,1,,control,-0.915985107421875
A34B5P1JV9RUN6:1:B001COFDEQ,A34B5P1JV9RUN6,tail,1,7860,"0,14527>7860",19,9+,24,1,,control,-0.7360916137695312
A34B5P1JV9RUN6:1:B001COFDEQ,A34B5P1JV9RUN6,tail,2,5471,"0,14527,7860>5471",15,9+,7,1,,control,0.9576930999755859
A34B5P1JV9RUN6:1:B001COFDEQ,A34B5P1JV9RUN6,tail,3,19511,"0,14527,7860,5471>19511",7,5-8,1,0,,ineligible,-1.439798355102539
A34G1GTMQGEDUN:5:B001W30D2O,A34G1GTMQGEDUN,head,0,14527,0>14527,30,9+,388,1,,control,-0.23935317993164062
A34G1GTMQGEDUN:5:B001W30D2O,A34G1GTMQGEDUN,head,1,3822,"0,14527>3822",19,9+,55,1,,control,3.0496788024902344
A34G1GTMQGEDUN:5:B001W30D2O,A34G1GTMQGEDUN,head,2,3422,"0,14527,3822>3422",49,9+,2,0,,ineligible,1.6363296508789062
A34G1GTMQGEDUN:5:B001W30D2O,A34G1GTMQGEDUN,head,3,7692,"0,14527,3822,3422>7692",2,2,1,0,,ineligible,7.149450302124023
A34UVV757IKPVB:15:B0002V82O8,A34UVV757IKPVB,tail,0,467,0>467,30,9+,1159,1,,control,-0.18127822875976562
A34UVV757IKPVB:15:B0002V82O8,A34UVV757IKPVB,tail,1,895,"0,467>895",24,9+,195,1,,control,-3.1809425354003906
A34UVV757IKPVB:15:B0002V82O8,A34UVV757IKPVB,tail,2,14347,"0,467,895>14347",74,9+,2,0,,ineligible,-1.9204788208007812
A34UVV757IKPVB:15:B0002V82O8,A34UVV757IKPVB,tail,3,15578,"0,467,895,14347>15578",2,2,1,0,,ineligible,6.981333255767822
A356PDI67MS3BH:2:B001RNII58,A356PDI67MS3BH,head,0,740,0>740,30,9+,1209,1,,control,-0.16044998168945312
A356PDI67MS3BH:2:B001RNII58,A356PDI67MS3BH,head,1,4672,"0,740>4672",53,9+,20,4,0.00419078270594279,control,-0.165252685546875
A356PDI67MS3BH:2:B001RNII58,A356PDI67MS3BH,head,2,13950,"0,740,4672>13950",17,9+,1,0,,ineligible,0.6838855743408203
A35751H4QC47V9:4:B005CK8T3S,A35751H4QC47V9,head,0,16352,0>16352,30,9+,180,1,,control,-3.1213150024414062
A35751H4QC47V9:4:B005CK8T3S,A35751H4QC47V9,head,1,3709,"0,16352>3709",25,9+,15,1,,control,-0.14783859252929688
A35751H4QC47V9:4:B005CK8T3S,A35751H4QC47V9,head,2,6377,"0,16352,3709>6377",10,9+,3,1,,control,4.1497650146484375
A35751H4QC47V9:4:B005CK8T3S,A35751H4QC47V9,head,5,536,"0,16352,3709,6377,9891,13861>536",3,3-4,1,0,,ineligible,0.6544437408447266
A35I95L7BG74AN:1:B0013EP1CO,A35I95L7BG74AN,tail,0,2341,0>2341,30,9+,490,1,,control,-0.4843101501464844
A35I95L7BG74AN:1:B0013EP1CO,A35I95L7BG74AN,tail,1,7334,"0,2341>7334",23,9+,11,1,,control,0.3314704895019531
A35I95L7BG74AN:1:B0013EP1CO,A35I95L7BG74AN,tail,2,4422,"0,2341,7334>4422",9,9+,1,0,,ineligible,2.1293773651123047
A35IFZGBWOSEKT:2:B0010EJGSC,A35IFZGBWOSEKT,tail,0,2100,0>2100,30,9+,1270,1,,control,-1.9021453857421875
A35IFZGBWOSEKT:2:B0010EJGSC,A35IFZGBWOSEKT,tail,1,20811,"0,2100>20811",31,9+,42,1,,control,-1.5097999572753906
A35IFZGBWOSEKT:2:B0010EJGSC,A35IFZGBWOSEKT,tail,2,825,"0,2100,20811>825",27,9+,1,0,,ineligible,-2.6605606079101562
A35ONN1AP97V3C:6:B0037UR206,A35ONN1AP97V3C,tail,0,14295,0>14295,30,9+,759,1,,control,-2.235748291015625
A35ONN1AP97V3C:6:B0037UR206,A35ONN1AP97V3C,tail,1,4232,"0,14295>4232",44,9+,137,1,,control,1.4684257507324219
A35ONN1AP97V3C:6:B0037UR206,A35ONN1AP97V3C,tail,2,9935,"0,14295,4232>9935",96,9+,5,1,,control,1.45745849609375
A35ONN1AP97V3C:6:B0037UR206,A35ONN1AP97V3C,tail,3,671,"0,14295,4232,9935>671",5,5-8,1,0,,ineligible,-1.282501220703125
A35SEBEDIT2XRQ:6:B001BKLINQ,A35SEBEDIT2XRQ,tail,0,2948,0>2948,30,9+,297,1,,control,-3.550434112548828
A35SEBEDIT2XRQ:6:B001BKLINQ,A35SEBEDIT2XRQ,tail,1,3203,"0,2948>3203",27,9+,16,1,,control,1.1951828002929688
A35SEBEDIT2XRQ:6:B001BKLINQ,A35SEBEDIT2XRQ,tail,2,30651,"0,2948,3203>30651",14,9+,1,0,,ineligible,0.03581809997558594
A35VDHB4WCPDK9:4:B003EIK136,A35VDHB4WCPDK9,head,0,467,0>467,30,9+,1159,1,,control,3.271556854248047
A35VDHB4WCPDK9:4:B003EIK136,A35VDHB4WCPDK9,head,1,1476,"0,467>1476",24,9+,556,1,,control,-0.40013885498046875
A35VDHB4WCPDK9:4:B003EIK136,A35VDHB4WCPDK9,head,2,346,"0,467,1476>346",186,9+,4,3,0.007926881313323975,control,-1.6329765319824219
A35VDHB4WCPDK9:4:B003EIK136,A35VDHB4WCPDK9,head,3,733,"0,467,1476,346>733",3,3-4,1,0,,ineligible,4.143378257751465
A365QRJWL4KZXD:2:B0039S7NO6,A365QRJWL4KZXD,head,0,467,0>467,30,9+,1159,1,,control,1.5000267028808594
A365QRJWL4KZXD:2:B0039S7NO6,A365QRJWL4KZXD,head,1,1476,"0,467>1476",24,9+,556,1,,control,0.16811752319335938
A365QRJWL4KZXD:2:B0039S7NO6,A365QRJWL4KZXD,head,2,2577,"0,467,1476>2577",186,9+,47,1,,control,2.2652015686035156
A365QRJWL4KZXD:2:B0039S7NO6,A365QRJWL4KZXD,head,3,2140,"0,467,1476,2577>2140",32,9+,6,1,,control,0.4478797912597656
A365QRJWL4KZXD:2:B0039S7NO6,A365QRJWL4KZXD,head,4,4433,"0,467,1476,2577,2140>4433",6,5-8,1,0,,ineligible,3.5736608505249023
A36HEY6E2XQT75:7:B004MYYXEE,A36HEY6E2XQT75,tail,0,2948,0>2948,30,9+,297,1,,control,-1.152008056640625
A36HEY6E2XQT75:7:B004MYYXEE,A36HEY6E2XQT75,tail,1,21463,"0,2948>21463",27,9+,14,1,,control,-2.8636474609375
A36HEY6E2XQT75:7:B004MYYXEE,A36HEY6E2XQT75,tail,2,27904,"0,2948,21463>27904",13,9+,1,0,,ineligible,6.553079605102539
A36HVN09A99KNF:2:B005PNOLZ2,A36HVN09A99KNF,tail,0,14295,0>14295,30,9+,759,1,,control,3.7617568969726562
A36HVN09A99KNF:2:B005PNOLZ2,A36HVN09A99KNF,tail,1,4439,"0,14295>4439",44,9+,12,2,0.018763422966003418,control,-0.7434959411621094
A36HVN09A99KNF:2:B005PNOLZ2,A36HVN09A99KNF,tail,2,27550,"0,14295,4439>27550",10,9+,2,0,,ineligible,2.2654504776000977
A36HVN09A99KNF:2:B005PNOLZ2,A36HVN09A99KNF,tail,3,10788,"0,14295,4439,27550>10788",2,2,1,0,,ineligible,7.348854064941406
A36V3SNW7TPKR9:3:B000UEL172,A36V3SNW7TPKR9,head,0,2100,0>2100,30,9+,1270,1,,control,1.0344314575195312
A36V3SNW7TPKR9:3:B000UEL172,A36V3SNW7TPKR9,head,1,1073,"0,2100>1073",31,9+,199,1,,control,0.16791915893554688
A36V3SNW7TPKR9:3:B000UEL172,A36V3SNW7TPKR9,head,2,8376,"0,2100,1073>8376",31,9+,21,1,,control,0.5624504089355469
A36V3SNW7TPKR9:3:B000UEL172,A36V3SNW7TPKR9,head,3,6856,"0,2100,1073,8376>6856",21,9+,1,0,,ineligible,3.0092716217041016
A36Z7HRKB3FXN4:1:B000070IW0,A36Z7HRKB3FXN4,head,0,1871,0>1871,30,9+,482,1,,control,1.1106491088867188
A36Z7HRKB3FXN4:1:B000070IW0,A36Z7HRKB3FXN4,head,1,2495,"0,1871>2495",29,9+,54,1,,control,-0.8609237670898438
A36Z7HRKB3FXN4:1:B000070IW0,A36Z7HRKB3FXN4,head,2,20372,"0,1871,2495>20372",45,9+,1,0,,ineligible,-1.5107440948486328
A3747YPXOBXRAT:17:1589944348,A3747YPXOBXRAT,tail,0,467,0>467,30,9+,1159,1,,control,4.043769836425781
A3747YPXOBXRAT:17:1589944348,A3747YPXOBXRAT,tail,1,1476,"0,467>1476",24,9+,556,1,,control,1.0944290161132812
A3747YPXOBXRAT:17:1589944348,A3747YPXOBXRAT,tail,2,5673,"0,467,1476>5673",186,9+,6,1,,control,-0.2886314392089844
A3747YPXOBXRAT:17:1589944348,A3747YPXOBXRAT,tail,3,5326,"0,467,1476,5673>5326",5,5-8,1,0,,ineligible,6.0349578857421875
A3773ALYKAUZIV:1:B000641DPQ,A3773ALYKAUZIV,head,0,387,0>387,30,9+,234,1,,control,0.9131927490234375
A3773ALYKAUZIV:1:B000641DPQ,A3773ALYKAUZIV,head,1,1147,"0,387>1147",24,9+,13,2,0.0035620927810668945,control,-0.2789306640625
A3773ALYKAUZIV:1:B000641DPQ,A3773ALYKAUZIV,head,2,14074,"0,387,1147>14074",11,9+,2,0,,ineligible,1.5827789306640625
A3773ALYKAUZIV:1:B000641DPQ,A3773ALYKAUZIV,head,3,15712,"0,387,1147,14074>15712",2,2,1,0,,ineligible,12.253894805908203
A37F1R5PEJRPN0:6:B000096RFF,A37F1R5PEJRPN0,head,0,2100,0>2100,30,9+,1270,1,,control,-1.0479965209960938
A37F1R5PEJRPN0:6:B000096RFF,A37F1R5PEJRPN0,head,1,1073,"0,2100>1073",31,9+,199,1,,control,0.72747802734375
A37F1R5PEJRPN0:6:B000096RFF,A37F1R5PEJRPN0,head,2,2565,"0,2100,1073>2565",31,9+,17,1,,control,0.5837059020996094
A37F1R5PEJRPN0:6:B000096RFF,A37F1R5PEJRPN0,head,3,819,"0,2100,1073,2565>819",17,9+,1,0,,ineligible,0.9023342132568359
A37GBHIZ72OWHS:4:B009B0YWDG,A37GBHIZ72OWHS,tail,0,1041,0>1041,30,9+,628,1,,control,-2.00592041015625
A37GBHIZ72OWHS:4:B009B0YWDG,A37GBHIZ72OWHS,tail,1,14580,"0,1041>14580",27,9+,9,2,0.012032032012939453,control,0.45046234130859375
A37GBHIZ72OWHS:4:B009B0YWDG,A37GBHIZ72OWHS,tail,2,8240,"0,1041,14580>8240",4,3-4,1,0,,ineligible,3.1726112365722656
A37HPB0AOZ3PL:5:B00008BFZH,A37HPB0AOZ3PL,head,0,2100,0>2100,30,9+,1270,1,,control,-1.1010475158691406
A37HPB0AOZ3PL:5:B00008BFZH,A37HPB0AOZ3PL,head,1,4558,"0,2100>4558",31,9+,17,1,,control,-1.8809089660644531
A37HPB0AOZ3PL:5:B00008BFZH,A37HPB0AOZ3PL,head,2,10075,"0,2100,4558>10075",12,9+,4,1,,control,2.986125946044922
A37HPB0AOZ3PL:5:B00008BFZH,A37HPB0AOZ3PL,head,3,16855,"0,2100,4558,10075>16855",3,3-4,1,0,,ineligible,4.808130264282227
A37ONFQMI7BOR5:1:0975277324,A37ONFQMI7BOR5,head,0,467,0>467,30,9+,1159,1,,control,-0.5972633361816406
A37ONFQMI7BOR5:1:0975277324,A37ONFQMI7BOR5,head,1,4142,"0,467>4142",24,9+,16,1,,control,-3.692066192626953
A37ONFQMI7BOR5:1:0975277324,A37ONFQMI7BOR5,head,2,20735,"0,467,4142>20735",12,9+,1,0,,ineligible,1.2190141677856445
A380QFPEE9FHE6:2:B004U5FTBG,A380QFPEE9FHE6,tail,0,2948,0>2948,30,9+,297,1,,control,-1.6099166870117188
A380QFPEE9FHE6:2:B004U5FTBG,A380QFPEE9FHE6,tail,1,3203,"0,2948>3203",27,9+,16,1,,control,-2.0843238830566406
A380QFPEE9FHE6:2:B004U5FTBG,A380QFPEE9FHE6,tail,2,13847,"0,2948,3203>13847",14,9+,1,0,,ineligible,-0.6577377319335938
A38FC7HZRAM1YP:1:B006UBM1LE,A38FC7HZRAM1YP,tail,0,5364,0>5364,30,9+,319,1,,control,-3.4948692321777344
A38FC7HZRAM1YP:1:B006UBM1LE,A38FC7HZRAM1YP,tail,1,521,"0,5364>521",25,9+,7,1,,control,-3.489877700805664
A38FC7HZRAM1YP:1:B006UBM1LE,A38FC7HZRAM1YP,tail,2,28805,"0,5364,521>28805",7,5-8,1,0,,ineligible,2.106123447418213
A38G6AFVNYG9NX:2:B000FDALPQ,A38G6AFVNYG9NX,tail,0,2341,0>2341,30,9+,490,1,,control,1.1733551025390625
A38G6AFVNYG9NX:2:B000FDALPQ,A38G6AFVNYG9NX,tail,1,7334,"0,2341>7334",23,9+,11,1,,control,-3.327373504638672
A38G6AFVNYG9NX:2:B000FDALPQ,A38G6AFVNYG9NX,tail,2,3797,"0,2341,7334>3797",9,9+,1,0,,ineligible,-0.7854690551757812
A38GW8SE5D2JOS:2:B00713P9SC,A38GW8SE5D2JOS,tail,0,14295,0>14295,30,9+,759,1,,control,-3.101917266845703
A38GW8SE5D2JOS:2:B00713P9SC,A38GW8SE5D2JOS,tail,1,9516,"0,14295>9516",44,9+,11,4,0.012187560399373373,control,0.24381637573242188
A38GW8SE5D2JOS:2:B00713P9SC,A38GW8SE5D2JOS,tail,2,1907,"0,14295,9516>1907",11,9+,1,0,,ineligible,2.0161705017089844
A38JVP8Y9TQ8GS:1:B0050JD79W,A38JVP8Y9TQ8GS,tail,0,11109,0>11109,30,9+,320,1,,control,-1.9411964416503906
A38JVP8Y9TQ8GS:1:B0050JD79W,A38JVP8Y9TQ8GS,tail,1,8064,"0,11109>8064",27,9+,19,1,,control,-0.5775108337402344
A38JVP8Y9TQ8GS:1:B0050JD79W,A38JVP8Y9TQ8GS,tail,2,4530,"0,11109,8064>4530",17,9+,2,0,,ineligible,-0.996729850769043
A38JVP8Y9TQ8GS:1:B0050JD79W,A38JVP8Y9TQ8GS,tail,3,457,"0,11109,8064,4530>457",2,2,1,0,,ineligible,2.889949321746826
A394C81V05JW2Z:2:B00637YI6G,A394C81V05JW2Z,tail,0,3127,0>3127,30,9+,700,1,,control,2.324462890625
A394C81V05JW2Z:2:B00637YI6G,A394C81V05JW2Z,tail,1,1394,"0,3127>1394",21,9+,44,2,0.0027943849563598633,control,2.746335983276367
A394C81V05JW2Z:2:B00637YI6G,A394C81V05JW2Z,tail,2,17436,"0,3127,1394>17436",29,9+,4,1,,control,0.8297958374023438
A394C81V05JW2Z:2:B00637YI6G,A394C81V05JW2Z,tail,3,969,"0,3127,1394,17436>969",2,2,3,1,,control,2.4927432537078857
A394C81V05JW2Z:2:B00637YI6G,A394C81V05JW2Z,tail,4,27598,"0,3127,1394,17436,969>27598",2,2,1,0,,ineligible,3.0512826442718506
A394ODETD69NJP:4:B001RLJTW6,A394ODETD69NJP,tail,0,14351,0>14351,30,9+,196,1,,control,-3.1461181640625
A394ODETD69NJP:4:B001RLJTW6,A394ODETD69NJP,tail,1,15073,"0,14351>15073",25,9+,33,1,,control,0.9011058807373047
A394ODETD69NJP:4:B001RLJTW6,A394ODETD69NJP,tail,2,22432,"0,14351,15073>22432",28,9+,2,0,,ineligible,-1.9308080673217773
A394ODETD69NJP:4:B001RLJTW6,A394ODETD69NJP,tail,3,21622,"0,14351,15073,22432>21622",2,2,1,0,,ineligible,0.1811676025390625
A397ZXZK8JF3JB:2:B000XE1ZAC,A397ZXZK8JF3JB,tail,0,14351,0>14351,30,9+,196,1,,control,-3.558917999267578
A397ZXZK8JF3JB:2:B000XE1ZAC,A397ZXZK8JF3JB,tail,1,14526,"0,14351>14526",25,9+,17,1,,control,1.7231826782226562
A397ZXZK8JF3JB:2:B000XE1ZAC,A397ZXZK8JF3JB,tail,2,1480,"0,14351,14526>1480",14,9+,1,0,,ineligible,-1.561422348022461
A39DNM4C8YPO1N:2:B008L264Q8,A39DNM4C8YPO1N,tail,0,1041,0>1041,30,9+,628,1,,control,4.424346923828125
A39DNM4C8YPO1N:2:B008L264Q8,A39DNM4C8YPO1N,tail,1,22713,"0,1041>22713",27,9+,22,1,,control,2.929119110107422
A39DNM4C8YPO1N:2:B008L264Q8,A39DNM4C8YPO1N,tail,2,520,"0,1041,22713>520",14,9+,1,0,,ineligible,0.12138938903808594
A39H1GO9E3YQIB:1:1933318465,A39H1GO9E3YQIB,head,0,467,0>467,30,9+,1159,1,,control,0.09091949462890625
A39H1GO9E3YQIB:1:1933318465,A39H1GO9E3YQIB,head,1,3186,"0,467>3186",24,9+,14,1,,control,-4.474815368652344
A39H1GO9E3YQIB:1:1933318465,A39H1GO9E3YQIB,head,2,22377,"0,467,3186>22377",11,9+,1,0,,ineligible,5.020074844360352
A39OU3PE2TIAG7:4:B007KUQD5Y,A39OU3PE2TIAG7,tail,0,11604,0>11604,30,9+,220,1,,control,3.643474578857422
A39OU3PE2TIAG7:4:B007KUQD5Y,A39OU3PE2TIAG7,tail,1,9325,"0,11604>9325",29,9+,4,1,,control,2.0429344177246094
A39OU3PE2TIAG7:4:B007KUQD5Y,A39OU3PE2TIAG7,tail,2,739,"0,11604,9325>739",4,3-4,1,0,,ineligible,8.062787055969238
A3A0ULRM4SEHG3:2:B000HGJJGI,A3A0ULRM4SEHG3,head,0,2100,0>2100,30,9+,1270,1,,control,2.2906646728515625
A3A0ULRM4SEHG3:2:B000HGJJGI,A3A0ULRM4SEHG3,head,1,2056,"0,2100>2056",31,9+,66,2,0.0024385452270507812,control,0.7426834106445312
A3A0ULRM4SEHG3:2:B000HGJJGI,A3A0ULRM4SEHG3,head,2,6884,"0,2100,2056>6884",25,9+,9,1,,control,0.9118576049804688
A3A0ULRM4SEHG3:2:B000HGJJGI,A3A0ULRM4SEHG3,head,3,24905,"0,2100,2056,6884>24905",9,9+,1,0,,ineligible,0.4443550109863281
A3A4ZAIBQWKOZS:2:0975277324,A3A4ZAIBQWKOZS,head,0,467,0>467,30,9+,1159,1,,control,1.4231185913085938
A3A4ZAIBQWKOZS:2:0975277324,A3A4ZAIBQWKOZS,head,1,4142,"0,467>4142",24,9+,16,1,,control,-3.1546096801757812
A3A4ZAIBQWKOZS:2:0975277324,A3A4ZAIBQWKOZS,head,2,20735,"0,467,4142>20735",12,9+,1,0,,ineligible,4.064273834228516
A3AA3SSR1XBAR7:4:B008DRLVJG,A3AA3SSR1XBAR7,tail,0,3127,0>3127,30,9+,700,1,,control,2.6776657104492188
A3AA3SSR1XBAR7:4:B008DRLVJG,A3AA3SSR1XBAR7,tail,1,4595,"0,3127>4595",21,9+,26,1,,control,-4.057279586791992
A3AA3SSR1XBAR7:4:B008DRLVJG,A3AA3SSR1XBAR7,tail,2,4740,"0,3127,4595>4740",20,9+,4,2,0.011329233646392822,control,4.432744979858398
A3AA3SSR1XBAR7:4:B008DRLVJG,A3AA3SSR1XBAR7,tail,3,17132,"0,3127,4595,4740>17132",4,3-4,1,0,,ineligible,1.5229682922363281
A3AF42J6XZZ20Q:4:B000RA96RG,A3AF42J6XZZ20Q,tail,0,2100,0>2100,30,9+,1270,1,,control,2.4462356567382812
A3AF42J6XZZ20Q:4:B000RA96RG,A3AF42J6XZZ20Q,tail,1,1073,"0,2100>1073",31,9+,199,1,,control,1.3961257934570312
A3AF42J6XZZ20Q:4:B000RA96RG,A3AF42J6XZZ20Q,tail,2,346,"0,2100,1073>346",31,9+,7,3,0.008588433265686035,control,2.8200111389160156
A3AF42J6XZZ20Q:4:B000RA96RG,A3AF42J6XZZ20Q,tail,3,16331,"0,2100,1073,346>16331",7,5-8,1,0,,ineligible,11.616867065429688
A3AIYGOLJB0GAM:3:B005XVCR48,A3AIYGOLJB0GAM,head,0,1871,0>1871,30,9+,482,1,,control,-0.4010009765625
A3AIYGOLJB0GAM:3:B005XVCR48,A3AIYGOLJB0GAM,head,1,8719,"0,1871>8719",29,9+,45,1,,control,-1.1483993530273438
A3AIYGOLJB0GAM:3:B005XVCR48,A3AIYGOLJB0GAM,head,2,10159,"0,1871,8719>10159",31,9+,3,2,0.01323235034942627,control,0.3239479064941406
A3AIYGOLJB0GAM:3:B005XVCR48,A3AIYGOLJB0GAM,head,3,6401,"0,1871,8719,10159>6401",3,3-4,1,0,,ineligible,1.5623979568481445
A3AKELQ0CD6YDW:6:B006Y3RQ6I,A3AKELQ0CD6YDW,tail,0,2341,0>2341,30,9+,490,1,,control,0.22604751586914062
A3AKELQ0CD6YDW:6:B006Y3RQ6I,A3AKELQ0CD6YDW,tail,1,5726,"0,2341>5726",23,9+,20,1,,control,6.591466903686523
A3AKELQ0CD6YDW:6:B006Y3RQ6I,A3AKELQ0CD6YDW,tail,2,11572,"0,2341,5726>11572",15,9+,1,0,,ineligible,2.3141555786132812
A3ARYJ9K6VU5ZB:3:B001QHHZ72,A3ARYJ9K6VU5ZB,tail,0,2100,0>2100,30,9+,1270,1,,control,-0.1513671875
A3ARYJ9K6VU5ZB:3:B001QHHZ72,A3ARYJ9K6VU5ZB,tail,1,671,"0,2100>671",31,9+,63,1,,control,-1.4845809936523438
A3ARYJ9K6VU5ZB:3:B001QHHZ72,A3ARYJ9K6VU5ZB,tail,2,14406,"0,2100,671>14406",29,9+,6,2,0.006087303161621094,control,1.0397491455078125
A3ARYJ9K6VU5ZB:3:B001QHHZ72,A3ARYJ9K6VU5ZB,tail,3,1302,"0,2100,671,14406>1302",4,3-4,3,1,,control,0.3940696716308594
A3ARYJ9K6VU5ZB:3:B001QHHZ72,A3ARYJ9K6VU5ZB,tail,4,9050,"0,2100,671,14406,1302>9050",2,2,1,0,,ineligible,-1.4681015014648438
A3AYBHU1FIUA4G:1:B000EWHL5G,A3AYBHU1FIUA4G,tail,0,3127,0>3127,30,9+,700,1,,control,-2.2155799865722656
A3AYBHU1FIUA4G:1:B000EWHL5G,A3AYBHU1FIUA4G,tail,1,22215,"0,3127>22215",21,9+,53,1,,control,0.7172718048095703
A3AYBHU1FIUA4G:1:B000EWHL5G,A3AYBHU1FIUA4G,tail,2,17539,"0,3127,22215>17539",26,9+,1,0,,ineligible,-3.57736873626709
A3B0II7X8VHHT4:1:B002SQBB3O,A3B0II7X8VHHT4,head,0,467,0>467,30,9+,1159,1,,control,3.00079345703125
A3B0II7X8VHHT4:1:B002SQBB3O,A3B0II7X8VHHT4,head,1,1476,"0,467>1476",24,9+,556,1,,control,1.3545913696289062
A3B0II7X8VHHT4:1:B002SQBB3O,A3B0II7X8VHHT4,head,2,3042,"0,467,1476>3042",186,9+,9,1,,control,-0.5133323669433594
A3B0II7X8VHHT4:1:B002SQBB3O,A3B0II7X8VHHT4,head,3,2071,"0,467,1476,3042>2071",8,5-8,2,0,,ineligible,3.593994140625
A3B0II7X8VHHT4:1:B002SQBB3O,A3B0II7X8VHHT4,head,4,22247,"0,467,1476,3042,2071>22247",2,2,1,0,,ineligible,8.105894088745117
A3B3OQTR1IQZE0:1:B000ULIYLQ,A3B3OQTR1IQZE0,tail,0,4183,0>4183,30,9+,157,1,,control,-1.9000282287597656
A3B3OQTR1IQZE0:1:B000ULIYLQ,A3B3OQTR1IQZE0,tail,1,5253,"0,4183>5253",22,9+,20,1,,control,-0.41405487060546875
A3B3OQTR1IQZE0:1:B000ULIYLQ,A3B3OQTR1IQZE0,tail,2,7938,"0,4183,5253>7938",18,9+,1,0,,ineligible,-2.8651790618896484
A3BAE79NXFDXGV:16:B0087HU37S,A3BAE79NXFDXGV,head,0,12603,0>12603,30,9+,78,1,,control,-3.253093719482422
A3BAE79NXFDXGV:16:B0087HU37S,A3BAE79NXFDXGV,head,1,18861,"0,12603>18861",16,9+,1,0,,ineligible,0.22759246826171875
A3BGQMHZA5317Z:12:B0021EWY4S,A3BGQMHZA5317Z,tail,0,5364,0>5364,30,9+,319,1,,control,-0.156036376953125
A3BGQMHZA5317Z:12:B0021EWY4S,A3BGQMHZA5317Z,tail,1,6235,"0,5364>6235",25,9+,12,1,,control,1.018514633178711
A3BGQMHZA5317Z:12:B0021EWY4S,A3BGQMHZA5317Z,tail,2,4226,"0,5364,6235>4226",8,5-8,3,2,0.01696646213531494,control,7.899013519287109
A3BGQMHZA5317Z:12:B0021EWY4S,A3BGQMHZA5317Z,tail,3,1040,"0,5364,6235,4226>1040",2,2,2,0,,ineligible,3.9658889770507812
A3BGQMHZA5317Z:12:B0021EWY4S,A3BGQMHZA5317Z,tail,4,6374,"0,5364,6235,4226,1040>6374",2,2,1,0,,ineligible,19.885482788085938
A3BINY8P2HIS7Q:10:B001RZMVR2,A3BINY8P2HIS7Q,tail,0,2100,0>2100,30,9+,1270,1,,control,-2.9837608337402344
A3BINY8P2HIS7Q:10:B001RZMVR2,A3BINY8P2HIS7Q,tail,1,1088,"0,2100>1088",31,9+,214,5,0.0044814348220825195,control,-0.13079452514648438
A3BINY8P2HIS7Q:10:B001RZMVR2,A3BINY8P2HIS7Q,tail,2,4471,"0,2100,1088>4471",28,9+,25,1,,control,4.318695068359375
A3BINY8P2HIS7Q:10:B001RZMVR2,A3BINY8P2HIS7Q,tail,3,7815,"0,2100,1088,4471>7815",23,9+,1,0,,ineligible,13.53402328491211
A3BSQDDPIHJTEE:7:B001BKX0V4,A3BSQDDPIHJTEE,head,0,25636,0>25636,30,9+,259,1,,control,-0.44138336181640625
A3BSQDDPIHJTEE:7:B001BKX0V4,A3BSQDDPIHJTEE,head,1,2100,"0,25636>2100",27,9+,11,1,,control,0.11266708374023438
A3BSQDDPIHJTEE:7:B001BKX0V4,A3BSQDDPIHJTEE,head,2,8498,"0,25636,2100>8498",7,5-8,4,1,,control,0.8140144348144531
A3BSQDDPIHJTEE:7:B001BKX0V4,A3BSQDDPIHJTEE,head,3,9022,"0,25636,2100,8498>9022",4,3-4,1,0,,ineligible,3.9341907501220703
A3C6CZC2JP67VK:2:B00000JJ7S,A3C6CZC2JP67VK,tail,0,14527,0>14527,30,9+,388,1,,control,0.6796493530273438
A3C6CZC2JP67VK:2:B00000JJ7S,A3C6CZC2JP67VK,tail,1,2068,"0,14527>2068",19,9+,11,1,,control,-1.9370231628417969
A3C6CZC2JP67VK:2:B00000JJ7S,A3C6CZC2JP67VK,tail,2,20967,"0,14527,2068>20967",11,9+,1,0,,ineligible,0.15880393981933594
A3C89WADVMXRNL:6:B004U7JJWE,A3C89WADVMXRNL,head,0,467,0>467,30,9+,1159,1,,control,0.5565185546875
A3C89WADVMXRNL:6:B004U7JJWE,A3C89WADVMXRNL,head,1,13844,"0,467>13844",24,9+,21,1,,control,-1.7347373962402344
A3C89WADVMXRNL:6:B004U7JJWE,A3C89WADVMXRNL,head,2,19589,"0,467,13844>19589",17,9+,1,0,,ineligible,0.9497032165527344
A3C8CJJB89BTEJ:3:B005UO0F9M,A3C8CJJB89BTEJ,tail,0,3127,0>3127,30,9+,700,1,,control,-2.061901092529297
A3C8CJJB89BTEJ:3:B005UO0F9M,A3C8CJJB89BTEJ,tail,1,2738,"0,3127>2738",21,9+,64,1,,control,-0.2783946990966797
A3C8CJJB89BTEJ:3:B005UO0F9M,A3C8CJJB89BTEJ,tail,2,7852,"0,3127,2738>7852",40,9+,3,2,0.012385070323944092,control,-0.26593589782714844
A3C8CJJB89BTEJ:3:B005UO0F9M,A3C8CJJB89BTEJ,tail,3,9388,"0,3127,2738,7852>9388",2,2,2,0,,ineligible,4.411899566650391
A3C8CJJB89BTEJ:3:B005UO0F9M,A3C8CJJB89BTEJ,tail,4,5575,"0,3127,2738,7852,9388>5575",2,2,1,0,,ineligible,1.4662446975708008
A3C9YGB4H90PDE:16:B00CKH9QRE,A3C9YGB4H90PDE,head,0,2948,0>2948,30,9+,297,1,,control,0.043224334716796875
A3C9YGB4H90PDE:16:B00CKH9QRE,A3C9YGB4H90PDE,head,1,16901,"0,2948>16901",27,9+,8,1,,control,2.898754119873047
A3C9YGB4H90PDE:16:B00CKH9QRE,A3C9YGB4H90PDE,head,2,2179,"0,2948,16901>2179",4,3-4,5,1,,control,12.482742309570312
A3C9YGB4H90PDE:16:B00CKH9QRE,A3C9YGB4H90PDE,head,3,2407,"0,2948,16901,2179>2407",4,3-4,2,0,,ineligible,14.267159461975098
A3C9YGB4H90PDE:16:B00CKH9QRE,A3C9YGB4H90PDE,head,4,28688,"0,2948,16901,2179,2407>28688",2,2,1,0,,ineligible,2.1668248176574707
A3CAIZ5D023DAO:5:B000O1T52O,A3CAIZ5D023DAO,tail,0,2100,0>2100,30,9+,1270,1,,control,3.5597152709960938
A3CAIZ5D023DAO:5:B000O1T52O,A3CAIZ5D023DAO,tail,1,14520,"0,2100>14520",31,9+,24,1,,control,-4.604530334472656
A3CAIZ5D023DAO:5:B000O1T52O,A3CAIZ5D023DAO,tail,2,9832,"0,2100,14520>9832",21,9+,2,0,,ineligible,-0.3509368896484375
A3CAIZ5D023DAO:5:B000O1T52O,A3CAIZ5D023DAO,tail,3,2267,"0,2100,14520,9832>2267",2,2,1,0,,ineligible,-0.34912872314453125
A3CD3LU9X77QVG:5:B00G4VN3EY,A3CD3LU9X77QVG,tail,0,14295,0>14295,30,9+,759,1,,control,3.3369522094726562
A3CD3LU9X77QVG:5:B00G4VN3EY,A3CD3LU9X77QVG,tail,1,4232,"0,14295>4232",44,9+,137,1,,control,4.378261566162109
A3CD3LU9X77QVG:5:B00G4VN3EY,A3CD3LU9X77QVG,tail,2,15231,"0,14295,4232>15231",96,9+,3,1,,control,3.932196617126465
A3CD3LU9X77QVG:5:B00G4VN3EY,A3CD3LU9X77QVG,tail,3,11021,"0,14295,4232,15231>11021",2,2,2,0,,ineligible,2.1015710830688477
A3CD3LU9X77QVG:5:B00G4VN3EY,A3CD3LU9X77QVG,tail,4,12469,"0,14295,4232,15231,11021>12469",2,2,1,0,,ineligible,2.360499382019043
A3CEUT263RNUDO:2:B00ABF70FM,A3CEUT263RNUDO,tail,0,16352,0>16352,30,9+,180,1,,control,-3.2540664672851562
A3CEUT263RNUDO:2:B00ABF70FM,A3CEUT263RNUDO,tail,1,4245,"0,16352>4245",25,9+,35,1,,control,-0.23644638061523438
A3CEUT263RNUDO:2:B00ABF70FM,A3CEUT263RNUDO,tail,2,26202,"0,16352,4245>26202",25,9+,1,0,,ineligible,-0.1733551025390625
A3CF1S77BYVFCE:2:B004DJ6774,A3CF1S77BYVFCE,head,0,17582,0>17582,30,9+,408,1,,control,0.6847038269042969
A3CF1S77BYVFCE:2:B004DJ6774,A3CF1S77BYVFCE,head,1,3875,"0,17582>3875",24,9+,15,1,,control,-1.5055694580078125
A3CF1S77BYVFCE:2:B004DJ6774,A3CF1S77BYVFCE,head,2,22869,"0,17582,3875>22869",13,9+,1,0,,ineligible,-0.5037803649902344
A3CNM18PWKI1Z9:1:B004UC4N1G,A3CNM18PWKI1Z9,head,0,467,0>467,30,9+,1159,1,,control,-1.6243362426757812
A3CNM18PWKI1Z9:1:B004UC4N1G,A3CNM18PWKI1Z9,head,1,1448,"0,467>1448",24,9+,45,1,,control,-0.7373886108398438
A3CNM18PWKI1Z9:1:B004UC4N1G,A3CNM18PWKI1Z9,head,2,14667,"0,467,1448>14667",24,9+,11,1,,control,1.7204771041870117
A3CNM18PWKI1Z9:1:B004UC4N1G,A3CNM18PWKI1Z9,head,3,20353,"0,467,1448,14667>20353",8,5-8,1,0,,ineligible,-2.180387496948242
A3CO1P0AI9AEWR:1:B0027CS7DG,A3CO1P0AI9AEWR,tail,0,2100,0>2100,30,9+,1270,1,,control,-0.28462982177734375
A3CO1P0AI9AEWR:1:B0027CS7DG,A3CO1P0AI9AEWR,tail,1,671,"0,2100>671",31,9+,63,1,,control,-0.238006591796875
A3CO1P0AI9AEWR:1:B0027CS7DG,A3CO1P0AI9AEWR,tail,2,14406,"0,2100,671>14406",29,9+,6,2,0.006087303161621094,control,2.2149410247802734
A3CO1P0AI9AEWR:1:B0027CS7DG,A3CO1P0AI9AEWR,tail,3,1302,"0,2100,671,14406>1302",4,3-4,3,1,,control,0.8581981658935547
A3CO1P0AI9AEWR:1:B0027CS7DG,A3CO1P0AI9AEWR,tail,4,8414,"0,2100,671,14406,1302>8414",2,2,2,0,,ineligible,2.3971900939941406
A3CO1P0AI9AEWR:1:B0027CS7DG,A3CO1P0AI9AEWR,tail,5,536,"0,2100,671,14406,1302,8414>536",2,2,1,0,,ineligible,0.6560373306274414
A3COXS6PGV05I9:1:B005KISGXA,A3COXS6PGV05I9,tail,0,740,0>740,30,9+,1209,1,,control,-3.4526405334472656
A3COXS6PGV05I9:1:B005KISGXA,A3COXS6PGV05I9,tail,1,2213,"0,740>2213",53,9+,27,1,,control,-1.4531173706054688
A3COXS6PGV05I9:1:B005KISGXA,A3COXS6PGV05I9,tail,2,6177,"0,740,2213>6177",24,9+,2,0,,ineligible,2.024799346923828
A3COXS6PGV05I9:1:B005KISGXA,A3COXS6PGV05I9,tail,3,14248,"0,740,2213,6177>14248",2,2,1,0,,ineligible,2.571047782897949
A3CRIG5P35VKUB:5:B007ADINLI,A3CRIG5P35VKUB,head,0,19819,0>19819,30,9+,109,1,,control,-1.7613639831542969
A3CRIG5P35VKUB:5:B007ADINLI,A3CRIG5P35VKUB,head,1,5492,"0,19819>5492",15,9+,2,0,,ineligible,1.8324699401855469
A3CRIG5P35VKUB:5:B007ADINLI,A3CRIG5P35VKUB,head,2,9295,"0,19819,5492>9295",2,2,1,0,,ineligible,9.200898170471191
A3CTKV2FYS5T69:2:B000NV6D16,A3CTKV2FYS5T69,tail,0,2341,0>2341,30,9+,490,1,,control,0.647705078125
A3CTKV2FYS5T69:2:B000NV6D16,A3CTKV2FYS5T69,tail,1,3127,"0,2341>3127",23,9+,13,2,0.0044291019439697266,control,-4.607868194580078
A3CTKV2FYS5T69:2:B000NV6D16,A3CTKV2FYS5T69,tail,2,25866,"0,2341,3127>25866",11,9+,3,1,,control,0.7003879547119141
A3CTKV2FYS5T69:2:B000NV6D16,A3CTKV2FYS5T69,tail,4,20522,"0,2341,3127,25866,5567>20522",3,3-4,1,0,,ineligible,-1.605031967163086
A3CVC8TCHFFDK8:4:B0041G2YN0,A3CVC8TCHFFDK8,head,0,467,0>467,30,9+,1159,1,,control,-0.5922470092773438
A3CVC8TCHFFDK8:4:B0041G2YN0,A3CVC8TCHFFDK8,head,1,1476,"0,467>1476",24,9+,556,1,,control,2.3579750061035156
A3CVC8TCHFFDK8:4:B0041G2YN0,A3CVC8TCHFFDK8,head,2,1733,"0,467,1476>1733",186,9+,2,0,,ineligible,-1.7961044311523438
A3CVC8TCHFFDK8:4:B0041G2YN0,A3CVC8TCHFFDK8,head,3,29360,"0,467,1476,1733>29360",2,2,1,0,,ineligible,-0.09982490539550781
A3D2YSJGYH6HNL:2:B0000DJ3DW,A3D2YSJGYH6HNL,tail,0,2412,0>2412,30,9+,354,1,,control,4.044757843017578
A3D2YSJGYH6HNL:2:B0000DJ3DW,A3D2YSJGYH6HNL,tail,1,14421,"0,2412>14421",20,9+,65,1,,control,-1.0790748596191406
A3D2YSJGYH6HNL:2:B0000DJ3DW,A3D2YSJGYH6HNL,tail,2,9325,"0,2412,14421>9325",57,9+,1,0,,ineligible,-1.716024398803711
A3D5NF36PWF6DN:9:B001RM7YYU,A3D5NF36PWF6DN,tail,0,740,0>740,30,9+,1209,1,,control,-1.5213775634765625
A3D5NF36PWF6DN:9:B001RM7YYU,A3D5NF36PWF6DN,tail,1,12430,"0,740>12430",53,9+,19,1,,control,-0.9452743530273438
A3D5NF36PWF6DN:9:B001RM7YYU,A3D5NF36PWF6DN,tail,2,14038,"0,740,12430>14038",19,9+,1,0,,ineligible,-3.556346893310547
A3DBN33WWFIL60:7:B008C0O4Q6,A3DBN33WWFIL60,tail,0,3127,0>3127,30,9+,700,1,,control,-2.6935806274414062
A3DBN33WWFIL60:7:B008C0O4Q6,A3DBN33WWFIL60,tail,1,4223,"0,3127>4223",21,9+,49,2,0.007632195949554443,control,-0.6497383117675781
A3DBN33WWFIL60:7:B008C0O4Q6,A3DBN33WWFIL60,tail,2,26898,"0,3127,4223>26898",37,9+,1,0,,ineligible,-1.386627197265625
A3DQ98EP0RGDHI:1:B00B1BPR5A,A3DQ98EP0RGDHI,tail,0,1041,0>1041,30,9+,628,1,,control,2.7394752502441406
A3DQ98EP0RGDHI:1:B00B1BPR5A,A3DQ98EP0RGDHI,tail,1,3214,"0,1041>3214",27,9+,34,1,,control,6.652915954589844
A3DQ98EP0RGDHI:1:B00B1BPR5A,A3DQ98EP0RGDHI,tail,2,2278,"0,1041,3214>2278",14,9+,2,0,,ineligible,-1.6235694885253906
A3DQ98EP0RGDHI:1:B00B1BPR5A,A3DQ98EP0RGDHI,tail,4,3654,"0,1041,3214,2278,5993>3654",2,2,1,0,,ineligible,6.540424346923828
A3DQN9Y059YUNK:8:B001W2WLIE,A3DQN9Y059YUNK,tail,0,14527,0>14527,30,9+,388,1,,control,1.0284347534179688
A3DQN9Y059YUNK:8:B001W2WLIE,A3DQN9Y059YUNK,tail,1,1370,"0,14527>1370",19,9+,50,1,,control,2.766040802001953
A3DQN9Y059YUNK:8:B001W2WLIE,A3DQN9Y059YUNK,tail,2,28110,"0,14527,1370>28110",42,9+,1,0,,ineligible,-3.477893829345703
A3DSDO2E5J2L0H:2:B00DGCGZCG,A3DSDO2E5J2L0H,tail,0,14351,0>14351,30,9+,196,1,,control,4.124767303466797
A3DSDO2E5J2L0H:2:B00DGCGZCG,A3DSDO2E5J2L0H,tail,1,16744,"0,14351>16744",25,9+,12,1,,control,-0.5160894393920898
A3DSDO2E5J2L0H:2:B00DGCGZCG,A3DSDO2E5J2L0H,tail,2,2113,"0,14351,16744>2113",4,3-4,2,0,,ineligible,6.751886367797852
A3DSDO2E5J2L0H:2:B00DGCGZCG,A3DSDO2E5J2L0H,tail,4,14034,"0,14351,16744,2113,21567>14034",2,2,1,0,,ineligible,28.498645782470703
A3DZFEICHK5LF2:32:B005AHICA8,A3DZFEICHK5LF2,head,0,2100,0>2100,30,9+,1270,1,,control,1.2337913513183594
A3DZFEICHK5LF2:32:B005AHICA8,A3DZFEICHK5LF2,head,1,1073,"0,2100>1073",31,9+,199,1,,control,-0.5115318298339844
A3DZFEICHK5LF2:32:B005AHICA8,A3DZFEICHK5LF2,head,2,8376,"0,2100,1073>8376",31,9+,21,1,,control,3.6441688537597656
A3DZFEICHK5LF2:32:B005AHICA8,A3DZFEICHK5LF2,head,3,23204,"0,2100,1073,8376>23204",21,9+,1,0,,ineligible,3.739501953125
A3E0CV9614GQJV:2:B001JD8H2A,A3E0CV9614GQJV,tail,0,17582,0>17582,30,9+,408,1,,control,-0.9795150756835938
A3E0CV9614GQJV:2:B001JD8H2A,A3E0CV9614GQJV,tail,1,8553,"0,17582>8553",24,9+,31,2,0.006439208984375,control,-0.4299736022949219
A3E0CV9614GQJV:2:B001JD8H2A,A3E0CV9614GQJV,tail,2,13634,"0,17582,8553>13634",23,9+,1,0,,ineligible,-0.3036079406738281
A3E288YDBQJQQN:2:B00B3YT030,A3E288YDBQJQQN,head,0,467,0>467,30,9+,1159,1,,control,3.3444671630859375
A3E288YDBQJQQN:2:B00B3YT030,A3E288YDBQJQQN,head,1,895,"0,467>895",24,9+,195,1,,control,3.7176856994628906
A3E288YDBQJQQN:2:B00B3YT030,A3E288YDBQJQQN,head,2,12540,"0,467,895>12540",74,9+,6,1,,control,8.673606872558594
A3E288YDBQJQQN:2:B00B3YT030,A3E288YDBQJQQN,head,3,1025,"0,467,895,12540>1025",6,5-8,1,0,,ineligible,2.258056640625
A3EAJLZNW4FD9U:6:B0089RPUHO,A3EAJLZNW4FD9U,head,0,14527,0>14527,30,9+,388,1,,control,4.662406921386719
A3EAJLZNW4FD9U:6:B0089RPUHO,A3EAJLZNW4FD9U,head,1,5612,"0,14527>5612",19,9+,51,1,,control,0.22278213500976562
A3EAJLZNW4FD9U:6:B0089RPUHO,A3EAJLZNW4FD9U,head,2,7022,"0,14527,5612>7022",35,9+,7,2,0.012134432792663574,control,-1.5390281677246094
A3EAJLZNW4FD9U:6:B0089RPUHO,A3EAJLZNW4FD9U,head,3,20901,"0,14527,5612,7022>20901",7,5-8,1,0,,ineligible,3.740842819213867
A3EBIWJSJ7AQ1E:1:B003JBORWY,A3EBIWJSJ7AQ1E,tail,0,2948,0>2948,30,9+,297,1,,control,-1.721710205078125
A3EBIWJSJ7AQ1E:1:B003JBORWY,A3EBIWJSJ7AQ1E,tail,1,67,"0,2948>67",27,9+,17,1,,control,-1.2428932189941406
A3EBIWJSJ7AQ1E:1:B003JBORWY,A3EBIWJSJ7AQ1E,tail,2,4061,"0,2948,67>4061",11,9+,4,1,,control,1.0258088111877441
A3EBIWJSJ7AQ1E:1:B003JBORWY,A3EBIWJSJ7AQ1E,tail,3,1472,"0,2948,67,4061>1472",4,3-4,1,0,,ineligible,-0.04567670822143555
A3EBJDZ5N1UEI5:3:B007ADIBXS,A3EBJDZ5N1UEI5,head,0,9062,0>9062,30,9+,203,1,,control,2.947010040283203
A3EBJDZ5N1UEI5:3:B007ADIBXS,A3EBJDZ5N1UEI5,head,1,28984,"0,9062>28984",26,9+,5,1,,control,-2.0248489379882812
A3EBJDZ5N1UEI5:3:B007ADIBXS,A3EBJDZ5N1UEI5,head,3,9532,"0,9062,28984,2669>9532",5,5-8,1,0,,ineligible,0.8517217636108398
A3EFCPRSJTNLDL:17:B000Y0EG3S,A3EFCPRSJTNLDL,tail,0,2341,0>2341,30,9+,490,1,,control,0.2696876525878906
A3EFCPRSJTNLDL:17:B000Y0EG3S,A3EFCPRSJTNLDL,tail,1,26141,"0,2341>26141",23,9+,11,2,0.006571650505065918,control,4.409370422363281
A3EFCPRSJTNLDL:17:B000Y0EG3S,A3EFCPRSJTNLDL,tail,2,303,"0,2341,26141>303",10,9+,1,0,,ineligible,1.3324260711669922
A3EI4K5U61UZ7:1:B000F3GNW6,A3EI4K5U61UZ7,tail,0,1871,0>1871,30,9+,482,1,,control,-1.0083541870117188
A3EI4K5U61UZ7:1:B000F3GNW6,A3EI4K5U61UZ7,tail,1,1861,"0,1871>1861",29,9+,12,2,0.02818012237548828,control,-1.5711097717285156
A3EI4K5U61UZ7:1:B000F3GNW6,A3EI4K5U61UZ7,tail,2,9268,"0,1871,1861>9268",7,5-8,1,0,,ineligible,-2.8697967529296875
A3EJOBNMT20Q6W:6:B0046LVS2S,A3EJOBNMT20Q6W,tail,0,2100,0>2100,30,9+,1270,1,,control,1.1038551330566406
A3EJOBNMT20Q6W:6:B0046LVS2S,A3EJOBNMT20Q6W,tail,1,28373,"0,2100>28373",31,9+,43,1,,control,0.21047592163085938
A3EJOBNMT20Q6W:6:B0046LVS2S,A3EJOBNMT20Q6W,tail,2,10019,"0,2100,28373>10019",29,9+,1,0,,ineligible,-1.5796546936035156
A3EN744STRBY1H:6:B005PO8SX2,A3EN744STRBY1H,tail,0,14295,0>14295,30,9+,759,1,,control,-0.18776702880859375
A3EN744STRBY1H:6:B005PO8SX2,A3EN744STRBY1H,tail,1,4439,"0,14295>4439",44,9+,12,2,0.018763422966003418,control,-2.0805091857910156
A3EN744STRBY1H:6:B005PO8SX2,A3EN744STRBY1H,tail,2,19255,"0,14295,4439>19255",10,9+,1,0,,ineligible,1.5185184478759766
A3EOVXI1VZIHUQ:5:B007ADIGVU,A3EOVXI1VZIHUQ,head,0,9062,0>9062,30,9+,203,1,,control,3.358623504638672
A3EOVXI1VZIHUQ:5:B007ADIGVU,A3EOVXI1VZIHUQ,head,1,9079,"0,9062>9079",26,9+,28,1,,control,-2.619586944580078
A3EOVXI1VZIHUQ:5:B007ADIGVU,A3EOVXI1VZIHUQ,head,2,4716,"0,9062,9079>4716",18,9+,1,0,,ineligible,5.488985061645508
A3ETX1UVAAWG5J:4:B00000IV34,A3ETX1UVAAWG5J,head,0,467,0>467,30,9+,1159,1,,control,-0.7518196105957031
A3ETX1UVAAWG5J:4:B00000IV34,A3ETX1UVAAWG5J,head,1,895,"0,467>895",24,9+,195,1,,control,-1.9862709045410156
A3ETX1UVAAWG5J:4:B00000IV34,A3ETX1UVAAWG5J,head,2,2190,"0,467,895>2190",74,9+,51,1,,control,1.0834770202636719
A3ETX1UVAAWG5J:4:B00000IV34,A3ETX1UVAAWG5J,head,3,28692,"0,467,895,2190>28692",49,9+,1,0,,ineligible,0.06936073303222656
A3EUOKXLUA78CT:1:B005JSUMZ6,A3EUOKXLUA78CT,tail,0,3127,0>3127,30,9+,700,1,,control,-0.9757308959960938
A3EUOKXLUA78CT:1:B005JSUMZ6,A3EUOKXLUA78CT,tail,1,2005,"0,3127>2005",21,9+,22,1,,control,-1.8924751281738281
A3EUOKXLUA78CT:1:B005JSUMZ6,A3EUOKXLUA78CT,tail,2,13917,"0,3127,2005>13917",18,9+,2,0,,ineligible,1.3256120681762695
A3EUOKXLUA78CT:1:B005JSUMZ6,A3EUOKXLUA78CT,tail,3,5784,"0,3127,2005,13917>5784",2,2,1,0,,ineligible,4.529882431030273
A3EUTRS56J8IQE:6:B000TLR7LU,A3EUTRS56J8IQE,head,0,2412,0>2412,30,9+,354,1,,control,2.8456268310546875
A3EUTRS56J8IQE:6:B000TLR7LU,A3EUTRS56J8IQE,head,1,14421,"0,2412>14421",20,9+,65,1,,control,1.5446853637695312
A3EUTRS56J8IQE:6:B000TLR7LU,A3EUTRS56J8IQE,head,2,7620,"0,2412,14421>7620",57,9+,2,0,,ineligible,0.7297515869140625
A3EUTRS56J8IQE:6:B000TLR7LU,A3EUTRS56J8IQE,head,3,22652,"0,2412,14421,7620>22652",2,2,1,0,,ineligible,16.760095596313477
A3F2VVIQIY6U64:6:B000NOZ3XC,A3F2VVIQIY6U64,tail,0,14527,0>14527,30,9+,388,1,,control,1.8199272155761719
A3F2VVIQIY6U64:6:B000NOZ3XC,A3F2VVIQIY6U64,tail,1,8770,"0,14527>8770",19,9+,6,1,,control,-1.7878074645996094
A3F2VVIQIY6U64:6:B000NOZ3XC,A3F2VVIQIY6U64,tail,2,4088,"0,14527,8770>4088",5,5-8,2,0,,ineligible,-1.579793930053711
A3F2VVIQIY6U64:6:B000NOZ3XC,A3F2VVIQIY6U64,tail,5,632,"0,14527,8770,4088,15474,548>632",2,2,1,0,,ineligible,-0.25586986541748047
A3FDAUJJBERC7W:1:B004GX2MSK,A3FDAUJJBERC7W,tail,0,2100,0>2100,30,9+,1270,1,,control,1.8219184875488281
A3FDAUJJBERC7W:1:B004GX2MSK,A3FDAUJJBERC7W,tail,1,28373,"0,2100>28373",31,9+,43,1,,control,4.500518798828125
A3FDAUJJBERC7W:1:B004GX2MSK,A3FDAUJJBERC7W,tail,2,3968,"0,2100,28373>3968",29,9+,1,0,,ineligible,1.6868839263916016
A3FKPBNI7UWQFW:16:B000F3O1IY,A3FKPBNI7UWQFW,tail,0,740,0>740,30,9+,1209,1,,control,0.7881088256835938
A3FKPBNI7UWQFW:16:B000F3O1IY,A3FKPBNI7UWQFW,tail,1,5748,"0,740>5748",53,9+,45,3,0.005589962005615234,control,-0.439239501953125
A3FKPBNI7UWQFW:16:B000F3O1IY,A3FKPBNI7UWQFW,tail,2,22345,"0,740,5748>22345",36,9+,1,0,,ineligible,0.1631755828857422
A3FKSPDMAPW67X:12:B001QIH6S4,A3FKSPDMAPW67X,tail,0,2412,0>2412,30,9+,354,1,,control,5.995487213134766
A3FKSPDMAPW67X:12:B001QIH6S4,A3FKSPDMAPW67X,tail,1,9288,"0,2412>9288",20,9+,5,1,,control,-2.7613143920898438
A3FKSPDMAPW67X:12:B001QIH6S4,A3FKSPDMAPW67X,tail,2,977,"0,2412,9288>977",5,5-8,1,0,,ineligible,3.6933488845825195
A3FSN1GA8Z55DY:1:B002CSRZKQ,A3FSN1GA8Z55DY,head,0,11109,0>11109,30,9+,320,1,,control,-2.5596885681152344
A3FSN1GA8Z55DY:1:B002CSRZKQ,A3FSN1GA8Z55DY,head,1,27215,"0,11109>27215",27,9+,11,1,,control,-1.0443153381347656
A3FSN1GA8Z55DY:1:B002CSRZKQ,A3FSN1GA8Z55DY,head,2,2934,"0,11109,27215>2934",6,5-8,2,0,,ineligible,1.713918685913086
A3FSN1GA8Z55DY:1:B002CSRZKQ,A3FSN1GA8Z55DY,head,4,19182,"0,11109,27215,2934,8487>19182",2,2,1,0,,ineligible,5.333189964294434
A3FWVV13DJELLV:25:B00CI6OCFS,A3FWVV13DJELLV,tail,0,387,0>387,30,9+,234,1,,control,-3.291240692138672
A3FWVV13DJELLV:25:B00CI6OCFS,A3FWVV13DJELLV,tail,1,457,"0,387>457",24,9+,2,0,,ineligible,2.1332473754882812
A3FWVV13DJELLV:25:B00CI6OCFS,A3FWVV13DJELLV,tail,2,346,"0,387,457>346",2,2,1,0,,ineligible,4.07316780090332
A3G4N179QCSZ4V:2:B0012NSMEK,A3G4N179QCSZ4V,tail,0,467,0>467,30,9+,1159,1,,control,-3.2525482177734375
A3G4N179QCSZ4V:2:B0012NSMEK,A3G4N179QCSZ4V,tail,1,20225,"0,467>20225",24,9+,35,2,0.005269646644592285,control,-2.809093475341797
A3G4N179QCSZ4V:2:B0012NSMEK,A3G4N179QCSZ4V,tail,2,5768,"0,467,20225>5768",30,9+,2,0,,ineligible,1.36669921875
A3G4N179QCSZ4V:2:B0012NSMEK,A3G4N179QCSZ4V,tail,3,5865,"0,467,20225,5768>5865",2,2,1,0,,ineligible,3.422800064086914
A3G5MOHY1U635N:21:B005QUQ9C2,A3G5MOHY1U635N,tail,0,1191,0>1191,30,9+,33,1,,control,-2.494354248046875
A3G5MOHY1U635N:21:B005QUQ9C2,A3G5MOHY1U635N,tail,1,19893,"0,1191>19893",28,9+,1,0,,ineligible,1.3060617446899414
A3GAMMVQ4RVZQ2:1:B000W3XEQM,A3GAMMVQ4RVZQ2,head,0,1871,0>1871,30,9+,482,1,,control,1.0390853881835938
A3GAMMVQ4RVZQ2:1:B000W3XEQM,A3GAMMVQ4RVZQ2,head,1,5431,"0,1871>5431",29,9+,9,1,,control,-0.14757919311523438
A3GAMMVQ4RVZQ2:1:B000W3XEQM,A3GAMMVQ4RVZQ2,head,2,27335,"0,1871,5431>27335",8,5-8,1,0,,ineligible,-5.490755081176758
A3GU5OIZWMVIKI:9:B00006408Q,A3GU5OIZWMVIKI,head,0,467,0>467,30,9+,1159,1,,control,-0.12014389038085938
A3GU5OIZWMVIKI:9:B00006408Q,A3GU5OIZWMVIKI,head,1,317,"0,467>317",24,9+,26,1,,control,-1.8801498413085938
A3GU5OIZWMVIKI:9:B00006408Q,A3GU5OIZWMVIKI,head,2,8128,"0,467,317>8128",23,9+,3,1,,control,4.709869384765625
A3GU5OIZWMVIKI:9:B00006408Q,A3GU5OIZWMVIKI,head,3,10426,"0,467,317,8128>10426",3,3-4,1,0,,ineligible,4.551324844360352
A3GUIEYMTJHU12:1:B002OE01XG,A3GUIEYMTJHU12,head,0,17582,0>17582,30,9+,408,1,,control,-1.5493392944335938
A3GUIEYMTJHU12:1:B002OE01XG,A3GUIEYMTJHU12,head,1,1228,"0,17582>1228",24,9+,90,1,,control,0.9958953857421875
A3GUIEYMTJHU12:1:B002OE01XG,A3GUIEYMTJHU12,head,2,21300,"0,17582,1228>21300",72,9+,2,0,,ineligible,-0.4327249526977539
A3GUIEYMTJHU12:1:B002OE01XG,A3GUIEYMTJHU12,head,3,1907,"0,17582,1228,21300>1907",2,2,1,0,,ineligible,4.262967586517334
A3H0FPX8POP4WL:7:B005XLN76A,A3H0FPX8POP4WL,tail,0,3186,0>3186,30,9+,268,1,,control,0.39112091064453125
A3H0FPX8POP4WL:7:B005XLN76A,A3H0FPX8POP4WL,tail,1,13243,"0,3186>13243",21,9+,18,2,0.008245348930358887,control,2.1597862243652344
A3H0FPX8POP4WL:7:B005XLN76A,A3H0FPX8POP4WL,tail,2,24124,"0,3186,13243>24124",17,9+,1,0,,ineligible,11.636149406433105
A3HL1LRW4VDG6A:6:B00003G1U2,A3HL1LRW4VDG6A,tail,0,467,0>467,30,9+,1159,1,,control,1.8556976318359375
A3HL1LRW4VDG6A:6:B00003G1U2,A3HL1LRW4VDG6A,tail,1,2951,"0,467>2951",24,9+,38,1,,control,-3.9297027587890625
A3HL1LRW4VDG6A:6:B00003G1U2,A3HL1LRW4VDG6A,tail,2,14279,"0,467,2951>14279",25,9+,1,0,,ineligible,-0.2437734603881836
A3HLAMP842AMWI:2:B007XVYSYI,A3HLAMP842AMWI,head,0,21677,0>21677,30,9+,202,1,,control,-1.468597412109375
A3HLAMP842AMWI:2:B007XVYSYI,A3HLAMP842AMWI,head,1,176,"0,21677>176",25,9+,11,1,,control,0.23504066467285156
A3HLAMP842AMWI:2:B007XVYSYI,A3HLAMP842AMWI,head,2,7591,"0,21677,176>7591",10,9+,1,0,,ineligible,1.0278854370117188
A3HV9K0ICQYE6S:3:B000LSZVJQ,A3HV9K0ICQYE6S,head,0,1871,0>1871,30,9+,482,1,,control,-0.06406402587890625
A3HV9K0ICQYE6S:3:B000LSZVJQ,A3HV9K0ICQYE6S,head,1,9013,"0,1871>9013",29,9+,20,2,0.0030452609062194824,control,0.42035675048828125
A3HV9K0ICQYE6S:3:B000LSZVJQ,A3HV9K0ICQYE6S,head,2,9190,"0,1871,9013>9190",14,9+,2,0,,ineligible,1.08966064453125
A3HV9K0ICQYE6S:3:B000LSZVJQ,A3HV9K0ICQYE6S,head,3,12294,"0,1871,9013,9190>12294",2,2,1,0,,ineligible,4.49979305267334
A3IAHD6P77ICRM:4:B000RW92BY,A3IAHD6P77ICRM,tail,0,2341,0>2341,30,9+,490,1,,control,-1.5858039855957031
A3IAHD6P77ICRM:4:B000RW92BY,A3IAHD6P77ICRM,tail,1,9062,"0,2341>9062",23,9+,123,1,,control,1.8232765197753906
A3IAHD6P77ICRM:4:B000RW92BY,A3IAHD6P77ICRM,tail,2,4987,"0,2341,9062>4987",71,9+,2,0,,ineligible,-2.733837127685547
A3IAHD6P77ICRM:4:B000RW92BY,A3IAHD6P77ICRM,tail,4,25285,"0,2341,9062,4987,15133>25285",2,2,1,0,,ineligible,-0.2006664276123047
A3IBLS0N2BO077:2:B000L70MQO,A3IBLS0N2BO077,head,0,2100,0>2100,30,9+,1270,1,,control,0.5052490234375
A3IBLS0N2BO077:2:B000L70MQO,A3IBLS0N2BO077,head,1,1088,"0,2100>1088",31,9+,214,5,0.0044814348220825195,control,2.3787002563476562
A3IBLS0N2BO077:2:B000L70MQO,A3IBLS0N2BO077,head,2,623,"0,2100,1088>623",28,9+,10,2,0.034112393856048584,control,-3.0844993591308594
A3IBLS0N2BO077:2:B000L70MQO,A3IBLS0N2BO077,head,3,10536,"0,2100,1088,623>10536",10,9+,1,0,,ineligible,0.7919473648071289
A3IBWMCIBIQT4Q:6:B00392NSI2,A3IBWMCIBIQT4Q,tail,0,740,0>740,30,9+,1209,1,,control,-0.6089401245117188
A3IBWMCIBIQT4Q:6:B00392NSI2,A3IBWMCIBIQT4Q,tail,1,7270,"0,740>7270",53,9+,18,1,,control,-1.9717636108398438
A3IBWMCIBIQT4Q:6:B00392NSI2,A3IBWMCIBIQT4Q,tail,2,11014,"0,740,7270>11014",17,9+,1,0,,ineligible,3.2250194549560547
A3ID3HP0RVQJGL:5:B003UNWV60,A3ID3HP0RVQJGL,head,0,1041,0>1041,30,9+,628,1,,control,1.0808372497558594
A3ID3HP0RVQJGL:5:B003UNWV60,A3ID3HP0RVQJGL,head,1,15886,"0,1041>15886",27,9+,26,1,,control,0.043193817138671875
A3ID3HP0RVQJGL:5:B003UNWV60,A3ID3HP0RVQJGL,head,2,1201,"0,1041,15886>1201",22,9+,3,1,,control,5.051576614379883
A3ID3HP0RVQJGL:5:B003UNWV60,A3ID3HP0RVQJGL,head,3,2496,"0,1041,15886,1201>2496",3,3-4,1,0,,ineligible,5.8475165367126465
A3IVPJYAEA5UYI:18:B00GJSWDG6,A3IVPJYAEA5UYI,tail,0,14351,0>14351,30,9+,196,1,,control,-0.9055252075195312
A3IVPJYAEA5UYI:18:B00GJSWDG6,A3IVPJYAEA5UYI,tail,1,9760,"0,14351>9760",25,9+,50,1,,control,0.09308052062988281
A3IVPJYAEA5UYI:18:B00GJSWDG6,A3IVPJYAEA5UYI,tail,2,17737,"0,14351,9760>17737",24,9+,2,0,,ineligible,1.6919574737548828
A3IVPJYAEA5UYI:18:B00GJSWDG6,A3IVPJYAEA5UYI,tail,3,15073,"0,14351,9760,17737>15073",2,2,1,0,,ineligible,-2.7924232482910156
A3IZOK5GR51EE2:5:B00CTUFWA2,A3IZOK5GR51EE2,tail,0,2412,0>2412,30,9+,354,1,,control,-1.404693603515625
A3IZOK5GR51EE2:5:B00CTUFWA2,A3IZOK5GR51EE2,tail,1,14421,"0,2412>14421",20,9+,65,1,,control,-1.1850700378417969
A3IZOK5GR51EE2:5:B00CTUFWA2,A3IZOK5GR51EE2,tail,2,23704,"0,2412,14421>23704",57,9+,1,0,,ineligible,1.0036582946777344
A3J76VSGS3C4Z4:7:B00004NKLB,A3J76VSGS3C4Z4,head,0,1871,0>1871,30,9+,482,1,,control,-0.3546409606933594
A3J76VSGS3C4Z4:7:B00004NKLB,A3J76VSGS3C4Z4,head,1,2495,"0,1871>2495",29,9+,54,1,,control,-1.3204383850097656
A3J76VSGS3C4Z4:7:B00004NKLB,A3J76VSGS3C4Z4,head,2,1677,"0,1871,2495>1677",45,9+,1,0,,ineligible,-0.7449131011962891
A3JCIET7XQRZWS:1:B0007WWZLS,A3JCIET7XQRZWS,tail,0,1871,0>1871,30,9+,482,1,,control,1.1298866271972656
A3JCIET7XQRZWS:1:B0007WWZLS,A3JCIET7XQRZWS,tail,1,358,"0,1871>358",29,9+,14,1,,control,-1.5446586608886719
A3JCIET7XQRZWS:1:B0007WWZLS,A3JCIET7XQRZWS,tail,2,3005,"0,1871,358>3005",14,9+,1,0,,ineligible,-0.3564109802246094
A3JGMEZ9TQ4N4Z:1:B002AH6WOY,A3JGMEZ9TQ4N4Z,tail,0,2100,0>2100,30,9+,1270,1,,control,-1.6170310974121094
A3JGMEZ9TQ4N4Z:1:B002AH6WOY,A3JGMEZ9TQ4N4Z,tail,1,1073,"0,2100>1073",31,9+,199,1,,control,0.3446540832519531
A3JGMEZ9TQ4N4Z:1:B002AH6WOY,A3JGMEZ9TQ4N4Z,tail,2,8376,"0,2100,1073>8376",31,9+,21,1,,control,1.6652793884277344
A3JGMEZ9TQ4N4Z:1:B002AH6WOY,A3JGMEZ9TQ4N4Z,tail,3,15721,"0,2100,1073,8376>15721",21,9+,1,0,,ineligible,-3.4239234924316406
A3JK7YIN7IZF2K:2:B0038ZOVMC,A3JK7YIN7IZF2K,tail,0,11109,0>11109,30,9+,320,1,,control,1.065185546875
A3JK7YIN7IZF2K:2:B0038ZOVMC,A3JK7YIN7IZF2K,tail,1,26223,"0,11109>26223",27,9+,23,1,,control,3.3848304748535156
A3JK7YIN7IZF2K:2:B0038ZOVMC,A3JK7YIN7IZF2K,tail,2,19885,"0,11109,26223>19885",8,5-8,16,1,,control,0.9870595932006836
A3JK7YIN7IZF2K:2:B0038ZOVMC,A3JK7YIN7IZF2K,tail,3,7146,"0,11109,26223,19885>7146",15,9+,1,0,,ineligible,6.575425624847412
A3JLOIXFM75QNV:5:B004S6EBE8,A3JLOIXFM75QNV,head,0,2244,0>2244,30,9+,345,1,,control,-1.4607429504394531
A3JLOIXFM75QNV:5:B004S6EBE8,A3JLOIXFM75QNV,head,1,2296,"0,2244>2296",29,9+,10,1,,control,1.1347923278808594
A3JLOIXFM75QNV:5:B004S6EBE8,A3JLOIXFM75QNV,head,2,17869,"0,2244,2296>17869",10,9+,1,0,,ineligible,-0.01163482666015625
A3JRK240EEJ82X:11:B000B652ZQ,A3JRK240EEJ82X,tail,0,14295,0>14295,30,9+,759,1,,control,5.856594085693359
A3JRK240EEJ82X:11:B000B652ZQ,A3JRK240EEJ82X,tail,1,3858,"0,14295>3858",44,9+,46,1,,control,2.223163604736328
A3JRK240EEJ82X:11:B000B652ZQ,A3JRK240EEJ82X,tail,2,19121,"0,14295,3858>19121",35,9+,1,0,,ineligible,0.49016761779785156
A3K8AU6BAGN60E:26:B00EX5K0DA,A3K8AU6BAGN60E,tail,0,3127,0>3127,30,9+,700,1,,control,-1.4354248046875
A3K8AU6BAGN60E:26:B00EX5K0DA,A3K8AU6BAGN60E,tail,1,303,"0,3127>303",21,9+,161,1,,control,-0.27445411682128906
A3K8AU6BAGN60E:26:B00EX5K0DA,A3K8AU6BAGN60E,tail,2,2176,"0,3127,303>2176",100,9+,1,0,,ineligible,7.220287322998047
A3KEZLJ59C1JVH:1:B004Z1JUJ2,A3KEZLJ59C1JVH,head,0,5364,0>5364,30,9+,319,1,,control,-1.5135612487792969
A3KEZLJ59C1JVH:1:B004Z1JUJ2,A3KEZLJ59C1JVH,head,1,2935,"0,5364>2935",25,9+,44,1,,control,-1.9174480438232422
A3KEZLJ59C1JVH:1:B004Z1JUJ2,A3KEZLJ59C1JVH,head,2,13762,"0,5364,2935>13762",34,9+,2,0,,ineligible,1.642852783203125
A3KEZLJ59C1JVH:1:B004Z1JUJ2,A3KEZLJ59C1JVH,head,3,29072,"0,5364,2935,13762>29072",2,2,1,0,,ineligible,2.315462112426758
A3KKO4KDS1IA9D:3:B0010XAJI4,A3KKO4KDS1IA9D,head,0,3127,0>3127,30,9+,700,1,,control,-1.5568962097167969
A3KKO4KDS1IA9D:3:B0010XAJI4,A3KKO4KDS1IA9D,head,1,2738,"0,3127>2738",21,9+,64,1,,control,0.30945587158203125
A3KKO4KDS1IA9D:3:B0010XAJI4,A3KKO4KDS1IA9D,head,2,10427,"0,3127,2738>10427",40,9+,2,0,,ineligible,1.1413936614990234
A3KKO4KDS1IA9D:3:B0010XAJI4,A3KKO4KDS1IA9D,head,3,21622,"0,3127,2738,10427>21622",2,2,1,0,,ineligible,6.577284812927246
A3KNMSAHLIBKHY:6:B00CDGA6A8,A3KNMSAHLIBKHY,head,0,2244,0>2244,30,9+,345,1,,control,-0.8567886352539062
A3KNMSAHLIBKHY:6:B00CDGA6A8,A3KNMSAHLIBKHY,head,1,3797,"0,2244>3797",29,9+,11,2,0.008183121681213379,control,-0.23382568359375
A3KNMSAHLIBKHY:6:B00CDGA6A8,A3KNMSAHLIBKHY,head,2,2838,"0,2244,3797>2838",11,9+,1,0,,ineligible,0.6814022064208984
A3KY68OTSNHM3G:12:B0000205X3,A3KY68OTSNHM3G,head,0,467,0>467,30,9+,1159,1,,control,-1.4531517028808594
A3KY68OTSNHM3G:12:B0000205X3,A3KY68OTSNHM3G,head,1,1476,"0,467>1476",24,9+,556,1,,control,1.6633644104003906
A3KY68OTSNHM3G:12:B0000205X3,A3KY68OTSNHM3G,head,2,10109,"0,467,1476>10109",186,9+,2,0,,ineligible,-4.448577880859375
A3KY68OTSNHM3G:12:B0000205X3,A3KY68OTSNHM3G,head,3,14260,"0,467,1476,10109>14260",2,2,1,0,,ineligible,4.5511016845703125
A3L2KYOYDWSRPL:1:B003HC92N4,A3L2KYOYDWSRPL,head,0,3203,0>3203,30,9+,353,1,,control,-2.6765785217285156
A3L2KYOYDWSRPL:1:B003HC92N4,A3L2KYOYDWSRPL,head,1,1258,"0,3203>1258",28,9+,5,1,,control,-2.725208282470703
A3L2KYOYDWSRPL:1:B003HC92N4,A3L2KYOYDWSRPL,head,2,1794,"0,3203,1258>1794",5,5-8,1,0,,ineligible,3.193270683288574
A3L2YVX4TBJV04:2:B000LSZVJQ,A3L2YVX4TBJV04,head,0,1871,0>1871,30,9+,482,1,,control,-2.703479766845703
A3L2YVX4TBJV04:2:B000LSZVJQ,A3L2YVX4TBJV04,head,1,9013,"0,1871>9013",29,9+,20,2,0.0030452609062194824,control,0.23012542724609375
A3L2YVX4TBJV04:2:B000LSZVJQ,A3L2YVX4TBJV04,head,2,9190,"0,1871,9013>9190",14,9+,2,0,,ineligible,0.3426494598388672
A3L2YVX4TBJV04:2:B000LSZVJQ,A3L2YVX4TBJV04,head,3,12294,"0,1871,9013,9190>12294",2,2,1,0,,ineligible,3.945603370666504
A3L94Q7JZO5SLY:2:B002UJFAO0,A3L94Q7JZO5SLY,tail,0,2341,0>2341,30,9+,490,1,,control,0.14326095581054688
A3L94Q7JZO5SLY:2:B002UJFAO0,A3L94Q7JZO5SLY,tail,1,159,"0,2341>159",23,9+,39,1,,control,2.0748558044433594
A3L94Q7JZO5SLY:2:B002UJFAO0,A3L94Q7JZO5SLY,tail,2,4226,"0,2341,159>4226",32,9+,4,2,0.01696646213531494,control,3.9558963775634766
A3L94Q7JZO5SLY:2:B002UJFAO0,A3L94Q7JZO5SLY,tail,3,4094,"0,2341,159,4226>4094",4,3-4,1,0,,ineligible,2.2046241760253906
A3LANSRXLT1PW0:1:B0041VF6RG,A3LANSRXLT1PW0,tail,0,14295,0>14295,30,9+,759,1,,control,-0.35536956787109375
A3LANSRXLT1PW0:1:B0041VF6RG,A3LANSRXLT1PW0,tail,1,1840,"0,14295>1840",44,9+,40,2,0.004830837249755859,control,-1.199493408203125
A3LANSRXLT1PW0:1:B0041VF6RG,A3LANSRXLT1PW0,tail,2,13593,"0,14295,1840>13593",37,9+,1,0,,ineligible,-6.984975814819336
A3LF53L0WE6CWM:6:B0060RZ7EQ,A3LF53L0WE6CWM,tail,0,14295,0>14295,30,9+,759,1,,control,2.761493682861328
A3LF53L0WE6CWM:6:B0060RZ7EQ,A3LF53L0WE6CWM,tail,1,4232,"0,14295>4232",44,9+,137,1,,control,3.0609283447265625
A3LF53L0WE6CWM:6:B0060RZ7EQ,A3LF53L0WE6CWM,tail,2,30707,"0,14295,4232>30707",96,9+,2,0,,ineligible,6.989362716674805
A3LF53L0WE6CWM:6:B0060RZ7EQ,A3LF53L0WE6CWM,tail,5,536,"0,14295,4232,30707,1207,19121>536",2,2,1,0,,ineligible,5.787630558013916
A3LHIKZFE0OEQF:2:B004Z20WSE,A3LHIKZFE0OEQF,tail,0,2948,0>2948,30,9+,297,1,,control,-4.779003143310547
A3LHIKZFE0OEQF:2:B004Z20WSE,A3LHIKZFE0OEQF,tail,1,2774,"0,2948>2774",27,9+,6,3,0.008072972297668457,control,2.4724197387695312
A3LHIKZFE0OEQF:2:B004Z20WSE,A3LHIKZFE0OEQF,tail,2,11064,"0,2948,2774>11064",6,5-8,1,0,,ineligible,3.8662796020507812
A3LIXTJBXQNFBB:2:B005VPRF16,A3LIXTJBXQNFBB,head,0,740,0>740,30,9+,1209,1,,control,-0.8709259033203125
A3LIXTJBXQNFBB:2:B005VPRF16,A3LIXTJBXQNFBB,head,1,90,"0,740>90",53,9+,189,1,,control,2.2975692749023438
A3LIXTJBXQNFBB:2:B005VPRF16,A3LIXTJBXQNFBB,head,2,4172,"0,740,90>4172",141,9+,5,1,,control,2.1282730102539062
A3LIXTJBXQNFBB:2:B005VPRF16,A3LIXTJBXQNFBB,head,4,27640,"0,740,90,4172,5907>27640",5,5-8,1,0,,ineligible,1.474752426147461
A3LJHDE2GC93F8:1:B00AW6YBBQ,A3LJHDE2GC93F8,tail,0,3127,0>3127,30,9+,700,1,,control,-3.7824058532714844
A3LJHDE2GC93F8:1:B00AW6YBBQ,A3LJHDE2GC93F8,tail,1,4223,"0,3127>4223",21,9+,49,2,0.007632195949554443,control,1.9597091674804688
A3LJHDE2GC93F8:1:B00AW6YBBQ,A3LJHDE2GC93F8,tail,2,19744,"0,3127,4223>19744",37,9+,4,1,,control,8.519702911376953
A3LJHDE2GC93F8:1:B00AW6YBBQ,A3LJHDE2GC93F8,tail,3,2480,"0,3127,4223,19744>2480",2,2,3,2,0.04681062698364258,control,24.077199935913086
A3LJHDE2GC93F8:1:B00AW6YBBQ,A3LJHDE2GC93F8,tail,5,357,"0,3127,4223,19744,2480,1088>357",3,3-4,1,0,,ineligible,4.308112144470215
A3LKLGZZ8OWR51:6:B007U7LZOG,A3LKLGZZ8OWR51,head,0,14527,0>14527,30,9+,388,1,,control,0.14499664306640625
A3LKLGZZ8OWR51:6:B007U7LZOG,A3LKLGZZ8OWR51,head,1,7860,"0,14527>7860",19,9+,24,1,,control,1.3879966735839844
A3LKLGZZ8OWR51:6:B007U7LZOG,A3LKLGZZ8OWR51,head,2,936,"0,14527,7860>936",15,9+,1,0,,ineligible,11.204790115356445
A3LM3ARJMBPBNZ:3:B007RDFO1I,A3LM3ARJMBPBNZ,tail,0,2100,0>2100,30,9+,1270,1,,control,0.6461372375488281
A3LM3ARJMBPBNZ:3:B007RDFO1I,A3LM3ARJMBPBNZ,tail,1,1073,"0,2100>1073",31,9+,199,1,,control,1.9101371765136719
A3LM3ARJMBPBNZ:3:B007RDFO1I,A3LM3ARJMBPBNZ,tail,2,13272,"0,2100,1073>13272",31,9+,5,1,,control,-0.4957695007324219
A3LM3ARJMBPBNZ:3:B007RDFO1I,A3LM3ARJMBPBNZ,tail,3,11202,"0,2100,1073,13272>11202",5,5-8,1,0,,ineligible,2.8916852474212646
A3LN4AOPBIUQWR:51:B00BFRNQOY,A3LN4AOPBIUQWR,head,0,2100,0>2100,30,9+,1270,1,,control,0.035907745361328125
A3LN4AOPBIUQWR:51:B00BFRNQOY,A3LN4AOPBIUQWR,head,1,2056,"0,2100>2056",31,9+,66,2,0.0024385452270507812,control,3.7586936950683594
A3LN4AOPBIUQWR:51:B00BFRNQOY,A3LN4AOPBIUQWR,head,2,5016,"0,2100,2056>5016",25,9+,3,1,,control,3.589122772216797
A3LN4AOPBIUQWR:51:B00BFRNQOY,A3LN4AOPBIUQWR,head,3,17622,"0,2100,2056,5016>17622",3,3-4,1,0,,ineligible,16.172382354736328
A3LVDB70Z5ZNP:1:B002YHPC1O,A3LVDB70Z5ZNP,tail,0,3127,0>3127,30,9+,700,1,,control,-3.0264968872070312
A3LVDB70Z5ZNP:1:B002YHPC1O,A3LVDB70Z5ZNP,tail,1,4595,"0,3127>4595",21,9+,26,1,,control,-1.0517768859863281
A3LVDB70Z5ZNP:1:B002YHPC1O,A3LVDB70Z5ZNP,tail,2,18861,"0,3127,4595>18861",20,9+,1,0,,ineligible,0.3032360076904297
A3LXTPCFIEMPNX:1:B00198Q254,A3LXTPCFIEMPNX,tail,0,2100,0>2100,30,9+,1270,1,,control,0.4752998352050781
A3LXTPCFIEMPNX:1:B00198Q254,A3LXTPCFIEMPNX,tail,1,1073,"0,2100>1073",31,9+,199,1,,control,-0.25273895263671875
A3LXTPCFIEMPNX:1:B00198Q254,A3LXTPCFIEMPNX,tail,2,12430,"0,2100,1073>12430",31,9+,3,1,,control,4.260169982910156
A3LXTPCFIEMPNX:1:B00198Q254,A3LXTPCFIEMPNX,tail,3,19920,"0,2100,1073,12430>19920",3,3-4,1,0,,ineligible,3.9400711059570312
A3LY8RB1BVJ7QA:1:B00160HTUW,A3LY8RB1BVJ7QA,tail,0,14295,0>14295,30,9+,759,1,,control,-1.6186637878417969
A3LY8RB1BVJ7QA:1:B00160HTUW,A3LY8RB1BVJ7QA,tail,1,7267,"0,14295>7267",44,9+,23,1,,control,-2.0850791931152344
A3LY8RB1BVJ7QA:1:B00160HTUW,A3LY8RB1BVJ7QA,tail,2,4088,"0,14295,7267>4088",21,9+,1,0,,ineligible,-1.4985980987548828
A3LZ0E3MHF4YX0:3:B0028AED26,A3LZ0E3MHF4YX0,tail,0,4183,0>4183,30,9+,157,1,,control,-1.7538948059082031
A3LZ0E3MHF4YX0:3:B0028AED26,A3LZ0E3MHF4YX0,tail,1,10638,"0,4183>10638",22,9+,5,1,,control,-2.314298629760742
A3LZ0E3MHF4YX0:3:B0028AED26,A3LZ0E3MHF4YX0,tail,2,2363,"0,4183,10638>2363",4,3-4,1,0,,ineligible,2.927431106567383
A3M1828J960UUM:2:B002C3R5XI,A3M1828J960UUM,head,0,14351,0>14351,30,9+,196,1,,control,1.9455413818359375
A3M1828J960UUM:2:B002C3R5XI,A3M1828J960UUM,head,1,22950,"0,14351>22950",25,9+,2,0,,ineligible,1.3125953674316406
A3M1828J960UUM:2:B002C3R5XI,A3M1828J960UUM,head,2,18094,"0,14351,22950>18094",2,2,1,0,,ineligible,8.55420207977295
A3M2O06MCHJG18:13:B007UE75PW,A3M2O06MCHJG18,head,0,3203,0>3203,30,9+,353,1,,control,-1.0237388610839844
A3M2O06MCHJG18:13:B007UE75PW,A3M2O06MCHJG18,head,1,4322,"0,3203>4322",28,9+,42,1,,control,2.180500030517578
A3M2O06MCHJG18:13:B007UE75PW,A3M2O06MCHJG18,head,2,13693,"0,3203,4322>13693",39,9+,1,0,,ineligible,2.2001209259033203
A3M2UY0JX11P4A:2:B001TK3LTW,A3M2UY0JX11P4A,head,0,19903,0>19903,30,9+,192,1,,control,2.1172142028808594
A3M2UY0JX11P4A:2:B001TK3LTW,A3M2UY0JX11P4A,head,1,9733,"0,19903>9733",23,9+,15,1,,control,0.4707221984863281
A3M2UY0JX11P4A:2:B001TK3LTW,A3M2UY0JX11P4A,head,2,3427,"0,19903,9733>3427",11,9+,5,1,,control,2.7516069412231445
A3M2UY0JX11P4A:2:B001TK3LTW,A3M2UY0JX11P4A,head,3,3667,"0,19903,9733,3427>3667",5,5-8,1,0,,ineligible,2.0515503883361816
A3M3MC7577AHRW:4:B00000ISC5,A3M3MC7577AHRW,head,0,2100,0>2100,30,9+,1270,1,,control,-0.6524391174316406
A3M3MC7577AHRW:4:B00000ISC5,A3M3MC7577AHRW,head,1,28373,"0,2100>28373",31,9+,43,1,,control,-1.487640380859375
A3M3MC7577AHRW:4:B00000ISC5,A3M3MC7577AHRW,head,2,27026,"0,2100,28373>27026",29,9+,2,0,,ineligible,1.5507564544677734
A3M3MC7577AHRW:4:B00000ISC5,A3M3MC7577AHRW,head,3,7743,"0,2100,28373,27026>7743",2,2,1,0,,ineligible,5.37312126159668
A3M497WMNO4YJ:1:B00028SAU2,A3M497WMNO4YJ,head,0,4183,0>4183,30,9+,157,1,,control,-1.7850418090820312
A3M497WMNO4YJ:1:B00028SAU2,A3M497WMNO4YJ,head,1,5253,"0,4183>5253",22,9+,20,1,,control,-1.6746292114257812
A3M497WMNO4YJ:1:B00028SAU2,A3M497WMNO4YJ,head,2,3853,"0,4183,5253>3853",18,9+,1,0,,ineligible,-0.13289546966552734
A3M55VFB68DJMN:6:B00CANI9VM,A3M55VFB68DJMN,head,0,26190,0>26190,30,9+,112,1,,control,-4.0212554931640625
A3M55VFB68DJMN:6:B00CANI9VM,A3M55VFB68DJMN,head,1,23387,"0,26190>23387",29,9+,7,1,,control,1.27325439453125
A3M55VFB68DJMN:6:B00CANI9VM,A3M55VFB68DJMN,head,2,25494,"0,26190,23387>25494",5,5-8,2,0,,ineligible,2.898216724395752
A3M55VFB68DJMN:6:B00CANI9VM,A3M55VFB68DJMN,head,4,13744,"0,26190,23387,25494,2242>13744",2,2,1,0,,ineligible,3.73828125
A3M5XCJDFIV21A:2:B002YIRKKY,A3M5XCJDFIV21A,head,0,11109,0>11109,30,9+,320,1,,control,-2.8702468872070312
A3M5XCJDFIV21A:2:B002YIRKKY,A3M5XCJDFIV21A,head,1,8064,"0,11109>8064",27,9+,19,1,,control,-0.037078857421875
A3M5XCJDFIV21A:2:B002YIRKKY,A3M5XCJDFIV21A,head,2,8071,"0,11109,8064>8071",17,9+,1,0,,ineligible,1.7366361618041992
A3M7YXF4H84X5V:4:B0043KJW5M,A3M7YXF4H84X5V,head,0,467,0>467,30,9+,1159,1,,control,4.300079345703125
A3M7YXF4H84X5V:4:B0043KJW5M,A3M7YXF4H84X5V,head,1,1476,"0,467>1476",24,9+,556,1,,control,1.3884124755859375
A3M7YXF4H84X5V:4:B0043KJW5M,A3M7YXF4H84X5V,head,2,3337,"0,467,1476>3337",186,9+,4,1,,control,-1.7997627258300781
A3M7YXF4H84X5V:4:B0043KJW5M,A3M7YXF4H84X5V,head,3,11153,"0,467,1476,3337>11153",4,3-4,1,0,,ineligible,5.355709075927734
A3MEMX0XF00TBD:16:B00005RF5D,A3MEMX0XF00TBD,head,0,2341,0>2341,30,9+,490,1,,control,-1.7518386840820312
A3MEMX0XF00TBD:16:B00005RF5D,A3MEMX0XF00TBD,head,1,17582,"0,2341>17582",23,9+,12,1,,control,-1.387481689453125
A3MEMX0XF00TBD:16:B00005RF5D,A3MEMX0XF00TBD,head,2,21479,"0,2341,17582>21479",12,9+,1,0,,ineligible,0.28119850158691406
A3MFU0GVZUVH3K:13:B0083V1IWM,A3MFU0GVZUVH3K,head,0,3203,0>3203,30,9+,353,1,,control,-0.5127296447753906
A3MFU0GVZUVH3K:13:B0083V1IWM,A3MFU0GVZUVH3K,head,1,24856,"0,3203>24856",28,9+,13,2,0.0256195068359375,control,-1.0809059143066406
A3MFU0GVZUVH3K:13:B0083V1IWM,A3MFU0GVZUVH3K,head,2,6310,"0,3203,24856>6310",13,9+,1,0,,ineligible,5.924228668212891
A3MINCOO65ZNQN:2:B000YFSZU8,A3MINCOO65ZNQN,head,0,2100,0>2100,30,9+,1270,1,,control,-0.7487373352050781
A3MINCOO65ZNQN:2:B000YFSZU8,A3MINCOO65ZNQN,head,1,28373,"0,2100>28373",31,9+,43,1,,control,1.0999259948730469
A3MINCOO65ZNQN:2:B000YFSZU8,A3MINCOO65ZNQN,head,2,27480,"0,2100,28373>27480",29,9+,3,1,,control,1.4589481353759766
A3MINCOO65ZNQN:2:B000YFSZU8,A3MINCOO65ZNQN,head,3,12724,"0,2100,28373,27480>12724",3,3-4,1,0,,ineligible,1.5259523391723633
A3MRUIKOIGZ6QY:4:B00DPK11ZA,A3MRUIKOIGZ6QY,head,0,16352,0>16352,30,9+,180,1,,control,5.4818115234375
A3MRUIKOIGZ6QY:4:B00DPK11ZA,A3MRUIKOIGZ6QY,head,1,4245,"0,16352>4245",25,9+,35,1,,control,-0.46700286865234375
A3MRUIKOIGZ6QY:4:B00DPK11ZA,A3MRUIKOIGZ6QY,head,2,17924,"0,16352,4245>17924",25,9+,1,0,,ineligible,-0.29892730712890625
A3MSGBIPM8E99N:1:B00007A1S5,A3MSGBIPM8E99N,head,0,2244,0>2244,30,9+,345,1,,control,-0.8910713195800781
A3MSGBIPM8E99N:1:B00007A1S5,A3MSGBIPM8E99N,head,1,3127,"0,2244>3127",29,9+,10,2,0.0044291019439697266,control,-3.239269256591797
A3MSGBIPM8E99N:1:B00007A1S5,A3MSGBIPM8E99N,head,2,6604,"0,2244,3127>6604",8,5-8,2,0,,ineligible,5.8265838623046875
A3MSGBIPM8E99N:1:B00007A1S5,A3MSGBIPM8E99N,head,3,2512,"0,2244,3127,6604>2512",2,2,1,0,,ineligible,1.4334449768066406
A3MW0HWAOCUW1R:4:B001IGM2QU,A3MW0HWAOCUW1R,tail,0,467,0>467,30,9+,1159,1,,control,1.3987617492675781
A3MW0HWAOCUW1R:4:B001IGM2QU,A3MW0HWAOCUW1R,tail,1,8150,"0,467>8150",24,9+,33,1,,control,1.2284393310546875
A3MW0HWAOCUW1R:4:B001IGM2QU,A3MW0HWAOCUW1R,tail,2,31140,"0,467,8150>31140",29,9+,1,0,,ineligible,-0.8214550018310547
A3MW9L1WLPE2EI:5:B004C7QNMG,A3MW9L1WLPE2EI,head,0,2341,0>2341,30,9+,490,1,,control,-1.42431640625
A3MW9L1WLPE2EI:5:B004C7QNMG,A3MW9L1WLPE2EI,head,1,159,"0,2341>159",23,9+,39,1,,control,-1.0466766357421875
A3MW9L1WLPE2EI:5:B004C7QNMG,A3MW9L1WLPE2EI,head,2,29375,"0,2341,159>29375",32,9+,1,0,,ineligible,4.636186599731445
A3N041QAKY7BVW:1:B0006H4AXU,A3N041QAKY7BVW,head,0,740,0>740,30,9+,1209,1,,control,-0.3663787841796875
A3N041QAKY7BVW:1:B0006H4AXU,A3N041QAKY7BVW,head,1,515,"0,740>515",53,9+,18,2,0.00570368766784668,control,-0.767669677734375
A3N041QAKY7BVW:1:B0006H4AXU,A3N041QAKY7BVW,head,2,14075,"0,740,515>14075",11,9+,1,0,,ineligible,-0.16199874877929688
A3N55VBQG33TWV:3:B000ELORS6,A3N55VBQG33TWV,tail,0,467,0>467,30,9+,1159,1,,control,1.5057411193847656
A3N55VBQG33TWV:3:B000ELORS6,A3N55VBQG33TWV,tail,1,895,"0,467>895",24,9+,195,1,,control,0.4010353088378906
A3N55VBQG33TWV:3:B000ELORS6,A3N55VBQG33TWV,tail,2,2190,"0,467,895>2190",74,9+,51,1,,control,3.010129928588867
A3N55VBQG33TWV:3:B000ELORS6,A3N55VBQG33TWV,tail,3,17183,"0,467,895,2190>17183",49,9+,1,0,,ineligible,-1.7385272979736328
A3N5Z9AKY4QR3V:1:B000THH76Y,A3N5Z9AKY4QR3V,tail,0,2100,0>2100,30,9+,1270,1,,control,-0.10240936279296875
A3N5Z9AKY4QR3V:1:B000THH76Y,A3N5Z9AKY4QR3V,tail,1,1088,"0,2100>1088",31,9+,214,5,0.0044814348220825195,control,0.4466705322265625
A3N5Z9AKY4QR3V:1:B000THH76Y,A3N5Z9AKY4QR3V,tail,2,5189,"0,2100,1088>5189",28,9+,21,1,,control,0.12029457092285156
A3N5Z9AKY4QR3V:1:B000THH76Y,A3N5Z9AKY4QR3V,tail,3,1766,"0,2100,1088,5189>1766",21,9+,1,0,,ineligible,-3.1492538452148438
A3N9DRV2RSEU6Y:5:B007Q0OUP8,A3N9DRV2RSEU6Y,tail,0,740,0>740,30,9+,1209,1,,control,1.9180641174316406
A3N9DRV2RSEU6Y:5:B007Q0OUP8,A3N9DRV2RSEU6Y,tail,1,2360,"0,740>2360",53,9+,11,1,,control,-3.1695175170898438
A3N9DRV2RSEU6Y:5:B007Q0OUP8,A3N9DRV2RSEU6Y,tail,2,8030,"0,740,2360>8030",10,9+,1,0,,ineligible,1.6212291717529297
A3NCB51ODGDZ3:10:B007SYH2GQ,A3NCB51ODGDZ3,head,0,2341,0>2341,30,9+,490,1,,control,-0.3620033264160156
A3NCB51ODGDZ3:10:B007SYH2GQ,A3NCB51ODGDZ3,head,1,9062,"0,2341>9062",23,9+,123,1,,control,1.7848548889160156
A3NCB51ODGDZ3:10:B007SYH2GQ,A3NCB51ODGDZ3,head,2,3693,"0,2341,9062>3693",71,9+,2,0,,ineligible,-1.3993263244628906
A3NCB51ODGDZ3:10:B007SYH2GQ,A3NCB51ODGDZ3,head,3,1501,"0,2341,9062,3693>1501",2,2,1,0,,ineligible,-0.5341167449951172
A3NDUBKYPI47N2:10:B007RYE2V0,A3NDUBKYPI47N2,head,0,740,0>740,30,9+,1209,1,,control,-1.542205810546875
A3NDUBKYPI47N2:10:B007RYE2V0,A3NDUBKYPI47N2,head,1,994,"0,740>994",53,9+,21,1,,control,-2.05999755859375
A3NDUBKYPI47N2:10:B007RYE2V0,A3NDUBKYPI47N2,head,2,12283,"0,740,994>12283",19,9+,1,0,,ineligible,3.0860204696655273
A3NEDMP0PXLY3:11:B009VE38D2,A3NEDMP0PXLY3,tail,0,5364,0>5364,30,9+,319,1,,control,-1.3186569213867188
A3NEDMP0PXLY3:11:B009VE38D2,A3NEDMP0PXLY3,tail,1,16407,"0,5364>16407",25,9+,3,1,,control,-0.8103141784667969
A3NEDMP0PXLY3:11:B009VE38D2,A3NEDMP0PXLY3,tail,2,2388,"0,5364,16407>2388",2,2,2,0,,ineligible,7.0082855224609375
A3NEDMP0PXLY3:11:B009VE38D2,A3NEDMP0PXLY3,tail,5,632,"0,5364,16407,2388,26797,19201>632",2,2,1,0,,ineligible,-0.8460016250610352
A3NHUQ33CFH3VM:56:B00CRZXV16,A3NHUQ33CFH3VM,head,0,14527,0>14527,30,9+,388,1,,control,-0.8832015991210938
A3NHUQ33CFH3VM:56:B00CRZXV16,A3NHUQ33CFH3VM,head,1,1431,"0,14527>1431",19,9+,9,1,,control,0.7487983703613281
A3NHUQ33CFH3VM:56:B00CRZXV16,A3NHUQ33CFH3VM,head,2,913,"0,14527,1431>913",9,9+,1,0,,ineligible,6.576756477355957
A3NOBH42C7UI5M:2:B000EGELPU,A3NOBH42C7UI5M,tail,0,1871,0>1871,30,9+,482,1,,control,0.5195045471191406
A3NOBH42C7UI5M:2:B000EGELPU,A3NOBH42C7UI5M,tail,1,7868,"0,1871>7868",29,9+,10,2,0.005358219146728516,control,-0.3940162658691406
A3NOBH42C7UI5M:2:B000EGELPU,A3NOBH42C7UI5M,tail,2,1530,"0,1871,7868>1530",10,9+,1,0,,ineligible,3.8421669006347656
A3NVSGJNREHJQJ:2:B00005BMJ2,A3NVSGJNREHJQJ,tail,0,3203,0>3203,30,9+,353,1,,control,-1.7418975830078125
A3NVSGJNREHJQJ:2:B00005BMJ2,A3NVSGJNREHJQJ,tail,1,2601,"0,3203>2601",28,9+,12,2,0.0068819522857666016,control,-0.259521484375
A3NVSGJNREHJQJ:2:B00005BMJ2,A3NVSGJNREHJQJ,tail,2,67,"0,3203,2601>67",11,9+,1,0,,ineligible,-0.37332725524902344
A3NVYAJRGM3FB0:2:B0030F67N6,A3NVYAJRGM3FB0,head,0,740,0>740,30,9+,1209,1,,control,-0.36618804931640625
A3NVYAJRGM3FB0:2:B0030F67N6,A3NVYAJRGM3FB0,head,1,6438,"0,740>6438",53,9+,50,2,0.0027341842651367188,control,-0.3383331298828125
A3NVYAJRGM3FB0:2:B0030F67N6,A3NVYAJRGM3FB0,head,2,20103,"0,740,6438>20103",42,9+,1,0,,ineligible,2.372988700866699
A3O2A2SVT49541:2:B000F9IZFS,A3O2A2SVT49541,tail,0,2341,0>2341,30,9+,490,1,,control,0.9873275756835938
A3O2A2SVT49541:2:B000F9IZFS,A3O2A2SVT49541,tail,1,9062,"0,2341>9062",23,9+,123,1,,control,1.5408172607421875
A3O2A2SVT49541:2:B000F9IZFS,A3O2A2SVT49541,tail,2,6963,"0,2341,9062>6963",71,9+,1,0,,ineligible,-5.446380615234375
A3OJE8ZDF1L61G:2:B001SN89EW,A3OJE8ZDF1L61G,tail,0,25636,0>25636,30,9+,259,1,,control,-1.3022117614746094
A3OJE8ZDF1L61G:2:B001SN89EW,A3OJE8ZDF1L61G,tail,1,2100,"0,25636>2100",27,9+,11,1,,control,-0.9657573699951172
A3OJE8ZDF1L61G:2:B001SN89EW,A3OJE8ZDF1L61G,tail,2,9600,"0,25636,2100>9600",7,5-8,1,0,,ineligible,-2.090087890625
A3OXHLG6DIBRW8:38:B000HX1NBA,A3OXHLG6DIBRW8,head,0,467,0>467,30,9+,1159,1,,control,3.6044387817382812
A3OXHLG6DIBRW8:38:B000HX1NBA,A3OXHLG6DIBRW8,head,1,20480,"0,467>20480",24,9+,16,1,,control,8.709623336791992
A3OXHLG6DIBRW8:38:B000HX1NBA,A3OXHLG6DIBRW8,head,2,6754,"0,467,20480>6754",14,9+,1,0,,ineligible,-0.8760280609130859
A3P3UZR4QFUK22:2:B00008X35U,A3P3UZR4QFUK22,tail,0,1871,0>1871,30,9+,482,1,,control,-0.6764488220214844
A3P3UZR4QFUK22:2:B00008X35U,A3P3UZR4QFUK22,tail,1,14527,"0,1871>14527",29,9+,13,1,,control,-0.5175056457519531
A3P3UZR4QFUK22:2:B00008X35U,A3P3UZR4QFUK22,tail,2,11761,"0,1871,14527>11761",12,9+,1,0,,ineligible,0.4819345474243164
A3PAO5AC7UUGSE:11:B000ELSZT8,A3PAO5AC7UUGSE,tail,0,467,0>467,30,9+,1159,1,,control,3.6089019775390625
A3PAO5AC7UUGSE:11:B000ELSZT8,A3PAO5AC7UUGSE,tail,1,895,"0,467>895",24,9+,195,1,,control,-1.809844970703125
A3PAO5AC7UUGSE:11:B000ELSZT8,A3PAO5AC7UUGSE,tail,2,2190,"0,467,895>2190",74,9+,51,1,,control,0.9052543640136719
A3PAO5AC7UUGSE:11:B000ELSZT8,A3PAO5AC7UUGSE,tail,3,187,"0,467,895,2190>187",49,9+,2,0,,ineligible,-2.561136245727539
A3PAO5AC7UUGSE:11:B000ELSZT8,A3PAO5AC7UUGSE,tail,4,21588,"0,467,895,2190,187>21588",2,2,1,0,,ineligible,8.355334281921387
A3PE884TA8529G:1:B003UV9MGO,A3PE884TA8529G,tail,0,1871,0>1871,30,9+,482,1,,control,0.2615547180175781
A3PE884TA8529G:1:B003UV9MGO,A3PE884TA8529G,tail,1,13817,"0,1871>13817",29,9+,20,2,0.005737960338592529,control,-0.0718536376953125
A3PE884TA8529G:1:B003UV9MGO,A3PE884TA8529G,tail,2,1667,"0,1871,13817>1667",16,9+,1,0,,ineligible,1.0076484680175781
A3PJZ8TU8FDQ1K:18:B00278Z7QK,A3PJZ8TU8FDQ1K,tail,0,2100,0>2100,30,9+,1270,1,,control,-0.21006011962890625
A3PJZ8TU8FDQ1K:18:B00278Z7QK,A3PJZ8TU8FDQ1K,tail,1,28793,"0,2100>28793",31,9+,20,2,0.004770994186401367,control,-5.382411956787109
A3PJZ8TU8FDQ1K:18:B00278Z7QK,A3PJZ8TU8FDQ1K,tail,2,15431,"0,2100,28793>15431",19,9+,1,0,,ineligible,0.2543153762817383
A3PU93JWUZBKT7:2:B002BTZUBM,A3PU93JWUZBKT7,tail,0,387,0>387,30,9+,234,1,,control,-1.9346160888671875
A3PU93JWUZBKT7:2:B002BTZUBM,A3PU93JWUZBKT7,tail,1,2608,"0,387>2608",24,9+,23,1,,control,-1.4290122985839844
A3PU93JWUZBKT7:2:B002BTZUBM,A3PU93JWUZBKT7,tail,2,6417,"0,387,2608>6417",16,9+,1,0,,ineligible,-3.058990478515625
A3PYZ493962DGP:2:B000V7DSTC,A3PYZ493962DGP,tail,0,21677,0>21677,30,9+,202,1,,control,-1.9654579162597656
A3PYZ493962DGP:2:B000V7DSTC,A3PYZ493962DGP,tail,1,2002,"0,21677>2002",25,9+,4,1,,control,-2.8122634887695312
A3PYZ493962DGP:2:B000V7DSTC,A3PYZ493962DGP,tail,2,141,"0,21677,2002>141",3,3-4,1,0,,ineligible,0.5316734313964844
A3Q1J68QY1MZQ9:1:B0015KVAEE,A3Q1J68QY1MZQ9,head,0,467,0>467,30,9+,1159,1,,control,1.68304443359375
A3Q1J68QY1MZQ9:1:B0015KVAEE,A3Q1J68QY1MZQ9,head,1,895,"0,467>895",24,9+,195,1,,control,-0.9036827087402344
A3Q1J68QY1MZQ9:1:B0015KVAEE,A3Q1J68QY1MZQ9,head,2,6103,"0,467,895>6103",74,9+,1,0,,ineligible,-0.5666694641113281
A3Q4Q42A2OSK26:1:B0006IRTU0,A3Q4Q42A2OSK26,head,0,2341,0>2341,30,9+,490,1,,control,0.14852523803710938
A3Q4Q42A2OSK26:1:B0006IRTU0,A3Q4Q42A2OSK26,head,1,1843,"0,2341>1843",23,9+,21,1,,control,-0.8928108215332031
A3Q4Q42A2OSK26:1:B0006IRTU0,A3Q4Q42A2OSK26,head,2,9013,"0,2341,1843>9013",15,9+,3,2,0.014438271522521973,control,-0.8838233947753906
A3Q4Q42A2OSK26:1:B0006IRTU0,A3Q4Q42A2OSK26,head,3,27910,"0,2341,1843,9013>27910",3,3-4,1,0,,ineligible,3.198394775390625
A3Q8KSS9Z5FRQ2:1:B000ZDME7Y,A3Q8KSS9Z5FRQ2,tail,0,11109,0>11109,30,9+,320,1,,control,-1.1696319580078125
A3Q8KSS9Z5FRQ2:1:B000ZDME7Y,A3Q8KSS9Z5FRQ2,tail,1,18459,"0,11109>18459",27,9+,8,2,0.008205294609069824,control,-1.1724853515625
A3Q8KSS9Z5FRQ2:1:B000ZDME7Y,A3Q8KSS9Z5FRQ2,tail,2,8630,"0,11109,18459>8630",7,5-8,1,0,,ineligible,2.2000179290771484
A3QJS29DOEYA2X:5:B0019O198I,A3QJS29DOEYA2X,tail,0,467,0>467,30,9+,1159,1,,control,4.3894500732421875
A3QJS29DOEYA2X:5:B0019O198I,A3QJS29DOEYA2X,tail,1,1476,"0,467>1476",24,9+,556,1,,control,1.4954833984375
A3QJS29DOEYA2X:5:B0019O198I,A3QJS29DOEYA2X,tail,2,17231,"0,467,1476>17231",186,9+,1,0,,ineligible,-5.143455505371094
A3QR2ROG6UTMVM:1:B002RTIOFA,A3QR2ROG6UTMVM,tail,0,467,0>467,30,9+,1159,1,,control,3.3017501831054688
A3QR2ROG6UTMVM:1:B002RTIOFA,A3QR2ROG6UTMVM,tail,1,1476,"0,467>1476",24,9+,556,1,,control,0.5125732421875
A3QR2ROG6UTMVM:1:B002RTIOFA,A3QR2ROG6UTMVM,tail,2,1227,"0,467,1476>1227",186,9+,1,0,,ineligible,-6.51483154296875
A3QR47P2MI6YDG:3:B005DX7TFI,A3QR47P2MI6YDG,tail,0,1871,0>1871,30,9+,482,1,,control,1.9839324951171875
A3QR47P2MI6YDG:3:B005DX7TFI,A3QR47P2MI6YDG,tail,1,8143,"0,1871>8143",29,9+,9,1,,control,-2.829265594482422
A3QR47P2MI6YDG:3:B005DX7TFI,A3QR47P2MI6YDG,tail,2,13348,"0,1871,8143>13348",7,5-8,3,1,,control,1.7829647064208984
A3QR47P2MI6YDG:3:B005DX7TFI,A3QR47P2MI6YDG,tail,3,6108,"0,1871,8143,13348>6108",3,3-4,1,0,,ineligible,3.918243408203125
A3QRCQ87OSJAUH:10:B00407L0KS,A3QRCQ87OSJAUH,tail,0,3186,0>3186,30,9+,268,1,,control,-3.2318878173828125
A3QRCQ87OSJAUH:10:B00407L0KS,A3QRCQ87OSJAUH,tail,1,2551,"0,3186>2551",21,9+,3,1,,control,-1.2274818420410156
A3QRCQ87OSJAUH:10:B00407L0KS,A3QRCQ87OSJAUH,tail,2,12906,"0,3186,2551>12906",3,3-4,1,0,,ineligible,2.1071066856384277
A3R1I7PBYSH5WD:1:B00AZZFT6A,A3R1I7PBYSH5WD,tail,0,467,0>467,30,9+,1159,1,,control,-0.3859405517578125
A3R1I7PBYSH5WD:1:B00AZZFT6A,A3R1I7PBYSH5WD,tail,1,1476,"0,467>1476",24,9+,556,1,,control,1.9118804931640625
A3R1I7PBYSH5WD:1:B00AZZFT6A,A3R1I7PBYSH5WD,tail,2,2577,"0,467,1476>2577",186,9+,47,1,,control,2.931682586669922
A3R1I7PBYSH5WD:1:B00AZZFT6A,A3R1I7PBYSH5WD,tail,3,8032,"0,467,1476,2577>8032",32,9+,9,1,,control,1.5111141204833984
A3R1I7PBYSH5WD:1:B00AZZFT6A,A3R1I7PBYSH5WD,tail,4,15442,"0,467,1476,2577,8032>15442",9,9+,1,0,,ineligible,1.3462510108947754
A3R49A88QSHTRS:2:B00CS1WD9A,A3R49A88QSHTRS,head,0,14527,0>14527,30,9+,388,1,,control,1.9029159545898438
A3R49A88QSHTRS:2:B00CS1WD9A,A3R49A88QSHTRS,head,1,5612,"0,14527>5612",19,9+,51,1,,control,1.0153961181640625
A3R49A88QSHTRS:2:B00CS1WD9A,A3R49A88QSHTRS,head,2,7022,"0,14527,5612>7022",35,9+,7,2,0.012134432792663574,control,3.1238574981689453
A3R49A88QSHTRS:2:B00CS1WD9A,A3R49A88QSHTRS,head,3,1002,"0,14527,5612,7022>1002",7,5-8,1,0,,ineligible,-4.0002593994140625
A3R5GTYQ50QVMD:16:B00ARWCFFO,A3R5GTYQ50QVMD,head,0,2100,0>2100,30,9+,1270,1,,control,-1.1550521850585938
A3R5GTYQ50QVMD:16:B00ARWCFFO,A3R5GTYQ50QVMD,head,1,1088,"0,2100>1088",31,9+,214,5,0.0044814348220825195,control,-1.5276832580566406
A3R5GTYQ50QVMD:16:B00ARWCFFO,A3R5GTYQ50QVMD,head,2,4340,"0,2100,1088>4340",28,9+,15,1,,control,7.070401191711426
A3R5GTYQ50QVMD:16:B00ARWCFFO,A3R5GTYQ50QVMD,head,3,4189,"0,2100,1088,4340>4189",10,9+,1,0,,ineligible,18.095256805419922
A3R9X003XW0LNR:18:B00C74HRSA,A3R9X003XW0LNR,head,0,3186,0>3186,30,9+,268,1,,control,-1.7389602661132812
A3R9X003XW0LNR:18:B00C74HRSA,A3R9X003XW0LNR,head,1,13243,"0,3186>13243",21,9+,18,2,0.008245348930358887,control,0.3246650695800781
A3R9X003XW0LNR:18:B00C74HRSA,A3R9X003XW0LNR,head,2,19270,"0,3186,13243>19270",17,9+,2,0,,ineligible,-1.8847293853759766
A3R9X003XW0LNR:18:B00C74HRSA,A3R9X003XW0LNR,head,5,536,"0,3186,13243,19270,2748,2774>536",2,2,1,0,,ineligible,0.23537635803222656
A3RIOHLQHR44R6:3:B004TXZXU6,A3RIOHLQHR44R6,tail,0,3127,0>3127,30,9+,700,1,,control,-0.7266120910644531
A3RIOHLQHR44R6:3:B004TXZXU6,A3RIOHLQHR44R6,tail,1,303,"0,3127>303",21,9+,161,1,,control,0.5026473999023438
A3RIOHLQHR44R6:3:B004TXZXU6,A3RIOHLQHR44R6,tail,2,7852,"0,3127,303>7852",100,9+,2,0,,ineligible,-1.0860748291015625
A3RIOHLQHR44R6:3:B004TXZXU6,A3RIOHLQHR44R6,tail,5,632,"0,3127,303,7852,13844,9161>632",2,2,1,0,,ineligible,1.4955177307128906
A3RIPKCNAU8Q9I:1:B00008MIGQ,A3RIPKCNAU8Q9I,head,0,1871,0>1871,30,9+,482,1,,control,0.41793060302734375
A3RIPKCNAU8Q9I:1:B00008MIGQ,A3RIPKCNAU8Q9I,head,1,358,"0,1871>358",29,9+,14,1,,control,-2.4626693725585938
A3RIPKCNAU8Q9I:1:B00008MIGQ,A3RIPKCNAU8Q9I,head,2,22699,"0,1871,358>22699",14,9+,1,0,,ineligible,4.489962577819824
A3RTNA9THAU2OP:5:B006OA8UIY,A3RTNA9THAU2OP,tail,0,3203,0>3203,30,9+,353,1,,control,-1.8048629760742188
A3RTNA9THAU2OP:5:B006OA8UIY,A3RTNA9THAU2OP,tail,1,12032,"0,3203>12032",28,9+,12,1,,control,1.509246826171875
A3RTNA9THAU2OP:5:B006OA8UIY,A3RTNA9THAU2OP,tail,2,9738,"0,3203,12032>9738",11,9+,1,0,,ineligible,1.7627668380737305
A3RXI6DI5HCOBN:2:B00000JIVS,A3RXI6DI5HCOBN,head,0,740,0>740,30,9+,1209,1,,control,-0.2825431823730469
A3RXI6DI5HCOBN:2:B00000JIVS,A3RXI6DI5HCOBN,head,1,90,"0,740>90",53,9+,189,1,,control,1.1187858581542969
A3RXI6DI5HCOBN:2:B00000JIVS,A3RXI6DI5HCOBN,head,2,3829,"0,740,90>3829",141,9+,2,0,,ineligible,1.1373863220214844
A3RXI6DI5HCOBN:2:B00000JIVS,A3RXI6DI5HCOBN,head,3,16537,"0,740,90,3829>16537",2,2,1,0,,ineligible,1.7688751220703125
A3S2BZNL03NVMK:1:B0014J183Y,A3S2BZNL03NVMK,tail,0,17582,0>17582,30,9+,408,1,,control,-1.39630126953125
A3S2BZNL03NVMK:1:B0014J183Y,A3S2BZNL03NVMK,tail,1,1464,"0,17582>1464",24,9+,25,1,,control,1.2656669616699219
A3S2BZNL03NVMK:1:B0014J183Y,A3S2BZNL03NVMK,tail,2,9722,"0,17582,1464>9722",14,9+,3,1,,control,-2.7950973510742188
A3S2BZNL03NVMK:1:B0014J183Y,A3S2BZNL03NVMK,tail,3,13561,"0,17582,1464,9722>13561",3,3-4,1,0,,ineligible,4.331428527832031
A3S2QS1E8KB9TJ:5:B0007YDEG6,A3S2QS1E8KB9TJ,tail,0,2412,0>2412,30,9+,354,1,,control,-1.3849105834960938
A3S2QS1E8KB9TJ:5:B0007YDEG6,A3S2QS1E8KB9TJ,tail,1,9502,"0,2412>9502",20,9+,8,1,,control,0.15420150756835938
A3S2QS1E8KB9TJ:5:B0007YDEG6,A3S2QS1E8KB9TJ,tail,2,11075,"0,2412,9502>11075",7,5-8,1,0,,ineligible,1.8509960174560547
A3S4U2HQRFURC8:1:B0038JCUB2,A3S4U2HQRFURC8,tail,0,1041,0>1041,30,9+,628,1,,control,-4.47015380859375
A3S4U2HQRFURC8:1:B0038JCUB2,A3S4U2HQRFURC8,tail,1,3575,"0,1041>3575",27,9+,20,1,,control,-3.251209259033203
A3S4U2HQRFURC8:1:B0038JCUB2,A3S4U2HQRFURC8,tail,2,4667,"0,1041,3575>4667",17,9+,2,0,,ineligible,3.069746971130371
A3S4U2HQRFURC8:1:B0038JCUB2,A3S4U2HQRFURC8,tail,3,6955,"0,1041,3575,4667>6955",2,2,1,0,,ineligible,11.999263763427734
A3S801EXW1YK1:3:B007Q0OJ04,A3S801EXW1YK1,tail,0,740,0>740,30,9+,1209,1,,control,3.74505615234375
A3S801EXW1YK1:3:B007Q0OJ04,A3S801EXW1YK1,tail,1,90,"0,740>90",53,9+,189,1,,control,0.3692893981933594
A3S801EXW1YK1:3:B007Q0OJ04,A3S801EXW1YK1,tail,2,2157,"0,740,90>2157",141,9+,1,0,,ineligible,5.119779586791992
A3SAP1GZDBKENR:6:B00CMHWSN6,A3SAP1GZDBKENR,tail,0,740,0>740,30,9+,1209,1,,control,4.937675476074219
A3SAP1GZDBKENR:6:B00CMHWSN6,A3SAP1GZDBKENR,tail,1,9931,"0,740>9931",53,9+,49,1,,control,0.9779815673828125
A3SAP1GZDBKENR:6:B00CMHWSN6,A3SAP1GZDBKENR,tail,2,5700,"0,740,9931>5700",44,9+,1,0,,ineligible,4.339138031005859
A3SEALB7H8M89B:4:B001W2WKS0,A3SEALB7H8M89B,head,0,14527,0>14527,30,9+,388,1,,control,-3.0929908752441406
A3SEALB7H8M89B:4:B001W2WKS0,A3SEALB7H8M89B,head,1,1431,"0,14527>1431",19,9+,9,1,,control,-2.0922012329101562
A3SEALB7H8M89B:4:B001W2WKS0,A3SEALB7H8M89B,head,2,2685,"0,14527,1431>2685",9,9+,1,0,,ineligible,1.527125358581543
A3SGGDXCGUJXRR:1:B001613Q8A,A3SGGDXCGUJXRR,head,0,2341,0>2341,30,9+,490,1,,control,-1.7528190612792969
A3SGGDXCGUJXRR:1:B001613Q8A,A3SGGDXCGUJXRR,head,1,542,"0,2341>542",23,9+,18,2,0.005389988422393799,control,0.6666374206542969
A3SGGDXCGUJXRR:1:B001613Q8A,A3SGGDXCGUJXRR,head,2,6533,"0,2341,542>6533",18,9+,1,0,,ineligible,-1.0798377990722656
A3SO8BO5N5A3BV:7:B0088LQZOI,A3SO8BO5N5A3BV,head,0,14527,0>14527,30,9+,388,1,,control,-1.5806121826171875
A3SO8BO5N5A3BV:7:B0088LQZOI,A3SO8BO5N5A3BV,head,1,5612,"0,14527>5612",19,9+,51,1,,control,-0.921234130859375
A3SO8BO5N5A3BV:7:B0088LQZOI,A3SO8BO5N5A3BV,head,2,7568,"0,14527,5612>7568",35,9+,8,1,,control,-1.826242446899414
A3SO8BO5N5A3BV:7:B0088LQZOI,A3SO8BO5N5A3BV,head,3,1133,"0,14527,5612,7568>1133",4,3-4,4,1,,control,2.910982131958008
A3SO8BO5N5A3BV:7:B0088LQZOI,A3SO8BO5N5A3BV,head,4,7022,"0,14527,5612,7568,1133>7022",2,2,3,1,,control,4.132587432861328
A3SO8BO5N5A3BV:7:B0088LQZOI,A3SO8BO5N5A3BV,head,5,632,"0,14527,5612,7568,1133,7022>632",3,3-4,1,0,,ineligible,1.0677242279052734
A3SQQYS79AV13M:3:B0038OMF62,A3SQQYS79AV13M,tail,0,2100,0>2100,30,9+,1270,1,,control,-0.5261077880859375
A3SQQYS79AV13M:3:B0038OMF62,A3SQQYS79AV13M,tail,1,1073,"0,2100>1073",31,9+,199,1,,control,1.3658103942871094
A3SQQYS79AV13M:3:B0038OMF62,A3SQQYS79AV13M,tail,2,8376,"0,2100,1073>8376",31,9+,21,1,,control,3.6314468383789062
A3SQQYS79AV13M:3:B0038OMF62,A3SQQYS79AV13M,tail,3,2296,"0,2100,1073,8376>2296",21,9+,1,0,,ineligible,4.898408889770508
A3SVOVPRIL4WNP:1:B00DQADS3C,A3SVOVPRIL4WNP,tail,0,2412,0>2412,30,9+,354,1,,control,-1.7520637512207031
A3SVOVPRIL4WNP:1:B00DQADS3C,A3SVOVPRIL4WNP,tail,1,7429,"0,2412>7429",20,9+,19,1,,control,-1.907745361328125
A3SVOVPRIL4WNP:1:B00DQADS3C,A3SVOVPRIL4WNP,tail,2,4939,"0,2412,7429>4939",19,9+,1,0,,ineligible,-4.530662536621094
A3T2FHMUNYZB7T:2:B004MWJLFC,A3T2FHMUNYZB7T,head,0,14527,0>14527,30,9+,388,1,,control,-2.6871185302734375
A3T2FHMUNYZB7T:2:B004MWJLFC,A3T2FHMUNYZB7T,head,1,3822,"0,14527>3822",19,9+,55,1,,control,1.5228958129882812
A3T2FHMUNYZB7T:2:B004MWJLFC,A3T2FHMUNYZB7T,head,2,5630,"0,14527,3822>5630",49,9+,1,0,,ineligible,-1.4140548706054688
A3T4RR60X5EAN4:25:B002ZQG3I0,A3T4RR60X5EAN4,tail,0,740,0>740,30,9+,1209,1,,control,-1.7663497924804688
A3T4RR60X5EAN4:25:B002ZQG3I0,A3T4RR60X5EAN4,tail,1,4672,"0,740>4672",53,9+,20,4,0.00419078270594279,control,-0.49602508544921875
A3T4RR60X5EAN4:25:B002ZQG3I0,A3T4RR60X5EAN4,tail,2,25636,"0,740,4672>25636",17,9+,1,0,,ineligible,-1.961226463317871
A3T8WOFS5RD2IR:2:B007J3F99S,A3T8WOFS5RD2IR,head,0,2412,0>2412,30,9+,354,1,,control,-3.9896507263183594
A3T8WOFS5RD2IR:2:B007J3F99S,A3T8WOFS5RD2IR,head,1,7429,"0,2412>7429",20,9+,19,1,,control,1.1719245910644531
A3T8WOFS5RD2IR:2:B007J3F99S,A3T8WOFS5RD2IR,head,2,27181,"0,2412,7429>27181",19,9+,1,0,,ineligible,4.135672569274902
A3TKHAC2G7G0H1:10:B000U4CUHC,A3TKHAC2G7G0H1,head,0,2341,0>2341,30,9+,490,1,,control,-2.01025390625
A3TKHAC2G7G0H1:10:B000U4CUHC,A3TKHAC2G7G0H1,head,1,159,"0,2341>159",23,9+,39,1,,control,-0.48943328857421875
A3TKHAC2G7G0H1:10:B000U4CUHC,A3TKHAC2G7G0H1,head,2,15487,"0,2341,159>15487",32,9+,2,0,,ineligible,0.22607994079589844
A3TKHAC2G7G0H1:10:B000U4CUHC,A3TKHAC2G7G0H1,head,3,19478,"0,2341,159,15487>19478",2,2,1,0,,ineligible,1.615579605102539
A3TLSN5H284FLZ:3:B000IOK5I0,A3TLSN5H284FLZ,tail,0,740,0>740,30,9+,1209,1,,control,-1.4818077087402344
A3TLSN5H284FLZ:3:B000IOK5I0,A3TLSN5H284FLZ,tail,1,10224,"0,740>10224",53,9+,51,2,0.003073394298553467,control,-0.19346237182617188
A3TLSN5H284FLZ:3:B000IOK5I0,A3TLSN5H284FLZ,tail,2,16752,"0,740,10224>16752",44,9+,1,0,,ineligible,-4.687152862548828
A3TLW7OD23CYZI:1:B007HVG2DE,A3TLW7OD23CYZI,head,0,14295,0>14295,30,9+,759,1,,control,0.12035751342773438
A3TLW7OD23CYZI:1:B007HVG2DE,A3TLW7OD23CYZI,head,1,3533,"0,14295>3533",44,9+,4,1,,control,-4.661952972412109
A3TLW7OD23CYZI:1:B007HVG2DE,A3TLW7OD23CYZI,head,2,13482,"0,14295,3533>13482",4,3-4,1,0,,ineligible,5.84672212600708
A3TNM3C9ENUCFW:5:B00112CHCK,A3TNM3C9ENUCFW,head,0,467,0>467,30,9+,1159,1,,control,-0.036865234375
A3TNM3C9ENUCFW:5:B00112CHCK,A3TNM3C9ENUCFW,head,1,1476,"0,467>1476",24,9+,556,1,,control,2.2495784759521484
A3TNM3C9ENUCFW:5:B00112CHCK,A3TNM3C9ENUCFW,head,2,2577,"0,467,1476>2577",186,9+,47,1,,control,-0.8263359069824219
A3TNM3C9ENUCFW:5:B00112CHCK,A3TNM3C9ENUCFW,head,3,16981,"0,467,1476,2577>16981",32,9+,1,0,,ineligible,-0.8361072540283203
A3TOAC9JZX8IFS:6:B004P940US,A3TOAC9JZX8IFS,tail,0,3203,0>3203,30,9+,353,1,,control,-1.546417236328125
A3TOAC9JZX8IFS:6:B004P940US,A3TOAC9JZX8IFS,tail,1,4322,"0,3203>4322",28,9+,42,1,,control,0.7044715881347656
A3TOAC9JZX8IFS:6:B004P940US,A3TOAC9JZX8IFS,tail,2,26106,"0,3203,4322>26106",39,9+,1,0,,ineligible,14.610244750976562
A3TPNC3TKGCCEI:9:B00ASKV6V4,A3TPNC3TKGCCEI,tail,0,740,0>740,30,9+,1209,1,,control,-2.4500999450683594
A3TPNC3TKGCCEI:9:B00ASKV6V4,A3TPNC3TKGCCEI,tail,1,18784,"0,740>18784",53,9+,13,3,0.009081363677978516,control,-2.348651885986328
A3TPNC3TKGCCEI:9:B00ASKV6V4,A3TPNC3TKGCCEI,tail,2,5399,"0,740,18784>5399",11,9+,2,0,,ineligible,2.5195693969726562
A3TPNC3TKGCCEI:9:B00ASKV6V4,A3TPNC3TKGCCEI,tail,3,1449,"0,740,18784,5399>1449",2,2,1,0,,ineligible,6.677428245544434
A3TUX6PR7QFXKV:2:B000EMRVOW,A3TUX6PR7QFXKV,tail,0,14295,0>14295,30,9+,759,1,,control,1.4305915832519531
A3TUX6PR7QFXKV:2:B000EMRVOW,A3TUX6PR7QFXKV,tail,1,2258,"0,14295>2258",44,9+,12,1,,control,1.3409500122070312
A3TUX6PR7QFXKV:2:B000EMRVOW,A3TUX6PR7QFXKV,tail,2,239,"0,14295,2258>239",9,9+,1,0,,ineligible,9.44217300415039
A3TY2JLV65FQ69:1:B000FJ4A84,A3TY2JLV65FQ69,head,0,17582,0>17582,30,9+,408,1,,control,1.1648063659667969
A3TY2JLV65FQ69:1:B000FJ4A84,A3TY2JLV65FQ69,head,1,542,"0,17582>542",24,9+,39,2,0.005389988422393799,control,0.2689857482910156
A3TY2JLV65FQ69:1:B000FJ4A84,A3TY2JLV65FQ69,head,2,17984,"0,17582,542>17984",30,9+,1,0,,ineligible,-1.2053909301757812
A3U9RS3R9AOK8I:1:B0009XBY3A,A3U9RS3R9AOK8I,head,0,467,0>467,30,9+,1159,1,,control,-0.9732818603515625
A3U9RS3R9AOK8I:1:B0009XBY3A,A3U9RS3R9AOK8I,head,1,895,"0,467>895",24,9+,195,1,,control,-1.2747383117675781
A3U9RS3R9AOK8I:1:B0009XBY3A,A3U9RS3R9AOK8I,head,2,6663,"0,467,895>6663",74,9+,3,1,,control,0.3542327880859375
A3U9RS3R9AOK8I:1:B0009XBY3A,A3U9RS3R9AOK8I,head,3,14915,"0,467,895,6663>14915",3,3-4,1,0,,ineligible,3.5924293994903564
A3UE5KIX8NSIHG:1:B004478GK6,A3UE5KIX8NSIHG,tail,0,740,0>740,30,9+,1209,1,,control,0.5582695007324219
A3UE5KIX8NSIHG:1:B004478GK6,A3UE5KIX8NSIHG,tail,1,2095,"0,740>2095",53,9+,21,1,,control,-1.7103500366210938
A3UE5KIX8NSIHG:1:B004478GK6,A3UE5KIX8NSIHG,tail,2,1156,"0,740,2095>1156",18,9+,1,0,,ineligible,-0.7758321762084961
A3UJJ6HH70Q71Y:16:B005193TZ8,A3UJJ6HH70Q71Y,tail,0,14527,0>14527,30,9+,388,1,,control,0.9550437927246094
A3UJJ6HH70Q71Y:16:B005193TZ8,A3UJJ6HH70Q71Y,tail,1,2264,"0,14527>2264",19,9+,31,1,,control,0.7203788757324219
A3UJJ6HH70Q71Y:16:B005193TZ8,A3UJJ6HH70Q71Y,tail,2,6647,"0,14527,2264>6647",26,9+,1,0,,ineligible,1.8167610168457031
A3UKTZTJRBF719:4:B000LFSQLE,A3UKTZTJRBF719,tail,0,1871,0>1871,30,9+,482,1,,control,-0.6008148193359375
A3UKTZTJRBF719:4:B000LFSQLE,A3UKTZTJRBF719,tail,1,16740,"0,1871>16740",29,9+,6,1,,control,-3.160552978515625
A3UKTZTJRBF719:4:B000LFSQLE,A3UKTZTJRBF719,tail,2,27988,"0,1871,16740>27988",6,5-8,1,0,,ineligible,10.646282196044922
A3UPWMS0VWBI44:4:B00CF4G7OW,A3UPWMS0VWBI44,tail,0,467,0>467,30,9+,1159,1,,control,5.135292053222656
A3UPWMS0VWBI44:4:B00CF4G7OW,A3UPWMS0VWBI44,tail,1,1476,"0,467>1476",24,9+,556,1,,control,1.9043083190917969
A3UPWMS0VWBI44:4:B00CF4G7OW,A3UPWMS0VWBI44,tail,2,20927,"0,467,1476>20927",186,9+,8,1,,control,1.3716278076171875
A3UPWMS0VWBI44:4:B00CF4G7OW,A3UPWMS0VWBI44,tail,3,3372,"0,467,1476,20927>3372",6,5-8,3,1,,control,0.5965673923492432
A3UPWMS0VWBI44:4:B00CF4G7OW,A3UPWMS0VWBI44,tail,4,14568,"0,467,1476,20927,3372>14568",3,3-4,1,0,,ineligible,0.5364227294921875
A3USG4MPQ3MI6L:4:B001FCI464,A3USG4MPQ3MI6L,tail,0,16352,0>16352,30,9+,180,1,,control,3.466083526611328
A3USG4MPQ3MI6L:4:B001FCI464,A3USG4MPQ3MI6L,tail,1,6442,"0,16352>6442",25,9+,16,1,,control,-1.27587890625
A3USG4MPQ3MI6L:4:B001FCI464,A3USG4MPQ3MI6L,tail,2,2628,"0,16352,6442>2628",14,9+,1,0,,ineligible,-4.500395774841309
A3USMI91JAP04C:17:B00009KWZR,A3USMI91JAP04C,head,0,14527,0>14527,30,9+,388,1,,control,0.6074714660644531
A3USMI91JAP04C:17:B00009KWZR,A3USMI91JAP04C,head,1,1370,"0,14527>1370",19,9+,50,1,,control,-2.2703933715820312
A3USMI91JAP04C:17:B00009KWZR,A3USMI91JAP04C,head,2,4352,"0,14527,1370>4352",42,9+,1,0,,ineligible,2.7054214477539062
A3USZS8Q4GOKGE:12:B004UTVVEG,A3USZS8Q4GOKGE,head,0,740,0>740,30,9+,1209,1,,control,-2.80181884765625
A3USZS8Q4GOKGE:12:B004UTVVEG,A3USZS8Q4GOKGE,head,1,5748,"0,740>5748",53,9+,45,3,0.005589962005615234,control,-1.6171035766601562
A3USZS8Q4GOKGE:12:B004UTVVEG,A3USZS8Q4GOKGE,head,2,6928,"0,740,5748>6928",36,9+,2,0,,ineligible,13.726678848266602
A3USZS8Q4GOKGE:12:B004UTVVEG,A3USZS8Q4GOKGE,head,3,18221,"0,740,5748,6928>18221",2,2,1,0,,ineligible,30.16033363342285
A3V3TB1231EN40:2:B000BNLVA4,A3V3TB1231EN40,tail,0,467,0>467,30,9+,1159,1,,control,-0.26074981689453125
A3V3TB1231EN40:2:B000BNLVA4,A3V3TB1231EN40,tail,1,2951,"0,467>2951",24,9+,38,1,,control,-1.5613059997558594
A3V3TB1231EN40:2:B000BNLVA4,A3V3TB1231EN40,tail,2,16269,"0,467,2951>16269",25,9+,2,0,,ineligible,-0.8910121917724609
A3V3TB1231EN40:2:B000BNLVA4,A3V3TB1231EN40,tail,3,18227,"0,467,2951,16269>18227",2,2,1,0,,ineligible,2.1446447372436523
A3V481ODRRLB0I:7:B00000IWGQ,A3V481ODRRLB0I,head,0,3203,0>3203,30,9+,353,1,,control,-3.903839111328125
A3V481ODRRLB0I:7:B00000IWGQ,A3V481ODRRLB0I,head,1,4322,"0,3203>4322",28,9+,42,1,,control,0.3446502685546875
A3V481ODRRLB0I:7:B00000IWGQ,A3V481ODRRLB0I,head,2,15665,"0,3203,4322>15665",39,9+,1,0,,ineligible,4.497308731079102
A3VA3LQSD9IHVJ:5:B004M17H6I,A3VA3LQSD9IHVJ,tail,0,2100,0>2100,30,9+,1270,1,,control,2.771839141845703
A3VA3LQSD9IHVJ:5:B004M17H6I,A3VA3LQSD9IHVJ,tail,1,14520,"0,2100>14520",31,9+,24,1,,control,-4.973758697509766
A3VA3LQSD9IHVJ:5:B004M17H6I,A3VA3LQSD9IHVJ,tail,2,27751,"0,2100,14520>27751",21,9+,1,0,,ineligible,1.5603551864624023
A3VROBBFXDL9YY:15:B00BSN0L48,A3VROBBFXDL9YY,tail,0,1041,0>1041,30,9+,628,1,,control,6.201602935791016
A3VROBBFXDL9YY:15:B00BSN0L48,A3VROBBFXDL9YY,tail,1,2325,"0,1041>2325",27,9+,14,1,,control,-0.3001213073730469
A3VROBBFXDL9YY:15:B00BSN0L48,A3VROBBFXDL9YY,tail,2,2470,"0,1041,2325>2470",10,9+,5,1,,control,11.898978233337402
A3VROBBFXDL9YY:15:B00BSN0L48,A3VROBBFXDL9YY,tail,5,591,"0,1041,2325,2470,1974,388>591",5,5-8,1,0,,ineligible,0.5772676467895508
A3VS2RYRGDW4HS:18:B00FAQW0N4,A3VS2RYRGDW4HS,head,0,2948,0>2948,30,9+,297,1,,control,-0.1788787841796875
A3VS2RYRGDW4HS:18:B00FAQW0N4,A3VS2RYRGDW4HS,head,1,7620,"0,2948>7620",27,9+,8,2,0.00869739055633545,control,0.239959716796875
A3VS2RYRGDW4HS:18:B00FAQW0N4,A3VS2RYRGDW4HS,head,2,9858,"0,2948,7620>9858",8,5-8,1,0,,ineligible,4.367002964019775
A3W0CDAZYQB0Z3:17:B001CBZXEE,A3W0CDAZYQB0Z3,tail,0,2100,0>2100,30,9+,1270,1,,control,-0.30561065673828125
A3W0CDAZYQB0Z3:17:B001CBZXEE,A3W0CDAZYQB0Z3,tail,1,8636,"0,2100>8636",31,9+,12,2,0.009190917015075684,control,-5.502117156982422
A3W0CDAZYQB0Z3:17:B001CBZXEE,A3W0CDAZYQB0Z3,tail,2,4518,"0,2100,8636>4518",8,5-8,1,0,,ineligible,3.620565414428711
A401HW4RAZSR2:4:B0095ZMTE6,A401HW4RAZSR2,tail,0,740,0>740,30,9+,1209,1,,control,4.8632965087890625
A401HW4RAZSR2:4:B0095ZMTE6,A401HW4RAZSR2,tail,1,3009,"0,740>3009",53,9+,16,1,,control,-3.7660293579101562
A401HW4RAZSR2:4:B0095ZMTE6,A401HW4RAZSR2,tail,2,16456,"0,740,3009>16456",14,9+,1,0,,ineligible,1.6703433990478516
A4A00X52ZPH2H:6:B00D07A5M8,A4A00X52ZPH2H,tail,0,1041,0>1041,30,9+,628,1,,control,5.057384490966797
A4A00X52ZPH2H:6:B00D07A5M8,A4A00X52ZPH2H,tail,1,22713,"0,1041>22713",27,9+,22,1,,control,2.663970947265625
A4A00X52ZPH2H:6:B00D07A5M8,A4A00X52ZPH2H,tail,2,10648,"0,1041,22713>10648",14,9+,1,0,,ineligible,-1.8902626037597656
A4BVCSLY01UPF:5:B00385MZVG,A4BVCSLY01UPF,tail,0,14527,0>14527,30,9+,388,1,,control,0.277191162109375
A4BVCSLY01UPF:5:B00385MZVG,A4BVCSLY01UPF,tail,1,12911,"0,14527>12911",19,9+,20,1,,control,2.57861328125
A4BVCSLY01UPF:5:B00385MZVG,A4BVCSLY01UPF,tail,2,2288,"0,14527,12911>2288",16,9+,4,1,,control,3.1386280059814453
A4BVCSLY01UPF:5:B00385MZVG,A4BVCSLY01UPF,tail,3,1105,"0,14527,12911,2288>1105",3,3-4,1,0,,ineligible,1.3207130432128906
A4J9EMK63RBNE:4:B006297880,A4J9EMK63RBNE,tail,0,467,0>467,30,9+,1159,1,,control,-1.8332405090332031
A4J9EMK63RBNE:4:B006297880,A4J9EMK63RBNE,tail,1,2951,"0,467>2951",24,9+,38,1,,control,-2.8649520874023438
A4J9EMK63RBNE:4:B006297880,A4J9EMK63RBNE,tail,2,4052,"0,467,2951>4052",25,9+,1,0,,ineligible,-1.5529594421386719
A4UKBG3M5U5TI:3:B00B28IQ50,A4UKBG3M5U5TI,head,0,467,0>467,30,9+,1159,1,,control,1.7238273620605469
A4UKBG3M5U5TI:3:B00B28IQ50,A4UKBG3M5U5TI,head,1,1476,"0,467>1476",24,9+,556,1,,control,1.448638916015625
A4UKBG3M5U5TI:3:B00B28IQ50,A4UKBG3M5U5TI,head,2,2577,"0,467,1476>2577",186,9+,47,1,,control,1.5896797180175781
A4UKBG3M5U5TI:3:B00B28IQ50,A4UKBG3M5U5TI,head,3,8032,"0,467,1476,2577>8032",32,9+,9,1,,control,10.979246139526367
A4UKBG3M5U5TI:3:B00B28IQ50,A4UKBG3M5U5TI,head,4,4182,"0,467,1476,2577,8032>4182",9,9+,1,0,,ineligible,25.700742721557617
A4Z0OH2SIX4TF:2:B004SKYULI,A4Z0OH2SIX4TF,head,0,2100,0>2100,30,9+,1270,1,,control,3.4126663208007812
A4Z0OH2SIX4TF:2:B004SKYULI,A4Z0OH2SIX4TF,head,1,11925,"0,2100>11925",31,9+,96,1,,control,-0.39023590087890625
A4Z0OH2SIX4TF:2:B004SKYULI,A4Z0OH2SIX4TF,head,2,426,"0,2100,11925>426",53,9+,2,0,,ineligible,3.929636001586914
A4Z0OH2SIX4TF:2:B004SKYULI,A4Z0OH2SIX4TF,head,3,23844,"0,2100,11925,426>23844",2,2,1,0,,ineligible,1.379714012145996
A55AP6DYU1Z5C:2:B0038ANQ0U,A55AP6DYU1Z5C,tail,0,14527,0>14527,30,9+,388,1,,control,-1.475799560546875
A55AP6DYU1Z5C:2:B0038ANQ0U,A55AP6DYU1Z5C,tail,1,3822,"0,14527>3822",19,9+,55,1,,control,2.1932830810546875
A55AP6DYU1Z5C:2:B0038ANQ0U,A55AP6DYU1Z5C,tail,2,2210,"0,14527,3822>2210",49,9+,1,0,,ineligible,-3.803295135498047
A58DF8Y9D4O1Y:2:B006O6F932,A58DF8Y9D4O1Y,head,0,11604,0>11604,30,9+,220,1,,control,0.8133621215820312
A58DF8Y9D4O1Y:2:B006O6F932,A58DF8Y9D4O1Y,head,1,306,"0,11604>306",29,9+,14,1,,control,-0.49383544921875
A58DF8Y9D4O1Y:2:B006O6F932,A58DF8Y9D4O1Y,head,2,4928,"0,11604,306>4928",14,9+,1,0,,ineligible,2.8862781524658203
A58Y0ZBBEBP39:2:B000VO3GPG,A58Y0ZBBEBP39,head,0,2341,0>2341,30,9+,490,1,,control,-1.3508071899414062
A58Y0ZBBEBP39:2:B000VO3GPG,A58Y0ZBBEBP39,head,1,542,"0,2341>542",23,9+,18,2,0.005389988422393799,control,3.0786514282226562
A58Y0ZBBEBP39:2:B000VO3GPG,A58Y0ZBBEBP39,head,2,2309,"0,2341,542>2309",18,9+,1,0,,ineligible,-0.7490444183349609
A5BJMAHZWGJ7N:3:B002ZCYC6E,A5BJMAHZWGJ7N,head,0,3127,0>3127,30,9+,700,1,,control,-1.115447998046875
A5BJMAHZWGJ7N:3:B002ZCYC6E,A5BJMAHZWGJ7N,head,1,2738,"0,3127>2738",21,9+,64,1,,control,-0.38564300537109375
A5BJMAHZWGJ7N:3:B002ZCYC6E,A5BJMAHZWGJ7N,head,2,9641,"0,3127,2738>9641",40,9+,2,0,,ineligible,0.2674369812011719
A5BJMAHZWGJ7N:3:B002ZCYC6E,A5BJMAHZWGJ7N,head,3,9858,"0,3127,2738,9641>9858",2,2,1,0,,ineligible,4.3092241287231445
A5EG4HAKPXFTU:17:B00B2FO6IE,A5EG4HAKPXFTU,tail,0,740,0>740,30,9+,1209,1,,control,0.8391532897949219
A5EG4HAKPXFTU:17:B00B2FO6IE,A5EG4HAKPXFTU,tail,1,1438,"0,740>1438",53,9+,51,1,,control,-0.0947265625
A5EG4HAKPXFTU:17:B00B2FO6IE,A5EG4HAKPXFTU,tail,2,23615,"0,740,1438>23615",43,9+,1,0,,ineligible,-1.3513565063476562
A5GH0YNIDP48P:3:B002VC2T5O,A5GH0YNIDP48P,tail,0,11109,0>11109,30,9+,320,1,,control,-1.860198974609375
A5GH0YNIDP48P:3:B002VC2T5O,A5GH0YNIDP48P,tail,1,19239,"0,11109>19239",27,9+,34,2,0.005622267723083496,control,0.9278602600097656
A5GH0YNIDP48P:3:B002VC2T5O,A5GH0YNIDP48P,tail,2,7334,"0,11109,19239>7334",27,9+,2,0,,ineligible,2.5307044982910156
A5GH0YNIDP48P:3:B002VC2T5O,A5GH0YNIDP48P,tail,3,13854,"0,11109,19239,7334>13854",2,2,1,0,,ineligible,-0.0015401840209960938
A5JLAU2ARJ0BO:4:B002BHC7O2,A5JLAU2ARJ0BO,tail,0,3127,0>3127,30,9+,700,1,,control,-2.42572021484375
A5JLAU2ARJ0BO:4:B002BHC7O2,A5JLAU2ARJ0BO,tail,1,1483,"0,3127>1483",21,9+,12,1,,control,-2.9750232696533203
A5JLAU2ARJ0BO:4:B002BHC7O2,A5JLAU2ARJ0BO,tail,2,13236,"0,3127,1483>13236",8,5-8,2,0,,ineligible,-0.1712493896484375
A5JLAU2ARJ0BO:4:B002BHC7O2,A5JLAU2ARJ0BO,tail,3,15432,"0,3127,1483,13236>15432",2,2,1,0,,ineligible,6.555672645568848
A5KMMY627T3W:3:B004S65XDG,A5KMMY627T3W,head,0,14295,0>14295,30,9+,759,1,,control,-2.3165016174316406
A5KMMY627T3W:3:B004S65XDG,A5KMMY627T3W,head,1,1840,"0,14295>1840",44,9+,40,2,0.004830837249755859,control,-4.2982025146484375
A5KMMY627T3W:3:B004S65XDG,A5KMMY627T3W,head,2,25502,"0,14295,1840>25502",37,9+,1,0,,ineligible,3.5585594177246094
A5NY78TDV87VO:3:B007HVGNVU,A5NY78TDV87VO,tail,0,17582,0>17582,30,9+,408,1,,control,1.6225662231445312
A5NY78TDV87VO:3:B007HVGNVU,A5NY78TDV87VO,tail,1,2198,"0,17582>2198",24,9+,26,1,,control,6.002616882324219
A5NY78TDV87VO:3:B007HVGNVU,A5NY78TDV87VO,tail,2,13482,"0,17582,2198>13482",25,9+,2,0,,ineligible,8.974288940429688
A5NY78TDV87VO:3:B007HVGNVU,A5NY78TDV87VO,tail,3,6903,"0,17582,2198,13482>6903",2,2,1,0,,ineligible,11.655664443969727
A5V4PMU0M4ILG:1:B00160HTYI,A5V4PMU0M4ILG,head,0,17582,0>17582,30,9+,408,1,,control,-0.5182838439941406
A5V4PMU0M4ILG:1:B00160HTYI,A5V4PMU0M4ILG,head,1,4340,"0,17582>4340",24,9+,13,1,,control,-0.6910362243652344
A5V4PMU0M4ILG:1:B00160HTYI,A5V4PMU0M4ILG,head,2,25466,"0,17582,4340>25466",13,9+,1,0,,ineligible,2.910754919052124
A688FDZ9DC3E6:6:B006K20IU4,A688FDZ9DC3E6,tail,0,2341,0>2341,30,9+,490,1,,control,1.8188095092773438
A688FDZ9DC3E6:6:B006K20IU4,A688FDZ9DC3E6,tail,1,542,"0,2341>542",23,9+,18,2,0.005389988422393799,control,3.7184104919433594
A688FDZ9DC3E6:6:B006K20IU4,A688FDZ9DC3E6,tail,2,4340,"0,2341,542>4340",18,9+,1,0,,ineligible,-2.1695804595947266
A69R0HD1TKHAK:1:B001MKG5SI,A69R0HD1TKHAK,tail,0,2100,0>2100,30,9+,1270,1,,control,-3.1538429260253906
A69R0HD1TKHAK:1:B001MKG5SI,A69R0HD1TKHAK,tail,1,1088,"0,2100>1088",31,9+,214,5,0.0044814348220825195,control,-0.5666084289550781
A69R0HD1TKHAK:1:B001MKG5SI,A69R0HD1TKHAK,tail,2,623,"0,2100,1088>623",28,9+,10,2,0.034112393856048584,control,0.1622638702392578
A69R0HD1TKHAK:1:B001MKG5SI,A69R0HD1TKHAK,tail,3,24524,"0,2100,1088,623>24524",10,9+,1,0,,ineligible,0.5809807777404785
A6B92PTV0Z1SU:4:B00421AGP2,A6B92PTV0Z1SU,head,0,467,0>467,30,9+,1159,1,,control,1.5270538330078125
A6B92PTV0Z1SU:4:B00421AGP2,A6B92PTV0Z1SU,head,1,1476,"0,467>1476",24,9+,556,1,,control,2.7478103637695312
A6B92PTV0Z1SU:4:B00421AGP2,A6B92PTV0Z1SU,head,2,133,"0,467,1476>133",186,9+,2,0,,ineligible,-3.8334312438964844
A6B92PTV0Z1SU:4:B00421AGP2,A6B92PTV0Z1SU,head,3,23760,"0,467,1476,133>23760",2,2,1,0,,ineligible,5.213665008544922
A6FIAB28IS79:2:B000BB56B6,A6FIAB28IS79,tail,0,1871,0>1871,30,9+,482,1,,control,1.1885490417480469
A6FIAB28IS79:2:B000BB56B6,A6FIAB28IS79,tail,1,17351,"0,1871>17351",29,9+,18,1,,control,-0.5157203674316406
A6FIAB28IS79:2:B000BB56B6,A6FIAB28IS79,tail,2,6631,"0,1871,17351>6631",16,9+,1,0,,ineligible,-0.7356777191162109
A6LEJBP5YOP3E:1:B001W30D2O,A6LEJBP5YOP3E,head,0,14527,0>14527,30,9+,388,1,,control,-1.9656600952148438
A6LEJBP5YOP3E:1:B001W30D2O,A6LEJBP5YOP3E,head,1,3822,"0,14527>3822",19,9+,55,1,,control,2.5641212463378906
A6LEJBP5YOP3E:1:B001W30D2O,A6LEJBP5YOP3E,head,2,3422,"0,14527,3822>3422",49,9+,2,0,,ineligible,1.3248672485351562
A6LEJBP5YOP3E:1:B001W30D2O,A6LEJBP5YOP3E,head,3,7692,"0,14527,3822,3422>7692",2,2,1,0,,ineligible,7.16854190826416
A6LUXI8I8BU6P:13:B003I86BNG,A6LUXI8I8BU6P,tail,0,1041,0>1041,30,9+,628,1,,control,1.0305328369140625
A6LUXI8I8BU6P:13:B003I86BNG,A6LUXI8I8BU6P,tail,1,3575,"0,1041>3575",27,9+,20,1,,control,0.5090599060058594
A6LUXI8I8BU6P:13:B003I86BNG,A6LUXI8I8BU6P,tail,2,18141,"0,1041,3575>18141",17,9+,1,0,,ineligible,3.848036766052246
A6S9V4L6Y1H8D:1:B0007ZCJ2A,A6S9V4L6Y1H8D,tail,0,17582,0>17582,30,9+,408,1,,control,0.57769775390625
A6S9V4L6Y1H8D:1:B0007ZCJ2A,A6S9V4L6Y1H8D,tail,1,1228,"0,17582>1228",24,9+,90,1,,control,2.4395599365234375
A6S9V4L6Y1H8D:1:B0007ZCJ2A,A6S9V4L6Y1H8D,tail,2,13090,"0,17582,1228>13090",72,9+,1,0,,ineligible,-2.848409652709961
A763Z2F0WMWRC:5:B005ZCY36K,A763Z2F0WMWRC,head,0,14527,0>14527,30,9+,388,1,,control,2.3591842651367188
A763Z2F0WMWRC:5:B005ZCY36K,A763Z2F0WMWRC,head,1,3822,"0,14527>3822",19,9+,55,1,,control,-2.9623069763183594
A763Z2F0WMWRC:5:B005ZCY36K,A763Z2F0WMWRC,head,2,3422,"0,14527,3822>3422",49,9+,2,0,,ineligible,0.8361320495605469
A763Z2F0WMWRC:5:B005ZCY36K,A763Z2F0WMWRC,head,3,5236,"0,14527,3822,3422>5236",2,2,1,0,,ineligible,11.114274978637695
A791QXBYPINLM:2:B000LSZVJQ,A791QXBYPINLM,head,0,1871,0>1871,30,9+,482,1,,control,-0.37259674072265625
A791QXBYPINLM:2:B000LSZVJQ,A791QXBYPINLM,head,1,9013,"0,1871>9013",29,9+,20,2,0.0030452609062194824,control,0.3520011901855469
A791QXBYPINLM:2:B000LSZVJQ,A791QXBYPINLM,head,2,9190,"0,1871,9013>9190",14,9+,2,0,,ineligible,-0.5098857879638672
A791QXBYPINLM:2:B000LSZVJQ,A791QXBYPINLM,head,3,12294,"0,1871,9013,9190>12294",2,2,1,0,,ineligible,5.104020118713379
A7EBK3C6JNE00:2:B004DMZ43Y,A7EBK3C6JNE00,tail,0,740,0>740,30,9+,1209,1,,control,-1.0828895568847656
A7EBK3C6JNE00:2:B004DMZ43Y,A7EBK3C6JNE00,tail,1,90,"0,740>90",53,9+,189,1,,control,1.1358299255371094
A7EBK3C6JNE00:2:B004DMZ43Y,A7EBK3C6JNE00,tail,2,6928,"0,740,90>6928",141,9+,1,0,,ineligible,-4.212942123413086
A7LD57FN1M3NL:1:B0007UPXM8,A7LD57FN1M3NL,tail,0,26190,0>26190,30,9+,112,1,,control,-3.514923095703125
A7LD57FN1M3NL:1:B0007UPXM8,A7LD57FN1M3NL,tail,1,18275,"0,26190>18275",29,9+,2,0,,ineligible,-1.5333576202392578
A7LD57FN1M3NL:1:B0007UPXM8,A7LD57FN1M3NL,tail,2,1379,"0,26190,18275>1379",2,2,1,0,,ineligible,2.443831443786621
A7P8JO7MC314R:1:B00005NQE8,A7P8JO7MC314R,head,0,467,0>467,30,9+,1159,1,,control,-1.9101791381835938
A7P8JO7MC314R:1:B00005NQE8,A7P8JO7MC314R,head,1,895,"0,467>895",24,9+,195,1,,control,-2.0834388732910156
A7P8JO7MC314R:1:B00005NQE8,A7P8JO7MC314R,head,2,2190,"0,467,895>2190",74,9+,51,1,,control,1.857208251953125
A7P8JO7MC314R:1:B00005NQE8,A7P8JO7MC314R,head,3,17599,"0,467,895,2190>17599",49,9+,1,0,,ineligible,-0.06567955017089844
A7VT7DOGEDZLF:1:B00EPKNTUO,A7VT7DOGEDZLF,tail,0,2244,0>2244,30,9+,345,1,,control,-4.381885528564453
A7VT7DOGEDZLF:1:B00EPKNTUO,A7VT7DOGEDZLF,tail,1,3127,"0,2244>3127",29,9+,10,2,0.0044291019439697266,control,-3.299327850341797
A7VT7DOGEDZLF:1:B00EPKNTUO,A7VT7DOGEDZLF,tail,2,5353,"0,2244,3127>5353",8,5-8,1,0,,ineligible,0.16941070556640625
A81VK61YMTCRS:1:B008WCDZ3C,A81VK61YMTCRS,tail,0,740,0>740,30,9+,1209,1,,control,-0.6834335327148438
A81VK61YMTCRS:1:B008WCDZ3C,A81VK61YMTCRS,tail,1,3795,"0,740>3795",53,9+,14,3,0.012321025133132935,control,-1.7945556640625
A81VK61YMTCRS:1:B008WCDZ3C,A81VK61YMTCRS,tail,2,25626,"0,740,3795>25626",14,9+,1,0,,ineligible,1.9189362525939941
A82HDHO6IJWRE:5:B0083TXZVQ,A82HDHO6IJWRE,tail,0,2100,0>2100,30,9+,1270,1,,control,-2.412456512451172
A82HDHO6IJWRE:5:B0083TXZVQ,A82HDHO6IJWRE,tail,1,649,"0,2100>649",31,9+,37,1,,control,-2.528564453125
A82HDHO6IJWRE:5:B0083TXZVQ,A82HDHO6IJWRE,tail,2,1788,"0,2100,649>1788",23,9+,2,0,,ineligible,2.4363880157470703
A82HDHO6IJWRE:5:B0083TXZVQ,A82HDHO6IJWRE,tail,5,632,"0,2100,649,1788,12496,1050>632",2,2,1,0,,ineligible,-0.4145050048828125
A87XOGZ17HCO7:2:B0057MGKO6,A87XOGZ17HCO7,head,0,3127,0>3127,30,9+,700,1,,control,-0.9166030883789062
A87XOGZ17HCO7:2:B0057MGKO6,A87XOGZ17HCO7,head,1,26141,"0,3127>26141",21,9+,25,2,0.006571650505065918,control,-0.7960205078125
A87XOGZ17HCO7:2:B0057MGKO6,A87XOGZ17HCO7,head,2,3061,"0,3127,26141>3061",14,9+,1,0,,ineligible,2.5342206954956055
A8KM4YOB8FGGH:16:B007QNDWB8,A8KM4YOB8FGGH,tail,0,11109,0>11109,30,9+,320,1,,control,-3.7021331787109375
A8KM4YOB8FGGH:16:B007QNDWB8,A8KM4YOB8FGGH,tail,1,18508,"0,11109>18508",27,9+,23,1,,control,-2.6677780151367188
A8KM4YOB8FGGH:16:B007QNDWB8,A8KM4YOB8FGGH,tail,2,11388,"0,11109,18508>11388",17,9+,1,0,,ineligible,8.13399887084961
A8LEFDO3AKIJP:3:B00005BZM6,A8LEFDO3AKIJP,head,0,5364,0>5364,30,9+,319,1,,control,-0.0963134765625
A8LEFDO3AKIJP:3:B00005BZM6,A8LEFDO3AKIJP,head,1,3961,"0,5364>3961",25,9+,6,1,,control,-0.6504688262939453
A8LEFDO3AKIJP:3:B00005BZM6,A8LEFDO3AKIJP,head,2,1349,"0,5364,3961>1349",6,5-8,1,0,,ineligible,1.9412107467651367
A8S96QJ470KP5:3:B001Q3KU9Q,A8S96QJ470KP5,head,0,3203,0>3203,30,9+,353,1,,control,-1.9978713989257812
A8S96QJ470KP5:3:B001Q3KU9Q,A8S96QJ470KP5,head,1,4072,"0,3203>4072",28,9+,25,1,,control,1.7932624816894531
A8S96QJ470KP5:3:B001Q3KU9Q,A8S96QJ470KP5,head,2,11986,"0,3203,4072>11986",19,9+,4,2,0.008467614650726318,control,1.662428855895996
A8S96QJ470KP5:3:B001Q3KU9Q,A8S96QJ470KP5,head,3,4241,"0,3203,4072,11986>4241",4,3-4,1,0,,ineligible,2.370784282684326
A8UDVUIRES13H:2:B00A88DRYU,A8UDVUIRES13H,head,0,740,0>740,30,9+,1209,1,,control,-2.0342483520507812
A8UDVUIRES13H:2:B00A88DRYU,A8UDVUIRES13H,head,1,7379,"0,740>7379",53,9+,40,1,,control,-0.6436843872070312
A8UDVUIRES13H:2:B00A88DRYU,A8UDVUIRES13H,head,2,146,"0,740,7379>146",27,9+,10,1,,control,2.754476547241211
A8UDVUIRES13H:2:B00A88DRYU,A8UDVUIRES13H,head,3,7944,"0,740,7379,146>7944",8,5-8,3,1,,control,0.8774604797363281
A8UDVUIRES13H:2:B00A88DRYU,A8UDVUIRES13H,head,4,2948,"0,740,7379,146,7944>2948",3,3-4,1,0,,ineligible,7.160303115844727
A8WEXFRWX1ZHH:11:B00CI6JPNM,A8WEXFRWX1ZHH,tail,0,11109,0>11109,30,9+,320,1,,control,-1.489166259765625
A8WEXFRWX1ZHH:11:B00CI6JPNM,A8WEXFRWX1ZHH,tail,1,11542,"0,11109>11542",27,9+,9,1,,control,2.462451934814453
A8WEXFRWX1ZHH:11:B00CI6JPNM,A8WEXFRWX1ZHH,tail,2,6885,"0,11109,11542>6885",9,9+,1,0,,ineligible,14.221935272216797
A90D3QJZQQCM0:7:B007RDGHP0,A90D3QJZQQCM0,head,0,2948,0>2948,30,9+,297,1,,control,-0.6872634887695312
A90D3QJZQQCM0:7:B007RDGHP0,A90D3QJZQQCM0,head,1,1312,"0,2948>1312",27,9+,63,1,,control,2.5308570861816406
A90D3QJZQQCM0:7:B007RDGHP0,A90D3QJZQQCM0,head,2,23458,"0,2948,1312>23458",49,9+,1,0,,ineligible,-2.072805404663086
A938G78XZI1J0:1:B007XVYTNS,A938G78XZI1J0,head,0,21677,0>21677,30,9+,202,1,,control,-2.425731658935547
A938G78XZI1J0:1:B007XVYTNS,A938G78XZI1J0,head,1,176,"0,21677>176",25,9+,11,1,,control,-1.0016326904296875
A938G78XZI1J0:1:B007XVYTNS,A938G78XZI1J0,head,2,7348,"0,21677,176>7348",10,9+,2,0,,ineligible,-0.7322444915771484
A938G78XZI1J0:1:B007XVYTNS,A938G78XZI1J0,head,3,9161,"0,21677,176,7348>9161",2,2,1,0,,ineligible,1.2293224334716797
A969VLBBX8LQ7:5:B00FAQW0N4,A969VLBBX8LQ7,head,0,2948,0>2948,30,9+,297,1,,control,-2.7425003051757812
A969VLBBX8LQ7:5:B00FAQW0N4,A969VLBBX8LQ7,head,1,7620,"0,2948>7620",27,9+,8,2,0.00869739055633545,control,-0.151458740234375
A969VLBBX8LQ7:5:B00FAQW0N4,A969VLBBX8LQ7,head,2,9858,"0,2948,7620>9858",8,5-8,1,0,,ineligible,6.974457263946533
A9JWP771B3C29:10:B0058KTUC6,A9JWP771B3C29,tail,0,467,0>467,30,9+,1159,1,,control,0.4609031677246094
A9JWP771B3C29:10:B0058KTUC6,A9JWP771B3C29,tail,1,1476,"0,467>1476",24,9+,556,1,,control,1.0721244812011719
A9JWP771B3C29:10:B0058KTUC6,A9JWP771B3C29,tail,2,2986,"0,467,1476>2986",186,9+,5,1,,control,-0.4215888977050781
A9JWP771B3C29:10:B0058KTUC6,A9JWP771B3C29,tail,3,8045,"0,467,1476,2986>8045",5,5-8,1,0,,ineligible,2.6101877689361572
A9LHH006CA7X5:7:B003UHYU9C,A9LHH006CA7X5,tail,0,1871,0>1871,30,9+,482,1,,control,-1.3791389465332031
A9LHH006CA7X5:7:B003UHYU9C,A9LHH006CA7X5,tail,1,3827,"0,1871>3827",29,9+,8,5,0.005016937851905823,control,-2.4119033813476562
A9LHH006CA7X5:7:B003UHYU9C,A9LHH006CA7X5,tail,2,11379,"0,1871,3827>11379",8,5-8,1,0,,ineligible,14.565110206604004
A9MTN0D260WAD:1:B004717NNU,A9MTN0D260WAD,tail,0,1871,0>1871,30,9+,482,1,,control,-1.4289321899414062
A9MTN0D260WAD:1:B004717NNU,A9MTN0D260WAD,tail,1,8719,"0,1871>8719",29,9+,45,1,,control,-0.4591484069824219
A9MTN0D260WAD:1:B004717NNU,A9MTN0D260WAD,tail,2,629,"0,1871,8719>629",31,9+,2,0,,ineligible,0.12782859802246094
A9MTN0D260WAD:1:B004717NNU,A9MTN0D260WAD,tail,3,25175,"0,1871,8719,629>25175",2,2,1,0,,ineligible,3.697591781616211
A9PTEWCPI3T71:3:B004H1V5S4,A9PTEWCPI3T71,head,0,9062,0>9062,30,9+,203,1,,control,-0.24270248413085938
A9PTEWCPI3T71:3:B004H1V5S4,A9PTEWCPI3T71,head,1,9247,"0,9062>9247",26,9+,4,1,,control,5.4044952392578125
A9PTEWCPI3T71:3:B004H1V5S4,A9PTEWCPI3T71,head,2,24188,"0,9062,9247>24188",4,3-4,1,0,,ineligible,1.4370555877685547
A9XX8OHS2ZQ2X:23:B00FAQW0NO,A9XX8OHS2ZQ2X,tail,0,2948,0>2948,30,9+,297,1,,control,0.0118865966796875
A9XX8OHS2ZQ2X:23:B00FAQW0NO,A9XX8OHS2ZQ2X,tail,1,2407,"0,2948>2407",27,9+,19,2,0.008539676666259766,control,-0.2703666687011719
A9XX8OHS2ZQ2X:23:B00FAQW0NO,A9XX8OHS2ZQ2X,tail,2,5082,"0,2948,2407>5082",17,9+,1,0,,ineligible,3.6233444213867188
A9Y5S2BKV7SYV:2:B000231FSQ,A9Y5S2BKV7SYV,tail,0,1041,0>1041,30,9+,628,1,,control,-2.8378868103027344
A9Y5S2BKV7SYV:2:B000231FSQ,A9Y5S2BKV7SYV,tail,1,615,"0,1041>615",27,9+,43,2,0.009608328342437744,control,-0.6566238403320312
A9Y5S2BKV7SYV:2:B000231FSQ,A9Y5S2BKV7SYV,tail,2,409,"0,1041,615>409",23,9+,5,1,,control,0.5734739303588867
A9Y5S2BKV7SYV:2:B000231FSQ,A9Y5S2BKV7SYV,tail,3,7599,"0,1041,615,409>7599",4,3-4,1,0,,ineligible,6.715968132019043
AAB1ET966MCLI:5:B001W49VR6,AAB1ET966MCLI,tail,0,1041,0>1041,30,9+,628,1,,control,-2.0108375549316406
AAB1ET966MCLI:5:B001W49VR6,AAB1ET966MCLI,tail,1,615,"0,1041>615",27,9+,43,2,0.009608328342437744,control,-1.9338760375976562
AAB1ET966MCLI:5:B001W49VR6,AAB1ET966MCLI,tail,2,22392,"0,1041,615>22392",23,9+,2,0,,ineligible,1.3949861526489258
AAB1ET966MCLI:5:B001W49VR6,AAB1ET966MCLI,tail,3,9305,"0,1041,615,22392>9305",2,2,1,0,,ineligible,4.993679046630859
AAFP0X79NAMNY:3:B000JVJ8KS,AAFP0X79NAMNY,head,0,2341,0>2341,30,9+,490,1,,control,1.5400238037109375
AAFP0X79NAMNY:3:B000JVJ8KS,AAFP0X79NAMNY,head,1,159,"0,2341>159",23,9+,39,1,,control,4.710182189941406
AAFP0X79NAMNY:3:B000JVJ8KS,AAFP0X79NAMNY,head,2,4226,"0,2341,159>4226",32,9+,4,2,0.01696646213531494,control,3.9305944442749023
AAFP0X79NAMNY:3:B000JVJ8KS,AAFP0X79NAMNY,head,3,2383,"0,2341,159,4226>2383",4,3-4,1,0,,ineligible,4.762979507446289
AAL4LVT7I7LCN:2:B000LFUKCM,AAL4LVT7I7LCN,head,0,2341,0>2341,30,9+,490,1,,control,1.1312599182128906
AAL4LVT7I7LCN:2:B000LFUKCM,AAL4LVT7I7LCN,head,1,10224,"0,2341>10224",23,9+,42,2,0.003073394298553467,control,0.77435302734375
AAL4LVT7I7LCN:2:B000LFUKCM,AAL4LVT7I7LCN,head,2,11907,"0,2341,10224>11907",37,9+,1,0,,ineligible,-0.4389190673828125
AALBNY60AFSBC:1:B00C6PVXTY,AALBNY60AFSBC,tail,0,11604,0>11604,30,9+,220,1,,control,2.3938560485839844
AALBNY60AFSBC:1:B00C6PVXTY,AALBNY60AFSBC,tail,1,11492,"0,11604>11492",29,9+,3,1,,control,-1.9427566528320312
AALBNY60AFSBC:1:B00C6PVXTY,AALBNY60AFSBC,tail,2,693,"0,11604,11492>693",2,2,2,0,,ineligible,5.929654121398926
AALBNY60AFSBC:1:B00C6PVXTY,AALBNY60AFSBC,tail,3,9492,"0,11604,11492,693>9492",2,2,1,0,,ineligible,5.043758392333984
AAOYOZ470S2FT:3:B0000789T0,AAOYOZ470S2FT,tail,0,740,0>740,30,9+,1209,1,,control,-2.0081405639648438
AAOYOZ470S2FT:3:B0000789T0,AAOYOZ470S2FT,tail,1,90,"0,740>90",53,9+,189,1,,control,-1.8013076782226562
AAOYOZ470S2FT:3:B0000789T0,AAOYOZ470S2FT,tail,2,3869,"0,740,90>3869",141,9+,1,0,,ineligible,-4.501741409301758
AAXHHIUUTIB3J:15:B005XTLD40,AAXHHIUUTIB3J,tail,0,14295,0>14295,30,9+,759,1,,control,-0.3719062805175781
AAXHHIUUTIB3J:15:B005XTLD40,AAXHHIUUTIB3J,tail,1,4232,"0,14295>4232",44,9+,137,1,,control,0.8620758056640625
AAXHHIUUTIB3J:15:B005XTLD40,AAXHHIUUTIB3J,tail,2,2201,"0,14295,4232>2201",96,9+,2,0,,ineligible,-1.8210277557373047
AAXHHIUUTIB3J:15:B005XTLD40,AAXHHIUUTIB3J,tail,3,7002,"0,14295,4232,2201>7002",2,2,1,0,,ineligible,1.6288070678710938
AB3P2AR8YW6RG:2:B004TGVOOC,AB3P2AR8YW6RG,tail,0,740,0>740,30,9+,1209,1,,control,0.08869171142578125
AB3P2AR8YW6RG:2:B004TGVOOC,AB3P2AR8YW6RG,tail,1,6438,"0,740>6438",53,9+,50,2,0.0027341842651367188,control,0.10195159912109375
AB3P2AR8YW6RG:2:B004TGVOOC,AB3P2AR8YW6RG,tail,2,4303,"0,740,6438>4303",42,9+,1,0,,ineligible,0.1947917938232422
ABFJUYIFAXX1A:6:B006ILWBAC,ABFJUYIFAXX1A,tail,0,19819,0>19819,30,9+,109,1,,control,-3.129772186279297
ABFJUYIFAXX1A:6:B006ILWBAC,ABFJUYIFAXX1A,tail,1,26976,"0,19819>26976",15,9+,72,1,,control,2.4008541107177734
ABFJUYIFAXX1A:6:B006ILWBAC,ABFJUYIFAXX1A,tail,2,17193,"0,19819,26976>17193",34,9+,1,0,,ineligible,-1.2338008880615234
ABFL3K6FOWQFZ:1:B0024FW8D6,ABFL3K6FOWQFZ,tail,0,14527,0>14527,30,9+,388,1,,control,-1.2210655212402344
ABFL3K6FOWQFZ:1:B0024FW8D6,ABFL3K6FOWQFZ,tail,1,1431,"0,14527>1431",19,9+,9,1,,control,-0.8584327697753906
ABFL3K6FOWQFZ:1:B0024FW8D6,ABFL3K6FOWQFZ,tail,2,4346,"0,14527,1431>4346",9,9+,1,0,,ineligible,-1.7592239379882812
ABGR2KY9RGVIT:4:B005J5ML2Q,ABGR2KY9RGVIT,head,0,5364,0>5364,30,9+,319,1,,control,-1.416656494140625
ABGR2KY9RGVIT:4:B005J5ML2Q,ABGR2KY9RGVIT,head,1,14957,"0,5364>14957",25,9+,39,1,,control,0.08507537841796875
ABGR2KY9RGVIT:4:B005J5ML2Q,ABGR2KY9RGVIT,head,2,8090,"0,5364,14957>8090",22,9+,2,0,,ineligible,0.053856849670410156
ABGR2KY9RGVIT:4:B005J5ML2Q,ABGR2KY9RGVIT,head,5,632,"0,5364,14957,8090,1111,3231>632",2,2,1,0,,ineligible,1.569523811340332
ABH53Z8CW6CUU:2:B0006O4AK6,ABH53Z8CW6CUU,tail,0,2412,0>2412,30,9+,354,1,,control,-1.5866546630859375
ABH53Z8CW6CUU:2:B0006O4AK6,ABH53Z8CW6CUU,tail,1,23585,"0,2412>23585",20,9+,6,1,,control,-2.310100555419922
ABH53Z8CW6CUU:2:B0006O4AK6,ABH53Z8CW6CUU,tail,2,14370,"0,2412,23585>14370",6,5-8,1,0,,ineligible,0.48613643646240234
ABLV9L4MQO7ER:3:B00CJO902E,ABLV9L4MQO7ER,head,0,3186,0>3186,30,9+,268,1,,control,-0.3968925476074219
ABLV9L4MQO7ER:3:B00CJO902E,ABLV9L4MQO7ER,head,1,11113,"0,3186>11113",21,9+,14,1,,control,-0.6330642700195312
ABLV9L4MQO7ER:3:B00CJO902E,ABLV9L4MQO7ER,head,2,31094,"0,3186,11113>31094",10,9+,1,0,,ineligible,5.375877380371094
ABSYIF0ONC2AF:8:B00B1Z6AQ6,ABSYIF0ONC2AF,head,0,14527,0>14527,30,9+,388,1,,control,-1.5470237731933594
ABSYIF0ONC2AF:8:B00B1Z6AQ6,ABSYIF0ONC2AF,head,1,5612,"0,14527>5612",19,9+,51,1,,control,-1.7905998229980469
ABSYIF0ONC2AF:8:B00B1Z6AQ6,ABSYIF0ONC2AF,head,2,3302,"0,14527,5612>3302",35,9+,1,0,,ineligible,0.09855270385742188
ABU0S5LQC4UU2:10:B0089RPUHO,ABU0S5LQC4UU2,head,0,14527,0>14527,30,9+,388,1,,control,-2.9619979858398438
ABU0S5LQC4UU2:10:B0089RPUHO,ABU0S5LQC4UU2,head,1,5612,"0,14527>5612",19,9+,51,1,,control,1.6106834411621094
ABU0S5LQC4UU2:10:B0089RPUHO,ABU0S5LQC4UU2,head,2,7022,"0,14527,5612>7022",35,9+,7,2,0.012134432792663574,control,2.626678466796875
ABU0S5LQC4UU2:10:B0089RPUHO,ABU0S5LQC4UU2,head,3,20901,"0,14527,5612,7022>20901",7,5-8,1,0,,ineligible,-0.10267829895019531
AC04O7AYHEKJ5:41:B00BQYQZZS,AC04O7AYHEKJ5,head,0,2244,0>2244,30,9+,345,1,,control,-2.8327865600585938
AC04O7AYHEKJ5:41:B00BQYQZZS,AC04O7AYHEKJ5,head,1,3797,"0,2244>3797",29,9+,11,2,0.008183121681213379,control,-0.26766204833984375
AC04O7AYHEKJ5:41:B00BQYQZZS,AC04O7AYHEKJ5,head,2,10696,"0,2244,3797>10696",11,9+,1,0,,ineligible,4.625604629516602
AC1YLEFC9AN5X:19:B00CFWWD6U,AC1YLEFC9AN5X,head,0,19903,0>19903,30,9+,192,1,,control,0.5462493896484375
AC1YLEFC9AN5X:19:B00CFWWD6U,AC1YLEFC9AN5X,head,1,3427,"0,19903>3427",23,9+,30,1,,control,1.7171249389648438
AC1YLEFC9AN5X:19:B00CFWWD6U,AC1YLEFC9AN5X,head,2,9733,"0,19903,3427>9733",21,9+,5,1,,control,10.797309875488281
AC1YLEFC9AN5X:19:B00CFWWD6U,AC1YLEFC9AN5X,head,3,21168,"0,19903,3427,9733>21168",5,5-8,1,0,,ineligible,13.116495132446289
AC4XV78EJG1QB:3:B0016A56EI,AC4XV78EJG1QB,tail,0,2100,0>2100,30,9+,1270,1,,control,-1.0689697265625
AC4XV78EJG1QB:3:B0016A56EI,AC4XV78EJG1QB,tail,1,11144,"0,2100>11144",31,9+,25,2,0.011710703372955322,control,-1.5381546020507812
AC4XV78EJG1QB:3:B0016A56EI,AC4XV78EJG1QB,tail,2,7437,"0,2100,11144>7437",19,9+,1,0,,ineligible,-2.003786087036133
AC5VKERYI9XE4:1:B001G60J1M,AC5VKERYI9XE4,tail,0,740,0>740,30,9+,1209,1,,control,0.6053962707519531
AC5VKERYI9XE4:1:B001G60J1M,AC5VKERYI9XE4,tail,1,5487,"0,740>5487",53,9+,19,1,,control,-1.7593269348144531
AC5VKERYI9XE4:1:B001G60J1M,AC5VKERYI9XE4,tail,2,8320,"0,740,5487>8320",14,9+,1,0,,ineligible,-1.7921943664550781
AC6LV5D2RKTIR:5:B0039MIPQC,AC6LV5D2RKTIR,head,0,2100,0>2100,30,9+,1270,1,,control,0.47426605224609375
AC6LV5D2RKTIR:5:B0039MIPQC,AC6LV5D2RKTIR,head,1,1996,"0,2100>1996",31,9+,84,1,,control,-0.8755035400390625
AC6LV5D2RKTIR:5:B0039MIPQC,AC6LV5D2RKTIR,head,2,6090,"0,2100,1996>6090",30,9+,4,1,,control,3.016429901123047
AC6LV5D2RKTIR:5:B0039MIPQC,AC6LV5D2RKTIR,head,3,2296,"0,2100,1996,6090>2296",3,3-4,1,0,,ineligible,4.741603851318359
AC7AY7GU4GKID:1:B000031XDE,AC7AY7GU4GKID,tail,0,25636,0>25636,30,9+,259,1,,control,1.4404029846191406
AC7AY7GU4GKID:1:B000031XDE,AC7AY7GU4GKID,tail,1,2252,"0,25636>2252",27,9+,16,1,,control,0.016798019409179688
AC7AY7GU4GKID:1:B000031XDE,AC7AY7GU4GKID,tail,2,25327,"0,25636,2252>25327",15,9+,1,0,,ineligible,0.28073978424072266
AC87179T1S37M:2:B008AWFWA8,AC87179T1S37M,head,0,3127,0>3127,30,9+,700,1,,control,-2.7334823608398438
AC87179T1S37M:2:B008AWFWA8,AC87179T1S37M,head,1,303,"0,3127>303",21,9+,161,1,,control,-0.6269035339355469
AC87179T1S37M:2:B008AWFWA8,AC87179T1S37M,head,2,8497,"0,3127,303>8497",100,9+,3,1,,control,4.001735687255859
AC87179T1S37M:2:B008AWFWA8,AC87179T1S37M,head,3,22958,"0,3127,303,8497>22958",3,3-4,1,0,,ineligible,4.584233283996582
ACH1YOSGB89BC:3:B002VC2T5O,ACH1YOSGB89BC,tail,0,11109,0>11109,30,9+,320,1,,control,-2.8100929260253906
ACH1YOSGB89BC:3:B002VC2T5O,ACH1YOSGB89BC,tail,1,19239,"0,11109>19239",27,9+,34,2,0.005622267723083496,control,3.1939430236816406
ACH1YOSGB89BC:3:B002VC2T5O,ACH1YOSGB89BC,tail,2,7334,"0,11109,19239>7334",27,9+,2,0,,ineligible,3.334379196166992
ACH1YOSGB89BC:3:B002VC2T5O,ACH1YOSGB89BC,tail,3,13854,"0,11109,19239,7334>13854",2,2,1,0,,ineligible,-0.48047351837158203
ACK72XZ7UMERX:1:B001COHSPS,ACK72XZ7UMERX,tail,0,3127,0>3127,30,9+,700,1,,control,-1.0863418579101562
ACK72XZ7UMERX:1:B001COHSPS,ACK72XZ7UMERX,tail,1,26141,"0,3127>26141",21,9+,25,2,0.006571650505065918,control,-2.162973403930664
ACK72XZ7UMERX:1:B001COHSPS,ACK72XZ7UMERX,tail,2,2078,"0,3127,26141>2078",14,9+,1,0,,ineligible,-2.608642578125
ACR4HKUT808U1:21:B004ORT3OY,ACR4HKUT808U1,head,0,2244,0>2244,30,9+,345,1,,control,0.09306716918945312
ACR4HKUT808U1:21:B004ORT3OY,ACR4HKUT808U1,head,1,151,"0,2244>151",29,9+,46,1,,control,1.1578941345214844
ACR4HKUT808U1:21:B004ORT3OY,ACR4HKUT808U1,head,2,7724,"0,2244,151>7724",38,9+,1,0,,ineligible,2.395082473754883
AD0WUBKBO21KK:4:B008KCQRPW,AD0WUBKBO21KK,head,0,2100,0>2100,30,9+,1270,1,,control,-2.3029556274414062
AD0WUBKBO21KK:4:B008KCQRPW,AD0WUBKBO21KK,head,1,1073,"0,2100>1073",31,9+,199,1,,control,1.6315231323242188
AD0WUBKBO21KK:4:B008KCQRPW,AD0WUBKBO21KK,head,2,8376,"0,2100,1073>8376",31,9+,21,1,,control,4.977531433105469
AD0WUBKBO21KK:4:B008KCQRPW,AD0WUBKBO21KK,head,3,20176,"0,2100,1073,8376>20176",21,9+,1,0,,ineligible,3.640533447265625
AD2RCQ0YVU9CL:19:B002RL7VNY,AD2RCQ0YVU9CL,head,0,740,0>740,30,9+,1209,1,,control,2.236980438232422
AD2RCQ0YVU9CL:19:B002RL7VNY,AD2RCQ0YVU9CL,head,1,90,"0,740>90",53,9+,189,1,,control,0.5302619934082031
AD2RCQ0YVU9CL:19:B002RL7VNY,AD2RCQ0YVU9CL,head,2,3829,"0,740,90>3829",141,9+,2,0,,ineligible,1.2664260864257812
AD2RCQ0YVU9CL:19:B002RL7VNY,AD2RCQ0YVU9CL,head,3,8637,"0,740,90,3829>8637",2,2,1,0,,ineligible,5.121150970458984
AD8V3PZKCDZJC:7:B00C6PXVEY,AD8V3PZKCDZJC,tail,0,11604,0>11604,30,9+,220,1,,control,-1.0471954345703125
AD8V3PZKCDZJC:7:B00C6PXVEY,AD8V3PZKCDZJC,tail,1,9543,"0,11604>9543",29,9+,5,1,,control,-2.2588043212890625
AD8V3PZKCDZJC:7:B00C6PXVEY,AD8V3PZKCDZJC,tail,2,30429,"0,11604,9543>30429",3,3-4,1,0,,ineligible,3.7388200759887695
ADEQBO5LYWCEQ:1:B000JLPAK0,ADEQBO5LYWCEQ,head,0,2341,0>2341,30,9+,490,1,,control,-0.9781990051269531
ADEQBO5LYWCEQ:1:B000JLPAK0,ADEQBO5LYWCEQ,head,1,26141,"0,2341>26141",23,9+,11,2,0.006571650505065918,control,-1.7729873657226562
ADEQBO5LYWCEQ:1:B000JLPAK0,ADEQBO5LYWCEQ,head,2,31089,"0,2341,26141>31089",10,9+,1,0,,ineligible,2.6190567016601562
ADFPSCR19NA33:1:B004478GQ0,ADFPSCR19NA33,tail,0,740,0>740,30,9+,1209,1,,control,-3.5596542358398438
ADFPSCR19NA33:1:B004478GQ0,ADFPSCR19NA33,tail,1,90,"0,740>90",53,9+,189,1,,control,2.235595703125
ADFPSCR19NA33:1:B004478GQ0,ADFPSCR19NA33,tail,2,1156,"0,740,90>1156",141,9+,1,0,,ineligible,-5.846284866333008
ADLVFFE4VBT8:11:B001NLOPCO,ADLVFFE4VBT8,head,0,14527,0>14527,30,9+,388,1,,control,-3.068622589111328
ADLVFFE4VBT8:11:B001NLOPCO,ADLVFFE4VBT8,head,1,7860,"0,14527>7860",19,9+,24,1,,control,1.7058906555175781
ADLVFFE4VBT8:11:B001NLOPCO,ADLVFFE4VBT8,head,2,22012,"0,14527,7860>22012",15,9+,1,0,,ineligible,-0.9581470489501953
ADM0H7LHE8QQF:4:B009KBFXWK,ADM0H7LHE8QQF,tail,0,467,0>467,30,9+,1159,1,,control,7.1966552734375
ADM0H7LHE8QQF:4:B009KBFXWK,ADM0H7LHE8QQF,tail,1,1476,"0,467>1476",24,9+,556,1,,control,1.9719657897949219
ADM0H7LHE8QQF:4:B009KBFXWK,ADM0H7LHE8QQF,tail,2,15124,"0,467,1476>15124",186,9+,4,1,,control,0.7619972229003906
ADM0H7LHE8QQF:4:B009KBFXWK,ADM0H7LHE8QQF,tail,3,6761,"0,467,1476,15124>6761",4,3-4,1,0,,ineligible,7.840251922607422
ADWXLAKKZP2JC:7:B009SEOV40,ADWXLAKKZP2JC,tail,0,16352,0>16352,30,9+,180,1,,control,4.5070037841796875
ADWXLAKKZP2JC:7:B009SEOV40,ADWXLAKKZP2JC,tail,1,4729,"0,16352>4729",25,9+,5,1,,control,-0.96337890625
ADWXLAKKZP2JC:7:B009SEOV40,ADWXLAKKZP2JC,tail,2,3798,"0,16352,4729>3798",4,3-4,2,0,,ineligible,1.6475677490234375
ADWXLAKKZP2JC:7:B009SEOV40,ADWXLAKKZP2JC,tail,5,632,"0,16352,4729,3798,27871,988>632",2,2,1,0,,ineligible,-0.20692157745361328
ADYR709YFUVPF:10:B0027CS7BI,ADYR709YFUVPF,head,0,1871,0>1871,30,9+,482,1,,control,2.61773681640625
ADYR709YFUVPF:10:B0027CS7BI,ADYR709YFUVPF,head,1,14527,"0,1871>14527",29,9+,13,1,,control,-0.8083038330078125
ADYR709YFUVPF:10:B0027CS7BI,ADYR709YFUVPF,head,2,31294,"0,1871,14527>31294",12,9+,1,0,,ineligible,4.627882957458496
AE2GGAE39PFID:1:B00004TFXQ,AE2GGAE39PFID,head,0,740,0>740,30,9+,1209,1,,control,-1.1316795349121094
AE2GGAE39PFID:1:B00004TFXQ,AE2GGAE39PFID,head,1,540,"0,740>540",53,9+,9,1,,control,-1.786712646484375
AE2GGAE39PFID:1:B00004TFXQ,AE2GGAE39PFID,head,2,11725,"0,740,540>11725",7,5-8,1,0,,ineligible,0.4941883087158203
AEQQ148C4ERR4:16:B007S3S60I,AEQQ148C4ERR4,tail,0,12603,0>12603,30,9+,78,1,,control,-4.416168212890625
AEQQ148C4ERR4:16:B007S3S60I,AEQQ148C4ERR4,tail,1,6331,"0,12603>6331",16,9+,58,1,,control,2.9696788787841797
AEQQ148C4ERR4:16:B007S3S60I,AEQQ148C4ERR4,tail,2,994,"0,12603,6331>994",30,9+,1,0,,ineligible,-2.106138229370117
AERBY54RWPSO9:8:B007AR4ZA2,AERBY54RWPSO9,head,0,3186,0>3186,30,9+,268,1,,control,0.8445777893066406
AERBY54RWPSO9:8:B007AR4ZA2,AERBY54RWPSO9,head,1,23623,"0,3186>23623",21,9+,15,1,,control,2.692668914794922
AERBY54RWPSO9:8:B007AR4ZA2,AERBY54RWPSO9,head,2,24124,"0,3186,23623>24124",9,9+,4,1,,control,5.147993087768555
AERBY54RWPSO9:8:B007AR4ZA2,AERBY54RWPSO9,head,3,21139,"0,3186,23623,24124>21139",3,3-4,1,0,,ineligible,14.824827194213867
AESP85A047YKK:6:B00ADOFB16,AESP85A047YKK,tail,0,2244,0>2244,30,9+,345,1,,control,2.124797821044922
AESP85A047YKK:6:B00ADOFB16,AESP85A047YKK,tail,1,1355,"0,2244>1355",29,9+,10,1,,control,1.1159858703613281
AESP85A047YKK:6:B00ADOFB16,AESP85A047YKK,tail,2,2335,"0,2244,1355>2335",6,5-8,2,0,,ineligible,0.08093643188476562
AESP85A047YKK:6:B00ADOFB16,AESP85A047YKK,tail,3,3337,"0,2244,1355,2335>3337",2,2,1,0,,ineligible,2.1144866943359375
AETO9HTAJ7HJI:3:B004PS1IKY,AETO9HTAJ7HJI,tail,0,11604,0>11604,30,9+,220,1,,control,-4.357234954833984
AETO9HTAJ7HJI:3:B004PS1IKY,AETO9HTAJ7HJI,tail,1,306,"0,11604>306",29,9+,14,1,,control,1.5809593200683594
AETO9HTAJ7HJI:3:B004PS1IKY,AETO9HTAJ7HJI,tail,2,4833,"0,11604,306>4833",14,9+,1,0,,ineligible,0.9053020477294922
AEWQENYAQQ6WY:4:B00280MB48,AEWQENYAQQ6WY,tail,0,3127,0>3127,30,9+,700,1,,control,-1.9365768432617188
AEWQENYAQQ6WY:4:B00280MB48,AEWQENYAQQ6WY,tail,1,1394,"0,3127>1394",21,9+,44,2,0.0027943849563598633,control,1.323659896850586
AEWQENYAQQ6WY:4:B00280MB48,AEWQENYAQQ6WY,tail,2,3582,"0,3127,1394>3582",29,9+,1,0,,ineligible,-4.450214385986328
AF5AJ5V9T6LTS:2:B000BGT6CG,AF5AJ5V9T6LTS,tail,0,3127,0>3127,30,9+,700,1,,control,-1.7798843383789062
AF5AJ5V9T6LTS:2:B000BGT6CG,AF5AJ5V9T6LTS,tail,1,1394,"0,3127>1394",21,9+,44,2,0.0027943849563598633,control,0.23347854614257812
AF5AJ5V9T6LTS:2:B000BGT6CG,AF5AJ5V9T6LTS,tail,2,5963,"0,3127,1394>5963",29,9+,4,2,0.009359300136566162,control,-0.39417457580566406
AF5AJ5V9T6LTS:2:B000BGT6CG,AF5AJ5V9T6LTS,tail,3,27025,"0,3127,1394,5963>27025",2,2,1,0,,ineligible,-2.589543342590332
AFF80D8G3U4AC:2:B000HZAYU4,AFF80D8G3U4AC,tail,0,11109,0>11109,30,9+,320,1,,control,-3.1713943481445312
AFF80D8G3U4AC:2:B000HZAYU4,AFF80D8G3U4AC,tail,1,11769,"0,11109>11769",27,9+,5,1,,control,-3.0208816528320312
AFF80D8G3U4AC:2:B000HZAYU4,AFF80D8G3U4AC,tail,2,2700,"0,11109,11769>2700",4,3-4,2,0,,ineligible,2.6125144958496094
AFF80D8G3U4AC:2:B000HZAYU4,AFF80D8G3U4AC,tail,3,23337,"0,11109,11769,2700>23337",2,2,1,0,,ineligible,38.68743896484375
AFG4HIHMX312C:18:B0057QVRL8,AFG4HIHMX312C,head,0,14527,0>14527,30,9+,388,1,,control,-1.9064559936523438
AFG4HIHMX312C:18:B0057QVRL8,AFG4HIHMX312C,head,1,1370,"0,14527>1370",19,9+,50,1,,control,-0.8053703308105469
AFG4HIHMX312C:18:B0057QVRL8,AFG4HIHMX312C,head,2,14369,"0,14527,1370>14369",42,9+,1,0,,ineligible,2.3895606994628906
AFL7ODW27L3O6:8:B00006BMQK,AFL7ODW27L3O6,tail,0,2412,0>2412,30,9+,354,1,,control,7.881282806396484
AFL7ODW27L3O6:8:B00006BMQK,AFL7ODW27L3O6,tail,1,14421,"0,2412>14421",20,9+,65,1,,control,0.8599433898925781
AFL7ODW27L3O6:8:B00006BMQK,AFL7ODW27L3O6,tail,2,22642,"0,2412,14421>22642",57,9+,1,0,,ineligible,0.7957592010498047
AFLO03MVE0R9N:1:B0061J30VU,AFLO03MVE0R9N,head,0,14527,0>14527,30,9+,388,1,,control,2.1845054626464844
AFLO03MVE0R9N:1:B0061J30VU,AFLO03MVE0R9N,head,1,5612,"0,14527>5612",19,9+,51,1,,control,-1.6882362365722656
AFLO03MVE0R9N:1:B0061J30VU,AFLO03MVE0R9N,head,2,22552,"0,14527,5612>22552",35,9+,1,0,,ineligible,-1.337167739868164
AFM2A391J0HIV:2:B00AW6XYKK,AFM2A391J0HIV,tail,0,1041,0>1041,30,9+,628,1,,control,2.3213577270507812
AFM2A391J0HIV:2:B00AW6XYKK,AFM2A391J0HIV,tail,1,3575,"0,1041>3575",27,9+,20,1,,control,1.2017364501953125
AFM2A391J0HIV:2:B00AW6XYKK,AFM2A391J0HIV,tail,2,23092,"0,1041,3575>23092",17,9+,1,0,,ineligible,8.460918426513672
AFO678EAGH4Y9:13:B00GTCKNYQ,AFO678EAGH4Y9,head,0,14527,0>14527,30,9+,388,1,,control,-2.525318145751953
AFO678EAGH4Y9:13:B00GTCKNYQ,AFO678EAGH4Y9,head,1,5612,"0,14527>5612",19,9+,51,1,,control,3.6740493774414062
AFO678EAGH4Y9:13:B00GTCKNYQ,AFO678EAGH4Y9,head,2,7022,"0,14527,5612>7022",35,9+,7,2,0.012134432792663574,control,4.491966247558594
AFO678EAGH4Y9:13:B00GTCKNYQ,AFO678EAGH4Y9,head,3,7045,"0,14527,5612,7022>7045",7,5-8,1,0,,ineligible,0.24922752380371094
AFR091DEME9ZL:1:B000HGJJGI,AFR091DEME9ZL,head,0,2100,0>2100,30,9+,1270,1,,control,0.01799774169921875
AFR091DEME9ZL:1:B000HGJJGI,AFR091DEME9ZL,head,1,2056,"0,2100>2056",31,9+,66,2,0.0024385452270507812,control,-0.91107177734375
AFR091DEME9ZL:1:B000HGJJGI,AFR091DEME9ZL,head,2,6884,"0,2100,2056>6884",25,9+,9,1,,control,1.2178916931152344
AFR091DEME9ZL:1:B000HGJJGI,AFR091DEME9ZL,head,3,24905,"0,2100,2056,6884>24905",9,9+,1,0,,ineligible,0.3379173278808594
AFTJGKMPC7A6G:4:B004GKKO56,AFTJGKMPC7A6G,tail,0,14295,0>14295,30,9+,759,1,,control,-1.7714424133300781
AFTJGKMPC7A6G:4:B004GKKO56,AFTJGKMPC7A6G,tail,1,13593,"0,14295>13593",44,9+,18,1,,control,-1.6297378540039062
AFTJGKMPC7A6G:4:B004GKKO56,AFTJGKMPC7A6G,tail,2,757,"0,14295,13593>757",16,9+,2,0,,ineligible,-2.5559768676757812
AFTJGKMPC7A6G:4:B004GKKO56,AFTJGKMPC7A6G,tail,4,697,"0,14295,13593,757,13693>697",2,2,1,0,,ineligible,0.9208335876464844
AFXMFSYC1P8UA:1:B000PC62EQ,AFXMFSYC1P8UA,tail,0,3127,0>3127,30,9+,700,1,,control,0.044589996337890625
AFXMFSYC1P8UA:1:B000PC62EQ,AFXMFSYC1P8UA,tail,1,303,"0,3127>303",21,9+,161,1,,control,5.208040237426758
AFXMFSYC1P8UA:1:B000PC62EQ,AFXMFSYC1P8UA,tail,2,18413,"0,3127,303>18413",100,9+,2,0,,ineligible,0.23738861083984375
AFXMFSYC1P8UA:1:B000PC62EQ,AFXMFSYC1P8UA,tail,3,7398,"0,3127,303,18413>7398",2,2,1,0,,ineligible,4.115120887756348
AG0830H1DBLD:13:B00004U327,AG0830H1DBLD,tail,0,14295,0>14295,30,9+,759,1,,control,1.8941421508789062
AG0830H1DBLD:13:B00004U327,AG0830H1DBLD,tail,1,5065,"0,14295>5065",44,9+,12,1,,control,-0.10638809204101562
AG0830H1DBLD:13:B00004U327,AG0830H1DBLD,tail,2,5391,"0,14295,5065>5391",12,9+,1,0,,ineligible,3.347810745239258
AG1JZXJ1VZ1HW:2:B004U52VPS,AG1JZXJ1VZ1HW,head,0,12603,0>12603,30,9+,78,1,,control,-2.756397247314453
AG1JZXJ1VZ1HW:2:B004U52VPS,AG1JZXJ1VZ1HW,head,1,6331,"0,12603>6331",16,9+,58,1,,control,4.117223739624023
AG1JZXJ1VZ1HW:2:B004U52VPS,AG1JZXJ1VZ1HW,head,2,7673,"0,12603,6331>7673",30,9+,1,0,,ineligible,1.3345718383789062
AGFGY4EJ37VS2:27:B00FAQW0N4,AGFGY4EJ37VS2,head,0,2948,0>2948,30,9+,297,1,,control,-2.571197509765625
AGFGY4EJ37VS2:27:B00FAQW0N4,AGFGY4EJ37VS2,head,1,7620,"0,2948>7620",27,9+,8,2,0.00869739055633545,control,-1.4833793640136719
AGFGY4EJ37VS2:27:B00FAQW0N4,AGFGY4EJ37VS2,head,2,9858,"0,2948,7620>9858",8,5-8,1,0,,ineligible,11.087244033813477
AGIOT5X725BZ2:2:B0002AUWKG,AGIOT5X725BZ2,head,0,2341,0>2341,30,9+,490,1,,control,1.4498291015625
AGIOT5X725BZ2:2:B0002AUWKG,AGIOT5X725BZ2,head,1,159,"0,2341>159",23,9+,39,1,,control,-0.6082725524902344
AGIOT5X725BZ2:2:B0002AUWKG,AGIOT5X725BZ2,head,2,4226,"0,2341,159>4226",32,9+,4,2,0.01696646213531494,control,1.4428482055664062
AGIOT5X725BZ2:2:B0002AUWKG,AGIOT5X725BZ2,head,3,17997,"0,2341,159,4226>17997",4,3-4,1,0,,ineligible,2.3078041076660156
AGIR4MLM5NFRZ:29:B00CEUMJ62,AGIR4MLM5NFRZ,head,0,17582,0>17582,30,9+,408,1,,control,-1.9966278076171875
AGIR4MLM5NFRZ:29:B00CEUMJ62,AGIR4MLM5NFRZ,head,1,1035,"0,17582>1035",24,9+,10,1,,control,2.574737548828125
AGIR4MLM5NFRZ:29:B00CEUMJ62,AGIR4MLM5NFRZ,head,2,7171,"0,17582,1035>7171",6,5-8,3,1,,control,3.2325515747070312
AGIR4MLM5NFRZ:29:B00CEUMJ62,AGIR4MLM5NFRZ,head,3,11911,"0,17582,1035,7171>11911",3,3-4,1,0,,ineligible,1.5311532020568848
AGKM1ZJ70DSSH:4:B001SOIWM0,AGKM1ZJ70DSSH,tail,0,467,0>467,30,9+,1159,1,,control,0.4391212463378906
AGKM1ZJ70DSSH:4:B001SOIWM0,AGKM1ZJ70DSSH,tail,1,17996,"0,467>17996",24,9+,15,1,,control,-2.5577545166015625
AGKM1ZJ70DSSH:4:B001SOIWM0,AGKM1ZJ70DSSH,tail,2,17686,"0,467,17996>17686",11,9+,1,0,,ineligible,-1.1195793151855469
AGOS889EYCZ6I:10:B00C74HY88,AGOS889EYCZ6I,tail,0,3186,0>3186,30,9+,268,1,,control,0.8314132690429688
AGOS889EYCZ6I:10:B00C74HY88,AGOS889EYCZ6I,tail,1,78,"0,3186>78",21,9+,9,1,,control,5.127893447875977
AGOS889EYCZ6I:10:B00C74HY88,AGOS889EYCZ6I,tail,2,3374,"0,3186,78>3374",7,5-8,1,0,,ineligible,-0.2977256774902344
AGVDI7RLT24WJ:21:B006WZLGXW,AGVDI7RLT24WJ,head,0,17582,0>17582,30,9+,408,1,,control,-2.240428924560547
AGVDI7RLT24WJ:21:B006WZLGXW,AGVDI7RLT24WJ,head,1,9516,"0,17582>9516",24,9+,16,4,0.014461855093638102,control,-0.8448066711425781
AGVDI7RLT24WJ:21:B006WZLGXW,AGVDI7RLT24WJ,head,2,21300,"0,17582,9516>21300",13,9+,3,1,,control,7.822706699371338
AGVDI7RLT24WJ:21:B006WZLGXW,AGVDI7RLT24WJ,head,3,1228,"0,17582,9516,21300>1228",3,3-4,1,0,,ineligible,7.858119487762451
AGWQZVZL4CAYH:2:B003LPV8CU,AGWQZVZL4CAYH,tail,0,26190,0>26190,30,9+,112,1,,control,-1.863372802734375
AGWQZVZL4CAYH:2:B003LPV8CU,AGWQZVZL4CAYH,tail,1,6253,"0,26190>6253",29,9+,14,1,,control,1.1660919189453125
AGWQZVZL4CAYH:2:B003LPV8CU,AGWQZVZL4CAYH,tail,2,13069,"0,26190,6253>13069",11,9+,1,0,,ineligible,0.3608684539794922
AH2NK070RRACR:8:B004XONSLC,AH2NK070RRACR,tail,0,740,0>740,30,9+,1209,1,,control,1.2849617004394531
AH2NK070RRACR:8:B004XONSLC,AH2NK070RRACR,tail,1,23693,"0,740>23693",53,9+,11,2,0.00853639841079712,control,-3.3011016845703125
AH2NK070RRACR:8:B004XONSLC,AH2NK070RRACR,tail,2,5840,"0,740,23693>5840",6,5-8,1,0,,ineligible,-0.8451328277587891
AH76BAW0W0PZ6:2:B0024H7OF6,AH76BAW0W0PZ6,head,0,467,0>467,30,9+,1159,1,,control,5.014736175537109
AH76BAW0W0PZ6:2:B0024H7OF6,AH76BAW0W0PZ6,head,1,1476,"0,467>1476",24,9+,556,1,,control,1.939453125
AH76BAW0W0PZ6:2:B0024H7OF6,AH76BAW0W0PZ6,head,2,422,"0,467,1476>422",186,9+,7,1,,control,2.82452392578125
AH76BAW0W0PZ6:2:B0024H7OF6,AH76BAW0W0PZ6,head,3,20927,"0,467,1476,422>20927",7,5-8,1,0,,ineligible,-0.15998077392578125
AH7JE5Y8N56JZ:2:B001HZBRO0,AH7JE5Y8N56JZ,tail,0,740,0>740,30,9+,1209,1,,control,-3.05950927734375
AH7JE5Y8N56JZ:2:B001HZBRO0,AH7JE5Y8N56JZ,tail,1,10138,"0,740>10138",53,9+,7,1,,control,-1.7199935913085938
AH7JE5Y8N56JZ:2:B001HZBRO0,AH7JE5Y8N56JZ,tail,2,14260,"0,740,10138>14260",5,5-8,3,1,,control,2.985269546508789
AH7JE5Y8N56JZ:2:B001HZBRO0,AH7JE5Y8N56JZ,tail,3,20940,"0,740,10138,14260>20940",3,3-4,1,0,,ineligible,5.428954124450684
AHCB4316MB6UM:5:B00934IV9G,AHCB4316MB6UM,tail,0,5364,0>5364,30,9+,319,1,,control,-1.4449958801269531
AHCB4316MB6UM:5:B00934IV9G,AHCB4316MB6UM,tail,1,14957,"0,5364>14957",25,9+,39,1,,control,4.205265045166016
AHCB4316MB6UM:5:B00934IV9G,AHCB4316MB6UM,tail,2,21940,"0,5364,14957>21940",22,9+,1,0,,ineligible,6.402045249938965
AHLF5V8B3Z8C7:2:B00349MPQQ,AHLF5V8B3Z8C7,head,0,467,0>467,30,9+,1159,1,,control,-2.776874542236328
AHLF5V8B3Z8C7:2:B00349MPQQ,AHLF5V8B3Z8C7,head,1,1476,"0,467>1476",24,9+,556,1,,control,1.28704833984375
AHLF5V8B3Z8C7:2:B00349MPQQ,AHLF5V8B3Z8C7,head,2,11354,"0,467,1476>11354",186,9+,6,1,,control,-3.477802276611328
AHLF5V8B3Z8C7:2:B00349MPQQ,AHLF5V8B3Z8C7,head,3,5865,"0,467,1476,11354>5865",6,5-8,1,0,,ineligible,5.680880546569824
AHX12MOTJPWLA:6:B000OC2W50,AHX12MOTJPWLA,head,0,3203,0>3203,30,9+,353,1,,control,-2.3569107055664062
AHX12MOTJPWLA:6:B000OC2W50,AHX12MOTJPWLA,head,1,3380,"0,3203>3380",28,9+,15,1,,control,0.8855247497558594
AHX12MOTJPWLA:6:B000OC2W50,AHX12MOTJPWLA,head,2,4088,"0,3203,3380>4088",14,9+,1,0,,ineligible,2.677443504333496
AHXMDCU0N15TN:21:B000ELQVAI,AHXMDCU0N15TN,head,0,740,0>740,30,9+,1209,1,,control,-0.05681610107421875
AHXMDCU0N15TN:21:B000ELQVAI,AHXMDCU0N15TN,head,1,9013,"0,740>9013",53,9+,23,2,0.0030452609062194824,control,-0.6356048583984375
AHXMDCU0N15TN:21:B000ELQVAI,AHXMDCU0N15TN,head,2,7567,"0,740,9013>7567",18,9+,1,0,,ineligible,2.1276321411132812
AI8XVVYFDL2CA:3:B007Q0OJ04,AI8XVVYFDL2CA,tail,0,740,0>740,30,9+,1209,1,,control,3.370227813720703
AI8XVVYFDL2CA:3:B007Q0OJ04,AI8XVVYFDL2CA,tail,1,90,"0,740>90",53,9+,189,1,,control,0.09674453735351562
AI8XVVYFDL2CA:3:B007Q0OJ04,AI8XVVYFDL2CA,tail,2,2157,"0,740,90>2157",141,9+,1,0,,ineligible,-0.05082130432128906
AIK7DWHFRGWJW:4:B00146K0I6,AIK7DWHFRGWJW,head,0,2341,0>2341,30,9+,490,1,,control,0.7093505859375
AIK7DWHFRGWJW:4:B00146K0I6,AIK7DWHFRGWJW,head,1,17582,"0,2341>17582",23,9+,12,1,,control,-0.8117103576660156
AIK7DWHFRGWJW:4:B00146K0I6,AIK7DWHFRGWJW,head,2,11091,"0,2341,17582>11091",12,9+,1,0,,ineligible,-0.15463638305664062
AILVRA5HKI7LV:8:B0089RPUHE,AILVRA5HKI7LV,head,0,14527,0>14527,30,9+,388,1,,control,0.6930694580078125
AILVRA5HKI7LV:8:B0089RPUHE,AILVRA5HKI7LV,head,1,20901,"0,14527>20901",19,9+,31,1,,control,-2.0475730895996094
AILVRA5HKI7LV:8:B0089RPUHE,AILVRA5HKI7LV,head,2,22230,"0,14527,20901>22230",29,9+,1,0,,ineligible,1.3535709381103516
AINI7U6PRU3ZB:4:B0044KN86A,AINI7U6PRU3ZB,head,0,14295,0>14295,30,9+,759,1,,control,3.3642311096191406
AINI7U6PRU3ZB:4:B0044KN86A,AINI7U6PRU3ZB,head,1,6330,"0,14295>6330",44,9+,28,1,,control,-2.3944053649902344
AINI7U6PRU3ZB:4:B0044KN86A,AINI7U6PRU3ZB,head,2,10428,"0,14295,6330>10428",22,9+,1,0,,ineligible,-0.20688247680664062
AIYAGV13FH0G8:2:B00008W72D,AIYAGV13FH0G8,head,0,740,0>740,30,9+,1209,1,,control,-0.8812942504882812
AIYAGV13FH0G8:2:B00008W72D,AIYAGV13FH0G8,head,1,6438,"0,740>6438",53,9+,50,2,0.0027341842651367188,control,-0.18531036376953125
AIYAGV13FH0G8:2:B00008W72D,AIYAGV13FH0G8,head,2,4088,"0,740,6438>4088",42,9+,1,0,,ineligible,1.049546241760254
AJ2FDNZ3COBFN:17:B009TN9OW4,AJ2FDNZ3COBFN,head,0,26190,0>26190,30,9+,112,1,,control,-2.7919921875
AJ2FDNZ3COBFN:17:B009TN9OW4,AJ2FDNZ3COBFN,head,1,6253,"0,26190>6253",29,9+,14,1,,control,2.3400306701660156
AJ2FDNZ3COBFN:17:B009TN9OW4,AJ2FDNZ3COBFN,head,2,3214,"0,26190,6253>3214",11,9+,1,0,,ineligible,6.580070495605469
AJ75JYABQZLXQ:3:B004HPFGRQ,AJ75JYABQZLXQ,tail,0,19903,0>19903,30,9+,192,1,,control,0.7532768249511719
AJ75JYABQZLXQ:3:B004HPFGRQ,AJ75JYABQZLXQ,tail,1,26783,"0,19903>26783",23,9+,4,1,,control,-0.8122482299804688
AJ75JYABQZLXQ:3:B004HPFGRQ,AJ75JYABQZLXQ,tail,2,7567,"0,19903,26783>7567",2,2,2,0,,ineligible,6.810666084289551
AJ75JYABQZLXQ:3:B004HPFGRQ,AJ75JYABQZLXQ,tail,4,3383,"0,19903,26783,7567,17274>3383",2,2,1,0,,ineligible,6.203878879547119
AJ7VVCALVT8KP:5:B007EA6RLU,AJ7VVCALVT8KP,tail,0,2341,0>2341,30,9+,490,1,,control,-4.888301849365234
AJ7VVCALVT8KP:5:B007EA6RLU,AJ7VVCALVT8KP,tail,1,13546,"0,2341>13546",23,9+,40,1,,control,0.08635330200195312
AJ7VVCALVT8KP:5:B007EA6RLU,AJ7VVCALVT8KP,tail,2,6871,"0,2341,13546>6871",33,9+,1,0,,ineligible,-4.309835433959961
AJ84NM13BG7O9:1:B0006NDBYI,AJ84NM13BG7O9,tail,0,3186,0>3186,30,9+,268,1,,control,-2.536754608154297
AJ84NM13BG7O9:1:B0006NDBYI,AJ84NM13BG7O9,tail,1,19121,"0,3186>19121",21,9+,65,2,0.007022261619567871,control,1.2193927764892578
AJ84NM13BG7O9:1:B0006NDBYI,AJ84NM13BG7O9,tail,2,6655,"0,3186,19121>6655",59,9+,1,0,,ineligible,-3.3557357788085938
AJETFLAXRDTKJ:3:B0063NLRYQ,AJETFLAXRDTKJ,tail,0,11604,0>11604,30,9+,220,1,,control,4.510597229003906
AJETFLAXRDTKJ:3:B0063NLRYQ,AJETFLAXRDTKJ,tail,1,24046,"0,11604>24046",29,9+,7,1,,control,3.9398880004882812
AJETFLAXRDTKJ:3:B0063NLRYQ,AJETFLAXRDTKJ,tail,2,3515,"0,11604,24046>3515",3,3-4,5,1,,control,1.722269058227539
AJETFLAXRDTKJ:3:B0063NLRYQ,AJETFLAXRDTKJ,tail,4,2093,"0,11604,24046,3515,1497>2093",2,2,3,1,,control,7.870288848876953
AJETFLAXRDTKJ:3:B0063NLRYQ,AJETFLAXRDTKJ,tail,5,357,"0,11604,24046,3515,1497,2093>357",3,3-4,1,0,,ineligible,3.276376724243164
AJK7XO8EFV2KN:1:B00005ME51,AJK7XO8EFV2KN,tail,0,2100,0>2100,30,9+,1270,1,,control,-0.07727432250976562
AJK7XO8EFV2KN:1:B00005ME51,AJK7XO8EFV2KN,tail,1,2983,"0,2100>2983",31,9+,8,1,,control,-4.1175994873046875
AJK7XO8EFV2KN:1:B00005ME51,AJK7XO8EFV2KN,tail,2,13762,"0,2100,2983>13762",6,5-8,1,0,,ineligible,3.913738250732422
AJMM5SQ28GT74:6:B001QMPWB8,AJMM5SQ28GT74,tail,0,2341,0>2341,30,9+,490,1,,control,0.02197265625
AJMM5SQ28GT74:6:B001QMPWB8,AJMM5SQ28GT74,tail,1,159,"0,2341>159",23,9+,39,1,,control,0.16406631469726562
AJMM5SQ28GT74:6:B001QMPWB8,AJMM5SQ28GT74,tail,2,19919,"0,2341,159>19919",32,9+,1,0,,ineligible,-2.1224822998046875
AJPTLKQ9P0XTU:1:B000N40SDC,AJPTLKQ9P0XTU,head,0,2100,0>2100,30,9+,1270,1,,control,0.6117820739746094
AJPTLKQ9P0XTU:1:B000N40SDC,AJPTLKQ9P0XTU,head,1,1073,"0,2100>1073",31,9+,199,1,,control,-1.2982215881347656
AJPTLKQ9P0XTU:1:B000N40SDC,AJPTLKQ9P0XTU,head,2,8376,"0,2100,1073>8376",31,9+,21,1,,control,0.6683082580566406
AJPTLKQ9P0XTU:1:B000N40SDC,AJPTLKQ9P0XTU,head,3,1676,"0,2100,1073,8376>1676",21,9+,1,0,,ineligible,-0.5044040679931641
AJQ506EP7A9MS:2:B000UI8CQG,AJQ506EP7A9MS,head,0,26190,0>26190,30,9+,112,1,,control,-5.836357116699219
AJQ506EP7A9MS:2:B000UI8CQG,AJQ506EP7A9MS,head,1,3844,"0,26190>3844",29,9+,1,0,,ineligible,-0.7321262359619141
AJTBVZXDEQ04T:1:B001MY20X8,AJTBVZXDEQ04T,tail,0,467,0>467,30,9+,1159,1,,control,-0.08275604248046875
AJTBVZXDEQ04T:1:B001MY20X8,AJTBVZXDEQ04T,tail,1,895,"0,467>895",24,9+,195,1,,control,-0.8769073486328125
AJTBVZXDEQ04T:1:B001MY20X8,AJTBVZXDEQ04T,tail,2,2190,"0,467,895>2190",74,9+,51,1,,control,2.068601608276367
AJTBVZXDEQ04T:1:B001MY20X8,AJTBVZXDEQ04T,tail,3,5598,"0,467,895,2190>5598",49,9+,1,0,,ineligible,-1.5652027130126953
AJV985MKGCIQ0:1:B006BLH4XI,AJV985MKGCIQ0,head,0,3203,0>3203,30,9+,353,1,,control,-0.9796562194824219
AJV985MKGCIQ0:1:B006BLH4XI,AJV985MKGCIQ0,head,1,4322,"0,3203>4322",28,9+,42,1,,control,-0.0137481689453125
AJV985MKGCIQ0:1:B006BLH4XI,AJV985MKGCIQ0,head,2,8191,"0,3203,4322>8191",39,9+,1,0,,ineligible,2.264789581298828
AK1MTEAGVZ184:4:B001W2WKS0,AK1MTEAGVZ184,head,0,14527,0>14527,30,9+,388,1,,control,2.0580177307128906
AK1MTEAGVZ184:4:B001W2WKS0,AK1MTEAGVZ184,head,1,1431,"0,14527>1431",19,9+,9,1,,control,-4.423393249511719
AK1MTEAGVZ184:4:B001W2WKS0,AK1MTEAGVZ184,head,2,2685,"0,14527,1431>2685",9,9+,1,0,,ineligible,4.4181013107299805
AK1YEMF8JMS34:1:B00DMC6KAC,AK1YEMF8JMS34,head,0,14351,0>14351,30,9+,196,1,,control,-2.897724151611328
AK1YEMF8JMS34:1:B00DMC6KAC,AK1YEMF8JMS34,head,1,15073,"0,14351>15073",25,9+,33,1,,control,1.2040290832519531
AK1YEMF8JMS34:1:B00DMC6KAC,AK1YEMF8JMS34,head,2,1928,"0,14351,15073>1928",28,9+,1,0,,ineligible,2.550271987915039
AK2QD2929A0F0:1:B005JFNE8G,AK2QD2929A0F0,head,0,467,0>467,30,9+,1159,1,,control,-1.4130859375
AK2QD2929A0F0:1:B005JFNE8G,AK2QD2929A0F0,head,1,895,"0,467>895",24,9+,195,1,,control,-1.3041038513183594
AK2QD2929A0F0:1:B005JFNE8G,AK2QD2929A0F0,head,2,12540,"0,467,895>12540",74,9+,6,1,,control,0.11769485473632812
AK2QD2929A0F0:1:B005JFNE8G,AK2QD2929A0F0,head,3,20302,"0,467,895,12540>20302",6,5-8,1,0,,ineligible,-0.6875200271606445
AK5N629CG3PCT:1:B00001R3PJ,AK5N629CG3PCT,tail,0,25636,0>25636,30,9+,259,1,,control,-2.644866943359375
AK5N629CG3PCT:1:B00001R3PJ,AK5N629CG3PCT,tail,1,7180,"0,25636>7180",27,9+,22,2,0.0053327083587646484,control,-1.591775894165039
AK5N629CG3PCT:1:B00001R3PJ,AK5N629CG3PCT,tail,2,3143,"0,25636,7180>3143",20,9+,1,0,,ineligible,-2.0719246864318848
AK65APA9ILAR0:3:B000IV77M0,AK65APA9ILAR0,tail,0,17582,0>17582,30,9+,408,1,,control,0.6299781799316406
AK65APA9ILAR0:3:B000IV77M0,AK65APA9ILAR0,tail,1,8553,"0,17582>8553",24,9+,31,2,0.006439208984375,control,2.815715789794922
AK65APA9ILAR0:3:B000IV77M0,AK65APA9ILAR0,tail,2,2666,"0,17582,8553>2666",23,9+,3,1,,control,1.732497215270996
AK65APA9ILAR0:3:B000IV77M0,AK65APA9ILAR0,tail,4,6291,"0,17582,8553,2666,1215>6291",2,2,2,0,,ineligible,1.3483610153198242
AK65APA9ILAR0:3:B000IV77M0,AK65APA9ILAR0,tail,5,632,"0,17582,8553,2666,1215,6291>632",2,2,1,0,,ineligible,-2.007725715637207
AKAIFO3J6IF2G:1:B007Q0OGXE,AKAIFO3J6IF2G,tail,0,2948,0>2948,30,9+,297,1,,control,-2.7473526000976562
AKAIFO3J6IF2G:1:B007Q0OGXE,AKAIFO3J6IF2G,tail,1,2407,"0,2948>2407",27,9+,19,2,0.008539676666259766,control,0.6899337768554688
AKAIFO3J6IF2G:1:B007Q0OGXE,AKAIFO3J6IF2G,tail,2,19828,"0,2948,2407>19828",17,9+,1,0,,ineligible,1.773721694946289
AKKU8XDCEBJCW:2:B0058NUAJA,AKKU8XDCEBJCW,tail,0,11604,0>11604,30,9+,220,1,,control,3.3164138793945312
AKKU8XDCEBJCW:2:B0058NUAJA,AKKU8XDCEBJCW,tail,1,9492,"0,11604>9492",29,9+,23,1,,control,0.4974098205566406
AKKU8XDCEBJCW:2:B0058NUAJA,AKKU8XDCEBJCW,tail,2,4008,"0,11604,9492>4008",19,9+,2,0,,ineligible,-1.4395771026611328
AKKU8XDCEBJCW:2:B0058NUAJA,AKKU8XDCEBJCW,tail,5,632,"0,11604,9492,4008,11390,6296>632",2,2,1,0,,ineligible,-0.851557731628418
AKLF3J53T3J6Q:1:B0002YDPRO,AKLF3J53T3J6Q,head,0,1871,0>1871,30,9+,482,1,,control,2.1932144165039062
AKLF3J53T3J6Q:1:B0002YDPRO,AKLF3J53T3J6Q,head,1,9013,"0,1871>9013",29,9+,20,2,0.0030452609062194824,control,0.6057014465332031
AKLF3J53T3J6Q:1:B0002YDPRO,AKLF3J53T3J6Q,head,2,10734,"0,1871,9013>10734",14,9+,3,1,,control,-0.5837326049804688
AKLF3J53T3J6Q:1:B0002YDPRO,AKLF3J53T3J6Q,head,3,20584,"0,1871,9013,10734>20584",3,3-4,1,0,,ineligible,1.5082740783691406
AKMANIN8IHA65:1:B0015KOOHO,AKMANIN8IHA65,head,0,1871,0>1871,30,9+,482,1,,control,0.2886009216308594
AKMANIN8IHA65:1:B0015KOOHO,AKMANIN8IHA65,head,1,8719,"0,1871>8719",29,9+,45,1,,control,-0.6721687316894531
AKMANIN8IHA65:1:B0015KOOHO,AKMANIN8IHA65,head,2,953,"0,1871,8719>953",31,9+,2,0,,ineligible,-0.6908168792724609
AKMANIN8IHA65:1:B0015KOOHO,AKMANIN8IHA65,head,3,3164,"0,1871,8719,953>3164",2,2,1,0,,ineligible,0.2409963607788086
AKQJYPDU3W97R:2:B002G01EPC,AKQJYPDU3W97R,tail,0,1041,0>1041,30,9+,628,1,,control,4.660911560058594
AKQJYPDU3W97R:2:B002G01EPC,AKQJYPDU3W97R,tail,1,22713,"0,1041>22713",27,9+,22,1,,control,2.3064231872558594
AKQJYPDU3W97R:2:B002G01EPC,AKQJYPDU3W97R,tail,2,8135,"0,1041,22713>8135",14,9+,1,0,,ineligible,0.26050567626953125
AKUG4J3V4GVLD:1:B005VPREJE,AKUG4J3V4GVLD,head,0,740,0>740,30,9+,1209,1,,control,-0.132781982421875
AKUG4J3V4GVLD:1:B005VPREJE,AKUG4J3V4GVLD,head,1,90,"0,740>90",53,9+,189,1,,control,0.02976226806640625
AKUG4J3V4GVLD:1:B005VPREJE,AKUG4J3V4GVLD,head,2,6526,"0,740,90>6526",141,9+,1,0,,ineligible,-3.3435745239257812
AKX9EQ37PAYMY:6:B0090GWU08,AKX9EQ37PAYMY,tail,0,12603,0>12603,30,9+,78,1,,control,-0.8835639953613281
AKX9EQ37PAYMY:6:B0090GWU08,AKX9EQ37PAYMY,tail,1,6331,"0,12603>6331",16,9+,58,1,,control,5.264045715332031
AKX9EQ37PAYMY:6:B0090GWU08,AKX9EQ37PAYMY,tail,2,615,"0,12603,6331>615",30,9+,10,1,,control,8.52389907836914
AKX9EQ37PAYMY:6:B0090GWU08,AKX9EQ37PAYMY,tail,3,2213,"0,12603,6331,615>2213",6,5-8,4,1,,control,6.699550628662109
AKX9EQ37PAYMY:6:B0090GWU08,AKX9EQ37PAYMY,tail,5,519,"0,12603,6331,615,2213,19336>519",4,3-4,1,0,,ineligible,3.765096664428711
AL3G7RTXMGLDQ:5:B004OFBYVG,AL3G7RTXMGLDQ,tail,0,2341,0>2341,30,9+,490,1,,control,0.3265876770019531
AL3G7RTXMGLDQ:5:B004OFBYVG,AL3G7RTXMGLDQ,tail,1,159,"0,2341>159",23,9+,39,1,,control,-0.38050079345703125
AL3G7RTXMGLDQ:5:B004OFBYVG,AL3G7RTXMGLDQ,tail,2,10440,"0,2341,159>10440",32,9+,1,0,,ineligible,-4.36659049987793
AL4SB31UAZLXL:7:B006ROJLT4,AL4SB31UAZLXL,head,0,9062,0>9062,30,9+,203,1,,control,-0.0835723876953125
AL4SB31UAZLXL:7:B006ROJLT4,AL4SB31UAZLXL,head,1,25226,"0,9062>25226",26,9+,47,1,,control,2.0486392974853516
AL4SB31UAZLXL:7:B006ROJLT4,AL4SB31UAZLXL,head,2,1910,"0,9062,25226>1910",30,9+,2,0,,ineligible,-0.4115333557128906
AL4SB31UAZLXL:7:B006ROJLT4,AL4SB31UAZLXL,head,3,15916,"0,9062,25226,1910>15916",2,2,1,0,,ineligible,4.09926700592041
ALKDL3UEHSDPC:2:B0038ZVPFI,ALKDL3UEHSDPC,head,0,387,0>387,30,9+,234,1,,control,-4.651729583740234
ALKDL3UEHSDPC:2:B0038ZVPFI,ALKDL3UEHSDPC,head,1,2201,"0,387>2201",24,9+,37,1,,control,1.300537109375
ALKDL3UEHSDPC:2:B0038ZVPFI,ALKDL3UEHSDPC,head,2,3138,"0,387,2201>3138",34,9+,1,0,,ineligible,0.2169942855834961
ALLHGKQBZ758I:2:B003S2HSFM,ALLHGKQBZ758I,tail,0,3127,0>3127,30,9+,700,1,,control,-1.0739555358886719
ALLHGKQBZ758I:2:B003S2HSFM,ALLHGKQBZ758I,tail,1,18458,"0,3127>18458",21,9+,39,1,,control,0.05284881591796875
ALLHGKQBZ758I:2:B003S2HSFM,ALLHGKQBZ758I,tail,2,4907,"0,3127,18458>4907",24,9+,2,0,,ineligible,9.825928688049316
ALLHGKQBZ758I:2:B003S2HSFM,ALLHGKQBZ758I,tail,3,1782,"0,3127,18458,4907>1782",2,2,1,0,,ineligible,16.043014526367188
ALLHJD3KZF9KC:25:B0048EKSLA,ALLHJD3KZF9KC,head,0,2100,0>2100,30,9+,1270,1,,control,-0.6813163757324219
ALLHJD3KZF9KC:25:B0048EKSLA,ALLHJD3KZF9KC,head,1,1996,"0,2100>1996",31,9+,84,1,,control,-1.7738571166992188
ALLHJD3KZF9KC:25:B0048EKSLA,ALLHJD3KZF9KC,head,2,839,"0,2100,1996>839",30,9+,3,1,,control,6.33894157409668
ALLHJD3KZF9KC:25:B0048EKSLA,ALLHJD3KZF9KC,head,3,9401,"0,2100,1996,839>9401",3,3-4,1,0,,ineligible,8.396167755126953
ALMN7EZV6P7FS:2:B000XTPNTQ,ALMN7EZV6P7FS,tail,0,2100,0>2100,30,9+,1270,1,,control,-2.0389404296875
ALMN7EZV6P7FS:2:B000XTPNTQ,ALMN7EZV6P7FS,tail,1,1073,"0,2100>1073",31,9+,199,1,,control,0.105133056640625
ALMN7EZV6P7FS:2:B000XTPNTQ,ALMN7EZV6P7FS,tail,2,12430,"0,2100,1073>12430",31,9+,3,1,,control,-3.258007049560547
ALMN7EZV6P7FS:2:B000XTPNTQ,ALMN7EZV6P7FS,tail,3,2009,"0,2100,1073,12430>2009",3,3-4,1,0,,ineligible,1.1593704223632812
ALO0B3PTAMJ7Q:1:B000E9DPCW,ALO0B3PTAMJ7Q,head,0,2341,0>2341,30,9+,490,1,,control,2.7994461059570312
ALO0B3PTAMJ7Q:1:B000E9DPCW,ALO0B3PTAMJ7Q,head,1,9062,"0,2341>9062",23,9+,123,1,,control,3.1225357055664062
ALO0B3PTAMJ7Q:1:B000E9DPCW,ALO0B3PTAMJ7Q,head,2,16749,"0,2341,9062>16749",71,9+,12,1,,control,4.081840515136719
ALO0B3PTAMJ7Q:1:B000E9DPCW,ALO0B3PTAMJ7Q,head,3,12759,"0,2341,9062,16749>12759",6,5-8,7,1,,control,1.1538352966308594
ALO0B3PTAMJ7Q:1:B000E9DPCW,ALO0B3PTAMJ7Q,head,5,591,"0,2341,9062,16749,12759,27222>591",7,5-8,1,0,,ineligible,1.7702398300170898
ALOZGQ09GA3G8:3:B005WYFLNU,ALOZGQ09GA3G8,head,0,2341,0>2341,30,9+,490,1,,control,1.5848617553710938
ALOZGQ09GA3G8:3:B005WYFLNU,ALOZGQ09GA3G8,head,1,19239,"0,2341>19239",23,9+,18,2,0.005622267723083496,control,3.593212127685547
ALOZGQ09GA3G8:3:B005WYFLNU,ALOZGQ09GA3G8,head,2,28147,"0,2341,19239>28147",13,9+,3,1,,control,0.3371429443359375
ALOZGQ09GA3G8:3:B005WYFLNU,ALOZGQ09GA3G8,head,3,1688,"0,2341,19239,28147>1688",3,3-4,1,0,,ineligible,3.543903350830078
ALUV2YKWZENKK:4:B00421AGOS,ALUV2YKWZENKK,head,0,467,0>467,30,9+,1159,1,,control,1.1295166015625
ALUV2YKWZENKK:4:B00421AGOS,ALUV2YKWZENKK,head,1,1476,"0,467>1476",24,9+,556,1,,control,2.542570114135742
ALUV2YKWZENKK:4:B00421AGOS,ALUV2YKWZENKK,head,2,4479,"0,467,1476>4479",186,9+,4,1,,control,-1.2838592529296875
ALUV2YKWZENKK:4:B00421AGOS,ALUV2YKWZENKK,head,3,7142,"0,467,1476,4479>7142",4,3-4,1,0,,ineligible,1.5323114395141602
ALWIY0BRL8GJC:1:B0094Q0TL6,ALWIY0BRL8GJC,tail,0,3127,0>3127,30,9+,700,1,,control,-1.186126708984375
ALWIY0BRL8GJC:1:B0094Q0TL6,ALWIY0BRL8GJC,tail,1,303,"0,3127>303",21,9+,161,1,,control,0.45084190368652344
ALWIY0BRL8GJC:1:B0094Q0TL6,ALWIY0BRL8GJC,tail,2,21801,"0,3127,303>21801",100,9+,1,0,,ineligible,-8.50472640991211
AM5SR2FJ6QA84:4:B002QN8CP4,AM5SR2FJ6QA84,tail,0,2100,0>2100,30,9+,1270,1,,control,0.3239593505859375
AM5SR2FJ6QA84:4:B002QN8CP4,AM5SR2FJ6QA84,tail,1,1073,"0,2100>1073",31,9+,199,1,,control,-0.5792045593261719
AM5SR2FJ6QA84:4:B002QN8CP4,AM5SR2FJ6QA84,tail,2,23856,"0,2100,1073>23856",31,9+,21,3,0.003377944231033325,control,-1.7502117156982422
AM5SR2FJ6QA84:4:B002QN8CP4,AM5SR2FJ6QA84,tail,3,11916,"0,2100,1073,23856>11916",19,9+,1,0,,ineligible,-1.4269237518310547
AMCS8V9N7XOQ5:4:B003FQCZ9A,AMCS8V9N7XOQ5,tail,0,1871,0>1871,30,9+,482,1,,control,-2.2621688842773438
AMCS8V9N7XOQ5:4:B003FQCZ9A,AMCS8V9N7XOQ5,tail,1,3470,"0,1871>3470",29,9+,42,1,,control,-0.2895011901855469
AMCS8V9N7XOQ5:4:B003FQCZ9A,AMCS8V9N7XOQ5,tail,2,5626,"0,1871,3470>5626",37,9+,1,0,,ineligible,-1.6030616760253906
AMKPSJXCQZVW9:11:B00ARQW1O0,AMKPSJXCQZVW9,head,0,1041,0>1041,30,9+,628,1,,control,0.28501129150390625
AMKPSJXCQZVW9:11:B00ARQW1O0,AMKPSJXCQZVW9,head,1,18612,"0,1041>18612",27,9+,23,1,,control,-2.0035171508789062
AMKPSJXCQZVW9:11:B00ARQW1O0,AMKPSJXCQZVW9,head,2,23092,"0,1041,18612>23092",15,9+,6,2,0.015636146068572998,control,5.56425666809082
AMKPSJXCQZVW9:11:B00ARQW1O0,AMKPSJXCQZVW9,head,5,519,"0,1041,18612,23092,17736,1937>519",6,5-8,1,0,,ineligible,1.2868123054504395
AMO1MLSIJSQOF:6:B007X909NY,AMO1MLSIJSQOF,head,0,16352,0>16352,30,9+,180,1,,control,-3.7990264892578125
AMO1MLSIJSQOF:6:B007X909NY,AMO1MLSIJSQOF,head,1,18330,"0,16352>18330",25,9+,4,1,,control,6.956199645996094
AMO1MLSIJSQOF:6:B007X909NY,AMO1MLSIJSQOF,head,2,27204,"0,16352,18330>27204",4,3-4,1,0,,ineligible,2.338306427001953
AMRM5RGR7NI5Q:2:B008BP739C,AMRM5RGR7NI5Q,tail,0,11604,0>11604,30,9+,220,1,,control,2.6051712036132812
AMRM5RGR7NI5Q:2:B008BP739C,AMRM5RGR7NI5Q,tail,1,4439,"0,11604>4439",29,9+,11,2,0.018763422966003418,control,-1.2045326232910156
AMRM5RGR7NI5Q:2:B008BP739C,AMRM5RGR7NI5Q,tail,2,12464,"0,11604,4439>12464",11,9+,1,0,,ineligible,0.8568305969238281
AMRZ5G7HF7I03:14:B00GXM6HVK,AMRZ5G7HF7I03,tail,0,740,0>740,30,9+,1209,1,,control,-2.28155517578125
AMRZ5G7HF7I03:14:B00GXM6HVK,AMRZ5G7HF7I03,tail,1,90,"0,740>90",53,9+,189,1,,control,-3.9495773315429688
AMRZ5G7HF7I03:14:B00GXM6HVK,AMRZ5G7HF7I03,tail,2,4024,"0,740,90>4024",141,9+,1,0,,ineligible,-1.5854930877685547
AMW1OYXWOGZGJ:11:B004S8F7QM,AMW1OYXWOGZGJ,head,0,467,0>467,30,9+,1159,1,,control,-1.4613151550292969
AMW1OYXWOGZGJ:11:B004S8F7QM,AMW1OYXWOGZGJ,head,1,895,"0,467>895",24,9+,195,1,,control,-0.840850830078125
AMW1OYXWOGZGJ:11:B004S8F7QM,AMW1OYXWOGZGJ,head,2,12540,"0,467,895>12540",74,9+,6,1,,control,3.4791030883789062
AMW1OYXWOGZGJ:11:B004S8F7QM,AMW1OYXWOGZGJ,head,3,17425,"0,467,895,12540>17425",6,5-8,1,0,,ineligible,1.6217799186706543
AN1XHMFSY5ZEK:2:B005DZFY4E,AN1XHMFSY5ZEK,tail,0,14295,0>14295,30,9+,759,1,,control,-0.2771568298339844
AN1XHMFSY5ZEK:2:B005DZFY4E,AN1XHMFSY5ZEK,tail,1,4232,"0,14295>4232",44,9+,137,1,,control,2.579326629638672
AN1XHMFSY5ZEK:2:B005DZFY4E,AN1XHMFSY5ZEK,tail,2,13997,"0,14295,4232>13997",96,9+,1,0,,ineligible,-7.542730331420898
AN2SCJ9PDVBIK:37:B008INWXE2,AN2SCJ9PDVBIK,tail,0,11604,0>11604,30,9+,220,1,,control,2.153644561767578
AN2SCJ9PDVBIK:37:B008INWXE2,AN2SCJ9PDVBIK,tail,1,9492,"0,11604>9492",29,9+,23,1,,control,1.1750755310058594
AN2SCJ9PDVBIK:37:B008INWXE2,AN2SCJ9PDVBIK,tail,2,21995,"0,11604,9492>21995",19,9+,1,0,,ineligible,-3.6583051681518555
AN7UFORUFW2BA:20:B00A6SMN8I,AN7UFORUFW2BA,tail,0,11604,0>11604,30,9+,220,1,,control,3.4579925537109375
AN7UFORUFW2BA:20:B00A6SMN8I,AN7UFORUFW2BA,tail,1,2157,"0,11604>2157",29,9+,20,1,,control,-0.77276611328125
AN7UFORUFW2BA:20:B00A6SMN8I,AN7UFORUFW2BA,tail,2,11933,"0,11604,2157>11933",14,9+,2,0,,ineligible,5.758360862731934
AN7UFORUFW2BA:20:B00A6SMN8I,AN7UFORUFW2BA,tail,3,4672,"0,11604,2157,11933>4672",2,2,1,0,,ineligible,16.793575286865234
AN97FMD7VR28B:2:B004Z1JSN0,AN97FMD7VR28B,head,0,5364,0>5364,30,9+,319,1,,control,-0.6230735778808594
AN97FMD7VR28B:2:B004Z1JSN0,AN97FMD7VR28B,head,1,2935,"0,5364>2935",25,9+,44,1,,control,1.888397216796875
AN97FMD7VR28B:2:B004Z1JSN0,AN97FMD7VR28B,head,2,8064,"0,5364,2935>8064",34,9+,1,0,,ineligible,-1.330343246459961
AN9J46667D80O:5:B006OJM5OU,AN9J46667D80O,head,0,9062,0>9062,30,9+,203,1,,control,2.4392967224121094
AN9J46667D80O:5:B006OJM5OU,AN9J46667D80O,head,1,25226,"0,9062>25226",26,9+,47,1,,control,2.0035018920898438
AN9J46667D80O:5:B006OJM5OU,AN9J46667D80O,head,2,15771,"0,9062,25226>15771",30,9+,1,0,,ineligible,-1.084136962890625
AN9QQDRZXS52P:7:B0091P8LCY,AN9QQDRZXS52P,tail,0,1871,0>1871,30,9+,482,1,,control,-3.617401123046875
AN9QQDRZXS52P:7:B0091P8LCY,AN9QQDRZXS52P,tail,1,8719,"0,1871>8719",29,9+,45,1,,control,-0.694091796875
AN9QQDRZXS52P:7:B0091P8LCY,AN9QQDRZXS52P,tail,2,11725,"0,1871,8719>11725",31,9+,1,0,,ineligible,-2.199542999267578
ANEXMFMEFDPDY:1:B0085TZRKQ,ANEXMFMEFDPDY,tail,0,12603,0>12603,30,9+,78,1,,control,-4.006690979003906
ANEXMFMEFDPDY:1:B0085TZRKQ,ANEXMFMEFDPDY,tail,1,6331,"0,12603>6331",16,9+,58,1,,control,3.294698715209961
ANEXMFMEFDPDY:1:B0085TZRKQ,ANEXMFMEFDPDY,tail,2,1463,"0,12603,6331>1463",30,9+,1,0,,ineligible,-2.570056915283203
ANJ8038QWLGAM:1:B001B2TZV6,ANJ8038QWLGAM,head,0,14295,0>14295,30,9+,759,1,,control,-2.6867141723632812
ANJ8038QWLGAM:1:B001B2TZV6,ANJ8038QWLGAM,head,1,1871,"0,14295>1871",44,9+,50,1,,control,0.7628440856933594
ANJ8038QWLGAM:1:B001B2TZV6,ANJ8038QWLGAM,head,2,10787,"0,14295,1871>10787",42,9+,1,0,,ineligible,1.5235538482666016
ANO9SHL0H3C29:7:B004PBLP5O,ANO9SHL0H3C29,head,0,2341,0>2341,30,9+,490,1,,control,-1.3416824340820312
ANO9SHL0H3C29:7:B004PBLP5O,ANO9SHL0H3C29,head,1,19239,"0,2341>19239",23,9+,18,2,0.005622267723083496,control,-1.9248008728027344
ANO9SHL0H3C29:7:B004PBLP5O,ANO9SHL0H3C29,head,2,1688,"0,2341,19239>1688",13,9+,1,0,,ineligible,0.11621284484863281
AO5G2L4IS9GRQ:2:B0009S5TYA,AO5G2L4IS9GRQ,head,0,740,0>740,30,9+,1209,1,,control,-2.7091217041015625
AO5G2L4IS9GRQ:2:B0009S5TYA,AO5G2L4IS9GRQ,head,1,1240,"0,740>1240",53,9+,26,3,0.0036472678184509277,control,-0.1726531982421875
AO5G2L4IS9GRQ:2:B0009S5TYA,AO5G2L4IS9GRQ,head,2,6928,"0,740,1240>6928",23,9+,1,0,,ineligible,-2.038219451904297
AOA7DLVR783CM:4:B00006FDMF,AOA7DLVR783CM,tail,0,2100,0>2100,30,9+,1270,1,,control,-4.552120208740234
AOA7DLVR783CM:4:B00006FDMF,AOA7DLVR783CM,tail,1,1073,"0,2100>1073",31,9+,199,1,,control,-1.22021484375
AOA7DLVR783CM:4:B00006FDMF,AOA7DLVR783CM,tail,2,23856,"0,2100,1073>23856",31,9+,21,3,0.003377944231033325,control,-0.5486068725585938
AOA7DLVR783CM:4:B00006FDMF,AOA7DLVR783CM,tail,3,11702,"0,2100,1073,23856>11702",19,9+,1,0,,ineligible,-4.422192573547363
AOAOARIH72UWI:10:B004U5FW3Q,AOAOARIH72UWI,head,0,2948,0>2948,30,9+,297,1,,control,-1.1222305297851562
AOAOARIH72UWI:10:B004U5FW3Q,AOAOARIH72UWI,head,1,1312,"0,2948>1312",27,9+,63,1,,control,-0.22545623779296875
AOAOARIH72UWI:10:B004U5FW3Q,AOAOARIH72UWI,head,2,11933,"0,2948,1312>11933",49,9+,2,0,,ineligible,-1.2114887237548828
AOAOARIH72UWI:10:B004U5FW3Q,AOAOARIH72UWI,head,3,4560,"0,2948,1312,11933>4560",2,2,1,0,,ineligible,39.41736602783203
AODIR5MR87QE8:1:B000A16RL0,AODIR5MR87QE8,head,0,17582,0>17582,30,9+,408,1,,control,-0.7359695434570312
AODIR5MR87QE8:1:B000A16RL0,AODIR5MR87QE8,head,1,2392,"0,17582>2392",24,9+,4,1,,control,-4.691814422607422
AODIR5MR87QE8:1:B000A16RL0,AODIR5MR87QE8,head,2,6182,"0,17582,2392>6182",3,3-4,1,0,,ineligible,-0.6926536560058594
AOU8KU3MU65XR:3:B007RDGJJO,AOU8KU3MU65XR,tail,0,14295,0>14295,30,9+,759,1,,control,-0.265960693359375
AOU8KU3MU65XR:3:B007RDGJJO,AOU8KU3MU65XR,tail,1,24447,"0,14295>24447",44,9+,8,1,,control,-1.5458602905273438
AOU8KU3MU65XR:3:B007RDGJJO,AOU8KU3MU65XR,tail,2,4232,"0,14295,24447>4232",4,3-4,3,3,0.013589918613433838,control,2.965179443359375
AOU8KU3MU65XR:3:B007RDGJJO,AOU8KU3MU65XR,tail,4,141,"0,14295,24447,4232,1207>141",2,2,1,0,,ineligible,0.7601242065429688
AOV866IF1I9PO:1:B000GHDR1G,AOV866IF1I9PO,tail,0,740,0>740,30,9+,1209,1,,control,2.461883544921875
AOV866IF1I9PO:1:B000GHDR1G,AOV866IF1I9PO,tail,1,90,"0,740>90",53,9+,189,1,,control,0.3921699523925781
AOV866IF1I9PO:1:B000GHDR1G,AOV866IF1I9PO,tail,2,9319,"0,740,90>9319",141,9+,1,0,,ineligible,-2.6765880584716797
AOX4AQIX6M5EK:2:B00264XVTA,AOX4AQIX6M5EK,tail,0,467,0>467,30,9+,1159,1,,control,-0.13498687744140625
AOX4AQIX6M5EK:2:B00264XVTA,AOX4AQIX6M5EK,tail,1,1476,"0,467>1476",24,9+,556,1,,control,1.1749496459960938
AOX4AQIX6M5EK:2:B00264XVTA,AOX4AQIX6M5EK,tail,2,22082,"0,467,1476>22082",186,9+,1,0,,ineligible,-5.032646179199219
AP2XFFFUSBAPD:10:B002MUANJE,AP2XFFFUSBAPD,head,0,14295,0>14295,30,9+,759,1,,control,-2.195587158203125
AP2XFFFUSBAPD:10:B002MUANJE,AP2XFFFUSBAPD,head,1,4232,"0,14295>4232",44,9+,137,1,,control,2.4104881286621094
AP2XFFFUSBAPD:10:B002MUANJE,AP2XFFFUSBAPD,head,2,4257,"0,14295,4232>4257",96,9+,2,0,,ineligible,-0.6523666381835938
AP2XFFFUSBAPD:10:B002MUANJE,AP2XFFFUSBAPD,head,3,7002,"0,14295,4232,4257>7002",2,2,1,0,,ineligible,6.381309509277344
APDPA11IZPYLN:1:B00000DMFM,APDPA11IZPYLN,head,0,467,0>467,30,9+,1159,1,,control,0.6573562622070312
APDPA11IZPYLN:1:B00000DMFM,APDPA11IZPYLN,head,1,1476,"0,467>1476",24,9+,556,1,,control,0.6624641418457031
APDPA11IZPYLN:1:B00000DMFM,APDPA11IZPYLN,head,2,2986,"0,467,1476>2986",186,9+,5,1,,control,-0.8088302612304688
APDPA11IZPYLN:1:B00000DMFM,APDPA11IZPYLN,head,3,31742,"0,467,1476,2986>31742",5,5-8,1,0,,ineligible,-1.1170639991760254
API5JLBRT6FIN:18:B00CRZXSGE,API5JLBRT6FIN,head,0,14527,0>14527,30,9+,388,1,,control,-0.7372474670410156
API5JLBRT6FIN:18:B00CRZXSGE,API5JLBRT6FIN,head,1,1431,"0,14527>1431",19,9+,9,1,,control,-2.7111854553222656
API5JLBRT6FIN:18:B00CRZXSGE,API5JLBRT6FIN,head,2,25179,"0,14527,1431>25179",9,9+,1,0,,ineligible,1.656362533569336
APOK22NBGHY9V:2:B00CJO8ZZW,APOK22NBGHY9V,head,0,1871,0>1871,30,9+,482,1,,control,-0.3341560363769531
APOK22NBGHY9V:2:B00CJO8ZZW,APOK22NBGHY9V,head,1,2495,"0,1871>2495",29,9+,54,1,,control,-0.40435028076171875
APOK22NBGHY9V:2:B00CJO8ZZW,APOK22NBGHY9V,head,2,11288,"0,1871,2495>11288",45,9+,1,0,,ineligible,-3.800018310546875
APP95FUZM663P:3:B000FPHGW0,APP95FUZM663P,tail,0,2100,0>2100,30,9+,1270,1,,control,0.8270263671875
APP95FUZM663P:3:B000FPHGW0,APP95FUZM663P,tail,1,1073,"0,2100>1073",31,9+,199,1,,control,0.919708251953125
APP95FUZM663P:3:B000FPHGW0,APP95FUZM663P,tail,2,8553,"0,2100,1073>8553",31,9+,6,1,,control,-0.480865478515625
APP95FUZM663P:3:B000FPHGW0,APP95FUZM663P,tail,3,5808,"0,2100,1073,8553>5808",6,5-8,1,0,,ineligible,-0.09008598327636719
AQ38IMM76OOQW:4:B002ATIP92,AQ38IMM76OOQW,tail,0,2100,0>2100,30,9+,1270,1,,control,0.78948974609375
AQ38IMM76OOQW:4:B002ATIP92,AQ38IMM76OOQW,tail,1,1088,"0,2100>1088",31,9+,214,5,0.0044814348220825195,control,0.465087890625
AQ38IMM76OOQW:4:B002ATIP92,AQ38IMM76OOQW,tail,2,23856,"0,2100,1088>23856",28,9+,25,3,0.003437638282775879,control,1.9160442352294922
AQ38IMM76OOQW:4:B002ATIP92,AQ38IMM76OOQW,tail,3,3157,"0,2100,1088,23856>3157",21,9+,1,0,,ineligible,0.1641826629638672
AQ3TR2WL752XY:11:B001CNS2L8,AQ3TR2WL752XY,head,0,467,0>467,30,9+,1159,1,,control,-0.47313690185546875
AQ3TR2WL752XY:11:B001CNS2L8,AQ3TR2WL752XY,head,1,1476,"0,467>1476",24,9+,556,1,,control,0.11265945434570312
AQ3TR2WL752XY:11:B001CNS2L8,AQ3TR2WL752XY,head,2,959,"0,467,1476>959",186,9+,2,0,,ineligible,-0.87725830078125
AQ3TR2WL752XY:11:B001CNS2L8,AQ3TR2WL752XY,head,4,21787,"0,467,1476,959,497>21787",2,2,1,0,,ineligible,3.022871971130371
AQ5AMH5N85NTL:1:B002NGOH1W,AQ5AMH5N85NTL,head,0,740,0>740,30,9+,1209,1,,control,-0.2447662353515625
AQ5AMH5N85NTL:1:B002NGOH1W,AQ5AMH5N85NTL,head,1,6396,"0,740>6396",53,9+,18,1,,control,-0.24600982666015625
AQ5AMH5N85NTL:1:B002NGOH1W,AQ5AMH5N85NTL,head,2,2032,"0,740,6396>2032",9,9+,4,1,,control,-0.539459228515625
AQ5AMH5N85NTL:1:B002NGOH1W,AQ5AMH5N85NTL,head,3,19938,"0,740,6396,2032>19938",4,3-4,1,0,,ineligible,2.4717729091644287
AQB4DH57MSZSC:27:B00CDGA6A8,AQB4DH57MSZSC,head,0,2244,0>2244,30,9+,345,1,,control,-0.3924713134765625
AQB4DH57MSZSC:27:B00CDGA6A8,AQB4DH57MSZSC,head,1,3797,"0,2244>3797",29,9+,11,2,0.008183121681213379,control,-0.5420188903808594
AQB4DH57MSZSC:27:B00CDGA6A8,AQB4DH57MSZSC,head,2,2838,"0,2244,3797>2838",11,9+,1,0,,ineligible,6.651805877685547
AQFLQ7GW58628:3:B00AGJ4HC2,AQFLQ7GW58628,head,0,467,0>467,30,9+,1159,1,,control,4.0431365966796875
AQFLQ7GW58628:3:B00AGJ4HC2,AQFLQ7GW58628,head,1,895,"0,467>895",24,9+,195,1,,control,-2.0611610412597656
AQFLQ7GW58628:3:B00AGJ4HC2,AQFLQ7GW58628,head,2,2068,"0,467,895>2068",74,9+,2,0,,ineligible,0.5146465301513672
AQFLQ7GW58628:3:B00AGJ4HC2,AQFLQ7GW58628,head,3,5573,"0,467,895,2068>5573",2,2,1,0,,ineligible,5.584227085113525
AQX0K6TX49MF1:1:B00008QJ25,AQX0K6TX49MF1,head,0,2412,0>2412,30,9+,354,1,,control,3.6847991943359375
AQX0K6TX49MF1:1:B00008QJ25,AQX0K6TX49MF1,head,1,2754,"0,2412>2754",20,9+,90,1,,control,2.0663719177246094
AQX0K6TX49MF1:1:B00008QJ25,AQX0K6TX49MF1,head,2,11916,"0,2412,2754>11916",72,9+,1,0,,ineligible,-3.9380226135253906
AQZH7YTWQPOBE:27:B00D0GYMTG,AQZH7YTWQPOBE,tail,0,1041,0>1041,30,9+,628,1,,control,3.8874435424804688
AQZH7YTWQPOBE:27:B00D0GYMTG,AQZH7YTWQPOBE,tail,1,9705,"0,1041>9705",27,9+,21,1,,control,1.3411026000976562
AQZH7YTWQPOBE:27:B00D0GYMTG,AQZH7YTWQPOBE,tail,2,23007,"0,1041,9705>23007",12,9+,7,1,,control,5.12258768081665
AQZH7YTWQPOBE:27:B00D0GYMTG,AQZH7YTWQPOBE,tail,3,19126,"0,1041,9705,23007>19126",7,5-8,1,0,,ineligible,0.5914249420166016
AR33KU52LIBF1:23:B00EDBZ0L6,AR33KU52LIBF1,head,0,1041,0>1041,30,9+,628,1,,control,-0.3580513000488281
AR33KU52LIBF1:23:B00EDBZ0L6,AR33KU52LIBF1,head,1,18612,"0,1041>18612",27,9+,23,1,,control,-0.09264755249023438
AR33KU52LIBF1:23:B00EDBZ0L6,AR33KU52LIBF1,head,2,11398,"0,1041,18612>11398",15,9+,2,0,,ineligible,7.228769302368164
AR33KU52LIBF1:23:B00EDBZ0L6,AR33KU52LIBF1,head,5,632,"0,1041,18612,11398,2849,2231>632",2,2,1,0,,ineligible,1.4352598190307617
AR34KYQYANTT7:8:B0012NSMEK,AR34KYQYANTT7,tail,0,467,0>467,30,9+,1159,1,,control,0.2756004333496094
AR34KYQYANTT7:8:B0012NSMEK,AR34KYQYANTT7,tail,1,20225,"0,467>20225",24,9+,35,2,0.005269646644592285,control,0.5855178833007812
AR34KYQYANTT7:8:B0012NSMEK,AR34KYQYANTT7,tail,2,5768,"0,467,20225>5768",30,9+,2,0,,ineligible,1.5841426849365234
AR34KYQYANTT7:8:B0012NSMEK,AR34KYQYANTT7,tail,3,5865,"0,467,20225,5768>5865",2,2,1,0,,ineligible,3.4404163360595703
AR7C4ZXROLV4B:2:B0058NUAMW,AR7C4ZXROLV4B,tail,0,11604,0>11604,30,9+,220,1,,control,4.535015106201172
AR7C4ZXROLV4B:2:B0058NUAMW,AR7C4ZXROLV4B,tail,1,9492,"0,11604>9492",29,9+,23,1,,control,1.7497596740722656
AR7C4ZXROLV4B:2:B0058NUAMW,AR7C4ZXROLV4B,tail,2,31572,"0,11604,9492>31572",19,9+,1,0,,ineligible,-0.3727836608886719
ARFCFY2JIZLU2:2:B00A4KHEK0,ARFCFY2JIZLU2,tail,0,467,0>467,30,9+,1159,1,,control,3.6014137268066406
ARFCFY2JIZLU2:2:B00A4KHEK0,ARFCFY2JIZLU2,tail,1,895,"0,467>895",24,9+,195,1,,control,-0.5209503173828125
ARFCFY2JIZLU2:2:B00A4KHEK0,ARFCFY2JIZLU2,tail,2,3854,"0,467,895>3854",74,9+,1,0,,ineligible,-3.2997703552246094
ARFCORBCTKX1J:1:B004Q2Q0RU,ARFCORBCTKX1J,head,0,19903,0>19903,30,9+,192,1,,control,-1.9755477905273438
ARFCORBCTKX1J:1:B004Q2Q0RU,ARFCORBCTKX1J,head,1,7567,"0,19903>7567",23,9+,10,2,0.01636117696762085,control,2.0355567932128906
ARFCORBCTKX1J:1:B004Q2Q0RU,ARFCORBCTKX1J,head,2,9733,"0,19903,7567>9733",8,5-8,2,0,,ineligible,0.2502288818359375
ARFCORBCTKX1J:1:B004Q2Q0RU,ARFCORBCTKX1J,head,5,632,"0,19903,7567,9733,3427,302>632",2,2,1,0,,ineligible,2.2831907272338867
ARKKVETOOCPVC:2:1616613785,ARKKVETOOCPVC,tail,0,2100,0>2100,30,9+,1270,1,,control,3.5018157958984375
ARKKVETOOCPVC:2:1616613785,ARKKVETOOCPVC,tail,1,1073,"0,2100>1073",31,9+,199,1,,control,3.322307586669922
ARKKVETOOCPVC:2:1616613785,ARKKVETOOCPVC,tail,2,3108,"0,2100,1073>3108",31,9+,8,1,,control,9.648092269897461
ARKKVETOOCPVC:2:1616613785,ARKKVETOOCPVC,tail,3,6177,"0,2100,1073,3108>6177",7,5-8,2,0,,ineligible,2.251924753189087
ARKKVETOOCPVC:2:1616613785,ARKKVETOOCPVC,tail,5,632,"0,2100,1073,3108,6177,14248>632",2,2,1,0,,ineligible,7.366018295288086
ARPB88E6F2MFR:3:B00080VMLS,ARPB88E6F2MFR,tail,0,3127,0>3127,30,9+,700,1,,control,-0.9794769287109375
ARPB88E6F2MFR:3:B00080VMLS,ARPB88E6F2MFR,tail,1,1394,"0,3127>1394",21,9+,44,2,0.0027943849563598633,control,2.600555419921875
ARPB88E6F2MFR:3:B00080VMLS,ARPB88E6F2MFR,tail,2,4054,"0,3127,1394>4054",29,9+,1,0,,ineligible,-2.2773170471191406
AS848NI1BHSJB:2:B00000IZQX,AS848NI1BHSJB,tail,0,25636,0>25636,30,9+,259,1,,control,-2.7638778686523438
AS848NI1BHSJB:2:B00000IZQX,AS848NI1BHSJB,tail,1,2564,"0,25636>2564",27,9+,18,1,,control,-0.056060791015625
AS848NI1BHSJB:2:B00000IZQX,AS848NI1BHSJB,tail,2,28629,"0,25636,2564>28629",16,9+,1,0,,ineligible,-1.6065025329589844
AS8EY2OMBY7AW:1:B001H0SOI2,AS8EY2OMBY7AW,tail,0,14527,0>14527,30,9+,388,1,,control,2.4097137451171875
AS8EY2OMBY7AW:1:B001H0SOI2,AS8EY2OMBY7AW,tail,1,5236,"0,14527>5236",19,9+,51,1,,control,-0.6930313110351562
AS8EY2OMBY7AW:1:B001H0SOI2,AS8EY2OMBY7AW,tail,2,9681,"0,14527,5236>9681",37,9+,1,0,,ineligible,1.2228012084960938
AS8T77HTF9IHW:2:B004PAHZMC,AS8T77HTF9IHW,head,0,740,0>740,30,9+,1209,1,,control,-2.7085494995117188
AS8T77HTF9IHW:2:B004PAHZMC,AS8T77HTF9IHW,head,1,4517,"0,740>4517",53,9+,11,2,0.006506741046905518,control,-0.7707748413085938
AS8T77HTF9IHW:2:B004PAHZMC,AS8T77HTF9IHW,head,2,4716,"0,740,4517>4716",9,9+,1,0,,ineligible,-0.5972557067871094
ASCVKP9B6MI9D:3:B008B66SDS,ASCVKP9B6MI9D,tail,0,14295,0>14295,30,9+,759,1,,control,-1.0493507385253906
ASCVKP9B6MI9D:3:B008B66SDS,ASCVKP9B6MI9D,tail,1,5492,"0,14295>5492",44,9+,5,2,0.00561755895614624,control,-2.017505645751953
ASCVKP9B6MI9D:3:B008B66SDS,ASCVKP9B6MI9D,tail,2,6743,"0,14295,5492>6743",5,5-8,1,0,,ineligible,0.2213153839111328
ASJ0MKRFZC47B:18:B008DLS2SU,ASJ0MKRFZC47B,tail,0,3127,0>3127,30,9+,700,1,,control,-2.8694229125976562
ASJ0MKRFZC47B:18:B008DLS2SU,ASJ0MKRFZC47B,tail,1,303,"0,3127>303",21,9+,161,1,,control,-0.7071056365966797
ASJ0MKRFZC47B:18:B008DLS2SU,ASJ0MKRFZC47B,tail,2,4995,"0,3127,303>4995",100,9+,8,1,,control,1.0199031829833984
ASJ0MKRFZC47B:18:B008DLS2SU,ASJ0MKRFZC47B,tail,3,30707,"0,3127,303,4995>30707",6,5-8,1,0,,ineligible,0.5314550399780273
ASKXTWE8ESZQ:2:B0000775FZ,ASKXTWE8ESZQ,tail,0,4183,0>4183,30,9+,157,1,,control,-1.5815696716308594
ASKXTWE8ESZQ:2:B0000775FZ,ASKXTWE8ESZQ,tail,1,19984,"0,4183>19984",22,9+,6,1,,control,-0.7145481109619141
ASKXTWE8ESZQ:2:B0000775FZ,ASKXTWE8ESZQ,tail,2,9737,"0,4183,19984>9737",6,5-8,1,0,,ineligible,-1.2062187194824219
ASOWZ5NOSV6NC:1:B0057UDE0G,ASOWZ5NOSV6NC,tail,0,14527,0>14527,30,9+,388,1,,control,-1.5612068176269531
ASOWZ5NOSV6NC:1:B0057UDE0G,ASOWZ5NOSV6NC,tail,1,5236,"0,14527>5236",19,9+,51,1,,control,-2.660125732421875
ASOWZ5NOSV6NC:1:B0057UDE0G,ASOWZ5NOSV6NC,tail,2,11773,"0,14527,5236>11773",37,9+,5,1,,control,2.2547740936279297
ASOWZ5NOSV6NC:1:B0057UDE0G,ASOWZ5NOSV6NC,tail,3,1002,"0,14527,5236,11773>1002",3,3-4,1,0,,ineligible,0.3260517120361328
ASUDD1F03R9I1:3:B00DPK10O2,ASUDD1F03R9I1,head,0,16352,0>16352,30,9+,180,1,,control,-6.000247955322266
ASUDD1F03R9I1:3:B00DPK10O2,ASUDD1F03R9I1,head,1,4245,"0,16352>4245",25,9+,35,1,,control,3.6008872985839844
ASUDD1F03R9I1:3:B00DPK10O2,ASUDD1F03R9I1,head,2,15866,"0,16352,4245>15866",25,9+,1,0,,ineligible,-2.601266860961914
ASVLLLS52G0A8:4:B000O5HGI0,ASVLLLS52G0A8,tail,0,11109,0>11109,30,9+,320,1,,control,-1.0751380920410156
ASVLLLS52G0A8:4:B000O5HGI0,ASVLLLS52G0A8,tail,1,18459,"0,11109>18459",27,9+,8,2,0.008205294609069824,control,-1.826944351196289
ASVLLLS52G0A8:4:B000O5HGI0,ASVLLLS52G0A8,tail,2,17165,"0,11109,18459>17165",7,5-8,2,0,,ineligible,0.3062605857849121
ASVLLLS52G0A8:4:B000O5HGI0,ASVLLLS52G0A8,tail,5,536,"0,11109,18459,17165,1976,158>536",2,2,1,0,,ineligible,-0.42916440963745117
ATAZQZ1DSPKZG:1:B001WOL09I,ATAZQZ1DSPKZG,tail,0,2100,0>2100,30,9+,1270,1,,control,-0.7067184448242188
ATAZQZ1DSPKZG:1:B001WOL09I,ATAZQZ1DSPKZG,tail,1,1073,"0,2100>1073",31,9+,199,1,,control,0.15391921997070312
ATAZQZ1DSPKZG:1:B001WOL09I,ATAZQZ1DSPKZG,tail,2,7159,"0,2100,1073>7159",31,9+,7,1,,control,-0.5861968994140625
ATAZQZ1DSPKZG:1:B001WOL09I,ATAZQZ1DSPKZG,tail,3,5206,"0,2100,1073,7159>5206",7,5-8,1,0,,ineligible,3.601778030395508
ATLO3YXU2BC16:12:B00CKH9QWO,ATLO3YXU2BC16,head,0,2948,0>2948,30,9+,297,1,,control,-0.9787330627441406
ATLO3YXU2BC16:12:B00CKH9QWO,ATLO3YXU2BC16,head,1,1312,"0,2948>1312",27,9+,63,1,,control,-0.01805877685546875
ATLO3YXU2BC16:12:B00CKH9QWO,ATLO3YXU2BC16,head,2,11935,"0,2948,1312>11935",49,9+,1,0,,ineligible,3.786836624145508
ATM2MM8G4WYUP:4:B00AAHSKE6,ATM2MM8G4WYUP,tail,0,2100,0>2100,30,9+,1270,1,,control,-2.373310089111328
ATM2MM8G4WYUP:4:B00AAHSKE6,ATM2MM8G4WYUP,tail,1,6770,"0,2100>6770",31,9+,38,1,,control,-1.27020263671875
ATM2MM8G4WYUP:4:B00AAHSKE6,ATM2MM8G4WYUP,tail,2,20103,"0,2100,6770>20103",26,9+,4,1,,control,1.1130008697509766
ATM2MM8G4WYUP:4:B00AAHSKE6,ATM2MM8G4WYUP,tail,3,6910,"0,2100,6770,20103>6910",4,3-4,1,0,,ineligible,-1.0477380752563477
ATP8I8FJA2HRB:3:B004617DEU,ATP8I8FJA2HRB,head,0,740,0>740,30,9+,1209,1,,control,-3.3425865173339844
ATP8I8FJA2HRB:3:B004617DEU,ATP8I8FJA2HRB,head,1,7270,"0,740>7270",53,9+,18,1,,control,2.7918624877929688
ATP8I8FJA2HRB:3:B004617DEU,ATP8I8FJA2HRB,head,2,20225,"0,740,7270>20225",17,9+,1,0,,ineligible,18.534587860107422
ATTK7YVYR5A4N:1:B004RZA6RG,ATTK7YVYR5A4N,tail,0,14295,0>14295,30,9+,759,1,,control,2.7304954528808594
ATTK7YVYR5A4N:1:B004RZA6RG,ATTK7YVYR5A4N,tail,1,4223,"0,14295>4223",44,9+,9,2,0.007632195949554443,control,-3.1142311096191406
ATTK7YVYR5A4N:1:B004RZA6RG,ATTK7YVYR5A4N,tail,2,16573,"0,14295,4223>16573",7,5-8,1,0,,ineligible,0.16314458847045898
ATTSRFD8TJE6R:4:B002YQU0T4,ATTSRFD8TJE6R,tail,0,2412,0>2412,30,9+,354,1,,control,1.9697914123535156
ATTSRFD8TJE6R:4:B002YQU0T4,ATTSRFD8TJE6R,tail,1,1026,"0,2412>1026",20,9+,31,1,,control,-0.7328834533691406
ATTSRFD8TJE6R:4:B002YQU0T4,ATTSRFD8TJE6R,tail,2,7277,"0,2412,1026>7277",26,9+,2,0,,ineligible,-2.468341827392578
ATTSRFD8TJE6R:4:B002YQU0T4,ATTSRFD8TJE6R,tail,3,9719,"0,2412,1026,7277>9719",2,2,1,0,,ineligible,4.511052131652832
AU1SKSAF00JJH:10:B0002CYTXK,AU1SKSAF00JJH,head,0,467,0>467,30,9+,1159,1,,control,-0.5184173583984375
AU1SKSAF00JJH:10:B0002CYTXK,AU1SKSAF00JJH,head,1,1476,"0,467>1476",24,9+,556,1,,control,4.146266937255859
AU1SKSAF00JJH:10:B0002CYTXK,AU1SKSAF00JJH,head,2,1733,"0,467,1476>1733",186,9+,2,0,,ineligible,1.6457443237304688
AU1SKSAF00JJH:10:B0002CYTXK,AU1SKSAF00JJH,head,3,11321,"0,467,1476,1733>11321",2,2,1,0,,ineligible,3.4812850952148438
AU8C8TZEK3IB1:2:B000641DPQ,AU8C8TZEK3IB1,head,0,387,0>387,30,9+,234,1,,control,-1.8813285827636719
AU8C8TZEK3IB1:2:B000641DPQ,AU8C8TZEK3IB1,head,1,1147,"0,387>1147",24,9+,13,2,0.0035620927810668945,control,0.7492637634277344
AU8C8TZEK3IB1:2:B000641DPQ,AU8C8TZEK3IB1,head,2,14074,"0,387,1147>14074",11,9+,2,0,,ineligible,2.4074792861938477
AU8C8TZEK3IB1:2:B000641DPQ,AU8C8TZEK3IB1,head,3,15712,"0,387,1147,14074>15712",2,2,1,0,,ineligible,11.420178413391113
AUK9D8R1FDX0F:3:B0006O4AK6,AUK9D8R1FDX0F,tail,0,2412,0>2412,30,9+,354,1,,control,0.5738754272460938
AUK9D8R1FDX0F:3:B0006O4AK6,AUK9D8R1FDX0F,tail,1,23585,"0,2412>23585",20,9+,6,1,,control,-2.0626602172851562
AUK9D8R1FDX0F:3:B0006O4AK6,AUK9D8R1FDX0F,tail,2,14370,"0,2412,23585>14370",6,5-8,1,0,,ineligible,-0.5115699768066406
AUNM3BLNWRH3J:1:B007ADICS2,AUNM3BLNWRH3J,head,0,9062,0>9062,30,9+,203,1,,control,-1.247314453125
AUNM3BLNWRH3J:1:B007ADICS2,AUNM3BLNWRH3J,head,1,28984,"0,9062>28984",26,9+,5,1,,control,-0.8231372833251953
AUNM3BLNWRH3J:1:B007ADICS2,AUNM3BLNWRH3J,head,3,260,"0,9062,28984,2669>260",5,5-8,1,0,,ineligible,-1.0275955200195312
AUU351GZKVK46:1:B0006NDC42,AUU351GZKVK46,tail,0,1871,0>1871,30,9+,482,1,,control,0.8910713195800781
AUU351GZKVK46:1:B0006NDC42,AUU351GZKVK46,tail,1,11607,"0,1871>11607",29,9+,31,3,0.004216253757476807,control,-0.8488998413085938
AUU351GZKVK46:1:B0006NDC42,AUU351GZKVK46,tail,2,10754,"0,1871,11607>10754",30,9+,1,0,,ineligible,-2.540750503540039
AUV3OR951650C:30:B009AW94T2,AUV3OR951650C,tail,0,17582,0>17582,30,9+,408,1,,control,-3.2656517028808594
AUV3OR951650C:30:B009AW94T2,AUV3OR951650C,tail,1,4340,"0,17582>4340",24,9+,13,1,,control,-1.4775924682617188
AUV3OR951650C:30:B009AW94T2,AUV3OR951650C,tail,2,3022,"0,17582,4340>3022",13,9+,1,0,,ineligible,4.0118560791015625
AUYKXRJOPHWG2:8:B004V3PS72,AUYKXRJOPHWG2,head,0,17582,0>17582,30,9+,408,1,,control,-3.593425750732422
AUYKXRJOPHWG2:8:B004V3PS72,AUYKXRJOPHWG2,head,1,10019,"0,17582>10019",24,9+,6,1,,control,-2.19329833984375
AUYKXRJOPHWG2:8:B004V3PS72,AUYKXRJOPHWG2,head,2,16633,"0,17582,10019>16633",5,5-8,2,0,,ineligible,7.401211738586426
AUYKXRJOPHWG2:8:B004V3PS72,AUYKXRJOPHWG2,head,3,10097,"0,17582,10019,16633>10097",2,2,1,0,,ineligible,6.344343185424805
AV0B1VIWNAGOI:3:B003C6ELEU,AV0B1VIWNAGOI,head,0,2948,0>2948,30,9+,297,1,,control,-0.8631973266601562
AV0B1VIWNAGOI:3:B003C6ELEU,AV0B1VIWNAGOI,head,1,4517,"0,2948>4517",27,9+,10,2,0.006506741046905518,control,-0.41928863525390625
AV0B1VIWNAGOI:3:B003C6ELEU,AV0B1VIWNAGOI,head,2,10785,"0,2948,4517>10785",8,5-8,1,0,,ineligible,2.1831235885620117
AV17US5798MNY:6:B0083TXX9U,AV17US5798MNY,head,0,2100,0>2100,30,9+,1270,1,,control,-0.143829345703125
AV17US5798MNY:6:B0083TXX9U,AV17US5798MNY,head,1,11925,"0,2100>11925",31,9+,96,1,,control,-1.193206787109375
AV17US5798MNY:6:B0083TXX9U,AV17US5798MNY,head,2,12496,"0,2100,11925>12496",53,9+,7,1,,control,2.2332992553710938
AV17US5798MNY:6:B0083TXX9U,AV17US5798MNY,head,3,3835,"0,2100,11925,12496>3835",7,5-8,1,0,,ineligible,0.3706340789794922
AV3ZXYGVSLR3Y:1:B001639Q50,AV3ZXYGVSLR3Y,head,0,387,0>387,30,9+,234,1,,control,-2.9268226623535156
AV3ZXYGVSLR3Y:1:B001639Q50,AV3ZXYGVSLR3Y,head,1,9116,"0,387>9116",24,9+,10,2,0.0037888288497924805,control,-1.3407211303710938
AV3ZXYGVSLR3Y:1:B001639Q50,AV3ZXYGVSLR3Y,head,2,6212,"0,387,9116>6212",8,5-8,2,0,,ineligible,2.8996543884277344
AV3ZXYGVSLR3Y:1:B001639Q50,AV3ZXYGVSLR3Y,head,3,18227,"0,387,9116,6212>18227",2,2,1,0,,ineligible,0.2204904556274414
AVG49SHSNXUU8:12:B000LFUKV8,AVG49SHSNXUU8,tail,0,9062,0>9062,30,9+,203,1,,control,0.9802780151367188
AVG49SHSNXUU8:12:B000LFUKV8,AVG49SHSNXUU8,tail,1,4987,"0,9062>4987",26,9+,6,1,,control,5.572725296020508
AVG49SHSNXUU8:12:B000LFUKV8,AVG49SHSNXUU8,tail,4,25055,"0,9062,4987,15133,9502>25055",2,2,5,1,,control,9.264132499694824
AVG49SHSNXUU8:12:B000LFUKV8,AVG49SHSNXUU8,tail,5,519,"0,9062,4987,15133,9502,25055>519",5,5-8,1,0,,ineligible,-0.7277231216430664
AVHN134ADVP4R:23:B009Q3JECW,AVHN134ADVP4R,head,0,9062,0>9062,30,9+,203,1,,control,-1.4376716613769531
AVHN134ADVP4R:23:B009Q3JECW,AVHN134ADVP4R,head,1,12124,"0,9062>12124",26,9+,3,1,,control,0.07860183715820312
AVHN134ADVP4R:23:B009Q3JECW,AVHN134ADVP4R,head,4,26411,"0,9062,12124,330,26327>26411",2,2,1,0,,ineligible,-1.0586376190185547
AVJJ2D4G5I0Z4:3:B004MWJLN4,AVJJ2D4G5I0Z4,head,0,14527,0>14527,30,9+,388,1,,control,-0.15546798706054688
AVJJ2D4G5I0Z4:3:B004MWJLN4,AVJJ2D4G5I0Z4,head,1,82,"0,14527>82",19,9+,4,2,0.014170944690704346,control,-1.9461860656738281
AVJJ2D4G5I0Z4:3:B004MWJLN4,AVJJ2D4G5I0Z4,head,2,8950,"0,14527,82>8950",3,3-4,2,0,,ineligible,10.09307861328125
AVJJ2D4G5I0Z4:3:B004MWJLN4,AVJJ2D4G5I0Z4,head,3,3840,"0,14527,82,8950>3840",2,2,1,0,,ineligible,1.10853910446167
AVL5IDEE8YA3D:16:B007J3F9A2,AVL5IDEE8YA3D,head,0,1871,0>1871,30,9+,482,1,,control,-0.2553253173828125
AVL5IDEE8YA3D:16:B007J3F9A2,AVL5IDEE8YA3D,head,1,2495,"0,1871>2495",29,9+,54,1,,control,1.7633056640625
AVL5IDEE8YA3D:16:B007J3F9A2,AVL5IDEE8YA3D,head,2,23379,"0,1871,2495>23379",45,9+,1,0,,ineligible,2.854795455932617
AVU9EZ7I2ND6D:3:B006ROJJCS,AVU9EZ7I2ND6D,head,0,9062,0>9062,30,9+,203,1,,control,-1.4055213928222656
AVU9EZ7I2ND6D:3:B006ROJJCS,AVU9EZ7I2ND6D,head,1,1501,"0,9062>1501",26,9+,17,1,,control,-1.1580848693847656
AVU9EZ7I2ND6D:3:B006ROJJCS,AVU9EZ7I2ND6D,head,2,9079,"0,9062,1501>9079",14,9+,3,2,0.026671528816223145,control,2.6190662384033203
AVU9EZ7I2ND6D:3:B006ROJJCS,AVU9EZ7I2ND6D,head,5,536,"0,9062,1501,9079,25226,7328>536",3,3-4,1,0,,ineligible,-0.936798095703125
AVWWFK3FZDEL2:1:B003WE8TRC,AVWWFK3FZDEL2,head,0,5364,0>5364,30,9+,319,1,,control,-2.556537628173828
AVWWFK3FZDEL2:1:B003WE8TRC,AVWWFK3FZDEL2,head,1,13966,"0,5364>13966",25,9+,18,1,,control,-0.8469009399414062
AVWWFK3FZDEL2:1:B003WE8TRC,AVWWFK3FZDEL2,head,2,20029,"0,5364,13966>20029",14,9+,1,0,,ineligible,1.4606647491455078
AVZ1SYMD26S4R:2:B008HYGFGE,AVZ1SYMD26S4R,head,0,19903,0>19903,30,9+,192,1,,control,-2.1648216247558594
AVZ1SYMD26S4R:2:B008HYGFGE,AVZ1SYMD26S4R,head,1,14761,"0,19903>14761",23,9+,19,1,,control,1.8561286926269531
AVZ1SYMD26S4R:2:B008HYGFGE,AVZ1SYMD26S4R,head,2,13767,"0,19903,14761>13767",13,9+,1,0,,ineligible,1.742523193359375
AVZE26B1ZAVPT:2:B0039X2Y1I,AVZE26B1ZAVPT,head,0,25636,0>25636,30,9+,259,1,,control,0.113372802734375
AVZE26B1ZAVPT:2:B0039X2Y1I,AVZE26B1ZAVPT,head,1,27241,"0,25636>27241",27,9+,8,1,,control,-2.3815689086914062
AVZE26B1ZAVPT:2:B0039X2Y1I,AVZE26B1ZAVPT,head,2,14304,"0,25636,27241>14304",7,5-8,1,0,,ineligible,2.3039307594299316
AW4REX48OOBG7:1:B002843YIG,AW4REX48OOBG7,tail,0,2100,0>2100,30,9+,1270,1,,control,0.0619354248046875
AW4REX48OOBG7:1:B002843YIG,AW4REX48OOBG7,tail,1,1088,"0,2100>1088",31,9+,214,5,0.0044814348220825195,control,0.6205635070800781
AW4REX48OOBG7:1:B002843YIG,AW4REX48OOBG7,tail,2,4340,"0,2100,1088>4340",28,9+,15,1,,control,-2.557554244995117
AW4REX48OOBG7:1:B002843YIG,AW4REX48OOBG7,tail,3,7852,"0,2100,1088,4340>7852",10,9+,1,0,,ineligible,-2.7330703735351562
AW721MAY0ATGO:3:B004GXIDYM,AW721MAY0ATGO,tail,0,25636,0>25636,30,9+,259,1,,control,2.4663619995117188
AW721MAY0ATGO:3:B004GXIDYM,AW721MAY0ATGO,tail,1,7180,"0,25636>7180",27,9+,22,2,0.0053327083587646484,control,-0.3401927947998047
AW721MAY0ATGO:3:B004GXIDYM,AW721MAY0ATGO,tail,2,12560,"0,25636,7180>12560",20,9+,1,0,,ineligible,0.3673572540283203
AWAZPICNKZBET:1:B0034G4FH6,AWAZPICNKZBET,tail,0,2100,0>2100,30,9+,1270,1,,control,4.351657867431641
AWAZPICNKZBET:1:B0034G4FH6,AWAZPICNKZBET,tail,1,4605,"0,2100>4605",31,9+,30,1,,control,6.266059875488281
AWAZPICNKZBET:1:B0034G4FH6,AWAZPICNKZBET,tail,2,30707,"0,2100,4605>30707",27,9+,1,0,,ineligible,2.1427173614501953
AWH2AY17ZU7W2:22:B00AOHDC6I,AWH2AY17ZU7W2,head,0,14527,0>14527,30,9+,388,1,,control,-0.060977935791015625
AWH2AY17ZU7W2:22:B00AOHDC6I,AWH2AY17ZU7W2,head,1,11773,"0,14527>11773",19,9+,8,1,,control,0.1129302978515625
AWH2AY17ZU7W2:22:B00AOHDC6I,AWH2AY17ZU7W2,head,2,4824,"0,14527,11773>4824",7,5-8,1,0,,ineligible,4.049711227416992
AWH5PLJU61BMG:3:B008N6INE8,AWH5PLJU61BMG,tail,0,17582,0>17582,30,9+,408,1,,control,0.7065162658691406
AWH5PLJU61BMG:3:B008N6INE8,AWH5PLJU61BMG,tail,1,1228,"0,17582>1228",24,9+,90,1,,control,1.5035476684570312
AWH5PLJU61BMG:3:B008N6INE8,AWH5PLJU61BMG,tail,2,3989,"0,17582,1228>3989",72,9+,4,1,,control,-0.9458675384521484
AWH5PLJU61BMG:3:B008N6INE8,AWH5PLJU61BMG,tail,3,2777,"0,17582,1228,3989>2777",4,3-4,1,0,,ineligible,2.576376438140869
AWK41RGQVGOU8:4:B002V3RCE6,AWK41RGQVGOU8,head,0,467,0>467,30,9+,1159,1,,control,-2.6180648803710938
AWK41RGQVGOU8:4:B002V3RCE6,AWK41RGQVGOU8,head,1,1476,"0,467>1476",24,9+,556,1,,control,1.5512619018554688
AWK41RGQVGOU8:4:B002V3RCE6,AWK41RGQVGOU8,head,2,2577,"0,467,1476>2577",186,9+,47,1,,control,0.4540824890136719
AWK41RGQVGOU8:4:B002V3RCE6,AWK41RGQVGOU8,head,3,29063,"0,467,1476,2577>29063",32,9+,1,0,,ineligible,1.1099109649658203
AWX8MBUMYRLE1:2:B0051GTQVW,AWX8MBUMYRLE1,tail,0,14295,0>14295,30,9+,759,1,,control,0.2942619323730469
AWX8MBUMYRLE1:2:B0051GTQVW,AWX8MBUMYRLE1,tail,1,4232,"0,14295>4232",44,9+,137,1,,control,-2.0027084350585938
AWX8MBUMYRLE1:2:B0051GTQVW,AWX8MBUMYRLE1,tail,2,5221,"0,14295,4232>5221",96,9+,1,0,,ineligible,-3.0093154907226562
AX8ATTTB67KFM:1:B00767PSIO,AX8ATTTB67KFM,tail,0,740,0>740,30,9+,1209,1,,control,0.8034286499023438
AX8ATTTB67KFM:1:B00767PSIO,AX8ATTTB67KFM,tail,1,2056,"0,740>2056",53,9+,39,2,0.0024385452270507812,control,0.15835952758789062
AX8ATTTB67KFM:1:B00767PSIO,AX8ATTTB67KFM,tail,2,1394,"0,740,2056>1394",32,9+,1,0,,ineligible,-3.05682373046875
AX9YM7KKVUZVB:2:B003WFKOSS,AX9YM7KKVUZVB,head,0,14351,0>14351,30,9+,196,1,,control,-4.632228851318359
AX9YM7KKVUZVB:2:B003WFKOSS,AX9YM7KKVUZVB,head,1,3348,"0,14351>3348",25,9+,2,0,,ineligible,-0.16354751586914062
AX9YM7KKVUZVB:2:B003WFKOSS,AX9YM7KKVUZVB,head,2,6460,"0,14351,3348>6460",2,2,1,0,,ineligible,8.155599594116211
AXI9CMCBP9FCD:5:B000UEL172,AXI9CMCBP9FCD,head,0,2100,0>2100,30,9+,1270,1,,control,-0.8202972412109375
AXI9CMCBP9FCD:5:B000UEL172,AXI9CMCBP9FCD,head,1,1073,"0,2100>1073",31,9+,199,1,,control,0.3151397705078125
AXI9CMCBP9FCD:5:B000UEL172,AXI9CMCBP9FCD,head,2,8376,"0,2100,1073>8376",31,9+,21,1,,control,0.6849632263183594
AXI9CMCBP9FCD:5:B000UEL172,AXI9CMCBP9FCD,head,3,6856,"0,2100,1073,8376>6856",21,9+,1,0,,ineligible,3.3686294555664062
AXR2EKWNZKTH7:5:B003E6NHSE,AXR2EKWNZKTH7,tail,0,17582,0>17582,30,9+,408,1,,control,1.6114349365234375
AXR2EKWNZKTH7:5:B003E6NHSE,AXR2EKWNZKTH7,tail,1,9516,"0,17582>9516",24,9+,16,4,0.014461855093638102,control,-4.544624328613281
AXR2EKWNZKTH7:5:B003E6NHSE,AXR2EKWNZKTH7,tail,2,1975,"0,17582,9516>1975",13,9+,2,0,,ineligible,0.322232723236084
AXR2EKWNZKTH7:5:B003E6NHSE,AXR2EKWNZKTH7,tail,4,28792,"0,17582,9516,1975,13762>28792",2,2,1,0,,ineligible,-0.763153076171875
AXXV5OORHXV9B:1:B004FEHLWC,AXXV5OORHXV9B,tail,0,19903,0>19903,30,9+,192,1,,control,-5.399421691894531
AXXV5OORHXV9B:1:B004FEHLWC,AXXV5OORHXV9B,tail,1,3427,"0,19903>3427",23,9+,30,1,,control,-2.0292625427246094
AXXV5OORHXV9B:1:B004FEHLWC,AXXV5OORHXV9B,tail,2,1622,"0,19903,3427>1622",21,9+,2,0,,ineligible,-0.10396194458007812
AXXV5OORHXV9B:1:B004FEHLWC,AXXV5OORHXV9B,tail,4,2635,"0,19903,3427,1622,630>2635",2,2,1,0,,ineligible,1.4521286487579346
AXY7LB6MPS5VM:2:B00009XNSY,AXY7LB6MPS5VM,head,0,17582,0>17582,30,9+,408,1,,control,-1.678466796875
AXY7LB6MPS5VM:2:B00009XNSY,AXY7LB6MPS5VM,head,1,1035,"0,17582>1035",24,9+,10,1,,control,-3.5194168090820312
AXY7LB6MPS5VM:2:B00009XNSY,AXY7LB6MPS5VM,head,2,2472,"0,17582,1035>2472",6,5-8,2,0,,ineligible,-0.33730125427246094
AXY7LB6MPS5VM:2:B00009XNSY,AXY7LB6MPS5VM,head,3,849,"0,17582,1035,2472>849",2,2,1,0,,ineligible,2.390580177307129
AY3D7DG5L5WCK:29:B005AHICA8,AY3D7DG5L5WCK,head,0,2100,0>2100,30,9+,1270,1,,control,-1.4611053466796875
AY3D7DG5L5WCK:29:B005AHICA8,AY3D7DG5L5WCK,head,1,1073,"0,2100>1073",31,9+,199,1,,control,1.6593742370605469
AY3D7DG5L5WCK:29:B005AHICA8,AY3D7DG5L5WCK,head,2,8376,"0,2100,1073>8376",31,9+,21,1,,control,1.5256767272949219
AY3D7DG5L5WCK:29:B005AHICA8,AY3D7DG5L5WCK,head,3,23204,"0,2100,1073,8376>23204",21,9+,1,0,,ineligible,3.9104881286621094
AY3EENC2BGTGK:17:B007DB2VZQ,AY3EENC2BGTGK,head,0,467,0>467,30,9+,1159,1,,control,-0.40586090087890625
AY3EENC2BGTGK:17:B007DB2VZQ,AY3EENC2BGTGK,head,1,1476,"0,467>1476",24,9+,556,1,,control,2.390186309814453
AY3EENC2BGTGK:17:B007DB2VZQ,AY3EENC2BGTGK,head,2,3832,"0,467,1476>3832",186,9+,3,1,,control,-2.487468719482422
AY3EENC2BGTGK:17:B007DB2VZQ,AY3EENC2BGTGK,head,3,25911,"0,467,1476,3832>25911",3,3-4,1,0,,ineligible,14.026711463928223
AY3SB8LDBWK20:2:B008ACRPR6,AY3SB8LDBWK20,head,0,3127,0>3127,30,9+,700,1,,control,-3.3691635131835938
AY3SB8LDBWK20:2:B008ACRPR6,AY3SB8LDBWK20,head,1,14095,"0,3127>14095",21,9+,34,1,,control,-0.8553371429443359
AY3SB8LDBWK20:2:B008ACRPR6,AY3SB8LDBWK20,head,2,6311,"0,3127,14095>6311",14,9+,7,2,0.013263821601867676,control,0.8415889739990234
AY3SB8LDBWK20:2:B008ACRPR6,AY3SB8LDBWK20,head,3,30707,"0,3127,14095,6311>30707",6,5-8,1,0,,ineligible,1.7535572052001953
AY3XPKRAMKKY7:10:B001VG7USC,AY3XPKRAMKKY7,head,0,9062,0>9062,30,9+,203,1,,control,-1.9527397155761719
AY3XPKRAMKKY7:10:B001VG7USC,AY3XPKRAMKKY7,head,1,25226,"0,9062>25226",26,9+,47,1,,control,-0.3523750305175781
AY3XPKRAMKKY7:10:B001VG7USC,AY3XPKRAMKKY7,head,2,3674,"0,9062,25226>3674",30,9+,1,0,,ineligible,-1.1608695983886719
AY4TNCPU7VF2V:1:B002UD1G9Y,AY4TNCPU7VF2V,tail,0,740,0>740,30,9+,1209,1,,control,-0.4831428527832031
AY4TNCPU7VF2V:1:B002UD1G9Y,AY4TNCPU7VF2V,tail,1,7379,"0,740>7379",53,9+,40,1,,control,0.35068511962890625
AY4TNCPU7VF2V:1:B002UD1G9Y,AY4TNCPU7VF2V,tail,2,2452,"0,740,7379>2452",27,9+,1,0,,ineligible,-1.338296890258789
AYB8XLKTYMTTX:1:B0015KVAEE,AYB8XLKTYMTTX,head,0,467,0>467,30,9+,1159,1,,control,-0.380096435546875
AYB8XLKTYMTTX:1:B0015KVAEE,AYB8XLKTYMTTX,head,1,895,"0,467>895",24,9+,195,1,,control,-0.1250133514404297
AYB8XLKTYMTTX:1:B0015KVAEE,AYB8XLKTYMTTX,head,2,6103,"0,467,895>6103",74,9+,1,0,,ineligible,0.358001708984375
AYCME2VJ64TAC:3:B005PYOTR6,AYCME2VJ64TAC,head,0,14295,0>14295,30,9+,759,1,,control,0.5153388977050781
AYCME2VJ64TAC:3:B005PYOTR6,AYCME2VJ64TAC,head,1,10211,"0,14295>10211",44,9+,75,2,0.009794771671295166,control,3.474864959716797
AYCME2VJ64TAC:3:B005PYOTR6,AYCME2VJ64TAC,head,2,9197,"0,14295,10211>9197",54,9+,1,0,,ineligible,-0.013055801391601562
AYORRSZ0RE5O3:3:B0012K3H52,AYORRSZ0RE5O3,tail,0,740,0>740,30,9+,1209,1,,control,-0.18927764892578125
AYORRSZ0RE5O3:3:B0012K3H52,AYORRSZ0RE5O3,tail,1,6438,"0,740>6438",53,9+,50,2,0.0027341842651367188,control,-0.67913818359375
AYORRSZ0RE5O3:3:B0012K3H52,AYORRSZ0RE5O3,tail,2,10217,"0,740,6438>10217",42,9+,2,0,,ineligible,-3.723226547241211
AYORRSZ0RE5O3:3:B0012K3H52,AYORRSZ0RE5O3,tail,3,11696,"0,740,6438,10217>11696",2,2,1,0,,ineligible,4.122906684875488
AYRY9SNC133U8:4:B002Y2MEYC,AYRY9SNC133U8,tail,0,3203,0>3203,30,9+,353,1,,control,-2.2612953186035156
AYRY9SNC133U8:4:B002Y2MEYC,AYRY9SNC133U8,tail,1,9052,"0,3203>9052",28,9+,26,1,,control,2.375812530517578
AYRY9SNC133U8:4:B002Y2MEYC,AYRY9SNC133U8,tail,2,2666,"0,3203,9052>2666",21,9+,1,0,,ineligible,1.2109479904174805
AYWHCM0TJ4737:15:B006ROJLSU,AYWHCM0TJ4737,head,0,9062,0>9062,30,9+,203,1,,control,-1.2564163208007812
AYWHCM0TJ4737:15:B006ROJLSU,AYWHCM0TJ4737,head,1,25226,"0,9062>25226",26,9+,47,1,,control,2.1759414672851562
AYWHCM0TJ4737:15:B006ROJLSU,AYWHCM0TJ4737,head,2,9866,"0,9062,25226>9866",30,9+,1,0,,ineligible,-0.2267160415649414
AZ9B75YQ1DTCB:1:B0039X6XZG,AZ9B75YQ1DTCB,head,0,2100,0>2100,30,9+,1270,1,,control,2.3912734985351562
AZ9B75YQ1DTCB:1:B0039X6XZG,AZ9B75YQ1DTCB,head,1,1073,"0,2100>1073",31,9+,199,1,,control,-1.7050971984863281
AZ9B75YQ1DTCB:1:B0039X6XZG,AZ9B75YQ1DTCB,head,2,23856,"0,2100,1073>23856",31,9+,21,3,0.003377944231033325,control,1.3041038513183594
AZ9B75YQ1DTCB:1:B0039X6XZG,AZ9B75YQ1DTCB,head,3,20214,"0,2100,1073,23856>20214",19,9+,1,0,,ineligible,2.1102304458618164
AZA595ZPIG240:3:B004UU7AFE,AZA595ZPIG240,head,0,3127,0>3127,30,9+,700,1,,control,-1.6132240295410156
AZA595ZPIG240:3:B004UU7AFE,AZA595ZPIG240,head,1,18458,"0,3127>18458",21,9+,39,1,,control,0.7581348419189453
AZA595ZPIG240:3:B004UU7AFE,AZA595ZPIG240,head,2,17815,"0,3127,18458>17815",24,9+,6,1,,control,6.965110778808594
AZA595ZPIG240:3:B004UU7AFE,AZA595ZPIG240,head,3,21880,"0,3127,18458,17815>21880",6,5-8,1,0,,ineligible,0.12715530395507812
AZFM561C38ZWA:2:B004WLHZH4,AZFM561C38ZWA,tail,0,14527,0>14527,30,9+,388,1,,control,1.1108055114746094
AZFM561C38ZWA:2:B004WLHZH4,AZFM561C38ZWA,tail,1,12911,"0,14527>12911",19,9+,20,1,,control,4.287239074707031
AZFM561C38ZWA:2:B004WLHZH4,AZFM561C38ZWA,tail,2,6029,"0,14527,12911>6029",16,9+,1,0,,ineligible,-1.5601882934570312
AZIRQNN1YYSPB:4:B0063NLRYQ,AZIRQNN1YYSPB,tail,0,11604,0>11604,30,9+,220,1,,control,3.7457427978515625
AZIRQNN1YYSPB:4:B0063NLRYQ,AZIRQNN1YYSPB,tail,1,24046,"0,11604>24046",29,9+,7,1,,control,-0.5344085693359375
AZIRQNN1YYSPB:4:B0063NLRYQ,AZIRQNN1YYSPB,tail,2,3515,"0,11604,24046>3515",3,3-4,5,1,,control,1.0771751403808594
AZIRQNN1YYSPB:4:B0063NLRYQ,AZIRQNN1YYSPB,tail,4,2093,"0,11604,24046,3515,1497>2093",2,2,3,1,,control,2.83746337890625
AZIRQNN1YYSPB:4:B0063NLRYQ,AZIRQNN1YYSPB,tail,5,357,"0,11604,24046,3515,1497,2093>357",3,3-4,1,0,,ineligible,-0.39742469787597656
AZLF43KVWQBOS:3:B0083SSMEM,AZLF43KVWQBOS,head,0,11109,0>11109,30,9+,320,1,,control,-3.6332054138183594
AZLF43KVWQBOS:3:B0083SSMEM,AZLF43KVWQBOS,head,1,10211,"0,11109>10211",27,9+,16,2,0.009794771671295166,control,-1.248880386352539
AZLF43KVWQBOS:3:B0083SSMEM,AZLF43KVWQBOS,head,2,4695,"0,11109,10211>4695",13,9+,3,1,,control,1.488297462463379
AZLF43KVWQBOS:3:B0083SSMEM,AZLF43KVWQBOS,head,3,1673,"0,11109,10211,4695>1673",3,3-4,1,0,,ineligible,-0.7568745613098145
AZQ8PGVNCKXJ:8:B007U7LZQ4,AZQ8PGVNCKXJ,tail,0,14527,0>14527,30,9+,388,1,,control,1.7958869934082031
AZQ8PGVNCKXJ:8:B007U7LZQ4,AZQ8PGVNCKXJ,tail,1,5236,"0,14527>5236",19,9+,51,1,,control,0.499420166015625
AZQ8PGVNCKXJ:8:B007U7LZQ4,AZQ8PGVNCKXJ,tail,2,22121,"0,14527,5236>22121",37,9+,3,1,,control,4.712240219116211
AZQ8PGVNCKXJ:8:B007U7LZQ4,AZQ8PGVNCKXJ,tail,3,4537,"0,14527,5236,22121>4537",3,3-4,1,0,,ineligible,4.8466901779174805
AZW9UD7Z7J0WL:3:B000FPCWXI,AZW9UD7Z7J0WL,head,0,2341,0>2341,30,9+,490,1,,control,0.36396026611328125
AZW9UD7Z7J0WL:3:B000FPCWXI,AZW9UD7Z7J0WL,head,1,9062,"0,2341>9062",23,9+,123,1,,control,2.3899002075195312
AZW9UD7Z7J0WL:3:B000FPCWXI,AZW9UD7Z7J0WL,head,2,27336,"0,2341,9062>27336",71,9+,1,0,,ineligible,-2.8343887329101562
AZWMJ41IZ8IUT:5:B0000658L4,AZWMJ41IZ8IUT,head,0,2341,0>2341,30,9+,490,1,,control,0.4128456115722656
AZWMJ41IZ8IUT:5:B0000658L4,AZWMJ41IZ8IUT,head,1,17582,"0,2341>17582",23,9+,12,1,,control,-2.3366470336914062
AZWMJ41IZ8IUT:5:B0000658L4,AZWMJ41IZ8IUT,head,2,6871,"0,2341,17582>6871",12,9+,1,0,,ineligible,0.4435405731201172
