sample_key,target_group,baseline_rank,candidate_rank,union_covered,baseline_Recall@10,baseline_NDCG@10,baseline_Recall@50,candidate_Recall@10,candidate_NDCG@10,candidate_Recall@50,changed,broad_harm,gate_probability,soft_multiplier,residual_spread
A034597326Z83X79S50FI:validation:B004W1T8YW,tail,,,0,0.0,0.0,0.0,0.0,0.0,0.0,0,0,0.465925931930542,1.0,0.3040771782398224
A1085B05L8F56S:validation:B007SM3582,head,,,0,0.0,0.0,0.0,0.0,0.0,0.0,0,0,0.5472187995910645,1.0,0.31950294971466064
A10BTP0CXOVTZ:validation:B005KIQE16,head,,,0,0.0,0.0,0.0,0.0,0.0,0.0,0,0,0.35048583149909973,1.0,0.284641832113266
A10I05QBEOVVI9:validation:B007HVGD6K,head,1,1,1,1.0,1.0,1.0,1.0,1.0,1.0,0,0,0.6279638409614563,1.0,0.2811080515384674
A10I54XL73TRLK:validation:B00E3ECKGG,tail,,,0,0.0,0.0,0.0,0.0,0.0,0.0,0,0,0.3832226097583771,1.0,0.34162071347236633
A10L9NQO44OLOU:validation:B0044T2KBU,head,,,0,0.0,0.0,0.0,0.0,0.0,0.0,0,0,0.669874906539917,1.0,0.3112748861312866
A10PEXB6XAQ5XF:validation:1932188126,head,,,0,0.0,0.0,0.0,0.0,0.0,0.0,0,0,0.17939428985118866,1.0,0.33983176946640015
A10TB10B5FED71:validation:B000NVW07M,tail,,,0,0.0,0.0,0.0,0.0,0.0,0.0,0,0,0.357812762260437,1.0,0.2810767590999603
A111EZSVVQ1AL9:validation:B004CSD3PU,head,,,0,0.0,0.0,0.0,0.0,0.0,0.0,0,0,0.34632864594459534,1.0,0.31236040592193604
A112JF58KKB8LP:validation:B003UNWV60,head,,,0,0.0,0.0,0.0,0.0,0.0,0.0,0,0,0.6220263838768005,1.0,0.31714075803756714
A11FW5TMTDTQO4:validation:B00C6VPC22,tail,,,0,0.0,0.0,0.0,0.0,0.0,0.0,0,0,0.8206884860992432,1.0,0.3103567957878113
A11HZR9PO8530U:validation:B006O6EOX8,tail,,,0,0.0,0.0,0.0,0.0,0.0,0.0,0,0,0.6466566324234009,1.0,0.31504470109939575
A11I5FICGS8032:validation:B00000J048,head,,,0,0.0,0.0,0.0,0.0,0.0,0.0,0,0,0.3584577441215515,1.0,0.30089524388313293
A11IFBSF8AMW9M:validation:B005ZCY36K,head,4,4,1,1.0,0.43067655807339306,1.0,1.0,0.43067655807339306,1.0,0,0,0.3996337950229645,1.0,0.35686713457107544
A11LNY2OLQSUSV:validation:B00ARWCFFO,head,,,0,0.0,0.0,0.0,0.0,0.0,0.0,0,0,0.4527009427547455,1.0,0.3543732762336731
A11N9M2212IPJ:validation:B0009K6JYW,tail,24,19,1,0.0,0.0,1.0,0.0,0.0,1.0,1,0,0.636398196220398,1.0,0.33363083004951477
A11NTAJDD9CKAD:validation:B000FAB7I4,head,,,0,0.0,0.0,0.0,0.0,0.0,0.0,0,0,0.3625467121601105,1.0,0.3193534314632416
A11SPSEM08VIXX:validation:B00EAHXOWA,head,,,0,0.0,0.0,0.0,0.0,0.0,0.0,0,0,0.6078455448150635,1.0,0.31410160660743713
A11VQ0T0RHR4BC:validation:B004RQ64Q2,tail,49,44,1,0.0,0.0,1.0,0.0,0.0,1.0,1,0,0.35018232464790344,1.0,0.3587767481803894
A11WMA3BAH72:validation:B00CEUMJ62,head,4,4,1,1.0,0.43067655807339306,1.0,1.0,0.43067655807339306,1.0,0,0,0.5076672434806824,1.0,0.31637585163116455
A123SDVPVRUUMZ:validation:B00A850R3W,tail,,,0,0.0,0.0,0.0,0.0,0.0,0.0,0,0,0.37442904710769653,1.0,0.354666531085968
A124VKWCXT8IO9:validation:B00840LCB4,tail,,,0,0.0,0.0,0.0,0.0,0.0,0.0,0,0,0.36074817180633545,1.0,0.3582841157913208
A12DKDS7LRQSL:validation:B00BU0AYHS,tail,,,0,0.0,0.0,0.0,0.0,0.0,0.0,0,0,0.5182586312294006,1.0,0.29679155349731445
A12EHHZOEG7SLJ:validation:B00B3U7SMO,head,,,0,0.0,0.0,0.0,0.0,0.0,0.0,0,0,0.5613422989845276,1.0,0.28489354252815247
A12G8WFVFU2RGO:validation:B00000K3BR,head,,,0,0.0,0.0,0.0,0.0,0.0,0.0,0,0,0.66193687915802,1.0,0.30183282494544983
A12H962PICP3I8:validation:B005VPRDAY,head,20,18,1,0.0,0.0,1.0,0.0,0.0,1.0,1,0,0.4562811255455017,1.0,0.3121979832649231
A12HB5Q1ZI3IXJ:validation:B0057VQXN0,tail,,,0,0.0,0.0,0.0,0.0,0.0,0.0,0,0,0.4093805253505707,1.0,0.3046966791152954
A12I1XTSARFJW2:validation:B00569DOTO,tail,,,0,0.0,0.0,0.0,0.0,0.0,0.0,0,0,0.6612959504127502,1.0,0.30265140533447266
A12KPYPQOJZKX2:validation:B0078XJVR0,tail,1,1,1,1.0,1.0,1.0,1.0,1.0,1.0,0,0,0.5116434693336487,1.0,0.29784321784973145
A12P2DIQFEDVTM:validation:B000F3V2MW,head,,,0,0.0,0.0,0.0,0.0,0.0,0.0,0,0,0.6238006353378296,1.0,0.3144415616989136
A12T92R6PLL8V7:validation:B00021H91U,tail,,,0,0.0,0.0,0.0,0.0,0.0,0.0,0,0,0.448824018239975,1.0,0.3133116066455841
A12VNUQ0KYG1XB:validation:B00CMHWSMW,tail,,,0,0.0,0.0,0.0,0.0,0.0,0.0,0,0,0.39970701932907104,1.0,0.3569675087928772
A131JJUYSKVM4J:validation:B00008PVZG,tail,15,13,1,0.0,0.0,1.0,0.0,0.0,1.0,1,0,0.5684618353843689,1.0,0.3559149503707886
A13293DOYMPAB5:validation:B00C8526SY,tail,,,0,0.0,0.0,0.0,0.0,0.0,0.0,0,0,0.36147433519363403,1.0,0.30507880449295044
A13CIKH3UXEKTP:validation:B0073I1VRS,tail,,,0,0.0,0.0,0.0,0.0,0.0,0.0,0,0,0.532272458076477,1.0,0.3159768283367157
A13CZE489JKH5:validation:B007RDGKK2,tail,,,0,0.0,0.0,0.0,0.0,0.0,0.0,0,0,0.856968343257904,1.0,0.33313387632369995
A13JMDUWUKM6A1:validation:B00000ITIV,tail,,,0,0.0,0.0,0.0,0.0,0.0,0.0,0,0,0.3995057940483093,1.0,0.3421076536178589
A13KNCFLH0IH2G:validation:B00AA7V1N8,head,,,0,0.0,0.0,0.0,0.0,0.0,0.0,0,0,0.6551747918128967,1.0,0.3036394417285919
A13KOB3MV0UKP4:validation:B0055PLOS2,tail,,,0,0.0,0.0,0.0,0.0,0.0,0.0,0,0,0.4906577169895172,1.0,0.317685067653656
A13L503ICIEGOI:validation:B006FSWY46,tail,,,0,0.0,0.0,0.0,0.0,0.0,0.0,0,0,0.4723312258720398,1.0,0.3071463108062744
A13QCAZEFF68FK:validation:B00EQ0UQCM,tail,,,0,0.0,0.0,0.0,0.0,0.0,0.0,0,0,0.5029274821281433,1.0,0.31334516406059265
A13XBAXB99R1TF:validation:B005HRMYAU,tail,,,0,0.0,0.0,0.0,0.0,0.0,0.0,0,0,0.6248689889907837,1.0,0.2973102331161499
A13XSS72WHGQUC:validation:B007R3NTME,tail,,,0,0.0,0.0,0.0,0.0,0.0,0.0,0,0,0.38493111729621887,1.0,0.3066917359828949
A142R054O5MI9S:validation:B00CI6JPNC,tail,,,0,0.0,0.0,0.0,0.0,0.0,0.0,0,0,0.44548219442367554,1.0,0.30756276845932007
A143F8QE8SNCKY:validation:B007J3F99S,head,,,0,0.0,0.0,0.0,0.0,0.0,0.0,0,0,0.5450830459594727,1.0,0.35806477069854736
A14638TGYH7GD9:validation:B00EC901O0,tail,2,2,1,1.0,0.6309297535714575,1.0,1.0,0.6309297535714575,1.0,0,0,0.38248592615127563,1.0,0.30704841017723083
A1471IW2S85363:validation:B00C5IN4T4,tail,,,0,0.0,0.0,0.0,0.0,0.0,0.0,0,0,0.4123796224594116,1.0,0.3076237440109253
A14DU1XG5WW3YN:validation:B005JTEZGM,tail,33,29,1,0.0,0.0,1.0,0.0,0.0,1.0,1,0,0.3439876437187195,1.0,0.34284356236457825
A14KGTLUYL9B07:validation:B004ZAKXIU,tail,,,0,0.0,0.0,0.0,0.0,0.0,0.0,0,0,0.4434470534324646,1.0,0.31004661321640015
A14MYITLIZ25X7:validation:B0045H0L1W,head,,,0,0.0,0.0,0.0,0.0,0.0,0.0,0,0,0.725784182548523,1.0,0.3384256362915039
A14NMJAR560Q33:validation:B000EOEAFI,head,,,0,0.0,0.0,0.0,0.0,0.0,0.0,0,0,0.5692766904830933,1.0,0.28458335995674133
A14NQD4RHMM542:validation:B00CS1WD9A,head,,,0,0.0,0.0,0.0,0.0,0.0,0.0,0,0,0.5757007598876953,1.0,0.28035756945610046
A14TD41I1VY0J9:validation:B006OG75ES,tail,,,0,0.0,0.0,0.0,0.0,0.0,0.0,0,0,0.3992774188518524,1.0,0.3089154362678528
A14Y50K20PE7VA:validation:B004S6DXKG,tail,,,0,0.0,0.0,0.0,0.0,0.0,0.0,0,0,0.26982802152633667,1.0,0.3420152962207794
A150JNSC0KXI6R:validation:B001EO1T74,head,,,0,0.0,0.0,0.0,0.0,0.0,0.0,0,0,0.5734127163887024,1.0,0.3060065507888794
A152419GA05GXU:validation:B00BIDJP2W,head,,,0,0.0,0.0,0.0,0.0,0.0,0.0,0,0,0.4058398902416229,1.0,0.3571687936782837
A1547GEN3CH26U:validation:B0083J768O,tail,,,0,0.0,0.0,0.0,0.0,0.0,0.0,0,0,0.594405472278595,1.0,0.3100111186504364
A15AQXDR7YBT6V:validation:B003Y55562,tail,,,0,0.0,0.0,0.0,0.0,0.0,0.0,0,0,0.5018300414085388,1.0,0.3090287446975708
A15CYTGJHY8248:validation:B000F676D8,head,4,3,1,1.0,0.43067655807339306,1.0,1.0,0.5,1.0,1,0,0.5149893164634705,1.0,0.34381103515625
A15DT4CFL1L32Z:validation:B0090BZBSQ,tail,,,0,0.0,0.0,0.0,0.0,0.0,0.0,0,0,0.4695613384246826,1.0,0.3112073540687561
A15LK8DSFQZZ52:validation:B00CPHX75G,tail,,,0,0.0,0.0,0.0,0.0,0.0,0.0,0,0,0.40601667761802673,1.0,0.31199586391448975
A15V4TJBVYLK94:validation:B00004UFOO,head,,,0,0.0,0.0,0.0,0.0,0.0,0.0,0,0,0.7078269124031067,1.0,0.31282296776771545
A167VTVMWP0BW8:validation:B006OG74YO,tail,,,0,0.0,0.0,0.0,0.0,0.0,0.0,0,0,0.4017791152000427,1.0,0.313922643661499
A16AE1KKX8BUF5:validation:B00859GJWQ,head,35,30,1,0.0,0.0,1.0,0.0,0.0,1.0,1,0,0.4422343075275421,1.0,0.31300216913223267
A16PPE8U5G9IZL:validation:B00005BXJ0,tail,,,0,0.0,0.0,0.0,0.0,0.0,0.0,0,0,0.3594590723514557,1.0,0.3566967248916626
A16RG2G0QAXVE5:validation:B005QZP31U,head,,,0,0.0,0.0,0.0,0.0,0.0,0.0,0,0,0.44628772139549255,1.0,0.30407190322875977
A16TR8FX46WX13:validation:B007R1Z80W,tail,,,0,0.0,0.0,0.0,0.0,0.0,0.0,0,0,0.40820586681365967,1.0,0.30601391196250916
A16TYQNUVUB1F9:validation:B0007YDBLE,head,,,0,0.0,0.0,0.0,0.0,0.0,0.0,0,0,0.5481947064399719,1.0,0.284760057926178
A1776UH8PPT6WW:validation:B003DKJG7M,tail,,,0,0.0,0.0,0.0,0.0,0.0,0.0,0,0,0.428658127784729,1.0,0.3131723999977112
A17A5PQB68ZRG9:validation:B00HD3TFEE,tail,,,0,0.0,0.0,0.0,0.0,0.0,0.0,0,0,0.39050644636154175,1.0,0.28580790758132935
A17B2QIN8RVRBJ:validation:B0074T643C,tail,,,0,0.0,0.0,0.0,0.0,0.0,0.0,0,0,0.6520904898643494,1.0,0.3178001642227173
A17B9QXLPCWX2B:validation:B008AG5VLE,tail,,,0,0.0,0.0,0.0,0.0,0.0,0.0,0,0,0.6475576162338257,1.0,0.310174822807312
A17DIP6XB46Y2F:validation:B00A8HOYMU,tail,,,0,0.0,0.0,0.0,0.0,0.0,0.0,0,0,0.45353516936302185,1.0,0.30650603771209717
A17O7NFFPX9GBP:validation:B0034Y4AF0,tail,,98,1,0.0,0.0,0.0,0.0,0.0,0.0,1,0,0.40391016006469727,1.0,0.3059641420841217
A17PW45P2ASH4K:validation:B005AW85YG,head,,,0,0.0,0.0,0.0,0.0,0.0,0.0,0,0,0.38474389910697937,1.0,0.30788618326187134
A17XZGC1T1Z4Z4:validation:B00009XNSS,head,,,0,0.0,0.0,0.0,0.0,0.0,0.0,0,0,0.3779523968696594,1.0,0.3017657697200775
A181W8GE4TAPVV:validation:B004HKQI9G,head,,,0,0.0,0.0,0.0,0.0,0.0,0.0,0,0,0.3996543884277344,1.0,0.3081890344619751
A18GJRJKK36UBX:validation:B004Z7H2EQ,head,,,0,0.0,0.0,0.0,0.0,0.0,0.0,0,0,0.6924010515213013,1.0,0.3415115475654602
A18GVQXYIUY03C:validation:B008CNPHRS,tail,,,0,0.0,0.0,0.0,0.0,0.0,0.0,0,0,0.541778028011322,1.0,0.3174477815628052
A18TDD8ZFMNG4X:validation:B00CG5WVU4,tail,6,5,1,1.0,0.3562071871080222,1.0,1.0,0.38685280723454163,1.0,1,0,0.8637921810150146,1.0,0.35877448320388794
A191RI5TS00M5W:validation:B0042H32JS,tail,,,0,0.0,0.0,0.0,0.0,0.0,0.0,0,0,0.39770233631134033,1.0,0.3061196506023407
A192Z1UVDNK88E:validation:B001G5ZCCE,tail,,,0,0.0,0.0,0.0,0.0,0.0,0.0,0,0,0.41134291887283325,1.0,0.30363526940345764
A198OABXLHME55:validation:B007P6HZVO,tail,,,0,0.0,0.0,0.0,0.0,0.0,0.0,0,0,0.6866057515144348,1.0,0.31034693121910095
A19AER05KUPWX6:validation:B0006H5WWS,tail,11,9,1,0.0,0.0,1.0,1.0,0.3010299956639812,1.0,1,0,0.7706092596054077,1.0,0.31534677743911743
A19I70I7ALH86Q:validation:B007U7M0WC,head,,,0,0.0,0.0,0.0,0.0,0.0,0.0,0,0,0.4481212794780731,1.0,0.29907411336898804
A19IAW131XR12D:validation:B0056LAK0I,tail,,,0,0.0,0.0,0.0,0.0,0.0,0.0,0,0,0.5560848116874695,1.0,0.3117606043815613
A19MN9PYEPU7SU:validation:B004K9E5SA,tail,1,1,1,1.0,1.0,1.0,1.0,1.0,1.0,0,0,0.47585996985435486,1.0,0.33788609504699707
A19O1QVH7K39H0:validation:B0038B8IDO,tail,,,0,0.0,0.0,0.0,0.0,0.0,0.0,0,0,0.7360475659370422,1.0,0.3572833836078644
A19QPS78GOF43U:validation:B003FNWR6Y,tail,,,0,0.0,0.0,0.0,0.0,0.0,0.0,0,0,0.3652689754962921,1.0,0.35652226209640503
A19RK3TB9DLM0B:validation:B007PVHMCG,head,,,0,0.0,0.0,0.0,0.0,0.0,0.0,0,0,0.5483376979827881,1.0,0.3076188564300537
A1A0L0N6RTZ6Z:validation:B00D6N90BS,tail,1,1,1,1.0,1.0,1.0,1.0,1.0,1.0,0,0,0.7295882105827332,1.0,0.33822429180145264
A1AET8SKZZ057R:validation:B0074T643C,tail,,,0,0.0,0.0,0.0,0.0,0.0,0.0,0,0,0.3601895868778229,1.0,0.31939277052879333
A1AG6A3IJMB6RW:validation:1616617667,tail,,,0,0.0,0.0,0.0,0.0,0.0,0.0,0,0,0.40857723355293274,1.0,0.28518667817115784
A1ALOTXWL76OY7:validation:B00EDBZ58E,tail,23,21,1,0.0,0.0,1.0,0.0,0.0,1.0,1,0,0.543209969997406,1.0,0.3165168762207031
A1AMUFFCNHCZOK:validation:B001KF1M38,tail,,,0,0.0,0.0,0.0,0.0,0.0,0.0,0,0,0.6446478366851807,1.0,0.30770444869995117
A1AOMEDZIDXGTB:validation:B003C6ELEU,head,,60,1,0.0,0.0,0.0,0.0,0.0,0.0,1,0,0.48428797721862793,1.0,0.3124297261238098
A1APLFV52RQDPY:validation:B007U7M144,tail,,,0,0.0,0.0,0.0,0.0,0.0,0.0,0,0,0.5803465843200684,1.0,0.31167182326316833
A1AV1EJPTMV5KW:validation:B003BMGU4Y,tail,,,0,0.0,0.0,0.0,0.0,0.0,0.0,0,0,0.5868440270423889,1.0,0.2980688810348511
A1AXDE60UT3N9L:validation:B000809NJ6,tail,,,0,0.0,0.0,0.0,0.0,0.0,0.0,0,0,0.6930731534957886,1.0,0.3123438358306885
A1BCDC7CT8NZJA:validation:B000OGYDZS,tail,,,0,0.0,0.0,0.0,0.0,0.0,0.0,0,0,0.385526567697525,1.0,0.3012591302394867
A1BCL8SR4VYQTA:validation:B000G3LR9Y,head,40,35,1,0.0,0.0,1.0,0.0,0.0,1.0,1,0,0.657623827457428,1.0,0.30756503343582153
A1BOXCHKZM8KAV:validation:B002UD8P4S,head,,,0,0.0,0.0,0.0,0.0,0.0,0.0,0,0,0.647127628326416,1.0,0.31147444248199463
A1BT6TL7UCIC5Y:validation:B007HZ9S7C,head,,,0,0.0,0.0,0.0,0.0,0.0,0.0,0,0,0.6366037726402283,1.0,0.3555697798728943
A1BX9CC37SQ7M5:validation:B002C3R5XI,head,,,0,0.0,0.0,0.0,0.0,0.0,0.0,0,0,0.4236149489879608,1.0,0.3532240390777588
A1C3Y8LKKUBVWY:validation:B00008BFZH,head,6,5,1,1.0,0.3562071871080222,1.0,1.0,0.38685280723454163,1.0,1,0,0.5312862992286682,1.0,0.28527402877807617
A1CBJDITWZNIMB:validation:B0038M8EQO,head,,,0,0.0,0.0,0.0,0.0,0.0,0.0,0,0,0.5456233620643616,1.0,0.2992975115776062
A1CDWWS7NROSD:validation:B000SONEQA,head,,,0,0.0,0.0,0.0,0.0,0.0,0.0,0,0,0.51971036195755,1.0,0.3133518695831299
A1D0APMZUU1MYX:validation:B0006M9LSO,tail,20,35,1,0.0,0.0,1.0,0.0,0.0,1.0,1,0,0.7365513443946838,1.0,0.3583955764770508
A1DGXVIOATFFT4:validation:B0001GDOZG,tail,,,0,0.0,0.0,0.0,0.0,0.0,0.0,0,0,0.6093918085098267,1.0,0.29860782623291016
A1DIDB2WOZD1M3:validation:B00AF12K48,tail,,,0,0.0,0.0,0.0,0.0,0.0,0.0,0,0,0.5948092341423035,1.0,0.3132171034812927
A1DJA1ADDO3L6M:validation:B0028K2Q8O,tail,,,0,0.0,0.0,0.0,0.0,0.0,0.0,0,0,0.49397847056388855,1.0,0.3070674538612366
A1DSCPT3MY8NSX:validation:B0006O8Q7Y,head,47,42,1,0.0,0.0,1.0,0.0,0.0,1.0,1,0,0.40522655844688416,1.0,0.29700982570648193
A1DSU331053G86:validation:B00261P632,tail,,,0,0.0,0.0,0.0,0.0,0.0,0.0,0,0,0.41071775555610657,1.0,0.301918089389801
A1DXCHIJNPSER8:validation:B005QUQ99U,tail,,,0,0.0,0.0,0.0,0.0,0.0,0.0,0,0,0.3733072578907013,1.0,0.30922436714172363
A1E5IF3D5KGV40:validation:B0095XOPF4,head,,,0,0.0,0.0,0.0,0.0,0.0,0.0,0,0,0.4908863604068756,1.0,0.29894232749938965
A1EKSETIBS9ETQ:validation:B00BGAA3S2,tail,,,0,0.0,0.0,0.0,0.0,0.0,0.0,0,0,0.3060721755027771,1.0,0.3624078035354614
A1EP3QX5DVC6ID:validation:B00CJO8ZZW,head,,,0,0.0,0.0,0.0,0.0,0.0,0.0,0,0,0.4922809898853302,1.0,0.3546656370162964
A1EQQIK6QU4JAH:validation:B008B68ING,tail,11,9,1,0.0,0.0,1.0,1.0,0.3010299956639812,1.0,1,0,0.5016493797302246,1.0,0.35584384202957153
A1EXJ925400B63:validation:B0002IBTXW,tail,,,0,0.0,0.0,0.0,0.0,0.0,0.0,0,0,0.46993064880371094,1.0,0.31582823395729065
A1EZB4BQ68IJQJ:validation:B001BKX0V4,head,,,0,0.0,0.0,0.0,0.0,0.0,0.0,0,0,0.511176586151123,1.0,0.3184625804424286
A1F5H0JZUN2E44:validation:B004560BPY,head,,,0,0.0,0.0,0.0,0.0,0.0,0.0,0,0,0.37959444522857666,1.0,0.3116917312145233
A1FBZV1US3G075:validation:B009B7F6E8,tail,,,0,0.0,0.0,0.0,0.0,0.0,0.0,0,0,0.5146580934524536,1.0,0.31674104928970337
A1FD3E1SCFYPT6:validation:B005MEI4VG,tail,,,0,0.0,0.0,0.0,0.0,0.0,0.0,0,0,0.5179731249809265,1.0,0.2844752371311188
A1FDV3WPOHREY9:validation:B00EDBY8BO,tail,,,0,0.0,0.0,0.0,0.0,0.0,0.0,0,0,0.7949058413505554,1.0,0.31591761112213135
A1FJFLAAQD5WH2:validation:B00FAQW0MK,head,,,0,0.0,0.0,0.0,0.0,0.0,0.0,0,0,0.5118075013160706,1.0,0.35387492179870605
A1FKGHZYT64TYG:validation:B00A8UT5TY,head,,,0,0.0,0.0,0.0,0.0,0.0,0.0,0,0,0.7130154371261597,1.0,0.35853010416030884
A1FLQD414LLIH5:validation:B0076TRVCS,tail,13,10,1,0.0,0.0,1.0,1.0,0.2890648263178879,1.0,1,0,0.6157098412513733,1.0,0.3075672686100006
A1FOTWBNLXV5OO:validation:B003P5GPBK,tail,,,0,0.0,0.0,0.0,0.0,0.0,0.0,0,0,0.3817540407180786,1.0,0.3557214140892029
A1FYYE9Z89Q82J:validation:B00B6BR55U,head,,,0,0.0,0.0,0.0,0.0,0.0,0.0,0,0,0.3583237826824188,1.0,0.3113049566745758
A1G0RMYT6CHP66:validation:B004Z7H1OW,tail,,,0,0.0,0.0,0.0,0.0,0.0,0.0,0,0,0.6161487698554993,1.0,0.3569625914096832
A1G69BQLIUMWPN:validation:B000231G58,tail,,,0,0.0,0.0,0.0,0.0,0.0,0.0,0,0,0.517437756061554,1.0,0.3096811771392822
A1G8JNHF0ZE4FA:validation:B0095XQWUA,tail,,,0,0.0,0.0,0.0,0.0,0.0,0.0,0,0,0.6964218616485596,1.0,0.3107883334159851
A1GJKM6YGR3FM2:validation:B008AQUJM0,head,,,0,0.0,0.0,0.0,0.0,0.0,0.0,0,0,0.6380565166473389,1.0,0.3574375510215759
A1GQ1JGK9YM6BU:validation:B004TGVOOC,tail,,,0,0.0,0.0,0.0,0.0,0.0,0.0,0,0,0.39468416571617126,1.0,0.3103860020637512
A1GSHFWF4ZL05I:validation:B000084JM8,tail,,60,1,0.0,0.0,0.0,0.0,0.0,0.0,1,0,0.5840237140655518,1.0,0.2916446328163147
A1H4ME81LZ452H:validation:B001W32FHU,head,,,0,0.0,0.0,0.0,0.0,0.0,0.0,0,0,0.47167325019836426,1.0,0.3158639371395111
A1H70WK52G194F:validation:B009AD4ZJA,head,1,1,1,1.0,1.0,1.0,1.0,1.0,1.0,0,0,0.655938982963562,1.0,0.3003210723400116
A1H8R02GMT1NIC:validation:B001VDRGQG,tail,,,0,0.0,0.0,0.0,0.0,0.0,0.0,0,0,0.4346776306629181,1.0,0.30906200408935547
A1HCY88YURHZVZ:validation:B007RM5CO8,head,1,1,1,1.0,1.0,1.0,1.0,1.0,1.0,0,0,0.8322604894638062,1.0,0.31380072236061096
A1HFT68GJ42LTM:validation:B0031P85VC,head,,,0,0.0,0.0,0.0,0.0,0.0,0.0,0,0,0.5339418649673462,1.0,0.3136315941810608
A1HMCR18I2G0N5:validation:B002J9R9IQ,tail,,,0,0.0,0.0,0.0,0.0,0.0,0.0,0,0,0.4216797947883606,1.0,0.3068445920944214
A1HP4IBOVLPPBX:validation:B0027CS7D6,tail,,,0,0.0,0.0,0.0,0.0,0.0,0.0,0,0,0.3755551278591156,1.0,0.31034404039382935
A1HWU7OWS0EC9R:validation:B007EE72BU,tail,,,0,0.0,0.0,0.0,0.0,0.0,0.0,0,0,0.37582191824913025,1.0,0.3129507601261139
A1I2U8NT5J6P1N:validation:B00ECV5KSU,tail,22,24,1,0.0,0.0,1.0,0.0,0.0,1.0,1,0,0.5640407204627991,1.0,0.3556472063064575
A1I7EA45MOXVO2:validation:B00EKHE1JA,tail,,80,1,0.0,0.0,0.0,0.0,0.0,0.0,1,0,0.5951799750328064,1.0,0.35864341259002686
A1I8ON1X0B2N2W:validation:B00H7LKW8U,tail,2,2,1,1.0,0.6309297535714575,1.0,1.0,0.6309297535714575,1.0,0,0,0.7284124493598938,1.0,0.33718228340148926
A1IAQIZSXONWVU:validation:B00ARQW1MM,head,38,35,1,0.0,0.0,1.0,0.0,0.0,1.0,1,0,0.6902420520782471,1.0,0.3142413794994354
A1ICQY6DT62O9N:validation:B00DV254L4,tail,9,9,1,1.0,0.3010299956639812,1.0,1.0,0.3010299956639812,1.0,0,0,0.7126174569129944,1.0,0.31167978048324585
A1IK5QG9Q5UQB5:validation:B00B7QKEWU,tail,,,0,0.0,0.0,0.0,0.0,0.0,0.0,0,0,0.3740304410457611,1.0,0.35741886496543884
A1ISNFODNKC3EI:validation:B007RKZJBQ,tail,,,0,0.0,0.0,0.0,0.0,0.0,0.0,0,0,0.49263137578964233,1.0,0.31103742122650146
A1ITEN72SMUP73:validation:B000277ATA,tail,,,0,0.0,0.0,0.0,0.0,0.0,0.0,0,0,0.6066733002662659,1.0,0.3164689540863037
A1IUL785XKEAD:validation:B000NTZL7U,head,,,0,0.0,0.0,0.0,0.0,0.0,0.0,0,0,0.2844483554363251,1.0,0.34450334310531616
A1IZRHRQNF3HSQ:validation:B00021Z2FU,head,13,13,1,0.0,0.0,1.0,0.0,0.0,1.0,0,0,0.44530200958251953,1.0,0.3163447976112366
A1J6Z9T0L4F4XR:validation:B00006JZCX,tail,,,0,0.0,0.0,0.0,0.0,0.0,0.0,0,0,0.4067254364490509,1.0,0.3007453382015228
A1JI8J1QQBSAHJ:validation:B004C7S70W,head,,,0,0.0,0.0,0.0,0.0,0.0,0.0,0,0,0.6213449835777283,1.0,0.30709728598594666
A1JWCNSL6W622O:validation:B009T45XDW,head,15,14,1,0.0,0.0,1.0,0.0,0.0,1.0,1,0,0.392959326505661,1.0,0.3576802611351013
A1JXE27STRRE0H:validation:B00ATX7JSO,tail,2,2,1,1.0,0.6309297535714575,1.0,1.0,0.6309297535714575,1.0,0,0,0.4517969489097595,1.0,0.3589470386505127
A1JXMPW18185MO:validation:B001R1RRC0,tail,,,0,0.0,0.0,0.0,0.0,0.0,0.0,0,0,0.4812048375606537,1.0,0.291389137506485
A1K0593NELZQ64:validation:B004E9TU5O,tail,,,0,0.0,0.0,0.0,0.0,0.0,0.0,0,0,0.7129390239715576,1.0,0.30740562081336975
A1L9E0DHAHL0M0:validation:B00AHAJGXK,head,,,0,0.0,0.0,0.0,0.0,0.0,0.0,0,0,0.46246498823165894,1.0,0.31013059616088867
A1LCWUC7ZO8VF5:validation:B007RM5DTC,head,,,0,0.0,0.0,0.0,0.0,0.0,0.0,0,0,0.4673742651939392,1.0,0.29271021485328674
A1LEXEYZFZ4611:validation:B009ZTUFP2,head,12,43,1,0.0,0.0,1.0,0.0,0.0,1.0,1,0,0.8620274662971497,1.0,0.3575942814350128
A1LLR2EA1X6J6M:validation:B00A671QP0,tail,,,0,0.0,0.0,0.0,0.0,0.0,0.0,0,0,0.41970354318618774,1.0,0.3567606806755066
A1LX95ESZ0HDYL:validation:B004QM8B4K,tail,,,0,0.0,0.0,0.0,0.0,0.0,0.0,0,0,0.461450457572937,1.0,0.3009512424468994
A1LXUUMCF5PI5Q:validation:B005JR5RCA,tail,1,1,1,1.0,1.0,1.0,1.0,1.0,1.0,0,0,0.5976321697235107,1.0,0.30572348833084106
A1M1PPWVDVYHCT:validation:B008OZJRHU,tail,,,0,0.0,0.0,0.0,0.0,0.0,0.0,0,0,0.5920324325561523,1.0,0.2954658567905426
A1M8MS6PGJ2LT:validation:B005HAZEOU,tail,,,0,0.0,0.0,0.0,0.0,0.0,0.0,0,0,0.5793530344963074,1.0,0.3099091649055481
A1MFP7JAMWNNDM:validation:B00C2P770W,tail,,,0,0.0,0.0,0.0,0.0,0.0,0.0,0,0,0.5657058954238892,1.0,0.29385727643966675
A1MHLA5JHGL0L9:validation:B003H9MSP6,tail,,,0,0.0,0.0,0.0,0.0,0.0,0.0,0,0,0.36858388781547546,1.0,0.3578161597251892
A1MIOPOJI98HMF:validation:B008B68IBI,head,,,0,0.0,0.0,0.0,0.0,0.0,0.0,0,0,0.4161885380744934,1.0,0.29532143473625183
A1MM2IJ9XDPB9C:validation:B005IWL0KY,tail,,,0,0.0,0.0,0.0,0.0,0.0,0.0,0,0,0.4548068642616272,1.0,0.3574402928352356
A1MOJ5E4QX6GM2:validation:B000AM03TQ,head,,,0,0.0,0.0,0.0,0.0,0.0,0.0,0,0,0.5062748193740845,1.0,0.3140961527824402
A1MPGVUUHJRTBI:validation:B000UEL172,head,34,31,1,0.0,0.0,1.0,0.0,0.0,1.0,1,0,0.35468626022338867,1.0,0.31591594219207764
A1MSD53W1UT3QY:validation:B00897DX6O,tail,,62,1,0.0,0.0,0.0,0.0,0.0,0.0,1,0,0.5990428328514099,1.0,0.3352610170841217
A1MTIKIGAJWKL8:validation:B00C2SJA3Q,tail,,,0,0.0,0.0,0.0,0.0,0.0,0.0,0,0,0.4690190255641937,1.0,0.35572701692581177
A1MV14CAE4KLYY:validation:B00BY2ER66,head,4,4,1,1.0,0.43067655807339306,1.0,1.0,0.43067655807339306,1.0,0,0,0.46085843443870544,1.0,0.30285972356796265
A1MXXD64DGCJ39:validation:B006UD2RB6,tail,,,0,0.0,0.0,0.0,0.0,0.0,0.0,0,0,0.402754545211792,1.0,0.28886428475379944
A1N2KOKBP38342:validation:B007U7M0WM,head,4,3,1,1.0,0.43067655807339306,1.0,1.0,0.5,1.0,1,0,0.603549599647522,1.0,0.284063458442688
A1NKDHSM1D0O00:validation:B008UPESK0,tail,,,0,0.0,0.0,0.0,0.0,0.0,0.0,0,0,0.4652450382709503,1.0,0.35734349489212036
A1NZD47Y4IFJR5:validation:B008B68J2G,head,1,1,1,1.0,1.0,1.0,1.0,1.0,1.0,0,0,0.37888097763061523,1.0,0.3080880045890808
A1OPV6BD37T1VL:validation:B005VPRDV8,tail,,,0,0.0,0.0,0.0,0.0,0.0,0.0,0,0,0.5756022930145264,1.0,0.3155064284801483
A1OX93IPAKL23R:validation:B000T2YKIM,head,,,0,0.0,0.0,0.0,0.0,0.0,0.0,0,0,0.5300493240356445,1.0,0.3010704815387726
A1PKW77TT9GK2X:validation:B00ARQW1E0,head,,,0,0.0,0.0,0.0,0.0,0.0,0.0,0,0,0.7437185049057007,1.0,0.3098357319831848
A1PPPCF42TMACV:validation:B00DR2VOJO,head,,,0,0.0,0.0,0.0,0.0,0.0,0.0,0,0,0.4546429514884949,1.0,0.2995690107345581
A1PT0VHALURW2P:validation:B00BQYR110,head,,,0,0.0,0.0,0.0,0.0,0.0,0.0,0,0,0.4668304920196533,1.0,0.31860432028770447
A1PUGP8IXD1BA9:validation:B00CFWWD6A,tail,1,1,1,1.0,1.0,1.0,1.0,1.0,1.0,0,0,0.4348818361759186,1.0,0.28671789169311523
A1PVN3FJ3WNG1M:validation:B004U7JJWE,head,,,0,0.0,0.0,0.0,0.0,0.0,0.0,0,0,0.37633734941482544,1.0,0.3124091625213623
A1PZ8BM9TI76Y9:validation:B00CX5XB3S,tail,,,0,0.0,0.0,0.0,0.0,0.0,0.0,0,0,0.43626952171325684,1.0,0.3401484489440918
A1Q63BO0X32H5O:validation:B004PBLP5O,head,,,0,0.0,0.0,0.0,0.0,0.0,0.0,0,0,0.3582753539085388,1.0,0.30290281772613525
A1QBMVACRQSBVV:validation:B00BX8J32O,tail,33,44,1,0.0,0.0,1.0,0.0,0.0,1.0,1,0,0.7682971358299255,1.0,0.3582061529159546
A1QIKQIBBIKGLD:validation:B00AYDLM6Y,head,,84,1,0.0,0.0,0.0,0.0,0.0,0.0,1,0,0.47586947679519653,1.0,0.35614562034606934
A1QPW77DY5D5EP:validation:B009F7ORF8,tail,4,5,1,1.0,0.43067655807339306,1.0,1.0,0.38685280723454163,1.0,1,0,0.6696450710296631,1.0,0.3579714298248291
A1R4Z6ODCJ8100:validation:B001UUO3S4,tail,,,0,0.0,0.0,0.0,0.0,0.0,0.0,0,0,0.6616672277450562,1.0,0.3111591339111328
A1RFYZHZP79VC7:validation:B00027P7SQ,tail,,,0,0.0,0.0,0.0,0.0,0.0,0.0,0,0,0.4164735972881317,1.0,0.3133402466773987
A1RR52GVCRO9WT:validation:B008LQXR82,head,,,0,0.0,0.0,0.0,0.0,0.0,0.0,0,0,0.5544896125793457,1.0,0.3092043697834015
A1RYLIR0OD5JBV:validation:B004SGRWWG,tail,,,0,0.0,0.0,0.0,0.0,0.0,0.0,0,0,0.6081262230873108,1.0,0.3093469738960266
A1S6ONDYQTBUJP:validation:B000H124DI,tail,,,0,0.0,0.0,0.0,0.0,0.0,0.0,0,0,0.4110665023326874,1.0,0.3006451427936554
A1SB9BNNGKNX2Z:validation:B00FAQVY4U,tail,,,0,0.0,0.0,0.0,0.0,0.0,0.0,0,0,0.5704432129859924,1.0,0.2993243336677551
A1SG1KQWVT4MBW:validation:B0037UP9MY,head,,,0,0.0,0.0,0.0,0.0,0.0,0.0,0,0,0.36527886986732483,1.0,0.3093276619911194
A1SWCNGOR3GMOQ:validation:B003SAM6BU,tail,,,0,0.0,0.0,0.0,0.0,0.0,0.0,0,0,0.5246982574462891,1.0,0.29624587297439575
A1T19DCB7QR2M6:validation:B007U7M0WM,head,,,0,0.0,0.0,0.0,0.0,0.0,0.0,0,0,0.44212839007377625,1.0,0.298221230506897
A1T1YSCDW0PD25:validation:B00FQVIKRS,tail,,,0,0.0,0.0,0.0,0.0,0.0,0.0,0,0,0.5913729667663574,1.0,0.35569995641708374
A1T2GT0H5N187N:validation:B00AE9RJ6A,tail,,,0,0.0,0.0,0.0,0.0,0.0,0.0,0,0,0.5896199941635132,1.0,0.29533228278160095
A1T4XL2Z1N19IQ:validation:B000G2JQB6,tail,,,0,0.0,0.0,0.0,0.0,0.0,0.0,0,0,0.46937793493270874,1.0,0.2757047414779663
A1T56UCOP8SMN1:validation:B005VPH35E,tail,,,0,0.0,0.0,0.0,0.0,0.0,0.0,0,0,0.37291863560676575,1.0,0.3410226106643677
A1T5Y1GX0MU86:validation:B00DI472RE,tail,,,0,0.0,0.0,0.0,0.0,0.0,0.0,0,0,0.6430498361587524,1.0,0.3094768524169922
A1T909MRTTF9Y:validation:B004C7S70W,head,,,0,0.0,0.0,0.0,0.0,0.0,0.0,0,0,0.35564225912094116,1.0,0.2902991771697998
A1TKM36EYEQNSM:validation:B0085UA8ZE,head,,,0,0.0,0.0,0.0,0.0,0.0,0.0,0,0,0.4915706515312195,1.0,0.3419710397720337
A1TSMUYO1K4L67:validation:B003EIK136,head,,,0,0.0,0.0,0.0,0.0,0.0,0.0,0,0,0.4438161551952362,1.0,0.3547438383102417
A1TX2N102JG27W:validation:B004IGAWNW,tail,,,0,0.0,0.0,0.0,0.0,0.0,0.0,0,0,0.7405880689620972,1.0,0.31290221214294434
A1U7LS93I03MFW:validation:B008S8IKWQ,head,11,10,1,0.0,0.0,1.0,1.0,0.2890648263178879,1.0,1,0,0.7067031860351562,1.0,0.3087816834449768
A1U7T23UT5UMOW:validation:B00DW58ENU,tail,,,0,0.0,0.0,0.0,0.0,0.0,0.0,0,0,0.4413016736507416,1.0,0.31540733575820923
A1UI5BJ2YTCYR6:validation:B00DECZ5D8,head,,,0,0.0,0.0,0.0,0.0,0.0,0.0,0,0,0.6127579808235168,1.0,0.31104451417922974
A1UJTR4M3RWOK7:validation:B005XVCR48,head,,,0,0.0,0.0,0.0,0.0,0.0,0.0,0,0,0.47402510046958923,1.0,0.31838756799697876
A1UUUEFB2HH5L9:validation:B001W3HY8K,tail,38,43,1,0.0,0.0,1.0,0.0,0.0,1.0,1,0,0.46861302852630615,1.0,0.31221941113471985
A1UVM7X84UYJUO:validation:B003MS6150,head,,,0,0.0,0.0,0.0,0.0,0.0,0.0,0,0,0.4040420651435852,1.0,0.30918991565704346
A1VGDYL61GF579:validation:B006O6EMGC,tail,,61,1,0.0,0.0,0.0,0.0,0.0,0.0,1,0,0.3292759954929352,1.0,0.2809487581253052
A1VH028NKF3A8:validation:B004XE0JJQ,tail,,,0,0.0,0.0,0.0,0.0,0.0,0.0,0,0,0.5316793918609619,1.0,0.2869676351547241
A1VHK9A4VLJTHC:validation:B00005LDWX,tail,,,0,0.0,0.0,0.0,0.0,0.0,0.0,0,0,0.755720317363739,1.0,0.3578128218650818
A1VIU0K7BO7NDJ:validation:B000LFUKV8,tail,4,12,1,1.0,0.43067655807339306,1.0,0.0,0.0,1.0,1,1,0.8365000486373901,1.0,0.3286798894405365
A1VXTY9FZMEBQJ:validation:B0024HJQGG,tail,,,0,0.0,0.0,0.0,0.0,0.0,0.0,0,0,0.6663594841957092,1.0,0.31044721603393555
A1W9RC64J43WLW:validation:B0030HBVG2,head,,,0,0.0,0.0,0.0,0.0,0.0,0.0,0,0,0.4580739736557007,1.0,0.35527482628822327
A1W9U13YPP81KA:validation:B0002HZHQI,tail,,,0,0.0,0.0,0.0,0.0,0.0,0.0,0,0,0.5338729023933411,1.0,0.30228954553604126
A1WC4DX50XM0CY:validation:B000WD3XBI,head,,,0,0.0,0.0,0.0,0.0,0.0,0.0,0,0,0.35904425382614136,1.0,0.3053723871707916
A1WCJEZS66D224:validation:B007J3F99S,head,,,0,0.0,0.0,0.0,0.0,0.0,0.0,0,0,0.3584040105342865,1.0,0.3080254793167114
A1WJV6LHZUMFQN:validation:B007AR5268,tail,,,0,0.0,0.0,0.0,0.0,0.0,0.0,0,0,0.6200834512710571,1.0,0.3073923587799072
A1WKQ94M45D8MG:validation:B00EDBZ0L6,head,11,12,1,0.0,0.0,1.0,0.0,0.0,1.0,1,0,0.48242563009262085,1.0,0.3119416832923889
A1WOVR9ZEX6X61:validation:B00BF657XI,tail,,,0,0.0,0.0,0.0,0.0,0.0,0.0,0,0,0.616852879524231,1.0,0.31405889987945557
A1WUPOLYFH3CJ4:validation:B00005RF5D,head,,,0,0.0,0.0,0.0,0.0,0.0,0.0,0,0,0.44677889347076416,1.0,0.30373305082321167
A1X0JVM9QJAF7I:validation:B00C2P73TC,tail,,,0,0.0,0.0,0.0,0.0,0.0,0.0,0,0,0.6477283239364624,1.0,0.30439096689224243
A1X92E9FLWRU3H:validation:B001DZMITW,tail,,,0,0.0,0.0,0.0,0.0,0.0,0.0,0,0,0.4465971887111664,1.0,0.3164134919643402
A1XCZP5EZXPUEM:validation:B006QZ7T2K,tail,,56,1,0.0,0.0,0.0,0.0,0.0,0.0,1,0,0.6090071201324463,1.0,0.2936049699783325
A1XDAUHSVADHW5:validation:B00GJXICV6,tail,3,3,1,1.0,0.5,1.0,1.0,0.5,1.0,0,0,0.49255385994911194,1.0,0.35812926292419434
A1XIXX2QFHVTD3:validation:B001M2FNH0,head,,,0,0.0,0.0,0.0,0.0,0.0,0.0,0,0,0.49713021516799927,1.0,0.3065088391304016
A1XMJXNVT02ISJ:validation:B00462PTZ4,head,,,0,0.0,0.0,0.0,0.0,0.0,0.0,0,0,0.4217682182788849,1.0,0.28609055280685425
A1XOUXOCHAGRPE:validation:B003DW92G0,tail,,92,1,0.0,0.0,0.0,0.0,0.0,0.0,1,0,0.5921079516410828,1.0,0.287756085395813
A1XOVR4ONAUEJ8:validation:B00AUKGCAC,tail,30,31,1,0.0,0.0,1.0,0.0,0.0,1.0,1,0,0.8563088774681091,1.0,0.35735729336738586
A1XPR3FV3PSFUA:validation:B0044XRP5M,tail,,,0,0.0,0.0,0.0,0.0,0.0,0.0,0,0,0.49617743492126465,1.0,0.29612237215042114
A1XVTQGC0NEX4D:validation:B000N5QNSK,head,,,0,0.0,0.0,0.0,0.0,0.0,0.0,0,0,0.3003902733325958,1.0,0.3132076859474182
A1XWX7QTBR3UPV:validation:B00ECWSL0I,head,,,0,0.0,0.0,0.0,0.0,0.0,0.0,0,0,0.4337831437587738,1.0,0.30460289120674133
A1Y39T2CT36YL0:validation:B00C6Q7MJI,head,,,0,0.0,0.0,0.0,0.0,0.0,0.0,0,0,0.4849430024623871,1.0,0.3060310482978821
A1Y45O5RRPWTEJ:validation:B002BRSCJ6,head,,,0,0.0,0.0,0.0,0.0,0.0,0.0,0,0,0.43112409114837646,1.0,0.28444457054138184
A1YESY26WF858Y:validation:B004DJ50JA,tail,,,0,0.0,0.0,0.0,0.0,0.0,0.0,0,0,0.6924698948860168,1.0,0.31207600235939026
A1YHCTKR6KOMYH:validation:B006CC16X0,tail,,,0,0.0,0.0,0.0,0.0,0.0,0.0,0,0,0.4479721486568451,1.0,0.35747238993644714
A1YKP8L17WYMMW:validation:B0043WI65C,tail,,,0,0.0,0.0,0.0,0.0,0.0,0.0,0,0,0.5644926428794861,1.0,0.2965988218784332
A1YURCSJHDUO5N:validation:B007GFFGFQ,tail,2,2,1,1.0,0.6309297535714575,1.0,1.0,0.6309297535714575,1.0,0,0,0.6411830186843872,1.0,0.28270941972732544
A1ZESINPIJT7Z5:validation:B00EAHXWQI,tail,,,0,0.0,0.0,0.0,0.0,0.0,0.0,0,0,0.599107563495636,1.0,0.31513512134552
A1ZH0ZCRHRTY33:validation:B003E6NHSE,tail,,,0,0.0,0.0,0.0,0.0,0.0,0.0,0,0,0.5656261444091797,1.0,0.31173890829086304
A1ZIDT0XJA10IR:validation:B00BV2V8A2,tail,2,3,1,1.0,0.6309297535714575,1.0,1.0,0.5,1.0,1,0,0.5225628614425659,1.0,0.35990798473358154
A1ZJWIYP548EEV:validation:B0051938EA,tail,1,1,1,1.0,1.0,1.0,1.0,1.0,1.0,0,0,0.3933253884315491,1.0,0.314098060131073
A1ZKHICPYS7W2N:validation:B003GIS8T8,tail,,,0,0.0,0.0,0.0,0.0,0.0,0.0,0,0,0.4257800281047821,1.0,0.29172611236572266
A1ZUB5RJCZXX5T:validation:B001ENISX8,tail,,,0,0.0,0.0,0.0,0.0,0.0,0.0,0,0,0.4507767856121063,1.0,0.31202763319015503
A1ZYR489V0JDGM:validation:B00BNWI4WA,tail,38,50,1,0.0,0.0,1.0,0.0,0.0,1.0,1,0,0.45900046825408936,1.0,0.35754919052124023
A2045ZUB7SC8BV:validation:B007IG0TY6,tail,,,0,0.0,0.0,0.0,0.0,0.0,0.0,0,0,0.49111121892929077,1.0,0.31759127974510193
A204DNKTHMYYCU:validation:B00710LHPY,tail,26,21,1,0.0,0.0,1.0,0.0,0.0,1.0,1,0,0.6008801460266113,1.0,0.2914343476295471
A20E5KYAOTET1Z:validation:B00106CGP0,tail,,,0,0.0,0.0,0.0,0.0,0.0,0.0,0,0,0.629102885723114,1.0,0.3415987491607666
A20PQHPJWGX911:validation:B004U53A7Q,head,,78,1,0.0,0.0,0.0,0.0,0.0,0.0,1,0,0.40308940410614014,1.0,0.2927090525627136
A214DWZLDHAETM:validation:B00004YRPC,head,,,0,0.0,0.0,0.0,0.0,0.0,0.0,0,0,0.49281254410743713,1.0,0.301069974899292
A215WH6RUDUCMP:validation:B00FG1U7FQ,tail,,,0,0.0,0.0,0.0,0.0,0.0,0.0,0,0,0.8656830191612244,1.0,0.3075502812862396
A21BVL7PKG9BX8:validation:B00B1D7ANK,head,,,0,0.0,0.0,0.0,0.0,0.0,0.0,0,0,0.5395013093948364,1.0,0.3087867498397827
A21C576486CJDS:validation:B00CKH9QTM,head,,,0,0.0,0.0,0.0,0.0,0.0,0.0,0,0,0.5598512291908264,1.0,0.3159234821796417
A21DN36JGZBJX:validation:B0002AUWKG,head,,,0,0.0,0.0,0.0,0.0,0.0,0.0,0,0,0.28934377431869507,1.0,0.3186584413051605
A21NPYDOH03LLW:validation:B0039S7NO6,head,37,33,1,0.0,0.0,1.0,0.0,0.0,1.0,1,0,0.5603060722351074,1.0,0.2926368713378906
A21RYSSHMEIT4K:validation:B003770ZMG,tail,,,0,0.0,0.0,0.0,0.0,0.0,0.0,0,0,0.6774739027023315,1.0,0.3591582775115967
A21SXKRU1EAXYR:validation:B003UHYU9C,tail,,,0,0.0,0.0,0.0,0.0,0.0,0.0,0,0,0.506897509098053,1.0,0.3091723918914795
A220LDI4DOEDPT:validation:B001OXT1MA,tail,,,0,0.0,0.0,0.0,0.0,0.0,0.0,0,0,0.6177681088447571,1.0,0.3111574351787567
A221QUP7LEGAVQ:validation:B00AHKMQKK,tail,,,0,0.0,0.0,0.0,0.0,0.0,0.0,0,0,0.5578830242156982,1.0,0.311553955078125
A22B8HUQQYPB1I:validation:B004KA3HI8,tail,,,0,0.0,0.0,0.0,0.0,0.0,0.0,0,0,0.5049195289611816,1.0,0.30076661705970764
A22GN1A0DVRPXI:validation:B0007UPXMI,tail,,,0,0.0,0.0,0.0,0.0,0.0,0.0,0,0,0.641048789024353,1.0,0.28060775995254517
A22RKQ3TCY0YSC:validation:B00B3Q6JGE,head,,,0,0.0,0.0,0.0,0.0,0.0,0.0,0,0,0.5793018341064453,1.0,0.29879987239837646
A22ZHO790Y9EO7:validation:B005EDB6UG,tail,,,0,0.0,0.0,0.0,0.0,0.0,0.0,0,0,0.523833155632019,1.0,0.3163401484489441
A230MXOPPE503H:validation:B0049B4DNQ,tail,,,0,0.0,0.0,0.0,0.0,0.0,0.0,0,0,0.4141502380371094,1.0,0.35706546902656555
A23JLZ10442YE2:validation:B006O6FKDG,head,,,0,0.0,0.0,0.0,0.0,0.0,0.0,0,0,0.4712560176849365,1.0,0.3154969811439514
A23L7R8G04LKRN:validation:B00009XNSY,head,,,0,0.0,0.0,0.0,0.0,0.0,0.0,0,0,0.4315670132637024,1.0,0.3064933121204376
A244UVEKGHQ3R9:validation:B00DH7P6WU,tail,,,0,0.0,0.0,0.0,0.0,0.0,0.0,0,0,0.670238733291626,1.0,0.3033894896507263
A247ZZ16U0NONK:validation:B004P9594O,tail,,,0,0.0,0.0,0.0,0.0,0.0,0.0,0,0,0.47514915466308594,1.0,0.31370964646339417
A24BRXO3H15ORU:validation:B00E8HYIFE,tail,,,0,0.0,0.0,0.0,0.0,0.0,0.0,0,0,0.47040635347366333,1.0,0.3184032440185547
A24J4NEAV774U5:validation:B0000658L4,head,,,0,0.0,0.0,0.0,0.0,0.0,0.0,0,0,0.43962350487709045,1.0,0.3000035583972931
A24NCF4KFZQHL0:validation:B007J3F9W0,head,,,0,0.0,0.0,0.0,0.0,0.0,0.0,0,0,0.6399747133255005,1.0,0.31380128860473633
A24UBC5SFSKLSW:validation:B000FMQS90,tail,,,0,0.0,0.0,0.0,0.0,0.0,0.0,0,0,0.21862450242042542,1.0,0.3494679033756256
A24YTF4DFAMFXP:validation:B0027CS7OK,tail,,,0,0.0,0.0,0.0,0.0,0.0,0.0,0,0,0.5154861211776733,1.0,0.34588080644607544
A25DXDKNYS474Z:validation:B005VPRDUO,tail,,,0,0.0,0.0,0.0,0.0,0.0,0.0,0,0,0.5460437536239624,1.0,0.31290203332901
A25N8UP4PJVQ8Z:validation:B00000JICT,head,,,0,0.0,0.0,0.0,0.0,0.0,0.0,0,0,0.5118852257728577,1.0,0.3088008165359497
A25TNBMJ4ZO7RD:validation:B00DLUE8DQ,head,2,2,1,1.0,0.6309297535714575,1.0,1.0,0.6309297535714575,1.0,0,0,0.5203026533126831,1.0,0.29025647044181824
A25UJPZLODUASK:validation:B003WKTGD2,tail,,,0,0.0,0.0,0.0,0.0,0.0,0.0,0,0,0.4394301474094391,1.0,0.31182944774627686
A25VHD2DDHLU9Y:validation:B000OUR0FY,tail,,,0,0.0,0.0,0.0,0.0,0.0,0.0,0,0,0.41345885396003723,1.0,0.31155580282211304
A25W53ABXGZS8B:validation:B00D4DGQ1C,tail,,,0,0.0,0.0,0.0,0.0,0.0,0.0,0,0,0.34746262431144714,1.0,0.31063032150268555
A25Y4AKGA0JVR:validation:B0015XJ8KY,tail,,,0,0.0,0.0,0.0,0.0,0.0,0.0,0,0,0.460416704416275,1.0,0.2914286255836487
A25ZRQBJFOIQNA:validation:B0026YYCYS,tail,,,0,0.0,0.0,0.0,0.0,0.0,0.0,0,0,0.5121461749076843,1.0,0.3142503499984741
A26AH5O9KJ31XX:validation:B004U5R5BI,head,4,2,1,1.0,0.43067655807339306,1.0,1.0,0.6309297535714575,1.0,1,0,0.6227773427963257,1.0,0.31461286544799805
A26K25KKMYY9TG:validation:B00B99ET58,head,3,3,1,1.0,0.5,1.0,1.0,0.5,1.0,0,0,0.5827622413635254,1.0,0.31304699182510376
A26LQSC65AMTGK:validation:B008KGR2OI,head,30,22,1,0.0,0.0,1.0,0.0,0.0,1.0,1,0,0.45697203278541565,1.0,0.2986355721950531
A26OI2JXIVZ5WZ:validation:B005DX7UHK,tail,,,0,0.0,0.0,0.0,0.0,0.0,0.0,0,0,0.4071982204914093,1.0,0.2886858582496643
A26OPNLJ0JYHPH:validation:B00EDBYHRO,tail,,,0,0.0,0.0,0.0,0.0,0.0,0.0,0,0,0.6993440389633179,1.0,0.3162775933742523
A276TEX1IGBHZP:validation:B00381A1IY,tail,,,0,0.0,0.0,0.0,0.0,0.0,0.0,0,0,0.4493677616119385,1.0,0.34189724922180176
A27FTLIJ7N8G9V:validation:B001UK509U,tail,,,0,0.0,0.0,0.0,0.0,0.0,0.0,0,0,0.26896339654922485,1.0,0.2969556450843811
A27H9DOUGY9FOS:validation:B00EAHXN6M,tail,44,36,1,0.0,0.0,1.0,0.0,0.0,1.0,1,0,0.6519957184791565,1.0,0.30281731486320496
A27IEA7DADM64W:validation:B002X8ROD8,tail,,,0,0.0,0.0,0.0,0.0,0.0,0.0,0,0,0.5100400447845459,1.0,0.35668572783470154
A27M7N7S5QN74C:validation:B0023TEEU8,head,,,0,0.0,0.0,0.0,0.0,0.0,0.0,0,0,0.40242689847946167,1.0,0.3070192337036133
A2877636PYV2A3:validation:B0002HZHUY,head,,,0,0.0,0.0,0.0,0.0,0.0,0.0,0,0,0.7165511250495911,1.0,0.3074833154678345
A28BBETPJNOYSO:validation:B0001LATN6,head,,,0,0.0,0.0,0.0,0.0,0.0,0.0,0,0,0.7190542221069336,1.0,0.35671085119247437
A28EPFLFDW05C0:validation:B00AA0Z6LI,tail,45,48,1,0.0,0.0,1.0,0.0,0.0,1.0,1,0,0.4393846094608307,1.0,0.298945814371109
A28UK6YNF5GRET:validation:B000VO3HC8,head,,,0,0.0,0.0,0.0,0.0,0.0,0.0,0,0,0.5865489840507507,1.0,0.31084144115448
A28WYYIWBDVB9A:validation:B00008PW0J,head,22,18,1,0.0,0.0,1.0,0.0,0.0,1.0,1,0,0.6231386661529541,1.0,0.3014765977859497
A291SUNXAOKE3V:validation:B0015EPR2Q,tail,,,0,0.0,0.0,0.0,0.0,0.0,0.0,0,0,0.6325515508651733,1.0,0.31162893772125244
A291U9KHBA2MFZ:validation:B004JMF00K,tail,,,0,0.0,0.0,0.0,0.0,0.0,0.0,0,0,0.47068488597869873,1.0,0.3588293790817261
A292FHOCHDIYB6:validation:B000O7ISY4,head,,,0,0.0,0.0,0.0,0.0,0.0,0.0,0,0,0.38745540380477905,1.0,0.3066878616809845
A292H88X2TX65C:validation:B0014QBZ12,head,,,0,0.0,0.0,0.0,0.0,0.0,0.0,0,0,0.37730735540390015,1.0,0.3548164963722229
A293HA28PN3VO4:validation:B008E1912A,tail,,,0,0.0,0.0,0.0,0.0,0.0,0.0,0,0,0.490563303232193,1.0,0.34217268228530884
A29BPMJI0ZYH4H:validation:B00GSPFC36,tail,1,1,1,1.0,1.0,1.0,1.0,1.0,1.0,0,0,0.429906964302063,1.0,0.3056466579437256
A29C0Z6BY8HB9H:validation:B008TN6B7Q,tail,,,0,0.0,0.0,0.0,0.0,0.0,0.0,0,0,0.6840752363204956,1.0,0.2990916967391968
A29E0Q47E8CPPO:validation:B00FAQW0N4,head,,,0,0.0,0.0,0.0,0.0,0.0,0.0,0,0,0.7327879667282104,1.0,0.3158504068851471
A29L4QWSIXKRE3:validation:B00005BHK7,head,,,0,0.0,0.0,0.0,0.0,0.0,0.0,0,0,0.5190091729164124,1.0,0.3093867599964142
A29LSH4E0H6AU3:validation:B00CWXWFBK,tail,,,0,0.0,0.0,0.0,0.0,0.0,0.0,0,0,0.4466099143028259,1.0,0.3163231611251831
A29M36OVC536A5:validation:B000H67EAQ,tail,,93,1,0.0,0.0,0.0,0.0,0.0,0.0,1,0,0.44989296793937683,1.0,0.3061077892780304
A29QEGO343T8WK:validation:B00BRCND4U,tail,,,0,0.0,0.0,0.0,0.0,0.0,0.0,0,0,0.42577219009399414,1.0,0.2990773618221283
A29U3AWYCDMCE5:validation:B00076OC8S,tail,,,0,0.0,0.0,0.0,0.0,0.0,0.0,0,0,0.4819255471229553,1.0,0.30133384466171265
A2A08GFVHJJ47L:validation:B0088260TC,head,,,0,0.0,0.0,0.0,0.0,0.0,0.0,0,0,0.669758141040802,1.0,0.31174853444099426
A2A6XU2EWW9VST:validation:B000MWX9MW,head,3,3,1,1.0,0.5,1.0,1.0,0.5,1.0,0,0,0.4335441589355469,1.0,0.31489384174346924
A2A9NARKEB8IHB:validation:B00ATX7JP2,tail,,,0,0.0,0.0,0.0,0.0,0.0,0.0,0,0,0.28512805700302124,1.0,0.3424663543701172
A2ABFXJB7DKIBQ:validation:B000HGTV66,tail,,,0,0.0,0.0,0.0,0.0,0.0,0.0,0,0,0.5805485248565674,1.0,0.31225669384002686
A2AI4GD1U83F6X:validation:B00EJOCAYW,tail,5,5,1,1.0,0.38685280723454163,1.0,1.0,0.38685280723454163,1.0,0,0,0.535474419593811,1.0,0.28414201736450195
A2ALUKTMWLGT3G:validation:B000KL8UVK,tail,46,43,1,0.0,0.0,1.0,0.0,0.0,1.0,1,0,0.4473380446434021,1.0,0.29955095052719116
A2AOZQ3WTNVVOK:validation:B009QZ30EI,head,,,0,0.0,0.0,0.0,0.0,0.0,0.0,0,0,0.641394853591919,1.0,0.31078922748565674
A2ASILBWROIFH:validation:B002YITFB6,tail,30,33,1,0.0,0.0,1.0,0.0,0.0,1.0,1,0,0.45924511551856995,1.0,0.29451578855514526
A2AT2UND85PMY:validation:B0083TXXIQ,head,,,0,0.0,0.0,0.0,0.0,0.0,0.0,0,0,0.5213099122047424,1.0,0.3078450858592987
A2AZKIANQ7RXBO:validation:B00146G71U,head,6,6,1,1.0,0.3562071871080222,1.0,1.0,0.3562071871080222,1.0,0,0,0.5727410316467285,1.0,0.3076997995376587
A2B5PJ5A5UHG4F:validation:B0008ELX2C,tail,,,0,0.0,0.0,0.0,0.0,0.0,0.0,0,0,0.32392850518226624,1.0,0.31536221504211426
A2B7FKCJMMHRN5:validation:B00540V0HS,head,,,0,0.0,0.0,0.0,0.0,0.0,0.0,0,0,0.4400438070297241,1.0,0.3050787150859833
A2BF1GX8G0VD07:validation:B0090BZBSQ,tail,,,0,0.0,0.0,0.0,0.0,0.0,0.0,0,0,0.5516060590744019,1.0,0.31128647923469543
A2BFIYZYNK54QX:validation:B00ECV4DNS,tail,,,0,0.0,0.0,0.0,0.0,0.0,0.0,0,0,0.7538968920707703,1.0,0.28620603680610657
A2BGDV09HCHX8E:validation:B00EVIJBSO,tail,,,0,0.0,0.0,0.0,0.0,0.0,0.0,0,0,0.3902420103549957,1.0,0.2920866012573242
A2BHA4ZVERPWWW:validation:B0039S7NO6,head,10,10,1,1.0,0.2890648263178879,1.0,1.0,0.2890648263178879,1.0,0,0,0.5126115083694458,1.0,0.31583142280578613
A2BT10XEGEB7UH:validation:B00C6Q1Y2O,head,,,0,0.0,0.0,0.0,0.0,0.0,0.0,0,0,0.3945348858833313,1.0,0.30382466316223145
A2BT3PYPARCG8V:validation:B00146K0I6,head,1,1,1,1.0,1.0,1.0,1.0,1.0,1.0,0,0,0.620833158493042,1.0,0.2866770029067993
A2C1C4QDJV1O6E:validation:B000I649J4,tail,,,0,0.0,0.0,0.0,0.0,0.0,0.0,0,0,0.6121562123298645,1.0,0.3063957095146179
A2C23YX3D9G68C:validation:B000LT1D56,head,7,6,1,1.0,0.3333333333333333,1.0,1.0,0.3562071871080222,1.0,1,0,0.5533963441848755,1.0,0.31191155314445496
A2C7IPDYUVR844:validation:B008BWZJ32,head,,,0,0.0,0.0,0.0,0.0,0.0,0.0,0,0,0.6357711553573608,1.0,0.3084428906440735
A2CMETO9TY0M7J:validation:B009Y5SD42,tail,,,0,0.0,0.0,0.0,0.0,0.0,0.0,0,0,0.44455769658088684,1.0,0.3564295172691345
A2CZDCQEI8Y8VS:validation:B000EDQGLK,head,,,0,0.0,0.0,0.0,0.0,0.0,0.0,0,0,0.43921419978141785,1.0,0.31112539768218994
A2D680JEPOO0EK:validation:B000197NXM,head,,,0,0.0,0.0,0.0,0.0,0.0,0.0,0,0,0.5101664662361145,1.0,0.3090801239013672
A2D7X9N3IV3S7B:validation:B00ECV4YRS,tail,,,0,0.0,0.0,0.0,0.0,0.0,0.0,0,0,0.514308512210846,1.0,0.27993321418762207
A2DET9JHJLY3RU:validation:B004PBLP5O,head,,,0,0.0,0.0,0.0,0.0,0.0,0.0,0,0,0.4743538498878479,1.0,0.3182940185070038
A2DG3YVEU37IZ7:validation:B00AJCNLBY,tail,3,2,1,1.0,0.5,1.0,1.0,0.6309297535714575,1.0,1,0,0.8372715711593628,1.0,0.3065341114997864
A2DHME9DL9JXTK:validation:B007PVHMCG,head,,,0,0.0,0.0,0.0,0.0,0.0,0.0,0,0,0.48626893758773804,1.0,0.3018748462200165
A2DMBPEXS1PK3M:validation:B00B3YT030,head,1,1,1,1.0,1.0,1.0,1.0,1.0,1.0,0,0,0.7461366057395935,1.0,0.3476600646972656
A2DMPU8DEEE1BN:validation:B003H3B4BG,head,,,0,0.0,0.0,0.0,0.0,0.0,0.0,0,0,0.5402456521987915,1.0,0.28428182005882263
A2E0952ETT33TV:validation:B00021HBAO,tail,,,0,0.0,0.0,0.0,0.0,0.0,0.0,0,0,0.440644234418869,1.0,0.3562382161617279
A2E0LYZCVBJCCJ:validation:B000GL1DTA,head,,,0,0.0,0.0,0.0,0.0,0.0,0.0,0,0,0.40717875957489014,1.0,0.31442683935165405
A2EF2QH44OQ2QG:validation:B009C02OIU,tail,,,0,0.0,0.0,0.0,0.0,0.0,0.0,0,0,0.38521063327789307,1.0,0.3115118145942688
A2EIX81C6U8TLF:validation:B005KISGI0,tail,,,0,0.0,0.0,0.0,0.0,0.0,0.0,0,0,0.43246498703956604,1.0,0.31095394492149353
A2ETLSB6RTCGHQ:validation:B00BSWS650,tail,,,0,0.0,0.0,0.0,0.0,0.0,0.0,0,0,0.43929147720336914,1.0,0.3007240295410156
A2F0AYUD1X0AMV:validation:B003JQT4Y0,head,3,3,1,1.0,0.5,1.0,1.0,0.5,1.0,0,0,0.3813130855560303,1.0,0.2951715886592865
A2F4FJ3BIZ68GJ:validation:B0044T2KBU,head,,,0,0.0,0.0,0.0,0.0,0.0,0.0,0,0,0.5882602334022522,1.0,0.3075954020023346
A2FDV9FTC349OV:validation:B004NSUIK2,tail,16,13,1,0.0,0.0,1.0,0.0,0.0,1.0,1,0,0.6486122012138367,1.0,0.33879250288009644
A2FFMW5UH8WNL5:validation:B008N6US3W,head,9,8,1,1.0,0.3010299956639812,1.0,1.0,0.31546487678572877,1.0,1,0,0.6399573087692261,1.0,0.3126670718193054
A2FHK9HKRF03HG:validation:B00CEMC30C,head,,,0,0.0,0.0,0.0,0.0,0.0,0.0,0,0,0.37131235003471375,1.0,0.29957151412963867
A2FIJBOV5DQH8L:validation:B002C4BAHO,head,14,49,1,0.0,0.0,1.0,0.0,0.0,1.0,1,0,0.43812501430511475,1.0,0.28508803248405457
A2FQ9QGCY27UVH:validation:B00AHAJBQM,head,,,0,0.0,0.0,0.0,0.0,0.0,0.0,0,0,0.5631603598594666,1.0,0.31526508927345276
A2FUNN2NPIZXIA:validation:B000NQMAFO,head,,,0,0.0,0.0,0.0,0.0,0.0,0.0,0,0,0.27825310826301575,1.0,0.2893286347389221
A2FYOI0JA5MP9Z:validation:B0060JVSTW,head,,,0,0.0,0.0,0.0,0.0,0.0,0.0,0,0,0.44770923256874084,1.0,0.356397420167923
A2G0L78E2YSVB4:validation:B003B111MQ,tail,,,0,0.0,0.0,0.0,0.0,0.0,0.0,0,0,0.4436803162097931,1.0,0.3117195665836334
A2G0Y6FVP84EX7:validation:B004PS8M6W,tail,,,0,0.0,0.0,0.0,0.0,0.0,0.0,0,0,0.5577089190483093,1.0,0.3157477378845215
A2G5XI0SC7O6P7:validation:B004IG8B94,tail,,,0,0.0,0.0,0.0,0.0,0.0,0.0,0,0,0.3839314579963684,1.0,0.29783785343170166
A2GAX9G9ANHFT8:validation:B002OE01XG,head,,,0,0.0,0.0,0.0,0.0,0.0,0.0,0,0,0.3321632146835327,1.0,0.2942615747451782
A2GCDS5DOZSG6Q:validation:B004DJ51WQ,head,28,24,1,0.0,0.0,1.0,0.0,0.0,1.0,1,0,0.3719656467437744,1.0,0.29647374153137207
A2GMFLSLYSEG3S:validation:B002WBA1Z4,head,,,0,0.0,0.0,0.0,0.0,0.0,0.0,0,0,0.5921576023101807,1.0,0.3601926565170288
A2GNEHDD0BK06H:validation:B00DLUE8DQ,head,5,3,1,1.0,0.38685280723454163,1.0,1.0,0.5,1.0,1,0,0.7584226727485657,1.0,0.3004327714443207
A2GSY9DM54Y0HS:validation:B008OW9SLI,head,16,13,1,0.0,0.0,1.0,0.0,0.0,1.0,1,0,0.8081605434417725,1.0,0.31018802523612976
A2H2W4UV8OHUDI:validation:B004H1V5RU,head,8,7,1,1.0,0.31546487678572877,1.0,1.0,0.3333333333333333,1.0,1,0,0.46892285346984863,1.0,0.3049721419811249
A2H6KLXQ2J87RR:validation:B00E5P24DW,head,,,0,0.0,0.0,0.0,0.0,0.0,0.0,0,0,0.7856333255767822,1.0,0.3172859251499176
A2HDQWYQSZQ6GB:validation:B00FBMP7XW,tail,,,0,0.0,0.0,0.0,0.0,0.0,0.0,0,0,0.4204881489276886,1.0,0.35856547951698303
A2HDU0SXYMB0S5:validation:B000GA90XC,head,,,0,0.0,0.0,0.0,0.0,0.0,0.0,0,0,0.41935697197914124,1.0,0.30127468705177307
A2HLKY47Z8XBSY:validation:B007RE0SCW,tail,,,0,0.0,0.0,0.0,0.0,0.0,0.0,0,0,0.5504317283630371,1.0,0.3094971477985382
A2HP9H1XJJPTWX:validation:B002A2U8OO,tail,,,0,0.0,0.0,0.0,0.0,0.0,0.0,0,0,0.4087136685848236,1.0,0.30715835094451904
A2HTHEM5T76V8L:validation:B000P0R9J0,tail,,,0,0.0,0.0,0.0,0.0,0.0,0.0,0,0,0.5762307047843933,1.0,0.29515743255615234
A2HXAF4GIH6S85:validation:B0076TRVK0,tail,1,1,1,1.0,1.0,1.0,1.0,1.0,1.0,0,0,0.41171082854270935,1.0,0.2878328561782837
A2I3AGJG6EX3L1:validation:B007Q0OUFS,head,,,0,0.0,0.0,0.0,0.0,0.0,0.0,0,0,0.33021071553230286,1.0,0.29324862360954285
A2I7UL0A60RPGX:validation:B00DJ4PJ64,tail,,,0,0.0,0.0,0.0,0.0,0.0,0.0,0,0,0.31977134943008423,1.0,0.3084715008735657
A2ICCWCOS1ZIQ3:validation:B00009KWTB,head,,,0,0.0,0.0,0.0,0.0,0.0,0.0,0,0,0.5098131895065308,1.0,0.3101661801338196
A2IHF4LLA9ANV8:validation:B00008GYCZ,head,,,0,0.0,0.0,0.0,0.0,0.0,0.0,0,0,0.43204936385154724,1.0,0.3099527359008789
A2II66WGDUGUS0:validation:B00C4VFOSQ,tail,,,0,0.0,0.0,0.0,0.0,0.0,0.0,0,0,0.7416117787361145,1.0,0.3372686207294464
A2IKTET602CILX:validation:B008MH5H4M,head,,,0,0.0,0.0,0.0,0.0,0.0,0.0,0,0,0.4426347315311432,1.0,0.30944281816482544
A2IWFH4JINUQC3:validation:B00762BMOI,head,21,15,1,0.0,0.0,1.0,0.0,0.0,1.0,1,0,0.5662288665771484,1.0,0.35976338386535645
A2IYZN1QWVX9I3:validation:B001H00156,tail,,,0,0.0,0.0,0.0,0.0,0.0,0.0,0,0,0.32002222537994385,1.0,0.3015623986721039
A2IZ1K4INA156V:validation:B000284X6W,head,9,7,1,1.0,0.3010299956639812,1.0,1.0,0.3333333333333333,1.0,1,0,0.681951105594635,1.0,0.29977649450302124
A2IZA416FFJAIC:validation:B000ICXOEO,tail,,,0,0.0,0.0,0.0,0.0,0.0,0.0,0,0,0.41168367862701416,1.0,0.3559440076351166
A2J29RFZ2TI0NQ:validation:B00030EP12,tail,,,0,0.0,0.0,0.0,0.0,0.0,0.0,0,0,0.6605660915374756,1.0,0.309937983751297
A2JIFF9XLPCKGX:validation:B004813L0S,head,,,0,0.0,0.0,0.0,0.0,0.0,0.0,0,0,0.2954465448856354,1.0,0.3428550362586975
A2JOG30L4PEIDY:validation:B001NQHN7S,head,,,0,0.0,0.0,0.0,0.0,0.0,0.0,0,0,0.6906108260154724,1.0,0.30907803773880005
A2JUGX9GZ6CLJG:validation:B00006IJE6,head,,,0,0.0,0.0,0.0,0.0,0.0,0.0,0,0,0.38612374663352966,1.0,0.31543129682540894
A2JWUOKYP41OZQ:validation:B0017GM4WI,tail,,,0,0.0,0.0,0.0,0.0,0.0,0.0,0,0,0.5267544984817505,1.0,0.3058476448059082
A2JXXG13DEYGBX:validation:B008S8YSW2,tail,,,0,0.0,0.0,0.0,0.0,0.0,0.0,0,0,0.7959571480751038,1.0,0.2921869456768036
A2K6T14EI8G5SN:validation:B000GYWXT6,tail,,,0,0.0,0.0,0.0,0.0,0.0,0.0,0,0,0.3647945523262024,1.0,0.2962857484817505
A2K71J7YK6K91A:validation:B007RM5CO8,head,,,0,0.0,0.0,0.0,0.0,0.0,0.0,0,0,0.30448874831199646,1.0,0.31685227155685425
A2K73S65K8RJS7:validation:B00GGM1L9K,tail,,,0,0.0,0.0,0.0,0.0,0.0,0.0,0,0,0.5233137607574463,1.0,0.30299055576324463
A2K75QOCP9ZHSL:validation:B00F5Y4AH0,head,23,19,1,0.0,0.0,1.0,0.0,0.0,1.0,1,0,0.6660575866699219,1.0,0.2983672320842743
A2KE6C09HAW48D:validation:B0039ZTNRE,tail,,,0,0.0,0.0,0.0,0.0,0.0,0.0,0,0,0.4130755662918091,1.0,0.3178791403770447
A2KFO3WTSDBLEX:validation:B001NVAEM4,tail,1,1,1,1.0,1.0,1.0,1.0,1.0,1.0,0,0,0.5289990901947021,1.0,0.28428947925567627
A2KI40WQZXFQSL:validation:B006UBLZMA,tail,,,0,0.0,0.0,0.0,0.0,0.0,0.0,0,0,0.5638388991355896,1.0,0.3134618401527405
A2KLDDOEUOLZHU:validation:B001F6CHJ0,tail,1,1,1,1.0,1.0,1.0,1.0,1.0,1.0,0,0,0.49188968539237976,1.0,0.2910837233066559
A2KMMT6KLYAFFF:validation:B00H7LKW8U,tail,1,1,1,1.0,1.0,1.0,1.0,1.0,1.0,0,0,0.7965151071548462,1.0,0.3170977830886841
A2KZE2TPQ1QO0S:validation:B00CCIKII2,head,,,0,0.0,0.0,0.0,0.0,0.0,0.0,0,0,0.384335994720459,1.0,0.3563479781150818
A2LESQ8TJEIR7S:validation:B002YIX0XA,tail,,,0,0.0,0.0,0.0,0.0,0.0,0.0,0,0,0.47322842478752136,1.0,0.29848670959472656
A2LJE0N3GQAIAS:validation:B004MWJLHK,head,,,0,0.0,0.0,0.0,0.0,0.0,0.0,0,0,0.45457378029823303,1.0,0.301952987909317
A2LOOWTQG5AQAF:validation:B000DH333G,head,,,0,0.0,0.0,0.0,0.0,0.0,0.0,0,0,0.40534865856170654,1.0,0.29107731580734253
A2LQWDVAZ0RUV1:validation:B00851EHAA,tail,,,0,0.0,0.0,0.0,0.0,0.0,0.0,0,0,0.49266332387924194,1.0,0.3121901750564575
A2LUMWS26K0WPU:validation:B001UH50MU,head,,,0,0.0,0.0,0.0,0.0,0.0,0.0,0,0,0.451193243265152,1.0,0.31044360995292664
A2M1QMMRCPNIII:validation:B007APP1NO,tail,,59,1,0.0,0.0,0.0,0.0,0.0,0.0,1,0,0.6725255250930786,1.0,0.30085083842277527
A2M5P4INHXKKQY:validation:B002OFLL7A,tail,3,3,1,1.0,0.5,1.0,1.0,0.5,1.0,0,0,0.4868151545524597,1.0,0.3584228456020355
A2M64K9DHIC5W6:validation:B008RWVE8A,head,,,0,0.0,0.0,0.0,0.0,0.0,0.0,0,0,0.41652190685272217,1.0,0.31676024198532104
A2MIHMKWI2D00L:validation:B001BS1U90,head,,,0,0.0,0.0,0.0,0.0,0.0,0.0,0,0,0.45825204253196716,1.0,0.30361759662628174
A2MPXY7EIKPIJN:validation:B004GY45CK,tail,,,0,0.0,0.0,0.0,0.0,0.0,0.0,0,0,0.7116325497627258,1.0,0.3150017261505127
A2MRTFIDEAPZJ1:validation:B00C9X59RU,tail,,,0,0.0,0.0,0.0,0.0,0.0,0.0,0,0,0.8281500935554504,1.0,0.309212863445282
A2N5G1JF94MSXB:validation:B0070A9OUA,head,9,7,1,1.0,0.3010299956639812,1.0,1.0,0.3333333333333333,1.0,1,0,0.6273002624511719,1.0,0.3103595972061157
A2NF50AJ330C1Y:validation:B00ATX7JSO,tail,14,11,1,0.0,0.0,1.0,0.0,0.0,1.0,1,0,0.48336878418922424,1.0,0.3040584623813629
A2NHTKNU65HKY6:validation:B0088ALY0E,tail,,,0,0.0,0.0,0.0,0.0,0.0,0.0,0,0,0.37078621983528137,1.0,0.34216809272766113
A2NK4VKGAFRB5U:validation:B000VMAZBQ,tail,,,0,0.0,0.0,0.0,0.0,0.0,0.0,0,0,0.39164191484451294,1.0,0.2998875379562378
A2NLIK2TG4OPFN:validation:B008BRLV20,tail,,,0,0.0,0.0,0.0,0.0,0.0,0.0,0,0,0.4006425738334656,1.0,0.30451881885528564
A2NUTM1FBPSTOE:validation:B00C2SJ7WU,tail,,,0,0.0,0.0,0.0,0.0,0.0,0.0,0,0,0.377584308385849,1.0,0.3382076025009155
A2O0LX10GV3GU0:validation:B006CD3AG0,tail,,,0,0.0,0.0,0.0,0.0,0.0,0.0,0,0,0.48618292808532715,1.0,0.31005311012268066
A2O35ES6WSV2Z2:validation:B00DMC6KAC,head,,,0,0.0,0.0,0.0,0.0,0.0,0.0,0,0,0.6326383948326111,1.0,0.3166193664073944
A2O5IRE90KJQKH:validation:B00C74HWSU,tail,,,0,0.0,0.0,0.0,0.0,0.0,0.0,0,0,0.7162512540817261,1.0,0.35260850191116333
A2O9DG473F3C5:validation:B00005UM9P,head,,,0,0.0,0.0,0.0,0.0,0.0,0.0,0,0,0.5146409273147583,1.0,0.2858756482601166
A2ODUOI6AX8LMF:validation:B004Q0SQ24,tail,,,0,0.0,0.0,0.0,0.0,0.0,0.0,0,0,0.3616649806499481,1.0,0.31316226720809937
A2OKFBD3MHNAG0:validation:B005V9BQ7G,tail,1,1,1,1.0,1.0,1.0,1.0,1.0,1.0,0,0,0.34288787841796875,1.0,0.31744906306266785
A2OW5HR1083Q0G:validation:B0032W05OO,tail,,,0,0.0,0.0,0.0,0.0,0.0,0.0,0,0,0.4545745551586151,1.0,0.31042879819869995
A2P4R74K9Q1E6K:validation:B0001VV1GU,tail,,,0,0.0,0.0,0.0,0.0,0.0,0.0,0,0,0.4698149561882019,1.0,0.3002761900424957
A2P65SKPDZDEUZ:validation:B00383AEZW,tail,,,0,0.0,0.0,0.0,0.0,0.0,0.0,0,0,0.6118091344833374,1.0,0.3563788831233978
A2P8JAGEYL18GF:validation:B005VPREJO,head,,,0,0.0,0.0,0.0,0.0,0.0,0.0,0,0,0.6008398532867432,1.0,0.3127081096172333
A2PBF1ZWQ9VHOX:validation:B007IYD4S6,tail,,,0,0.0,0.0,0.0,0.0,0.0,0.0,0,0,0.473579466342926,1.0,0.35739076137542725
A2PEIERQZR3COP:validation:B000PC51LQ,tail,,,0,0.0,0.0,0.0,0.0,0.0,0.0,0,0,0.7000083923339844,1.0,0.3181363344192505
A2PFTERIIMZP18:validation:B000NTZL7U,head,,,0,0.0,0.0,0.0,0.0,0.0,0.0,0,0,0.4327453374862671,1.0,0.31230485439300537
A2PK3ZZY170699:validation:B0033RVDVC,head,,,0,0.0,0.0,0.0,0.0,0.0,0.0,0,0,0.4052472412586212,1.0,0.30682802200317383
A2PNW6QDW8OPY0:validation:B0050RQOQM,tail,1,1,1,1.0,1.0,1.0,1.0,1.0,1.0,0,0,0.6754283308982849,1.0,0.30996382236480713
A2PQ83RVAGIL85:validation:B00C18BWZQ,tail,,,0,0.0,0.0,0.0,0.0,0.0,0.0,0,0,0.5481871366500854,1.0,0.3162156343460083
A2Q0GD5DW55EOM:validation:B000NDZ0QS,tail,,,0,0.0,0.0,0.0,0.0,0.0,0.0,0,0,0.4694085121154785,1.0,0.31129002571105957
A2Q3WSYBAWRDXR:validation:B000BTNQUQ,head,23,23,1,0.0,0.0,1.0,0.0,0.0,1.0,0,0,0.42541268467903137,1.0,0.3078795075416565
A2QANOGP5LLPBQ:validation:B007SYH2GQ,head,,,0,0.0,0.0,0.0,0.0,0.0,0.0,0,0,0.4353269636631012,1.0,0.3083319664001465
A2QETZZ5EKH5RQ:validation:B00FAQVVWA,head,,,0,0.0,0.0,0.0,0.0,0.0,0.0,0,0,0.5656675696372986,1.0,0.3057399392127991
A2QFOS6ID72QGX:validation:B008592HHC,tail,,,0,0.0,0.0,0.0,0.0,0.0,0.0,0,0,0.45513007044792175,1.0,0.36133480072021484
A2QFTJAT1D5PIL:validation:B00BSN0K1C,tail,13,43,1,0.0,0.0,1.0,0.0,0.0,1.0,1,0,0.6039059162139893,1.0,0.29603081941604614
A2QGWQMRN4ZVWE:validation:B00CI6JDIO,head,,87,1,0.0,0.0,0.0,0.0,0.0,0.0,1,0,0.6959328651428223,1.0,0.3418266177177429
A2QJXGSET1NF47:validation:B00312NELG,tail,,65,1,0.0,0.0,0.0,0.0,0.0,0.0,1,0,0.668541669845581,1.0,0.29002895951271057
A2QNCBV0G59RGB:validation:B005QZP6YE,tail,,,0,0.0,0.0,0.0,0.0,0.0,0.0,0,0,0.5253454446792603,1.0,0.3175557851791382
A2QRX9OJKW9TM9:validation:B001HKAFVQ,tail,,,0,0.0,0.0,0.0,0.0,0.0,0.0,0,0,0.5066573619842529,1.0,0.29496845602989197
A2QU07GKQ32HL9:validation:B004S8F7QM,head,31,42,1,0.0,0.0,1.0,0.0,0.0,1.0,1,0,0.3953683376312256,1.0,0.2794116139411926
A2QUDBI7R6Z3ED:validation:B004UU9W78,head,,,0,0.0,0.0,0.0,0.0,0.0,0.0,0,0,0.4743140935897827,1.0,0.312801718711853
A2R0CTC1I8ZKSY:validation:B002X7D8SO,head,,,0,0.0,0.0,0.0,0.0,0.0,0.0,0,0,0.7087810635566711,1.0,0.3122624158859253
A2R18KD5QN6ANJ:validation:B003NUSGS2,head,,,0,0.0,0.0,0.0,0.0,0.0,0.0,0,0,0.7539696097373962,1.0,0.35397136211395264
A2RA1DOQP9304M:validation:B000LSZVKA,head,12,11,1,0.0,0.0,1.0,0.0,0.0,1.0,1,0,0.3808360993862152,1.0,0.31972819566726685
A2RHBYM4M6M1IG:validation:B00020QJ6M,head,,,0,0.0,0.0,0.0,0.0,0.0,0.0,0,0,0.49147456884384155,1.0,0.30613040924072266
A2RK16NY8NH1P2:validation:B0039WN9FE,head,,,0,0.0,0.0,0.0,0.0,0.0,0.0,0,0,0.5034694075584412,1.0,0.3039414584636688
A2RLPZWBF7Z12A:validation:B000066HSN,head,,,0,0.0,0.0,0.0,0.0,0.0,0.0,0,0,0.41838452219963074,1.0,0.2996159493923187
A2RXOQQCU6Z2X8:validation:B000VN5ZLA,head,,,0,0.0,0.0,0.0,0.0,0.0,0.0,0,0,0.36342090368270874,1.0,0.30768275260925293
A2S036QNK68S8T:validation:B0007R4J30,head,8,8,1,1.0,0.31546487678572877,1.0,1.0,0.31546487678572877,1.0,0,0,0.4504258632659912,1.0,0.30864566564559937
A2S0HZ2WHXRKD:validation:B00134PLT2,tail,,,0,0.0,0.0,0.0,0.0,0.0,0.0,0,0,0.6324065327644348,1.0,0.3561928868293762
A2S0PQDK7QD617:validation:B000XU4M4C,tail,,,0,0.0,0.0,0.0,0.0,0.0,0.0,0,0,0.5357843041419983,1.0,0.3131874203681946
A2S0QP2A5D0UZQ:validation:B008B68IE0,head,1,1,1,1.0,1.0,1.0,1.0,1.0,1.0,0,0,0.5430892109870911,1.0,0.3437017798423767
A2S96KWPYBQRH2:validation:B00G9GNUFQ,tail,,,0,0.0,0.0,0.0,0.0,0.0,0.0,0,0,0.4985945522785187,1.0,0.35486656427383423
A2SBWW3UKUNVAO:validation:B00A88DROU,tail,20,16,1,0.0,0.0,1.0,0.0,0.0,1.0,1,0,0.6766350865364075,1.0,0.3573235273361206
A2SHFKMNO2GWEA:validation:B0038AJYSS,head,,,0,0.0,0.0,0.0,0.0,0.0,0.0,0,0,0.4176120460033417,1.0,0.35871875286102295
A2SJPGA55DRDEU:validation:B00008ZCEE,head,,,0,0.0,0.0,0.0,0.0,0.0,0.0,0,0,0.3854904770851135,1.0,0.35722875595092773
A2SJX70K35I0HX:validation:B004OSOLWW,tail,,,0,0.0,0.0,0.0,0.0,0.0,0.0,0,0,0.7360345721244812,1.0,0.3064134120941162
A2SKDKKNFQEHE1:validation:B004T0CQ0Y,tail,,,0,0.0,0.0,0.0,0.0,0.0,0.0,0,0,0.41774338483810425,1.0,0.28360462188720703
A2SM4UDA4BMFJS:validation:B0060LCZH4,tail,,,0,0.0,0.0,0.0,0.0,0.0,0.0,0,0,0.3894786238670349,1.0,0.3049187660217285
A2SP7SOF7HXLC7:validation:B001GQLHSG,tail,,,0,0.0,0.0,0.0,0.0,0.0,0.0,0,0,0.4919806122779846,1.0,0.35658949613571167
A2SQFFQRZX0GEJ:validation:B000ICXHQ4,tail,,84,1,0.0,0.0,0.0,0.0,0.0,0.0,1,0,0.5844494104385376,1.0,0.298425555229187
A2STPDNR3VV5OD:validation:B007QGINDC,tail,,,0,0.0,0.0,0.0,0.0,0.0,0.0,0,0,0.6578076481819153,1.0,0.30995243787765503
A2T8AJOK806D:validation:B004LE7ESW,tail,,,0,0.0,0.0,0.0,0.0,0.0,0.0,0,0,0.5889958739280701,1.0,0.355993390083313
A2T9EHCUD7CNEB:validation:B00HROBJXY,tail,,,0,0.0,0.0,0.0,0.0,0.0,0.0,0,0,0.5398538112640381,1.0,0.3568840026855469
A2TIZYHKY3TL6A:validation:B0028YVCBW,tail,,,0,0.0,0.0,0.0,0.0,0.0,0.0,0,0,0.45813727378845215,1.0,0.3057757616043091
A2TK5CSXG5VKS9:validation:B007XVYSZW,head,,,0,0.0,0.0,0.0,0.0,0.0,0.0,0,0,0.5176352858543396,1.0,0.2812266945838928
A2TMAI6UD2HQUX:validation:B007XVYSZ2,head,,,0,0.0,0.0,0.0,0.0,0.0,0.0,0,0,0.6367924809455872,1.0,0.31044474244117737
A2TS69HD3UWXAA:validation:B004J30ZDQ,head,,,0,0.0,0.0,0.0,0.0,0.0,0.0,0,0,0.41440844535827637,1.0,0.2824205756187439
A2TTHN1UMO82VY:validation:B00DJQZMTG,tail,,,0,0.0,0.0,0.0,0.0,0.0,0.0,0,0,0.5169832706451416,1.0,0.35436779260635376
A2U7BVPBW4AZTH:validation:B004QPRG5C,tail,,,0,0.0,0.0,0.0,0.0,0.0,0.0,0,0,0.5319316983222961,1.0,0.31077173352241516
A2U7MC5ZB0FF01:validation:B0045X6WBE,tail,,,0,0.0,0.0,0.0,0.0,0.0,0.0,0,0,0.4318434000015259,1.0,0.33902522921562195
A2U91K21IP9JNW:validation:B0034N7OZO,head,,,0,0.0,0.0,0.0,0.0,0.0,0.0,0,0,0.6205022931098938,1.0,0.31483760476112366
A2UKT61KI6L496:validation:B00000IWIA,head,,,0,0.0,0.0,0.0,0.0,0.0,0.0,0,0,0.8844980001449585,1.0,0.3571212887763977
A2ULI9R0G9FUGK:validation:B004N1DCFM,tail,,,0,0.0,0.0,0.0,0.0,0.0,0.0,0,0,0.3785538375377655,1.0,0.314818799495697
A2UR9GEIULV4Y0:validation:B0089RPUHO,head,48,43,1,0.0,0.0,1.0,0.0,0.0,1.0,1,0,0.6762034893035889,1.0,0.31513434648513794
A2UVNSXEH81C43:validation:B004M05IK6,tail,,,0,0.0,0.0,0.0,0.0,0.0,0.0,0,0,0.47671034932136536,1.0,0.30931517481803894
A2V2PDZS05ZLFU:validation:B002WB0FK0,tail,,,0,0.0,0.0,0.0,0.0,0.0,0.0,0,0,0.7328296899795532,1.0,0.3063203692436218
A2V55F355DDVCG:validation:B003KYTT7S,head,,,0,0.0,0.0,0.0,0.0,0.0,0.0,0,0,0.7522076964378357,1.0,0.2970695495605469
A2V68VWCJY9KDG:validation:B007R3NTME,tail,,,0,0.0,0.0,0.0,0.0,0.0,0.0,0,0,0.337833970785141,1.0,0.3411972224712372
A2VAIHJJ0KV28S:validation:B00A88B16Q,head,,,0,0.0,0.0,0.0,0.0,0.0,0.0,0,0,0.2552614212036133,1.0,0.29781392216682434
A2VGXB6X0L90S6:validation:B004QCFUYY,tail,,,0,0.0,0.0,0.0,0.0,0.0,0.0,0,0,0.6030434370040894,1.0,0.2947510778903961
A2VPJDOF6UN6SN:validation:B002EZZ6N0,tail,,,0,0.0,0.0,0.0,0.0,0.0,0.0,0,0,0.37624040246009827,1.0,0.3100454807281494
A2VRZBFBTQDZOC:validation:B00G924W98,tail,,,0,0.0,0.0,0.0,0.0,0.0,0.0,0,0,0.5901124477386475,1.0,0.3598901927471161
A2W4BO3M0A1KPL:validation:B000BK7JTO,tail,,,0,0.0,0.0,0.0,0.0,0.0,0.0,0,0,0.5123223066329956,1.0,0.3041379153728485
A2W5PPTR31BWN9:validation:B0038AJIMK,tail,,,0,0.0,0.0,0.0,0.0,0.0,0.0,0,0,0.40521731972694397,1.0,0.3027980327606201
A2W7FZKP0H0MNT:validation:B003U8XZ06,head,,,0,0.0,0.0,0.0,0.0,0.0,0.0,0,0,0.6723995804786682,1.0,0.30682411789894104
A2W88VUGI6DMEM:validation:B00AW8W4XQ,tail,,,0,0.0,0.0,0.0,0.0,0.0,0.0,0,0,0.4274638891220093,1.0,0.3048672676086426
A2WCAE2313FJP7:validation:B003D7F4YY,head,2,2,1,1.0,0.6309297535714575,1.0,1.0,0.6309297535714575,1.0,0,0,0.3313782811164856,1.0,0.303499698638916
A2WCDPO01CDUHK:validation:1936112264,tail,42,38,1,0.0,0.0,1.0,0.0,0.0,1.0,1,0,0.46329283714294434,1.0,0.35852259397506714
A2WF5EFBRZE72L:validation:B003A6CJB4,tail,,,0,0.0,0.0,0.0,0.0,0.0,0.0,0,0,0.6681583523750305,1.0,0.33935603499412537
A2WK7Z5VZTLJAU:validation:B0089RPUHO,head,,,0,0.0,0.0,0.0,0.0,0.0,0.0,0,0,0.45976272225379944,1.0,0.28161492943763733
A2WNINTSFLXDDC:validation:B00A4KHEK0,tail,,,0,0.0,0.0,0.0,0.0,0.0,0.0,0,0,0.524590253829956,1.0,0.2920489013195038
A2WS5PMA5N3DD0:validation:B00C16YYW6,head,1,1,1,1.0,1.0,1.0,1.0,1.0,1.0,0,0,0.9232664704322815,1.0,0.33778369426727295
A2WU96XUF99J5R:validation:B004JO50Q2,tail,,,0,0.0,0.0,0.0,0.0,0.0,0.0,0,0,0.5204961895942688,1.0,0.2907499670982361
A2WUH1Y0SA2SRI:validation:B0053FJKXU,tail,1,1,1,1.0,1.0,1.0,1.0,1.0,1.0,0,0,0.3810900151729584,1.0,0.31235557794570923
A2WZBKDNVBMLWZ:validation:B006PGLVCY,tail,1,1,1,1.0,1.0,1.0,1.0,1.0,1.0,0,0,0.39381301403045654,1.0,0.29670095443725586
A2X21KXCZKDQQE:validation:B00F14IKWK,tail,32,31,1,0.0,0.0,1.0,0.0,0.0,1.0,1,0,0.5439103245735168,1.0,0.3445889353752136
A2X6WMYTYRE130:validation:B00008ZCEE,head,6,6,1,1.0,0.3562071871080222,1.0,1.0,0.3562071871080222,1.0,0,0,0.5135495066642761,1.0,0.3023271858692169
A2X7Z2R324ZSDB:validation:B005KBXVUU,tail,,,0,0.0,0.0,0.0,0.0,0.0,0.0,0,0,0.40139108896255493,1.0,0.31409475207328796
A2XBYFFV4D34IB:validation:B00CKH9NS6,head,,,0,0.0,0.0,0.0,0.0,0.0,0.0,0,0,0.8890666365623474,1.0,0.31173238158226013
A2XC8MF14WTYZ2:validation:B00CI6J8KW,head,37,37,1,0.0,0.0,1.0,0.0,0.0,1.0,0,0,0.415619820356369,1.0,0.3580551743507385
A2XGEZGTIBLPG1:validation:B003FBVCAS,tail,,,0,0.0,0.0,0.0,0.0,0.0,0.0,0,0,0.5562185645103455,1.0,0.3168119788169861
A2XX2A4OJCDNLZ:validation:B00DPK11ZA,head,,91,1,0.0,0.0,0.0,0.0,0.0,0.0,1,0,0.8668776154518127,1.0,0.2857218384742737
A2Y9G9JKY54ZF7:validation:B004R48UB6,tail,,,0,0.0,0.0,0.0,0.0,0.0,0.0,0,0,0.6931197643280029,1.0,0.3155134916305542
A2YCR3RK42OYAG:validation:B005DZFY4E,tail,,,0,0.0,0.0,0.0,0.0,0.0,0.0,0,0,0.4669605493545532,1.0,0.29506716132164
A2YEOR4XJ8N3QE:validation:B00J2NHV0I,tail,,,0,0.0,0.0,0.0,0.0,0.0,0.0,0,0,0.5794655680656433,1.0,0.3146907687187195
A2YJV3YQX5PQ5P:validation:B00009XNTI,tail,,,0,0.0,0.0,0.0,0.0,0.0,0.0,0,0,0.27534857392311096,1.0,0.34316176176071167
A2YQ2ZI65F37N8:validation:B0006NDB6Q,tail,,,0,0.0,0.0,0.0,0.0,0.0,0.0,0,0,0.585127592086792,1.0,0.3108333349227905
A2YUAPWB0CBR93:validation:B001US2C1G,head,,,0,0.0,0.0,0.0,0.0,0.0,0.0,0,0,0.3687942624092102,1.0,0.3068610429763794
A2YUH53E6Q6NHH:validation:B000PQJJ42,tail,,,0,0.0,0.0,0.0,0.0,0.0,0.0,0,0,0.41673049330711365,1.0,0.3562115430831909
A2YWT3X8GFJXR2:validation:B000V97TM2,tail,,,0,0.0,0.0,0.0,0.0,0.0,0.0,0,0,0.35605400800704956,1.0,0.3010791838169098
A2YXNMGY33ND0K:validation:B00297OCWO,tail,,,0,0.0,0.0,0.0,0.0,0.0,0.0,0,0,0.5871120691299438,1.0,0.28997716307640076
A2YXWENP814QLI:validation:B00GSPFDV2,tail,,,0,0.0,0.0,0.0,0.0,0.0,0.0,0,0,0.5458934903144836,1.0,0.35847151279449463
A2ZE0BYLY5LGO8:validation:B00404ZUMU,tail,,,0,0.0,0.0,0.0,0.0,0.0,0.0,0,0,0.4518795907497406,1.0,0.35793668031692505
A2ZE1MKRVQFXBK:validation:B008WTY8RM,tail,,,0,0.0,0.0,0.0,0.0,0.0,0.0,0,0,0.5004128813743591,1.0,0.28022608160972595
A2ZE3TXABNVZVE:validation:B00CLC52NU,tail,,,0,0.0,0.0,0.0,0.0,0.0,0.0,0,0,0.5096879601478577,1.0,0.3103600740432739
A2ZO7VXCEACAEF:validation:B00AQ7UPYI,tail,,,0,0.0,0.0,0.0,0.0,0.0,0.0,0,0,0.5468074679374695,1.0,0.2961968183517456
A2ZOVFBMZHH992:validation:B0058KTUC6,tail,,,0,0.0,0.0,0.0,0.0,0.0,0.0,0,0,0.5070965886116028,1.0,0.35855889320373535
A2ZOVHKYDH4UOJ:validation:B000W7G78A,head,,,0,0.0,0.0,0.0,0.0,0.0,0.0,0,0,0.4605119228363037,1.0,0.28091928362846375
A300QB98FO5UBO:validation:B00CFWWD6U,head,,,0,0.0,0.0,0.0,0.0,0.0,0.0,0,0,0.38199737668037415,1.0,0.3568519055843353
A303DPVG2ULRF3:validation:B004MYYXEE,tail,,,0,0.0,0.0,0.0,0.0,0.0,0.0,0,0,0.44747233390808105,1.0,0.3166746497154236
A307H9E01JQLQO:validation:B00A852N2U,tail,,,0,0.0,0.0,0.0,0.0,0.0,0.0,0,0,0.5968413949012756,1.0,0.2774288058280945
A30BFF5I1BCW6M:validation:B004L28TCO,tail,,,0,0.0,0.0,0.0,0.0,0.0,0.0,0,0,0.46010223031044006,1.0,0.31501856446266174
A30BIXIPK186XL:validation:B007N0KZ64,head,,,0,0.0,0.0,0.0,0.0,0.0,0.0,0,0,0.4424408972263336,1.0,0.30533626675605774
A30FV37U4IKC64:validation:B001W30D2O,head,,,0,0.0,0.0,0.0,0.0,0.0,0.0,0,0,0.617456316947937,1.0,0.3033286929130554
A30H8ACW807Q2F:validation:B004FEXUP4,head,,,0,0.0,0.0,0.0,0.0,0.0,0.0,0,0,0.5758786797523499,1.0,0.29239895939826965
A30JY9GNRTPU6T:validation:B00EPKNTUO,tail,,,0,0.0,0.0,0.0,0.0,0.0,0.0,0,0,0.8099834322929382,1.0,0.35615670680999756
A30PGMDIGWO7M4:validation:B00499CJXO,tail,,,0,0.0,0.0,0.0,0.0,0.0,0.0,0,0,0.42532050609588623,1.0,0.3099161386489868
A30VX4D16Z2K2T:validation:B00164CKIO,head,,,0,0.0,0.0,0.0,0.0,0.0,0.0,0,0,0.6341272592544556,1.0,0.3099432587623596
A30ZO4M9CFHV85:validation:B00G8ZBCSA,tail,1,1,1,1.0,1.0,1.0,1.0,1.0,1.0,0,0,0.859904408454895,1.0,0.35404902696609497
A316E87D0B9MQW:validation:B008WTWBAI,tail,,,0,0.0,0.0,0.0,0.0,0.0,0.0,0,0,0.657906174659729,1.0,0.3153151869773865
A319W3J5PI9DBL:validation:B0015GMFLK,tail,,,0,0.0,0.0,0.0,0.0,0.0,0.0,0,0,0.5626592040061951,1.0,0.2989427149295807
A31EJWFHPPBKJL:validation:B000HAVGMY,tail,,,0,0.0,0.0,0.0,0.0,0.0,0.0,0,0,0.631767213344574,1.0,0.30554765462875366
A31P3Y3O590CWO:validation:B001GMZQX2,tail,,,0,0.0,0.0,0.0,0.0,0.0,0.0,0,0,0.4711526930332184,1.0,0.31102076172828674
A31U9ZFY048NHL:validation:1589945158,tail,,,0,0.0,0.0,0.0,0.0,0.0,0.0,0,0,0.23003850877285004,1.0,0.3438601493835449
A31ZO2G7KA11AR:validation:B009T45X78,tail,,,0,0.0,0.0,0.0,0.0,0.0,0.0,0,0,0.5222685933113098,1.0,0.3561803698539734
A3231KB20QM8KT:validation:B000HKH0T2,tail,1,1,1,1.0,1.0,1.0,1.0,1.0,1.0,0,0,0.6762186884880066,1.0,0.34726253151893616
A32B6XWNR55SRL:validation:B00EQ7QLSI,tail,21,20,1,0.0,0.0,1.0,0.0,0.0,1.0,1,0,0.5196139812469482,1.0,0.355458527803421
A32DXKK0YBRNPV:validation:B00004R7OJ,tail,,,0,0.0,0.0,0.0,0.0,0.0,0.0,0,0,0.6335710883140564,1.0,0.31008803844451904
A32EBQDMOPEJHE:validation:B0009XBY26,tail,,,0,0.0,0.0,0.0,0.0,0.0,0.0,0,0,0.622826099395752,1.0,0.28421416878700256
A32JRYB13SAZUT:validation:B000BTNQUQ,head,,,0,0.0,0.0,0.0,0.0,0.0,0.0,0,0,0.5494194626808167,1.0,0.355688214302063
A32O98PFC3OP7K:validation:B003O6EB70,tail,,,0,0.0,0.0,0.0,0.0,0.0,0.0,0,0,0.6231305003166199,1.0,0.3133618235588074
A32T2XLRS3XKOL:validation:B001EEV9QU,tail,,,0,0.0,0.0,0.0,0.0,0.0,0.0,0,0,0.6937157511711121,1.0,0.3174205720424652
A32UEV7AGISC5Y:validation:B000AR84B0,tail,,,0,0.0,0.0,0.0,0.0,0.0,0.0,0,0,0.409212201833725,1.0,0.3131583631038666
A32W0A0JOA5R0K:validation:B004S8F7QM,head,,,0,0.0,0.0,0.0,0.0,0.0,0.0,0,0,0.6882379055023193,1.0,0.35652604699134827
A32ZGK4SX98400:validation:B00FJWNSU8,tail,,,0,0.0,0.0,0.0,0.0,0.0,0.0,0,0,0.7428647875785828,1.0,0.35851508378982544
A32ZORCG68220E:validation:B002SXMH3K,head,,,0,0.0,0.0,0.0,0.0,0.0,0.0,0,0,0.36756202578544617,1.0,0.356085866689682
A3306R2G4LHEJV:validation:B0035A2PKU,tail,,,0,0.0,0.0,0.0,0.0,0.0,0.0,0,0,0.8442309498786926,1.0,0.2835932970046997
A3345VA7RM6GVP:validation:B00008BFZH,head,,,0,0.0,0.0,0.0,0.0,0.0,0.0,0,0,0.5069273114204407,1.0,0.3071788549423218
A337N1404NFOH2:validation:B00B2HGOEQ,tail,,,0,0.0,0.0,0.0,0.0,0.0,0.0,0,0,0.6023297309875488,1.0,0.2913011312484741
A33BY3PTPPX4OQ:validation:B00275PRT0,tail,,,0,0.0,0.0,0.0,0.0,0.0,0.0,0,0,0.49092257022857666,1.0,0.3473363518714905
A33NVJHMCLIBLQ:validation:B00C6PVVNM,tail,42,44,1,0.0,0.0,1.0,0.0,0.0,1.0,1,0,0.6579430103302002,1.0,0.2976810932159424
A33W24A8DHGSD6:validation:B005VPRDAY,head,,,0,0.0,0.0,0.0,0.0,0.0,0.0,0,0,0.5081310272216797,1.0,0.3132297694683075
A344N0X5LIV43M:validation:B00G69QBA2,tail,9,7,1,1.0,0.3010299956639812,1.0,1.0,0.3333333333333333,1.0,1,0,0.7304410934448242,1.0,0.3084484338760376
A34763KA9IR9LG:validation:B007G3VBOI,head,25,21,1,0.0,0.0,1.0,0.0,0.0,1.0,1,0,0.48270344734191895,1.0,0.3035600483417511
A34ASW0R6ZB874:validation:B00A88G6M0,tail,,,0,0.0,0.0,0.0,0.0,0.0,0.0,0,0,0.49015358090400696,1.0,0.3564996123313904
A34C4PYU4H1ZIJ:validation:B000XDSWRC,head,,,0,0.0,0.0,0.0,0.0,0.0,0.0,0,0,0.46047741174697876,1.0,0.2856314182281494
A34CSXOGVYF94S:validation:B00F6T8NYU,tail,9,7,1,1.0,0.3010299956639812,1.0,1.0,0.3333333333333333,1.0,1,0,0.8039106130599976,1.0,0.3130856156349182
A34LMVJL8D3NQO:validation:B0060JVSTW,head,,,0,0.0,0.0,0.0,0.0,0.0,0.0,0,0,0.5683791637420654,1.0,0.3570661246776581
A34QTP68ZWCXK5:validation:B000ZPRPGM,tail,,,0,0.0,0.0,0.0,0.0,0.0,0.0,0,0,0.48921114206314087,1.0,0.2861357629299164
A351YEOZLLR34M:validation:B003RBEHU8,tail,,,0,0.0,0.0,0.0,0.0,0.0,0.0,0,0,0.3622913956642151,1.0,0.35741132497787476
A359XVAV85ANH0:validation:B0017GM4WI,tail,,77,1,0.0,0.0,0.0,0.0,0.0,0.0,1,0,0.4488784372806549,1.0,0.30484098196029663
A35B1IURYB9EVM:validation:B008B68HPU,head,,,0,0.0,0.0,0.0,0.0,0.0,0.0,0,0,0.5353833436965942,1.0,0.33998551964759827
A35C2IVVQR1HTK:validation:B003AVNKVW,tail,,,0,0.0,0.0,0.0,0.0,0.0,0.0,0,0,0.3370797038078308,1.0,0.31115609407424927
A35IBVS6IIFI2A:validation:B002QNM8NQ,head,,,0,0.0,0.0,0.0,0.0,0.0,0.0,0,0,0.4036974310874939,1.0,0.30518627166748047
A35K2KDH47DORO:validation:B00CRA1PGY,tail,,,0,0.0,0.0,0.0,0.0,0.0,0.0,0,0,0.2937341034412384,1.0,0.34102487564086914
A35SJXBGJG948J:validation:B00CP4J7OY,head,16,14,1,0.0,0.0,1.0,0.0,0.0,1.0,1,0,0.7372512221336365,1.0,0.30887430906295776
A35UI2NV30AR9Z:validation:B004617DEU,head,3,2,1,1.0,0.5,1.0,1.0,0.6309297535714575,1.0,1,0,0.6038808226585388,1.0,0.3564460873603821
A35WK4QBFFU06Y:validation:B004NMLLQ8,tail,4,3,1,1.0,0.43067655807339306,1.0,1.0,0.5,1.0,1,0,0.557259202003479,1.0,0.3564019799232483
A35XD281YUSVVD:validation:B004SGS9X2,head,,,0,0.0,0.0,0.0,0.0,0.0,0.0,0,0,0.3846903145313263,1.0,0.30707263946533203
A35Y0RSU09ANEN:validation:B00EZIXA78,tail,,,0,0.0,0.0,0.0,0.0,0.0,0.0,0,0,0.6377114653587341,1.0,0.2969939410686493
A366RW4HUD2Q0I:validation:B007Q0OMJW,head,,,0,0.0,0.0,0.0,0.0,0.0,0.0,0,0,0.5195303559303284,1.0,0.2999853491783142
A3682Q1P1DZEPJ:validation:B007Y7WY24,tail,15,15,1,0.0,0.0,1.0,0.0,0.0,1.0,0,0,0.4147328734397888,1.0,0.28941020369529724
A3684FFQPI7LRE:validation:B001CBWCFC,tail,,,0,0.0,0.0,0.0,0.0,0.0,0.0,0,0,0.4194176495075226,1.0,0.3116700053215027
A36BQWQPYU6FRM:validation:B00FBW5E7G,tail,,,0,0.0,0.0,0.0,0.0,0.0,0.0,0,0,0.37535879015922546,1.0,0.30642199516296387
A373IJ3B2RVDEE:validation:B002SPU2YY,tail,1,1,1,1.0,1.0,1.0,1.0,1.0,1.0,0,0,0.8016790747642517,1.0,0.3118324875831604
A378SK5RZBMZFA:validation:B0002PUCFG,tail,,,0,0.0,0.0,0.0,0.0,0.0,0.0,0,0,0.43281832337379456,1.0,0.358445405960083
A37CVB3YM5VBY8:validation:B004PBN9BC,head,32,38,1,0.0,0.0,1.0,0.0,0.0,1.0,1,0,0.5497744679450989,1.0,0.35483044385910034
A37DH425IEA4RV:validation:B00CXLQIAU,head,,,0,0.0,0.0,0.0,0.0,0.0,0.0,0,0,0.5099039673805237,1.0,0.31252992153167725
A37I1ZZ4A8PZN9:validation:B008DBZC8I,tail,,,0,0.0,0.0,0.0,0.0,0.0,0.0,0,0,0.465678870677948,1.0,0.3046470880508423
A37KERFWFRR1K9:validation:B000EF5JDO,tail,,,0,0.0,0.0,0.0,0.0,0.0,0.0,0,0,0.5178104043006897,1.0,0.337329626083374
A37QFRXMBVS74J:validation:B002C4L4BG,tail,,,0,0.0,0.0,0.0,0.0,0.0,0.0,0,0,0.3765074908733368,1.0,0.356082946062088
A37VVGV0897DTI:validation:B00029R6H4,tail,,,0,0.0,0.0,0.0,0.0,0.0,0.0,0,0,0.5366151332855225,1.0,0.3134174644947052
A383M6UZM4MC76:validation:B000NBM3KG,tail,,,0,0.0,0.0,0.0,0.0,0.0,0.0,0,0,0.420996755361557,1.0,0.3405854403972626
A384GILMVNUQXT:validation:B003AP4JPE,head,,,0,0.0,0.0,0.0,0.0,0.0,0.0,0,0,0.5349664688110352,1.0,0.35605156421661377
A3874X0MVV5PV2:validation:B001HA9JOA,head,,,0,0.0,0.0,0.0,0.0,0.0,0.0,0,0,0.44669875502586365,1.0,0.35874342918395996
A38GILZWTNU072:validation:B00005BXJ0,tail,,,0,0.0,0.0,0.0,0.0,0.0,0.0,0,0,0.5633879899978638,1.0,0.29558223485946655
A38PQ6HQ1IM46:validation:B005IBVLHW,head,,,0,0.0,0.0,0.0,0.0,0.0,0.0,0,0,0.6012919545173645,1.0,0.31294530630111694
A38XVZH0JYXLEJ:validation:B00CKH9WOQ,head,39,31,1,0.0,0.0,1.0,0.0,0.0,1.0,1,0,0.41086795926094055,1.0,0.29029008746147156
A38YQOZPYTPA1Q:validation:B003BKR8N8,tail,,,0,0.0,0.0,0.0,0.0,0.0,0.0,0,0,0.6281781196594238,1.0,0.3599553406238556
A38Z49JP51XS3M:validation:B000WD3XBI,head,,,0,0.0,0.0,0.0,0.0,0.0,0.0,0,0,0.2732435166835785,1.0,0.3425576388835907
A390S5E3GXJIX5:validation:B000BN8Y8G,head,,,0,0.0,0.0,0.0,0.0,0.0,0.0,0,0,0.558673620223999,1.0,0.30936044454574585
A3934NGYZU4M6O:validation:B001CSM07U,head,,,0,0.0,0.0,0.0,0.0,0.0,0.0,0,0,0.7161256670951843,1.0,0.3131093382835388
A39354VKHR3MGT:validation:B0091P8K70,head,,,0,0.0,0.0,0.0,0.0,0.0,0.0,0,0,0.5028753280639648,1.0,0.3068375885486603
A399N0Z4Y0RM5T:validation:B00CXLQIAU,head,,,0,0.0,0.0,0.0,0.0,0.0,0.0,0,0,0.6058202981948853,1.0,0.34565630555152893
A39BGN8JA7CIFX:validation:B00FBW4QTI,head,9,8,1,1.0,0.3010299956639812,1.0,1.0,0.31546487678572877,1.0,1,0,0.4634694457054138,1.0,0.315325528383255
A39CFHC9J5W59B:validation:B0042TBGC6,head,,,0,0.0,0.0,0.0,0.0,0.0,0.0,0,0,0.3876616358757019,1.0,0.3156316876411438
A39DGDF982TOLH:validation:B004ORV2O8,head,,76,1,0.0,0.0,0.0,0.0,0.0,0.0,1,0,0.3518928587436676,1.0,0.29405903816223145
A39JJDXFE84BPA:validation:B001W03MH0,tail,,,0,0.0,0.0,0.0,0.0,0.0,0.0,0,0,0.49099302291870117,1.0,0.3386392891407013
A39NOALBWEMONL:validation:B000REI1FU,head,,,0,0.0,0.0,0.0,0.0,0.0,0.0,0,0,0.4778122305870056,1.0,0.3050299882888794
A3A1OA237FOZFK:validation:B0060Y240O,head,,,0,0.0,0.0,0.0,0.0,0.0,0.0,0,0,0.506633460521698,1.0,0.30265551805496216
A3A35ZTT0O8GI0:validation:B004WNIT3G,head,,70,1,0.0,0.0,0.0,0.0,0.0,0.0,1,0,0.6046506762504578,1.0,0.3093407154083252
A3A36RJBT15KQ2:validation:B0094J5G48,tail,,,0,0.0,0.0,0.0,0.0,0.0,0.0,0,0,0.6152437925338745,1.0,0.3580969572067261
A3A63FT9HX5VJJ:validation:B003S9W4E0,tail,6,11,1,1.0,0.3562071871080222,1.0,0.0,0.0,1.0,1,1,0.5774301886558533,1.0,0.2943224012851715
A3AA03IXVWKUTX:validation:B0039S7NO6,head,5,4,1,1.0,0.38685280723454163,1.0,1.0,0.43067655807339306,1.0,1,0,0.5063995718955994,1.0,0.3577597737312317
A3AD8CISPBLM0S:validation:B0089CH2YI,tail,,,0,0.0,0.0,0.0,0.0,0.0,0.0,0,0,0.39084067940711975,1.0,0.2944905757904053
A3AKEXVRB2NACU:validation:B001RPWM7Q,head,,,0,0.0,0.0,0.0,0.0,0.0,0.0,0,0,0.4086918532848358,1.0,0.29936498403549194
A3AOGAD103E967:validation:B004TT6RD2,head,,,0,0.0,0.0,0.0,0.0,0.0,0.0,0,0,0.41728705167770386,1.0,0.28508850932121277
A3APUOTAMNPPWC:validation:B008KHPJ56,tail,,,0,0.0,0.0,0.0,0.0,0.0,0.0,0,0,0.43570494651794434,1.0,0.36084628105163574
A3AQXPRB98YX6M:validation:B0089RPUH4,tail,27,24,1,0.0,0.0,1.0,0.0,0.0,1.0,1,0,0.29550203680992126,1.0,0.2882460951805115
A3AUGFAU2Q71CX:validation:B004INGVHG,tail,,,0,0.0,0.0,0.0,0.0,0.0,0.0,0,0,0.8184190392494202,1.0,0.3087782561779022
A3AX59GEBFMNG5:validation:B00CQHZ2LW,tail,,,0,0.0,0.0,0.0,0.0,0.0,0.0,0,0,0.6581792235374451,1.0,0.3046800494194031
A3B7KGAUPB3TKS:validation:B008MW6WKK,tail,,,0,0.0,0.0,0.0,0.0,0.0,0.0,0,0,0.7096096873283386,1.0,0.31315720081329346
A3BGA6QANV71Y2:validation:B0076TRVCS,tail,37,35,1,0.0,0.0,1.0,0.0,0.0,1.0,1,0,0.6869924664497375,1.0,0.3140236735343933
A3BGLFNUNFQPIG:validation:B00BOZAD3O,tail,,,0,0.0,0.0,0.0,0.0,0.0,0.0,0,0,0.27854397892951965,1.0,0.30812668800354004
A3CFKYAIVK2WK6:validation:B001KBYUWM,tail,,,0,0.0,0.0,0.0,0.0,0.0,0.0,0,0,0.5028938055038452,1.0,0.3397134840488434
A3CLSMB50HX4DW:validation:B0040I9IS8,tail,,,0,0.0,0.0,0.0,0.0,0.0,0.0,0,0,0.5223585963249207,1.0,0.3076295852661133
A3CPL126VL12H8:validation:B00HUJHIBI,tail,,,0,0.0,0.0,0.0,0.0,0.0,0.0,0,0,0.34881025552749634,1.0,0.3073517680168152
A3CPU6NZNKB5JA:validation:B008GS8NSO,head,,,0,0.0,0.0,0.0,0.0,0.0,0.0,0,0,0.4282957911491394,1.0,0.29740825295448303
A3D3ASEXBFN5DL:validation:B007TLFLMA,tail,,,0,0.0,0.0,0.0,0.0,0.0,0.0,0,0,0.4653567373752594,1.0,0.30195343494415283
A3D4VGMXLDAGGJ:validation:B001BWY5C0,tail,,,0,0.0,0.0,0.0,0.0,0.0,0.0,0,0,0.7132734656333923,1.0,0.309952050447464
A3DECYNDZ38COQ:validation:B00ATA2TB4,tail,,,0,0.0,0.0,0.0,0.0,0.0,0.0,0,0,0.5955641865730286,1.0,0.3101537227630615
A3DETJ3SIGHPWI:validation:B00005BHK9,head,36,27,1,0.0,0.0,1.0,0.0,0.0,1.0,1,0,0.6274377703666687,1.0,0.2831893265247345
A3DEVV7HPYZTCN:validation:0911121013,tail,,,0,0.0,0.0,0.0,0.0,0.0,0.0,0,0,0.5137148499488831,1.0,0.28735825419425964
A3DF1W8ZQIQVY1:validation:B00C6Q5S44,tail,1,1,1,1.0,1.0,1.0,1.0,1.0,1.0,0,0,0.6704849004745483,1.0,0.33840057253837585
A3DHLCR6MTS0M0:validation:B0000DJ3E2,tail,,,0,0.0,0.0,0.0,0.0,0.0,0.0,0,0,0.6239848732948303,1.0,0.3152231276035309
A3DQYY2XM24E53:validation:B001W3MMHI,head,4,4,1,1.0,0.43067655807339306,1.0,1.0,0.43067655807339306,1.0,0,0,0.5546851754188538,1.0,0.30361780524253845
A3E2362WIOSNXG:validation:B001DZLLDG,tail,,,0,0.0,0.0,0.0,0.0,0.0,0.0,0,0,0.3942376673221588,1.0,0.3556755781173706
A3E3L48LMUB0RV:validation:B0041EXNN2,tail,9,8,1,1.0,0.3010299956639812,1.0,1.0,0.31546487678572877,1.0,1,0,0.5024176836013794,1.0,0.3562276363372803
A3E5OEACLIHLVU:validation:B00804BCO6,head,,,0,0.0,0.0,0.0,0.0,0.0,0.0,0,0,0.5875041484832764,1.0,0.31632399559020996
A3EDXEOM8Z3CMY:validation:B002SJZRJ0,tail,,,0,0.0,0.0,0.0,0.0,0.0,0.0,0,0,0.5869739055633545,1.0,0.3582412004470825
A3EIMV2KXH9FWB:validation:B00AZZFT4M,tail,1,1,1,1.0,1.0,1.0,1.0,1.0,1.0,0,0,0.6050110459327698,1.0,0.34116697311401367
A3ENMGTFYQVTHB:validation:B00CYQ9Q76,tail,,,0,0.0,0.0,0.0,0.0,0.0,0.0,0,0,0.847726583480835,1.0,0.3120117485523224
A3EPC8WTN3TJ5F:validation:B00BM2V52W,tail,,,0,0.0,0.0,0.0,0.0,0.0,0.0,0,0,0.3854781687259674,1.0,0.35700809955596924
A3EPCLPKIOTTL:validation:B00B2HH5TY,tail,,,0,0.0,0.0,0.0,0.0,0.0,0.0,0,0,0.7338218092918396,1.0,0.3087548017501831
A3EQ03LUCUTE6Q:validation:B003DSIBVQ,head,,,0,0.0,0.0,0.0,0.0,0.0,0.0,0,0,0.6323809623718262,1.0,0.308660089969635
A3ERZFRJGREGQT:validation:B007J3F98O,head,,,0,0.0,0.0,0.0,0.0,0.0,0.0,0,0,0.5171919465065002,1.0,0.31123414635658264
A3EZ7XAWHN1SF1:validation:B00064SAP2,tail,,,0,0.0,0.0,0.0,0.0,0.0,0.0,0,0,0.6453214287757874,1.0,0.3179553747177124
A3F1AUZXIYQW0I:validation:B000FZVNM4,tail,,,0,0.0,0.0,0.0,0.0,0.0,0.0,0,0,0.4293951988220215,1.0,0.2980532646179199
A3F1UYG3P3DGJS:validation:B004ZFF3CQ,tail,,,0,0.0,0.0,0.0,0.0,0.0,0.0,0,0,0.7473613619804382,1.0,0.35992199182510376
A3F4Y4ARB6TCEF:validation:B003TJALF8,head,,,0,0.0,0.0,0.0,0.0,0.0,0.0,0,0,0.4441611170768738,1.0,0.30113404989242554
A3F63M7C1BVI4U:validation:B0058NUAKY,tail,,,0,0.0,0.0,0.0,0.0,0.0,0.0,0,0,0.37626487016677856,1.0,0.34286683797836304
A3FDORYBQIYGZ8:validation:B002I0K3CK,head,,,0,0.0,0.0,0.0,0.0,0.0,0.0,0,0,0.5106030702590942,1.0,0.3071274161338806
A3FE4FASHOV3QC:validation:B00F3GNNNC,tail,23,48,1,0.0,0.0,1.0,0.0,0.0,1.0,1,0,0.6138366460800171,1.0,0.3048786520957947
A3FHTA56S4ZPNV:validation:B00FO0QDIY,tail,,,0,0.0,0.0,0.0,0.0,0.0,0.0,0,0,0.7412578463554382,1.0,0.28590619564056396
A3FI5VLXVEKMO6:validation:B0038BBILI,tail,,,0,0.0,0.0,0.0,0.0,0.0,0.0,0,0,0.3330407440662384,1.0,0.30884021520614624
A3FOOF7Q2GUMXX:validation:B000050B44,tail,,,0,0.0,0.0,0.0,0.0,0.0,0.0,0,0,0.5233251452445984,1.0,0.28809860348701477
A3FQ5TW6TK1HR6:validation:B001U5P978,tail,,,0,0.0,0.0,0.0,0.0,0.0,0.0,0,0,0.4356609582901001,1.0,0.2959400713443756
A3FVC4KBOEXI1J:validation:B007G3V92M,tail,,,0,0.0,0.0,0.0,0.0,0.0,0.0,0,0,0.5285794734954834,1.0,0.2949359118938446
A3FWTUD4GDHYRO:validation:B00C6PWX02,tail,,,0,0.0,0.0,0.0,0.0,0.0,0.0,0,0,0.6201856136322021,1.0,0.30496537685394287
A3FZALNJU827SX:validation:B006ZUUVRQ,tail,,,0,0.0,0.0,0.0,0.0,0.0,0.0,0,0,0.4322446882724762,1.0,0.3001924455165863
A3G74QFXYOQ6YF:validation:B004T1VB8G,tail,,,0,0.0,0.0,0.0,0.0,0.0,0.0,0,0,0.5782573223114014,1.0,0.283292293548584
A3G9H9PO9E7C5P:validation:B000VXOUNY,tail,,,0,0.0,0.0,0.0,0.0,0.0,0.0,0,0,0.4699116051197052,1.0,0.3158206343650818
A3GFSBOQCCZSAY:validation:B00C6VPC22,tail,,,0,0.0,0.0,0.0,0.0,0.0,0.0,0,0,0.4198066294193268,1.0,0.3147925138473511
A3GIE87I0EEYPI:validation:B006ZJHKA8,tail,,,0,0.0,0.0,0.0,0.0,0.0,0.0,0,0,0.4919215738773346,1.0,0.3551161289215088
A3GR2VKQI53WPK:validation:B009F7OXEI,tail,,,0,0.0,0.0,0.0,0.0,0.0,0.0,0,0,0.5778036713600159,1.0,0.3553653955459595
A3GTI284ZE3B6W:validation:B004TVGBVS,tail,45,40,1,0.0,0.0,1.0,0.0,0.0,1.0,1,0,0.5999013781547546,1.0,0.3088306486606598
A3GU5YTM2N686N:validation:B0063I6Y2G,tail,,,0,0.0,0.0,0.0,0.0,0.0,0.0,0,0,0.20709286630153656,1.0,0.3465493321418762
A3GVG9FOZVEEMG:validation:B00FJQD88Q,tail,,,0,0.0,0.0,0.0,0.0,0.0,0.0,0,0,0.3415725827217102,1.0,0.31022530794143677
A3GVXL028FFXMW:validation:B005VPREUI,tail,,,0,0.0,0.0,0.0,0.0,0.0,0.0,0,0,0.32945069670677185,1.0,0.30919185280799866
A3H3093ON09KLC:validation:B00030EOIG,head,,,0,0.0,0.0,0.0,0.0,0.0,0.0,0,0,0.4830527901649475,1.0,0.30599236488342285
A3H401WD68A9YR:validation:B007EA4UBY,head,,,0,0.0,0.0,0.0,0.0,0.0,0.0,0,0,0.5644643902778625,1.0,0.315449595451355
A3H9EUF9KB0AA6:validation:B0009S5TYA,head,,,0,0.0,0.0,0.0,0.0,0.0,0.0,0,0,0.4188297986984253,1.0,0.30671989917755127
A3HGSHD8XRG7I2:validation:B0002YDPTW,tail,,,0,0.0,0.0,0.0,0.0,0.0,0.0,0,0,0.5060943961143494,1.0,0.3578706681728363
A3HLB66FSDMF5F:validation:B004MWL07O,head,,,0,0.0,0.0,0.0,0.0,0.0,0.0,0,0,0.5847561955451965,1.0,0.2890174090862274
A3HPIHVQFF9HU8:validation:B00DD1OQIK,tail,,,0,0.0,0.0,0.0,0.0,0.0,0.0,0,0,0.40838712453842163,1.0,0.31403154134750366
A3I49HMI4LV6HU:validation:B003R6H59I,head,,,0,0.0,0.0,0.0,0.0,0.0,0.0,0,0,0.39922186732292175,1.0,0.3104502856731415
A3IF2RRR8R84BV:validation:B000G334Z4,head,,,0,0.0,0.0,0.0,0.0,0.0,0.0,0,0,0.716010332107544,1.0,0.35728126764297485
A3IFB1Y1EBX3C5:validation:B007HZ9S7C,head,,,0,0.0,0.0,0.0,0.0,0.0,0.0,0,0,0.34624916315078735,1.0,0.3052763342857361
A3IKXXDCPDA6JN:validation:B00BHMGS0Q,tail,,,0,0.0,0.0,0.0,0.0,0.0,0.0,0,0,0.5609474182128906,1.0,0.30781471729278564
A3IMQSE3KFFKQR:validation:B00006408Q,head,,,0,0.0,0.0,0.0,0.0,0.0,0.0,0,0,0.5481059551239014,1.0,0.31770968437194824
A3IOKUGI4MLTCN:validation:B00C58ZRWQ,tail,,,0,0.0,0.0,0.0,0.0,0.0,0.0,0,0,0.6004406809806824,1.0,0.31268492341041565
A3IQDSA9Y2WW1C:validation:B00146LV6Q,tail,,,0,0.0,0.0,0.0,0.0,0.0,0.0,0,0,0.3941839933395386,1.0,0.2948366403579712
A3IW35GOCJGQ6I:validation:B004MYH0DA,tail,,,0,0.0,0.0,0.0,0.0,0.0,0.0,0,0,0.833183765411377,1.0,0.30588969588279724
A3IWZC747QU0B2:validation:B004S8F7QM,head,,,0,0.0,0.0,0.0,0.0,0.0,0.0,0,0,0.5270020961761475,1.0,0.3419230580329895
A3J8NIFP46QWJ6:validation:B000VCE3Z0,tail,,,0,0.0,0.0,0.0,0.0,0.0,0.0,0,0,0.5814666152000427,1.0,0.3565903902053833
A3JFDHDCAW8505:validation:B000IBPD76,head,31,29,1,0.0,0.0,1.0,0.0,0.0,1.0,1,0,0.35670673847198486,1.0,0.3179304003715515
A3JMZWJXLEW6Z6:validation:B004RHN9EQ,tail,,,0,0.0,0.0,0.0,0.0,0.0,0.0,0,0,0.42925044894218445,1.0,0.3179855942726135
A3JSD8GOCADJ9K:validation:B00363B5FC,tail,,,0,0.0,0.0,0.0,0.0,0.0,0.0,0,0,0.5264789462089539,1.0,0.28316593170166016
A3JYNVRJHBU8YC:validation:B002KE5GPS,head,24,24,1,0.0,0.0,1.0,0.0,0.0,1.0,0,0,0.3915805518627167,1.0,0.314065158367157
A3K4AJLVHAH4OZ:validation:B00FBW8NMO,tail,,,0,0.0,0.0,0.0,0.0,0.0,0.0,0,0,0.6574074625968933,1.0,0.30581167340278625
A3K9ALI928DPT4:validation:B006O6EIWK,head,2,2,1,1.0,0.6309297535714575,1.0,1.0,0.6309297535714575,1.0,0,0,0.6283005475997925,1.0,0.35631483793258667
A3K9TLINS3RY75:validation:B00DS5FBP8,tail,,,0,0.0,0.0,0.0,0.0,0.0,0.0,0,0,0.6156229972839355,1.0,0.3138309121131897
A3KCKECEO3E2AN:validation:B00E1EFHBI,head,18,19,1,0.0,0.0,1.0,0.0,0.0,1.0,1,0,0.5472478270530701,1.0,0.30239367485046387
A3KPJ1MOGTZVGC:validation:B00B28IQ50,head,3,2,1,1.0,0.5,1.0,1.0,0.6309297535714575,1.0,1,0,0.649761974811554,1.0,0.35513949394226074
A3KPVT8XQNQ1AG:validation:B0041OY106,tail,,,0,0.0,0.0,0.0,0.0,0.0,0.0,0,0,0.47614216804504395,1.0,0.308623343706131
A3L218DRR8MA9K:validation:B004UU9ZAW,head,,,0,0.0,0.0,0.0,0.0,0.0,0.0,0,0,0.3990119993686676,1.0,0.30566495656967163
A3L8DLR4C7HFCE:validation:B007U7M0K4,head,11,21,1,0.0,0.0,1.0,0.0,0.0,1.0,1,0,0.35964256525039673,1.0,0.3462390601634979
A3L8FQAMJR4OL7:validation:B009M6G1YC,tail,,,0,0.0,0.0,0.0,0.0,0.0,0.0,0,0,0.670037031173706,1.0,0.3023746609687805
A3LA0SA0O73YKT:validation:B003XIHU40,tail,19,34,1,0.0,0.0,1.0,0.0,0.0,1.0,1,0,0.2735432982444763,1.0,0.3364606201648712
A3LC0ZUZGZTGBV:validation:B006EFMSSM,head,8,8,1,1.0,0.31546487678572877,1.0,1.0,0.31546487678572877,1.0,0,0,0.5141689777374268,1.0,0.3136090040206909
A3LE3E7JW2IBQ:validation:B006CC09UG,tail,,,0,0.0,0.0,0.0,0.0,0.0,0.0,0,0,0.35861772298812866,1.0,0.2863331437110901
A3LEDIH8MAE3R:validation:B001543YEY,head,25,19,1,0.0,0.0,1.0,0.0,0.0,1.0,1,0,0.52045738697052,1.0,0.28383326530456543
A3LEU3P06RNBX5:validation:9269808955,tail,,,0,0.0,0.0,0.0,0.0,0.0,0.0,0,0,0.8038784861564636,1.0,0.27447351813316345
A3LKJ0Y9WPTD49:validation:B00GSPFAV0,tail,,,0,0.0,0.0,0.0,0.0,0.0,0.0,0,0,0.5471049547195435,1.0,0.34064793586730957
A3LWV94ZSGJANY:validation:B000096QNK,head,25,26,1,0.0,0.0,1.0,0.0,0.0,1.0,1,0,0.445541113615036,1.0,0.35766249895095825
A3LY325F0FFG4E:validation:B00804BCO6,head,28,26,1,0.0,0.0,1.0,0.0,0.0,1.0,1,0,0.4855579435825348,1.0,0.3054983615875244
A3LYC2ML2MNVML:validation:B00GNBDZXE,tail,,,0,0.0,0.0,0.0,0.0,0.0,0.0,0,0,0.5563567280769348,1.0,0.2867701053619385
A3MB37I1XR1FNW:validation:B003X3Z52E,tail,2,2,1,1.0,0.6309297535714575,1.0,1.0,0.6309297535714575,1.0,0,0,0.7623786926269531,1.0,0.297746479511261
A3MC8FNUDKEM66:validation:B002SXMH3K,head,,,0,0.0,0.0,0.0,0.0,0.0,0.0,0,0,0.46006762981414795,1.0,0.3561440110206604
A3MG0IUULVTC27:validation:B004JQKXF8,tail,33,29,1,0.0,0.0,1.0,0.0,0.0,1.0,1,0,0.4741194546222687,1.0,0.3045843839645386
A3MP1O5WYYLH60:validation:B004Q6IDP8,tail,,,0,0.0,0.0,0.0,0.0,0.0,0.0,0,0,0.39390599727630615,1.0,0.29333850741386414
A3N6B8KA6GE7Q6:validation:B007G3VBOI,head,,,0,0.0,0.0,0.0,0.0,0.0,0.0,0,0,0.38199612498283386,1.0,0.34001097083091736
A3N79870ZN5NCV:validation:B00840L9NU,head,,,0,0.0,0.0,0.0,0.0,0.0,0.0,0,0,0.4698648452758789,1.0,0.3106735944747925
A3NPR9ZSEREUSZ:validation:B006G682Y8,head,13,10,1,0.0,0.0,1.0,1.0,0.2890648263178879,1.0,1,0,0.7429465651512146,1.0,0.2689444422721863
A3NRDBSWL4MI4X:validation:B0060JVSNS,tail,,,0,0.0,0.0,0.0,0.0,0.0,0.0,0,0,0.4310395121574402,1.0,0.2930793762207031
A3NRIS6JOJ2R8K:validation:B0015IQO2O,tail,,,0,0.0,0.0,0.0,0.0,0.0,0.0,0,0,0.6932343244552612,1.0,0.28840216994285583
A3NW4V0D0GAP1O:validation:B00A4KHEK0,tail,,,0,0.0,0.0,0.0,0.0,0.0,0.0,0,0,0.4201240539550781,1.0,0.3590756058692932
A3O12S3DN5I2S1:validation:B008RBH156,tail,,,0,0.0,0.0,0.0,0.0,0.0,0.0,0,0,0.407949835062027,1.0,0.2964208424091339
A3O6L15T47A6Z2:validation:B004XODIOE,head,,,0,0.0,0.0,0.0,0.0,0.0,0.0,0,0,0.43071141839027405,1.0,0.3037140965461731
A3OA44KS0WYEXE:validation:B00B1JP0FE,tail,1,1,1,1.0,1.0,1.0,1.0,1.0,1.0,0,0,0.6074253916740417,1.0,0.2988637685775757
A3OHAUUXP0SND5:validation:B000AM2K56,head,,,0,0.0,0.0,0.0,0.0,0.0,0.0,0,0,0.6210601329803467,1.0,0.3157978057861328
A3OIU9SABLE799:validation:B000N178E2,head,,74,1,0.0,0.0,0.0,0.0,0.0,0.0,1,0,0.3192484378814697,1.0,0.2963285446166992
A3OJX18B60PJR9:validation:B008HYGFGE,head,,,0,0.0,0.0,0.0,0.0,0.0,0.0,0,0,0.3266258239746094,1.0,0.31162649393081665
A3OP1R5V3J6J6:validation:B00139OH4C,tail,,,0,0.0,0.0,0.0,0.0,0.0,0.0,0,0,0.3828664720058441,1.0,0.31831610202789307
A3OS6WFBP6TAQU:validation:B008AWFWXK,head,1,1,1,1.0,1.0,1.0,1.0,1.0,1.0,0,0,0.604356050491333,1.0,0.31497272849082947
A3OZDQ6DSJWK7J:validation:B007WW43PM,tail,3,3,1,1.0,0.5,1.0,1.0,0.5,1.0,0,0,0.379065603017807,1.0,0.2716105878353119
A3PC2T7T1XELU6:validation:B009CZW6K6,tail,,,0,0.0,0.0,0.0,0.0,0.0,0.0,0,0,0.5620341300964355,1.0,0.3102579712867737
A3PGPOTK7PX1YP:validation:B0009IBD2C,tail,,,0,0.0,0.0,0.0,0.0,0.0,0.0,0,0,0.5083423256874084,1.0,0.3037717342376709
A3PP0YU97UZ203:validation:B0042HOU1M,head,,,0,0.0,0.0,0.0,0.0,0.0,0.0,0,0,0.7393404841423035,1.0,0.3030239939689636
A3PXFUL4WX8850:validation:B006ROJJ2I,head,3,3,1,1.0,0.5,1.0,1.0,0.5,1.0,0,0,0.5258532166481018,1.0,0.33991745114326477
A3Q09TTEUYLU2N:validation:B009PAXP4O,tail,,,0,0.0,0.0,0.0,0.0,0.0,0.0,0,0,0.6285502910614014,1.0,0.27768293023109436
A3Q1GBD7C0999T:validation:B00A8HOYMU,tail,,,0,0.0,0.0,0.0,0.0,0.0,0.0,0,0,0.5814262628555298,1.0,0.3109245300292969
A3Q203BP3E1NLG:validation:B007GE6VMO,head,,,0,0.0,0.0,0.0,0.0,0.0,0.0,0,0,0.5662005543708801,1.0,0.309550404548645
A3Q7I4GNRLGA11:validation:0975277324,head,26,29,1,0.0,0.0,1.0,0.0,0.0,1.0,1,0,0.3952535390853882,1.0,0.3085918724536896
A3QF9PWUCR7YR1:validation:1223063119,tail,,,0,0.0,0.0,0.0,0.0,0.0,0.0,0,0,0.5047018527984619,1.0,0.304327130317688
A3QFRVCZKG7M9J:validation:B00008GYCZ,head,,,0,0.0,0.0,0.0,0.0,0.0,0.0,0,0,0.48081377148628235,1.0,0.3065955638885498
A3QINHZN6RWLRP:validation:B00COAACEI,tail,,,0,0.0,0.0,0.0,0.0,0.0,0.0,0,0,0.6353460550308228,1.0,0.3414839208126068
A3QIP8J8V8PASM:validation:B003DQ1AWK,tail,,,0,0.0,0.0,0.0,0.0,0.0,0.0,0,0,0.5630056858062744,1.0,0.3138393759727478
A3QUY5QP5L283S:validation:B003UM79EU,tail,,,0,0.0,0.0,0.0,0.0,0.0,0.0,0,0,0.6653518080711365,1.0,0.307981014251709
A3QVAKVRAH657N:validation:B002JSM3KQ,head,,,0,0.0,0.0,0.0,0.0,0.0,0.0,0,0,0.44292548298835754,1.0,0.31225907802581787
A3QYBCR9UO261D:validation:B000BY3TKS,head,,,0,0.0,0.0,0.0,0.0,0.0,0.0,0,0,0.48659366369247437,1.0,0.29300493001937866
A3QYL7748HO98E:validation:B006O6FL5I,tail,,,0,0.0,0.0,0.0,0.0,0.0,0.0,0,0,0.3670908212661743,1.0,0.3065084218978882
A3R4GFCDXI93C1:validation:B002CSRZKQ,head,,,0,0.0,0.0,0.0,0.0,0.0,0.0,0,0,0.6411470174789429,1.0,0.31470805406570435
A3R7ATFBOPRY9F:validation:B00C6PRL18,tail,,,0,0.0,0.0,0.0,0.0,0.0,0.0,0,0,0.4700448215007782,1.0,0.31281614303588867
A3R8TAZQYGWP2P:validation:B007D1O4CO,tail,,55,1,0.0,0.0,0.0,0.0,0.0,0.0,1,0,0.7153246998786926,1.0,0.3082536458969116
A3RRRQNF7Y7UIO:validation:B00DGQP44C,tail,2,2,1,1.0,0.6309297535714575,1.0,1.0,0.6309297535714575,1.0,0,0,0.28960731625556946,1.0,0.3630312383174896
A3S0U1KBGFGGC4:validation:B002HU4YXA,tail,49,48,1,0.0,0.0,1.0,0.0,0.0,1.0,1,0,0.35723745822906494,1.0,0.35883256793022156
A3S4IE26PYKXO2:validation:B004OS8J98,head,,,0,0.0,0.0,0.0,0.0,0.0,0.0,0,0,0.5477919578552246,1.0,0.29472488164901733
A3S5OCYSX7OS6J:validation:B008BRLV20,tail,,,0,0.0,0.0,0.0,0.0,0.0,0.0,0,0,0.5288916230201721,1.0,0.3341255784034729
A3S5WYWYKSAI9C:validation:B00BDMNBMI,tail,,,0,0.0,0.0,0.0,0.0,0.0,0.0,0,0,0.4622671604156494,1.0,0.3004652261734009
A3SB9OFQJ9WURU:validation:B004EEM71S,tail,,,0,0.0,0.0,0.0,0.0,0.0,0.0,0,0,0.3735807538032532,1.0,0.30461594462394714
A3SDHJV8D9BYM:validation:B003Y55562,tail,,,0,0.0,0.0,0.0,0.0,0.0,0.0,0,0,0.5292375087738037,1.0,0.3054811358451843
A3SFC0OTJ9ERMX:validation:B002WDKA6W,tail,1,1,1,1.0,1.0,1.0,1.0,1.0,1.0,0,0,0.2173234075307846,1.0,0.29148629307746887
A3SGRYIICHGMX:validation:B00CTJOL3W,tail,,,0,0.0,0.0,0.0,0.0,0.0,0.0,0,0,0.3753604590892792,1.0,0.36339640617370605
A3SKNXQJ357GEW:validation:B0057VQVL4,tail,,,0,0.0,0.0,0.0,0.0,0.0,0.0,0,0,0.31587472558021545,1.0,0.300802081823349
A3SLRAY7SYG0WY:validation:B00C9T4KM4,tail,,,0,0.0,0.0,0.0,0.0,0.0,0.0,0,0,0.27511414885520935,1.0,0.29935115575790405
A3SN8L3T31F14A:validation:B003559ZTE,tail,,,0,0.0,0.0,0.0,0.0,0.0,0.0,0,0,0.3983834385871887,1.0,0.30517029762268066
A3SNEISMJ4RSYL:validation:B004J30ZDQ,head,,,0,0.0,0.0,0.0,0.0,0.0,0.0,0,0,0.3382810950279236,1.0,0.30842071771621704
A3ST5M86VZORAS:validation:B000MWTPZ2,tail,,,0,0.0,0.0,0.0,0.0,0.0,0.0,0,0,0.3780026435852051,1.0,0.30884701013565063
A3SU48A49T9TKR:validation:B002MCZ5TU,tail,,,0,0.0,0.0,0.0,0.0,0.0,0.0,0,0,0.4840671718120575,1.0,0.30918627977371216
A3SVUBEC6KO5BP:validation:B000MWX9MW,head,,,0,0.0,0.0,0.0,0.0,0.0,0.0,0,0,0.5163702964782715,1.0,0.3076973855495453
A3SXCX8D388PJ4:validation:1932188126,head,50,47,1,0.0,0.0,1.0,0.0,0.0,1.0,1,0,0.6663027405738831,1.0,0.31060582399368286
A3T52FTJE0L7CZ:validation:B003TP4QWG,tail,,,0,0.0,0.0,0.0,0.0,0.0,0.0,0,0,0.49767234921455383,1.0,0.30057191848754883
A3T58X51AJ9BFT:validation:B004YN188W,tail,,,0,0.0,0.0,0.0,0.0,0.0,0.0,0,0,0.3525261878967285,1.0,0.30184516310691833
A3T6HE7B0F1FSV:validation:B005VPRFPM,tail,,,0,0.0,0.0,0.0,0.0,0.0,0.0,0,0,0.551681399345398,1.0,0.29923275113105774
A3T78U84MC4T93:validation:B002QNM8NQ,head,6,6,1,1.0,0.3562071871080222,1.0,1.0,0.3562071871080222,1.0,0,0,0.348646879196167,1.0,0.28568845987319946
A3TDZ6BUCV05QG:validation:B000KI111Y,head,,,0,0.0,0.0,0.0,0.0,0.0,0.0,0,0,0.41501033306121826,1.0,0.3067286014556885
A3TXHQPRY1KH3M:validation:B005VPRCPK,tail,,,0,0.0,0.0,0.0,0.0,0.0,0.0,0,0,0.5088567137718201,1.0,0.2963665723800659
A3TYMCIQN8ZM0Q:validation:B003CF9ZXI,tail,,,0,0.0,0.0,0.0,0.0,0.0,0.0,0,0,0.43679237365722656,1.0,0.2989165484905243
A3U029B8Z5WGI2:validation:B00EDBYHQK,tail,,,0,0.0,0.0,0.0,0.0,0.0,0.0,0,0,0.6952257752418518,1.0,0.35647428035736084
A3U0L571I9HHWO:validation:B004S6E4TU,tail,2,2,1,1.0,0.6309297535714575,1.0,1.0,0.6309297535714575,1.0,0,0,0.7859039902687073,1.0,0.3542173504829407
A3U8W297D94YPO:validation:B000067BIE,tail,,,0,0.0,0.0,0.0,0.0,0.0,0.0,0,0,0.34286725521087646,1.0,0.3086373209953308
A3U97KXVJR7PDD:validation:B0042T8GR4,head,,,0,0.0,0.0,0.0,0.0,0.0,0.0,0,0,0.517014741897583,1.0,0.31030431389808655
A3UBJB6BZ2VM3G:validation:B0073RSVMC,tail,,,0,0.0,0.0,0.0,0.0,0.0,0.0,0,0,0.5905017852783203,1.0,0.3417763113975525
A3UUIWBH8RHHWX:validation:B007HZ9S7C,head,,,0,0.0,0.0,0.0,0.0,0.0,0.0,0,0,0.45173871517181396,1.0,0.31349989771842957
A3UYBRB74RJFXB:validation:B00EDBYHRO,tail,,,0,0.0,0.0,0.0,0.0,0.0,0.0,0,0,0.451913982629776,1.0,0.3045122027397156
A3V3RM9B1U8SC0:validation:2914849869,tail,,,0,0.0,0.0,0.0,0.0,0.0,0.0,0,0,0.42996758222579956,1.0,0.3154137432575226
A3V9OU9EJJH2W6:validation:B0053FJKGM,tail,1,1,1,1.0,1.0,1.0,1.0,1.0,1.0,0,0,0.3343298137187958,1.0,0.3095817565917969
A3VVBMD2NDQSW6:validation:B0083TXWMI,head,,,0,0.0,0.0,0.0,0.0,0.0,0.0,0,0,0.5413429141044617,1.0,0.30483123660087585
A3VZDDH8CPKZOD:validation:B00BU3YI1S,tail,,,0,0.0,0.0,0.0,0.0,0.0,0.0,0,0,0.5766332745552063,1.0,0.35753417015075684
A3W4G0SSIE6NKG:validation:B006CDGHSS,tail,,,0,0.0,0.0,0.0,0.0,0.0,0.0,0,0,0.677113950252533,1.0,0.3184506893157959
A3X2UEH5GEA3N:validation:B00F58N6KI,head,1,1,1,1.0,1.0,1.0,1.0,1.0,1.0,0,0,0.6841422915458679,1.0,0.2758510112762451
A3Z9QN0RCOHEY:validation:0670010936,tail,,,0,0.0,0.0,0.0,0.0,0.0,0.0,0,0,0.7418808341026306,1.0,0.29636693000793457
A40SPTW4TQQS0:validation:B0035FZWYG,tail,,,0,0.0,0.0,0.0,0.0,0.0,0.0,0,0,0.6415917277336121,1.0,0.31528544425964355
A448MAK54AXXA:validation:B009NFFZTO,head,,,0,0.0,0.0,0.0,0.0,0.0,0.0,0,0,0.4521980285644531,1.0,0.317069411277771
A44A3MTDGBAEH:validation:B004N3CRQA,tail,3,4,1,1.0,0.5,1.0,1.0,0.43067655807339306,1.0,1,0,0.5693981051445007,1.0,0.34088239073753357
A45V752HS8PQI:validation:B00D10ELFG,tail,3,3,1,1.0,0.5,1.0,1.0,0.5,1.0,0,0,0.8043396472930908,1.0,0.3588911294937134
A480GWA0CM6ZU:validation:B001US6BYA,tail,,,0,0.0,0.0,0.0,0.0,0.0,0.0,0,0,0.5127156972885132,1.0,0.3075909912586212
A4IJAIG9455PT:validation:B00000IWDR,head,27,26,1,0.0,0.0,1.0,0.0,0.0,1.0,1,0,0.46661633253097534,1.0,0.34236010909080505
A4IKV3P608M14:validation:B008MTYT9E,tail,,,0,0.0,0.0,0.0,0.0,0.0,0.0,0,0,0.611260712146759,1.0,0.30725499987602234
A4QUL1A7BFR2:validation:B00C9X59UM,tail,,,0,0.0,0.0,0.0,0.0,0.0,0.0,0,0,0.7561594843864441,1.0,0.31326621770858765
A4XWIKGL4BSO8:validation:B002UAMBW8,tail,,,0,0.0,0.0,0.0,0.0,0.0,0.0,0,0,0.4447455406188965,1.0,0.31591564416885376
A50IIB4PMPLNQ:validation:B008J8EPQU,tail,,,0,0.0,0.0,0.0,0.0,0.0,0.0,0,0,0.37719058990478516,1.0,0.31079065799713135
A527VID8R4K67:validation:B00FAQVVUC,head,14,9,1,0.0,0.0,1.0,1.0,0.3010299956639812,1.0,1,0,0.7609121799468994,1.0,0.2947739064693451
A5DP8H3HS9KFM:validation:B00143YK12,tail,,,0,0.0,0.0,0.0,0.0,0.0,0.0,0,0,0.47627031803131104,1.0,0.30419397354125977
A5EQCS761T5OC:validation:B000E7S48E,tail,,,0,0.0,0.0,0.0,0.0,0.0,0.0,0,0,0.7211849093437195,1.0,0.3102980852127075
A5GN8QIL8AITV:validation:B001IEYXAA,head,,,0,0.0,0.0,0.0,0.0,0.0,0.0,0,0,0.5175504684448242,1.0,0.2909053862094879
A5GTDS7INKN4W:validation:B00008URUS,head,,,0,0.0,0.0,0.0,0.0,0.0,0.0,0,0,0.3733074963092804,1.0,0.29480481147766113
A5S660N2YVLNQ:validation:B000T0EM4Q,tail,,,0,0.0,0.0,0.0,0.0,0.0,0.0,0,0,0.7895928025245667,1.0,0.3173660635948181
A601XPH12C8G6:validation:B000NL8QX4,head,,,0,0.0,0.0,0.0,0.0,0.0,0.0,0,0,0.6118608117103577,1.0,0.3099806308746338
A65KJTJX1712Q:validation:B0037UT3E4,head,,,0,0.0,0.0,0.0,0.0,0.0,0.0,0,0,0.6585802435874939,1.0,0.3001556396484375
A680RUE1FDO8B:validation:B00545ML1W,tail,4,3,1,1.0,0.43067655807339306,1.0,1.0,0.5,1.0,1,0,0.5511280298233032,1.0,0.3559674620628357
A6CXITU1B65TE:validation:B00GG0RLSM,tail,,,0,0.0,0.0,0.0,0.0,0.0,0.0,0,0,0.8829988837242126,1.0,0.313612699508667
A6MBUVFWKZCRX:validation:B007Z1D6A8,tail,,,0,0.0,0.0,0.0,0.0,0.0,0.0,0,0,0.44027429819107056,1.0,0.293824702501297
A6VSWJVTWEOII:validation:B00EDBYHRE,tail,1,1,1,1.0,1.0,1.0,1.0,1.0,1.0,0,0,0.8766111135482788,1.0,0.31395992636680603
A71433HBQMIKH:validation:B006UBM36W,tail,,,0,0.0,0.0,0.0,0.0,0.0,0.0,0,0,0.5413320660591125,1.0,0.3030157685279846
A7357KQSOESYC:validation:B003TUKEM2,head,,,0,0.0,0.0,0.0,0.0,0.0,0.0,0,0,0.5515058636665344,1.0,0.30520594120025635
A755BP27TDRIU:validation:B008IC29Z6,head,,,0,0.0,0.0,0.0,0.0,0.0,0.0,0,0,0.5961580872535706,1.0,0.2880932688713074
A7DYBDGVB2LC4:validation:B004S65XDG,head,,,0,0.0,0.0,0.0,0.0,0.0,0.0,0,0,0.5473076701164246,1.0,0.30532127618789673
A7HY1CEDK0204:validation:B002RL7VNY,head,14,12,1,0.0,0.0,1.0,0.0,0.0,1.0,1,0,0.5848785042762756,1.0,0.3143303692340851
A7INGAHQIWQ1:validation:B000T735SS,tail,,,0,0.0,0.0,0.0,0.0,0.0,0.0,0,0,0.4392138123512268,1.0,0.3510076105594635
A7MJCZH5UUKVN:validation:B00FJ7M368,tail,1,1,1,1.0,1.0,1.0,1.0,1.0,1.0,0,0,0.43472030758857727,1.0,0.3430938720703125
A7Q5UCPEJ0RVS:validation:B004P98R66,head,,,0,0.0,0.0,0.0,0.0,0.0,0.0,0,0,0.46631741523742676,1.0,0.30472332239151
A7TY77HY9RMCW:validation:B002B555RU,head,,,0,0.0,0.0,0.0,0.0,0.0,0.0,0,0,0.5768584609031677,1.0,0.31118226051330566
A7VPFAGCA9FG4:validation:B00CMC6HZ6,tail,,,0,0.0,0.0,0.0,0.0,0.0,0.0,0,0,0.4353277087211609,1.0,0.31417518854141235
A7ZQEPUFT087F:validation:B00CS0F0L4,tail,,,0,0.0,0.0,0.0,0.0,0.0,0.0,0,0,0.40963447093963623,1.0,0.3128753900527954
A810UACB9YN39:validation:B006OMM8RG,head,,,0,0.0,0.0,0.0,0.0,0.0,0.0,0,0,0.33840233087539673,1.0,0.31246793270111084
A833EZAHIWC5Z:validation:B006HDF32Y,head,,,0,0.0,0.0,0.0,0.0,0.0,0.0,0,0,0.7038763165473938,1.0,0.31145167350769043
A83RPS198D04S:validation:B00CRZXV16,head,,,0,0.0,0.0,0.0,0.0,0.0,0.0,0,0,0.46910354495048523,1.0,0.28734540939331055
A84DX3M4BARM:validation:B000FPE038,head,,,0,0.0,0.0,0.0,0.0,0.0,0.0,0,0,0.5571262836456299,1.0,0.2937556803226471
A897PJD4OM1TR:validation:B000JKMQOE,tail,,,0,0.0,0.0,0.0,0.0,0.0,0.0,0,0,0.5507258772850037,1.0,0.30625027418136597
A8K1N4LR3EDTY:validation:B003CRJU36,head,,,0,0.0,0.0,0.0,0.0,0.0,0.0,0,0,0.37521427869796753,1.0,0.3079215884208679
A97H5I4P5PCEM:validation:B00EY2706C,head,,,0,0.0,0.0,0.0,0.0,0.0,0.0,0,0,0.39194655418395996,1.0,0.31459856033325195
A98W0AQDDG3O5:validation:B00CMNX7W6,tail,2,2,1,1.0,0.6309297535714575,1.0,1.0,0.6309297535714575,1.0,0,0,0.5977538228034973,1.0,0.30696263909339905
A9C49H3RYG158:validation:B000AQT8R0,head,2,2,1,1.0,0.6309297535714575,1.0,1.0,0.6309297535714575,1.0,0,0,0.43230220675468445,1.0,0.28558552265167236
A9CJ6G43TTCF3:validation:B003COZKHY,tail,,,0,0.0,0.0,0.0,0.0,0.0,0.0,0,0,0.39363259077072144,1.0,0.3124717175960541
A9CP8S8NK42S2:validation:B009X9GM10,head,,,0,0.0,0.0,0.0,0.0,0.0,0.0,0,0,0.4904786944389343,1.0,0.29518264532089233
A9EVBE6MJ4YX4:validation:B002Q7IE9O,tail,,,0,0.0,0.0,0.0,0.0,0.0,0.0,0,0,0.6733838319778442,1.0,0.30919986963272095
A9PSIMEWXA2KM:validation:B002XB04XW,head,,,0,0.0,0.0,0.0,0.0,0.0,0.0,0,0,0.4430882930755615,1.0,0.31298643350601196
A9WT87JFYZ3A7:validation:B00004W3Y4,head,,,0,0.0,0.0,0.0,0.0,0.0,0.0,0,0,0.45414772629737854,1.0,0.35707801580429077
AA08MPQW9DYHG:validation:B009CIJ17E,tail,,,0,0.0,0.0,0.0,0.0,0.0,0.0,0,0,0.4752254784107208,1.0,0.3126862049102783
AA9BZ5Q8O22RL:validation:B0085Y3YV0,tail,,,0,0.0,0.0,0.0,0.0,0.0,0.0,0,0,0.46226295828819275,1.0,0.3011954128742218
AADBNT7FD1FPN:validation:B00005BZKD,head,,,0,0.0,0.0,0.0,0.0,0.0,0.0,0,0,0.43389004468917847,1.0,0.30160802602767944
AAJ1IYOUIHWF:validation:B0045OV9IO,head,,,0,0.0,0.0,0.0,0.0,0.0,0.0,0,0,0.48774221539497375,1.0,0.3146483600139618
AAPNQBUYETGW0:validation:B00020QJ6M,head,,,0,0.0,0.0,0.0,0.0,0.0,0.0,0,0,0.38425523042678833,1.0,0.28279319405555725
AAPSB545DIFYL:validation:B005ZFNZUC,tail,,,0,0.0,0.0,0.0,0.0,0.0,0.0,0,0,0.3386124074459076,1.0,0.35443973541259766
AAQVYKBRQIIT2:validation:B000096R0P,head,4,4,1,1.0,0.43067655807339306,1.0,1.0,0.43067655807339306,1.0,0,0,0.46239805221557617,1.0,0.3040344715118408
AAQXNW66Y7RJC:validation:B00125V99S,tail,,,0,0.0,0.0,0.0,0.0,0.0,0.0,0,0,0.6159592270851135,1.0,0.3103652596473694
AAR0OWR2PJUSU:validation:B007J3FA8I,head,,,0,0.0,0.0,0.0,0.0,0.0,0.0,0,0,0.34863564372062683,1.0,0.34473317861557007
AAT77NB3IVRJR:validation:B002XAE9UC,tail,,,0,0.0,0.0,0.0,0.0,0.0,0.0,0,0,0.3721591830253601,1.0,0.3179660141468048
AB3GJ41FTGR3S:validation:B009XBA390,tail,,,0,0.0,0.0,0.0,0.0,0.0,0.0,0,0,0.3989261984825134,1.0,0.29007488489151
AB5J41W6SBXBT:validation:B00804BE9E,tail,,,0,0.0,0.0,0.0,0.0,0.0,0.0,0,0,0.5338199734687805,1.0,0.3047250211238861
ABD0XOLY5X73S:validation:B000BGT6LW,tail,,,0,0.0,0.0,0.0,0.0,0.0,0.0,0,0,0.3673551082611084,1.0,0.31261950731277466
ABH5AHMM5CA69:validation:B00BSWS650,tail,,,0,0.0,0.0,0.0,0.0,0.0,0.0,0,0,0.5193772315979004,1.0,0.3078456223011017
ABN7G2T0KAB3G:validation:B004KCGC9C,tail,,,0,0.0,0.0,0.0,0.0,0.0,0.0,0,0,0.4651791453361511,1.0,0.29780682921409607
ABXVMHZWCDBNS:validation:B007B7LTVY,head,,,0,0.0,0.0,0.0,0.0,0.0,0.0,0,0,0.4640352725982666,1.0,0.30525463819503784
AC09OIFJYTUQK:validation:B0012512U4,tail,,70,1,0.0,0.0,0.0,0.0,0.0,0.0,1,0,0.44563886523246765,1.0,0.35751277208328247
AC6HYEG9JT441:validation:B00F5Y4AKC,head,28,36,1,0.0,0.0,1.0,0.0,0.0,1.0,1,0,0.49136754870414734,1.0,0.29878056049346924
AC9ZH59TWILZS:validation:B003WFKOSS,head,,,0,0.0,0.0,0.0,0.0,0.0,0.0,0,0,0.5733255743980408,1.0,0.31549662351608276
ACA2Z99MCVUPU:validation:B000066HSN,head,,,0,0.0,0.0,0.0,0.0,0.0,0.0,0,0,0.3584505617618561,1.0,0.3570340871810913
ACDNGINX4M4QA:validation:B005OSX5GO,tail,10,8,1,1.0,0.2890648263178879,1.0,1.0,0.31546487678572877,1.0,1,0,0.5144866704940796,1.0,0.28435370326042175
ACE4XULXB1RV2:validation:B000GKD09C,head,28,32,1,0.0,0.0,1.0,0.0,0.0,1.0,1,0,0.3601286709308624,1.0,0.3117385506629944
ACEA95FQS1AVP:validation:B003N8GELA,tail,,,0,0.0,0.0,0.0,0.0,0.0,0.0,0,0,0.4111717641353607,1.0,0.29072636365890503
ACIHXKMZIHV7W:validation:1589945158,tail,,,0,0.0,0.0,0.0,0.0,0.0,0.0,0,0,0.524244487285614,1.0,0.35861432552337646
ACJXUWQSZ0IRP:validation:B007AR5268,tail,,,0,0.0,0.0,0.0,0.0,0.0,0.0,0,0,0.3888471722602844,1.0,0.3554527163505554
ACQD7NZ9UORGH:validation:B004S8F7QM,head,4,4,1,1.0,0.43067655807339306,1.0,1.0,0.43067655807339306,1.0,0,0,0.5612053275108337,1.0,0.29368889331817627
AD27EE3BWB98:validation:B007J3F9VG,head,1,1,1,1.0,1.0,1.0,1.0,1.0,1.0,0,0,0.3968346416950226,1.0,0.2957920432090759
ADQUTB2TCWWTV:validation:B002UD8P4S,head,,,0,0.0,0.0,0.0,0.0,0.0,0.0,0,0,0.4023987948894501,1.0,0.31287503242492676
ADSFUJVGDLOE4:validation:B00859GJL2,head,,,0,0.0,0.0,0.0,0.0,0.0,0.0,0,0,0.2714621424674988,1.0,0.34408390522003174
ADUIFGJE9I7GA:validation:B00BCXU3PQ,tail,,,0,0.0,0.0,0.0,0.0,0.0,0.0,0,0,0.5731778740882874,1.0,0.30266621708869934
ADZ0GY72RN2S5:validation:B002V3RCE6,head,19,19,1,0.0,0.0,1.0,0.0,0.0,1.0,0,0,0.4302429258823395,1.0,0.3020867109298706
AE7WZ5DBOH8WO:validation:B0060Y240O,head,2,2,1,1.0,0.6309297535714575,1.0,1.0,0.6309297535714575,1.0,0,0,0.5059815049171448,1.0,0.29565533995628357
AEC90GPFKLAAW:validation:B004GL64LI,tail,,,0,0.0,0.0,0.0,0.0,0.0,0.0,0,0,0.3961765766143799,1.0,0.30022820830345154
AEF7R8OM4ABJZ:validation:B00BOZ4C36,tail,,,0,0.0,0.0,0.0,0.0,0.0,0.0,0,0,0.37516361474990845,1.0,0.3109223246574402
AEIHVQHWJMY8Z:validation:B008D8EGUQ,head,,,0,0.0,0.0,0.0,0.0,0.0,0.0,0,0,0.40484708547592163,1.0,0.3536160886287689
AEO1PJTWZ7DH4:validation:B00029R6H4,tail,,,0,0.0,0.0,0.0,0.0,0.0,0.0,0,0,0.36518749594688416,1.0,0.31335705518722534
AFC0U0MVHJZHF:validation:B0068D0F26,tail,,,0,0.0,0.0,0.0,0.0,0.0,0.0,0,0,0.5042492747306824,1.0,0.3060310184955597
AFE3S8KVNS39U:validation:B000FEP8JY,head,,,0,0.0,0.0,0.0,0.0,0.0,0.0,0,0,0.3383008539676666,1.0,0.30713891983032227
AFMFTMW332J0:validation:B00B0DW9KU,tail,,,0,0.0,0.0,0.0,0.0,0.0,0.0,0,0,0.45243558287620544,1.0,0.30485883355140686
AFNS4TUU9RNRH:validation:B00BQYR0MA,tail,,,0,0.0,0.0,0.0,0.0,0.0,0.0,0,0,0.40050065517425537,1.0,0.35695064067840576
AFP6OOD8EDRSP:validation:B000M02M0Y,tail,,,0,0.0,0.0,0.0,0.0,0.0,0.0,0,0,0.5345941185951233,1.0,0.3590383231639862
AFPJRABKSYWY1:validation:B006EPCLPC,tail,,96,1,0.0,0.0,0.0,0.0,0.0,0.0,1,0,0.8502674698829651,1.0,0.28506970405578613
AFZZ053NRHLI8:validation:B000KMHBFA,head,,,0,0.0,0.0,0.0,0.0,0.0,0.0,0,0,0.5668182969093323,1.0,0.3119457960128784
AG0UDXBFAMAKI:validation:B00HUJNUSS,tail,1,1,1,1.0,1.0,1.0,1.0,1.0,1.0,0,0,0.6217842102050781,1.0,0.30640140175819397
AG50K3NZQ6QJX:validation:B0026NDRWW,tail,,,0,0.0,0.0,0.0,0.0,0.0,0.0,0,0,0.3458145260810852,1.0,0.31284672021865845
AGGAR5GNA865S:validation:B00DOQCTVK,tail,,,0,0.0,0.0,0.0,0.0,0.0,0.0,0,0,0.8649238348007202,1.0,0.35684704780578613
AGH7CAV7REAL0:validation:B0038AYM80,tail,3,2,1,1.0,0.5,1.0,1.0,0.6309297535714575,1.0,1,0,0.644944965839386,1.0,0.31334829330444336
AGIRDCS6B72K5:validation:B000VSOK1G,tail,,,0,0.0,0.0,0.0,0.0,0.0,0.0,0,0,0.4928577244281769,1.0,0.3081108331680298
AGNPOWQ5M3FGW:validation:B006ROJJCS,head,25,25,1,0.0,0.0,1.0,0.0,0.0,1.0,0,0,0.313972532749176,1.0,0.28969112038612366
AGRYW8E662Q8P:validation:B000ICNZR0,head,,,0,0.0,0.0,0.0,0.0,0.0,0.0,0,0,0.46616625785827637,1.0,0.30079877376556396
AH1MIAI6SNXNL:validation:B002EQ9V1M,head,,,0,0.0,0.0,0.0,0.0,0.0,0.0,0,0,0.688180148601532,1.0,0.31708258390426636
AH8NSTRCCQNQ9:validation:B0033BM3K8,head,,,0,0.0,0.0,0.0,0.0,0.0,0.0,0,0,0.5555042624473572,1.0,0.3027776777744293
AHALATPYHRDV6:validation:B000J52AGI,tail,,,0,0.0,0.0,0.0,0.0,0.0,0.0,0,0,0.46536168456077576,1.0,0.3065647780895233
AHFDAZ81Q304E:validation:B008C0NIN6,tail,,,0,0.0,0.0,0.0,0.0,0.0,0.0,0,0,0.2550402879714966,1.0,0.34369784593582153
AHHUNTFQGUGX8:validation:B00G69QBA2,tail,,,0,0.0,0.0,0.0,0.0,0.0,0.0,0,0,0.8441112637519836,1.0,0.31392669677734375
AHL7BZN8TLRDO:validation:B002B555QQ,head,,,0,0.0,0.0,0.0,0.0,0.0,0.0,0,0,0.4586160182952881,1.0,0.3556350767612457
AHMKQKJE55LJI:validation:B0014E7DIS,head,,,0,0.0,0.0,0.0,0.0,0.0,0.0,0,0,0.45100003480911255,1.0,0.30880701541900635
AHS6PX6H22WW1:validation:B00CKH9UQQ,head,,,0,0.0,0.0,0.0,0.0,0.0,0.0,0,0,0.37340739369392395,1.0,0.3166082203388214
AHVVDZGRR4NVJ:validation:B00B3YT030,head,17,46,1,0.0,0.0,1.0,0.0,0.0,1.0,1,0,0.4174697995185852,1.0,0.3418072462081909
AHWM7QXSK7LO3:validation:B001543YEY,head,47,36,1,0.0,0.0,1.0,0.0,0.0,1.0,1,0,0.4244709014892578,1.0,0.3154315948486328
AI0KS6TKN9599:validation:B007J3ZYV6,tail,,,0,0.0,0.0,0.0,0.0,0.0,0.0,0,0,0.6405266523361206,1.0,0.3575858473777771
AIL2TRFIZ6Q7C:validation:B0051DT5FW,tail,,,0,0.0,0.0,0.0,0.0,0.0,0.0,0,0,0.6954801678657532,1.0,0.35562756657600403
AINGNE1J86KTH:validation:B000UZI26E,tail,,,0,0.0,0.0,0.0,0.0,0.0,0.0,0,0,0.4036570191383362,1.0,0.2990261912345886
AIQBLQ0DKPW47:validation:B00006JZCG,head,,,0,0.0,0.0,0.0,0.0,0.0,0.0,0,0,0.3951549232006073,1.0,0.3090338110923767
AITA68K11PTP3:validation:B004S6BXNA,tail,,,0,0.0,0.0,0.0,0.0,0.0,0.0,0,0,0.3430057466030121,1.0,0.30831044912338257
AIVJ9TTZNAH1C:validation:B00D7OAOYI,tail,,,0,0.0,0.0,0.0,0.0,0.0,0.0,0,0,0.5654861330986023,1.0,0.3127625584602356
AIZKHI4FS7RKS:validation:B002M78DSK,tail,,,0,0.0,0.0,0.0,0.0,0.0,0.0,0,0,0.5713524222373962,1.0,0.2977108061313629
AJ88DMQ29WC2V:validation:B0090GWU08,tail,,,0,0.0,0.0,0.0,0.0,0.0,0.0,0,0,0.35024550557136536,1.0,0.30995115637779236
AJ91FXLL2VBN7:validation:B00009YOQW,head,,,0,0.0,0.0,0.0,0.0,0.0,0.0,0,0,0.578938901424408,1.0,0.3073197603225708
AJKEEF2VCD9NJ:validation:B00000DMF5,head,,,0,0.0,0.0,0.0,0.0,0.0,0.0,0,0,0.5411919355392456,1.0,0.3159165382385254
AJMLWZP2G6N9A:validation:B0002HYDL8,head,,,0,0.0,0.0,0.0,0.0,0.0,0.0,0,0,0.583663821220398,1.0,0.35603511333465576
AJN88DR6GHOAC:validation:B00HESBQOK,tail,3,3,1,1.0,0.5,1.0,1.0,0.5,1.0,0,0,0.5571320056915283,1.0,0.3608873188495636
AK5EFXTR36OQ0:validation:B00CIUUSDY,head,,,0,0.0,0.0,0.0,0.0,0.0,0.0,0,0,0.8268930315971375,1.0,0.31072717905044556
AK6OC8JSZ9X1K:validation:B0014GVMGK,tail,,,0,0.0,0.0,0.0,0.0,0.0,0.0,0,0,0.3547496199607849,1.0,0.29229503870010376
AK7VV641LJGNU:validation:B0018Z4HY6,tail,,,0,0.0,0.0,0.0,0.0,0.0,0.0,0,0,0.41640663146972656,1.0,0.2909630537033081
AKE6UQ22SF3QU:validation:B002OSWLKI,tail,,,0,0.0,0.0,0.0,0.0,0.0,0.0,0,0,0.5997936129570007,1.0,0.31195610761642456
AKK5QFL31BKWM:validation:B001QBTAOY,head,,,0,0.0,0.0,0.0,0.0,0.0,0.0,0,0,0.5637581944465637,1.0,0.3008710741996765
AKSAJKVR26RX2:validation:B003BAN3AU,head,,,0,0.0,0.0,0.0,0.0,0.0,0.0,0,0,0.42374280095100403,1.0,0.30442655086517334
AKUNSPGONAASL:validation:B00A850S5E,head,,,0,0.0,0.0,0.0,0.0,0.0,0.0,0,0,0.7658272981643677,1.0,0.34156620502471924
AL2G04ALAH7L0:validation:B00BU3ZLJQ,head,,,0,0.0,0.0,0.0,0.0,0.0,0.0,0,0,0.3497218191623688,1.0,0.3083263337612152
AL5CUWBFBMWYQ:validation:B00ARQW0NM,head,,,0,0.0,0.0,0.0,0.0,0.0,0.0,0,0,0.4078165590763092,1.0,0.3114234209060669
ALAJBVJSU1Z0X:validation:B004C7S70W,head,20,20,1,0.0,0.0,1.0,0.0,0.0,1.0,0,0,0.3981168568134308,1.0,0.29440444707870483
ALFM6GEX9O328:validation:B000GKD09C,head,4,3,1,1.0,0.43067655807339306,1.0,1.0,0.5,1.0,1,0,0.699419379234314,1.0,0.31455475091934204
ALHOHT4XS5N70:validation:B00862JXZW,tail,43,32,1,0.0,0.0,1.0,0.0,0.0,1.0,1,0,0.5985667109489441,1.0,0.35692736506462097
ALJYD7XKFVZDU:validation:B003H821N6,tail,,,0,0.0,0.0,0.0,0.0,0.0,0.0,0,0,0.4217589199542999,1.0,0.2945154905319214
ALQSPGTDKCGW1:validation:B00ERZNRO0,tail,1,1,1,1.0,1.0,1.0,1.0,1.0,1.0,0,0,0.7708896398544312,1.0,0.28473222255706787
ALTKEHGTZVY28:validation:B006HDF32Y,head,,,0,0.0,0.0,0.0,0.0,0.0,0.0,0,0,0.45462125539779663,1.0,0.31717151403427124
ALXDCS16EP3ZR:validation:B000FZVNM4,tail,,,0,0.0,0.0,0.0,0.0,0.0,0.0,0,0,0.8252341747283936,1.0,0.30708566308021545
AM2IR1V5EU55U:validation:B00BQYQZZS,head,49,34,1,0.0,0.0,1.0,0.0,0.0,1.0,1,0,0.5276493430137634,1.0,0.3568475544452667
AM3GXWFFVDT29:validation:B001M2FNH0,head,2,2,1,1.0,0.6309297535714575,1.0,1.0,0.6309297535714575,1.0,0,0,0.3158080279827118,1.0,0.29480621218681335
AM3XNQU9TZBD8:validation:B007WW42E4,tail,,,0,0.0,0.0,0.0,0.0,0.0,0.0,0,0,0.42382633686065674,1.0,0.31652000546455383
AMAGXAB28XNEM:validation:B004PS8M6W,tail,,,0,0.0,0.0,0.0,0.0,0.0,0.0,0,0,0.39854735136032104,1.0,0.35311782360076904
AMBF79PX7LIDR:validation:B0044T2KBU,head,48,36,1,0.0,0.0,1.0,0.0,0.0,1.0,1,0,0.5506627559661865,1.0,0.3089975118637085
AMGPE8L9CFDA2:validation:B004PZZCSG,tail,11,11,1,0.0,0.0,1.0,0.0,0.0,1.0,0,0,0.417645663022995,1.0,0.35698533058166504
AMJLUVC38PVWE:validation:B004S8F7QM,head,,,0,0.0,0.0,0.0,0.0,0.0,0.0,0,0,0.3980568051338196,1.0,0.3156692385673523
AML5JLIMUPWGW:validation:B00DPK11Y6,head,1,1,1,1.0,1.0,1.0,1.0,1.0,1.0,0,0,0.5565950870513916,1.0,0.26297900080680847
AMNNWD4PLVRU4:validation:B00DPK11ZA,head,,,0,0.0,0.0,0.0,0.0,0.0,0.0,0,0,0.4069828689098358,1.0,0.31514567136764526
AMPX3331B26QH:validation:B008DVR2F4,tail,,,0,0.0,0.0,0.0,0.0,0.0,0.0,0,0,0.6363121867179871,1.0,0.3577114939689636
AMQWWN5Y9NVP9:validation:B003UV8POO,head,,,0,0.0,0.0,0.0,0.0,0.0,0.0,0,0,0.4070029854774475,1.0,0.3086543083190918
AMUJ9PFRADCIU:validation:B0036RKJUK,tail,,,0,0.0,0.0,0.0,0.0,0.0,0.0,0,0,0.3178039789199829,1.0,0.31140047311782837
AN0TJIZD4B58E:validation:B00G69QGPW,tail,,52,1,0.0,0.0,0.0,0.0,0.0,0.0,1,0,0.775738000869751,1.0,0.36019161343574524
AN2KA0IW7QGQ:validation:B001H07J0Q,tail,30,50,1,0.0,0.0,1.0,0.0,0.0,1.0,1,0,0.31421783566474915,1.0,0.338614284992218
AN49G1NJDOT94:validation:B004LM72ZY,tail,,,0,0.0,0.0,0.0,0.0,0.0,0.0,0,0,0.7088059186935425,1.0,0.31175100803375244
AN55FWHD2PHMO:validation:B00FK7QBJC,tail,,,0,0.0,0.0,0.0,0.0,0.0,0.0,0,0,0.3969906270503998,1.0,0.29489272832870483
ANB8SOYOXO9W2:validation:B000K27MPO,tail,,,0,0.0,0.0,0.0,0.0,0.0,0.0,0,0,0.27411285042762756,1.0,0.34359776973724365
ANH1F1BNSGUVD:validation:B00CHFP1FK,tail,,,0,0.0,0.0,0.0,0.0,0.0,0.0,0,0,0.46661096811294556,1.0,0.3113187253475189
ANMSMHURYML4D:validation:B002VUC1DQ,tail,,,0,0.0,0.0,0.0,0.0,0.0,0.0,0,0,0.8308102488517761,1.0,0.3158283531665802
ANOVW3DZ7YSNF:validation:B005CWGJ6K,tail,,,0,0.0,0.0,0.0,0.0,0.0,0.0,0,0,0.5404157042503357,1.0,0.3149460256099701
ANPHYZGDANR45:validation:B002CICG3M,head,,,0,0.0,0.0,0.0,0.0,0.0,0.0,0,0,0.7297567129135132,1.0,0.3104621171951294
ANPTHLKNDONR5:validation:B00CV5PN2W,tail,,96,1,0.0,0.0,0.0,0.0,0.0,0.0,1,0,0.44685372710227966,1.0,0.35495060682296753
ANTGGAQYPSWHF:validation:B00FG1U7FQ,tail,,,0,0.0,0.0,0.0,0.0,0.0,0.0,0,0,0.4102509617805481,1.0,0.3096165955066681
ANYX1D5SG0MI7:validation:B002SPU2YY,tail,,,0,0.0,0.0,0.0,0.0,0.0,0.0,0,0,0.595906138420105,1.0,0.3418048918247223
AO1VDV1EA72AN:validation:B005QZP31U,head,,,0,0.0,0.0,0.0,0.0,0.0,0.0,0,0,0.4218800961971283,1.0,0.2904869318008423
AO2AQRPPSTABB:validation:B00CI6JDIY,head,,,0,0.0,0.0,0.0,0.0,0.0,0.0,0,0,0.4743240177631378,1.0,0.311448335647583
AO3UMFAZDCXY1:validation:B00E5P24DW,head,,,0,0.0,0.0,0.0,0.0,0.0,0.0,0,0,0.4460407793521881,1.0,0.2697129249572754
AOG8PWV2F0G26:validation:B000PEOMC8,tail,,,0,0.0,0.0,0.0,0.0,0.0,0.0,0,0,0.7725830674171448,1.0,0.31814178824424744
AOI6Y6GO2G5E8:validation:B0047WZH0U,tail,,,0,0.0,0.0,0.0,0.0,0.0,0.0,0,0,0.6566970944404602,1.0,0.29012036323547363
AOOHHVXG1CI7O:validation:B0060GDYJC,tail,1,1,1,1.0,1.0,1.0,1.0,1.0,1.0,0,0,0.33515167236328125,1.0,0.31297779083251953
AP1Y4KSKI2KMO:validation:B000O7ISY4,head,,,0,0.0,0.0,0.0,0.0,0.0,0.0,0,0,0.48492640256881714,1.0,0.307001531124115
AP36RZOTV0O2Z:validation:B00026ZEDK,head,,,0,0.0,0.0,0.0,0.0,0.0,0.0,0,0,0.6500914096832275,1.0,0.3084809184074402
APAXM508H1DMM:validation:B00005BZKD,head,,,0,0.0,0.0,0.0,0.0,0.0,0.0,0,0,0.600432276725769,1.0,0.3141386806964874
APDUZSMC9VKVO:validation:B007RTFZLQ,tail,,,0,0.0,0.0,0.0,0.0,0.0,0.0,0,0,0.4247470498085022,1.0,0.29573267698287964
APKX06QQVP3UC:validation:B000PXVO7A,tail,,,0,0.0,0.0,0.0,0.0,0.0,0.0,0,0,0.4166705310344696,1.0,0.2933811545372009
APORO3JUOR54G:validation:B00A8UT558,head,,,0,0.0,0.0,0.0,0.0,0.0,0.0,0,0,0.7722390294075012,1.0,0.3120448589324951
APT7I9P8FDG6R:validation:B004FEHLWC,tail,,,0,0.0,0.0,0.0,0.0,0.0,0.0,0,0,0.626314640045166,1.0,0.34176576137542725
APUJKGTIOJCQT:validation:B0007WX1HA,tail,7,5,1,1.0,0.3333333333333333,1.0,1.0,0.38685280723454163,1.0,1,0,0.630653440952301,1.0,0.3121718168258667
AQ1MB0S0F3197:validation:B004PBLP5O,head,,,0,0.0,0.0,0.0,0.0,0.0,0.0,0,0,0.6424589157104492,1.0,0.3158760964870453
AQ1XM9TPJZ5MR:validation:B003AIM52A,head,,,0,0.0,0.0,0.0,0.0,0.0,0.0,0,0,0.39325055480003357,1.0,0.31443390250205994
AQ635T7ZMB660:validation:B00DOQCTVK,tail,,,0,0.0,0.0,0.0,0.0,0.0,0.0,0,0,0.4014979302883148,1.0,0.30176353454589844
AQ73XG9JKRRXW:validation:B005OT55D4,tail,5,5,1,1.0,0.38685280723454163,1.0,1.0,0.38685280723454163,1.0,0,0,0.7241719365119934,1.0,0.2930464446544647
AQAQLXGKRS1VY:validation:B00DMC6KAC,head,18,18,1,0.0,0.0,1.0,0.0,0.0,1.0,0,0,0.4792909622192383,1.0,0.3554428219795227
AQC99Q29E10Z:validation:B000050B3H,head,,,0,0.0,0.0,0.0,0.0,0.0,0.0,0,0,0.5134313106536865,1.0,0.3119357228279114
AQKN0LR4CQY28:validation:B00CXEXSUU,tail,,,0,0.0,0.0,0.0,0.0,0.0,0.0,0,0,0.643416702747345,1.0,0.3539811968803406
AQO0IC7P9NU4X:validation:B00G6MWM1Q,tail,,,0,0.0,0.0,0.0,0.0,0.0,0.0,0,0,0.5037891864776611,1.0,0.31680455803871155
AQPWT449MAWH8:validation:B00F4WMA4I,tail,,,0,0.0,0.0,0.0,0.0,0.0,0.0,0,0,0.7597529888153076,1.0,0.31679385900497437
AQSILHK8964MX:validation:B007XVYPS2,head,,,0,0.0,0.0,0.0,0.0,0.0,0.0,0,0,0.3975988030433655,1.0,0.3097841739654541
AQWS3HBGGR8XW:validation:B007XVYO3I,head,,,0,0.0,0.0,0.0,0.0,0.0,0.0,0,0,0.3239535093307495,1.0,0.3152049779891968
AQX8T9SFFK43U:validation:B004H0MC5A,tail,3,3,1,1.0,0.5,1.0,1.0,0.5,1.0,0,0,0.3745076358318329,1.0,0.28841227293014526
AQXWXVL0XPZ0T:validation:B007HVG66M,tail,,52,1,0.0,0.0,0.0,0.0,0.0,0.0,1,0,0.44682958722114563,1.0,0.29324182868003845
AQYH2DHP78S83:validation:B004DJ51WQ,head,43,41,1,0.0,0.0,1.0,0.0,0.0,1.0,1,0,0.6673170924186707,1.0,0.30703726410865784
AR01C3SYL0MTP:validation:B00000IWIT,head,,,0,0.0,0.0,0.0,0.0,0.0,0.0,0,0,0.47758737206459045,1.0,0.3003767430782318
AR0BDSQ7PDJX:validation:B003AH6NII,head,,,0,0.0,0.0,0.0,0.0,0.0,0.0,0,0,0.6433375477790833,1.0,0.3133450746536255
ARABO3TL4UX0G:validation:B003C0BPHW,tail,,,0,0.0,0.0,0.0,0.0,0.0,0.0,0,0,0.4893198013305664,1.0,0.3566259741783142
ARMUS4IQO2AN0:validation:B003TUKEM2,head,,,0,0.0,0.0,0.0,0.0,0.0,0.0,0,0,0.2740691006183624,1.0,0.3103851079940796
ARSNAGZWXP7GN:validation:B007J3FA8I,head,,,0,0.0,0.0,0.0,0.0,0.0,0.0,0,0,0.5309405326843262,1.0,0.3048737049102783
ASD7LAINVLNHC:validation:B00B1Z6FKW,head,,,0,0.0,0.0,0.0,0.0,0.0,0.0,0,0,0.5136184692382812,1.0,0.30275577306747437
ASEYZYO85DOTA:validation:B00CG0CL1S,head,,,0,0.0,0.0,0.0,0.0,0.0,0.0,0,0,0.45911842584609985,1.0,0.2990003824234009
ASGEI5BWEL7CQ:validation:B005VPREBM,tail,,,0,0.0,0.0,0.0,0.0,0.0,0.0,0,0,0.41741707921028137,1.0,0.35625725984573364
ASLHOMCVQI6BM:validation:B00023HVKC,head,11,11,1,0.0,0.0,1.0,0.0,0.0,1.0,0,0,0.42274007201194763,1.0,0.3405279815196991
ASO5DJV4EE9MK:validation:B002YL4856,tail,,,0,0.0,0.0,0.0,0.0,0.0,0.0,0,0,0.39230456948280334,1.0,0.29863306879997253
ASRIOCTQPKK1B:validation:B0001NE7C8,tail,,,0,0.0,0.0,0.0,0.0,0.0,0.0,0,0,0.304066002368927,1.0,0.30620259046554565
ASSZI3B85PTO7:validation:B00DGQP3WU,head,,,0,0.0,0.0,0.0,0.0,0.0,0.0,0,0,0.5420069694519043,1.0,0.30764657258987427
ASUJADILJ5UK8:validation:B001U3Y5XE,head,,,0,0.0,0.0,0.0,0.0,0.0,0.0,0,0,0.4218560755252838,1.0,0.35666024684906006
ASYSUO2RQMCF:validation:B0001J2NKK,head,6,6,1,1.0,0.3562071871080222,1.0,1.0,0.3562071871080222,1.0,0,0,0.6948601007461548,1.0,0.30732959508895874
AT1RF4WNPGGLC:validation:B00EAHY1QS,tail,,,0,0.0,0.0,0.0,0.0,0.0,0.0,0,0,0.7499701380729675,1.0,0.3546447455883026
ATN4J5VS8Q0YM:validation:B007ADICI2,head,24,22,1,0.0,0.0,1.0,0.0,0.0,1.0,1,0,0.3250337541103363,1.0,0.2945978343486786
AUCMAF06RXT9W:validation:B001W30D2O,head,4,4,1,1.0,0.43067655807339306,1.0,1.0,0.43067655807339306,1.0,0,0,0.5417956709861755,1.0,0.2986066937446594
AUE5TYGY5Q8KG:validation:B00CMQTVUA,head,,,0,0.0,0.0,0.0,0.0,0.0,0.0,0,0,0.6932055354118347,1.0,0.2965231239795685
AUNK2GN1VD1OD:validation:0786959916,head,29,20,1,0.0,0.0,1.0,0.0,0.0,1.0,1,0,0.672764241695404,1.0,0.3581492304801941
AUQ814GTDM07J:validation:B00851EHAA,tail,,,0,0.0,0.0,0.0,0.0,0.0,0.0,0,0,0.4310779571533203,1.0,0.3534810543060303
AURB6K3RCWGRP:validation:1570545340,tail,,,0,0.0,0.0,0.0,0.0,0.0,0.0,0,0,0.405800998210907,1.0,0.3115602731704712
AUSOH5MN1X6W1:validation:B00C58ZQGS,tail,,,0,0.0,0.0,0.0,0.0,0.0,0.0,0,0,0.4824708104133606,1.0,0.30953481793403625
AV9DPXOEKRI97:validation:B0050D1V2I,head,,,0,0.0,0.0,0.0,0.0,0.0,0.0,0,0,0.3357400894165039,1.0,0.3119691014289856
AVKF5UOGIH94V:validation:B0083SSMEM,head,,,0,0.0,0.0,0.0,0.0,0.0,0.0,0,0,0.6260748505592346,1.0,0.35636648535728455
AVSYVH92H3Y64:validation:B005688T5E,head,,,0,0.0,0.0,0.0,0.0,0.0,0.0,0,0,0.5492651462554932,1.0,0.2971709072589874
AVWD6O8U4A1WC:validation:B000308FS6,tail,,,0,0.0,0.0,0.0,0.0,0.0,0.0,0,0,0.4629984498023987,1.0,0.34131819009780884
AW1TYENSI11UK:validation:B008DBZC92,tail,1,1,1,1.0,1.0,1.0,1.0,1.0,1.0,0,0,0.7625821232795715,1.0,0.3283296823501587
AW5JSQCHC2ZJO:validation:B00EAHXYDO,tail,4,4,1,1.0,0.43067655807339306,1.0,1.0,0.43067655807339306,1.0,0,0,0.5219399929046631,1.0,0.30338701605796814
AW6B5VJS1H7N:validation:B000MPMGNM,tail,,,0,0.0,0.0,0.0,0.0,0.0,0.0,0,0,0.428384006023407,1.0,0.3201410174369812
AW988J3XN3PPF:validation:B0083TXZCA,tail,,,0,0.0,0.0,0.0,0.0,0.0,0.0,0,0,0.3576902747154236,1.0,0.316714882850647
AW9EXFGKM8XEU:validation:B000NADFOU,tail,,,0,0.0,0.0,0.0,0.0,0.0,0.0,0,0,0.5548194646835327,1.0,0.29238736629486084
AWBZ4E5Q7890R:validation:B00092A7FC,tail,,,0,0.0,0.0,0.0,0.0,0.0,0.0,0,0,0.6164243221282959,1.0,0.3570230007171631
AWE14EY6BGSV0:validation:B007Q0OUZ8,tail,,,0,0.0,0.0,0.0,0.0,0.0,0.0,0,0,0.7804450988769531,1.0,0.30854618549346924
AWFA4158DDDWC:validation:B000VRE5G2,tail,,,0,0.0,0.0,0.0,0.0,0.0,0.0,0,0,0.568535566329956,1.0,0.3047938942909241
AWH5M7MN0Z4H3:validation:B00FNIDBS2,tail,,,0,0.0,0.0,0.0,0.0,0.0,0.0,0,0,0.4137602150440216,1.0,0.3539787530899048
AWHWG5H62624N:validation:B004PBLJCS,tail,,,0,0.0,0.0,0.0,0.0,0.0,0.0,0,0,0.4690447449684143,1.0,0.2848534882068634
AWL1QTMSRIAG3:validation:B0089RPUHO,head,,,0,0.0,0.0,0.0,0.0,0.0,0.0,0,0,0.591898500919342,1.0,0.31666100025177
AWSG5DCUAV744:validation:B000GKATU0,head,6,5,1,1.0,0.3562071871080222,1.0,1.0,0.38685280723454163,1.0,1,0,0.6105381846427917,1.0,0.3059719204902649
AWUHTU7IPQJMB:validation:B00008X340,head,,,0,0.0,0.0,0.0,0.0,0.0,0.0,0,0,0.39648640155792236,1.0,0.3019545078277588
AX19UC69IKIS7:validation:B00COLHN08,tail,,80,1,0.0,0.0,0.0,0.0,0.0,0.0,1,0,0.8224967122077942,1.0,0.35795754194259644
AX6EWOUWS7XCA:validation:B0089F9EFK,tail,,,0,0.0,0.0,0.0,0.0,0.0,0.0,0,0,0.59458327293396,1.0,0.3105849623680115
AX7317G153T8W:validation:B00IVFCCMA,tail,,,0,0.0,0.0,0.0,0.0,0.0,0.0,0,0,0.5091688632965088,1.0,0.3051682114601135
AXIZ6NPAN104X:validation:B00487TU20,tail,6,9,1,1.0,0.3562071871080222,1.0,1.0,0.3010299956639812,1.0,1,0,0.5817527174949646,1.0,0.2707490921020508
AXNLVSBK4T5E7:validation:B00474EZCY,head,20,35,1,0.0,0.0,1.0,0.0,0.0,1.0,1,0,0.28709959983825684,1.0,0.33939650654792786
AXUMQ3L9HBYTR:validation:B003D7F4YY,head,,,0,0.0,0.0,0.0,0.0,0.0,0.0,0,0,0.5358838438987732,1.0,0.30657291412353516
AXVV08J873YVZ:validation:B00BWZXDTC,tail,1,1,1,1.0,1.0,1.0,1.0,1.0,1.0,0,0,0.48359957337379456,1.0,0.2821117639541626
AYAL91PGH2UXX:validation:B00CKH9URU,head,,,0,0.0,0.0,0.0,0.0,0.0,0.0,0,0,0.4131089746952057,1.0,0.31134992837905884
AYMH7TOU5AR19:validation:B003M0ZX5C,tail,,,0,0.0,0.0,0.0,0.0,0.0,0.0,0,0,0.5879560112953186,1.0,0.28647899627685547
AYO8OMS2DFP92:validation:B002BY2BVE,head,4,4,1,1.0,0.43067655807339306,1.0,1.0,0.43067655807339306,1.0,0,0,0.5199313163757324,1.0,0.35998088121414185
AYSUDN83KX3QE:validation:B009TQA8NK,tail,,,0,0.0,0.0,0.0,0.0,0.0,0.0,0,0,0.5873492956161499,1.0,0.31126606464385986
AYXTTIHHOIQIW:validation:B008K953CI,tail,,,0,0.0,0.0,0.0,0.0,0.0,0.0,0,0,0.47645139694213867,1.0,0.30933916568756104
AZDYMNU9NABDS:validation:B009F7OT38,head,,,0,0.0,0.0,0.0,0.0,0.0,0.0,0,0,0.5276262760162354,1.0,0.308513343334198
AZGQR5ZE1SH1Q:validation:B0083TXXCC,tail,,,0,0.0,0.0,0.0,0.0,0.0,0.0,0,0,0.4750616252422333,1.0,0.30749964714050293
AZOQGI46XQOY:validation:B00A8HOYMU,tail,,,0,0.0,0.0,0.0,0.0,0.0,0.0,0,0,0.6490493416786194,1.0,0.29430916905403137
AZPF8DMGRYQL1:validation:B00B89LZ4C,tail,,,0,0.0,0.0,0.0,0.0,0.0,0.0,0,0,0.5875226855278015,1.0,0.35810214281082153
AZZLI36GZV6ZD:validation:B00008X340,head,,,0,0.0,0.0,0.0,0.0,0.0,0.0,0,0,0.5647938251495361,1.0,0.30784136056900024
