sample_key,target_group,baseline_rank,candidate_rank,union_covered,baseline_Recall@10,baseline_NDCG@10,baseline_Recall@50,candidate_Recall@10,candidate_NDCG@10,candidate_Recall@50,changed,broad_harm,residual_spread,safety_multiplier,attenuated
A034597326Z83X79S50FI:validation:B004W1T8YW,tail,,,0,0.0,0.0,0.0,0.0,0.0,0.0,0,0,0.309349924325943,1.0,0
A1085B05L8F56S:validation:B007SM3582,head,,,0,0.0,0.0,0.0,0.0,0.0,0.0,0,0,0.31603047251701355,1.0,0
A10BTP0CXOVTZ:validation:B005KIQE16,head,,,0,0.0,0.0,0.0,0.0,0.0,0.0,0,0,0.2716987729072571,1.0,0
A10I05QBEOVVI9:validation:B007HVGD6K,head,1,1,1,1.0,1.0,1.0,1.0,1.0,1.0,0,0,0.3215394914150238,1.0,0
A10I54XL73TRLK:validation:B00E3ECKGG,tail,,,0,0.0,0.0,0.0,0.0,0.0,0.0,0,0,0.32829731702804565,1.0,0
A10L9NQO44OLOU:validation:B0044T2KBU,head,,,0,0.0,0.0,0.0,0.0,0.0,0.0,0,0,0.3237605094909668,1.0,0
A10PEXB6XAQ5XF:validation:1932188126,head,,,0,0.0,0.0,0.0,0.0,0.0,0.0,0,0,0.2860666513442993,1.0,0
A10TB10B5FED71:validation:B000NVW07M,tail,,,0,0.0,0.0,0.0,0.0,0.0,0.0,0,0,0.2765553593635559,1.0,0
A111EZSVVQ1AL9:validation:B004CSD3PU,head,,,0,0.0,0.0,0.0,0.0,0.0,0.0,0,0,0.29414796829223633,1.0,0
A112JF58KKB8LP:validation:B003UNWV60,head,,,0,0.0,0.0,0.0,0.0,0.0,0.0,0,0,0.3183230757713318,1.0,0
A11FW5TMTDTQO4:validation:B00C6VPC22,tail,,,0,0.0,0.0,0.0,0.0,0.0,0.0,0,0,0.345679372549057,1.0,0
A11HZR9PO8530U:validation:B006O6EOX8,tail,,,0,0.0,0.0,0.0,0.0,0.0,0.0,0,0,0.32800060510635376,1.0,0
A11I5FICGS8032:validation:B00000J048,head,,,0,0.0,0.0,0.0,0.0,0.0,0.0,0,0,0.3090621829032898,1.0,0
A11IFBSF8AMW9M:validation:B005ZCY36K,head,4,4,1,1.0,0.43067655807339306,1.0,1.0,0.43067655807339306,1.0,0,0,0.35983020067214966,1.0,0
A11LNY2OLQSUSV:validation:B00ARWCFFO,head,,,0,0.0,0.0,0.0,0.0,0.0,0.0,0,0,0.3551616072654724,1.0,0
A11N9M2212IPJ:validation:B0009K6JYW,tail,24,18,1,0.0,0.0,1.0,0.0,0.0,1.0,1,0,0.33596131205558777,1.0,0
A11NTAJDD9CKAD:validation:B000FAB7I4,head,,,0,0.0,0.0,0.0,0.0,0.0,0.0,0,0,0.31685346364974976,1.0,0
A11SPSEM08VIXX:validation:B00EAHXOWA,head,,,0,0.0,0.0,0.0,0.0,0.0,0.0,0,0,0.3273874521255493,1.0,0
A11VQ0T0RHR4BC:validation:B004RQ64Q2,tail,49,42,1,0.0,0.0,1.0,0.0,0.0,1.0,1,0,0.3612876236438751,1.0,0
A11WMA3BAH72:validation:B00CEUMJ62,head,4,4,1,1.0,0.43067655807339306,1.0,1.0,0.43067655807339306,1.0,0,0,0.31101512908935547,1.0,0
A123SDVPVRUUMZ:validation:B00A850R3W,tail,,,0,0.0,0.0,0.0,0.0,0.0,0.0,0,0,0.35332033038139343,1.0,0
A124VKWCXT8IO9:validation:B00840LCB4,tail,,,0,0.0,0.0,0.0,0.0,0.0,0.0,0,0,0.360681414604187,1.0,0
A12DKDS7LRQSL:validation:B00BU0AYHS,tail,,,0,0.0,0.0,0.0,0.0,0.0,0.0,0,0,0.311010479927063,1.0,0
A12EHHZOEG7SLJ:validation:B00B3U7SMO,head,,,0,0.0,0.0,0.0,0.0,0.0,0.0,0,0,0.31767481565475464,1.0,0
A12G8WFVFU2RGO:validation:B00000K3BR,head,,,0,0.0,0.0,0.0,0.0,0.0,0.0,0,0,0.33635878562927246,1.0,0
A12H962PICP3I8:validation:B005VPRDAY,head,20,26,1,0.0,0.0,1.0,0.0,0.0,1.0,1,0,0.31522879004478455,1.0,0
A12HB5Q1ZI3IXJ:validation:B0057VQXN0,tail,,,0,0.0,0.0,0.0,0.0,0.0,0.0,0,0,0.27342113852500916,1.0,0
A12I1XTSARFJW2:validation:B00569DOTO,tail,,,0,0.0,0.0,0.0,0.0,0.0,0.0,0,0,0.33131644129753113,1.0,0
A12KPYPQOJZKX2:validation:B0078XJVR0,tail,1,1,1,1.0,1.0,1.0,1.0,1.0,1.0,0,0,0.3041055202484131,1.0,0
A12P2DIQFEDVTM:validation:B000F3V2MW,head,,,0,0.0,0.0,0.0,0.0,0.0,0.0,0,0,0.32035207748413086,1.0,0
A12T92R6PLL8V7:validation:B00021H91U,tail,,,0,0.0,0.0,0.0,0.0,0.0,0.0,0,0,0.2919732332229614,1.0,0
A12VNUQ0KYG1XB:validation:B00CMHWSMW,tail,,,0,0.0,0.0,0.0,0.0,0.0,0.0,0,0,0.35932862758636475,1.0,0
A131JJUYSKVM4J:validation:B00008PVZG,tail,15,13,1,0.0,0.0,1.0,0.0,0.0,1.0,1,0,0.3586651682853699,1.0,0
A13293DOYMPAB5:validation:B00C8526SY,tail,,,0,0.0,0.0,0.0,0.0,0.0,0.0,0,0,0.30593621730804443,1.0,0
A13CIKH3UXEKTP:validation:B0073I1VRS,tail,,,0,0.0,0.0,0.0,0.0,0.0,0.0,0,0,0.3231986463069916,1.0,0
A13CZE489JKH5:validation:B007RDGKK2,tail,,,0,0.0,0.0,0.0,0.0,0.0,0.0,0,0,0.35110384225845337,1.0,0
A13JMDUWUKM6A1:validation:B00000ITIV,tail,,,0,0.0,0.0,0.0,0.0,0.0,0.0,0,0,0.3089570999145508,1.0,0
A13KNCFLH0IH2G:validation:B00AA7V1N8,head,,,0,0.0,0.0,0.0,0.0,0.0,0.0,0,0,0.31584811210632324,1.0,0
A13KOB3MV0UKP4:validation:B0055PLOS2,tail,,,0,0.0,0.0,0.0,0.0,0.0,0.0,0,0,0.3065701723098755,1.0,0
A13L503ICIEGOI:validation:B006FSWY46,tail,,,0,0.0,0.0,0.0,0.0,0.0,0.0,0,0,0.3078445792198181,1.0,0
A13QCAZEFF68FK:validation:B00EQ0UQCM,tail,,,0,0.0,0.0,0.0,0.0,0.0,0.0,0,0,0.3232595920562744,1.0,0
A13XBAXB99R1TF:validation:B005HRMYAU,tail,,,0,0.0,0.0,0.0,0.0,0.0,0.0,0,0,0.3279551863670349,1.0,0
A13XSS72WHGQUC:validation:B007R3NTME,tail,,,0,0.0,0.0,0.0,0.0,0.0,0.0,0,0,0.3224680423736572,1.0,0
A142R054O5MI9S:validation:B00CI6JPNC,tail,,,0,0.0,0.0,0.0,0.0,0.0,0.0,0,0,0.2786898612976074,1.0,0
A143F8QE8SNCKY:validation:B007J3F99S,head,,,0,0.0,0.0,0.0,0.0,0.0,0.0,0,0,0.36208364367485046,1.0,0
A14638TGYH7GD9:validation:B00EC901O0,tail,2,2,1,1.0,0.6309297535714575,1.0,1.0,0.6309297535714575,1.0,0,0,0.3101322054862976,1.0,0
A1471IW2S85363:validation:B00C5IN4T4,tail,,,0,0.0,0.0,0.0,0.0,0.0,0.0,0,0,0.30894482135772705,1.0,0
A14DU1XG5WW3YN:validation:B005JTEZGM,tail,33,32,1,0.0,0.0,1.0,0.0,0.0,1.0,1,0,0.31372031569480896,1.0,0
A14KGTLUYL9B07:validation:B004ZAKXIU,tail,,,0,0.0,0.0,0.0,0.0,0.0,0.0,0,0,0.3208848834037781,1.0,0
A14MYITLIZ25X7:validation:B0045H0L1W,head,,,0,0.0,0.0,0.0,0.0,0.0,0.0,0,0,0.3220193088054657,1.0,0
A14NMJAR560Q33:validation:B000EOEAFI,head,,,0,0.0,0.0,0.0,0.0,0.0,0.0,0,0,0.32574453949928284,1.0,0
A14NQD4RHMM542:validation:B00CS1WD9A,head,,,0,0.0,0.0,0.0,0.0,0.0,0.0,0,0,0.3214341402053833,1.0,0
A14TD41I1VY0J9:validation:B006OG75ES,tail,,,0,0.0,0.0,0.0,0.0,0.0,0.0,0,0,0.2803140878677368,1.0,0
A14Y50K20PE7VA:validation:B004S6DXKG,tail,,,0,0.0,0.0,0.0,0.0,0.0,0.0,0,0,0.28586626052856445,1.0,0
A150JNSC0KXI6R:validation:B001EO1T74,head,,,0,0.0,0.0,0.0,0.0,0.0,0.0,0,0,0.3294956088066101,1.0,0
A152419GA05GXU:validation:B00BIDJP2W,head,,,0,0.0,0.0,0.0,0.0,0.0,0.0,0,0,0.3595151901245117,1.0,0
A1547GEN3CH26U:validation:B0083J768O,tail,,,0,0.0,0.0,0.0,0.0,0.0,0.0,0,0,0.3469703197479248,1.0,0
A15AQXDR7YBT6V:validation:B003Y55562,tail,,,0,0.0,0.0,0.0,0.0,0.0,0.0,0,0,0.3156673312187195,1.0,0
A15CYTGJHY8248:validation:B000F676D8,head,4,3,1,1.0,0.43067655807339306,1.0,1.0,0.5,1.0,1,0,0.33423537015914917,1.0,0
A15DT4CFL1L32Z:validation:B0090BZBSQ,tail,,,0,0.0,0.0,0.0,0.0,0.0,0.0,0,0,0.32984650135040283,1.0,0
A15LK8DSFQZZ52:validation:B00CPHX75G,tail,,,0,0.0,0.0,0.0,0.0,0.0,0.0,0,0,0.2983654737472534,1.0,0
A15V4TJBVYLK94:validation:B00004UFOO,head,,,0,0.0,0.0,0.0,0.0,0.0,0.0,0,0,0.33361685276031494,1.0,0
A167VTVMWP0BW8:validation:B006OG74YO,tail,,,0,0.0,0.0,0.0,0.0,0.0,0.0,0,0,0.2958599925041199,1.0,0
A16AE1KKX8BUF5:validation:B00859GJWQ,head,35,28,1,0.0,0.0,1.0,0.0,0.0,1.0,1,0,0.31917697191238403,1.0,0
A16PPE8U5G9IZL:validation:B00005BXJ0,tail,,,0,0.0,0.0,0.0,0.0,0.0,0.0,0,0,0.3598237633705139,1.0,0
A16RG2G0QAXVE5:validation:B005QZP31U,head,,,0,0.0,0.0,0.0,0.0,0.0,0.0,0,0,0.2715613842010498,1.0,0
A16TR8FX46WX13:validation:B007R1Z80W,tail,,,0,0.0,0.0,0.0,0.0,0.0,0.0,0,0,0.31212732195854187,1.0,0
A16TYQNUVUB1F9:validation:B0007YDBLE,head,,,0,0.0,0.0,0.0,0.0,0.0,0.0,0,0,0.3133860230445862,1.0,0
A1776UH8PPT6WW:validation:B003DKJG7M,tail,,,0,0.0,0.0,0.0,0.0,0.0,0.0,0,0,0.29068851470947266,1.0,0
A17A5PQB68ZRG9:validation:B00HD3TFEE,tail,,,0,0.0,0.0,0.0,0.0,0.0,0.0,0,0,0.30138739943504333,1.0,0
A17B2QIN8RVRBJ:validation:B0074T643C,tail,,,0,0.0,0.0,0.0,0.0,0.0,0.0,0,0,0.342944473028183,1.0,0
A17B9QXLPCWX2B:validation:B008AG5VLE,tail,,,0,0.0,0.0,0.0,0.0,0.0,0.0,0,0,0.34560221433639526,1.0,0
A17DIP6XB46Y2F:validation:B00A8HOYMU,tail,,,0,0.0,0.0,0.0,0.0,0.0,0.0,0,0,0.30683499574661255,1.0,0
A17O7NFFPX9GBP:validation:B0034Y4AF0,tail,,97,1,0.0,0.0,0.0,0.0,0.0,0.0,1,0,0.3093506097793579,1.0,0
A17PW45P2ASH4K:validation:B005AW85YG,head,,,0,0.0,0.0,0.0,0.0,0.0,0.0,0,0,0.31839388608932495,1.0,0
A17XZGC1T1Z4Z4:validation:B00009XNSS,head,,,0,0.0,0.0,0.0,0.0,0.0,0.0,0,0,0.2740456759929657,1.0,0
A181W8GE4TAPVV:validation:B004HKQI9G,head,,,0,0.0,0.0,0.0,0.0,0.0,0.0,0,0,0.2912437915802002,1.0,0
A18GJRJKK36UBX:validation:B004Z7H2EQ,head,,,0,0.0,0.0,0.0,0.0,0.0,0.0,0,0,0.34053370356559753,1.0,0
A18GVQXYIUY03C:validation:B008CNPHRS,tail,,,0,0.0,0.0,0.0,0.0,0.0,0.0,0,0,0.3165381848812103,1.0,0
A18TDD8ZFMNG4X:validation:B00CG5WVU4,tail,6,5,1,1.0,0.3562071871080222,1.0,1.0,0.38685280723454163,1.0,1,0,0.35546839237213135,1.0,0
A191RI5TS00M5W:validation:B0042H32JS,tail,,,0,0.0,0.0,0.0,0.0,0.0,0.0,0,0,0.30415940284729004,1.0,0
A192Z1UVDNK88E:validation:B001G5ZCCE,tail,,,0,0.0,0.0,0.0,0.0,0.0,0.0,0,0,0.31899771094322205,1.0,0
A198OABXLHME55:validation:B007P6HZVO,tail,,,0,0.0,0.0,0.0,0.0,0.0,0.0,0,0,0.345816433429718,1.0,0
A19AER05KUPWX6:validation:B0006H5WWS,tail,11,9,1,0.0,0.0,1.0,1.0,0.3010299956639812,1.0,1,0,0.348751962184906,1.0,0
A19I70I7ALH86Q:validation:B007U7M0WC,head,,,0,0.0,0.0,0.0,0.0,0.0,0.0,0,0,0.3084723949432373,1.0,0
A19IAW131XR12D:validation:B0056LAK0I,tail,,,0,0.0,0.0,0.0,0.0,0.0,0.0,0,0,0.34748440980911255,1.0,0
A19MN9PYEPU7SU:validation:B004K9E5SA,tail,1,1,1,1.0,1.0,1.0,1.0,1.0,1.0,0,0,0.28700006008148193,1.0,0
A19O1QVH7K39H0:validation:B0038B8IDO,tail,,,0,0.0,0.0,0.0,0.0,0.0,0.0,0,0,0.3594386577606201,1.0,0
A19QPS78GOF43U:validation:B003FNWR6Y,tail,,,0,0.0,0.0,0.0,0.0,0.0,0.0,0,0,0.35828083753585815,1.0,0
A19RK3TB9DLM0B:validation:B007PVHMCG,head,,,0,0.0,0.0,0.0,0.0,0.0,0.0,0,0,0.3088982403278351,1.0,0
A1A0L0N6RTZ6Z:validation:B00D6N90BS,tail,1,1,1,1.0,1.0,1.0,1.0,1.0,1.0,0,0,0.34373408555984497,1.0,0
A1AET8SKZZ057R:validation:B0074T643C,tail,,,0,0.0,0.0,0.0,0.0,0.0,0.0,0,0,0.31147950887680054,1.0,0
A1AG6A3IJMB6RW:validation:1616617667,tail,,,0,0.0,0.0,0.0,0.0,0.0,0.0,0,0,0.3059086203575134,1.0,0
A1ALOTXWL76OY7:validation:B00EDBZ58E,tail,23,19,1,0.0,0.0,1.0,0.0,0.0,1.0,1,0,0.3169262409210205,1.0,0
A1AMUFFCNHCZOK:validation:B001KF1M38,tail,,,0,0.0,0.0,0.0,0.0,0.0,0.0,0,0,0.3263251781463623,1.0,0
A1AOMEDZIDXGTB:validation:B003C6ELEU,head,,64,1,0.0,0.0,0.0,0.0,0.0,0.0,1,0,0.30384212732315063,1.0,0
A1APLFV52RQDPY:validation:B007U7M144,tail,,,0,0.0,0.0,0.0,0.0,0.0,0.0,0,0,0.3480799198150635,1.0,0
A1AV1EJPTMV5KW:validation:B003BMGU4Y,tail,,,0,0.0,0.0,0.0,0.0,0.0,0.0,0,0,0.31775057315826416,1.0,0
A1AXDE60UT3N9L:validation:B000809NJ6,tail,,,0,0.0,0.0,0.0,0.0,0.0,0.0,0,0,0.3363489806652069,1.0,0
A1BCDC7CT8NZJA:validation:B000OGYDZS,tail,,,0,0.0,0.0,0.0,0.0,0.0,0.0,0,0,0.274265855550766,1.0,0
A1BCL8SR4VYQTA:validation:B000G3LR9Y,head,40,31,1,0.0,0.0,1.0,0.0,0.0,1.0,1,0,0.3268730640411377,1.0,0
A1BOXCHKZM8KAV:validation:B002UD8P4S,head,,,0,0.0,0.0,0.0,0.0,0.0,0.0,0,0,0.3463851809501648,1.0,0
A1BT6TL7UCIC5Y:validation:B007HZ9S7C,head,,,0,0.0,0.0,0.0,0.0,0.0,0.0,0,0,0.35681191086769104,1.0,0
A1BX9CC37SQ7M5:validation:B002C3R5XI,head,,,0,0.0,0.0,0.0,0.0,0.0,0.0,0,0,0.3518935441970825,1.0,0
A1C3Y8LKKUBVWY:validation:B00008BFZH,head,6,5,1,1.0,0.3562071871080222,1.0,1.0,0.38685280723454163,1.0,1,0,0.32690829038619995,1.0,0
A1CBJDITWZNIMB:validation:B0038M8EQO,head,,,0,0.0,0.0,0.0,0.0,0.0,0.0,0,0,0.30535614490509033,1.0,0
A1CDWWS7NROSD:validation:B000SONEQA,head,,,0,0.0,0.0,0.0,0.0,0.0,0.0,0,0,0.3071577548980713,1.0,0
A1D0APMZUU1MYX:validation:B0006M9LSO,tail,20,28,1,0.0,0.0,1.0,0.0,0.0,1.0,1,0,0.35961398482322693,1.0,0
A1DGXVIOATFFT4:validation:B0001GDOZG,tail,,,0,0.0,0.0,0.0,0.0,0.0,0.0,0,0,0.3271740674972534,1.0,0
A1DIDB2WOZD1M3:validation:B00AF12K48,tail,,,0,0.0,0.0,0.0,0.0,0.0,0.0,0,0,0.312099426984787,1.0,0
A1DJA1ADDO3L6M:validation:B0028K2Q8O,tail,,,0,0.0,0.0,0.0,0.0,0.0,0.0,0,0,0.30511584877967834,1.0,0
A1DSCPT3MY8NSX:validation:B0006O8Q7Y,head,47,42,1,0.0,0.0,1.0,0.0,0.0,1.0,1,0,0.3020970821380615,1.0,0
A1DSU331053G86:validation:B00261P632,tail,,,0,0.0,0.0,0.0,0.0,0.0,0.0,0,0,0.30471259355545044,1.0,0
A1DXCHIJNPSER8:validation:B005QUQ99U,tail,,,0,0.0,0.0,0.0,0.0,0.0,0.0,0,0,0.32284846901893616,1.0,0
A1E5IF3D5KGV40:validation:B0095XOPF4,head,,,0,0.0,0.0,0.0,0.0,0.0,0.0,0,0,0.32397013902664185,1.0,0
A1EKSETIBS9ETQ:validation:B00BGAA3S2,tail,,,0,0.0,0.0,0.0,0.0,0.0,0.0,0,0,0.34749406576156616,1.0,0
A1EP3QX5DVC6ID:validation:B00CJO8ZZW,head,,,0,0.0,0.0,0.0,0.0,0.0,0.0,0,0,0.3554301857948303,1.0,0
A1EQQIK6QU4JAH:validation:B008B68ING,tail,11,9,1,0.0,0.0,1.0,1.0,0.3010299956639812,1.0,1,0,0.35749921202659607,1.0,0
A1EXJ925400B63:validation:B0002IBTXW,tail,,,0,0.0,0.0,0.0,0.0,0.0,0.0,0,0,0.31792977452278137,1.0,0
A1EZB4BQ68IJQJ:validation:B001BKX0V4,head,,,0,0.0,0.0,0.0,0.0,0.0,0.0,0,0,0.3134160041809082,1.0,0
A1F5H0JZUN2E44:validation:B004560BPY,head,,,0,0.0,0.0,0.0,0.0,0.0,0.0,0,0,0.28878891468048096,1.0,0
A1FBZV1US3G075:validation:B009B7F6E8,tail,,,0,0.0,0.0,0.0,0.0,0.0,0.0,0,0,0.30746543407440186,1.0,0
A1FD3E1SCFYPT6:validation:B005MEI4VG,tail,,,0,0.0,0.0,0.0,0.0,0.0,0.0,0,0,0.3098601996898651,1.0,0
A1FDV3WPOHREY9:validation:B00EDBY8BO,tail,,,0,0.0,0.0,0.0,0.0,0.0,0.0,0,0,0.3176635503768921,1.0,0
A1FJFLAAQD5WH2:validation:B00FAQW0MK,head,,,0,0.0,0.0,0.0,0.0,0.0,0.0,0,0,0.3540491461753845,1.0,0
A1FKGHZYT64TYG:validation:B00A8UT5TY,head,,,0,0.0,0.0,0.0,0.0,0.0,0.0,0,0,0.36212819814682007,1.0,0
A1FLQD414LLIH5:validation:B0076TRVCS,tail,13,10,1,0.0,0.0,1.0,1.0,0.2890648263178879,1.0,1,0,0.3302888870239258,1.0,0
A1FOTWBNLXV5OO:validation:B003P5GPBK,tail,,,0,0.0,0.0,0.0,0.0,0.0,0.0,0,0,0.3570135235786438,1.0,0
A1FYYE9Z89Q82J:validation:B00B6BR55U,head,,,0,0.0,0.0,0.0,0.0,0.0,0.0,0,0,0.3065405786037445,1.0,0
A1G0RMYT6CHP66:validation:B004Z7H1OW,tail,,,0,0.0,0.0,0.0,0.0,0.0,0.0,0,0,0.3578703999519348,1.0,0
A1G69BQLIUMWPN:validation:B000231G58,tail,,,0,0.0,0.0,0.0,0.0,0.0,0.0,0,0,0.33039459586143494,1.0,0
A1G8JNHF0ZE4FA:validation:B0095XQWUA,tail,,,0,0.0,0.0,0.0,0.0,0.0,0.0,0,0,0.34559953212738037,1.0,0
A1GJKM6YGR3FM2:validation:B008AQUJM0,head,,,0,0.0,0.0,0.0,0.0,0.0,0.0,0,0,0.35834801197052,1.0,0
A1GQ1JGK9YM6BU:validation:B004TGVOOC,tail,,,0,0.0,0.0,0.0,0.0,0.0,0.0,0,0,0.3010106682777405,1.0,0
A1GSHFWF4ZL05I:validation:B000084JM8,tail,,55,1,0.0,0.0,0.0,0.0,0.0,0.0,1,0,0.3298071324825287,1.0,0
A1H4ME81LZ452H:validation:B001W32FHU,head,,,0,0.0,0.0,0.0,0.0,0.0,0.0,0,0,0.3116495907306671,1.0,0
A1H70WK52G194F:validation:B009AD4ZJA,head,1,1,1,1.0,1.0,1.0,1.0,1.0,1.0,0,0,0.33880415558815,1.0,0
A1H8R02GMT1NIC:validation:B001VDRGQG,tail,,,0,0.0,0.0,0.0,0.0,0.0,0.0,0,0,0.28136730194091797,1.0,0
A1HCY88YURHZVZ:validation:B007RM5CO8,head,1,1,1,1.0,1.0,1.0,1.0,1.0,1.0,0,0,0.34286633133888245,1.0,0
A1HFT68GJ42LTM:validation:B0031P85VC,head,,,0,0.0,0.0,0.0,0.0,0.0,0.0,0,0,0.30266162753105164,1.0,0
A1HMCR18I2G0N5:validation:B002J9R9IQ,tail,,,0,0.0,0.0,0.0,0.0,0.0,0.0,0,0,0.29783108830451965,1.0,0
A1HP4IBOVLPPBX:validation:B0027CS7D6,tail,,,0,0.0,0.0,0.0,0.0,0.0,0.0,0,0,0.28355932235717773,1.0,0
A1HWU7OWS0EC9R:validation:B007EE72BU,tail,,,0,0.0,0.0,0.0,0.0,0.0,0.0,0,0,0.294935941696167,1.0,0
A1I2U8NT5J6P1N:validation:B00ECV5KSU,tail,22,26,1,0.0,0.0,1.0,0.0,0.0,1.0,1,0,0.35668879747390747,1.0,0
A1I7EA45MOXVO2:validation:B00EKHE1JA,tail,,77,1,0.0,0.0,0.0,0.0,0.0,0.0,1,0,0.3605768084526062,1.0,0
A1I8ON1X0B2N2W:validation:B00H7LKW8U,tail,2,2,1,1.0,0.6309297535714575,1.0,1.0,0.6309297535714575,1.0,0,0,0.33638888597488403,1.0,0
A1IAQIZSXONWVU:validation:B00ARQW1MM,head,38,29,1,0.0,0.0,1.0,0.0,0.0,1.0,1,0,0.33234500885009766,1.0,0
A1ICQY6DT62O9N:validation:B00DV254L4,tail,9,9,1,1.0,0.3010299956639812,1.0,1.0,0.3010299956639812,1.0,0,0,0.3462185859680176,1.0,0
A1IK5QG9Q5UQB5:validation:B00B7QKEWU,tail,,,0,0.0,0.0,0.0,0.0,0.0,0.0,0,0,0.35973039269447327,1.0,0
A1ISNFODNKC3EI:validation:B007RKZJBQ,tail,,,0,0.0,0.0,0.0,0.0,0.0,0.0,0,0,0.3258642554283142,1.0,0
A1ITEN72SMUP73:validation:B000277ATA,tail,,,0,0.0,0.0,0.0,0.0,0.0,0.0,0,0,0.33401334285736084,1.0,0
A1IUL785XKEAD:validation:B000NTZL7U,head,,,0,0.0,0.0,0.0,0.0,0.0,0.0,0,0,0.32531172037124634,1.0,0
A1IZRHRQNF3HSQ:validation:B00021Z2FU,head,13,12,1,0.0,0.0,1.0,0.0,0.0,1.0,1,0,0.3089512884616852,1.0,0
A1J6Z9T0L4F4XR:validation:B00006JZCX,tail,,,0,0.0,0.0,0.0,0.0,0.0,0.0,0,0,0.2674867808818817,1.0,0
A1JI8J1QQBSAHJ:validation:B004C7S70W,head,,,0,0.0,0.0,0.0,0.0,0.0,0.0,0,0,0.3345221281051636,1.0,0
A1JWCNSL6W622O:validation:B009T45XDW,head,15,12,1,0.0,0.0,1.0,0.0,0.0,1.0,1,0,0.360096275806427,1.0,0
A1JXE27STRRE0H:validation:B00ATX7JSO,tail,2,2,1,1.0,0.6309297535714575,1.0,1.0,0.6309297535714575,1.0,0,0,0.3610599935054779,1.0,0
A1JXMPW18185MO:validation:B001R1RRC0,tail,,,0,0.0,0.0,0.0,0.0,0.0,0.0,0,0,0.3261238932609558,1.0,0
A1K0593NELZQ64:validation:B004E9TU5O,tail,,,0,0.0,0.0,0.0,0.0,0.0,0.0,0,0,0.3460276424884796,1.0,0
A1L9E0DHAHL0M0:validation:B00AHAJGXK,head,,,0,0.0,0.0,0.0,0.0,0.0,0.0,0,0,0.31661152839660645,1.0,0
A1LCWUC7ZO8VF5:validation:B007RM5DTC,head,,,0,0.0,0.0,0.0,0.0,0.0,0.0,0,0,0.3052838444709778,1.0,0
A1LEXEYZFZ4611:validation:B009ZTUFP2,head,12,31,1,0.0,0.0,1.0,0.0,0.0,1.0,1,0,0.36030375957489014,1.0,0
A1LLR2EA1X6J6M:validation:B00A671QP0,tail,,,0,0.0,0.0,0.0,0.0,0.0,0.0,0,0,0.35847607254981995,1.0,0
A1LX95ESZ0HDYL:validation:B004QM8B4K,tail,,,0,0.0,0.0,0.0,0.0,0.0,0.0,0,0,0.3075753450393677,1.0,0
A1LXUUMCF5PI5Q:validation:B005JR5RCA,tail,1,1,1,1.0,1.0,1.0,1.0,1.0,1.0,0,0,0.32072722911834717,1.0,0
A1M1PPWVDVYHCT:validation:B008OZJRHU,tail,,,0,0.0,0.0,0.0,0.0,0.0,0.0,0,0,0.33785825967788696,1.0,0
A1M8MS6PGJ2LT:validation:B005HAZEOU,tail,,,0,0.0,0.0,0.0,0.0,0.0,0.0,0,0,0.31941723823547363,1.0,0
A1MFP7JAMWNNDM:validation:B00C2P770W,tail,,,0,0.0,0.0,0.0,0.0,0.0,0.0,0,0,0.32561713457107544,1.0,0
A1MHLA5JHGL0L9:validation:B003H9MSP6,tail,,,0,0.0,0.0,0.0,0.0,0.0,0.0,0,0,0.3609413206577301,1.0,0
A1MIOPOJI98HMF:validation:B008B68IBI,head,,,0,0.0,0.0,0.0,0.0,0.0,0.0,0,0,0.27241039276123047,1.0,0
A1MM2IJ9XDPB9C:validation:B005IWL0KY,tail,,,0,0.0,0.0,0.0,0.0,0.0,0.0,0,0,0.35954880714416504,1.0,0
A1MOJ5E4QX6GM2:validation:B000AM03TQ,head,,,0,0.0,0.0,0.0,0.0,0.0,0.0,0,0,0.32286661863327026,1.0,0
A1MPGVUUHJRTBI:validation:B000UEL172,head,34,31,1,0.0,0.0,1.0,0.0,0.0,1.0,1,0,0.2978999614715576,1.0,0
A1MSD53W1UT3QY:validation:B00897DX6O,tail,,72,1,0.0,0.0,0.0,0.0,0.0,0.0,1,0,0.35098642110824585,1.0,0
A1MTIKIGAJWKL8:validation:B00C2SJA3Q,tail,,,0,0.0,0.0,0.0,0.0,0.0,0.0,0,0,0.3569537401199341,1.0,0
A1MV14CAE4KLYY:validation:B00BY2ER66,head,4,4,1,1.0,0.43067655807339306,1.0,1.0,0.43067655807339306,1.0,0,0,0.32644352316856384,1.0,0
A1MXXD64DGCJ39:validation:B006UD2RB6,tail,,,0,0.0,0.0,0.0,0.0,0.0,0.0,0,0,0.2601909339427948,1.0,0
A1N2KOKBP38342:validation:B007U7M0WM,head,4,3,1,1.0,0.43067655807339306,1.0,1.0,0.5,1.0,1,0,0.33757561445236206,1.0,0
A1NKDHSM1D0O00:validation:B008UPESK0,tail,,,0,0.0,0.0,0.0,0.0,0.0,0.0,0,0,0.3582155406475067,1.0,0
A1NZD47Y4IFJR5:validation:B008B68J2G,head,1,1,1,1.0,1.0,1.0,1.0,1.0,1.0,0,0,0.27977055311203003,1.0,0
A1OPV6BD37T1VL:validation:B005VPRDV8,tail,,,0,0.0,0.0,0.0,0.0,0.0,0.0,0,0,0.3075573444366455,1.0,0
A1OX93IPAKL23R:validation:B000T2YKIM,head,,,0,0.0,0.0,0.0,0.0,0.0,0.0,0,0,0.31938859820365906,1.0,0
A1PKW77TT9GK2X:validation:B00ARQW1E0,head,,,0,0.0,0.0,0.0,0.0,0.0,0.0,0,0,0.34317994117736816,1.0,0
A1PPPCF42TMACV:validation:B00DR2VOJO,head,,,0,0.0,0.0,0.0,0.0,0.0,0.0,0,0,0.30755412578582764,1.0,0
A1PT0VHALURW2P:validation:B00BQYR110,head,,,0,0.0,0.0,0.0,0.0,0.0,0.0,0,0,0.31160664558410645,1.0,0
A1PUGP8IXD1BA9:validation:B00CFWWD6A,tail,1,1,1,1.0,1.0,1.0,1.0,1.0,1.0,0,0,0.31885164976119995,1.0,0
A1PVN3FJ3WNG1M:validation:B004U7JJWE,head,,,0,0.0,0.0,0.0,0.0,0.0,0.0,0,0,0.3230566382408142,1.0,0
A1PZ8BM9TI76Y9:validation:B00CX5XB3S,tail,,,0,0.0,0.0,0.0,0.0,0.0,0.0,0,0,0.3377973735332489,1.0,0
A1Q63BO0X32H5O:validation:B004PBLP5O,head,,,0,0.0,0.0,0.0,0.0,0.0,0.0,0,0,0.27128326892852783,1.0,0
A1QBMVACRQSBVV:validation:B00BX8J32O,tail,33,44,1,0.0,0.0,1.0,0.0,0.0,1.0,1,0,0.36064890027046204,1.0,0
A1QIKQIBBIKGLD:validation:B00AYDLM6Y,head,,65,1,0.0,0.0,0.0,0.0,0.0,0.0,1,0,0.35492458939552307,1.0,0
A1QPW77DY5D5EP:validation:B009F7ORF8,tail,4,4,1,1.0,0.43067655807339306,1.0,1.0,0.43067655807339306,1.0,0,0,0.3580150902271271,1.0,0
A1R4Z6ODCJ8100:validation:B001UUO3S4,tail,,,0,0.0,0.0,0.0,0.0,0.0,0.0,0,0,0.33387064933776855,1.0,0
A1RFYZHZP79VC7:validation:B00027P7SQ,tail,,,0,0.0,0.0,0.0,0.0,0.0,0.0,0,0,0.3010983467102051,1.0,0
A1RR52GVCRO9WT:validation:B008LQXR82,head,,,0,0.0,0.0,0.0,0.0,0.0,0.0,0,0,0.345782607793808,1.0,0
A1RYLIR0OD5JBV:validation:B004SGRWWG,tail,,,0,0.0,0.0,0.0,0.0,0.0,0.0,0,0,0.3448197841644287,1.0,0
A1S6ONDYQTBUJP:validation:B000H124DI,tail,,,0,0.0,0.0,0.0,0.0,0.0,0.0,0,0,0.30347245931625366,1.0,0
A1SB9BNNGKNX2Z:validation:B00FAQVY4U,tail,,,0,0.0,0.0,0.0,0.0,0.0,0.0,0,0,0.2907699942588806,1.0,0
A1SG1KQWVT4MBW:validation:B0037UP9MY,head,,,0,0.0,0.0,0.0,0.0,0.0,0.0,0,0,0.2813524305820465,1.0,0
A1SWCNGOR3GMOQ:validation:B003SAM6BU,tail,,,0,0.0,0.0,0.0,0.0,0.0,0.0,0,0,0.2957428991794586,1.0,0
A1T19DCB7QR2M6:validation:B007U7M0WM,head,,,0,0.0,0.0,0.0,0.0,0.0,0.0,0,0,0.31792765855789185,1.0,0
A1T1YSCDW0PD25:validation:B00FQVIKRS,tail,,,0,0.0,0.0,0.0,0.0,0.0,0.0,0,0,0.35803136229515076,1.0,0
A1T2GT0H5N187N:validation:B00AE9RJ6A,tail,,,0,0.0,0.0,0.0,0.0,0.0,0.0,0,0,0.3316103219985962,1.0,0
A1T4XL2Z1N19IQ:validation:B000G2JQB6,tail,,,0,0.0,0.0,0.0,0.0,0.0,0.0,0,0,0.31245261430740356,1.0,0
A1T56UCOP8SMN1:validation:B005VPH35E,tail,,,0,0.0,0.0,0.0,0.0,0.0,0.0,0,0,0.31630605459213257,1.0,0
A1T5Y1GX0MU86:validation:B00DI472RE,tail,,,0,0.0,0.0,0.0,0.0,0.0,0.0,0,0,0.34553810954093933,1.0,0
A1T909MRTTF9Y:validation:B004C7S70W,head,,,0,0.0,0.0,0.0,0.0,0.0,0.0,0,0,0.2764386534690857,1.0,0
A1TKM36EYEQNSM:validation:B0085UA8ZE,head,,,0,0.0,0.0,0.0,0.0,0.0,0.0,0,0,0.3151586353778839,1.0,0
A1TSMUYO1K4L67:validation:B003EIK136,head,,,0,0.0,0.0,0.0,0.0,0.0,0.0,0,0,0.35458099842071533,1.0,0
A1TX2N102JG27W:validation:B004IGAWNW,tail,,,0,0.0,0.0,0.0,0.0,0.0,0.0,0,0,0.34748411178588867,1.0,0
A1U7LS93I03MFW:validation:B008S8IKWQ,head,11,10,1,0.0,0.0,1.0,1.0,0.2890648263178879,1.0,1,0,0.345098078250885,1.0,0
A1U7T23UT5UMOW:validation:B00DW58ENU,tail,,,0,0.0,0.0,0.0,0.0,0.0,0.0,0,0,0.31419825553894043,1.0,0
A1UI5BJ2YTCYR6:validation:B00DECZ5D8,head,,,0,0.0,0.0,0.0,0.0,0.0,0.0,0,0,0.3278239965438843,1.0,0
A1UJTR4M3RWOK7:validation:B005XVCR48,head,,,0,0.0,0.0,0.0,0.0,0.0,0.0,0,0,0.3103131949901581,1.0,0
A1UUUEFB2HH5L9:validation:B001W3HY8K,tail,38,44,1,0.0,0.0,1.0,0.0,0.0,1.0,1,0,0.3004855513572693,1.0,0
A1UVM7X84UYJUO:validation:B003MS6150,head,,,0,0.0,0.0,0.0,0.0,0.0,0.0,0,0,0.31176674365997314,1.0,0
A1VGDYL61GF579:validation:B006O6EMGC,tail,,86,1,0.0,0.0,0.0,0.0,0.0,0.0,1,0,0.26750048995018005,1.0,0
A1VH028NKF3A8:validation:B004XE0JJQ,tail,,,0,0.0,0.0,0.0,0.0,0.0,0.0,0,0,0.32826662063598633,1.0,0
A1VHK9A4VLJTHC:validation:B00005LDWX,tail,,,0,0.0,0.0,0.0,0.0,0.0,0.0,0,0,0.36157774925231934,1.0,0
A1VIU0K7BO7NDJ:validation:B000LFUKV8,tail,4,40,1,1.0,0.43067655807339306,1.0,0.0,0.0,1.0,1,1,0.3481611907482147,1.0,0
A1VXTY9FZMEBQJ:validation:B0024HJQGG,tail,,,0,0.0,0.0,0.0,0.0,0.0,0.0,0,0,0.3465481996536255,1.0,0
A1W9RC64J43WLW:validation:B0030HBVG2,head,,,0,0.0,0.0,0.0,0.0,0.0,0.0,0,0,0.35500842332839966,1.0,0
A1W9U13YPP81KA:validation:B0002HZHQI,tail,,,0,0.0,0.0,0.0,0.0,0.0,0.0,0,0,0.32670706510543823,1.0,0
A1WC4DX50XM0CY:validation:B000WD3XBI,head,,,0,0.0,0.0,0.0,0.0,0.0,0.0,0,0,0.2737375795841217,1.0,0
A1WCJEZS66D224:validation:B007J3F99S,head,,,0,0.0,0.0,0.0,0.0,0.0,0.0,0,0,0.2789554297924042,1.0,0
A1WJV6LHZUMFQN:validation:B007AR5268,tail,,,0,0.0,0.0,0.0,0.0,0.0,0.0,0,0,0.30504298210144043,1.0,0
A1WKQ94M45D8MG:validation:B00EDBZ0L6,head,11,11,1,0.0,0.0,1.0,0.0,0.0,1.0,0,0,0.3047378957271576,1.0,0
A1WOVR9ZEX6X61:validation:B00BF657XI,tail,,,0,0.0,0.0,0.0,0.0,0.0,0.0,0,0,0.34360867738723755,1.0,0
A1WUPOLYFH3CJ4:validation:B00005RF5D,head,,,0,0.0,0.0,0.0,0.0,0.0,0.0,0,0,0.3200913667678833,1.0,0
A1X0JVM9QJAF7I:validation:B00C2P73TC,tail,,,0,0.0,0.0,0.0,0.0,0.0,0.0,0,0,0.341084361076355,1.0,0
A1X92E9FLWRU3H:validation:B001DZMITW,tail,,,0,0.0,0.0,0.0,0.0,0.0,0.0,0,0,0.3011709451675415,1.0,0
A1XCZP5EZXPUEM:validation:B006QZ7T2K,tail,,60,1,0.0,0.0,0.0,0.0,0.0,0.0,1,0,0.32869428396224976,1.0,0
A1XDAUHSVADHW5:validation:B00GJXICV6,tail,3,3,1,1.0,0.5,1.0,1.0,0.5,1.0,0,0,0.3606851100921631,1.0,0
A1XIXX2QFHVTD3:validation:B001M2FNH0,head,,,0,0.0,0.0,0.0,0.0,0.0,0.0,0,0,0.32902371883392334,1.0,0
A1XMJXNVT02ISJ:validation:B00462PTZ4,head,,,0,0.0,0.0,0.0,0.0,0.0,0.0,0,0,0.26978251338005066,1.0,0
A1XOUXOCHAGRPE:validation:B003DW92G0,tail,,92,1,0.0,0.0,0.0,0.0,0.0,0.0,1,0,0.31454575061798096,1.0,0
A1XOVR4ONAUEJ8:validation:B00AUKGCAC,tail,30,35,1,0.0,0.0,1.0,0.0,0.0,1.0,1,0,0.3606390953063965,1.0,0
A1XPR3FV3PSFUA:validation:B0044XRP5M,tail,,,0,0.0,0.0,0.0,0.0,0.0,0.0,0,0,0.3096810579299927,1.0,0
A1XVTQGC0NEX4D:validation:B000N5QNSK,head,,,0,0.0,0.0,0.0,0.0,0.0,0.0,0,0,0.29021158814430237,1.0,0
A1XWX7QTBR3UPV:validation:B00ECWSL0I,head,,,0,0.0,0.0,0.0,0.0,0.0,0.0,0,0,0.31648898124694824,1.0,0
A1Y39T2CT36YL0:validation:B00C6Q7MJI,head,,,0,0.0,0.0,0.0,0.0,0.0,0.0,0,0,0.3037625551223755,1.0,0
A1Y45O5RRPWTEJ:validation:B002BRSCJ6,head,,,0,0.0,0.0,0.0,0.0,0.0,0.0,0,0,0.26844799518585205,1.0,0
A1YESY26WF858Y:validation:B004DJ50JA,tail,,,0,0.0,0.0,0.0,0.0,0.0,0.0,0,0,0.34437066316604614,1.0,0
A1YHCTKR6KOMYH:validation:B006CC16X0,tail,,,0,0.0,0.0,0.0,0.0,0.0,0.0,0,0,0.36033838987350464,1.0,0
A1YKP8L17WYMMW:validation:B0043WI65C,tail,,,0,0.0,0.0,0.0,0.0,0.0,0.0,0,0,0.3135032057762146,1.0,0
A1YURCSJHDUO5N:validation:B007GFFGFQ,tail,2,2,1,1.0,0.6309297535714575,1.0,1.0,0.6309297535714575,1.0,0,0,0.33065640926361084,1.0,0
A1ZESINPIJT7Z5:validation:B00EAHXWQI,tail,,,0,0.0,0.0,0.0,0.0,0.0,0.0,0,0,0.3409995436668396,1.0,0
A1ZH0ZCRHRTY33:validation:B003E6NHSE,tail,,,0,0.0,0.0,0.0,0.0,0.0,0.0,0,0,0.3163021206855774,1.0,0
A1ZIDT0XJA10IR:validation:B00BV2V8A2,tail,2,3,1,1.0,0.6309297535714575,1.0,1.0,0.5,1.0,1,0,0.3617720901966095,1.0,0
A1ZJWIYP548EEV:validation:B0051938EA,tail,1,1,1,1.0,1.0,1.0,1.0,1.0,1.0,0,0,0.30538472533226013,1.0,0
A1ZKHICPYS7W2N:validation:B003GIS8T8,tail,,,0,0.0,0.0,0.0,0.0,0.0,0.0,0,0,0.3150288462638855,1.0,0
A1ZUB5RJCZXX5T:validation:B001ENISX8,tail,,,0,0.0,0.0,0.0,0.0,0.0,0.0,0,0,0.3114868104457855,1.0,0
A1ZYR489V0JDGM:validation:B00BNWI4WA,tail,38,49,1,0.0,0.0,1.0,0.0,0.0,1.0,1,0,0.35900941491127014,1.0,0
A2045ZUB7SC8BV:validation:B007IG0TY6,tail,,,0,0.0,0.0,0.0,0.0,0.0,0.0,0,0,0.3076949417591095,1.0,0
A204DNKTHMYYCU:validation:B00710LHPY,tail,26,20,1,0.0,0.0,1.0,0.0,0.0,1.0,1,0,0.33067402243614197,1.0,0
A20E5KYAOTET1Z:validation:B00106CGP0,tail,,,0,0.0,0.0,0.0,0.0,0.0,0.0,0,0,0.3414079248905182,1.0,0
A20PQHPJWGX911:validation:B004U53A7Q,head,,74,1,0.0,0.0,0.0,0.0,0.0,0.0,1,0,0.31068655848503113,1.0,0
A214DWZLDHAETM:validation:B00004YRPC,head,,,0,0.0,0.0,0.0,0.0,0.0,0.0,0,0,0.3248940110206604,1.0,0
A215WH6RUDUCMP:validation:B00FG1U7FQ,tail,,,0,0.0,0.0,0.0,0.0,0.0,0.0,0,0,0.34076231718063354,1.0,0
A21BVL7PKG9BX8:validation:B00B1D7ANK,head,,,0,0.0,0.0,0.0,0.0,0.0,0.0,0,0,0.3266518712043762,1.0,0
A21C576486CJDS:validation:B00CKH9QTM,head,,,0,0.0,0.0,0.0,0.0,0.0,0.0,0,0,0.34493398666381836,1.0,0
A21DN36JGZBJX:validation:B0002AUWKG,head,,,0,0.0,0.0,0.0,0.0,0.0,0.0,0,0,0.30740028619766235,1.0,0
A21NPYDOH03LLW:validation:B0039S7NO6,head,37,29,1,0.0,0.0,1.0,0.0,0.0,1.0,1,0,0.3337070345878601,1.0,0
A21RYSSHMEIT4K:validation:B003770ZMG,tail,,,0,0.0,0.0,0.0,0.0,0.0,0.0,0,0,0.3616500794887543,1.0,0
A21SXKRU1EAXYR:validation:B003UHYU9C,tail,,,0,0.0,0.0,0.0,0.0,0.0,0.0,0,0,0.2812395393848419,1.0,0
A220LDI4DOEDPT:validation:B001OXT1MA,tail,,,0,0.0,0.0,0.0,0.0,0.0,0.0,0,0,0.34463292360305786,1.0,0
A221QUP7LEGAVQ:validation:B00AHKMQKK,tail,,,0,0.0,0.0,0.0,0.0,0.0,0.0,0,0,0.30848240852355957,1.0,0
A22B8HUQQYPB1I:validation:B004KA3HI8,tail,,,0,0.0,0.0,0.0,0.0,0.0,0.0,0,0,0.30707746744155884,1.0,0
A22GN1A0DVRPXI:validation:B0007UPXMI,tail,,,0,0.0,0.0,0.0,0.0,0.0,0.0,0,0,0.32383039593696594,1.0,0
A22RKQ3TCY0YSC:validation:B00B3Q6JGE,head,,,0,0.0,0.0,0.0,0.0,0.0,0.0,0,0,0.3388195037841797,1.0,0
A22ZHO790Y9EO7:validation:B005EDB6UG,tail,,,0,0.0,0.0,0.0,0.0,0.0,0.0,0,0,0.3356984257698059,1.0,0
A230MXOPPE503H:validation:B0049B4DNQ,tail,,,0,0.0,0.0,0.0,0.0,0.0,0.0,0,0,0.360124796628952,1.0,0
A23JLZ10442YE2:validation:B006O6FKDG,head,,,0,0.0,0.0,0.0,0.0,0.0,0.0,0,0,0.3230994641780853,1.0,0
A23L7R8G04LKRN:validation:B00009XNSY,head,,,0,0.0,0.0,0.0,0.0,0.0,0.0,0,0,0.3180490732192993,1.0,0
A244UVEKGHQ3R9:validation:B00DH7P6WU,tail,,,0,0.0,0.0,0.0,0.0,0.0,0.0,0,0,0.3233843147754669,1.0,0
A247ZZ16U0NONK:validation:B004P9594O,tail,,,0,0.0,0.0,0.0,0.0,0.0,0.0,0,0,0.32650578022003174,1.0,0
A24BRXO3H15ORU:validation:B00E8HYIFE,tail,,,0,0.0,0.0,0.0,0.0,0.0,0.0,0,0,0.31176379323005676,1.0,0
A24J4NEAV774U5:validation:B0000658L4,head,,,0,0.0,0.0,0.0,0.0,0.0,0.0,0,0,0.3085569143295288,1.0,0
A24NCF4KFZQHL0:validation:B007J3F9W0,head,,,0,0.0,0.0,0.0,0.0,0.0,0.0,0,0,0.34310248494148254,1.0,0
A24UBC5SFSKLSW:validation:B000FMQS90,tail,,,0,0.0,0.0,0.0,0.0,0.0,0.0,0,0,0.3159102201461792,1.0,0
A24YTF4DFAMFXP:validation:B0027CS7OK,tail,,,0,0.0,0.0,0.0,0.0,0.0,0.0,0,0,0.3450720012187958,1.0,0
A25DXDKNYS474Z:validation:B005VPRDUO,tail,,,0,0.0,0.0,0.0,0.0,0.0,0.0,0,0,0.3371668756008148,1.0,0
A25N8UP4PJVQ8Z:validation:B00000JICT,head,,,0,0.0,0.0,0.0,0.0,0.0,0.0,0,0,0.33334553241729736,1.0,0
A25TNBMJ4ZO7RD:validation:B00DLUE8DQ,head,2,2,1,1.0,0.6309297535714575,1.0,1.0,0.6309297535714575,1.0,0,0,0.3093681335449219,1.0,0
A25UJPZLODUASK:validation:B003WKTGD2,tail,,,0,0.0,0.0,0.0,0.0,0.0,0.0,0,0,0.31889864802360535,1.0,0
A25VHD2DDHLU9Y:validation:B000OUR0FY,tail,,,0,0.0,0.0,0.0,0.0,0.0,0.0,0,0,0.30748462677001953,1.0,0
A25W53ABXGZS8B:validation:B00D4DGQ1C,tail,,,0,0.0,0.0,0.0,0.0,0.0,0.0,0,0,0.2842337191104889,1.0,0
A25Y4AKGA0JVR:validation:B0015XJ8KY,tail,,,0,0.0,0.0,0.0,0.0,0.0,0.0,0,0,0.3095172643661499,1.0,0
A25ZRQBJFOIQNA:validation:B0026YYCYS,tail,,,0,0.0,0.0,0.0,0.0,0.0,0.0,0,0,0.3151766061782837,1.0,0
A26AH5O9KJ31XX:validation:B004U5R5BI,head,4,2,1,1.0,0.43067655807339306,1.0,1.0,0.6309297535714575,1.0,1,0,0.3482626676559448,1.0,0
A26K25KKMYY9TG:validation:B00B99ET58,head,3,3,1,1.0,0.5,1.0,1.0,0.5,1.0,0,0,0.3225451409816742,1.0,0
A26LQSC65AMTGK:validation:B008KGR2OI,head,30,18,1,0.0,0.0,1.0,0.0,0.0,1.0,1,0,0.3135974109172821,1.0,0
A26OI2JXIVZ5WZ:validation:B005DX7UHK,tail,,,0,0.0,0.0,0.0,0.0,0.0,0.0,0,0,0.2672480344772339,1.0,0
A26OPNLJ0JYHPH:validation:B00EDBYHRO,tail,,,0,0.0,0.0,0.0,0.0,0.0,0.0,0,0,0.3320498466491699,1.0,0
A276TEX1IGBHZP:validation:B00381A1IY,tail,,,0,0.0,0.0,0.0,0.0,0.0,0.0,0,0,0.31013059616088867,1.0,0
A27FTLIJ7N8G9V:validation:B001UK509U,tail,,,0,0.0,0.0,0.0,0.0,0.0,0.0,0,0,0.31718653440475464,1.0,0
A27H9DOUGY9FOS:validation:B00EAHXN6M,tail,44,36,1,0.0,0.0,1.0,0.0,0.0,1.0,1,0,0.3220774531364441,1.0,0
A27IEA7DADM64W:validation:B002X8ROD8,tail,,,0,0.0,0.0,0.0,0.0,0.0,0.0,0,0,0.35855525732040405,1.0,0
A27M7N7S5QN74C:validation:B0023TEEU8,head,,,0,0.0,0.0,0.0,0.0,0.0,0.0,0,0,0.27857154607772827,1.0,0
A2877636PYV2A3:validation:B0002HZHUY,head,,,0,0.0,0.0,0.0,0.0,0.0,0.0,0,0,0.3419182002544403,1.0,0
A28BBETPJNOYSO:validation:B0001LATN6,head,,,0,0.0,0.0,0.0,0.0,0.0,0.0,0,0,0.3587627410888672,1.0,0
A28EPFLFDW05C0:validation:B00AA0Z6LI,tail,45,48,1,0.0,0.0,1.0,0.0,0.0,1.0,1,0,0.3163483738899231,1.0,0
A28UK6YNF5GRET:validation:B000VO3HC8,head,,,0,0.0,0.0,0.0,0.0,0.0,0.0,0,0,0.330923855304718,1.0,0
A28WYYIWBDVB9A:validation:B00008PW0J,head,22,21,1,0.0,0.0,1.0,0.0,0.0,1.0,1,0,0.3230566382408142,1.0,0
A291SUNXAOKE3V:validation:B0015EPR2Q,tail,,,0,0.0,0.0,0.0,0.0,0.0,0.0,0,0,0.3475714325904846,1.0,0
A291U9KHBA2MFZ:validation:B004JMF00K,tail,,,0,0.0,0.0,0.0,0.0,0.0,0.0,0,0,0.3612995743751526,1.0,0
A292FHOCHDIYB6:validation:B000O7ISY4,head,,,0,0.0,0.0,0.0,0.0,0.0,0.0,0,0,0.2995772957801819,1.0,0
A292H88X2TX65C:validation:B0014QBZ12,head,,,0,0.0,0.0,0.0,0.0,0.0,0.0,0,0,0.3566834330558777,1.0,0
A293HA28PN3VO4:validation:B008E1912A,tail,,,0,0.0,0.0,0.0,0.0,0.0,0.0,0,0,0.3123437762260437,1.0,0
A29BPMJI0ZYH4H:validation:B00GSPFC36,tail,1,1,1,1.0,1.0,1.0,1.0,1.0,1.0,0,0,0.30708545446395874,1.0,0
A29C0Z6BY8HB9H:validation:B008TN6B7Q,tail,,,0,0.0,0.0,0.0,0.0,0.0,0.0,0,0,0.33095821738243103,1.0,0
A29E0Q47E8CPPO:validation:B00FAQW0N4,head,,,0,0.0,0.0,0.0,0.0,0.0,0.0,0,0,0.34336769580841064,1.0,0
A29L4QWSIXKRE3:validation:B00005BHK7,head,,,0,0.0,0.0,0.0,0.0,0.0,0.0,0,0,0.3130868375301361,1.0,0
A29LSH4E0H6AU3:validation:B00CWXWFBK,tail,,,0,0.0,0.0,0.0,0.0,0.0,0.0,0,0,0.3290718197822571,1.0,0
A29M36OVC536A5:validation:B000H67EAQ,tail,,92,1,0.0,0.0,0.0,0.0,0.0,0.0,1,0,0.3226945400238037,1.0,0
A29QEGO343T8WK:validation:B00BRCND4U,tail,,,0,0.0,0.0,0.0,0.0,0.0,0.0,0,0,0.3199959397315979,1.0,0
A29U3AWYCDMCE5:validation:B00076OC8S,tail,,,0,0.0,0.0,0.0,0.0,0.0,0.0,0,0,0.3140263557434082,1.0,0
A2A08GFVHJJ47L:validation:B0088260TC,head,,,0,0.0,0.0,0.0,0.0,0.0,0.0,0,0,0.3461829423904419,1.0,0
A2A6XU2EWW9VST:validation:B000MWX9MW,head,3,3,1,1.0,0.5,1.0,1.0,0.5,1.0,0,0,0.3149959444999695,1.0,0
A2A9NARKEB8IHB:validation:B00ATX7JP2,tail,,,0,0.0,0.0,0.0,0.0,0.0,0.0,0,0,0.28845077753067017,1.0,0
A2ABFXJB7DKIBQ:validation:B000HGTV66,tail,,,0,0.0,0.0,0.0,0.0,0.0,0.0,0,0,0.335490345954895,1.0,0
A2AI4GD1U83F6X:validation:B00EJOCAYW,tail,5,5,1,1.0,0.38685280723454163,1.0,1.0,0.38685280723454163,1.0,0,0,0.315477579832077,1.0,0
A2ALUKTMWLGT3G:validation:B000KL8UVK,tail,46,39,1,0.0,0.0,1.0,0.0,0.0,1.0,1,0,0.31322699785232544,1.0,0
A2AOZQ3WTNVVOK:validation:B009QZ30EI,head,,,0,0.0,0.0,0.0,0.0,0.0,0.0,0,0,0.34602922201156616,1.0,0
A2ASILBWROIFH:validation:B002YITFB6,tail,30,33,1,0.0,0.0,1.0,0.0,0.0,1.0,1,0,0.3044772148132324,1.0,0
A2AT2UND85PMY:validation:B0083TXXIQ,head,,,0,0.0,0.0,0.0,0.0,0.0,0.0,0,0,0.2803519070148468,1.0,0
A2AZKIANQ7RXBO:validation:B00146G71U,head,6,6,1,1.0,0.3562071871080222,1.0,1.0,0.3562071871080222,1.0,0,0,0.314378559589386,1.0,0
A2B5PJ5A5UHG4F:validation:B0008ELX2C,tail,,,0,0.0,0.0,0.0,0.0,0.0,0.0,0,0,0.29400911927223206,1.0,0
A2B7FKCJMMHRN5:validation:B00540V0HS,head,,,0,0.0,0.0,0.0,0.0,0.0,0.0,0,0,0.30520689487457275,1.0,0
A2BF1GX8G0VD07:validation:B0090BZBSQ,tail,,,0,0.0,0.0,0.0,0.0,0.0,0.0,0,0,0.3247700333595276,1.0,0
A2BFIYZYNK54QX:validation:B00ECV4DNS,tail,,,0,0.0,0.0,0.0,0.0,0.0,0.0,0,0,0.3305148780345917,1.0,0
A2BGDV09HCHX8E:validation:B00EVIJBSO,tail,,,0,0.0,0.0,0.0,0.0,0.0,0.0,0,0,0.2691138684749603,1.0,0
A2BHA4ZVERPWWW:validation:B0039S7NO6,head,10,8,1,1.0,0.2890648263178879,1.0,1.0,0.31546487678572877,1.0,1,0,0.3115997314453125,1.0,0
A2BT10XEGEB7UH:validation:B00C6Q1Y2O,head,,,0,0.0,0.0,0.0,0.0,0.0,0.0,0,0,0.3207060694694519,1.0,0
A2BT3PYPARCG8V:validation:B00146K0I6,head,1,1,1,1.0,1.0,1.0,1.0,1.0,1.0,0,0,0.33375146985054016,1.0,0
A2C1C4QDJV1O6E:validation:B000I649J4,tail,,,0,0.0,0.0,0.0,0.0,0.0,0.0,0,0,0.3247617483139038,1.0,0
A2C23YX3D9G68C:validation:B000LT1D56,head,7,6,1,1.0,0.3333333333333333,1.0,1.0,0.3562071871080222,1.0,1,0,0.31878629326820374,1.0,0
A2C7IPDYUVR844:validation:B008BWZJ32,head,,,0,0.0,0.0,0.0,0.0,0.0,0.0,0,0,0.3379334807395935,1.0,0
A2CMETO9TY0M7J:validation:B009Y5SD42,tail,,,0,0.0,0.0,0.0,0.0,0.0,0.0,0,0,0.3568263649940491,1.0,0
A2CZDCQEI8Y8VS:validation:B000EDQGLK,head,,,0,0.0,0.0,0.0,0.0,0.0,0.0,0,0,0.3059394955635071,1.0,0
A2D680JEPOO0EK:validation:B000197NXM,head,,,0,0.0,0.0,0.0,0.0,0.0,0.0,0,0,0.32395628094673157,1.0,0
A2D7X9N3IV3S7B:validation:B00ECV4YRS,tail,,,0,0.0,0.0,0.0,0.0,0.0,0.0,0,0,0.31257471442222595,1.0,0
A2DET9JHJLY3RU:validation:B004PBLP5O,head,,,0,0.0,0.0,0.0,0.0,0.0,0.0,0,0,0.30829349160194397,1.0,0
A2DG3YVEU37IZ7:validation:B00AJCNLBY,tail,3,2,1,1.0,0.5,1.0,1.0,0.6309297535714575,1.0,1,0,0.34203416109085083,1.0,0
A2DHME9DL9JXTK:validation:B007PVHMCG,head,,,0,0.0,0.0,0.0,0.0,0.0,0.0,0,0,0.3274376690387726,1.0,0
A2DMBPEXS1PK3M:validation:B00B3YT030,head,1,1,1,1.0,1.0,1.0,1.0,1.0,1.0,0,0,0.34927600622177124,1.0,0
A2DMPU8DEEE1BN:validation:B003H3B4BG,head,,,0,0.0,0.0,0.0,0.0,0.0,0.0,0,0,0.3262408673763275,1.0,0
A2E0952ETT33TV:validation:B00021HBAO,tail,,,0,0.0,0.0,0.0,0.0,0.0,0.0,0,0,0.35780858993530273,1.0,0
A2E0LYZCVBJCCJ:validation:B000GL1DTA,head,,,0,0.0,0.0,0.0,0.0,0.0,0.0,0,0,0.2923000454902649,1.0,0
A2EF2QH44OQ2QG:validation:B009C02OIU,tail,,,0,0.0,0.0,0.0,0.0,0.0,0.0,0,0,0.2876925766468048,1.0,0
A2EIX81C6U8TLF:validation:B005KISGI0,tail,,,0,0.0,0.0,0.0,0.0,0.0,0.0,0,0,0.3063666820526123,1.0,0
A2ETLSB6RTCGHQ:validation:B00BSWS650,tail,,,0,0.0,0.0,0.0,0.0,0.0,0.0,0,0,0.30828630924224854,1.0,0
A2F0AYUD1X0AMV:validation:B003JQT4Y0,head,3,3,1,1.0,0.5,1.0,1.0,0.5,1.0,0,0,0.3182687759399414,1.0,0
A2F4FJ3BIZ68GJ:validation:B0044T2KBU,head,,,0,0.0,0.0,0.0,0.0,0.0,0.0,0,0,0.32088756561279297,1.0,0
A2FDV9FTC349OV:validation:B004NSUIK2,tail,16,14,1,0.0,0.0,1.0,0.0,0.0,1.0,1,0,0.3549547791481018,1.0,0
A2FFMW5UH8WNL5:validation:B008N6US3W,head,9,9,1,1.0,0.3010299956639812,1.0,1.0,0.3010299956639812,1.0,0,0,0.3216243386268616,1.0,0
A2FHK9HKRF03HG:validation:B00CEMC30C,head,,,0,0.0,0.0,0.0,0.0,0.0,0.0,0,0,0.2765468955039978,1.0,0
A2FIJBOV5DQH8L:validation:B002C4BAHO,head,14,49,1,0.0,0.0,1.0,0.0,0.0,1.0,1,0,0.30781063437461853,1.0,0
A2FQ9QGCY27UVH:validation:B00AHAJBQM,head,,,0,0.0,0.0,0.0,0.0,0.0,0.0,0,0,0.32872846722602844,1.0,0
A2FUNN2NPIZXIA:validation:B000NQMAFO,head,,,0,0.0,0.0,0.0,0.0,0.0,0.0,0,0,0.2756993770599365,1.0,0
A2FYOI0JA5MP9Z:validation:B0060JVSTW,head,,,0,0.0,0.0,0.0,0.0,0.0,0.0,0,0,0.3566927909851074,1.0,0
A2G0L78E2YSVB4:validation:B003B111MQ,tail,,,0,0.0,0.0,0.0,0.0,0.0,0.0,0,0,0.3102489113807678,1.0,0
A2G0Y6FVP84EX7:validation:B004PS8M6W,tail,,,0,0.0,0.0,0.0,0.0,0.0,0.0,0,0,0.3346487283706665,1.0,0
A2G5XI0SC7O6P7:validation:B004IG8B94,tail,,,0,0.0,0.0,0.0,0.0,0.0,0.0,0,0,0.2709082365036011,1.0,0
A2GAX9G9ANHFT8:validation:B002OE01XG,head,,,0,0.0,0.0,0.0,0.0,0.0,0.0,0,0,0.2735395133495331,1.0,0
A2GCDS5DOZSG6Q:validation:B004DJ51WQ,head,28,24,1,0.0,0.0,1.0,0.0,0.0,1.0,1,0,0.2695876359939575,1.0,0
A2GMFLSLYSEG3S:validation:B002WBA1Z4,head,,,0,0.0,0.0,0.0,0.0,0.0,0.0,0,0,0.364469051361084,1.0,0
A2GNEHDD0BK06H:validation:B00DLUE8DQ,head,5,3,1,1.0,0.38685280723454163,1.0,1.0,0.5,1.0,1,0,0.3362075686454773,1.0,0
A2GSY9DM54Y0HS:validation:B008OW9SLI,head,16,12,1,0.0,0.0,1.0,0.0,0.0,1.0,1,0,0.34566932916641235,1.0,0
A2H2W4UV8OHUDI:validation:B004H1V5RU,head,8,6,1,1.0,0.31546487678572877,1.0,1.0,0.3562071871080222,1.0,1,0,0.31577280163764954,1.0,0
A2H6KLXQ2J87RR:validation:B00E5P24DW,head,,,0,0.0,0.0,0.0,0.0,0.0,0.0,0,0,0.3354463577270508,1.0,0
A2HDQWYQSZQ6GB:validation:B00FBMP7XW,tail,,,0,0.0,0.0,0.0,0.0,0.0,0.0,0,0,0.36036813259124756,1.0,0
A2HDU0SXYMB0S5:validation:B000GA90XC,head,,,0,0.0,0.0,0.0,0.0,0.0,0.0,0,0,0.3137861490249634,1.0,0
A2HLKY47Z8XBSY:validation:B007RE0SCW,tail,,,0,0.0,0.0,0.0,0.0,0.0,0.0,0,0,0.33498716354370117,1.0,0
A2HP9H1XJJPTWX:validation:B002A2U8OO,tail,,,0,0.0,0.0,0.0,0.0,0.0,0.0,0,0,0.315751314163208,1.0,0
A2HTHEM5T76V8L:validation:B000P0R9J0,tail,,,0,0.0,0.0,0.0,0.0,0.0,0.0,0,0,0.31775331497192383,1.0,0
A2HXAF4GIH6S85:validation:B0076TRVK0,tail,1,1,1,1.0,1.0,1.0,1.0,1.0,1.0,0,0,0.3014775216579437,1.0,0
A2I3AGJG6EX3L1:validation:B007Q0OUFS,head,,,0,0.0,0.0,0.0,0.0,0.0,0.0,0,0,0.27414441108703613,1.0,0
A2I7UL0A60RPGX:validation:B00DJ4PJ64,tail,,,0,0.0,0.0,0.0,0.0,0.0,0.0,0,0,0.2795199453830719,1.0,0
A2ICCWCOS1ZIQ3:validation:B00009KWTB,head,,,0,0.0,0.0,0.0,0.0,0.0,0.0,0,0,0.3166236877441406,1.0,0
A2IHF4LLA9ANV8:validation:B00008GYCZ,head,,,0,0.0,0.0,0.0,0.0,0.0,0.0,0,0,0.30726414918899536,1.0,0
A2II66WGDUGUS0:validation:B00C4VFOSQ,tail,,,0,0.0,0.0,0.0,0.0,0.0,0.0,0,0,0.3350182771682739,1.0,0
A2IKTET602CILX:validation:B008MH5H4M,head,,,0,0.0,0.0,0.0,0.0,0.0,0.0,0,0,0.3030228614807129,1.0,0
A2IWFH4JINUQC3:validation:B00762BMOI,head,21,16,1,0.0,0.0,1.0,0.0,0.0,1.0,1,0,0.36264461278915405,1.0,0
A2IYZN1QWVX9I3:validation:B001H00156,tail,,,0,0.0,0.0,0.0,0.0,0.0,0.0,0,0,0.26911109685897827,1.0,0
A2IZ1K4INA156V:validation:B000284X6W,head,9,6,1,1.0,0.3010299956639812,1.0,1.0,0.3562071871080222,1.0,1,0,0.331672340631485,1.0,0
A2IZA416FFJAIC:validation:B000ICXOEO,tail,,,0,0.0,0.0,0.0,0.0,0.0,0.0,0,0,0.3575640916824341,1.0,0
A2J29RFZ2TI0NQ:validation:B00030EP12,tail,,,0,0.0,0.0,0.0,0.0,0.0,0.0,0,0,0.34588438272476196,1.0,0
A2JIFF9XLPCKGX:validation:B004813L0S,head,,,0,0.0,0.0,0.0,0.0,0.0,0.0,0,0,0.3062624931335449,1.0,0
A2JOG30L4PEIDY:validation:B001NQHN7S,head,,,0,0.0,0.0,0.0,0.0,0.0,0.0,0,0,0.34633535146713257,1.0,0
A2JUGX9GZ6CLJG:validation:B00006IJE6,head,,,0,0.0,0.0,0.0,0.0,0.0,0.0,0,0,0.29696324467658997,1.0,0
A2JWUOKYP41OZQ:validation:B0017GM4WI,tail,,,0,0.0,0.0,0.0,0.0,0.0,0.0,0,0,0.31778502464294434,1.0,0
A2JXXG13DEYGBX:validation:B008S8YSW2,tail,,,0,0.0,0.0,0.0,0.0,0.0,0.0,0,0,0.3353043794631958,1.0,0
A2K6T14EI8G5SN:validation:B000GYWXT6,tail,,,0,0.0,0.0,0.0,0.0,0.0,0.0,0,0,0.27602148056030273,1.0,0
A2K71J7YK6K91A:validation:B007RM5CO8,head,,,0,0.0,0.0,0.0,0.0,0.0,0.0,0,0,0.29836583137512207,1.0,0
A2K73S65K8RJS7:validation:B00GGM1L9K,tail,,,0,0.0,0.0,0.0,0.0,0.0,0.0,0,0,0.31251227855682373,1.0,0
A2K75QOCP9ZHSL:validation:B00F5Y4AH0,head,23,17,1,0.0,0.0,1.0,0.0,0.0,1.0,1,0,0.3222017288208008,1.0,0
A2KE6C09HAW48D:validation:B0039ZTNRE,tail,,,0,0.0,0.0,0.0,0.0,0.0,0.0,0,0,0.3134201765060425,1.0,0
A2KFO3WTSDBLEX:validation:B001NVAEM4,tail,1,1,1,1.0,1.0,1.0,1.0,1.0,1.0,0,0,0.3396373391151428,1.0,0
A2KI40WQZXFQSL:validation:B006UBLZMA,tail,,,0,0.0,0.0,0.0,0.0,0.0,0.0,0,0,0.3250749111175537,1.0,0
A2KLDDOEUOLZHU:validation:B001F6CHJ0,tail,1,1,1,1.0,1.0,1.0,1.0,1.0,1.0,0,0,0.3106064200401306,1.0,0
A2KMMT6KLYAFFF:validation:B00H7LKW8U,tail,1,1,1,1.0,1.0,1.0,1.0,1.0,1.0,0,0,0.3522152006626129,1.0,0
A2KZE2TPQ1QO0S:validation:B00CCIKII2,head,,,0,0.0,0.0,0.0,0.0,0.0,0.0,0,0,0.3585452139377594,1.0,0
A2LESQ8TJEIR7S:validation:B002YIX0XA,tail,,,0,0.0,0.0,0.0,0.0,0.0,0.0,0,0,0.26537078619003296,1.0,0
A2LJE0N3GQAIAS:validation:B004MWJLHK,head,,,0,0.0,0.0,0.0,0.0,0.0,0.0,0,0,0.31858909130096436,1.0,0
A2LOOWTQG5AQAF:validation:B000DH333G,head,,,0,0.0,0.0,0.0,0.0,0.0,0.0,0,0,0.3063204884529114,1.0,0
A2LQWDVAZ0RUV1:validation:B00851EHAA,tail,,,0,0.0,0.0,0.0,0.0,0.0,0.0,0,0,0.2994762063026428,1.0,0
A2LUMWS26K0WPU:validation:B001UH50MU,head,,,0,0.0,0.0,0.0,0.0,0.0,0.0,0,0,0.30223122239112854,1.0,0
A2M1QMMRCPNIII:validation:B007APP1NO,tail,,48,1,0.0,0.0,0.0,0.0,0.0,1.0,1,0,0.31985974311828613,1.0,0
A2M5P4INHXKKQY:validation:B002OFLL7A,tail,3,3,1,1.0,0.5,1.0,1.0,0.5,1.0,0,0,0.3599289357662201,1.0,0
A2M64K9DHIC5W6:validation:B008RWVE8A,head,,,0,0.0,0.0,0.0,0.0,0.0,0.0,0,0,0.30221104621887207,1.0,0
A2MIHMKWI2D00L:validation:B001BS1U90,head,,,0,0.0,0.0,0.0,0.0,0.0,0.0,0,0,0.3319242000579834,1.0,0
A2MPXY7EIKPIJN:validation:B004GY45CK,tail,,,0,0.0,0.0,0.0,0.0,0.0,0.0,0,0,0.34602540731430054,1.0,0
A2MRTFIDEAPZJ1:validation:B00C9X59RU,tail,,,0,0.0,0.0,0.0,0.0,0.0,0.0,0,0,0.3473336696624756,1.0,0
A2N5G1JF94MSXB:validation:B0070A9OUA,head,9,7,1,1.0,0.3010299956639812,1.0,1.0,0.3333333333333333,1.0,1,0,0.3283202648162842,1.0,0
A2NF50AJ330C1Y:validation:B00ATX7JSO,tail,14,12,1,0.0,0.0,1.0,0.0,0.0,1.0,1,0,0.31117016077041626,1.0,0
A2NHTKNU65HKY6:validation:B0088ALY0E,tail,,,0,0.0,0.0,0.0,0.0,0.0,0.0,0,0,0.32992520928382874,1.0,0
A2NK4VKGAFRB5U:validation:B000VMAZBQ,tail,,,0,0.0,0.0,0.0,0.0,0.0,0.0,0,0,0.3051983714103699,1.0,0
A2NLIK2TG4OPFN:validation:B008BRLV20,tail,,,0,0.0,0.0,0.0,0.0,0.0,0.0,0,0,0.3157973885536194,1.0,0
A2NUTM1FBPSTOE:validation:B00C2SJ7WU,tail,,,0,0.0,0.0,0.0,0.0,0.0,0.0,0,0,0.3016282618045807,1.0,0
A2O0LX10GV3GU0:validation:B006CD3AG0,tail,,,0,0.0,0.0,0.0,0.0,0.0,0.0,0,0,0.31832045316696167,1.0,0
A2O35ES6WSV2Z2:validation:B00DMC6KAC,head,,,0,0.0,0.0,0.0,0.0,0.0,0.0,0,0,0.3267994225025177,1.0,0
A2O5IRE90KJQKH:validation:B00C74HWSU,tail,,,0,0.0,0.0,0.0,0.0,0.0,0.0,0,0,0.35243135690689087,1.0,0
A2O9DG473F3C5:validation:B00005UM9P,head,,,0,0.0,0.0,0.0,0.0,0.0,0.0,0,0,0.3099532723426819,1.0,0
A2ODUOI6AX8LMF:validation:B004Q0SQ24,tail,,,0,0.0,0.0,0.0,0.0,0.0,0.0,0,0,0.29339587688446045,1.0,0
A2OKFBD3MHNAG0:validation:B005V9BQ7G,tail,1,1,1,1.0,1.0,1.0,1.0,1.0,1.0,0,0,0.3097742199897766,1.0,0
A2OW5HR1083Q0G:validation:B0032W05OO,tail,,,0,0.0,0.0,0.0,0.0,0.0,0.0,0,0,0.30406516790390015,1.0,0
A2P4R74K9Q1E6K:validation:B0001VV1GU,tail,,,0,0.0,0.0,0.0,0.0,0.0,0.0,0,0,0.309643030166626,1.0,0
A2P65SKPDZDEUZ:validation:B00383AEZW,tail,,,0,0.0,0.0,0.0,0.0,0.0,0.0,0,0,0.3587884306907654,1.0,0
A2P8JAGEYL18GF:validation:B005VPREJO,head,,,0,0.0,0.0,0.0,0.0,0.0,0.0,0,0,0.3435293138027191,1.0,0
A2PBF1ZWQ9VHOX:validation:B007IYD4S6,tail,,,0,0.0,0.0,0.0,0.0,0.0,0.0,0,0,0.3589912950992584,1.0,0
A2PEIERQZR3COP:validation:B000PC51LQ,tail,,,0,0.0,0.0,0.0,0.0,0.0,0.0,0,0,0.3444453775882721,1.0,0
A2PFTERIIMZP18:validation:B000NTZL7U,head,,,0,0.0,0.0,0.0,0.0,0.0,0.0,0,0,0.3127634525299072,1.0,0
A2PK3ZZY170699:validation:B0033RVDVC,head,,,0,0.0,0.0,0.0,0.0,0.0,0.0,0,0,0.3035644292831421,1.0,0
A2PNW6QDW8OPY0:validation:B0050RQOQM,tail,1,1,1,1.0,1.0,1.0,1.0,1.0,1.0,0,0,0.3260440528392792,1.0,0
A2PQ83RVAGIL85:validation:B00C18BWZQ,tail,,,0,0.0,0.0,0.0,0.0,0.0,0.0,0,0,0.33577975630760193,1.0,0
A2Q0GD5DW55EOM:validation:B000NDZ0QS,tail,,,0,0.0,0.0,0.0,0.0,0.0,0.0,0,0,0.3173467218875885,1.0,0
A2Q3WSYBAWRDXR:validation:B000BTNQUQ,head,23,24,1,0.0,0.0,1.0,0.0,0.0,1.0,1,0,0.3055458962917328,1.0,0
A2QANOGP5LLPBQ:validation:B007SYH2GQ,head,,,0,0.0,0.0,0.0,0.0,0.0,0.0,0,0,0.3099522590637207,1.0,0
A2QETZZ5EKH5RQ:validation:B00FAQVVWA,head,,,0,0.0,0.0,0.0,0.0,0.0,0.0,0,0,0.3072006106376648,1.0,0
A2QFOS6ID72QGX:validation:B008592HHC,tail,,,0,0.0,0.0,0.0,0.0,0.0,0.0,0,0,0.3504244089126587,1.0,0
A2QFTJAT1D5PIL:validation:B00BSN0K1C,tail,13,31,1,0.0,0.0,1.0,0.0,0.0,1.0,1,0,0.34053415060043335,1.0,0
A2QGWQMRN4ZVWE:validation:B00CI6JDIO,head,,86,1,0.0,0.0,0.0,0.0,0.0,0.0,1,0,0.34814563393592834,1.0,0
A2QJXGSET1NF47:validation:B00312NELG,tail,,70,1,0.0,0.0,0.0,0.0,0.0,0.0,1,0,0.3367484211921692,1.0,0
A2QNCBV0G59RGB:validation:B005QZP6YE,tail,,,0,0.0,0.0,0.0,0.0,0.0,0.0,0,0,0.31122642755508423,1.0,0
A2QRX9OJKW9TM9:validation:B001HKAFVQ,tail,,,0,0.0,0.0,0.0,0.0,0.0,0.0,0,0,0.3201417624950409,1.0,0
A2QU07GKQ32HL9:validation:B004S8F7QM,head,31,48,1,0.0,0.0,1.0,0.0,0.0,1.0,1,0,0.2705588936805725,1.0,0
A2QUDBI7R6Z3ED:validation:B004UU9W78,head,,,0,0.0,0.0,0.0,0.0,0.0,0.0,0,0,0.304503858089447,1.0,0
A2R0CTC1I8ZKSY:validation:B002X7D8SO,head,,,0,0.0,0.0,0.0,0.0,0.0,0.0,0,0,0.3372293710708618,1.0,0
A2R18KD5QN6ANJ:validation:B003NUSGS2,head,,,0,0.0,0.0,0.0,0.0,0.0,0.0,0,0,0.3553677797317505,1.0,0
A2RA1DOQP9304M:validation:B000LSZVKA,head,12,12,1,0.0,0.0,1.0,0.0,0.0,1.0,0,0,0.31211596727371216,1.0,0
A2RHBYM4M6M1IG:validation:B00020QJ6M,head,,,0,0.0,0.0,0.0,0.0,0.0,0.0,0,0,0.31455057859420776,1.0,0
A2RK16NY8NH1P2:validation:B0039WN9FE,head,,,0,0.0,0.0,0.0,0.0,0.0,0.0,0,0,0.3081808090209961,1.0,0
A2RLPZWBF7Z12A:validation:B000066HSN,head,,,0,0.0,0.0,0.0,0.0,0.0,0.0,0,0,0.2753312289714813,1.0,0
A2RXOQQCU6Z2X8:validation:B000VN5ZLA,head,,,0,0.0,0.0,0.0,0.0,0.0,0.0,0,0,0.30152422189712524,1.0,0
A2S036QNK68S8T:validation:B0007R4J30,head,8,8,1,1.0,0.31546487678572877,1.0,1.0,0.31546487678572877,1.0,0,0,0.3118048310279846,1.0,0
A2S0HZ2WHXRKD:validation:B00134PLT2,tail,,,0,0.0,0.0,0.0,0.0,0.0,0.0,0,0,0.3583366274833679,1.0,0
A2S0PQDK7QD617:validation:B000XU4M4C,tail,,,0,0.0,0.0,0.0,0.0,0.0,0.0,0,0,0.31929224729537964,1.0,0
A2S0QP2A5D0UZQ:validation:B008B68IE0,head,1,1,1,1.0,1.0,1.0,1.0,1.0,1.0,0,0,0.3394433259963989,1.0,0
A2S96KWPYBQRH2:validation:B00G9GNUFQ,tail,,,0,0.0,0.0,0.0,0.0,0.0,0.0,0,0,0.356178343296051,1.0,0
A2SBWW3UKUNVAO:validation:B00A88DROU,tail,20,14,1,0.0,0.0,1.0,0.0,0.0,1.0,1,0,0.36119019985198975,1.0,0
A2SHFKMNO2GWEA:validation:B0038AJYSS,head,,,0,0.0,0.0,0.0,0.0,0.0,0.0,0,0,0.3455541133880615,1.0,0
A2SJPGA55DRDEU:validation:B00008ZCEE,head,,,0,0.0,0.0,0.0,0.0,0.0,0.0,0,0,0.3594621419906616,1.0,0
A2SJX70K35I0HX:validation:B004OSOLWW,tail,,,0,0.0,0.0,0.0,0.0,0.0,0.0,0,0,0.3392288386821747,1.0,0
A2SKDKKNFQEHE1:validation:B004T0CQ0Y,tail,,,0,0.0,0.0,0.0,0.0,0.0,0.0,0,0,0.3000596761703491,1.0,0
A2SM4UDA4BMFJS:validation:B0060LCZH4,tail,,,0,0.0,0.0,0.0,0.0,0.0,0.0,0,0,0.2778646945953369,1.0,0
A2SP7SOF7HXLC7:validation:B001GQLHSG,tail,,,0,0.0,0.0,0.0,0.0,0.0,0.0,0,0,0.356492817401886,1.0,0
A2SQFFQRZX0GEJ:validation:B000ICXHQ4,tail,,92,1,0.0,0.0,0.0,0.0,0.0,0.0,1,0,0.30739498138427734,1.0,0
A2STPDNR3VV5OD:validation:B007QGINDC,tail,,,0,0.0,0.0,0.0,0.0,0.0,0.0,0,0,0.3478028178215027,1.0,0
A2T8AJOK806D:validation:B004LE7ESW,tail,,,0,0.0,0.0,0.0,0.0,0.0,0.0,0,0,0.3570407032966614,1.0,0
A2T9EHCUD7CNEB:validation:B00HROBJXY,tail,,,0,0.0,0.0,0.0,0.0,0.0,0.0,0,0,0.3584972023963928,1.0,0
A2TIZYHKY3TL6A:validation:B0028YVCBW,tail,,,0,0.0,0.0,0.0,0.0,0.0,0.0,0,0,0.31321269273757935,1.0,0
A2TK5CSXG5VKS9:validation:B007XVYSZW,head,,,0,0.0,0.0,0.0,0.0,0.0,0.0,0,0,0.31559842824935913,1.0,0
A2TMAI6UD2HQUX:validation:B007XVYSZ2,head,,,0,0.0,0.0,0.0,0.0,0.0,0.0,0,0,0.3468458950519562,1.0,0
A2TS69HD3UWXAA:validation:B004J30ZDQ,head,,,0,0.0,0.0,0.0,0.0,0.0,0.0,0,0,0.31674572825431824,1.0,0
A2TTHN1UMO82VY:validation:B00DJQZMTG,tail,,,0,0.0,0.0,0.0,0.0,0.0,0.0,0,0,0.35688602924346924,1.0,0
A2U7BVPBW4AZTH:validation:B004QPRG5C,tail,,,0,0.0,0.0,0.0,0.0,0.0,0.0,0,0,0.3252376914024353,1.0,0
A2U7MC5ZB0FF01:validation:B0045X6WBE,tail,,,0,0.0,0.0,0.0,0.0,0.0,0.0,0,0,0.3099653124809265,1.0,0
A2U91K21IP9JNW:validation:B0034N7OZO,head,,,0,0.0,0.0,0.0,0.0,0.0,0.0,0,0,0.3332863748073578,1.0,0
A2UKT61KI6L496:validation:B00000IWIA,head,,,0,0.0,0.0,0.0,0.0,0.0,0.0,0,0,0.35977575182914734,1.0,0
A2ULI9R0G9FUGK:validation:B004N1DCFM,tail,,,0,0.0,0.0,0.0,0.0,0.0,0.0,0,0,0.2985062301158905,1.0,0
A2UR9GEIULV4Y0:validation:B0089RPUHO,head,48,41,1,0.0,0.0,1.0,0.0,0.0,1.0,1,0,0.32124704122543335,1.0,0
A2UVNSXEH81C43:validation:B004M05IK6,tail,,,0,0.0,0.0,0.0,0.0,0.0,0.0,0,0,0.31674253940582275,1.0,0
A2V2PDZS05ZLFU:validation:B002WB0FK0,tail,,,0,0.0,0.0,0.0,0.0,0.0,0.0,0,0,0.3328720033168793,1.0,0
A2V55F355DDVCG:validation:B003KYTT7S,head,,,0,0.0,0.0,0.0,0.0,0.0,0.0,0,0,0.33008813858032227,1.0,0
A2V68VWCJY9KDG:validation:B007R3NTME,tail,,,0,0.0,0.0,0.0,0.0,0.0,0.0,0,0,0.28723976016044617,1.0,0
A2VAIHJJ0KV28S:validation:B00A88B16Q,head,,,0,0.0,0.0,0.0,0.0,0.0,0.0,0,0,0.2756069004535675,1.0,0
A2VGXB6X0L90S6:validation:B004QCFUYY,tail,,,0,0.0,0.0,0.0,0.0,0.0,0.0,0,0,0.3192022144794464,1.0,0
A2VPJDOF6UN6SN:validation:B002EZZ6N0,tail,,,0,0.0,0.0,0.0,0.0,0.0,0.0,0,0,0.28283369541168213,1.0,0
A2VRZBFBTQDZOC:validation:B00G924W98,tail,,,0,0.0,0.0,0.0,0.0,0.0,0.0,0,0,0.3613521158695221,1.0,0
A2W4BO3M0A1KPL:validation:B000BK7JTO,tail,,,0,0.0,0.0,0.0,0.0,0.0,0.0,0,0,0.306174099445343,1.0,0
A2W5PPTR31BWN9:validation:B0038AJIMK,tail,,,0,0.0,0.0,0.0,0.0,0.0,0.0,0,0,0.3127906918525696,1.0,0
A2W7FZKP0H0MNT:validation:B003U8XZ06,head,,,0,0.0,0.0,0.0,0.0,0.0,0.0,0,0,0.3449564576148987,1.0,0
A2W88VUGI6DMEM:validation:B00AW8W4XQ,tail,,,0,0.0,0.0,0.0,0.0,0.0,0.0,0,0,0.2948192358016968,1.0,0
A2WCAE2313FJP7:validation:B003D7F4YY,head,2,2,1,1.0,0.6309297535714575,1.0,1.0,0.6309297535714575,1.0,0,0,0.3106898367404938,1.0,0
A2WCDPO01CDUHK:validation:1936112264,tail,42,33,1,0.0,0.0,1.0,0.0,0.0,1.0,1,0,0.358875036239624,1.0,0
A2WF5EFBRZE72L:validation:B003A6CJB4,tail,,,0,0.0,0.0,0.0,0.0,0.0,0.0,0,0,0.33036351203918457,1.0,0
A2WK7Z5VZTLJAU:validation:B0089RPUHO,head,,,0,0.0,0.0,0.0,0.0,0.0,0.0,0,0,0.31046736240386963,1.0,0
A2WNINTSFLXDDC:validation:B00A4KHEK0,tail,,,0,0.0,0.0,0.0,0.0,0.0,0.0,0,0,0.3289300203323364,1.0,0
A2WS5PMA5N3DD0:validation:B00C16YYW6,head,1,1,1,1.0,1.0,1.0,1.0,1.0,1.0,0,0,0.34344542026519775,1.0,0
A2WU96XUF99J5R:validation:B004JO50Q2,tail,,,0,0.0,0.0,0.0,0.0,0.0,0.0,0,0,0.3299805819988251,1.0,0
A2WUH1Y0SA2SRI:validation:B0053FJKXU,tail,1,1,1,1.0,1.0,1.0,1.0,1.0,1.0,0,0,0.2994990646839142,1.0,0
A2WZBKDNVBMLWZ:validation:B006PGLVCY,tail,1,1,1,1.0,1.0,1.0,1.0,1.0,1.0,0,0,0.3168798089027405,1.0,0
A2X21KXCZKDQQE:validation:B00F14IKWK,tail,32,32,1,0.0,0.0,1.0,0.0,0.0,1.0,0,0,0.32544034719467163,1.0,0
A2X6WMYTYRE130:validation:B00008ZCEE,head,6,6,1,1.0,0.3562071871080222,1.0,1.0,0.3562071871080222,1.0,0,0,0.31159716844558716,1.0,0
A2X7Z2R324ZSDB:validation:B005KBXVUU,tail,,,0,0.0,0.0,0.0,0.0,0.0,0.0,0,0,0.31038060784339905,1.0,0
A2XBYFFV4D34IB:validation:B00CKH9NS6,head,,,0,0.0,0.0,0.0,0.0,0.0,0.0,0,0,0.3443475365638733,1.0,0
A2XC8MF14WTYZ2:validation:B00CI6J8KW,head,37,35,1,0.0,0.0,1.0,0.0,0.0,1.0,1,0,0.36076974868774414,1.0,0
A2XGEZGTIBLPG1:validation:B003FBVCAS,tail,,,0,0.0,0.0,0.0,0.0,0.0,0.0,0,0,0.32563236355781555,1.0,0
A2XX2A4OJCDNLZ:validation:B00DPK11ZA,head,,90,1,0.0,0.0,0.0,0.0,0.0,0.0,1,0,0.34349897503852844,1.0,0
A2Y9G9JKY54ZF7:validation:B004R48UB6,tail,,,0,0.0,0.0,0.0,0.0,0.0,0.0,0,0,0.3441545367240906,1.0,0
A2YCR3RK42OYAG:validation:B005DZFY4E,tail,,,0,0.0,0.0,0.0,0.0,0.0,0.0,0,0,0.3091452121734619,1.0,0
A2YEOR4XJ8N3QE:validation:B00J2NHV0I,tail,,,0,0.0,0.0,0.0,0.0,0.0,0.0,0,0,0.320553719997406,1.0,0
A2YJV3YQX5PQ5P:validation:B00009XNTI,tail,,,0,0.0,0.0,0.0,0.0,0.0,0.0,0,0,0.29023200273513794,1.0,0
A2YQ2ZI65F37N8:validation:B0006NDB6Q,tail,,,0,0.0,0.0,0.0,0.0,0.0,0.0,0,0,0.303367018699646,1.0,0
A2YUAPWB0CBR93:validation:B001US2C1G,head,,,0,0.0,0.0,0.0,0.0,0.0,0.0,0,0,0.30742859840393066,1.0,0
A2YUH53E6Q6NHH:validation:B000PQJJ42,tail,,,0,0.0,0.0,0.0,0.0,0.0,0.0,0,0,0.35710471868515015,1.0,0
A2YWT3X8GFJXR2:validation:B000V97TM2,tail,,,0,0.0,0.0,0.0,0.0,0.0,0.0,0,0,0.3056849241256714,1.0,0
A2YXNMGY33ND0K:validation:B00297OCWO,tail,,,0,0.0,0.0,0.0,0.0,0.0,0.0,0,0,0.3228800892829895,1.0,0
A2YXWENP814QLI:validation:B00GSPFDV2,tail,,,0,0.0,0.0,0.0,0.0,0.0,0.0,0,0,0.3612126111984253,1.0,0
A2ZE0BYLY5LGO8:validation:B00404ZUMU,tail,,,0,0.0,0.0,0.0,0.0,0.0,0.0,0,0,0.35966265201568604,1.0,0
A2ZE1MKRVQFXBK:validation:B008WTY8RM,tail,,,0,0.0,0.0,0.0,0.0,0.0,0.0,0,0,0.3016045391559601,1.0,0
A2ZE3TXABNVZVE:validation:B00CLC52NU,tail,,,0,0.0,0.0,0.0,0.0,0.0,0.0,0,0,0.31580305099487305,1.0,0
A2ZO7VXCEACAEF:validation:B00AQ7UPYI,tail,,,0,0.0,0.0,0.0,0.0,0.0,0.0,0,0,0.30998557806015015,1.0,0
A2ZOVFBMZHH992:validation:B0058KTUC6,tail,,,0,0.0,0.0,0.0,0.0,0.0,0.0,0,0,0.36089766025543213,1.0,0
A2ZOVHKYDH4UOJ:validation:B000W7G78A,head,,,0,0.0,0.0,0.0,0.0,0.0,0.0,0,0,0.3025491237640381,1.0,0
A300QB98FO5UBO:validation:B00CFWWD6U,head,,,0,0.0,0.0,0.0,0.0,0.0,0.0,0,0,0.3576584458351135,1.0,0
A303DPVG2ULRF3:validation:B004MYYXEE,tail,,,0,0.0,0.0,0.0,0.0,0.0,0.0,0,0,0.3081245422363281,1.0,0
A307H9E01JQLQO:validation:B00A852N2U,tail,,,0,0.0,0.0,0.0,0.0,0.0,0.0,0,0,0.3273669481277466,1.0,0
A30BFF5I1BCW6M:validation:B004L28TCO,tail,,,0,0.0,0.0,0.0,0.0,0.0,0.0,0,0,0.30689311027526855,1.0,0
A30BIXIPK186XL:validation:B007N0KZ64,head,,,0,0.0,0.0,0.0,0.0,0.0,0.0,0,0,0.2749115228652954,1.0,0
A30FV37U4IKC64:validation:B001W30D2O,head,,,0,0.0,0.0,0.0,0.0,0.0,0.0,0,0,0.3247649669647217,1.0,0
A30H8ACW807Q2F:validation:B004FEXUP4,head,,,0,0.0,0.0,0.0,0.0,0.0,0.0,0,0,0.3161076307296753,1.0,0
A30JY9GNRTPU6T:validation:B00EPKNTUO,tail,,,0,0.0,0.0,0.0,0.0,0.0,0.0,0,0,0.35738152265548706,1.0,0
A30PGMDIGWO7M4:validation:B00499CJXO,tail,,,0,0.0,0.0,0.0,0.0,0.0,0.0,0,0,0.2902951240539551,1.0,0
A30VX4D16Z2K2T:validation:B00164CKIO,head,,,0,0.0,0.0,0.0,0.0,0.0,0.0,0,0,0.34232205152511597,1.0,0
A30ZO4M9CFHV85:validation:B00G8ZBCSA,tail,1,1,1,1.0,1.0,1.0,1.0,1.0,1.0,0,0,0.35517972707748413,1.0,0
A316E87D0B9MQW:validation:B008WTWBAI,tail,,,0,0.0,0.0,0.0,0.0,0.0,0.0,0,0,0.34990206360816956,1.0,0
A319W3J5PI9DBL:validation:B0015GMFLK,tail,,,0,0.0,0.0,0.0,0.0,0.0,0.0,0,0,0.33638691902160645,1.0,0
A31EJWFHPPBKJL:validation:B000HAVGMY,tail,,,0,0.0,0.0,0.0,0.0,0.0,0.0,0,0,0.33994537591934204,1.0,0
A31P3Y3O590CWO:validation:B001GMZQX2,tail,,,0,0.0,0.0,0.0,0.0,0.0,0.0,0,0,0.2976689040660858,1.0,0
A31U9ZFY048NHL:validation:1589945158,tail,,,0,0.0,0.0,0.0,0.0,0.0,0.0,0,0,0.310786634683609,1.0,0
A31ZO2G7KA11AR:validation:B009T45X78,tail,,,0,0.0,0.0,0.0,0.0,0.0,0.0,0,0,0.35880619287490845,1.0,0
A3231KB20QM8KT:validation:B000HKH0T2,tail,1,1,1,1.0,1.0,1.0,1.0,1.0,1.0,0,0,0.3477599322795868,1.0,0
A32B6XWNR55SRL:validation:B00EQ7QLSI,tail,21,19,1,0.0,0.0,1.0,0.0,0.0,1.0,1,0,0.35699233412742615,1.0,0
A32DXKK0YBRNPV:validation:B00004R7OJ,tail,,,0,0.0,0.0,0.0,0.0,0.0,0.0,0,0,0.33534812927246094,1.0,0
A32EBQDMOPEJHE:validation:B0009XBY26,tail,,,0,0.0,0.0,0.0,0.0,0.0,0.0,0,0,0.3224656879901886,1.0,0
A32JRYB13SAZUT:validation:B000BTNQUQ,head,,,0,0.0,0.0,0.0,0.0,0.0,0.0,0,0,0.3589461147785187,1.0,0
A32O98PFC3OP7K:validation:B003O6EB70,tail,,,0,0.0,0.0,0.0,0.0,0.0,0.0,0,0,0.315832257270813,1.0,0
A32T2XLRS3XKOL:validation:B001EEV9QU,tail,,,0,0.0,0.0,0.0,0.0,0.0,0.0,0,0,0.3372211456298828,1.0,0
A32UEV7AGISC5Y:validation:B000AR84B0,tail,,,0,0.0,0.0,0.0,0.0,0.0,0.0,0,0,0.29426056146621704,1.0,0
A32W0A0JOA5R0K:validation:B004S8F7QM,head,,,0,0.0,0.0,0.0,0.0,0.0,0.0,0,0,0.35840940475463867,1.0,0
A32ZGK4SX98400:validation:B00FJWNSU8,tail,,,0,0.0,0.0,0.0,0.0,0.0,0.0,0,0,0.3615025281906128,1.0,0
A32ZORCG68220E:validation:B002SXMH3K,head,,,0,0.0,0.0,0.0,0.0,0.0,0.0,0,0,0.35740992426872253,1.0,0
A3306R2G4LHEJV:validation:B0035A2PKU,tail,,,0,0.0,0.0,0.0,0.0,0.0,0.0,0,0,0.3357373774051666,1.0,0
A3345VA7RM6GVP:validation:B00008BFZH,head,,,0,0.0,0.0,0.0,0.0,0.0,0.0,0,0,0.32042378187179565,1.0,0
A337N1404NFOH2:validation:B00B2HGOEQ,tail,,,0,0.0,0.0,0.0,0.0,0.0,0.0,0,0,0.32228124141693115,1.0,0
A33BY3PTPPX4OQ:validation:B00275PRT0,tail,,,0,0.0,0.0,0.0,0.0,0.0,0.0,0,0,0.3195977807044983,1.0,0
A33NVJHMCLIBLQ:validation:B00C6PVVNM,tail,42,45,1,0.0,0.0,1.0,0.0,0.0,1.0,1,0,0.3365973234176636,1.0,0
A33W24A8DHGSD6:validation:B005VPRDAY,head,,,0,0.0,0.0,0.0,0.0,0.0,0.0,0,0,0.31203776597976685,1.0,0
A344N0X5LIV43M:validation:B00G69QBA2,tail,9,7,1,1.0,0.3010299956639812,1.0,1.0,0.3333333333333333,1.0,1,0,0.3205183446407318,1.0,0
A34763KA9IR9LG:validation:B007G3VBOI,head,25,21,1,0.0,0.0,1.0,0.0,0.0,1.0,1,0,0.2975096106529236,1.0,0
A34ASW0R6ZB874:validation:B00A88G6M0,tail,,,0,0.0,0.0,0.0,0.0,0.0,0.0,0,0,0.35892701148986816,1.0,0
A34C4PYU4H1ZIJ:validation:B000XDSWRC,head,,,0,0.0,0.0,0.0,0.0,0.0,0.0,0,0,0.2731066942214966,1.0,0
A34CSXOGVYF94S:validation:B00F6T8NYU,tail,9,7,1,1.0,0.3010299956639812,1.0,1.0,0.3333333333333333,1.0,1,0,0.3469155430793762,1.0,0
A34LMVJL8D3NQO:validation:B0060JVSTW,head,,,0,0.0,0.0,0.0,0.0,0.0,0.0,0,0,0.358772873878479,1.0,0
A34QTP68ZWCXK5:validation:B000ZPRPGM,tail,,,0,0.0,0.0,0.0,0.0,0.0,0.0,0,0,0.3170219957828522,1.0,0
A351YEOZLLR34M:validation:B003RBEHU8,tail,,,0,0.0,0.0,0.0,0.0,0.0,0.0,0,0,0.35915276408195496,1.0,0
A359XVAV85ANH0:validation:B0017GM4WI,tail,,77,1,0.0,0.0,0.0,0.0,0.0,0.0,1,0,0.317117303609848,1.0,0
A35B1IURYB9EVM:validation:B008B68HPU,head,,,0,0.0,0.0,0.0,0.0,0.0,0.0,0,0,0.3495449423789978,1.0,0
A35C2IVVQR1HTK:validation:B003AVNKVW,tail,,,0,0.0,0.0,0.0,0.0,0.0,0.0,0,0,0.2955401539802551,1.0,0
A35IBVS6IIFI2A:validation:B002QNM8NQ,head,,,0,0.0,0.0,0.0,0.0,0.0,0.0,0,0,0.3027592897415161,1.0,0
A35K2KDH47DORO:validation:B00CRA1PGY,tail,,,0,0.0,0.0,0.0,0.0,0.0,0.0,0,0,0.31972062587738037,1.0,0
A35SJXBGJG948J:validation:B00CP4J7OY,head,16,12,1,0.0,0.0,1.0,0.0,0.0,1.0,1,0,0.3437761664390564,1.0,0
A35UI2NV30AR9Z:validation:B004617DEU,head,3,2,1,1.0,0.5,1.0,1.0,0.6309297535714575,1.0,1,0,0.3565663993358612,1.0,0
A35WK4QBFFU06Y:validation:B004NMLLQ8,tail,4,3,1,1.0,0.43067655807339306,1.0,1.0,0.5,1.0,1,0,0.35837113857269287,1.0,0
A35XD281YUSVVD:validation:B004SGS9X2,head,,,0,0.0,0.0,0.0,0.0,0.0,0.0,0,0,0.31085994839668274,1.0,0
A35Y0RSU09ANEN:validation:B00EZIXA78,tail,,,0,0.0,0.0,0.0,0.0,0.0,0.0,0,0,0.31260445713996887,1.0,0
A366RW4HUD2Q0I:validation:B007Q0OMJW,head,,,0,0.0,0.0,0.0,0.0,0.0,0.0,0,0,0.3149150013923645,1.0,0
A3682Q1P1DZEPJ:validation:B007Y7WY24,tail,15,18,1,0.0,0.0,1.0,0.0,0.0,1.0,1,0,0.27545586228370667,1.0,0
A3684FFQPI7LRE:validation:B001CBWCFC,tail,,,0,0.0,0.0,0.0,0.0,0.0,0.0,0,0,0.31911665201187134,1.0,0
A36BQWQPYU6FRM:validation:B00FBW5E7G,tail,,,0,0.0,0.0,0.0,0.0,0.0,0.0,0,0,0.27730074524879456,1.0,0
A373IJ3B2RVDEE:validation:B002SPU2YY,tail,1,1,1,1.0,1.0,1.0,1.0,1.0,1.0,0,0,0.3456307351589203,1.0,0
A378SK5RZBMZFA:validation:B0002PUCFG,tail,,,0,0.0,0.0,0.0,0.0,0.0,0.0,0,0,0.36242449283599854,1.0,0
A37CVB3YM5VBY8:validation:B004PBN9BC,head,32,45,1,0.0,0.0,1.0,0.0,0.0,1.0,1,0,0.35461747646331787,1.0,0
A37DH425IEA4RV:validation:B00CXLQIAU,head,,,0,0.0,0.0,0.0,0.0,0.0,0.0,0,0,0.3155522346496582,1.0,0
A37I1ZZ4A8PZN9:validation:B008DBZC8I,tail,,,0,0.0,0.0,0.0,0.0,0.0,0.0,0,0,0.3005910813808441,1.0,0
A37KERFWFRR1K9:validation:B000EF5JDO,tail,,,0,0.0,0.0,0.0,0.0,0.0,0.0,0,0,0.32495254278182983,1.0,0
A37QFRXMBVS74J:validation:B002C4L4BG,tail,,,0,0.0,0.0,0.0,0.0,0.0,0.0,0,0,0.35773879289627075,1.0,0
A37VVGV0897DTI:validation:B00029R6H4,tail,,,0,0.0,0.0,0.0,0.0,0.0,0.0,0,0,0.31557726860046387,1.0,0
A383M6UZM4MC76:validation:B000NBM3KG,tail,,,0,0.0,0.0,0.0,0.0,0.0,0.0,0,0,0.31291383504867554,1.0,0
A384GILMVNUQXT:validation:B003AP4JPE,head,,,0,0.0,0.0,0.0,0.0,0.0,0.0,0,0,0.3586391806602478,1.0,0
A3874X0MVV5PV2:validation:B001HA9JOA,head,,,0,0.0,0.0,0.0,0.0,0.0,0.0,0,0,0.3609253466129303,1.0,0
A38GILZWTNU072:validation:B00005BXJ0,tail,,,0,0.0,0.0,0.0,0.0,0.0,0.0,0,0,0.3406357765197754,1.0,0
A38PQ6HQ1IM46:validation:B005IBVLHW,head,,,0,0.0,0.0,0.0,0.0,0.0,0.0,0,0,0.34649163484573364,1.0,0
A38XVZH0JYXLEJ:validation:B00CKH9WOQ,head,39,27,1,0.0,0.0,1.0,0.0,0.0,1.0,1,0,0.3073633313179016,1.0,0
A38YQOZPYTPA1Q:validation:B003BKR8N8,tail,,,0,0.0,0.0,0.0,0.0,0.0,0.0,0,0,0.34709084033966064,1.0,0
A38Z49JP51XS3M:validation:B000WD3XBI,head,,,0,0.0,0.0,0.0,0.0,0.0,0.0,0,0,0.2877103388309479,1.0,0
A390S5E3GXJIX5:validation:B000BN8Y8G,head,,,0,0.0,0.0,0.0,0.0,0.0,0.0,0,0,0.32052314281463623,1.0,0
A3934NGYZU4M6O:validation:B001CSM07U,head,,,0,0.0,0.0,0.0,0.0,0.0,0.0,0,0,0.3386172354221344,1.0,0
A39354VKHR3MGT:validation:B0091P8K70,head,,,0,0.0,0.0,0.0,0.0,0.0,0.0,0,0,0.3110537827014923,1.0,0
A399N0Z4Y0RM5T:validation:B00CXLQIAU,head,,,0,0.0,0.0,0.0,0.0,0.0,0.0,0,0,0.32109305262565613,1.0,0
A39BGN8JA7CIFX:validation:B00FBW4QTI,head,9,8,1,1.0,0.3010299956639812,1.0,1.0,0.31546487678572877,1.0,1,0,0.3158595561981201,1.0,0
A39CFHC9J5W59B:validation:B0042TBGC6,head,,,0,0.0,0.0,0.0,0.0,0.0,0.0,0,0,0.30262047052383423,1.0,0
A39DGDF982TOLH:validation:B004ORV2O8,head,,81,1,0.0,0.0,0.0,0.0,0.0,0.0,1,0,0.27357611060142517,1.0,0
A39JJDXFE84BPA:validation:B001W03MH0,tail,,,0,0.0,0.0,0.0,0.0,0.0,0.0,0,0,0.3142387866973877,1.0,0
A39NOALBWEMONL:validation:B000REI1FU,head,,,0,0.0,0.0,0.0,0.0,0.0,0.0,0,0,0.2976922392845154,1.0,0
A3A1OA237FOZFK:validation:B0060Y240O,head,,,0,0.0,0.0,0.0,0.0,0.0,0.0,0,0,0.3174058198928833,1.0,0
A3A35ZTT0O8GI0:validation:B004WNIT3G,head,,61,1,0.0,0.0,0.0,0.0,0.0,0.0,1,0,0.3462165594100952,1.0,0
A3A36RJBT15KQ2:validation:B0094J5G48,tail,,,0,0.0,0.0,0.0,0.0,0.0,0.0,0,0,0.36036139726638794,1.0,0
A3A63FT9HX5VJJ:validation:B003S9W4E0,tail,6,11,1,1.0,0.3562071871080222,1.0,0.0,0.0,1.0,1,1,0.3307265639305115,1.0,0
A3AA03IXVWKUTX:validation:B0039S7NO6,head,5,4,1,1.0,0.38685280723454163,1.0,1.0,0.43067655807339306,1.0,1,0,0.3599078059196472,1.0,0
A3AD8CISPBLM0S:validation:B0089CH2YI,tail,,,0,0.0,0.0,0.0,0.0,0.0,0.0,0,0,0.30683279037475586,1.0,0
A3AKEXVRB2NACU:validation:B001RPWM7Q,head,,,0,0.0,0.0,0.0,0.0,0.0,0.0,0,0,0.30672675371170044,1.0,0
A3AOGAD103E967:validation:B004TT6RD2,head,,,0,0.0,0.0,0.0,0.0,0.0,0.0,0,0,0.27412328124046326,1.0,0
A3APUOTAMNPPWC:validation:B008KHPJ56,tail,,,0,0.0,0.0,0.0,0.0,0.0,0.0,0,0,0.365946501493454,1.0,0
A3AQXPRB98YX6M:validation:B0089RPUH4,tail,27,20,1,0.0,0.0,1.0,0.0,0.0,1.0,1,0,0.2748412489891052,1.0,0
A3AUGFAU2Q71CX:validation:B004INGVHG,tail,,,0,0.0,0.0,0.0,0.0,0.0,0.0,0,0,0.34370172023773193,1.0,0
A3AX59GEBFMNG5:validation:B00CQHZ2LW,tail,,,0,0.0,0.0,0.0,0.0,0.0,0.0,0,0,0.3419418931007385,1.0,0
A3B7KGAUPB3TKS:validation:B008MW6WKK,tail,,,0,0.0,0.0,0.0,0.0,0.0,0.0,0,0,0.3417913317680359,1.0,0
A3BGA6QANV71Y2:validation:B0076TRVCS,tail,37,32,1,0.0,0.0,1.0,0.0,0.0,1.0,1,0,0.346205472946167,1.0,0
A3BGLFNUNFQPIG:validation:B00BOZAD3O,tail,,,0,0.0,0.0,0.0,0.0,0.0,0.0,0,0,0.31380099058151245,1.0,0
A3CFKYAIVK2WK6:validation:B001KBYUWM,tail,,,0,0.0,0.0,0.0,0.0,0.0,0.0,0,0,0.32050377130508423,1.0,0
A3CLSMB50HX4DW:validation:B0040I9IS8,tail,,,0,0.0,0.0,0.0,0.0,0.0,0.0,0,0,0.32319414615631104,1.0,0
A3CPL126VL12H8:validation:B00HUJHIBI,tail,,,0,0.0,0.0,0.0,0.0,0.0,0.0,0,0,0.2779516577720642,1.0,0
A3CPU6NZNKB5JA:validation:B008GS8NSO,head,,,0,0.0,0.0,0.0,0.0,0.0,0.0,0,0,0.32115721702575684,1.0,0
A3D3ASEXBFN5DL:validation:B007TLFLMA,tail,,,0,0.0,0.0,0.0,0.0,0.0,0.0,0,0,0.29489007592201233,1.0,0
A3D4VGMXLDAGGJ:validation:B001BWY5C0,tail,,,0,0.0,0.0,0.0,0.0,0.0,0.0,0,0,0.3280939757823944,1.0,0
A3DECYNDZ38COQ:validation:B00ATA2TB4,tail,,,0,0.0,0.0,0.0,0.0,0.0,0.0,0,0,0.34339386224746704,1.0,0
A3DETJ3SIGHPWI:validation:B00005BHK9,head,36,27,1,0.0,0.0,1.0,0.0,0.0,1.0,1,0,0.3142172694206238,1.0,0
A3DEVV7HPYZTCN:validation:0911121013,tail,,,0,0.0,0.0,0.0,0.0,0.0,0.0,0,0,0.31431037187576294,1.0,0
A3DF1W8ZQIQVY1:validation:B00C6Q5S44,tail,1,1,1,1.0,1.0,1.0,1.0,1.0,1.0,0,0,0.34354639053344727,1.0,0
A3DHLCR6MTS0M0:validation:B0000DJ3E2,tail,,,0,0.0,0.0,0.0,0.0,0.0,0.0,0,0,0.35217228531837463,1.0,0
A3DQYY2XM24E53:validation:B001W3MMHI,head,4,4,1,1.0,0.43067655807339306,1.0,1.0,0.43067655807339306,1.0,0,0,0.32220345735549927,1.0,0
A3E2362WIOSNXG:validation:B001DZLLDG,tail,,,0,0.0,0.0,0.0,0.0,0.0,0.0,0,0,0.35891735553741455,1.0,0
A3E3L48LMUB0RV:validation:B0041EXNN2,tail,9,8,1,1.0,0.3010299956639812,1.0,1.0,0.31546487678572877,1.0,1,0,0.3570571541786194,1.0,0
A3E5OEACLIHLVU:validation:B00804BCO6,head,,,0,0.0,0.0,0.0,0.0,0.0,0.0,0,0,0.33115118741989136,1.0,0
A3EDXEOM8Z3CMY:validation:B002SJZRJ0,tail,,,0,0.0,0.0,0.0,0.0,0.0,0.0,0,0,0.3615914583206177,1.0,0
A3EIMV2KXH9FWB:validation:B00AZZFT4M,tail,1,1,1,1.0,1.0,1.0,1.0,1.0,1.0,0,0,0.3437223434448242,1.0,0
A3ENMGTFYQVTHB:validation:B00CYQ9Q76,tail,,,0,0.0,0.0,0.0,0.0,0.0,0.0,0,0,0.3470633029937744,1.0,0
A3EPC8WTN3TJ5F:validation:B00BM2V52W,tail,,,0,0.0,0.0,0.0,0.0,0.0,0.0,0,0,0.3594304025173187,1.0,0
A3EPCLPKIOTTL:validation:B00B2HH5TY,tail,,,0,0.0,0.0,0.0,0.0,0.0,0.0,0,0,0.3469131290912628,1.0,0
A3EQ03LUCUTE6Q:validation:B003DSIBVQ,head,,,0,0.0,0.0,0.0,0.0,0.0,0.0,0,0,0.33383023738861084,1.0,0
A3ERZFRJGREGQT:validation:B007J3F98O,head,,,0,0.0,0.0,0.0,0.0,0.0,0.0,0,0,0.3143259286880493,1.0,0
A3EZ7XAWHN1SF1:validation:B00064SAP2,tail,,,0,0.0,0.0,0.0,0.0,0.0,0.0,0,0,0.34013688564300537,1.0,0
A3F1AUZXIYQW0I:validation:B000FZVNM4,tail,,,0,0.0,0.0,0.0,0.0,0.0,0.0,0,0,0.32040220499038696,1.0,0
A3F1UYG3P3DGJS:validation:B004ZFF3CQ,tail,,,0,0.0,0.0,0.0,0.0,0.0,0.0,0,0,0.36275583505630493,1.0,0
A3F4Y4ARB6TCEF:validation:B003TJALF8,head,,,0,0.0,0.0,0.0,0.0,0.0,0.0,0,0,0.31127455830574036,1.0,0
A3F63M7C1BVI4U:validation:B0058NUAKY,tail,,,0,0.0,0.0,0.0,0.0,0.0,0.0,0,0,0.31850606203079224,1.0,0
A3FDORYBQIYGZ8:validation:B002I0K3CK,head,,,0,0.0,0.0,0.0,0.0,0.0,0.0,0,0,0.32060468196868896,1.0,0
A3FE4FASHOV3QC:validation:B00F3GNNNC,tail,23,46,1,0.0,0.0,1.0,0.0,0.0,1.0,1,0,0.3371988832950592,1.0,0
A3FHTA56S4ZPNV:validation:B00FO0QDIY,tail,,,0,0.0,0.0,0.0,0.0,0.0,0.0,0,0,0.32866042852401733,1.0,0
A3FI5VLXVEKMO6:validation:B0038BBILI,tail,,,0,0.0,0.0,0.0,0.0,0.0,0.0,0,0,0.30857783555984497,1.0,0
A3FOOF7Q2GUMXX:validation:B000050B44,tail,,,0,0.0,0.0,0.0,0.0,0.0,0.0,0,0,0.30634766817092896,1.0,0
A3FQ5TW6TK1HR6:validation:B001U5P978,tail,,,0,0.0,0.0,0.0,0.0,0.0,0.0,0,0,0.3225795328617096,1.0,0
A3FVC4KBOEXI1J:validation:B007G3V92M,tail,,,0,0.0,0.0,0.0,0.0,0.0,0.0,0,0,0.3186113238334656,1.0,0
A3FWTUD4GDHYRO:validation:B00C6PWX02,tail,,,0,0.0,0.0,0.0,0.0,0.0,0.0,0,0,0.3148716688156128,1.0,0
A3FZALNJU827SX:validation:B006ZUUVRQ,tail,,,0,0.0,0.0,0.0,0.0,0.0,0.0,0,0,0.30223172903060913,1.0,0
A3G74QFXYOQ6YF:validation:B004T1VB8G,tail,,,0,0.0,0.0,0.0,0.0,0.0,0.0,0,0,0.31796586513519287,1.0,0
A3G9H9PO9E7C5P:validation:B000VXOUNY,tail,,,0,0.0,0.0,0.0,0.0,0.0,0.0,0,0,0.30623528361320496,1.0,0
A3GFSBOQCCZSAY:validation:B00C6VPC22,tail,,,0,0.0,0.0,0.0,0.0,0.0,0.0,0,0,0.2995843291282654,1.0,0
A3GIE87I0EEYPI:validation:B006ZJHKA8,tail,,,0,0.0,0.0,0.0,0.0,0.0,0.0,0,0,0.35396817326545715,1.0,0
A3GR2VKQI53WPK:validation:B009F7OXEI,tail,,,0,0.0,0.0,0.0,0.0,0.0,0.0,0,0,0.35658329725265503,1.0,0
A3GTI284ZE3B6W:validation:B004TVGBVS,tail,45,34,1,0.0,0.0,1.0,0.0,0.0,1.0,1,0,0.3284977376461029,1.0,0
A3GU5YTM2N686N:validation:B0063I6Y2G,tail,,,0,0.0,0.0,0.0,0.0,0.0,0.0,0,0,0.30503201484680176,1.0,0
A3GVG9FOZVEEMG:validation:B00FJQD88Q,tail,,,0,0.0,0.0,0.0,0.0,0.0,0.0,0,0,0.2835560142993927,1.0,0
A3GVXL028FFXMW:validation:B005VPREUI,tail,,,0,0.0,0.0,0.0,0.0,0.0,0.0,0,0,0.28130319714546204,1.0,0
A3H3093ON09KLC:validation:B00030EOIG,head,,,0,0.0,0.0,0.0,0.0,0.0,0.0,0,0,0.29970213770866394,1.0,0
A3H401WD68A9YR:validation:B007EA4UBY,head,,,0,0.0,0.0,0.0,0.0,0.0,0.0,0,0,0.3359203636646271,1.0,0
A3H9EUF9KB0AA6:validation:B0009S5TYA,head,,,0,0.0,0.0,0.0,0.0,0.0,0.0,0,0,0.30852484703063965,1.0,0
A3HGSHD8XRG7I2:validation:B0002YDPTW,tail,,,0,0.0,0.0,0.0,0.0,0.0,0.0,0,0,0.3608434200286865,1.0,0
A3HLB66FSDMF5F:validation:B004MWL07O,head,,,0,0.0,0.0,0.0,0.0,0.0,0.0,0,0,0.32486429810523987,1.0,0
A3HPIHVQFF9HU8:validation:B00DD1OQIK,tail,,,0,0.0,0.0,0.0,0.0,0.0,0.0,0,0,0.3009808659553528,1.0,0
A3I49HMI4LV6HU:validation:B003R6H59I,head,,,0,0.0,0.0,0.0,0.0,0.0,0.0,0,0,0.28370288014411926,1.0,0
A3IF2RRR8R84BV:validation:B000G334Z4,head,,,0,0.0,0.0,0.0,0.0,0.0,0.0,0,0,0.35905152559280396,1.0,0
A3IFB1Y1EBX3C5:validation:B007HZ9S7C,head,,,0,0.0,0.0,0.0,0.0,0.0,0.0,0,0,0.2797907292842865,1.0,0
A3IKXXDCPDA6JN:validation:B00BHMGS0Q,tail,,,0,0.0,0.0,0.0,0.0,0.0,0.0,0,0,0.31288158893585205,1.0,0
A3IMQSE3KFFKQR:validation:B00006408Q,head,,,0,0.0,0.0,0.0,0.0,0.0,0.0,0,0,0.31675004959106445,1.0,0
A3IOKUGI4MLTCN:validation:B00C58ZRWQ,tail,,,0,0.0,0.0,0.0,0.0,0.0,0.0,0,0,0.3262263834476471,1.0,0
A3IQDSA9Y2WW1C:validation:B00146LV6Q,tail,,,0,0.0,0.0,0.0,0.0,0.0,0.0,0,0,0.3128298819065094,1.0,0
A3IW35GOCJGQ6I:validation:B004MYH0DA,tail,,,0,0.0,0.0,0.0,0.0,0.0,0.0,0,0,0.3383476138114929,1.0,0
A3IWZC747QU0B2:validation:B004S8F7QM,head,,,0,0.0,0.0,0.0,0.0,0.0,0.0,0,0,0.3225281834602356,1.0,0
A3J8NIFP46QWJ6:validation:B000VCE3Z0,tail,,,0,0.0,0.0,0.0,0.0,0.0,0.0,0,0,0.35970818996429443,1.0,0
A3JFDHDCAW8505:validation:B000IBPD76,head,31,29,1,0.0,0.0,1.0,0.0,0.0,1.0,1,0,0.30835574865341187,1.0,0
A3JMZWJXLEW6Z6:validation:B004RHN9EQ,tail,,,0,0.0,0.0,0.0,0.0,0.0,0.0,0,0,0.3120540678501129,1.0,0
A3JSD8GOCADJ9K:validation:B00363B5FC,tail,,,0,0.0,0.0,0.0,0.0,0.0,0.0,0,0,0.32776278257369995,1.0,0
A3JYNVRJHBU8YC:validation:B002KE5GPS,head,24,27,1,0.0,0.0,1.0,0.0,0.0,1.0,1,0,0.30666273832321167,1.0,0
A3K4AJLVHAH4OZ:validation:B00FBW8NMO,tail,,,0,0.0,0.0,0.0,0.0,0.0,0.0,0,0,0.3203095495700836,1.0,0
A3K9ALI928DPT4:validation:B006O6EIWK,head,2,2,1,1.0,0.6309297535714575,1.0,1.0,0.6309297535714575,1.0,0,0,0.35777556896209717,1.0,0
A3K9TLINS3RY75:validation:B00DS5FBP8,tail,,,0,0.0,0.0,0.0,0.0,0.0,0.0,0,0,0.3044227957725525,1.0,0
A3KCKECEO3E2AN:validation:B00E1EFHBI,head,18,20,1,0.0,0.0,1.0,0.0,0.0,1.0,1,0,0.3218637704849243,1.0,0
A3KPJ1MOGTZVGC:validation:B00B28IQ50,head,3,2,1,1.0,0.5,1.0,1.0,0.6309297535714575,1.0,1,0,0.3558352589607239,1.0,0
A3KPVT8XQNQ1AG:validation:B0041OY106,tail,,,0,0.0,0.0,0.0,0.0,0.0,0.0,0,0,0.29360929131507874,1.0,0
A3L218DRR8MA9K:validation:B004UU9ZAW,head,,,0,0.0,0.0,0.0,0.0,0.0,0.0,0,0,0.30394697189331055,1.0,0
A3L8DLR4C7HFCE:validation:B007U7M0K4,head,11,12,1,0.0,0.0,1.0,0.0,0.0,1.0,1,0,0.32639312744140625,1.0,0
A3L8FQAMJR4OL7:validation:B009M6G1YC,tail,,,0,0.0,0.0,0.0,0.0,0.0,0.0,0,0,0.33860957622528076,1.0,0
A3LA0SA0O73YKT:validation:B003XIHU40,tail,19,24,1,0.0,0.0,1.0,0.0,0.0,1.0,1,0,0.31646400690078735,1.0,0
A3LC0ZUZGZTGBV:validation:B006EFMSSM,head,8,8,1,1.0,0.31546487678572877,1.0,1.0,0.31546487678572877,1.0,0,0,0.3040613532066345,1.0,0
A3LE3E7JW2IBQ:validation:B006CC09UG,tail,,,0,0.0,0.0,0.0,0.0,0.0,0.0,0,0,0.3079298138618469,1.0,0
A3LEDIH8MAE3R:validation:B001543YEY,head,25,20,1,0.0,0.0,1.0,0.0,0.0,1.0,1,0,0.3153279423713684,1.0,0
A3LEU3P06RNBX5:validation:9269808955,tail,,,0,0.0,0.0,0.0,0.0,0.0,0.0,0,0,0.3373696804046631,1.0,0
A3LKJ0Y9WPTD49:validation:B00GSPFAV0,tail,,,0,0.0,0.0,0.0,0.0,0.0,0.0,0,0,0.32091793417930603,1.0,0
A3LWV94ZSGJANY:validation:B000096QNK,head,25,30,1,0.0,0.0,1.0,0.0,0.0,1.0,1,0,0.3596568703651428,1.0,0
A3LY325F0FFG4E:validation:B00804BCO6,head,28,25,1,0.0,0.0,1.0,0.0,0.0,1.0,1,0,0.31244349479675293,1.0,0
A3LYC2ML2MNVML:validation:B00GNBDZXE,tail,,,0,0.0,0.0,0.0,0.0,0.0,0.0,0,0,0.34615957736968994,1.0,0
A3MB37I1XR1FNW:validation:B003X3Z52E,tail,2,2,1,1.0,0.6309297535714575,1.0,1.0,0.6309297535714575,1.0,0,0,0.3388015031814575,1.0,0
A3MC8FNUDKEM66:validation:B002SXMH3K,head,,,0,0.0,0.0,0.0,0.0,0.0,0.0,0,0,0.3571496605873108,1.0,0
A3MG0IUULVTC27:validation:B004JQKXF8,tail,33,30,1,0.0,0.0,1.0,0.0,0.0,1.0,1,0,0.31914907693862915,1.0,0
A3MP1O5WYYLH60:validation:B004Q6IDP8,tail,,,0,0.0,0.0,0.0,0.0,0.0,0.0,0,0,0.2743644714355469,1.0,0
A3N6B8KA6GE7Q6:validation:B007G3VBOI,head,,,0,0.0,0.0,0.0,0.0,0.0,0.0,0,0,0.32059746980667114,1.0,0
A3N79870ZN5NCV:validation:B00840L9NU,head,,,0,0.0,0.0,0.0,0.0,0.0,0.0,0,0,0.3185707628726959,1.0,0
A3NPR9ZSEREUSZ:validation:B006G682Y8,head,13,8,1,0.0,0.0,1.0,1.0,0.31546487678572877,1.0,1,0,0.3332010507583618,1.0,0
A3NRDBSWL4MI4X:validation:B0060JVSNS,tail,,,0,0.0,0.0,0.0,0.0,0.0,0.0,0,0,0.29762446880340576,1.0,0
A3NRIS6JOJ2R8K:validation:B0015IQO2O,tail,,,0,0.0,0.0,0.0,0.0,0.0,0.0,0,0,0.33251476287841797,1.0,0
A3NW4V0D0GAP1O:validation:B00A4KHEK0,tail,,,0,0.0,0.0,0.0,0.0,0.0,0.0,0,0,0.36057591438293457,1.0,0
A3O12S3DN5I2S1:validation:B008RBH156,tail,,,0,0.0,0.0,0.0,0.0,0.0,0.0,0,0,0.30254119634628296,1.0,0
A3O6L15T47A6Z2:validation:B004XODIOE,head,,,0,0.0,0.0,0.0,0.0,0.0,0.0,0,0,0.3147396445274353,1.0,0
A3OA44KS0WYEXE:validation:B00B1JP0FE,tail,1,1,1,1.0,1.0,1.0,1.0,1.0,1.0,0,0,0.33385059237480164,1.0,0
A3OHAUUXP0SND5:validation:B000AM2K56,head,,,0,0.0,0.0,0.0,0.0,0.0,0.0,0,0,0.3434363603591919,1.0,0
A3OIU9SABLE799:validation:B000N178E2,head,,84,1,0.0,0.0,0.0,0.0,0.0,0.0,1,0,0.27903085947036743,1.0,0
A3OJX18B60PJR9:validation:B008HYGFGE,head,,,0,0.0,0.0,0.0,0.0,0.0,0.0,0,0,0.28791379928588867,1.0,0
A3OP1R5V3J6J6:validation:B00139OH4C,tail,,,0,0.0,0.0,0.0,0.0,0.0,0.0,0,0,0.3065275251865387,1.0,0
A3OS6WFBP6TAQU:validation:B008AWFWXK,head,1,1,1,1.0,1.0,1.0,1.0,1.0,1.0,0,0,0.33130472898483276,1.0,0
A3OZDQ6DSJWK7J:validation:B007WW43PM,tail,3,3,1,1.0,0.5,1.0,1.0,0.5,1.0,0,0,0.25839656591415405,1.0,0
A3PC2T7T1XELU6:validation:B009CZW6K6,tail,,,0,0.0,0.0,0.0,0.0,0.0,0.0,0,0,0.3429603576660156,1.0,0
A3PGPOTK7PX1YP:validation:B0009IBD2C,tail,,,0,0.0,0.0,0.0,0.0,0.0,0.0,0,0,0.3106890618801117,1.0,0
A3PP0YU97UZ203:validation:B0042HOU1M,head,,,0,0.0,0.0,0.0,0.0,0.0,0.0,0,0,0.34020447731018066,1.0,0
A3PXFUL4WX8850:validation:B006ROJJ2I,head,3,3,1,1.0,0.5,1.0,1.0,0.5,1.0,0,0,0.33313366770744324,1.0,0
A3Q09TTEUYLU2N:validation:B009PAXP4O,tail,,,0,0.0,0.0,0.0,0.0,0.0,0.0,0,0,0.3352378010749817,1.0,0
A3Q1GBD7C0999T:validation:B00A8HOYMU,tail,,,0,0.0,0.0,0.0,0.0,0.0,0.0,0,0,0.3473411202430725,1.0,0
A3Q203BP3E1NLG:validation:B007GE6VMO,head,,,0,0.0,0.0,0.0,0.0,0.0,0.0,0,0,0.34332168102264404,1.0,0
A3Q7I4GNRLGA11:validation:0975277324,head,26,40,1,0.0,0.0,1.0,0.0,0.0,1.0,1,0,0.31258612871170044,1.0,0
A3QF9PWUCR7YR1:validation:1223063119,tail,,,0,0.0,0.0,0.0,0.0,0.0,0.0,0,0,0.30522239208221436,1.0,0
A3QFRVCZKG7M9J:validation:B00008GYCZ,head,,,0,0.0,0.0,0.0,0.0,0.0,0.0,0,0,0.31463703513145447,1.0,0
A3QINHZN6RWLRP:validation:B00COAACEI,tail,,,0,0.0,0.0,0.0,0.0,0.0,0.0,0,0,0.3493785858154297,1.0,0
A3QIP8J8V8PASM:validation:B003DQ1AWK,tail,,,0,0.0,0.0,0.0,0.0,0.0,0.0,0,0,0.32120174169540405,1.0,0
A3QUY5QP5L283S:validation:B003UM79EU,tail,,,0,0.0,0.0,0.0,0.0,0.0,0.0,0,0,0.3280928134918213,1.0,0
A3QVAKVRAH657N:validation:B002JSM3KQ,head,,,0,0.0,0.0,0.0,0.0,0.0,0.0,0,0,0.30460405349731445,1.0,0
A3QYBCR9UO261D:validation:B000BY3TKS,head,,,0,0.0,0.0,0.0,0.0,0.0,0.0,0,0,0.31465157866477966,1.0,0
A3QYL7748HO98E:validation:B006O6FL5I,tail,,,0,0.0,0.0,0.0,0.0,0.0,0.0,0,0,0.3015766739845276,1.0,0
A3R4GFCDXI93C1:validation:B002CSRZKQ,head,,,0,0.0,0.0,0.0,0.0,0.0,0.0,0,0,0.33945798873901367,1.0,0
A3R7ATFBOPRY9F:validation:B00C6PRL18,tail,,,0,0.0,0.0,0.0,0.0,0.0,0.0,0,0,0.3003694415092468,1.0,0
A3R8TAZQYGWP2P:validation:B007D1O4CO,tail,,64,1,0.0,0.0,0.0,0.0,0.0,0.0,1,0,0.34057125449180603,1.0,0
A3RRRQNF7Y7UIO:validation:B00DGQP44C,tail,2,2,1,1.0,0.6309297535714575,1.0,1.0,0.6309297535714575,1.0,0,0,0.34760886430740356,1.0,0
A3S0U1KBGFGGC4:validation:B002HU4YXA,tail,49,48,1,0.0,0.0,1.0,0.0,0.0,1.0,1,0,0.36150991916656494,1.0,0
A3S4IE26PYKXO2:validation:B004OS8J98,head,,,0,0.0,0.0,0.0,0.0,0.0,0.0,0,0,0.3235655725002289,1.0,0
A3S5OCYSX7OS6J:validation:B008BRLV20,tail,,,0,0.0,0.0,0.0,0.0,0.0,0.0,0,0,0.2821579873561859,1.0,0
A3S5WYWYKSAI9C:validation:B00BDMNBMI,tail,,,0,0.0,0.0,0.0,0.0,0.0,0.0,0,0,0.3076903223991394,1.0,0
A3SB9OFQJ9WURU:validation:B004EEM71S,tail,,,0,0.0,0.0,0.0,0.0,0.0,0.0,0,0,0.2999250888824463,1.0,0
A3SDHJV8D9BYM:validation:B003Y55562,tail,,,0,0.0,0.0,0.0,0.0,0.0,0.0,0,0,0.32475072145462036,1.0,0
A3SFC0OTJ9ERMX:validation:B002WDKA6W,tail,1,1,1,1.0,1.0,1.0,1.0,1.0,1.0,0,0,0.2787349820137024,1.0,0
A3SGRYIICHGMX:validation:B00CTJOL3W,tail,,,0,0.0,0.0,0.0,0.0,0.0,0.0,0,0,0.3488547205924988,1.0,0
A3SKNXQJ357GEW:validation:B0057VQVL4,tail,,,0,0.0,0.0,0.0,0.0,0.0,0.0,0,0,0.2736456096172333,1.0,0
A3SLRAY7SYG0WY:validation:B00C9T4KM4,tail,,,0,0.0,0.0,0.0,0.0,0.0,0.0,0,0,0.2969271242618561,1.0,0
A3SN8L3T31F14A:validation:B003559ZTE,tail,,,0,0.0,0.0,0.0,0.0,0.0,0.0,0,0,0.27414506673812866,1.0,0
A3SNEISMJ4RSYL:validation:B004J30ZDQ,head,,,0,0.0,0.0,0.0,0.0,0.0,0.0,0,0,0.3103012442588806,1.0,0
A3ST5M86VZORAS:validation:B000MWTPZ2,tail,,,0,0.0,0.0,0.0,0.0,0.0,0.0,0,0,0.28065797686576843,1.0,0
A3SU48A49T9TKR:validation:B002MCZ5TU,tail,,,0,0.0,0.0,0.0,0.0,0.0,0.0,0,0,0.28188660740852356,1.0,0
A3SVUBEC6KO5BP:validation:B000MWX9MW,head,,,0,0.0,0.0,0.0,0.0,0.0,0.0,0,0,0.3065493404865265,1.0,0
A3SXCX8D388PJ4:validation:1932188126,head,50,46,1,0.0,0.0,1.0,0.0,0.0,1.0,1,0,0.34468844532966614,1.0,0
A3T52FTJE0L7CZ:validation:B003TP4QWG,tail,,,0,0.0,0.0,0.0,0.0,0.0,0.0,0,0,0.3097981810569763,1.0,0
A3T58X51AJ9BFT:validation:B004YN188W,tail,,,0,0.0,0.0,0.0,0.0,0.0,0.0,0,0,0.2678760588169098,1.0,0
A3T6HE7B0F1FSV:validation:B005VPRFPM,tail,,,0,0.0,0.0,0.0,0.0,0.0,0.0,0,0,0.30287837982177734,1.0,0
A3T78U84MC4T93:validation:B002QNM8NQ,head,6,6,1,1.0,0.3562071871080222,1.0,1.0,0.3562071871080222,1.0,0,0,0.2729685604572296,1.0,0
A3TDZ6BUCV05QG:validation:B000KI111Y,head,,,0,0.0,0.0,0.0,0.0,0.0,0.0,0,0,0.2964968681335449,1.0,0
A3TXHQPRY1KH3M:validation:B005VPRCPK,tail,,,0,0.0,0.0,0.0,0.0,0.0,0.0,0,0,0.3220769166946411,1.0,0
A3TYMCIQN8ZM0Q:validation:B003CF9ZXI,tail,,,0,0.0,0.0,0.0,0.0,0.0,0.0,0,0,0.31034308671951294,1.0,0
A3U029B8Z5WGI2:validation:B00EDBYHQK,tail,,,0,0.0,0.0,0.0,0.0,0.0,0.0,0,0,0.3589072823524475,1.0,0
A3U0L571I9HHWO:validation:B004S6E4TU,tail,2,2,1,1.0,0.6309297535714575,1.0,1.0,0.6309297535714575,1.0,0,0,0.352436363697052,1.0,0
A3U8W297D94YPO:validation:B000067BIE,tail,,,0,0.0,0.0,0.0,0.0,0.0,0.0,0,0,0.28196215629577637,1.0,0
A3U97KXVJR7PDD:validation:B0042T8GR4,head,,,0,0.0,0.0,0.0,0.0,0.0,0.0,0,0,0.31759512424468994,1.0,0
A3UBJB6BZ2VM3G:validation:B0073RSVMC,tail,,,0,0.0,0.0,0.0,0.0,0.0,0.0,0,0,0.3273986279964447,1.0,0
A3UUIWBH8RHHWX:validation:B007HZ9S7C,head,,,0,0.0,0.0,0.0,0.0,0.0,0.0,0,0,0.3106805980205536,1.0,0
A3UYBRB74RJFXB:validation:B00EDBYHRO,tail,,,0,0.0,0.0,0.0,0.0,0.0,0.0,0,0,0.28935378789901733,1.0,0
A3V3RM9B1U8SC0:validation:2914849869,tail,,,0,0.0,0.0,0.0,0.0,0.0,0.0,0,0,0.3169282078742981,1.0,0
A3V9OU9EJJH2W6:validation:B0053FJKGM,tail,1,1,1,1.0,1.0,1.0,1.0,1.0,1.0,0,0,0.281301885843277,1.0,0
A3VVBMD2NDQSW6:validation:B0083TXWMI,head,,,0,0.0,0.0,0.0,0.0,0.0,0.0,0,0,0.31839075684547424,1.0,0
A3VZDDH8CPKZOD:validation:B00BU3YI1S,tail,,,0,0.0,0.0,0.0,0.0,0.0,0.0,0,0,0.3598933219909668,1.0,0
A3W4G0SSIE6NKG:validation:B006CDGHSS,tail,,,0,0.0,0.0,0.0,0.0,0.0,0.0,0,0,0.3385029733181,1.0,0
A3X2UEH5GEA3N:validation:B00F58N6KI,head,1,1,1,1.0,1.0,1.0,1.0,1.0,1.0,0,0,0.3346681594848633,1.0,0
A3Z9QN0RCOHEY:validation:0670010936,tail,,,0,0.0,0.0,0.0,0.0,0.0,0.0,0,0,0.33471283316612244,1.0,0
A40SPTW4TQQS0:validation:B0035FZWYG,tail,,,0,0.0,0.0,0.0,0.0,0.0,0.0,0,0,0.33346450328826904,1.0,0
A448MAK54AXXA:validation:B009NFFZTO,head,,,0,0.0,0.0,0.0,0.0,0.0,0.0,0,0,0.3089165985584259,1.0,0
A44A3MTDGBAEH:validation:B004N3CRQA,tail,3,2,1,1.0,0.5,1.0,1.0,0.6309297535714575,1.0,1,0,0.34884196519851685,1.0,0
A45V752HS8PQI:validation:B00D10ELFG,tail,3,3,1,1.0,0.5,1.0,1.0,0.5,1.0,0,0,0.3621806502342224,1.0,0
A480GWA0CM6ZU:validation:B001US6BYA,tail,,,0,0.0,0.0,0.0,0.0,0.0,0.0,0,0,0.3235998749732971,1.0,0
A4IJAIG9455PT:validation:B00000IWDR,head,27,25,1,0.0,0.0,1.0,0.0,0.0,1.0,1,0,0.32658863067626953,1.0,0
A4IKV3P608M14:validation:B008MTYT9E,tail,,,0,0.0,0.0,0.0,0.0,0.0,0.0,0,0,0.3371131420135498,1.0,0
A4QUL1A7BFR2:validation:B00C9X59UM,tail,,,0,0.0,0.0,0.0,0.0,0.0,0.0,0,0,0.3458746075630188,1.0,0
A4XWIKGL4BSO8:validation:B002UAMBW8,tail,,,0,0.0,0.0,0.0,0.0,0.0,0.0,0,0,0.30813834071159363,1.0,0
A50IIB4PMPLNQ:validation:B008J8EPQU,tail,,,0,0.0,0.0,0.0,0.0,0.0,0.0,0,0,0.28749415278434753,1.0,0
A527VID8R4K67:validation:B00FAQVVUC,head,14,8,1,0.0,0.0,1.0,1.0,0.31546487678572877,1.0,1,0,0.3162247836589813,1.0,0
A5DP8H3HS9KFM:validation:B00143YK12,tail,,,0,0.0,0.0,0.0,0.0,0.0,0.0,0,0,0.31372272968292236,1.0,0
A5EQCS761T5OC:validation:B000E7S48E,tail,,,0,0.0,0.0,0.0,0.0,0.0,0.0,0,0,0.33805081248283386,1.0,0
A5GN8QIL8AITV:validation:B001IEYXAA,head,,,0,0.0,0.0,0.0,0.0,0.0,0.0,0,0,0.3053821623325348,1.0,0
A5GTDS7INKN4W:validation:B00008URUS,head,,,0,0.0,0.0,0.0,0.0,0.0,0.0,0,0,0.31830376386642456,1.0,0
A5S660N2YVLNQ:validation:B000T0EM4Q,tail,,,0,0.0,0.0,0.0,0.0,0.0,0.0,0,0,0.34278881549835205,1.0,0
A601XPH12C8G6:validation:B000NL8QX4,head,,,0,0.0,0.0,0.0,0.0,0.0,0.0,0,0,0.3226798176765442,1.0,0
A65KJTJX1712Q:validation:B0037UT3E4,head,,,0,0.0,0.0,0.0,0.0,0.0,0.0,0,0,0.3043437600135803,1.0,0
A680RUE1FDO8B:validation:B00545ML1W,tail,4,3,1,1.0,0.43067655807339306,1.0,1.0,0.5,1.0,1,0,0.3583792746067047,1.0,0
A6CXITU1B65TE:validation:B00GG0RLSM,tail,,,0,0.0,0.0,0.0,0.0,0.0,0.0,0,0,0.34582239389419556,1.0,0
A6MBUVFWKZCRX:validation:B007Z1D6A8,tail,,,0,0.0,0.0,0.0,0.0,0.0,0.0,0,0,0.31191587448120117,1.0,0
A6VSWJVTWEOII:validation:B00EDBYHRE,tail,1,1,1,1.0,1.0,1.0,1.0,1.0,1.0,0,0,0.3437478542327881,1.0,0
A71433HBQMIKH:validation:B006UBM36W,tail,,,0,0.0,0.0,0.0,0.0,0.0,0.0,0,0,0.31609904766082764,1.0,0
A7357KQSOESYC:validation:B003TUKEM2,head,,,0,0.0,0.0,0.0,0.0,0.0,0.0,0,0,0.3198792040348053,1.0,0
A755BP27TDRIU:validation:B008IC29Z6,head,,,0,0.0,0.0,0.0,0.0,0.0,0.0,0,0,0.31036823987960815,1.0,0
A7DYBDGVB2LC4:validation:B004S65XDG,head,,,0,0.0,0.0,0.0,0.0,0.0,0.0,0,0,0.3430157005786896,1.0,0
A7HY1CEDK0204:validation:B002RL7VNY,head,14,12,1,0.0,0.0,1.0,0.0,0.0,1.0,1,0,0.345351904630661,1.0,0
A7INGAHQIWQ1:validation:B000T735SS,tail,,,0,0.0,0.0,0.0,0.0,0.0,0.0,0,0,0.32469427585601807,1.0,0
A7MJCZH5UUKVN:validation:B00FJ7M368,tail,1,1,1,1.0,1.0,1.0,1.0,1.0,1.0,0,0,0.3251088261604309,1.0,0
A7Q5UCPEJ0RVS:validation:B004P98R66,head,,,0,0.0,0.0,0.0,0.0,0.0,0.0,0,0,0.31061434745788574,1.0,0
A7TY77HY9RMCW:validation:B002B555RU,head,,,0,0.0,0.0,0.0,0.0,0.0,0.0,0,0,0.32399284839630127,1.0,0
A7VPFAGCA9FG4:validation:B00CMC6HZ6,tail,,,0,0.0,0.0,0.0,0.0,0.0,0.0,0,0,0.30888062715530396,1.0,0
A7ZQEPUFT087F:validation:B00CS0F0L4,tail,,,0,0.0,0.0,0.0,0.0,0.0,0.0,0,0,0.31241583824157715,1.0,0
A810UACB9YN39:validation:B006OMM8RG,head,,,0,0.0,0.0,0.0,0.0,0.0,0.0,0,0,0.28985172510147095,1.0,0
A833EZAHIWC5Z:validation:B006HDF32Y,head,,,0,0.0,0.0,0.0,0.0,0.0,0.0,0,0,0.3460080027580261,1.0,0
A83RPS198D04S:validation:B00CRZXV16,head,,,0,0.0,0.0,0.0,0.0,0.0,0.0,0,0,0.3132367432117462,1.0,0
A84DX3M4BARM:validation:B000FPE038,head,,,0,0.0,0.0,0.0,0.0,0.0,0.0,0,0,0.3218420445919037,1.0,0
A897PJD4OM1TR:validation:B000JKMQOE,tail,,,0,0.0,0.0,0.0,0.0,0.0,0.0,0,0,0.3266231417655945,1.0,0
A8K1N4LR3EDTY:validation:B003CRJU36,head,,,0,0.0,0.0,0.0,0.0,0.0,0.0,0,0,0.2992618680000305,1.0,0
A97H5I4P5PCEM:validation:B00EY2706C,head,,,0,0.0,0.0,0.0,0.0,0.0,0.0,0,0,0.29475727677345276,1.0,0
A98W0AQDDG3O5:validation:B00CMNX7W6,tail,2,2,1,1.0,0.6309297535714575,1.0,1.0,0.6309297535714575,1.0,0,0,0.32348549365997314,1.0,0
A9C49H3RYG158:validation:B000AQT8R0,head,2,2,1,1.0,0.6309297535714575,1.0,1.0,0.6309297535714575,1.0,0,0,0.3028903305530548,1.0,0
A9CJ6G43TTCF3:validation:B003COZKHY,tail,,,0,0.0,0.0,0.0,0.0,0.0,0.0,0,0,0.30597010254859924,1.0,0
A9CP8S8NK42S2:validation:B009X9GM10,head,,,0,0.0,0.0,0.0,0.0,0.0,0.0,0,0,0.30783218145370483,1.0,0
A9EVBE6MJ4YX4:validation:B002Q7IE9O,tail,,,0,0.0,0.0,0.0,0.0,0.0,0.0,0,0,0.3452063202857971,1.0,0
A9PSIMEWXA2KM:validation:B002XB04XW,head,,,0,0.0,0.0,0.0,0.0,0.0,0.0,0,0,0.29132792353630066,1.0,0
A9WT87JFYZ3A7:validation:B00004W3Y4,head,,,0,0.0,0.0,0.0,0.0,0.0,0.0,0,0,0.358697772026062,1.0,0
AA08MPQW9DYHG:validation:B009CIJ17E,tail,,,0,0.0,0.0,0.0,0.0,0.0,0.0,0,0,0.3154321014881134,1.0,0
AA9BZ5Q8O22RL:validation:B0085Y3YV0,tail,,,0,0.0,0.0,0.0,0.0,0.0,0.0,0,0,0.31420859694480896,1.0,0
AADBNT7FD1FPN:validation:B00005BZKD,head,,,0,0.0,0.0,0.0,0.0,0.0,0.0,0,0,0.2690819501876831,1.0,0
AAJ1IYOUIHWF:validation:B0045OV9IO,head,,,0,0.0,0.0,0.0,0.0,0.0,0.0,0,0,0.315179705619812,1.0,0
AAPNQBUYETGW0:validation:B00020QJ6M,head,,,0,0.0,0.0,0.0,0.0,0.0,0.0,0,0,0.3136884570121765,1.0,0
AAPSB545DIFYL:validation:B005ZFNZUC,tail,,,0,0.0,0.0,0.0,0.0,0.0,0.0,0,0,0.35589560866355896,1.0,0
AAQVYKBRQIIT2:validation:B000096R0P,head,4,4,1,1.0,0.43067655807339306,1.0,1.0,0.43067655807339306,1.0,0,0,0.31491386890411377,1.0,0
AAQXNW66Y7RJC:validation:B00125V99S,tail,,,0,0.0,0.0,0.0,0.0,0.0,0.0,0,0,0.3476136326789856,1.0,0
AAR0OWR2PJUSU:validation:B007J3FA8I,head,,,0,0.0,0.0,0.0,0.0,0.0,0.0,0,0,0.3081257939338684,1.0,0
AAT77NB3IVRJR:validation:B002XAE9UC,tail,,,0,0.0,0.0,0.0,0.0,0.0,0.0,0,0,0.30432039499282837,1.0,0
AB3GJ41FTGR3S:validation:B009XBA390,tail,,,0,0.0,0.0,0.0,0.0,0.0,0.0,0,0,0.30353644490242004,1.0,0
AB5J41W6SBXBT:validation:B00804BE9E,tail,,,0,0.0,0.0,0.0,0.0,0.0,0.0,0,0,0.3135811686515808,1.0,0
ABD0XOLY5X73S:validation:B000BGT6LW,tail,,,0,0.0,0.0,0.0,0.0,0.0,0.0,0,0,0.28902292251586914,1.0,0
ABH5AHMM5CA69:validation:B00BSWS650,tail,,,0,0.0,0.0,0.0,0.0,0.0,0.0,0,0,0.31083184480667114,1.0,0
ABN7G2T0KAB3G:validation:B004KCGC9C,tail,,,0,0.0,0.0,0.0,0.0,0.0,0.0,0,0,0.3078795075416565,1.0,0
ABXVMHZWCDBNS:validation:B007B7LTVY,head,,,0,0.0,0.0,0.0,0.0,0.0,0.0,0,0,0.32793259620666504,1.0,0
AC09OIFJYTUQK:validation:B0012512U4,tail,,64,1,0.0,0.0,0.0,0.0,0.0,0.0,1,0,0.35884690284729004,1.0,0
AC6HYEG9JT441:validation:B00F5Y4AKC,head,28,44,1,0.0,0.0,1.0,0.0,0.0,1.0,1,0,0.30275362730026245,1.0,0
AC9ZH59TWILZS:validation:B003WFKOSS,head,,,0,0.0,0.0,0.0,0.0,0.0,0.0,0,0,0.3167245388031006,1.0,0
ACA2Z99MCVUPU:validation:B000066HSN,head,,,0,0.0,0.0,0.0,0.0,0.0,0.0,0,0,0.35829073190689087,1.0,0
ACDNGINX4M4QA:validation:B005OSX5GO,tail,10,8,1,1.0,0.2890648263178879,1.0,1.0,0.31546487678572877,1.0,1,0,0.3320620059967041,1.0,0
ACE4XULXB1RV2:validation:B000GKD09C,head,28,33,1,0.0,0.0,1.0,0.0,0.0,1.0,1,0,0.2874663174152374,1.0,0
ACEA95FQS1AVP:validation:B003N8GELA,tail,,,0,0.0,0.0,0.0,0.0,0.0,0.0,0,0,0.3155667781829834,1.0,0
ACIHXKMZIHV7W:validation:1589945158,tail,,,0,0.0,0.0,0.0,0.0,0.0,0.0,0,0,0.361175000667572,1.0,0
ACJXUWQSZ0IRP:validation:B007AR5268,tail,,,0,0.0,0.0,0.0,0.0,0.0,0.0,0,0,0.3560454249382019,1.0,0
ACQD7NZ9UORGH:validation:B004S8F7QM,head,4,4,1,1.0,0.43067655807339306,1.0,1.0,0.43067655807339306,1.0,0,0,0.31823986768722534,1.0,0
AD27EE3BWB98:validation:B007J3F9VG,head,1,1,1,1.0,1.0,1.0,1.0,1.0,1.0,0,0,0.27134692668914795,1.0,0
ADQUTB2TCWWTV:validation:B002UD8P4S,head,,,0,0.0,0.0,0.0,0.0,0.0,0.0,0,0,0.3072577714920044,1.0,0
ADSFUJVGDLOE4:validation:B00859GJL2,head,,,0,0.0,0.0,0.0,0.0,0.0,0.0,0,0,0.290139377117157,1.0,0
ADUIFGJE9I7GA:validation:B00BCXU3PQ,tail,,,0,0.0,0.0,0.0,0.0,0.0,0.0,0,0,0.3169369399547577,1.0,0
ADZ0GY72RN2S5:validation:B002V3RCE6,head,19,21,1,0.0,0.0,1.0,0.0,0.0,1.0,1,0,0.3075562119483948,1.0,0
AE7WZ5DBOH8WO:validation:B0060Y240O,head,2,2,1,1.0,0.6309297535714575,1.0,1.0,0.6309297535714575,1.0,0,0,0.33512210845947266,1.0,0
AEC90GPFKLAAW:validation:B004GL64LI,tail,,,0,0.0,0.0,0.0,0.0,0.0,0.0,0,0,0.26687806844711304,1.0,0
AEF7R8OM4ABJZ:validation:B00BOZ4C36,tail,,,0,0.0,0.0,0.0,0.0,0.0,0.0,0,0,0.2845761179924011,1.0,0
AEIHVQHWJMY8Z:validation:B008D8EGUQ,head,,,0,0.0,0.0,0.0,0.0,0.0,0.0,0,0,0.3361404538154602,1.0,0
AEO1PJTWZ7DH4:validation:B00029R6H4,tail,,,0,0.0,0.0,0.0,0.0,0.0,0.0,0,0,0.2900434136390686,1.0,0
AFC0U0MVHJZHF:validation:B0068D0F26,tail,,,0,0.0,0.0,0.0,0.0,0.0,0.0,0,0,0.3112078011035919,1.0,0
AFE3S8KVNS39U:validation:B000FEP8JY,head,,,0,0.0,0.0,0.0,0.0,0.0,0.0,0,0,0.27775606513023376,1.0,0
AFMFTMW332J0:validation:B00B0DW9KU,tail,,,0,0.0,0.0,0.0,0.0,0.0,0.0,0,0,0.29576706886291504,1.0,0
AFNS4TUU9RNRH:validation:B00BQYR0MA,tail,,,0,0.0,0.0,0.0,0.0,0.0,0.0,0,0,0.3585967421531677,1.0,0
AFP6OOD8EDRSP:validation:B000M02M0Y,tail,,,0,0.0,0.0,0.0,0.0,0.0,0.0,0,0,0.3616151809692383,1.0,0
AFPJRABKSYWY1:validation:B006EPCLPC,tail,,91,1,0.0,0.0,0.0,0.0,0.0,0.0,1,0,0.3261813521385193,1.0,0
AFZZ053NRHLI8:validation:B000KMHBFA,head,,,0,0.0,0.0,0.0,0.0,0.0,0.0,0,0,0.30987849831581116,1.0,0
AG0UDXBFAMAKI:validation:B00HUJNUSS,tail,1,1,1,1.0,1.0,1.0,1.0,1.0,1.0,0,0,0.33883023262023926,1.0,0
AG50K3NZQ6QJX:validation:B0026NDRWW,tail,,,0,0.0,0.0,0.0,0.0,0.0,0.0,0,0,0.2897118031978607,1.0,0
AGGAR5GNA865S:validation:B00DOQCTVK,tail,,,0,0.0,0.0,0.0,0.0,0.0,0.0,0,0,0.3601868748664856,1.0,0
AGH7CAV7REAL0:validation:B0038AYM80,tail,3,2,1,1.0,0.5,1.0,1.0,0.6309297535714575,1.0,1,0,0.3418332636356354,1.0,0
AGIRDCS6B72K5:validation:B000VSOK1G,tail,,,0,0.0,0.0,0.0,0.0,0.0,0.0,0,0,0.3239753842353821,1.0,0
AGNPOWQ5M3FGW:validation:B006ROJJCS,head,25,23,1,0.0,0.0,1.0,0.0,0.0,1.0,1,0,0.3064364790916443,1.0,0
AGRYW8E662Q8P:validation:B000ICNZR0,head,,,0,0.0,0.0,0.0,0.0,0.0,0.0,0,0,0.2668061852455139,1.0,0
AH1MIAI6SNXNL:validation:B002EQ9V1M,head,,,0,0.0,0.0,0.0,0.0,0.0,0.0,0,0,0.3306046724319458,1.0,0
AH8NSTRCCQNQ9:validation:B0033BM3K8,head,,,0,0.0,0.0,0.0,0.0,0.0,0.0,0,0,0.3342849612236023,1.0,0
AHALATPYHRDV6:validation:B000J52AGI,tail,,,0,0.0,0.0,0.0,0.0,0.0,0.0,0,0,0.3072992265224457,1.0,0
AHFDAZ81Q304E:validation:B008C0NIN6,tail,,,0,0.0,0.0,0.0,0.0,0.0,0.0,0,0,0.309817910194397,1.0,0
AHHUNTFQGUGX8:validation:B00G69QBA2,tail,,,0,0.0,0.0,0.0,0.0,0.0,0.0,0,0,0.3490186929702759,1.0,0
AHL7BZN8TLRDO:validation:B002B555QQ,head,,,0,0.0,0.0,0.0,0.0,0.0,0.0,0,0,0.35648295283317566,1.0,0
AHMKQKJE55LJI:validation:B0014E7DIS,head,,,0,0.0,0.0,0.0,0.0,0.0,0.0,0,0,0.2941589951515198,1.0,0
AHS6PX6H22WW1:validation:B00CKH9UQQ,head,,,0,0.0,0.0,0.0,0.0,0.0,0.0,0,0,0.302200049161911,1.0,0
AHVVDZGRR4NVJ:validation:B00B3YT030,head,17,46,1,0.0,0.0,1.0,0.0,0.0,1.0,1,0,0.31257766485214233,1.0,0
AHWM7QXSK7LO3:validation:B001543YEY,head,47,30,1,0.0,0.0,1.0,0.0,0.0,1.0,1,0,0.30023038387298584,1.0,0
AI0KS6TKN9599:validation:B007J3ZYV6,tail,,,0,0.0,0.0,0.0,0.0,0.0,0.0,0,0,0.35838189721107483,1.0,0
AIL2TRFIZ6Q7C:validation:B0051DT5FW,tail,,,0,0.0,0.0,0.0,0.0,0.0,0.0,0,0,0.35378339886665344,1.0,0
AINGNE1J86KTH:validation:B000UZI26E,tail,,,0,0.0,0.0,0.0,0.0,0.0,0.0,0,0,0.2763192355632782,1.0,0
AIQBLQ0DKPW47:validation:B00006JZCG,head,,,0,0.0,0.0,0.0,0.0,0.0,0.0,0,0,0.2818913161754608,1.0,0
AITA68K11PTP3:validation:B004S6BXNA,tail,,,0,0.0,0.0,0.0,0.0,0.0,0.0,0,0,0.28014999628067017,1.0,0
AIVJ9TTZNAH1C:validation:B00D7OAOYI,tail,,,0,0.0,0.0,0.0,0.0,0.0,0.0,0,0,0.32348522543907166,1.0,0
AIZKHI4FS7RKS:validation:B002M78DSK,tail,,,0,0.0,0.0,0.0,0.0,0.0,0.0,0,0,0.32657527923583984,1.0,0
AJ88DMQ29WC2V:validation:B0090GWU08,tail,,,0,0.0,0.0,0.0,0.0,0.0,0.0,0,0,0.28311586380004883,1.0,0
AJ91FXLL2VBN7:validation:B00009YOQW,head,,,0,0.0,0.0,0.0,0.0,0.0,0.0,0,0,0.3130582571029663,1.0,0
AJKEEF2VCD9NJ:validation:B00000DMF5,head,,,0,0.0,0.0,0.0,0.0,0.0,0.0,0,0,0.31382644176483154,1.0,0
AJMLWZP2G6N9A:validation:B0002HYDL8,head,,,0,0.0,0.0,0.0,0.0,0.0,0.0,0,0,0.3580177426338196,1.0,0
AJN88DR6GHOAC:validation:B00HESBQOK,tail,3,3,1,1.0,0.5,1.0,1.0,0.5,1.0,0,0,0.3640640377998352,1.0,0
AK5EFXTR36OQ0:validation:B00CIUUSDY,head,,,0,0.0,0.0,0.0,0.0,0.0,0.0,0,0,0.3421000838279724,1.0,0
AK6OC8JSZ9X1K:validation:B0014GVMGK,tail,,,0,0.0,0.0,0.0,0.0,0.0,0.0,0,0,0.3072982430458069,1.0,0
AK7VV641LJGNU:validation:B0018Z4HY6,tail,,,0,0.0,0.0,0.0,0.0,0.0,0.0,0,0,0.3062894344329834,1.0,0
AKE6UQ22SF3QU:validation:B002OSWLKI,tail,,,0,0.0,0.0,0.0,0.0,0.0,0.0,0,0,0.3436073660850525,1.0,0
AKK5QFL31BKWM:validation:B001QBTAOY,head,,,0,0.0,0.0,0.0,0.0,0.0,0.0,0,0,0.3177856504917145,1.0,0
AKSAJKVR26RX2:validation:B003BAN3AU,head,,,0,0.0,0.0,0.0,0.0,0.0,0.0,0,0,0.31094563007354736,1.0,0
AKUNSPGONAASL:validation:B00A850S5E,head,,,0,0.0,0.0,0.0,0.0,0.0,0.0,0,0,0.34613877534866333,1.0,0
AL2G04ALAH7L0:validation:B00BU3ZLJQ,head,,,0,0.0,0.0,0.0,0.0,0.0,0.0,0,0,0.27943161129951477,1.0,0
AL5CUWBFBMWYQ:validation:B00ARQW0NM,head,,,0,0.0,0.0,0.0,0.0,0.0,0.0,0,0,0.3038870692253113,1.0,0
ALAJBVJSU1Z0X:validation:B004C7S70W,head,20,23,1,0.0,0.0,1.0,0.0,0.0,1.0,1,0,0.307067334651947,1.0,0
ALFM6GEX9O328:validation:B000GKD09C,head,4,3,1,1.0,0.43067655807339306,1.0,1.0,0.5,1.0,1,0,0.3446207344532013,1.0,0
ALHOHT4XS5N70:validation:B00862JXZW,tail,43,28,1,0.0,0.0,1.0,0.0,0.0,1.0,1,0,0.3582429885864258,1.0,0
ALJYD7XKFVZDU:validation:B003H821N6,tail,,,0,0.0,0.0,0.0,0.0,0.0,0.0,0,0,0.3071362376213074,1.0,0
ALQSPGTDKCGW1:validation:B00ERZNRO0,tail,1,1,1,1.0,1.0,1.0,1.0,1.0,1.0,0,0,0.3401455283164978,1.0,0
ALTKEHGTZVY28:validation:B006HDF32Y,head,,,0,0.0,0.0,0.0,0.0,0.0,0.0,0,0,0.3079461455345154,1.0,0
ALXDCS16EP3ZR:validation:B000FZVNM4,tail,,,0,0.0,0.0,0.0,0.0,0.0,0.0,0,0,0.3369736671447754,1.0,0
AM2IR1V5EU55U:validation:B00BQYQZZS,head,49,30,1,0.0,0.0,1.0,0.0,0.0,1.0,1,0,0.3588614761829376,1.0,0
AM3GXWFFVDT29:validation:B001M2FNH0,head,2,2,1,1.0,0.6309297535714575,1.0,1.0,0.6309297535714575,1.0,0,0,0.2690850794315338,1.0,0
AM3XNQU9TZBD8:validation:B007WW42E4,tail,,,0,0.0,0.0,0.0,0.0,0.0,0.0,0,0,0.30169790983200073,1.0,0
AMAGXAB28XNEM:validation:B004PS8M6W,tail,,,0,0.0,0.0,0.0,0.0,0.0,0.0,0,0,0.3514999747276306,1.0,0
AMBF79PX7LIDR:validation:B0044T2KBU,head,48,29,1,0.0,0.0,1.0,0.0,0.0,1.0,1,0,0.33688825368881226,1.0,0
AMGPE8L9CFDA2:validation:B004PZZCSG,tail,11,10,1,0.0,0.0,1.0,1.0,0.2890648263178879,1.0,1,0,0.3598504066467285,1.0,0
AMJLUVC38PVWE:validation:B004S8F7QM,head,,,0,0.0,0.0,0.0,0.0,0.0,0.0,0,0,0.3001241087913513,1.0,0
AML5JLIMUPWGW:validation:B00DPK11Y6,head,1,1,1,1.0,1.0,1.0,1.0,1.0,1.0,0,0,0.33513593673706055,1.0,0
AMNNWD4PLVRU4:validation:B00DPK11ZA,head,,,0,0.0,0.0,0.0,0.0,0.0,0.0,0,0,0.30430951714515686,1.0,0
AMPX3331B26QH:validation:B008DVR2F4,tail,,,0,0.0,0.0,0.0,0.0,0.0,0.0,0,0,0.35985666513442993,1.0,0
AMQWWN5Y9NVP9:validation:B003UV8POO,head,,,0,0.0,0.0,0.0,0.0,0.0,0.0,0,0,0.28003019094467163,1.0,0
AMUJ9PFRADCIU:validation:B0036RKJUK,tail,,,0,0.0,0.0,0.0,0.0,0.0,0.0,0,0,0.2857644557952881,1.0,0
AN0TJIZD4B58E:validation:B00G69QGPW,tail,,92,1,0.0,0.0,0.0,0.0,0.0,0.0,1,0,0.36113378405570984,1.0,0
AN2KA0IW7QGQ:validation:B001H07J0Q,tail,30,95,1,0.0,0.0,1.0,0.0,0.0,0.0,1,0,0.28474152088165283,1.0,0
AN49G1NJDOT94:validation:B004LM72ZY,tail,,,0,0.0,0.0,0.0,0.0,0.0,0.0,0,0,0.3453487753868103,1.0,0
AN55FWHD2PHMO:validation:B00FK7QBJC,tail,,,0,0.0,0.0,0.0,0.0,0.0,0.0,0,0,0.26611757278442383,1.0,0
ANB8SOYOXO9W2:validation:B000K27MPO,tail,,,0,0.0,0.0,0.0,0.0,0.0,0.0,0,0,0.3067653179168701,1.0,0
ANH1F1BNSGUVD:validation:B00CHFP1FK,tail,,,0,0.0,0.0,0.0,0.0,0.0,0.0,0,0,0.3112000823020935,1.0,0
ANMSMHURYML4D:validation:B002VUC1DQ,tail,,,0,0.0,0.0,0.0,0.0,0.0,0.0,0,0,0.33924901485443115,1.0,0
ANOVW3DZ7YSNF:validation:B005CWGJ6K,tail,,,0,0.0,0.0,0.0,0.0,0.0,0.0,0,0,0.3041326403617859,1.0,0
ANPHYZGDANR45:validation:B002CICG3M,head,,,0,0.0,0.0,0.0,0.0,0.0,0.0,0,0,0.3458598852157593,1.0,0
ANPTHLKNDONR5:validation:B00CV5PN2W,tail,,96,1,0.0,0.0,0.0,0.0,0.0,0.0,1,0,0.35636991262435913,1.0,0
ANTGGAQYPSWHF:validation:B00FG1U7FQ,tail,,,0,0.0,0.0,0.0,0.0,0.0,0.0,0,0,0.2980552315711975,1.0,0
ANYX1D5SG0MI7:validation:B002SPU2YY,tail,,,0,0.0,0.0,0.0,0.0,0.0,0.0,0,0,0.3403013348579407,1.0,0
AO1VDV1EA72AN:validation:B005QZP31U,head,,,0,0.0,0.0,0.0,0.0,0.0,0.0,0,0,0.30820780992507935,1.0,0
AO2AQRPPSTABB:validation:B00CI6JDIY,head,,,0,0.0,0.0,0.0,0.0,0.0,0.0,0,0,0.3020693063735962,1.0,0
AO3UMFAZDCXY1:validation:B00E5P24DW,head,,,0,0.0,0.0,0.0,0.0,0.0,0.0,0,0,0.3268062472343445,1.0,0
AOG8PWV2F0G26:validation:B000PEOMC8,tail,,,0,0.0,0.0,0.0,0.0,0.0,0.0,0,0,0.34841763973236084,1.0,0
AOI6Y6GO2G5E8:validation:B0047WZH0U,tail,,,0,0.0,0.0,0.0,0.0,0.0,0.0,0,0,0.3303660750389099,1.0,0
AOOHHVXG1CI7O:validation:B0060GDYJC,tail,1,1,1,1.0,1.0,1.0,1.0,1.0,1.0,0,0,0.2934094965457916,1.0,0
AP1Y4KSKI2KMO:validation:B000O7ISY4,head,,,0,0.0,0.0,0.0,0.0,0.0,0.0,0,0,0.3259525001049042,1.0,0
AP36RZOTV0O2Z:validation:B00026ZEDK,head,,,0,0.0,0.0,0.0,0.0,0.0,0.0,0,0,0.34516584873199463,1.0,0
APAXM508H1DMM:validation:B00005BZKD,head,,,0,0.0,0.0,0.0,0.0,0.0,0.0,0,0,0.3136902451515198,1.0,0
APDUZSMC9VKVO:validation:B007RTFZLQ,tail,,,0,0.0,0.0,0.0,0.0,0.0,0.0,0,0,0.3000043034553528,1.0,0
APKX06QQVP3UC:validation:B000PXVO7A,tail,,,0,0.0,0.0,0.0,0.0,0.0,0.0,0,0,0.2983432412147522,1.0,0
APORO3JUOR54G:validation:B00A8UT558,head,,,0,0.0,0.0,0.0,0.0,0.0,0.0,0,0,0.3426927924156189,1.0,0
APT7I9P8FDG6R:validation:B004FEHLWC,tail,,,0,0.0,0.0,0.0,0.0,0.0,0.0,0,0,0.3452271521091461,1.0,0
APUJKGTIOJCQT:validation:B0007WX1HA,tail,7,5,1,1.0,0.3333333333333333,1.0,1.0,0.38685280723454163,1.0,1,0,0.34724852442741394,1.0,0
AQ1MB0S0F3197:validation:B004PBLP5O,head,,,0,0.0,0.0,0.0,0.0,0.0,0.0,0,0,0.3389495015144348,1.0,0
AQ1XM9TPJZ5MR:validation:B003AIM52A,head,,,0,0.0,0.0,0.0,0.0,0.0,0.0,0,0,0.29862192273139954,1.0,0
AQ635T7ZMB660:validation:B00DOQCTVK,tail,,,0,0.0,0.0,0.0,0.0,0.0,0.0,0,0,0.3022933006286621,1.0,0
AQ73XG9JKRRXW:validation:B005OT55D4,tail,5,5,1,1.0,0.38685280723454163,1.0,1.0,0.38685280723454163,1.0,0,0,0.3213725686073303,1.0,0
AQAQLXGKRS1VY:validation:B00DMC6KAC,head,18,21,1,0.0,0.0,1.0,0.0,0.0,1.0,1,0,0.35538458824157715,1.0,0
AQC99Q29E10Z:validation:B000050B3H,head,,,0,0.0,0.0,0.0,0.0,0.0,0.0,0,0,0.32161784172058105,1.0,0
AQKN0LR4CQY28:validation:B00CXEXSUU,tail,,,0,0.0,0.0,0.0,0.0,0.0,0.0,0,0,0.3536608815193176,1.0,0
AQO0IC7P9NU4X:validation:B00G6MWM1Q,tail,,,0,0.0,0.0,0.0,0.0,0.0,0.0,0,0,0.32008516788482666,1.0,0
AQPWT449MAWH8:validation:B00F4WMA4I,tail,,,0,0.0,0.0,0.0,0.0,0.0,0.0,0,0,0.34196901321411133,1.0,0
AQSILHK8964MX:validation:B007XVYPS2,head,,,0,0.0,0.0,0.0,0.0,0.0,0.0,0,0,0.30223286151885986,1.0,0
AQWS3HBGGR8XW:validation:B007XVYO3I,head,,,0,0.0,0.0,0.0,0.0,0.0,0.0,0,0,0.29821300506591797,1.0,0
AQX8T9SFFK43U:validation:B004H0MC5A,tail,3,3,1,1.0,0.5,1.0,1.0,0.5,1.0,0,0,0.2741198241710663,1.0,0
AQXWXVL0XPZ0T:validation:B007HVG66M,tail,,53,1,0.0,0.0,0.0,0.0,0.0,0.0,1,0,0.26046043634414673,1.0,0
AQYH2DHP78S83:validation:B004DJ51WQ,head,43,38,1,0.0,0.0,1.0,0.0,0.0,1.0,1,0,0.33451488614082336,1.0,0
AR01C3SYL0MTP:validation:B00000IWIT,head,,,0,0.0,0.0,0.0,0.0,0.0,0.0,0,0,0.33191239833831787,1.0,0
AR0BDSQ7PDJX:validation:B003AH6NII,head,,,0,0.0,0.0,0.0,0.0,0.0,0.0,0,0,0.3256003260612488,1.0,0
ARABO3TL4UX0G:validation:B003C0BPHW,tail,,,0,0.0,0.0,0.0,0.0,0.0,0.0,0,0,0.35812780261039734,1.0,0
ARMUS4IQO2AN0:validation:B003TUKEM2,head,,,0,0.0,0.0,0.0,0.0,0.0,0.0,0,0,0.28298839926719666,1.0,0
ARSNAGZWXP7GN:validation:B007J3FA8I,head,,,0,0.0,0.0,0.0,0.0,0.0,0.0,0,0,0.3224348723888397,1.0,0
ASD7LAINVLNHC:validation:B00B1Z6FKW,head,,,0,0.0,0.0,0.0,0.0,0.0,0.0,0,0,0.3080955445766449,1.0,0
ASEYZYO85DOTA:validation:B00CG0CL1S,head,,,0,0.0,0.0,0.0,0.0,0.0,0.0,0,0,0.2994532585144043,1.0,0
ASGEI5BWEL7CQ:validation:B005VPREBM,tail,,,0,0.0,0.0,0.0,0.0,0.0,0.0,0,0,0.35720914602279663,1.0,0
ASLHOMCVQI6BM:validation:B00023HVKC,head,11,11,1,0.0,0.0,1.0,0.0,0.0,1.0,0,0,0.3151448965072632,1.0,0
ASO5DJV4EE9MK:validation:B002YL4856,tail,,,0,0.0,0.0,0.0,0.0,0.0,0.0,0,0,0.3165326416492462,1.0,0
ASRIOCTQPKK1B:validation:B0001NE7C8,tail,,,0,0.0,0.0,0.0,0.0,0.0,0.0,0,0,0.27642402052879333,1.0,0
ASSZI3B85PTO7:validation:B00DGQP3WU,head,,,0,0.0,0.0,0.0,0.0,0.0,0.0,0,0,0.31086215376853943,1.0,0
ASUJADILJ5UK8:validation:B001U3Y5XE,head,,,0,0.0,0.0,0.0,0.0,0.0,0.0,0,0,0.3595375120639801,1.0,0
ASYSUO2RQMCF:validation:B0001J2NKK,head,6,6,1,1.0,0.3562071871080222,1.0,1.0,0.3562071871080222,1.0,0,0,0.34373605251312256,1.0,0
AT1RF4WNPGGLC:validation:B00EAHY1QS,tail,,,0,0.0,0.0,0.0,0.0,0.0,0.0,0,0,0.35436517000198364,1.0,0
ATN4J5VS8Q0YM:validation:B007ADICI2,head,24,22,1,0.0,0.0,1.0,0.0,0.0,1.0,1,0,0.27757132053375244,1.0,0
AUCMAF06RXT9W:validation:B001W30D2O,head,4,4,1,1.0,0.43067655807339306,1.0,1.0,0.43067655807339306,1.0,0,0,0.30693620443344116,1.0,0
AUE5TYGY5Q8KG:validation:B00CMQTVUA,head,,,0,0.0,0.0,0.0,0.0,0.0,0.0,0,0,0.3279281258583069,1.0,0
AUNK2GN1VD1OD:validation:0786959916,head,29,23,1,0.0,0.0,1.0,0.0,0.0,1.0,1,0,0.35924237966537476,1.0,0
AUQ814GTDM07J:validation:B00851EHAA,tail,,,0,0.0,0.0,0.0,0.0,0.0,0.0,0,0,0.3556952476501465,1.0,0
AURB6K3RCWGRP:validation:1570545340,tail,,,0,0.0,0.0,0.0,0.0,0.0,0.0,0,0,0.2980806827545166,1.0,0
AUSOH5MN1X6W1:validation:B00C58ZQGS,tail,,,0,0.0,0.0,0.0,0.0,0.0,0.0,0,0,0.3100890815258026,1.0,0
AV9DPXOEKRI97:validation:B0050D1V2I,head,,,0,0.0,0.0,0.0,0.0,0.0,0.0,0,0,0.286023885011673,1.0,0
AVKF5UOGIH94V:validation:B0083SSMEM,head,,,0,0.0,0.0,0.0,0.0,0.0,0.0,0,0,0.35719597339630127,1.0,0
AVSYVH92H3Y64:validation:B005688T5E,head,,,0,0.0,0.0,0.0,0.0,0.0,0.0,0,0,0.299602746963501,1.0,0
AVWD6O8U4A1WC:validation:B000308FS6,tail,,,0,0.0,0.0,0.0,0.0,0.0,0.0,0,0,0.3309812545776367,1.0,0
AW1TYENSI11UK:validation:B008DBZC92,tail,1,1,1,1.0,1.0,1.0,1.0,1.0,1.0,0,0,0.3351507782936096,1.0,0
AW5JSQCHC2ZJO:validation:B00EAHXYDO,tail,4,4,1,1.0,0.43067655807339306,1.0,1.0,0.43067655807339306,1.0,0,0,0.304401159286499,1.0,0
AW6B5VJS1H7N:validation:B000MPMGNM,tail,,,0,0.0,0.0,0.0,0.0,0.0,0.0,0,0,0.3161270320415497,1.0,0
AW988J3XN3PPF:validation:B0083TXZCA,tail,,,0,0.0,0.0,0.0,0.0,0.0,0.0,0,0,0.30638790130615234,1.0,0
AW9EXFGKM8XEU:validation:B000NADFOU,tail,,,0,0.0,0.0,0.0,0.0,0.0,0.0,0,0,0.31961578130722046,1.0,0
AWBZ4E5Q7890R:validation:B00092A7FC,tail,,,0,0.0,0.0,0.0,0.0,0.0,0.0,0,0,0.3589751422405243,1.0,0
AWE14EY6BGSV0:validation:B007Q0OUZ8,tail,,,0,0.0,0.0,0.0,0.0,0.0,0.0,0,0,0.34463977813720703,1.0,0
AWFA4158DDDWC:validation:B000VRE5G2,tail,,,0,0.0,0.0,0.0,0.0,0.0,0.0,0,0,0.3112155795097351,1.0,0
AWH5M7MN0Z4H3:validation:B00FNIDBS2,tail,,,0,0.0,0.0,0.0,0.0,0.0,0.0,0,0,0.35252660512924194,1.0,0
AWHWG5H62624N:validation:B004PBLJCS,tail,,,0,0.0,0.0,0.0,0.0,0.0,0.0,0,0,0.2671082019805908,1.0,0
AWL1QTMSRIAG3:validation:B0089RPUHO,head,,,0,0.0,0.0,0.0,0.0,0.0,0.0,0,0,0.3458172082901001,1.0,0
AWSG5DCUAV744:validation:B000GKATU0,head,6,6,1,1.0,0.3562071871080222,1.0,1.0,0.3562071871080222,1.0,0,0,0.33385422825813293,1.0,0
AWUHTU7IPQJMB:validation:B00008X340,head,,,0,0.0,0.0,0.0,0.0,0.0,0.0,0,0,0.26949945092201233,1.0,0
AX19UC69IKIS7:validation:B00COLHN08,tail,,75,1,0.0,0.0,0.0,0.0,0.0,0.0,1,0,0.3590177297592163,1.0,0
AX6EWOUWS7XCA:validation:B0089F9EFK,tail,,,0,0.0,0.0,0.0,0.0,0.0,0.0,0,0,0.3458496332168579,1.0,0
AX7317G153T8W:validation:B00IVFCCMA,tail,,,0,0.0,0.0,0.0,0.0,0.0,0.0,0,0,0.3017958402633667,1.0,0
AXIZ6NPAN104X:validation:B00487TU20,tail,6,8,1,1.0,0.3562071871080222,1.0,1.0,0.31546487678572877,1.0,1,0,0.32948973774909973,1.0,0
AXNLVSBK4T5E7:validation:B00474EZCY,head,20,32,1,0.0,0.0,1.0,0.0,0.0,1.0,1,0,0.33479923009872437,1.0,0
AXUMQ3L9HBYTR:validation:B003D7F4YY,head,,,0,0.0,0.0,0.0,0.0,0.0,0.0,0,0,0.3257690668106079,1.0,0
AXVV08J873YVZ:validation:B00BWZXDTC,tail,1,1,1,1.0,1.0,1.0,1.0,1.0,1.0,0,0,0.3171800971031189,1.0,0
AYAL91PGH2UXX:validation:B00CKH9URU,head,,,0,0.0,0.0,0.0,0.0,0.0,0.0,0,0,0.31150949001312256,1.0,0
AYMH7TOU5AR19:validation:B003M0ZX5C,tail,,,0,0.0,0.0,0.0,0.0,0.0,0.0,0,0,0.32528793811798096,1.0,0
AYO8OMS2DFP92:validation:B002BY2BVE,head,4,4,1,1.0,0.43067655807339306,1.0,1.0,0.43067655807339306,1.0,0,0,0.3636777102947235,1.0,0
AYSUDN83KX3QE:validation:B009TQA8NK,tail,,,0,0.0,0.0,0.0,0.0,0.0,0.0,0,0,0.3411861062049866,1.0,0
AYXTTIHHOIQIW:validation:B008K953CI,tail,,,0,0.0,0.0,0.0,0.0,0.0,0.0,0,0,0.30595141649246216,1.0,0
AZDYMNU9NABDS:validation:B009F7OT38,head,,,0,0.0,0.0,0.0,0.0,0.0,0.0,0,0,0.2974610924720764,1.0,0
AZGQR5ZE1SH1Q:validation:B0083TXXCC,tail,,,0,0.0,0.0,0.0,0.0,0.0,0.0,0,0,0.30407077074050903,1.0,0
AZOQGI46XQOY:validation:B00A8HOYMU,tail,,,0,0.0,0.0,0.0,0.0,0.0,0.0,0,0,0.3254891037940979,1.0,0
AZPF8DMGRYQL1:validation:B00B89LZ4C,tail,,,0,0.0,0.0,0.0,0.0,0.0,0.0,0,0,0.36142832040786743,1.0,0
AZZLI36GZV6ZD:validation:B00008X340,head,,,0,0.0,0.0,0.0,0.0,0.0,0.0,0,0,0.3278627395629883,1.0,0
