sample_key,target_group,baseline_rank,candidate_rank,union_covered,baseline_Recall@10,baseline_NDCG@10,baseline_Recall@50,candidate_Recall@10,candidate_NDCG@10,candidate_Recall@50,changed,broad_harm,residual_spread,safety_multiplier,attenuated
A00414041RD0BXM6WK0GX:validation:B00GRTQBTM,tail,,51,1,0.0,0.0,0.0,0.0,0.0,0.0,1,0,0.30481085181236267,1.0,0
A029527620Q3SK5XW16RR:validation:B001ET76EY,head,,,0,0.0,0.0,0.0,0.0,0.0,0.0,0,0,0.28719809651374817,1.0,0
A101E37WFPUEII:validation:B006L0XVEU,tail,,,0,0.0,0.0,0.0,0.0,0.0,0.0,0,0,0.2916386127471924,1.0,0
A103ZVTCQUF348:validation:B007R6AOA6,tail,,,0,0.0,0.0,0.0,0.0,0.0,0.0,0,0,0.28483790159225464,1.0,0
A10AVFDDU87KJ4:validation:B000271KR8,head,,,0,0.0,0.0,0.0,0.0,0.0,0.0,0,0,0.2812758684158325,1.0,0
A10NJPRAGAWRCA:validation:B007PKSWQM,tail,,,0,0.0,0.0,0.0,0.0,0.0,0.0,0,0,0.28375470638275146,1.0,0
A10X8YSZ83R2AJ:validation:B001LXMI3M,tail,,,0,0.0,0.0,0.0,0.0,0.0,0.0,0,0,0.2884240448474884,1.0,0
A10Y098YW7HDZJ:validation:B007L7XQT2,tail,,83,1,0.0,0.0,0.0,0.0,0.0,0.0,1,0,0.2872333526611328,1.0,0
A11LGC72DJCXXZ:validation:B008PTPSF0,head,,,0,0.0,0.0,0.0,0.0,0.0,0.0,0,0,0.29412931203842163,1.0,0
A11LZHTXDHSHA8:validation:B0063TVD94,tail,,54,1,0.0,0.0,0.0,0.0,0.0,0.0,1,0,0.28434962034225464,1.0,0
A122QASAEOTNM8:validation:B001H54VJI,head,,,0,0.0,0.0,0.0,0.0,0.0,0.0,0,0,0.29187658429145813,1.0,0
A12BZU9LUL2AOY:validation:B004WPGXSW,head,,,0,0.0,0.0,0.0,0.0,0.0,0.0,0,0,0.2863025367259979,1.0,0
A12ID3728NY8AT:validation:B000HLH79E,tail,,,0,0.0,0.0,0.0,0.0,0.0,0.0,0,0,0.2920960783958435,1.0,0
A12LN1UTGCPU4R:validation:B005O30Q0M,tail,,,0,0.0,0.0,0.0,0.0,0.0,0.0,0,0,0.3476678729057312,1.0,0
A12RNPBA6RHPIG:validation:B001EXJPIU,tail,,,0,0.0,0.0,0.0,0.0,0.0,0.0,0,0,0.29551249742507935,1.0,0
A12S38AVBTZ8HI:validation:B00F4VX9G2,tail,,,0,0.0,0.0,0.0,0.0,0.0,0.0,0,0,0.28739073872566223,1.0,0
A12S548AI0R7DU:validation:B006OHM1M8,tail,,,0,0.0,0.0,0.0,0.0,0.0,0.0,0,0,0.2890397906303406,1.0,0
A12VIA1V32XSZW:validation:B006ZBP8NM,head,,,0,0.0,0.0,0.0,0.0,0.0,0.0,0,0,0.28457096219062805,1.0,0
A134C9GVEU5TQE:validation:B00GLS58SO,head,,,0,0.0,0.0,0.0,0.0,0.0,0.0,0,0,0.2873528301715851,1.0,0
A137GVYB96VNX3:validation:B007U90J5U,head,,,0,0.0,0.0,0.0,0.0,0.0,0.0,0,0,0.2830319106578827,1.0,0
A13JU88JAHN72I:validation:B006L67FKK,tail,,,0,0.0,0.0,0.0,0.0,0.0,0.0,0,0,0.29832926392555237,1.0,0
A13QVE6RCEFJGX:validation:B000GCQV9G,head,,,0,0.0,0.0,0.0,0.0,0.0,0.0,0,0,0.2934536337852478,1.0,0
A13SJWLL0O7OYB:validation:B005GMYQ52,tail,,,0,0.0,0.0,0.0,0.0,0.0,0.0,0,0,0.2925799489021301,1.0,0
A13STKDYQO5DQ8:validation:B0008IV7BU,head,,,0,0.0,0.0,0.0,0.0,0.0,0.0,0,0,0.28363096714019775,1.0,0
A1433NBG6QPR1D:validation:B009ND81NS,tail,,,0,0.0,0.0,0.0,0.0,0.0,0.0,0,0,0.3059270977973938,1.0,0
A149I93AGD8XQV:validation:B007RTR89S,head,,,0,0.0,0.0,0.0,0.0,0.0,0.0,0,0,0.29125651717185974,1.0,0
A14C1ATPQD4DY7:validation:B002UUT38I,head,,,0,0.0,0.0,0.0,0.0,0.0,0.0,0,0,0.28264012932777405,1.0,0
A14DR2RP5PAKNS:validation:B004VMGTY4,head,,,0,0.0,0.0,0.0,0.0,0.0,0.0,0,0,0.35033756494522095,1.0,0
A14G3AZAND93VM:validation:B00GTBZOVE,head,,,0,0.0,0.0,0.0,0.0,0.0,0.0,0,0,0.2989366054534912,1.0,0
A14IKRE5S0GIL3:validation:B001V9OWNU,tail,,,0,0.0,0.0,0.0,0.0,0.0,0.0,0,0,0.29676732420921326,1.0,0
A14NKDOVP17SPD:validation:B006UETRWC,head,,,0,0.0,0.0,0.0,0.0,0.0,0.0,0,0,0.2945944368839264,1.0,0
A14S8FSBB506VR:validation:B008VHGW7Y,head,,,0,0.0,0.0,0.0,0.0,0.0,0.0,0,0,0.2829800248146057,1.0,0
A14X244VGHWPSX:validation:B00GZ18LL8,head,15,15,1,0.0,0.0,1.0,0.0,0.0,1.0,0,0,0.28603076934814453,1.0,0
A14Z6D3IRJ23F7:validation:B001TSQYHA,tail,,,0,0.0,0.0,0.0,0.0,0.0,0.0,0,0,0.2850188612937927,1.0,0
A153K9PI177V6J:validation:B001U85CO0,tail,,,0,0.0,0.0,0.0,0.0,0.0,0.0,0,0,0.2844330668449402,1.0,0
A15COO4M0DUCZX:validation:B007UM8ZGM,head,,,0,0.0,0.0,0.0,0.0,0.0,0.0,0,0,0.2854419946670532,1.0,0
A15LK8DSFQZZ52:validation:B00GTBZI6A,head,23,21,1,0.0,0.0,1.0,0.0,0.0,1.0,1,0,0.2794530987739563,1.0,0
A15ONGXK0WGXOU:validation:B004Y9L926,head,,,0,0.0,0.0,0.0,0.0,0.0,0.0,0,0,0.28170743584632874,1.0,0
A15UX89H2A2VZZ:validation:B00C7DYBX0,head,36,33,1,0.0,0.0,1.0,0.0,0.0,1.0,1,0,0.3474268913269043,1.0,0
A15ZZ0M4AZP8Z7:validation:B0021MLVA8,tail,,,0,0.0,0.0,0.0,0.0,0.0,0.0,0,0,0.28356456756591797,1.0,0
A160X2GYUQNQW0:validation:B006NMY0MS,tail,,,0,0.0,0.0,0.0,0.0,0.0,0.0,0,0,0.29054778814315796,1.0,0
A1645OHG1L9K34:validation:B005FVSH0O,head,37,37,1,0.0,0.0,1.0,0.0,0.0,1.0,0,0,0.28509488701820374,1.0,0
A164KUCBIO67RY:validation:B002VA4FX0,tail,,,0,0.0,0.0,0.0,0.0,0.0,0.0,0,0,0.292171835899353,1.0,0
A169G2DYSGDBEL:validation:B008HRRWHM,tail,,,0,0.0,0.0,0.0,0.0,0.0,0.0,0,0,0.2875179350376129,1.0,0
A16D1QTSZ0G68N:validation:B0082D9UZS,tail,,,0,0.0,0.0,0.0,0.0,0.0,0.0,0,0,0.2896953225135803,1.0,0
A16DBWVWD7W4W8:validation:B001KYVLSU,head,,,0,0.0,0.0,0.0,0.0,0.0,0.0,0,0,0.28794270753860474,1.0,0
A16HOF1WQ53ISU:validation:B004M7L1XW,tail,,,0,0.0,0.0,0.0,0.0,0.0,0.0,0,0,0.28656280040740967,1.0,0
A16O41ZVTTGSDK:validation:B000NE6QP6,head,,,0,0.0,0.0,0.0,0.0,0.0,0.0,0,0,0.2937846779823303,1.0,0
A16WEI24KY91IY:validation:B003UNP20W,head,,,0,0.0,0.0,0.0,0.0,0.0,0.0,0,0,0.29078295826911926,1.0,0
A16ZKKJHDWC44Y:validation:B00480JHWK,tail,,,0,0.0,0.0,0.0,0.0,0.0,0.0,0,0,0.3438262939453125,1.0,0
A17437N1L775IJ:validation:B00HSNWXTI,head,19,18,1,0.0,0.0,1.0,0.0,0.0,1.0,1,0,0.27942895889282227,1.0,0
A176MY89Y44PWX:validation:B001189I3A,head,,,0,0.0,0.0,0.0,0.0,0.0,0.0,0,0,0.29121240973472595,1.0,0
A17A5EWM594WKZ:validation:B000NJJFBI,tail,,,0,0.0,0.0,0.0,0.0,0.0,0.0,0,0,0.2954082489013672,1.0,0
A17FILE2EC6RFG:validation:B000AADG0G,tail,,52,1,0.0,0.0,0.0,0.0,0.0,0.0,1,0,0.35362961888313293,1.0,0
A17IEL3C0LQYRE:validation:B00A76CPUA,head,2,2,1,1.0,0.6309297535714575,1.0,1.0,0.6309297535714575,1.0,0,0,0.2869645357131958,1.0,0
A17RN0P9J4B11T:validation:B009RNUH7C,tail,,,0,0.0,0.0,0.0,0.0,0.0,0.0,0,0,0.3547961115837097,1.0,0
A17UEV3W4G7WJL:validation:B002PBLH3Q,head,,,0,0.0,0.0,0.0,0.0,0.0,0.0,0,0,0.29005929827690125,1.0,0
A17WAAOYWQFY2T:validation:B002PBLH3Q,head,,,0,0.0,0.0,0.0,0.0,0.0,0.0,0,0,0.2922446131706238,1.0,0
A18A1MUFQPDD7G:validation:B001P3074A,tail,,,0,0.0,0.0,0.0,0.0,0.0,0.0,0,0,0.2891477942466736,1.0,0
A18BYJLY7EZ2QS:validation:B004D282AQ,tail,,,0,0.0,0.0,0.0,0.0,0.0,0.0,0,0,0.28984275460243225,1.0,0
A18C1XO7WMOFTD:validation:B004LXHEX8,head,,,0,0.0,0.0,0.0,0.0,0.0,0.0,0,0,0.29617950320243835,1.0,0
A18D6WRAZ57IK6:validation:B006UETAB0,head,,,0,0.0,0.0,0.0,0.0,0.0,0.0,0,0,0.28741219639778137,1.0,0
A18EIQ7C6XGYNG:validation:B002S8S036,tail,,,0,0.0,0.0,0.0,0.0,0.0,0.0,0,0,0.285167932510376,1.0,0
A18GSWU5KYWBXL:validation:B000F35R00,head,17,16,1,0.0,0.0,1.0,0.0,0.0,1.0,1,0,0.29088616371154785,1.0,0
A18ONEHLDUBF76:validation:B0094WOKY2,tail,,,0,0.0,0.0,0.0,0.0,0.0,0.0,0,0,0.288726806640625,1.0,0
A18RO1TUN7N8HG:validation:B00014DZ2K,tail,,,0,0.0,0.0,0.0,0.0,0.0,0.0,0,0,0.28263550996780396,1.0,0
A18SNZN6Z16NCV:validation:B001KYRVSO,head,,,0,0.0,0.0,0.0,0.0,0.0,0.0,0,0,0.3488844633102417,1.0,0
A19LOOL0SE6PBU:validation:B005WKFS6E,tail,28,27,1,0.0,0.0,1.0,0.0,0.0,1.0,1,0,0.28760409355163574,1.0,0
A1A3M4L3UD8V8B:validation:B001ET78BU,head,,,0,0.0,0.0,0.0,0.0,0.0,0.0,0,0,0.28535962104797363,1.0,0
A1A3PA9LL8DQRG:validation:B002ULRAQE,head,,,0,0.0,0.0,0.0,0.0,0.0,0.0,0,0,0.2906986176967621,1.0,0
A1A723FP1LQI68:validation:B00DDD3OB8,tail,33,30,1,0.0,0.0,1.0,0.0,0.0,1.0,1,0,0.3496173024177551,1.0,0
A1A8KY344FDXZB:validation:B009GMYMQ6,tail,,,0,0.0,0.0,0.0,0.0,0.0,0.0,0,0,0.3488249182701111,1.0,0
A1ACF7OZ5Z45HX:validation:B006POOQ1E,tail,,,0,0.0,0.0,0.0,0.0,0.0,0.0,0,0,0.29095199704170227,1.0,0
A1ALLX746J1O5O:validation:B006POOQ1E,tail,,,0,0.0,0.0,0.0,0.0,0.0,0.0,0,0,0.3469275236129761,1.0,0
A1ANIWWT732WAJ:validation:B003SSVKBY,tail,,,0,0.0,0.0,0.0,0.0,0.0,0.0,0,0,0.3510262966156006,1.0,0
A1APJ9BVO8KFTU:validation:B000Q97ZS0,tail,,,0,0.0,0.0,0.0,0.0,0.0,0.0,0,0,0.2862579822540283,1.0,0
A1APT9S64ARZYX:validation:B005OZXHEW,tail,,,0,0.0,0.0,0.0,0.0,0.0,0.0,0,0,0.2833089828491211,1.0,0
A1AWG5YI38D600:validation:B002LZYVWA,head,,,0,0.0,0.0,0.0,0.0,0.0,0.0,0,0,0.2848977744579315,1.0,0
A1AZM0YK2P1LV7:validation:B0046VGIRI,head,22,20,1,0.0,0.0,1.0,0.0,0.0,1.0,1,0,0.29040172696113586,1.0,0
A1B02TIC9SK2AX:validation:B0067YU8DC,tail,,,0,0.0,0.0,0.0,0.0,0.0,0.0,0,0,0.3502964973449707,1.0,0
A1B0R9I86NKVTH:validation:B000ELP5KA,head,20,18,1,0.0,0.0,1.0,0.0,0.0,1.0,1,0,0.2872394025325775,1.0,0
A1B1YOOZW3EU3N:validation:B009D9O6YA,tail,,,0,0.0,0.0,0.0,0.0,0.0,0.0,0,0,0.2885892987251282,1.0,0
A1B87CS0IU0HZM:validation:B006GQCMJO,tail,,,0,0.0,0.0,0.0,0.0,0.0,0.0,0,0,0.28924036026000977,1.0,0
A1BA6C01G4GDIC:validation:B008RS4LO8,head,3,3,1,1.0,0.5,1.0,1.0,0.5,1.0,0,0,0.30160075426101685,1.0,0
A1BBNDXVMTRQPZ:validation:B008Q0E714,head,13,11,1,0.0,0.0,1.0,0.0,0.0,1.0,1,0,0.28905588388442993,1.0,0
A1BEZROHVME686:validation:B006VEAYEG,tail,,,0,0.0,0.0,0.0,0.0,0.0,0.0,0,0,0.29023128747940063,1.0,0
A1C21QBAZ1W4Z2:validation:B00AWLBAE2,head,2,2,1,1.0,0.6309297535714575,1.0,1.0,0.6309297535714575,1.0,0,0,0.2865411043167114,1.0,0
A1C40G2JQ541Z8:validation:B0091XL4B6,tail,,,0,0.0,0.0,0.0,0.0,0.0,0.0,0,0,0.28292179107666016,1.0,0
A1C4ZVSDA878NC:validation:B00AF9DGMA,tail,,,0,0.0,0.0,0.0,0.0,0.0,0.0,0,0,0.2861788272857666,1.0,0
A1CB237UIXHILI:validation:B004HYLTTG,tail,,,0,0.0,0.0,0.0,0.0,0.0,0.0,0,0,0.3492523431777954,1.0,0
A1CL5QGGKWH3BL:validation:B0016ZNWMG,tail,,,0,0.0,0.0,0.0,0.0,0.0,0.0,0,0,0.2845754623413086,1.0,0
A1CWFW12HXBDRS:validation:B0019LWU2K,head,,,0,0.0,0.0,0.0,0.0,0.0,0.0,0,0,0.28852272033691406,1.0,0
A1D4GH1MAN5OHR:validation:B007BETSM4,tail,,,0,0.0,0.0,0.0,0.0,0.0,0.0,0,0,0.2944907248020172,1.0,0
A1D7C23ZI4QL1:validation:B00150LT40,head,17,17,1,0.0,0.0,1.0,0.0,0.0,1.0,0,0,0.2893007695674896,1.0,0
A1DFD2QHHVP3VL:validation:B009A5ZQA0,tail,,,0,0.0,0.0,0.0,0.0,0.0,0.0,0,0,0.28553536534309387,1.0,0
A1DI0NIW6LNUU9:validation:B006SVCY6I,head,4,4,1,1.0,0.43067655807339306,1.0,1.0,0.43067655807339306,1.0,0,0,0.2839432954788208,1.0,0
A1DL8JAQ4UE2M7:validation:B001707IQ6,head,,,0,0.0,0.0,0.0,0.0,0.0,0.0,0,0,0.2858268618583679,1.0,0
A1DMUA4VVE3C6W:validation:B0051V1EQW,head,,,0,0.0,0.0,0.0,0.0,0.0,0.0,0,0,0.2879195511341095,1.0,0
A1DW1FK1H3F2TM:validation:B00GTC1KZ2,head,14,13,1,0.0,0.0,1.0,0.0,0.0,1.0,1,0,0.28362083435058594,1.0,0
A1DYNEMS8PB7X4:validation:B00CQ5C54G,tail,,,0,0.0,0.0,0.0,0.0,0.0,0.0,0,0,0.2833124101161957,1.0,0
A1E8AXASRF07GI:validation:B006GQPZ8E,head,,,0,0.0,0.0,0.0,0.0,0.0,0.0,0,0,0.28600412607192993,1.0,0
A1E8L3PG4Q1G7A:validation:B00699IIW8,head,25,25,1,0.0,0.0,1.0,0.0,0.0,1.0,0,0,0.2913471758365631,1.0,0
A1EKWVH8OCK83Q:validation:B0020MMD0G,head,,,0,0.0,0.0,0.0,0.0,0.0,0.0,0,0,0.28381291031837463,1.0,0
A1ENN8VVL4S12L:validation:B009ASC0UQ,tail,,,0,0.0,0.0,0.0,0.0,0.0,0.0,0,0,0.2807188332080841,1.0,0
A1ENPV2FE31VNW:validation:B0016ZNWMG,tail,,,0,0.0,0.0,0.0,0.0,0.0,0.0,0,0,0.2872684895992279,1.0,0
A1EQQIK6QU4JAH:validation:B0097G4QY4,tail,,,0,0.0,0.0,0.0,0.0,0.0,0.0,0,0,0.2911699712276459,1.0,0
A1ESRS94T40DIU:validation:B000VY2ZAI,tail,,,0,0.0,0.0,0.0,0.0,0.0,0.0,0,0,0.2873687446117401,1.0,0
A1F829N44NFFJH:validation:B000SA8FRM,tail,,,0,0.0,0.0,0.0,0.0,0.0,0.0,0,0,0.3057299852371216,1.0,0
A1F9Z42CFF9IAY:validation:B000052YM7,head,,,0,0.0,0.0,0.0,0.0,0.0,0.0,0,0,0.2931070327758789,1.0,0
A1FAAYZRTV13JB:validation:B005OYX1QM,tail,,,0,0.0,0.0,0.0,0.0,0.0,0.0,0,0,0.29325127601623535,1.0,0
A1FF092PR1359L:validation:B00CJ01QT8,tail,,,0,0.0,0.0,0.0,0.0,0.0,0.0,0,0,0.2881700396537781,1.0,0
A1FJFLAAQD5WH2:validation:B00GYB17XI,head,,,0,0.0,0.0,0.0,0.0,0.0,0.0,0,0,0.28389161825180054,1.0,0
A1FKME4X0H0QMA:validation:B008VHGW7Y,head,,,0,0.0,0.0,0.0,0.0,0.0,0.0,0,0,0.2887824773788452,1.0,0
A1FO8H332S134J:validation:B00DBNDS8Y,tail,,,0,0.0,0.0,0.0,0.0,0.0,0.0,0,0,0.28860247135162354,1.0,0
A1FQ0VGRKF3YKX:validation:B007RT19V6,head,,,0,0.0,0.0,0.0,0.0,0.0,0.0,0,0,0.3001458942890167,1.0,0
A1FR1XQFZEG3SR:validation:B003LDJK5O,tail,,,0,0.0,0.0,0.0,0.0,0.0,0.0,0,0,0.2878718376159668,1.0,0
A1FR2CY0RPJI70:validation:B002VBRPZO,tail,,,0,0.0,0.0,0.0,0.0,0.0,0.0,0,0,0.28804004192352295,1.0,0
A1FS2Q742E6BXS:validation:B006SVCY6I,head,,,0,0.0,0.0,0.0,0.0,0.0,0.0,0,0,0.2823459804058075,1.0,0
A1FZEF8I333XS7:validation:B001QXKDRA,tail,,,0,0.0,0.0,0.0,0.0,0.0,0.0,0,0,0.2888033390045166,1.0,0
A1GCOURMTPXKWI:validation:B000F5AG5E,head,,,0,0.0,0.0,0.0,0.0,0.0,0.0,0,0,0.28782743215560913,1.0,0
A1GDNK33STS2A1:validation:B00B1OOZU0,tail,,,0,0.0,0.0,0.0,0.0,0.0,0.0,0,0,0.284809947013855,1.0,0
A1GDRC3KZ2KCJJ:validation:B006SBMKH6,tail,,,0,0.0,0.0,0.0,0.0,0.0,0.0,0,0,0.2834095358848572,1.0,0
A1GHLAS2Y9EYLP:validation:B00AN9CHY0,tail,,,0,0.0,0.0,0.0,0.0,0.0,0.0,0,0,0.2884274423122406,1.0,0
A1GK058XDF7ZLK:validation:B002TPQPEE,head,,,0,0.0,0.0,0.0,0.0,0.0,0.0,0,0,0.34835630655288696,1.0,0
A1GPPMHYM6SMEW:validation:B004GV8H7C,tail,,,0,0.0,0.0,0.0,0.0,0.0,0.0,0,0,0.28701820969581604,1.0,0
A1GXT4J4ARW6LX:validation:B00A51P1VC,tail,,,0,0.0,0.0,0.0,0.0,0.0,0.0,0,0,0.2860298156738281,1.0,0
A1H3G3GLCXLQ1M:validation:B00243FOGG,tail,,,0,0.0,0.0,0.0,0.0,0.0,0.0,0,0,0.2910563349723816,1.0,0
A1H80VT09F509S:validation:B002K4YMIA,tail,,98,1,0.0,0.0,0.0,0.0,0.0,0.0,1,0,0.2926672697067261,1.0,0
A1HG6G029EQVZX:validation:B001E96MQC,tail,26,21,1,0.0,0.0,1.0,0.0,0.0,1.0,1,0,0.2852311432361603,1.0,0
A1HKG6IABCLUDC:validation:B0051E3426,tail,,,0,0.0,0.0,0.0,0.0,0.0,0.0,0,0,0.28713083267211914,1.0,0
A1HSQ41KGGXHNF:validation:B00B0QJC6Q,tail,,,0,0.0,0.0,0.0,0.0,0.0,0.0,0,0,0.29151201248168945,1.0,0
A1HTG0D6C66HGN:validation:B000GRENPA,tail,,,0,0.0,0.0,0.0,0.0,0.0,0.0,0,0,0.2950601577758789,1.0,0
A1HX60I21NW3W8:validation:B000OP7LTY,head,,,0,0.0,0.0,0.0,0.0,0.0,0.0,0,0,0.28743526339530945,1.0,0
A1I2SI4ERD9H45:validation:B005HO0A1I,head,,,0,0.0,0.0,0.0,0.0,0.0,0.0,0,0,0.30738452076911926,1.0,0
A1IFBIHD4SLBLZ:validation:B00178TVXG,head,11,10,1,0.0,0.0,1.0,1.0,0.2890648263178879,1.0,1,0,0.28029105067253113,1.0,0
A1ILFU8IRJAC1K:validation:B007XAV626,tail,,,0,0.0,0.0,0.0,0.0,0.0,0.0,0,0,0.2868974506855011,1.0,0
A1INE33UQ1B4Q3:validation:B009XRFA88,head,8,8,1,1.0,0.31546487678572877,1.0,1.0,0.31546487678572877,1.0,0,0,0.2861376404762268,1.0,0
A1IP9EW0BQTVD4:validation:B0009DT39W,head,,,0,0.0,0.0,0.0,0.0,0.0,0.0,0,0,0.29481765627861023,1.0,0
A1IT4BZFQ69KMD:validation:B0027VCNGO,head,,,0,0.0,0.0,0.0,0.0,0.0,0.0,0,0,0.28740349411964417,1.0,0
A1IU2NHZ0ANUSJ:validation:B0091W3622,tail,,,0,0.0,0.0,0.0,0.0,0.0,0.0,0,0,0.2835492789745331,1.0,0
A1IZ6T766A0FPR:validation:B002QFGKUQ,head,,,0,0.0,0.0,0.0,0.0,0.0,0.0,0,0,0.29069972038269043,1.0,0
A1IZVWAO5SDBLH:validation:B002B9DWBC,head,,,0,0.0,0.0,0.0,0.0,0.0,0.0,0,0,0.29022836685180664,1.0,0
A1JE7PUM5I3R5F:validation:B000ZMBSPE,head,,,0,0.0,0.0,0.0,0.0,0.0,0.0,0,0,0.28939589858055115,1.0,0
A1JF6SRUNDLD15:validation:B003EO46R2,tail,,,0,0.0,0.0,0.0,0.0,0.0,0.0,0,0,0.2845367193222046,1.0,0
A1JFYDF90M3WF5:validation:B009CZR3Y0,head,,,0,0.0,0.0,0.0,0.0,0.0,0.0,0,0,0.2860313057899475,1.0,0
A1JN58PTDXXT63:validation:B0047ENQFQ,head,1,1,1,1.0,1.0,1.0,1.0,1.0,1.0,0,0,0.28492820262908936,1.0,0
A1JVEOIYFZO6T0:validation:B000052YM7,head,,,0,0.0,0.0,0.0,0.0,0.0,0.0,0,0,0.27062201499938965,1.0,0
A1K92F2735WMP6:validation:B009T6RTS2,tail,,,0,0.0,0.0,0.0,0.0,0.0,0.0,0,0,0.28912079334259033,1.0,0
A1KA9WO025EHII:validation:B003UNT4P6,tail,,,0,0.0,0.0,0.0,0.0,0.0,0.0,0,0,0.2895609736442566,1.0,0
A1KBSRBXYLI83B:validation:B000G33KEO,head,,,0,0.0,0.0,0.0,0.0,0.0,0.0,0,0,0.2931394875049591,1.0,0
A1KCUIY8RTA0RT:validation:B008JVZMDM,head,,,0,0.0,0.0,0.0,0.0,0.0,0.0,0,0,0.2958827614784241,1.0,0
A1KD0YU2NXAOVI:validation:B00CG2LGL2,tail,,,0,0.0,0.0,0.0,0.0,0.0,0.0,0,0,0.2866365909576416,1.0,0
A1KL78CICWTX9T:validation:B004TSFBNK,head,,,0,0.0,0.0,0.0,0.0,0.0,0.0,0,0,0.28887078166007996,1.0,0
A1KLA02LZXAT46:validation:B000H3O90C,head,,,0,0.0,0.0,0.0,0.0,0.0,0.0,0,0,0.2940691113471985,1.0,0
A1KLB7W1BDTFVW:validation:B00H92CA8M,tail,,59,1,0.0,0.0,0.0,0.0,0.0,0.0,1,0,0.3469255268573761,1.0,0
A1KLO831YI2YZH:validation:B00A32DYX0,tail,,,0,0.0,0.0,0.0,0.0,0.0,0.0,0,0,0.28128761053085327,1.0,0
A1KPQQXV7G8CLK:validation:B005GQ6F4I,head,,,0,0.0,0.0,0.0,0.0,0.0,0.0,0,0,0.3081945776939392,1.0,0
A1LACH6MLQWZ:validation:B00KCTER3U,head,,,0,0.0,0.0,0.0,0.0,0.0,0.0,0,0,0.2916702926158905,1.0,0
A1LJ8JUO85O7O4:validation:B000U2AUDK,tail,,,0,0.0,0.0,0.0,0.0,0.0,0.0,0,0,0.2866722643375397,1.0,0
A1LRGXJ3AODW79:validation:B003E1B6UU,tail,,,0,0.0,0.0,0.0,0.0,0.0,0.0,0,0,0.28576186299324036,1.0,0
A1LS2UXHG1BYRG:validation:B006MUT06M,tail,,,0,0.0,0.0,0.0,0.0,0.0,0.0,0,0,0.29152601957321167,1.0,0
A1M4O0Z9LTO3ZM:validation:B004CZ3V8W,tail,,,0,0.0,0.0,0.0,0.0,0.0,0.0,0,0,0.29402923583984375,1.0,0
A1M4OLB2W10T0P:validation:B004BCT93C,head,,,0,0.0,0.0,0.0,0.0,0.0,0.0,0,0,0.302842378616333,1.0,0
A1M8GI6U267IRE:validation:B001DKQ3O8,head,,,0,0.0,0.0,0.0,0.0,0.0,0.0,0,0,0.28777867555618286,1.0,0
A1MCT6KP3VTV7A:validation:B00CO1VBDS,tail,,,0,0.0,0.0,0.0,0.0,0.0,0.0,0,0,0.29030147194862366,1.0,0
A1MDBURDIB26IM:validation:B009CUYUVY,tail,,,0,0.0,0.0,0.0,0.0,0.0,0.0,0,0,0.34808000922203064,1.0,0
A1MGG62V3RQZRK:validation:B007ML0OY2,head,4,3,1,1.0,0.43067655807339306,1.0,1.0,0.5,1.0,1,0,0.29740604758262634,1.0,0
A1MHB0L3ZZSOJL:validation:B0080HEARE,tail,,,0,0.0,0.0,0.0,0.0,0.0,0.0,0,0,0.29224663972854614,1.0,0
A1MJN11N8G86VP:validation:B007O7AZBG,head,1,1,1,1.0,1.0,1.0,1.0,1.0,1.0,0,0,0.28457966446876526,1.0,0
A1MLA66L5QOWSR:validation:B002XHC484,tail,,,0,0.0,0.0,0.0,0.0,0.0,0.0,0,0,0.3067586421966553,1.0,0
A1MOE1JO40MS0F:validation:B006L2137U,head,34,31,1,0.0,0.0,1.0,0.0,0.0,1.0,1,0,0.2828866243362427,1.0,0
A1MQX1OCJWC9AE:validation:B000ALFROS,tail,,,0,0.0,0.0,0.0,0.0,0.0,0.0,0,0,0.29375165700912476,1.0,0
A1MYSJOMXDP56N:validation:B000HRVC5I,head,,,0,0.0,0.0,0.0,0.0,0.0,0.0,0,0,0.28185638785362244,1.0,0
A1N1ZINO5SB02V:validation:B003UGV05U,tail,,,0,0.0,0.0,0.0,0.0,0.0,0.0,0,0,0.2862471342086792,1.0,0
A1N5AW1Q03VUTW:validation:B000TAE0RK,head,,,0,0.0,0.0,0.0,0.0,0.0,0.0,0,0,0.28634750843048096,1.0,0
A1N5JM9QQ3JFSS:validation:B003E3IOPS,tail,,,0,0.0,0.0,0.0,0.0,0.0,0.0,0,0,0.28231197595596313,1.0,0
A1NE9F5ZNH2WZ0:validation:B002VA4LMU,tail,,,0,0.0,0.0,0.0,0.0,0.0,0.0,0,0,0.30048564076423645,1.0,0
A1NH46YN5KK1Q4:validation:B000JVW9CC,head,,,0,0.0,0.0,0.0,0.0,0.0,0.0,0,0,0.2846936583518982,1.0,0
A1NJH2VUXKZMS5:validation:B001FQR524,tail,,,0,0.0,0.0,0.0,0.0,0.0,0.0,0,0,0.30091404914855957,1.0,0
A1NKVNJOBA8FGZ:validation:B0039JYPVO,tail,,,0,0.0,0.0,0.0,0.0,0.0,0.0,0,0,0.2895684540271759,1.0,0
A1NM70Z0LAQGMA:validation:B006L1DNWY,head,3,3,1,1.0,0.5,1.0,1.0,0.5,1.0,0,0,0.3072008192539215,1.0,0
A1NSJE26DM5XB:validation:B008U1Q4DI,head,6,6,1,1.0,0.3562071871080222,1.0,1.0,0.3562071871080222,1.0,0,0,0.2850083112716675,1.0,0
A1NTJJASB7MFQ9:validation:B002PBHQP4,head,,,0,0.0,0.0,0.0,0.0,0.0,0.0,0,0,0.28547123074531555,1.0,0
A1O2KFXOG6SEBJ:validation:B007Q22HMY,head,,,0,0.0,0.0,0.0,0.0,0.0,0.0,0,0,0.29156559705734253,1.0,0
A1O4HV42FLT4XP:validation:B003HUJOWA,tail,,,0,0.0,0.0,0.0,0.0,0.0,0.0,0,0,0.28560054302215576,1.0,0
A1ODJJBIRNSTU4:validation:B002L6PWZO,tail,,,0,0.0,0.0,0.0,0.0,0.0,0.0,0,0,0.2887546420097351,1.0,0
A1OE2KT5Y7DWY3:validation:B003SRBYP2,head,,,0,0.0,0.0,0.0,0.0,0.0,0.0,0,0,0.28979718685150146,1.0,0
A1OGUSVDTTWLS9:validation:B0053T4HI4,tail,,,0,0.0,0.0,0.0,0.0,0.0,0.0,0,0,0.2826601266860962,1.0,0
A1OILV3YSO22UK:validation:B003T18TE6,tail,,,0,0.0,0.0,0.0,0.0,0.0,0.0,0,0,0.29314103722572327,1.0,0
A1OK04GCR66P1R:validation:B00AREI3BC,tail,,,0,0.0,0.0,0.0,0.0,0.0,0.0,0,0,0.34739434719085693,1.0,0
A1OK4F50BA0I1H:validation:B009T47YZ2,head,3,3,1,1.0,0.5,1.0,1.0,0.5,1.0,0,0,0.29562824964523315,1.0,0
A1OOR7PMQUFNCW:validation:B007POTA4Q,tail,,,0,0.0,0.0,0.0,0.0,0.0,0.0,0,0,0.28606489300727844,1.0,0
A1P1L268DFQLPT:validation:B0018ZPZJC,tail,,,0,0.0,0.0,0.0,0.0,0.0,0.0,0,0,0.28943851590156555,1.0,0
A1P39M3UJZ4I36:validation:B003WXJD28,tail,,,0,0.0,0.0,0.0,0.0,0.0,0.0,0,0,0.3043973743915558,1.0,0
A1P4DHRG58OSPS:validation:B000092OX4,head,,,0,0.0,0.0,0.0,0.0,0.0,0.0,0,0,0.2872534394264221,1.0,0
A1P5Z2PAVH3681:validation:B0063TFLG0,head,,,0,0.0,0.0,0.0,0.0,0.0,0.0,0,0,0.2803241014480591,1.0,0
A1P6OERO9BCRCM:validation:B0061JQY40,head,,,0,0.0,0.0,0.0,0.0,0.0,0.0,0,0,0.2847442626953125,1.0,0
A1PEMQ7M8J16TC:validation:B004BWPQS4,tail,,,0,0.0,0.0,0.0,0.0,0.0,0.0,0,0,0.2835391163825989,1.0,0
A1PL2E5J4TS49U:validation:B009HULDYG,tail,,,0,0.0,0.0,0.0,0.0,0.0,0.0,0,0,0.28589126467704773,1.0,0
A1PL7QILVQV3IF:validation:B00BV5EW8Y,tail,,,0,0.0,0.0,0.0,0.0,0.0,0.0,0,0,0.2918224334716797,1.0,0
A1PXA08614B5NL:validation:B002HWS7RM,head,,,0,0.0,0.0,0.0,0.0,0.0,0.0,0,0,0.35120463371276855,1.0,0
A1Q1C9M1G9PYCP:validation:B001JQLNM8,head,,,0,0.0,0.0,0.0,0.0,0.0,0.0,0,0,0.28562384843826294,1.0,0
A1Q1Z7IR79G52A:validation:B00LG63DOM,tail,,,0,0.0,0.0,0.0,0.0,0.0,0.0,0,0,0.34761565923690796,1.0,0
A1Q69CMZ9QL9E3:validation:B001ELTPUU,tail,,,0,0.0,0.0,0.0,0.0,0.0,0.0,0,0,0.3497616648674011,1.0,0
A1QQ20TUHT3H6F:validation:B0014UEEXY,head,,,0,0.0,0.0,0.0,0.0,0.0,0.0,0,0,0.28587692975997925,1.0,0
A1QRZK8OY1GRFK:validation:B004ZLZ77G,tail,,,0,0.0,0.0,0.0,0.0,0.0,0.0,0,0,0.28640419244766235,1.0,0
A1R0QY5T13X7BL:validation:B002K8XXQ8,tail,1,1,1,1.0,1.0,1.0,1.0,1.0,1.0,0,0,0.30819040536880493,1.0,0
A1R1UOA9BWB1YN:validation:B009TAQAOW,tail,,58,1,0.0,0.0,0.0,0.0,0.0,0.0,1,0,0.3518000841140747,1.0,0
A1R9DQIZIYJGQQ:validation:B002XHACJW,head,,,0,0.0,0.0,0.0,0.0,0.0,0.0,0,0,0.28777676820755005,1.0,0
A1RK0SXW6MU33Y:validation:B004TSFE6Y,head,17,13,1,0.0,0.0,1.0,0.0,0.0,1.0,1,0,0.29045370221138,1.0,0
A1RKLX210RGBRT:validation:B0096YQT6U,tail,,,0,0.0,0.0,0.0,0.0,0.0,0.0,0,0,0.2892302870750427,1.0,0
A1RTBG1FS0J6FJ:validation:B004YZMKLE,head,,,0,0.0,0.0,0.0,0.0,0.0,0.0,0,0,0.30639660358428955,1.0,0
A1RUZ2UMZKXKRL:validation:B005TI7LD2,head,12,11,1,0.0,0.0,1.0,0.0,0.0,1.0,1,0,0.3076617121696472,1.0,0
A1RYI3A5FDPEEL:validation:B004OHQR1Q,head,,,0,0.0,0.0,0.0,0.0,0.0,0.0,0,0,0.30013594031333923,1.0,0
A1S1B0TWZEG4VJ:validation:B003YC6GKO,tail,,,0,0.0,0.0,0.0,0.0,0.0,0.0,0,0,0.299379825592041,1.0,0
A1S1Y44MYI883H:validation:B001B7PVRS,head,,,0,0.0,0.0,0.0,0.0,0.0,0.0,0,0,0.28713738918304443,1.0,0
A1S3IN6CSTBPY6:validation:B00BB8ZIW0,head,6,6,1,1.0,0.3562071871080222,1.0,1.0,0.3562071871080222,1.0,0,0,0.2862102687358856,1.0,0
A1S3RXZEBY0AW7:validation:B001B7GJ2E,head,,,0,0.0,0.0,0.0,0.0,0.0,0.0,0,0,0.2904278039932251,1.0,0
A1S5DWH7D6FVGF:validation:B008AH12C0,tail,,,0,0.0,0.0,0.0,0.0,0.0,0.0,0,0,0.29066330194473267,1.0,0
A1SE9UVPY5UU22:validation:B002S8S036,tail,,,0,0.0,0.0,0.0,0.0,0.0,0.0,0,0,0.2908191680908203,1.0,0
A1SIZFNG00EOIQ:validation:B0046UCYA4,tail,,,0,0.0,0.0,0.0,0.0,0.0,0.0,0,0,0.2863089442253113,1.0,0
A1SKTMYIR5EF0:validation:B0046VGPHQ,head,,,0,0.0,0.0,0.0,0.0,0.0,0.0,0,0,0.2861243486404419,1.0,0
A1SOWLO6B7AZGU:validation:B005TKZS76,head,,,0,0.0,0.0,0.0,0.0,0.0,0.0,0,0,0.28866124153137207,1.0,0
A1SR5DRWMFLY1R:validation:B0045YVW0E,tail,,,0,0.0,0.0,0.0,0.0,0.0,0.0,0,0,0.28835681080818176,1.0,0
A1T0TLLC73F604:validation:B005XIDZHO,head,23,22,1,0.0,0.0,1.0,0.0,0.0,1.0,1,0,0.2901459038257599,1.0,0
A1T5GAE8KIMVTF:validation:B000H3EO34,head,,,0,0.0,0.0,0.0,0.0,0.0,0.0,0,0,0.28391462564468384,1.0,0
A1T8LGTEU0FVNG:validation:B002QY86BI,head,,,0,0.0,0.0,0.0,0.0,0.0,0.0,0,0,0.28087976574897766,1.0,0
A1TC66N0DDITBC:validation:B00AH4TKNC,head,10,10,1,1.0,0.2890648263178879,1.0,1.0,0.2890648263178879,1.0,0,0,0.28381893038749695,1.0,0
A1TCMQRGDCZZKF:validation:B005Z41P28,head,,,0,0.0,0.0,0.0,0.0,0.0,0.0,0,0,0.2860490679740906,1.0,0
A1TFOLAH279F93:validation:B005UBN2AO,head,,,0,0.0,0.0,0.0,0.0,0.0,0.0,0,0,0.2861008942127228,1.0,0
A1TGOKBHS3CYHN:validation:B00AB4W2H4,tail,,,0,0.0,0.0,0.0,0.0,0.0,0.0,0,0,0.28842151165008545,1.0,0
A1TMF8NWIY9ZLQ:validation:B000VNIZGM,tail,,,0,0.0,0.0,0.0,0.0,0.0,0.0,0,0,0.29186487197875977,1.0,0
A1TUVLYDW0RFF:validation:B0026I8M72,tail,,,0,0.0,0.0,0.0,0.0,0.0,0.0,0,0,0.2857864797115326,1.0,0
A1TYCPVFO7K2W0:validation:B0009DT39W,head,,,0,0.0,0.0,0.0,0.0,0.0,0.0,0,0,0.2817367613315582,1.0,0
A1TYDGH7C52O85:validation:B003ZTVDBS,head,30,28,1,0.0,0.0,1.0,0.0,0.0,1.0,1,0,0.28730928897857666,1.0,0
A1U05KV1GPB9EX:validation:B005ELMXP0,tail,,,0,0.0,0.0,0.0,0.0,0.0,0.0,0,0,0.28000083565711975,1.0,0
A1U11IP6K6NHAK:validation:B00ENJN8S0,tail,3,3,1,1.0,0.5,1.0,1.0,0.5,1.0,0,0,0.2864115834236145,1.0,0
A1U6N9OFNXQ5QS:validation:B005CN6M84,tail,,72,1,0.0,0.0,0.0,0.0,0.0,0.0,1,0,0.29123610258102417,1.0,0
A1UICSCDKBDY3S:validation:B001KNBBGI,tail,,,0,0.0,0.0,0.0,0.0,0.0,0.0,0,0,0.2845289409160614,1.0,0
A1UJX94LXJAGSZ:validation:B004DBUAKM,head,,,0,0.0,0.0,0.0,0.0,0.0,0.0,0,0,0.28715646266937256,1.0,0
A1UKLVVCX2NNU9:validation:B001QD0OYM,head,,,0,0.0,0.0,0.0,0.0,0.0,0.0,0,0,0.2885795831680298,1.0,0
A1UOGB421UES5I:validation:B007JBF99U,head,,,0,0.0,0.0,0.0,0.0,0.0,0.0,0,0,0.2904186546802521,1.0,0
A1UXUF8TOH8AW7:validation:B00852D7AK,tail,,,0,0.0,0.0,0.0,0.0,0.0,0.0,0,0,0.2864675521850586,1.0,0
A1V0L6ZGWRVZW8:validation:B005G9E98O,head,,,0,0.0,0.0,0.0,0.0,0.0,0.0,0,0,0.3514077663421631,1.0,0
A1V4QK4OE1A0QS:validation:B009XRFAJW,head,,,0,0.0,0.0,0.0,0.0,0.0,0.0,0,0,0.28909382224082947,1.0,0
A1VD246T620DUD:validation:B0063A4RXW,tail,,,0,0.0,0.0,0.0,0.0,0.0,0.0,0,0,0.28440073132514954,1.0,0
A1VDACSUF4EQAY:validation:B00HDZGF4K,tail,,,0,0.0,0.0,0.0,0.0,0.0,0.0,0,0,0.2922241687774658,1.0,0
A1VEBUX357XZMP:validation:B0053L2E1O,head,47,45,1,0.0,0.0,1.0,0.0,0.0,1.0,1,0,0.28174570202827454,1.0,0
A1VJCR1AJRFJJ7:validation:B006U98T08,head,,,0,0.0,0.0,0.0,0.0,0.0,0.0,0,0,0.3094683289527893,1.0,0
A1VLS0C9E5TALU:validation:B00EUPHWG6,tail,,,0,0.0,0.0,0.0,0.0,0.0,0.0,0,0,0.34954261779785156,1.0,0
A1VUN4JU731CBH:validation:B002WUVOBA,tail,,,0,0.0,0.0,0.0,0.0,0.0,0.0,0,0,0.28569918870925903,1.0,0
A1VVM4SLVUEM5F:validation:B000PI3BS0,tail,,,0,0.0,0.0,0.0,0.0,0.0,0.0,0,0,0.28692686557769775,1.0,0
A1VZ0C3Y2YUH2Y:validation:B004BD9152,head,,,0,0.0,0.0,0.0,0.0,0.0,0.0,0,0,0.2868439257144928,1.0,0
A1W7FH327UR1IX:validation:B004TSFE6Y,head,30,21,1,0.0,0.0,1.0,0.0,0.0,1.0,1,0,0.2910620868206024,1.0,0
A1W9IQ0B8IQRVR:validation:B006K26D9E,tail,,,0,0.0,0.0,0.0,0.0,0.0,0.0,0,0,0.28618693351745605,1.0,0
A1WA6615U75AHC:validation:B00BMIY7F8,tail,16,16,1,0.0,0.0,1.0,0.0,0.0,1.0,0,0,0.28581374883651733,1.0,0
A1WBVE81MNR046:validation:B0040I2B3W,tail,,,0,0.0,0.0,0.0,0.0,0.0,0.0,0,0,0.3518740236759186,1.0,0
A1WIE3UJ1YW05N:validation:B003044ZCM,tail,,,0,0.0,0.0,0.0,0.0,0.0,0.0,0,0,0.28213781118392944,1.0,0
A1WM4SKXV48OML:validation:B000I7S8XG,tail,,,0,0.0,0.0,0.0,0.0,0.0,0.0,0,0,0.28308743238449097,1.0,0
A1WMMANU9LCK2N:validation:B0047ELPNQ,tail,,,0,0.0,0.0,0.0,0.0,0.0,0.0,0,0,0.2832677662372589,1.0,0
A1WW6VSD52MT0B:validation:B00CJ01QT8,tail,,,0,0.0,0.0,0.0,0.0,0.0,0.0,0,0,0.28194186091423035,1.0,0
A1X1CEGHTHMBL1:validation:B000Q2RP7I,head,19,18,1,0.0,0.0,1.0,0.0,0.0,1.0,1,0,0.29168596863746643,1.0,0
A1X5XC31BDVYKZ:validation:B001G7PLZ0,tail,,,0,0.0,0.0,0.0,0.0,0.0,0.0,0,0,0.2878250777721405,1.0,0
A1XM174S8JOU2K:validation:B006VEAYEG,tail,,,0,0.0,0.0,0.0,0.0,0.0,0.0,0,0,0.28734633326530457,1.0,0
A1XNC5RBHFE6DJ:validation:B00641UCY8,head,,,0,0.0,0.0,0.0,0.0,0.0,0.0,0,0,0.2956661880016327,1.0,0
A1XYQ7GX8QREJN:validation:B005WTYEYW,head,,,0,0.0,0.0,0.0,0.0,0.0,0.0,0,0,0.2884529232978821,1.0,0
A1Y8950MYIDY2M:validation:B00G0EJYFW,tail,,,0,0.0,0.0,0.0,0.0,0.0,0.0,0,0,0.29239794611930847,1.0,0
A1YA73FN8VP06A:validation:B00BSU7H5W,tail,,,0,0.0,0.0,0.0,0.0,0.0,0.0,0,0,0.3487081527709961,1.0,0
A1YCQHS3N8E8UE:validation:B00C64GX4K,head,,,0,0.0,0.0,0.0,0.0,0.0,0.0,0,0,0.29506200551986694,1.0,0
A1YCWZWOXLUAY5:validation:B0009EILKS,head,,,0,0.0,0.0,0.0,0.0,0.0,0.0,0,0,0.2850867509841919,1.0,0
A1YFMKO8JTHO2:validation:B002LB75AO,head,21,20,1,0.0,0.0,1.0,0.0,0.0,1.0,1,0,0.288882851600647,1.0,0
A1YG9BZM4OCJ4I:validation:B005Z446JC,head,,,0,0.0,0.0,0.0,0.0,0.0,0.0,0,0,0.2873656451702118,1.0,0
A1YIL280BNXSE4:validation:B002PR2GLM,head,,,0,0.0,0.0,0.0,0.0,0.0,0.0,0,0,0.2862628698348999,1.0,0
A1YMFIVQF46T5J:validation:B005XIM6J2,head,,,0,0.0,0.0,0.0,0.0,0.0,0.0,0,0,0.28383466601371765,1.0,0
A1YVUUHT093E0K:validation:B005OFAARY,tail,,,0,0.0,0.0,0.0,0.0,0.0,0.0,0,0,0.2865161895751953,1.0,0
A1YXIUYWPLQG3P:validation:B002LBE796,tail,,,0,0.0,0.0,0.0,0.0,0.0,0.0,0,0,0.2833389639854431,1.0,0
A1ZHJZCNL7O908:validation:B006K9OQSC,head,30,31,1,0.0,0.0,1.0,0.0,0.0,1.0,1,0,0.2812238037586212,1.0,0
A1ZM6DBZGJD1R2:validation:B005WTYEYW,head,26,27,1,0.0,0.0,1.0,0.0,0.0,1.0,1,0,0.28530025482177734,1.0,0
A1ZNA7WEFMU5X7:validation:B00BF27PGY,tail,,,0,0.0,0.0,0.0,0.0,0.0,0.0,0,0,0.28288358449935913,1.0,0
A1ZPD53DH9LFVF:validation:B002QBBMVM,tail,,,0,0.0,0.0,0.0,0.0,0.0,0.0,0,0,0.28443363308906555,1.0,0
A205IFGKWY535D:validation:B006ZBKH2Y,head,,,0,0.0,0.0,0.0,0.0,0.0,0.0,0,0,0.2925776243209839,1.0,0
A205UCRD78Y9BC:validation:B000N8CN4U,head,,,0,0.0,0.0,0.0,0.0,0.0,0.0,0,0,0.2864571511745453,1.0,0
A20FDDGS2QLH6O:validation:B00028MLG6,head,6,5,1,1.0,0.3562071871080222,1.0,1.0,0.38685280723454163,1.0,1,0,0.28832173347473145,1.0,0
A20N2G3UIZ7DFF:validation:B006MRPMMG,tail,,,0,0.0,0.0,0.0,0.0,0.0,0.0,0,0,0.2880105972290039,1.0,0
A20NN59GU1MGYK:validation:B00644YNAO,tail,1,1,1,1.0,1.0,1.0,1.0,1.0,1.0,0,0,0.27891233563423157,1.0,0
A20VYAPRKY200L:validation:B001P92FMG,tail,,,0,0.0,0.0,0.0,0.0,0.0,0.0,0,0,0.2890365719795227,1.0,0
A2142HFF1SYV3R:validation:B003BL7M7E,tail,6,5,1,1.0,0.3562071871080222,1.0,1.0,0.38685280723454163,1.0,1,0,0.3082917630672455,1.0,0
A2144P2VKD9XX2:validation:B009T47YZ2,head,3,3,1,1.0,0.5,1.0,1.0,0.5,1.0,0,0,0.28307396173477173,1.0,0
A217XUYYA3499M:validation:B007BNDOHA,tail,,,0,0.0,0.0,0.0,0.0,0.0,0.0,0,0,0.28102266788482666,1.0,0
A21AO8OD439XA8:validation:B003I6O5RC,head,,,0,0.0,0.0,0.0,0.0,0.0,0.0,0,0,0.288550466299057,1.0,0
A21H77OSIAEBFY:validation:B005TKZS76,head,44,49,1,0.0,0.0,1.0,0.0,0.0,1.0,1,0,0.2952650189399719,1.0,0
A21IM16PQWKVO5:validation:B000PU70WG,tail,,,0,0.0,0.0,0.0,0.0,0.0,0.0,0,0,0.34712231159210205,1.0,0
A21KPAMFG12KYR:validation:B000EVEKMY,tail,,,0,0.0,0.0,0.0,0.0,0.0,0.0,0,0,0.348813533782959,1.0,0
A21LAIMKVPHSFN:validation:B000YJ2SLG,head,,,0,0.0,0.0,0.0,0.0,0.0,0.0,0,0,0.29030340909957886,1.0,0
A21O6LHOZD88N2:validation:B00CE2JC9W,head,,,0,0.0,0.0,0.0,0.0,0.0,0.0,0,0,0.2871984541416168,1.0,0
A21P0KJS5ZKN1R:validation:B005ACLU3E,head,10,7,1,1.0,0.2890648263178879,1.0,1.0,0.3333333333333333,1.0,1,0,0.35109829902648926,1.0,0
A21QLF43FLA9DE:validation:B001PHDT4Q,tail,17,15,1,0.0,0.0,1.0,0.0,0.0,1.0,1,0,0.30359095335006714,1.0,0
A220B791X1X9YY:validation:B005ALWE1M,head,,,0,0.0,0.0,0.0,0.0,0.0,0.0,0,0,0.3486289978027344,1.0,0
A222W9OFZ65R5U:validation:B009UXXGJK,tail,,,0,0.0,0.0,0.0,0.0,0.0,0.0,0,0,0.28937864303588867,1.0,0
A2245J0YNO975U:validation:B009YE6JDK,tail,,,0,0.0,0.0,0.0,0.0,0.0,0.0,0,0,0.2861976623535156,1.0,0
A22M3E5S78BYRI:validation:B005JDPJ3G,tail,,,0,0.0,0.0,0.0,0.0,0.0,0.0,0,0,0.3484959006309509,1.0,0
A22NGHNA6HBA4D:validation:B0045WDQFA,head,,64,1,0.0,0.0,0.0,0.0,0.0,0.0,1,0,0.3469523787498474,1.0,0
A22PNJX26ALW07:validation:B0067F8BBM,head,,,0,0.0,0.0,0.0,0.0,0.0,0.0,0,0,0.2930821180343628,1.0,0
A22Y73KWKBZRQZ:validation:B00IP42FBA,head,1,1,1,1.0,1.0,1.0,1.0,1.0,1.0,0,0,0.2886865735054016,1.0,0
A23079DX28EK9D:validation:B00JJ3QMFQ,tail,5,3,1,1.0,0.38685280723454163,1.0,1.0,0.5,1.0,1,0,0.34584879875183105,1.0,0
A2389SC4MRLOGO:validation:B005XCCE4A,tail,,,0,0.0,0.0,0.0,0.0,0.0,0.0,0,0,0.2842828929424286,1.0,0
A23MYUKGYZZA8R:validation:B00HADEHUO,tail,,,0,0.0,0.0,0.0,0.0,0.0,0.0,0,0,0.28162580728530884,1.0,0
A23NK63VVQBDOU:validation:B00A7KLMOG,tail,,,0,0.0,0.0,0.0,0.0,0.0,0.0,0,0,0.2869642972946167,1.0,0
A23TXD0C5CX6IM:validation:B003AVNLP2,tail,,,0,0.0,0.0,0.0,0.0,0.0,0.0,0,0,0.2848597466945648,1.0,0
A23W0SJ22G5WW1:validation:B006L16BHS,head,,,0,0.0,0.0,0.0,0.0,0.0,0.0,0,0,0.28237074613571167,1.0,0
A245U8GCCM4FX3:validation:B00FRDPOVU,tail,,,0,0.0,0.0,0.0,0.0,0.0,0.0,0,0,0.297379732131958,1.0,0
A24EWW9YP5HN62:validation:B001KYQCYS,tail,,,0,0.0,0.0,0.0,0.0,0.0,0.0,0,0,0.293343186378479,1.0,0
A24G8O1KZ911TW:validation:B000H3O90C,head,,71,1,0.0,0.0,0.0,0.0,0.0,0.0,1,0,0.28607314825057983,1.0,0
A24T9N8IITK3S8:validation:B002S8S036,tail,,,0,0.0,0.0,0.0,0.0,0.0,0.0,0,0,0.28689777851104736,1.0,0
A24VID381E5W2D:validation:B0018DAUKI,head,,,0,0.0,0.0,0.0,0.0,0.0,0.0,0,0,0.2905024290084839,1.0,0
A250GXRD2BGQV2:validation:B00027YZKM,tail,,,0,0.0,0.0,0.0,0.0,0.0,0.0,0,0,0.2922196686267853,1.0,0
A250RIBFHPUQLI:validation:B00JX979CQ,head,18,17,1,0.0,0.0,1.0,0.0,0.0,1.0,1,0,0.3498252332210541,1.0,0
A2561PYW9TTMYD:validation:B00GTC03OG,head,,,0,0.0,0.0,0.0,0.0,0.0,0.0,0,0,0.28155717253685,1.0,0
A257T2X6BHZ76Y:validation:B002WTC38E,tail,,,0,0.0,0.0,0.0,0.0,0.0,0.0,0,0,0.2881770133972168,1.0,0
A259PEGER8E7S5:validation:B0009PVV40,head,,,0,0.0,0.0,0.0,0.0,0.0,0.0,0,0,0.3001658320426941,1.0,0
A25ATS04JMKWUT:validation:B003MTPE5M,tail,2,2,1,1.0,0.6309297535714575,1.0,1.0,0.6309297535714575,1.0,0,0,0.2830828130245209,1.0,0
A25D6OPSOC73VE:validation:B002GOXELA,head,,,0,0.0,0.0,0.0,0.0,0.0,0.0,0,0,0.29154354333877563,1.0,0
A25GKR5BCDEON7:validation:B0044TIOVK,tail,,,0,0.0,0.0,0.0,0.0,0.0,0.0,0,0,0.28309425711631775,1.0,0
A25PYMGLCQKSSG:validation:B00ALV8EKQ,head,,,0,0.0,0.0,0.0,0.0,0.0,0.0,0,0,0.288112610578537,1.0,0
A25TO86TY1C2KU:validation:B0071H5C76,tail,,,0,0.0,0.0,0.0,0.0,0.0,0.0,0,0,0.29264652729034424,1.0,0
A265PCQZA1Y1WF:validation:B001EJOPTS,tail,1,1,1,1.0,1.0,1.0,1.0,1.0,1.0,0,0,0.2957248091697693,1.0,0
A265VT481RK1TN:validation:B008EDAZCI,tail,,,0,0.0,0.0,0.0,0.0,0.0,0.0,0,0,0.28764083981513977,1.0,0
A269H3SS90XMHS:validation:B00016XJ4M,head,,,0,0.0,0.0,0.0,0.0,0.0,0.0,0,0,0.3497573137283325,1.0,0
A26EUM1TIWQLV3:validation:B004QB72CI,tail,,,0,0.0,0.0,0.0,0.0,0.0,0.0,0,0,0.2899097800254822,1.0,0
A26H3NWPN91B7I:validation:B00152F4OY,tail,,,0,0.0,0.0,0.0,0.0,0.0,0.0,0,0,0.34960469603538513,1.0,0
A26JK2M10K48TM:validation:B008CZBZMM,tail,,,0,0.0,0.0,0.0,0.0,0.0,0.0,0,0,0.28783169388771057,1.0,0
A272OWGCWQQHFA:validation:B003DVNKU0,head,,,0,0.0,0.0,0.0,0.0,0.0,0.0,0,0,0.2843756079673767,1.0,0
A276S7NU0KI9H:validation:B000Q7XDR4,head,1,1,1,1.0,1.0,1.0,1.0,1.0,1.0,0,0,0.21465453505516052,1.0,0
A27718CHXPI8CI:validation:B00264NW7G,head,,,0,0.0,0.0,0.0,0.0,0.0,0.0,0,0,0.34606409072875977,1.0,0
A277TO3PKKNYDH:validation:B00GNA9K3E,head,21,21,1,0.0,0.0,1.0,0.0,0.0,1.0,0,0,0.2858671247959137,1.0,0
A27AR8QJZRIOHP:validation:B00028LV4Y,tail,,,0,0.0,0.0,0.0,0.0,0.0,0.0,0,0,0.2839052081108093,1.0,0
A27B6NS0VS1M0E:validation:B000NWGCZ2,head,,,0,0.0,0.0,0.0,0.0,0.0,0.0,0,0,0.28715625405311584,1.0,0
A27JU93NC06175:validation:B003LDJK5O,tail,,,0,0.0,0.0,0.0,0.0,0.0,0.0,0,0,0.2864229083061218,1.0,0
A27NGZGV63VMP2:validation:B008SPOKIW,head,,,0,0.0,0.0,0.0,0.0,0.0,0.0,0,0,0.2840126156806946,1.0,0
A27SN7E55WMSQA:validation:B000CSH3YG,tail,,,0,0.0,0.0,0.0,0.0,0.0,0.0,0,0,0.2969268560409546,1.0,0
A27XHWJK3CV9O6:validation:B004Y0HC80,tail,,,0,0.0,0.0,0.0,0.0,0.0,0.0,0,0,0.28656914830207825,1.0,0
A27YKN5IIUEILY:validation:B009IR6SA2,tail,,,0,0.0,0.0,0.0,0.0,0.0,0.0,0,0,0.2852708101272583,1.0,0
A27ZWB19VNW5YY:validation:B0073OC9S2,tail,,,0,0.0,0.0,0.0,0.0,0.0,0.0,0,0,0.300199419260025,1.0,0
A284H86JVGSEUV:validation:B007M819DU,tail,,,0,0.0,0.0,0.0,0.0,0.0,0.0,0,0,0.2905398905277252,1.0,0
A2882CILYTX2OK:validation:B001330XFA,head,,,0,0.0,0.0,0.0,0.0,0.0,0.0,0,0,0.34493952989578247,1.0,0
A289MTI85RQMZ9:validation:B006OMHTXO,tail,,,0,0.0,0.0,0.0,0.0,0.0,0.0,0,0,0.2897765636444092,1.0,0
A28B9XTF4REJ4D:validation:B0024WDWU2,tail,,,0,0.0,0.0,0.0,0.0,0.0,0.0,0,0,0.2891058623790741,1.0,0
A28C6RZL608RNN:validation:B005NI80RY,tail,,,0,0.0,0.0,0.0,0.0,0.0,0.0,0,0,0.3487386703491211,1.0,0
A28CCN6VYHRUKS:validation:B00A0J09G6,head,,,0,0.0,0.0,0.0,0.0,0.0,0.0,0,0,0.2868720591068268,1.0,0
A28FJ93TJSSQS4:validation:B00CYDSAO4,head,1,1,1,1.0,1.0,1.0,1.0,1.0,1.0,0,0,0.28519657254219055,1.0,0
A28GJCUNQ1Y3RP:validation:B007N16KOY,tail,26,24,1,0.0,0.0,1.0,0.0,0.0,1.0,1,0,0.348458856344223,1.0,0
A28NX2LWGCHCY1:validation:B00317FT4G,tail,,,0,0.0,0.0,0.0,0.0,0.0,0.0,0,0,0.28232789039611816,1.0,0
A28OCCB4428BBL:validation:B004MIKDBW,tail,,,0,0.0,0.0,0.0,0.0,0.0,0.0,0,0,0.29603856801986694,1.0,0
A28S5A9KCPNJ1:validation:B003H8180I,head,17,17,1,0.0,0.0,1.0,0.0,0.0,1.0,0,0,0.2865278124809265,1.0,0
A28SKJXZSK31JS:validation:B007UO79GC,tail,,,0,0.0,0.0,0.0,0.0,0.0,0.0,0,0,0.2884880602359772,1.0,0
A28TBJQ8SU7XFH:validation:B0018C0HJI,tail,,,0,0.0,0.0,0.0,0.0,0.0,0.0,0,0,0.2875480651855469,1.0,0
A28TW63ZUB9ZK5:validation:B001ET76EY,head,46,45,1,0.0,0.0,1.0,0.0,0.0,1.0,1,0,0.28906524181365967,1.0,0
A29CFYFOGQIYBD:validation:B000PHVTVC,tail,,,0,0.0,0.0,0.0,0.0,0.0,0.0,0,0,0.2889941930770874,1.0,0
A29VJ63JWCQF1L:validation:B001RMP7M6,head,16,16,1,0.0,0.0,1.0,0.0,0.0,1.0,0,0,0.34904944896698,1.0,0
A29XHDT85S7AVR:validation:B004TS06HG,tail,,,0,0.0,0.0,0.0,0.0,0.0,0.0,0,0,0.28488537669181824,1.0,0
A2A05H8QJ0RRGW:validation:B000H3GDZQ,tail,,,0,0.0,0.0,0.0,0.0,0.0,0.0,0,0,0.2846587300300598,1.0,0
A2A5C9IQ06CG9N:validation:B00HI0OOT8,tail,,,0,0.0,0.0,0.0,0.0,0.0,0.0,0,0,0.3504338562488556,1.0,0
A2A7EM441WIENM:validation:B00CFT28G8,tail,,55,1,0.0,0.0,0.0,0.0,0.0,0.0,1,0,0.29274362325668335,1.0,0
A2AAOQEFNGM9SG:validation:B00CJ01QT8,tail,,92,1,0.0,0.0,0.0,0.0,0.0,0.0,1,0,0.28748413920402527,1.0,0
A2AB6TO1FW2PTK:validation:B005K49Y4Y,tail,,,0,0.0,0.0,0.0,0.0,0.0,0.0,0,0,0.2841742932796478,1.0,0
A2ARJD73LUN4NE:validation:B00H941PVS,tail,,,0,0.0,0.0,0.0,0.0,0.0,0.0,0,0,0.2853160798549652,1.0,0
A2ASTZUU9QP57Q:validation:B000PSTSSC,tail,,,0,0.0,0.0,0.0,0.0,0.0,0.0,0,0,0.28528085350990295,1.0,0
A2ATCG2AYFYK80:validation:B000VPPUEA,head,17,16,1,0.0,0.0,1.0,0.0,0.0,1.0,1,0,0.2902411222457886,1.0,0
A2AYOZ6GLYWJCJ:validation:B0012C6PD6,tail,,,0,0.0,0.0,0.0,0.0,0.0,0.0,0,0,0.2914528548717499,1.0,0
A2AYYKD4OODSLY:validation:B00GJG9JBA,head,,,0,0.0,0.0,0.0,0.0,0.0,0.0,0,0,0.2841932475566864,1.0,0
A2BRZJDVVNCMOE:validation:B003EUR1D2,head,1,1,1,1.0,1.0,1.0,1.0,1.0,1.0,0,0,0.28439557552337646,1.0,0
A2C49R3RQXXA0H:validation:B002K8OEHK,tail,,,0,0.0,0.0,0.0,0.0,0.0,0.0,0,0,0.28881895542144775,1.0,0
A2C7NJ7PQXHECJ:validation:B00B99O5WK,tail,1,1,1,1.0,1.0,1.0,1.0,1.0,1.0,0,0,0.2839184105396271,1.0,0
A2CB5CJZKISZXI:validation:B001RMP7M6,head,,,0,0.0,0.0,0.0,0.0,0.0,0.0,0,0,0.3504006266593933,1.0,0
A2CE5W45S70Z9T:validation:B004ZD2LIW,head,,,0,0.0,0.0,0.0,0.0,0.0,0.0,0,0,0.2948090136051178,1.0,0
A2CHN4OYWUBKQX:validation:B004HJCHJ2,tail,,,0,0.0,0.0,0.0,0.0,0.0,0.0,0,0,0.2864507734775543,1.0,0
A2CK0ES468265G:validation:B000ZMBSPE,head,1,1,1,1.0,1.0,1.0,1.0,1.0,1.0,0,0,0.28773605823516846,1.0,0
A2CXZ66RL2JC8P:validation:B005F1ILHS,tail,,,0,0.0,0.0,0.0,0.0,0.0,0.0,0,0,0.2910197973251343,1.0,0
A2CY8NT1HMH2UJ:validation:B007Q0WW0S,head,,,0,0.0,0.0,0.0,0.0,0.0,0.0,0,0,0.2813482880592346,1.0,0
A2CZCCMIHAPRAC:validation:B0006BDO5Q,tail,,,0,0.0,0.0,0.0,0.0,0.0,0.0,0,0,0.2822103798389435,1.0,0
A2D1LPEUCTNT8X:validation:B00IFVHJDM,tail,,,0,0.0,0.0,0.0,0.0,0.0,0.0,0,0,0.28526490926742554,1.0,0
A2D2XKSXEG3O7F:validation:B00D9NV20C,tail,,,0,0.0,0.0,0.0,0.0,0.0,0.0,0,0,0.28961366415023804,1.0,0
A2D7UCM8S97ENB:validation:B005C5FP9Y,head,30,35,1,0.0,0.0,1.0,0.0,0.0,1.0,1,0,0.306869238615036,1.0,0
A2DAI8CEW40QHG:validation:B00112AH36,tail,,,0,0.0,0.0,0.0,0.0,0.0,0.0,0,0,0.29052597284317017,1.0,0
A2DDVD6SPKZOZK:validation:B00HSNWXVQ,head,,,0,0.0,0.0,0.0,0.0,0.0,0.0,0,0,0.30785420536994934,1.0,0
A2DIAK3M0MCYUZ:validation:B000CNME1I,tail,,,0,0.0,0.0,0.0,0.0,0.0,0.0,0,0,0.28386273980140686,1.0,0
A2DIJG1BC8HDDI:validation:B0007WL21M,head,,,0,0.0,0.0,0.0,0.0,0.0,0.0,0,0,0.28604546189308167,1.0,0
A2DNMHBMMK54L7:validation:B004OUFZP2,tail,,,0,0.0,0.0,0.0,0.0,0.0,0.0,0,0,0.29140979051589966,1.0,0
A2DQVM07J28BKM:validation:B00HNKRWX8,head,45,40,1,0.0,0.0,1.0,0.0,0.0,1.0,1,0,0.28789612650871277,1.0,0
A2DSUD4EVD9CUI:validation:B00EWDP45C,tail,,,0,0.0,0.0,0.0,0.0,0.0,0.0,0,0,0.29065558314323425,1.0,0
A2E30NGLPAFJH0:validation:B00006598X,head,,,0,0.0,0.0,0.0,0.0,0.0,0.0,0,0,0.29412445425987244,1.0,0
A2E6150RHKGSIR:validation:B005KGKMT8,tail,,,0,0.0,0.0,0.0,0.0,0.0,0.0,0,0,0.28418710827827454,1.0,0
A2E68OEROUUHB:validation:B007PQYHJW,head,,,0,0.0,0.0,0.0,0.0,0.0,0.0,0,0,0.2901734709739685,1.0,0
A2EF1UPULT0VAX:validation:B002MZ8BK2,head,1,1,1,1.0,1.0,1.0,1.0,1.0,1.0,0,0,0.2825314998626709,1.0,0
A2EFYX42GVKXVQ:validation:B000PHZ26K,head,,,0,0.0,0.0,0.0,0.0,0.0,0.0,0,0,0.28794217109680176,1.0,0
A2EGM4HE22ITQ4:validation:B0076XEQJ0,tail,,,0,0.0,0.0,0.0,0.0,0.0,0.0,0,0,0.29156628251075745,1.0,0
A2EKY0O6CL2M3H:validation:B007S0CM2Y,tail,,,0,0.0,0.0,0.0,0.0,0.0,0.0,0,0,0.2877179980278015,1.0,0
A2EM1HWLYMWQVY:validation:B004D2DRB0,tail,,,0,0.0,0.0,0.0,0.0,0.0,0.0,0,0,0.30396440625190735,1.0,0
A2EOHYV44ANCVA:validation:B00DQ47V3G,tail,,,0,0.0,0.0,0.0,0.0,0.0,0.0,0,0,0.30898159742355347,1.0,0
A2EQ8NRWLI639P:validation:B001MA5VUQ,tail,,,0,0.0,0.0,0.0,0.0,0.0,0.0,0,0,0.2994539737701416,1.0,0
A2F07POZ9UEWYG:validation:B004TSFBNK,head,10,9,1,1.0,0.2890648263178879,1.0,1.0,0.3010299956639812,1.0,1,0,0.3495389223098755,1.0,0
A2F3JNFI8CVXRY:validation:B009GLPJ5U,tail,,,0,0.0,0.0,0.0,0.0,0.0,0.0,0,0,0.292495995759964,1.0,0
A2F3RQBZLYZP7H:validation:B000YP66WC,tail,,,0,0.0,0.0,0.0,0.0,0.0,0.0,0,0,0.28681740164756775,1.0,0
A2F7JEIXXBA1JZ:validation:B001GBF0A2,tail,,,0,0.0,0.0,0.0,0.0,0.0,0.0,0,0,0.28109025955200195,1.0,0
A2FBE54QYNOOI0:validation:B005C2O3PO,head,,,0,0.0,0.0,0.0,0.0,0.0,0.0,0,0,0.2934446930885315,1.0,0
A2FHR46E1NF625:validation:B001U23VB2,tail,,,0,0.0,0.0,0.0,0.0,0.0,0.0,0,0,0.2839455008506775,1.0,0
A2FNA5903D9E6Y:validation:B00HSNWXV6,head,,,0,0.0,0.0,0.0,0.0,0.0,0.0,0,0,0.29015812277793884,1.0,0
A2FPNIKFGQPDY0:validation:B00AZBSPQA,head,23,24,1,0.0,0.0,1.0,0.0,0.0,1.0,1,0,0.35051220655441284,1.0,0
A2FYXJ39211NKU:validation:B000GF1E54,tail,,,0,0.0,0.0,0.0,0.0,0.0,0.0,0,0,0.2839663028717041,1.0,0
A2GJPPAFXH8NK:validation:B00B868SK4,head,2,2,1,1.0,0.6309297535714575,1.0,1.0,0.6309297535714575,1.0,0,0,0.28630298376083374,1.0,0
A2GPMFTCS096A:validation:B00012NKGS,tail,,,0,0.0,0.0,0.0,0.0,0.0,0.0,0,0,0.28447604179382324,1.0,0
A2GTSJ9O70AANB:validation:B0043OSKZG,head,,,0,0.0,0.0,0.0,0.0,0.0,0.0,0,0,0.34958308935165405,1.0,0
A2HA9198TWYXW4:validation:B0049424FM,tail,,,0,0.0,0.0,0.0,0.0,0.0,0.0,0,0,0.29596295952796936,1.0,0
A2HCKBBEXELJ3R:validation:B001AWG0BK,tail,,,0,0.0,0.0,0.0,0.0,0.0,0.0,0,0,0.28512176871299744,1.0,0
A2HD9JTLRSC9IL:validation:B001E8ISJW,tail,,,0,0.0,0.0,0.0,0.0,0.0,0.0,0,0,0.28138524293899536,1.0,0
A2HJNXE3S1NCNM:validation:B006U9D6D8,head,,,0,0.0,0.0,0.0,0.0,0.0,0.0,0,0,0.2879764139652252,1.0,0
A2HSKLKTQKKO7X:validation:B001CT0AGC,head,13,11,1,0.0,0.0,1.0,0.0,0.0,1.0,1,0,0.28371888399124146,1.0,0
A2HTGS2A09D0U2:validation:B004UHRTVW,tail,,50,1,0.0,0.0,0.0,0.0,0.0,1.0,1,0,0.3515525758266449,1.0,0
A2HTZ0LM1AEKU:validation:B001B1831U,head,,,0,0.0,0.0,0.0,0.0,0.0,0.0,0,0,0.2871865928173065,1.0,0
A2HX0JF7BT2RM7:validation:B00GQ9I9IO,head,,,0,0.0,0.0,0.0,0.0,0.0,0.0,0,0,0.2870454490184784,1.0,0
A2HYMHX9P8MXB:validation:B00DIH6CMW,tail,14,13,1,0.0,0.0,1.0,0.0,0.0,1.0,1,0,0.2898876368999481,1.0,0
A2I0QZID5TQSLN:validation:B00DM14TYC,tail,,,0,0.0,0.0,0.0,0.0,0.0,0.0,0,0,0.28882676362991333,1.0,0
A2I24CLOFC0GZ:validation:B008C130XS,head,,,0,0.0,0.0,0.0,0.0,0.0,0.0,0,0,0.2895886301994324,1.0,0
A2IFKH3TJ10387:validation:B00BB8ZHIU,head,,,0,0.0,0.0,0.0,0.0,0.0,0.0,0,0,0.35038864612579346,1.0,0
A2II54B3VA45LN:validation:B007WR959Q,tail,,,0,0.0,0.0,0.0,0.0,0.0,0.0,0,0,0.2882145941257477,1.0,0
A2IQN7JX01BI99:validation:B000H88PCU,head,,,0,0.0,0.0,0.0,0.0,0.0,0.0,0,0,0.2911151051521301,1.0,0
A2IVZDMJR864HA:validation:B008TGS9N2,tail,,,0,0.0,0.0,0.0,0.0,0.0,0.0,0,0,0.2796621322631836,1.0,0
A2IYLMDQGBB4VG:validation:B0045EAMXW,tail,,,0,0.0,0.0,0.0,0.0,0.0,0.0,0,0,0.2914181351661682,1.0,0
A2J3C8J062VLVH:validation:B008B7QY0E,head,,,0,0.0,0.0,0.0,0.0,0.0,0.0,0,0,0.3481979966163635,1.0,0
A2JHBQ4FS6D7UT:validation:B002MSN3QQ,head,7,7,1,1.0,0.3333333333333333,1.0,1.0,0.3333333333333333,1.0,0,0,0.2805930972099304,1.0,0
A2JP9E1H0SF392:validation:B000052YM7,head,,,0,0.0,0.0,0.0,0.0,0.0,0.0,0,0,0.34491363167762756,1.0,0
A2JZ4C3Y5V1322:validation:B003EUR1D2,head,,,0,0.0,0.0,0.0,0.0,0.0,0.0,0,0,0.29129621386528015,1.0,0
A2K4W97ESUB5QT:validation:B0000AN9L9,tail,,,0,0.0,0.0,0.0,0.0,0.0,0.0,0,0,0.34737247228622437,1.0,0
A2K7I7UJFU4ICU:validation:B000052YMS,tail,,,0,0.0,0.0,0.0,0.0,0.0,0.0,0,0,0.284589946269989,1.0,0
A2KIC3BVTV6D05:validation:B004HSO124,head,,,0,0.0,0.0,0.0,0.0,0.0,0.0,0,0,0.2729910612106323,1.0,0
A2KOFH2Z6CNOJ0:validation:B001FFH4Q2,tail,,,0,0.0,0.0,0.0,0.0,0.0,0.0,0,0,0.3032154142856598,1.0,0
A2KP5EI9VUHSRY:validation:B000VUT3O8,tail,,,0,0.0,0.0,0.0,0.0,0.0,0.0,0,0,0.2836414575576782,1.0,0
A2KTXKDSZRGMJF:validation:B0013TM9UQ,head,2,2,1,1.0,0.6309297535714575,1.0,1.0,0.6309297535714575,1.0,0,0,0.2889852821826935,1.0,0
A2L1IEIZNTVI0J:validation:B0078VTGOK,tail,,,0,0.0,0.0,0.0,0.0,0.0,0.0,0,0,0.28371110558509827,1.0,0
A2LDGL943QZXGK:validation:B00GJ7WV8M,head,,,0,0.0,0.0,0.0,0.0,0.0,0.0,0,0,0.2904605269432068,1.0,0
A2LH6S5JMBJXP7:validation:B001MS7HF0,head,,,0,0.0,0.0,0.0,0.0,0.0,0.0,0,0,0.28656449913978577,1.0,0
A2LIPLT5LJTN5B:validation:B000Q6D3MA,tail,,,0,0.0,0.0,0.0,0.0,0.0,0.0,0,0,0.286120742559433,1.0,0
A2LKXDUWPIZW5D:validation:B000OZF8W6,tail,,,0,0.0,0.0,0.0,0.0,0.0,0.0,0,0,0.28718575835227966,1.0,0
A2LMSCHTDMPDCT:validation:B001F51TBI,head,,,0,0.0,0.0,0.0,0.0,0.0,0.0,0,0,0.28876370191574097,1.0,0
A2LQEJM1CIKBIZ:validation:B000ZMBSPE,head,,,0,0.0,0.0,0.0,0.0,0.0,0.0,0,0,0.28244906663894653,1.0,0
A2LUR5U8DLAXLE:validation:B00014D138,tail,,,0,0.0,0.0,0.0,0.0,0.0,0.0,0,0,0.2914104163646698,1.0,0
A2M34TR2T9YAXV:validation:B004BHAJAE,head,,,0,0.0,0.0,0.0,0.0,0.0,0.0,0,0,0.29349392652511597,1.0,0
A2M6OZ8KDJGIJK:validation:B009FKNGRA,head,,,0,0.0,0.0,0.0,0.0,0.0,0.0,0,0,0.2855716943740845,1.0,0
A2M8T1C3YP19NQ:validation:B00BHLNV34,tail,,,0,0.0,0.0,0.0,0.0,0.0,0.0,0,0,0.28293901681900024,1.0,0
A2MC91Y091JHD3:validation:B008C12ZHK,tail,,,0,0.0,0.0,0.0,0.0,0.0,0.0,0,0,0.29182133078575134,1.0,0
A2MHCTX43MIMDZ:validation:B00GMWMMOW,tail,,,0,0.0,0.0,0.0,0.0,0.0,0.0,0,0,0.2900625467300415,1.0,0
A2MRI3571JE9K5:validation:B0000ZLEFU,head,,,0,0.0,0.0,0.0,0.0,0.0,0.0,0,0,0.3479677736759186,1.0,0
A2MUGFV2TDQ47K:validation:B00GLS5938,head,4,4,1,1.0,0.43067655807339306,1.0,1.0,0.43067655807339306,1.0,0,0,0.2834695875644684,1.0,0
A2MVRXLH2BWJLB:validation:B00021DE14,tail,,,0,0.0,0.0,0.0,0.0,0.0,0.0,0,0,0.2895546555519104,1.0,0
A2MXXMQL8L7XMH:validation:B001DJ9JJU,head,,,0,0.0,0.0,0.0,0.0,0.0,0.0,0,0,0.28212684392929077,1.0,0
A2N3TOK3OZKDCQ:validation:B000BIXP5I,tail,,,0,0.0,0.0,0.0,0.0,0.0,0.0,0,0,0.29433029890060425,1.0,0
A2N5U83E4EDGIZ:validation:B002GOXELA,head,,,0,0.0,0.0,0.0,0.0,0.0,0.0,0,0,0.28526318073272705,1.0,0
A2N7ZWEBX1K1JQ:validation:B00BM4GG9C,tail,,,0,0.0,0.0,0.0,0.0,0.0,0.0,0,0,0.28800854086875916,1.0,0
A2N87EKH2T7KP4:validation:B00AYLYETS,tail,,,0,0.0,0.0,0.0,0.0,0.0,0.0,0,0,0.29233282804489136,1.0,0
A2N9DJZRIRT79Y:validation:B003ODETES,head,6,6,1,1.0,0.3562071871080222,1.0,1.0,0.3562071871080222,1.0,0,0,0.2908265292644501,1.0,0
A2ND7WY43CKE3K:validation:B002RS6JW6,head,,,0,0.0,0.0,0.0,0.0,0.0,0.0,0,0,0.349758118391037,1.0,0
A2NDG1DVMSSAEW:validation:B0092SVTGA,head,,,0,0.0,0.0,0.0,0.0,0.0,0.0,0,0,0.28844958543777466,1.0,0
A2NHHRZYY677X2:validation:B006RU9WO2,tail,,,0,0.0,0.0,0.0,0.0,0.0,0.0,0,0,0.290141224861145,1.0,0
A2NJPX59NHHEL6:validation:B00AZBVKAS,head,,,0,0.0,0.0,0.0,0.0,0.0,0.0,0,0,0.2886033058166504,1.0,0
A2NML53YCHS80S:validation:B004B3YC9M,head,,,0,0.0,0.0,0.0,0.0,0.0,0.0,0,0,0.2881876230239868,1.0,0
A2NMY860CJK313:validation:B005MF19XU,tail,,,0,0.0,0.0,0.0,0.0,0.0,0.0,0,0,0.2843094766139984,1.0,0
A2NSZIA0CWKTBR:validation:B0010XUU9M,head,,,0,0.0,0.0,0.0,0.0,0.0,0.0,0,0,0.29638272523880005,1.0,0
A2NXBJUC1F4X9C:validation:B001QFDTWO,head,,,0,0.0,0.0,0.0,0.0,0.0,0.0,0,0,0.28202638030052185,1.0,0
A2NYVLSN2XWKVE:validation:B00A32GTAA,tail,,,0,0.0,0.0,0.0,0.0,0.0,0.0,0,0,0.28484630584716797,1.0,0
A2ODIWTLSE3QNF:validation:B0036BI56G,head,,,0,0.0,0.0,0.0,0.0,0.0,0.0,0,0,0.2872737944126129,1.0,0
A2OL0JTU0DLH6B:validation:B00I6CRX04,head,5,5,1,1.0,0.38685280723454163,1.0,1.0,0.38685280723454163,1.0,0,0,0.28159740567207336,1.0,0
A2OOGV311RISR4:validation:B003Y57G7I,tail,,,0,0.0,0.0,0.0,0.0,0.0,0.0,0,0,0.28500738739967346,1.0,0
A2OTP4HZPAUIK5:validation:B006ZBP8NM,head,,,0,0.0,0.0,0.0,0.0,0.0,0.0,0,0,0.2860565483570099,1.0,0
A2OV4UDK0PSOY8:validation:B000NT2EE8,tail,,,0,0.0,0.0,0.0,0.0,0.0,0.0,0,0,0.2934149503707886,1.0,0
A2P07DRGFFYD2M:validation:B0034KYDSI,tail,,,0,0.0,0.0,0.0,0.0,0.0,0.0,0,0,0.28439661860466003,1.0,0
A2PILTJNP7HODH:validation:B0018DAUKI,head,23,24,1,0.0,0.0,1.0,0.0,0.0,1.0,1,0,0.294974148273468,1.0,0
A2PJ9AIRJCGSVO:validation:B008V0U33U,tail,,,0,0.0,0.0,0.0,0.0,0.0,0.0,0,0,0.28495362401008606,1.0,0
A2PMQV23VVE1UV:validation:B00CDGR29G,head,,,0,0.0,0.0,0.0,0.0,0.0,0.0,0,0,0.2896193265914917,1.0,0
A2PSC7LUNIDEAH:validation:B00AE07CRA,head,4,4,1,1.0,0.43067655807339306,1.0,1.0,0.43067655807339306,1.0,0,0,0.2856525778770447,1.0,0
A2PSIP48R289X0:validation:B0000632EN,head,,,0,0.0,0.0,0.0,0.0,0.0,0.0,0,0,0.2825566828250885,1.0,0
A2PSM421PXBULE:validation:B00AN44OKA,tail,,,0,0.0,0.0,0.0,0.0,0.0,0.0,0,0,0.2858061194419861,1.0,0
A2PT8SG7QHODOP:validation:B002R23I76,head,,,0,0.0,0.0,0.0,0.0,0.0,0.0,0,0,0.29046082496643066,1.0,0
A2Q2A6JKY95RTP:validation:B00AO4E9E0,head,,,0,0.0,0.0,0.0,0.0,0.0,0.0,0,0,0.282866507768631,1.0,0
A2Q5DZRXBR6KAT:validation:B0070TSNO4,head,,,0,0.0,0.0,0.0,0.0,0.0,0.0,0,0,0.28507497906684875,1.0,0
A2QQ4B0CW79Q1J:validation:B004VB48LQ,tail,,,0,0.0,0.0,0.0,0.0,0.0,0.0,0,0,0.2822658121585846,1.0,0
A2QR8LQDW077K2:validation:B000P22TIY,head,,,0,0.0,0.0,0.0,0.0,0.0,0.0,0,0,0.284146785736084,1.0,0
A2QRUJQ4V9VD9C:validation:B00178TVXG,head,,,0,0.0,0.0,0.0,0.0,0.0,0.0,0,0,0.35042208433151245,1.0,0
A2QV6QJG4WSXOJ:validation:B00181OKDI,tail,,,0,0.0,0.0,0.0,0.0,0.0,0.0,0,0,0.2883855700492859,1.0,0
A2QWHEI914GHRZ:validation:B00IU079YM,head,5,4,1,1.0,0.38685280723454163,1.0,1.0,0.43067655807339306,1.0,1,0,0.28075695037841797,1.0,0
A2R99I2RXNYT8A:validation:B0087O4XKE,head,,,0,0.0,0.0,0.0,0.0,0.0,0.0,0,0,0.2853262722492218,1.0,0
A2RF2V7ID1WXB0:validation:B003S516XO,head,19,18,1,0.0,0.0,1.0,0.0,0.0,1.0,1,0,0.3448067903518677,1.0,0
A2RK1FNF8QT7LA:validation:B008LQX8J0,tail,2,2,1,1.0,0.6309297535714575,1.0,1.0,0.6309297535714575,1.0,0,0,0.3492615222930908,1.0,0
A2RMWJEGN2G5XV:validation:B00778LPAW,tail,,,0,0.0,0.0,0.0,0.0,0.0,0.0,0,0,0.28552621603012085,1.0,0
A2RVCKATGGC5KW:validation:B0034KYDQ0,head,,,0,0.0,0.0,0.0,0.0,0.0,0.0,0,0,0.281287282705307,1.0,0
A2S4NGNU2V4BV2:validation:B003S19S9W,head,7,7,1,1.0,0.3333333333333333,1.0,1.0,0.3333333333333333,1.0,0,0,0.2932981550693512,1.0,0
A2S9MQZ3LEIIKP:validation:B00609D92Q,head,,,0,0.0,0.0,0.0,0.0,0.0,0.0,0,0,0.28550195693969727,1.0,0
A2SG5RI4UCH3E8:validation:B003ODETES,head,11,10,1,0.0,0.0,1.0,1.0,0.2890648263178879,1.0,1,0,0.34784895181655884,1.0,0
A2SHO1S8OKKOFU:validation:B006T8BXGW,tail,,,0,0.0,0.0,0.0,0.0,0.0,0.0,0,0,0.2910844683647156,1.0,0
A2SKCPF6NTDXXF:validation:B009WCLNZI,tail,,,0,0.0,0.0,0.0,0.0,0.0,0.0,0,0,0.2922428250312805,1.0,0
A2SLX6UHHYCMCV:validation:B00AE07932,head,12,12,1,0.0,0.0,1.0,0.0,0.0,1.0,0,0,0.28402331471443176,1.0,0
A2SPI5WNZLOJ2U:validation:B00BVKL08E,head,19,15,1,0.0,0.0,1.0,0.0,0.0,1.0,1,0,0.2850671708583832,1.0,0
A2SSTW9G9SAFQP:validation:B005C3ZYWE,head,,,0,0.0,0.0,0.0,0.0,0.0,0.0,0,0,0.2807357907295227,1.0,0
A2SZGCG5KYWTHN:validation:B00FPROWWU,tail,,,0,0.0,0.0,0.0,0.0,0.0,0.0,0,0,0.2799869179725647,1.0,0
A2T06F48BOEAR3:validation:B005R3IPJI,head,,,0,0.0,0.0,0.0,0.0,0.0,0.0,0,0,0.2903444766998291,1.0,0
A2T45V5PTGT8JL:validation:B0033041GI,tail,,,0,0.0,0.0,0.0,0.0,0.0,0.0,0,0,0.2850719690322876,1.0,0
A2TMDD3MJBXR8B:validation:B00E19LRA8,tail,,51,1,0.0,0.0,0.0,0.0,0.0,0.0,1,0,0.3088304400444031,1.0,0
A2TOPNOYV52Q8K:validation:B00FLRHYCE,head,,,0,0.0,0.0,0.0,0.0,0.0,0.0,0,0,0.2955877184867859,1.0,0
A2TTHN1UMO82VY:validation:B008U2Y9BQ,head,,,0,0.0,0.0,0.0,0.0,0.0,0.0,0,0,0.28506311774253845,1.0,0
A2U5QHOFR8QMKC:validation:B001RVMQX0,tail,,,0,0.0,0.0,0.0,0.0,0.0,0.0,0,0,0.28708726167678833,1.0,0
A2U742I37JI26X:validation:B001B4SEY8,tail,,,0,0.0,0.0,0.0,0.0,0.0,0.0,0,0,0.2870888113975525,1.0,0
A2UOUSKU76FNA1:validation:B007DGRT3K,head,,,0,0.0,0.0,0.0,0.0,0.0,0.0,0,0,0.28662803769111633,1.0,0
A2UQYZCO6C3IU2:validation:B004WC2H8A,head,,,0,0.0,0.0,0.0,0.0,0.0,0.0,0,0,0.30240923166275024,1.0,0
A2UR9I3QSTN4G3:validation:B00HSNWZKU,head,32,28,1,0.0,0.0,1.0,0.0,0.0,1.0,1,0,0.2876761853694916,1.0,0
A2USMIT2CSA08:validation:B001W2X8AO,head,,,0,0.0,0.0,0.0,0.0,0.0,0.0,0,0,0.2918815016746521,1.0,0
A2UW9WI22QKMZE:validation:B00BB8ZIW0,head,,,0,0.0,0.0,0.0,0.0,0.0,0.0,0,0,0.2847343385219574,1.0,0
A2V1466RFDNQLV:validation:B00AM7BSXO,head,,,0,0.0,0.0,0.0,0.0,0.0,0.0,0,0,0.2892269194126129,1.0,0
A2VGK9S4DKTMF:validation:B004VM9JCS,tail,,,0,0.0,0.0,0.0,0.0,0.0,0.0,0,0,0.2911476194858551,1.0,0
A2VHIH7WH0K3WT:validation:B0045H853S,tail,,,0,0.0,0.0,0.0,0.0,0.0,0.0,0,0,0.28353697061538696,1.0,0
A2VHS1MDPFGB8M:validation:B009IROM5A,tail,3,3,1,1.0,0.5,1.0,1.0,0.5,1.0,0,0,0.2822323739528656,1.0,0
A2VK0XXZ8OJTFA:validation:B005H1525A,tail,,,0,0.0,0.0,0.0,0.0,0.0,0.0,0,0,0.28807151317596436,1.0,0
A2VMVTDYQDA6L8:validation:B00912CL5K,head,,,0,0.0,0.0,0.0,0.0,0.0,0.0,0,0,0.2897186875343323,1.0,0
A2VR4OZF9O2OUM:validation:B00DM14TYC,tail,,,0,0.0,0.0,0.0,0.0,0.0,0.0,0,0,0.34820443391799927,1.0,0
A2VUO0N2FOUGUS:validation:B008JWW7MK,tail,,,0,0.0,0.0,0.0,0.0,0.0,0.0,0,0,0.2844064235687256,1.0,0
A2VY2K9U0OKHUR:validation:B007124J9I,tail,,,0,0.0,0.0,0.0,0.0,0.0,0.0,0,0,0.2857567369937897,1.0,0
A2W128ZJIVBS2E:validation:B0086LC0H6,tail,,,0,0.0,0.0,0.0,0.0,0.0,0.0,0,0,0.28884708881378174,1.0,0
A2WE2N4J0V9XID:validation:B0009MHJE4,head,,,0,0.0,0.0,0.0,0.0,0.0,0.0,0,0,0.28963878750801086,1.0,0
A2WV6JY830FOMU:validation:B00CIZ0DNO,tail,,,0,0.0,0.0,0.0,0.0,0.0,0.0,0,0,0.2798353135585785,1.0,0
A2WY4X18J0RUCN:validation:B004GJCN8I,tail,,,0,0.0,0.0,0.0,0.0,0.0,0.0,0,0,0.31196194887161255,1.0,0
A2WZBP8CKXOV5J:validation:B004LXHEX8,head,,,0,0.0,0.0,0.0,0.0,0.0,0.0,0,0,0.28495174646377563,1.0,0
A2X06FP2PQ6EK0:validation:B00C0Z5CYW,head,,,0,0.0,0.0,0.0,0.0,0.0,0.0,0,0,0.28134262561798096,1.0,0
A2X9QMIEOEY0XO:validation:B0011XWPNK,tail,,,0,0.0,0.0,0.0,0.0,0.0,0.0,0,0,0.2895742654800415,1.0,0
A2XEDF8EE006E7:validation:B009YXC3LS,tail,,,0,0.0,0.0,0.0,0.0,0.0,0.0,0,0,0.28972676396369934,1.0,0
A2XEKYS8XHL662:validation:B000ZMBSPE,head,21,20,1,0.0,0.0,1.0,0.0,0.0,1.0,1,0,0.2848913371562958,1.0,0
A2XKOYQ09XU05:validation:B002LLG4T2,tail,,,0,0.0,0.0,0.0,0.0,0.0,0.0,0,0,0.2878526449203491,1.0,0
A2XL01EGU7MRGF:validation:B003B6S36S,tail,,,0,0.0,0.0,0.0,0.0,0.0,0.0,0,0,0.28583699464797974,1.0,0
A2XT2T856TG56A:validation:B007PTGHKQ,tail,,,0,0.0,0.0,0.0,0.0,0.0,0.0,0,0,0.29308831691741943,1.0,0
A2XV7S79KLDO4T:validation:B000O03F4O,tail,,,0,0.0,0.0,0.0,0.0,0.0,0.0,0,0,0.2854366898536682,1.0,0
A2Y0PETR5XVJ9Q:validation:B007PCPVT6,tail,,,0,0.0,0.0,0.0,0.0,0.0,0.0,0,0,0.2839827239513397,1.0,0
A2Y9OTH4K7NG02:validation:B00152A0OI,tail,,,0,0.0,0.0,0.0,0.0,0.0,0.0,0,0,0.2915136218070984,1.0,0
A2YB5103AQ463Z:validation:B0009XH6TG,head,,,0,0.0,0.0,0.0,0.0,0.0,0.0,0,0,0.28453874588012695,1.0,0
A2YEOR4XJ8N3QE:validation:B00EOP3MJI,tail,12,11,1,0.0,0.0,1.0,0.0,0.0,1.0,1,0,0.28344738483428955,1.0,0
A2YEQK39SBEORB:validation:B00312PRU2,tail,,,0,0.0,0.0,0.0,0.0,0.0,0.0,0,0,0.2902485728263855,1.0,0
A2YHEND6PBZGZP:validation:B00F9SWMEA,tail,,,0,0.0,0.0,0.0,0.0,0.0,0.0,0,0,0.2830873429775238,1.0,0
A2YHTVAZBC6GJ8:validation:B003AYEG3U,tail,,,0,0.0,0.0,0.0,0.0,0.0,0.0,0,0,0.2804971933364868,1.0,0
A2YMOT6X7KC4AJ:validation:B0059NA3MI,head,,,0,0.0,0.0,0.0,0.0,0.0,0.0,0,0,0.2840602993965149,1.0,0
A2YTXXV883GTEU:validation:B000HGMVH2,tail,,,0,0.0,0.0,0.0,0.0,0.0,0.0,0,0,0.28577232360839844,1.0,0
A2YVWIU1B8HJ8:validation:B001T8QJM0,tail,,,0,0.0,0.0,0.0,0.0,0.0,0.0,0,0,0.28993532061576843,1.0,0
A2YZERYQTLB8NG:validation:B004DBVQ14,tail,,,0,0.0,0.0,0.0,0.0,0.0,0.0,0,0,0.294786274433136,1.0,0
A2Z3R9WFWX2J06:validation:B007MNYY14,tail,,,0,0.0,0.0,0.0,0.0,0.0,0.0,0,0,0.29275575280189514,1.0,0
A2Z8GKX4OGAUE:validation:B003WYKQQO,tail,,,0,0.0,0.0,0.0,0.0,0.0,0.0,0,0,0.28957676887512207,1.0,0
A2ZCYB5CNZBM2N:validation:B004GW4N8S,tail,,,0,0.0,0.0,0.0,0.0,0.0,0.0,0,0,0.28570231795310974,1.0,0
A2ZGPAIV64KOYU:validation:B009XRFA88,head,,,0,0.0,0.0,0.0,0.0,0.0,0.0,0,0,0.2844621539115906,1.0,0
A2ZJMW39H734MI:validation:B00F008GFQ,head,1,1,1,1.0,1.0,1.0,1.0,1.0,1.0,0,0,0.29294830560684204,1.0,0
A2ZKEF8R16MLIC:validation:B00021DJ32,head,,,0,0.0,0.0,0.0,0.0,0.0,0.0,0,0,0.28485432267189026,1.0,0
A2ZOTWGLSUPUSM:validation:B00770JW9Q,tail,,,0,0.0,0.0,0.0,0.0,0.0,0.0,0,0,0.29501622915267944,1.0,0
A2ZZQ9CUK3R2SC:validation:B000JLEZN8,head,41,39,1,0.0,0.0,1.0,0.0,0.0,1.0,1,0,0.2870625853538513,1.0,0
A307YFSORUAXSQ:validation:B00GNAA2J0,head,41,38,1,0.0,0.0,1.0,0.0,0.0,1.0,1,0,0.28747615218162537,1.0,0
A3097C7XGQ5590:validation:B003H2MR2W,head,,,0,0.0,0.0,0.0,0.0,0.0,0.0,0,0,0.28315722942352295,1.0,0
A30G633CLCZSBY:validation:B00AA17N4U,tail,,,0,0.0,0.0,0.0,0.0,0.0,0.0,0,0,0.28497400879859924,1.0,0
A30IISN5P0HTII:validation:B00BVSA1AY,tail,,,0,0.0,0.0,0.0,0.0,0.0,0.0,0,0,0.2877381443977356,1.0,0
A30MTYI1LQEB72:validation:B00AZBTUNC,tail,,,0,0.0,0.0,0.0,0.0,0.0,0.0,0,0,0.28341788053512573,1.0,0
A30NMZ7072TMTN:validation:B004TSFE28,head,,,0,0.0,0.0,0.0,0.0,0.0,0.0,0,0,0.2887420952320099,1.0,0
A30RVE6QWTD584:validation:B004DK0UDA,head,1,1,1,1.0,1.0,1.0,1.0,1.0,1.0,0,0,0.28963080048561096,1.0,0
A31304ZQ73RM1D:validation:B00119MI4U,tail,,,0,0.0,0.0,0.0,0.0,0.0,0.0,0,0,0.29251572489738464,1.0,0
A31B8RZ8YDMRX1:validation:B00JYY576U,head,17,21,1,0.0,0.0,1.0,0.0,0.0,1.0,1,0,0.34976762533187866,1.0,0
A31BINYKLSTS06:validation:B005EII2OY,head,,,0,0.0,0.0,0.0,0.0,0.0,0.0,0,0,0.28766635060310364,1.0,0
A31JUEEOSCKSX0:validation:B0040QZU64,tail,,,0,0.0,0.0,0.0,0.0,0.0,0.0,0,0,0.29466575384140015,1.0,0
A31QEIE49EC2R8:validation:B00A51LI1O,head,29,30,1,0.0,0.0,1.0,0.0,0.0,1.0,1,0,0.2925950884819031,1.0,0
A31U7U4P1GVOVP:validation:B005G9E98O,head,,,0,0.0,0.0,0.0,0.0,0.0,0.0,0,0,0.34516429901123047,1.0,0
A31V9NOMBWPFWS:validation:B0056VE108,tail,5,4,1,1.0,0.38685280723454163,1.0,1.0,0.43067655807339306,1.0,1,0,0.282973974943161,1.0,0
A31W55J90T8NFF:validation:B004B9C8MO,head,1,1,1,1.0,1.0,1.0,1.0,1.0,1.0,0,0,0.28977346420288086,1.0,0
A31Y11J8A7JFC7:validation:B00FSAT2CY,tail,,,0,0.0,0.0,0.0,0.0,0.0,0.0,0,0,0.2874496877193451,1.0,0
A3229Y4UIDTKLA:validation:B008JVZMDM,head,,,0,0.0,0.0,0.0,0.0,0.0,0.0,0,0,0.28556135296821594,1.0,0
A326ORFY46O7CX:validation:B00178VX50,head,,,0,0.0,0.0,0.0,0.0,0.0,0.0,0,0,0.2935520112514496,1.0,0
A32HB28LRUECD9:validation:B004JLEGM4,head,,,0,0.0,0.0,0.0,0.0,0.0,0.0,0,0,0.28692641854286194,1.0,0
A32MUSM2FYMHSG:validation:B004ZWMDZ4,tail,,,0,0.0,0.0,0.0,0.0,0.0,0.0,0,0,0.29165059328079224,1.0,0
A32TCWAILP09A2:validation:B00IC9AG5A,tail,4,3,1,1.0,0.43067655807339306,1.0,1.0,0.5,1.0,1,0,0.353882759809494,1.0,0
A32XGYDA14KT13:validation:B0000632EN,head,,,0,0.0,0.0,0.0,0.0,0.0,0.0,0,0,0.28583455085754395,1.0,0
A32ZN98ZK0S0HY:validation:B0030O3VRW,head,,,0,0.0,0.0,0.0,0.0,0.0,0.0,0,0,0.29185763001441956,1.0,0
A3300J9FGXCED4:validation:B0092SVTGA,head,,,0,0.0,0.0,0.0,0.0,0.0,0.0,0,0,0.2844676077365875,1.0,0
A330PQAR1XWTXB:validation:B00631JA8S,head,7,5,1,1.0,0.3333333333333333,1.0,1.0,0.38685280723454163,1.0,1,0,0.2808862328529358,1.0,0
A330W8NW2TCZLN:validation:B007LANY2S,head,,,0,0.0,0.0,0.0,0.0,0.0,0.0,0,0,0.29247939586639404,1.0,0
A3350F7X4X8XI:validation:B0045H31M8,tail,,,0,0.0,0.0,0.0,0.0,0.0,0.0,0,0,0.28764283657073975,1.0,0
A336JYV7JGJATR:validation:B00502NMTE,tail,,,0,0.0,0.0,0.0,0.0,0.0,0.0,0,0,0.2811685800552368,1.0,0
A339N60BL4R7TI:validation:B000JG1QDA,tail,,,0,0.0,0.0,0.0,0.0,0.0,0.0,0,0,0.28463053703308105,1.0,0
A33GNK2H4F1EC0:validation:B0027CT5SC,head,32,31,1,0.0,0.0,1.0,0.0,0.0,1.0,1,0,0.2900903522968292,1.0,0
A33J0A164WQ970:validation:B008B7QY0E,head,,,0,0.0,0.0,0.0,0.0,0.0,0.0,0,0,0.3483709692955017,1.0,0
A33MWPEYOPB8AP:validation:B000C235A8,tail,,55,1,0.0,0.0,0.0,0.0,0.0,0.0,1,0,0.3514443039894104,1.0,0
A33SZ1KXX5HGOJ:validation:B0018ZRTZA,head,,,0,0.0,0.0,0.0,0.0,0.0,0.0,0,0,0.2908004820346832,1.0,0
A33UF1NJEKY3H1:validation:B005R3IPJI,head,,,0,0.0,0.0,0.0,0.0,0.0,0.0,0,0,0.283431738615036,1.0,0
A340J26B7RKSN1:validation:B00AUFSOU8,tail,,,0,0.0,0.0,0.0,0.0,0.0,0.0,0,0,0.2857248783111572,1.0,0
A34DTQAG9TCATF:validation:B002950XLU,tail,,,0,0.0,0.0,0.0,0.0,0.0,0.0,0,0,0.29203757643699646,1.0,0
A34ELPPF1CMYEO:validation:B005ALWE1M,head,,,0,0.0,0.0,0.0,0.0,0.0,0.0,0,0,0.29808399081230164,1.0,0
A34EQAIKKUWYYW:validation:B0002Z8HAI,head,9,7,1,1.0,0.3010299956639812,1.0,1.0,0.3333333333333333,1.0,1,0,0.282426655292511,1.0,0
A354IO4TGWR8OP:validation:B00GMQDN64,tail,,,0,0.0,0.0,0.0,0.0,0.0,0.0,0,0,0.2836590111255646,1.0,0
A355NAVC4Z33IY:validation:B008YPNSNE,tail,,,0,0.0,0.0,0.0,0.0,0.0,0.0,0,0,0.28954654932022095,1.0,0
A35FE2L51D55:validation:B0034ZYVXU,tail,,,0,0.0,0.0,0.0,0.0,0.0,0.0,0,0,0.28300800919532776,1.0,0
A35JP8KSV9281K:validation:B00GYB1ECW,head,1,1,1,1.0,1.0,1.0,1.0,1.0,1.0,0,0,0.2809422016143799,1.0,0
A35Q0RBM3YNQNF:validation:B00LLPT4HI,tail,,,0,0.0,0.0,0.0,0.0,0.0,0.0,0,0,0.28952205181121826,1.0,0
A36CAGQYZAK7US:validation:B00A51LI1O,head,5,5,1,1.0,0.38685280723454163,1.0,1.0,0.38685280723454163,1.0,0,0,0.29186975955963135,1.0,0
A36DPW2H73VCXM:validation:B0094G3LQ6,tail,,,0,0.0,0.0,0.0,0.0,0.0,0.0,0,0,0.29229018092155457,1.0,0
A36ET1TFU3F7FF:validation:B000HLH758,tail,,,0,0.0,0.0,0.0,0.0,0.0,0.0,0,0,0.28667253255844116,1.0,0
A36OO0WXOK6NYJ:validation:B00AF63QQE,tail,,,0,0.0,0.0,0.0,0.0,0.0,0.0,0,0,0.28330761194229126,1.0,0
A36P0V0AAQORL8:validation:B0064TWUPO,tail,,,0,0.0,0.0,0.0,0.0,0.0,0.0,0,0,0.28155192732810974,1.0,0
A36QMCSO2IZGQ7:validation:B00DDD3OB8,tail,24,20,1,0.0,0.0,1.0,0.0,0.0,1.0,1,0,0.2850993275642395,1.0,0
A36R1GGNDJ0R5I:validation:B001ECQ4L2,tail,,,0,0.0,0.0,0.0,0.0,0.0,0.0,0,0,0.3469882607460022,1.0,0
A36UGV07IC1FCZ:validation:B004CZSVZ0,tail,,,0,0.0,0.0,0.0,0.0,0.0,0.0,0,0,0.2877631187438965,1.0,0
A36YMMGXAQQYVU:validation:B0068Y6CA4,head,6,6,1,1.0,0.3562071871080222,1.0,1.0,0.3562071871080222,1.0,0,0,0.2907665967941284,1.0,0
A372AQ2DI105YK:validation:B002P9FGWQ,tail,,,0,0.0,0.0,0.0,0.0,0.0,0.0,0,0,0.2893090546131134,1.0,0
A377VQWLC65GR0:validation:B0000ZLEFU,head,,,0,0.0,0.0,0.0,0.0,0.0,0.0,0,0,0.28814396262168884,1.0,0
A37C6G352BUIGH:validation:B000P279E8,tail,,,0,0.0,0.0,0.0,0.0,0.0,0.0,0,0,0.29551130533218384,1.0,0
A37OK9HYRK7RLX:validation:B004D2826K,head,,,0,0.0,0.0,0.0,0.0,0.0,0.0,0,0,0.28668177127838135,1.0,0
A37QLYQHB1Q2IY:validation:B000ODNSR0,head,22,21,1,0.0,0.0,1.0,0.0,0.0,1.0,1,0,0.34888845682144165,1.0,0
A37QYM7T1JGAR6:validation:B00479VTG4,tail,,,0,0.0,0.0,0.0,0.0,0.0,0.0,0,0,0.2897987961769104,1.0,0
A37R3P5JFNQG8S:validation:B00GTBZWPW,head,20,19,1,0.0,0.0,1.0,0.0,0.0,1.0,1,0,0.28544852137565613,1.0,0
A37RDB7KRNXHSC:validation:B009DDGHFC,head,,,0,0.0,0.0,0.0,0.0,0.0,0.0,0,0,0.29340964555740356,1.0,0
A37WW5O42NMOKR:validation:B00ARX9X6M,head,32,29,1,0.0,0.0,1.0,0.0,0.0,1.0,1,0,0.27038317918777466,1.0,0
A37ZFC97MT9M9M:validation:B00C67E0PG,tail,,,0,0.0,0.0,0.0,0.0,0.0,0.0,0,0,0.28709715604782104,1.0,0
A38167RWGZR8AE:validation:B00E0T1FOM,tail,,,0,0.0,0.0,0.0,0.0,0.0,0.0,0,0,0.280306339263916,1.0,0
A388X9B2K05JPW:validation:B0010VLJ58,tail,,,0,0.0,0.0,0.0,0.0,0.0,0.0,0,0,0.288895845413208,1.0,0
A38IXYR8DNAI75:validation:B0053L2E1O,head,,,0,0.0,0.0,0.0,0.0,0.0,0.0,0,0,0.3483651280403137,1.0,0
A38R6HM8DRQ6PE:validation:B000HRVC5I,head,,,0,0.0,0.0,0.0,0.0,0.0,0.0,0,0,0.2841692864894867,1.0,0
A38RIRRZH1S2EA:validation:B009SCRSHE,head,,84,1,0.0,0.0,0.0,0.0,0.0,0.0,1,0,0.28788888454437256,1.0,0
A38S2ELFQMNEHP:validation:B000P6WIHC,tail,,,0,0.0,0.0,0.0,0.0,0.0,0.0,0,0,0.2913845181465149,1.0,0
A38VDDNZ7A3QM0:validation:B006U95N34,head,,,0,0.0,0.0,0.0,0.0,0.0,0.0,0,0,0.29112160205841064,1.0,0
A38YU2G73LYCU2:validation:B006ENQHLS,head,17,9,1,0.0,0.0,1.0,1.0,0.3010299956639812,1.0,1,0,0.31095007061958313,1.0,0
A38Z2QSVGNWWKX:validation:B0017T29HU,tail,1,1,1,1.0,1.0,1.0,1.0,1.0,1.0,0,0,0.2931709885597229,1.0,0
A38ZYYY2V1PSQV:validation:B006QO4BRM,head,22,21,1,0.0,0.0,1.0,0.0,0.0,1.0,1,0,0.28458648920059204,1.0,0
A392XPUTJDHSDJ:validation:B002Y26V00,tail,,,0,0.0,0.0,0.0,0.0,0.0,0.0,0,0,0.34944427013397217,1.0,0
A397CWU6DM3O5G:validation:B0037QGE9A,tail,,,0,0.0,0.0,0.0,0.0,0.0,0.0,0,0,0.34774699807167053,1.0,0
A39GK7MGCYT936:validation:B006BL75SW,tail,,,0,0.0,0.0,0.0,0.0,0.0,0.0,0,0,0.29117050766944885,1.0,0
A39M7ZLGQBKML4:validation:B00F0QVKEE,tail,,,0,0.0,0.0,0.0,0.0,0.0,0.0,0,0,0.28979718685150146,1.0,0
A39PS2GA4EICAK:validation:B008R56PVI,head,,,0,0.0,0.0,0.0,0.0,0.0,0.0,0,0,0.284710168838501,1.0,0
A39RME3E01WGP3:validation:B00401PYJM,tail,,,0,0.0,0.0,0.0,0.0,0.0,0.0,0,0,0.29196417331695557,1.0,0
A39VNRG8P49QED:validation:B000EBIDIQ,tail,,,0,0.0,0.0,0.0,0.0,0.0,0.0,0,0,0.2895616292953491,1.0,0
A39Z2B6SZKCUZO:validation:B000WI0640,tail,,,0,0.0,0.0,0.0,0.0,0.0,0.0,0,0,0.34955307841300964,1.0,0
A3A2DIW161BGH:validation:B0015IYNR2,tail,,,0,0.0,0.0,0.0,0.0,0.0,0.0,0,0,0.2916063666343689,1.0,0
A3ABZZ6YEKU0K9:validation:B005HIH97C,tail,,,0,0.0,0.0,0.0,0.0,0.0,0.0,0,0,0.28905147314071655,1.0,0
A3ADM292AZKHP6:validation:B003ZUOCN8,head,9,8,1,1.0,0.3010299956639812,1.0,1.0,0.31546487678572877,1.0,1,0,0.30737394094467163,1.0,0
A3AH998G4B6AY8:validation:B001B0X05U,tail,,,0,0.0,0.0,0.0,0.0,0.0,0.0,0,0,0.28723669052124023,1.0,0
A3AQHM23X4PCUB:validation:B00L5KTZ0K,tail,,,0,0.0,0.0,0.0,0.0,0.0,0.0,0,0,0.2808491289615631,1.0,0
A3AQO91DYWF8R0:validation:B00GTC1HB4,head,,50,1,0.0,0.0,0.0,0.0,0.0,1.0,1,0,0.34837275743484497,1.0,0
A3AYRU9YL2FV9B:validation:B007OT1TT6,tail,,,0,0.0,0.0,0.0,0.0,0.0,0.0,0,0,0.28507310152053833,1.0,0
A3B1ELLXA5D2JP:validation:B0001TODNK,tail,,,0,0.0,0.0,0.0,0.0,0.0,0.0,0,0,0.29796361923217773,1.0,0
A3B566PKH31GEQ:validation:B005SPWI3O,tail,,,0,0.0,0.0,0.0,0.0,0.0,0.0,0,0,0.28859150409698486,1.0,0
A3BSJ3J674PB2K:validation:B0098JU8TC,head,,,0,0.0,0.0,0.0,0.0,0.0,0.0,0,0,0.29590699076652527,1.0,0
A3C1QYGEET3BVY:validation:B00GTC1JHQ,head,4,4,1,1.0,0.43067655807339306,1.0,1.0,0.43067655807339306,1.0,0,0,0.28379109501838684,1.0,0
A3CBVG1SSBZ3CY:validation:B0035RKSYS,tail,,,0,0.0,0.0,0.0,0.0,0.0,0.0,0,0,0.29209887981414795,1.0,0
A3CFZJRVPE28JO:validation:B00DRA91A0,tail,,,0,0.0,0.0,0.0,0.0,0.0,0.0,0,0,0.2881576120853424,1.0,0
A3CK3DMVHRGK5J:validation:B000GIL1UE,tail,,,0,0.0,0.0,0.0,0.0,0.0,0.0,0,0,0.288268119096756,1.0,0
A3CX02IGUE2FV9:validation:B005HO0A18,head,,,0,0.0,0.0,0.0,0.0,0.0,0.0,0,0,0.29360780119895935,1.0,0
A3D4WBC9QRF1B:validation:B002GENWU8,head,,,0,0.0,0.0,0.0,0.0,0.0,0.0,0,0,0.3508869409561157,1.0,0
A3D90BUGWSRZ9P:validation:B007FAOUOA,tail,,,0,0.0,0.0,0.0,0.0,0.0,0.0,0,0,0.3477553725242615,1.0,0
A3D9IXJQJUJP81:validation:B0036BJLJ6,tail,,,0,0.0,0.0,0.0,0.0,0.0,0.0,0,0,0.28593888878822327,1.0,0
A3DDVPLJOYO2LK:validation:B004WC2H8A,head,,,0,0.0,0.0,0.0,0.0,0.0,0.0,0,0,0.2900409400463104,1.0,0
A3DKGFF0SDWT4O:validation:B0046797WK,head,,,0,0.0,0.0,0.0,0.0,0.0,0.0,0,0,0.28653696179389954,1.0,0
A3DXSO87O68MGJ:validation:B000L9YYTS,head,,85,1,0.0,0.0,0.0,0.0,0.0,0.0,1,0,0.3505282402038574,1.0,0
A3E1DVYNED6MKR:validation:B006QHXDKK,tail,,,0,0.0,0.0,0.0,0.0,0.0,0.0,0,0,0.28962576389312744,1.0,0
A3E3J8QWE6IEF4:validation:B000AQF50Y,head,,,0,0.0,0.0,0.0,0.0,0.0,0.0,0,0,0.2898927628993988,1.0,0
A3E5KPDJ9OMGL3:validation:B00DSLFNQ4,tail,45,48,1,0.0,0.0,1.0,0.0,0.0,1.0,1,0,0.29551953077316284,1.0,0
A3E7FX6I0T8PCR:validation:B004SU8EKG,tail,,,0,0.0,0.0,0.0,0.0,0.0,0.0,0,0,0.28918924927711487,1.0,0
A3EBJDZ5N1UEI5:validation:B0011MJSD6,tail,,,0,0.0,0.0,0.0,0.0,0.0,0.0,0,0,0.283549964427948,1.0,0
A3EGJZMAYC8ERY:validation:B003RD1MV8,head,,,0,0.0,0.0,0.0,0.0,0.0,0.0,0,0,0.3515596389770508,1.0,0
A3EJI52WWJPG1V:validation:B002LFLRFY,tail,,,0,0.0,0.0,0.0,0.0,0.0,0.0,0,0,0.2910536527633667,1.0,0
A3EK1NEPCXMGSY:validation:B001E96NIE,tail,,,0,0.0,0.0,0.0,0.0,0.0,0.0,0,0,0.29218053817749023,1.0,0
A3EK3RHQMJXF4M:validation:B002KFOX38,head,,,0,0.0,0.0,0.0,0.0,0.0,0.0,0,0,0.2964473068714142,1.0,0
A3EKIOC57YP2IN:validation:B006V6T1X4,tail,,,0,0.0,0.0,0.0,0.0,0.0,0.0,0,0,0.2905733287334442,1.0,0
A3ENXB9LQUNNG9:validation:B001ABLKK2,head,18,18,1,0.0,0.0,1.0,0.0,0.0,1.0,0,0,0.2933374345302582,1.0,0
A3EOVXI1VZIHUQ:validation:B00GXZS5VW,head,,,0,0.0,0.0,0.0,0.0,0.0,0.0,0,0,0.2881234884262085,1.0,0
A3EWR3T4P25NYU:validation:B00178TVXG,head,,,0,0.0,0.0,0.0,0.0,0.0,0.0,0,0,0.2858903408050537,1.0,0
A3EXW4HNYX7HF5:validation:B00ARCQHBC,head,,,0,0.0,0.0,0.0,0.0,0.0,0.0,0,0,0.2864763140678406,1.0,0
A3F7SSPP2M257N:validation:B000VPPUEA,head,24,24,1,0.0,0.0,1.0,0.0,0.0,1.0,0,0,0.28232988715171814,1.0,0
A3FA404WRL606E:validation:B005Z446JC,head,1,1,1,1.0,1.0,1.0,1.0,1.0,1.0,0,0,0.2808527946472168,1.0,0
A3FLTPEI8R6DBT:validation:B008VSJFQ8,tail,,,0,0.0,0.0,0.0,0.0,0.0,0.0,0,0,0.28242227435112,1.0,0
A3FSTO7SUAZZP2:validation:B0014XECEW,tail,,,0,0.0,0.0,0.0,0.0,0.0,0.0,0,0,0.2827623784542084,1.0,0
A3G2OWFD1U2CXI:validation:B005G9E98O,head,,,0,0.0,0.0,0.0,0.0,0.0,0.0,0,0,0.3489012122154236,1.0,0
A3G467T8H2U4F1:validation:B0027WPJRI,head,,,0,0.0,0.0,0.0,0.0,0.0,0.0,0,0,0.28884753584861755,1.0,0
A3G7PAS30Q3VPF:validation:B00DQ2I0G0,head,15,12,1,0.0,0.0,1.0,0.0,0.0,1.0,1,0,0.2916030287742615,1.0,0
A3G86HKC97Q45T:validation:B001D67O3G,tail,,,0,0.0,0.0,0.0,0.0,0.0,0.0,0,0,0.28448915481567383,1.0,0
A3GAF7LFKL598I:validation:B000JKEB38,tail,,,0,0.0,0.0,0.0,0.0,0.0,0.0,0,0,0.28551459312438965,1.0,0
A3GCM8YAWAVMC1:validation:B0032CDFCS,head,,,0,0.0,0.0,0.0,0.0,0.0,0.0,0,0,0.29113227128982544,1.0,0
A3GHAKNUFXJFOE:validation:B004D2826K,head,,,0,0.0,0.0,0.0,0.0,0.0,0.0,0,0,0.2839195132255554,1.0,0
A3GHIJSCWQVNC5:validation:B00JQP1SP6,head,,93,1,0.0,0.0,0.0,0.0,0.0,0.0,1,0,0.2858564257621765,1.0,0
A3GPAR4H5Y5OU8:validation:B001JQLNNC,head,,,0,0.0,0.0,0.0,0.0,0.0,0.0,0,0,0.3482893407344818,1.0,0
A3GPPSQITRNML0:validation:B007CDSFKU,head,,,0,0.0,0.0,0.0,0.0,0.0,0.0,0,0,0.28795158863067627,1.0,0
A3GR9OL2ZDSPIT:validation:B004CHF8AY,tail,,,0,0.0,0.0,0.0,0.0,0.0,0.0,0,0,0.350821852684021,1.0,0
A3GU5RXKP37GOQ:validation:B000EEX7TI,head,,,0,0.0,0.0,0.0,0.0,0.0,0.0,0,0,0.2933906614780426,1.0,0
A3GVBTQPWGRMWO:validation:B0000632EN,head,36,32,1,0.0,0.0,1.0,0.0,0.0,1.0,1,0,0.286507248878479,1.0,0
A3HK49P9VGHVGK:validation:B002DP75R6,tail,,,0,0.0,0.0,0.0,0.0,0.0,0.0,0,0,0.28415077924728394,1.0,0
A3HKCH8GRNQR9P:validation:B00BFFQMBA,tail,,,0,0.0,0.0,0.0,0.0,0.0,0.0,0,0,0.2837929427623749,1.0,0
A3HNADBFO4LTG:validation:B0057RIM5G,head,,,0,0.0,0.0,0.0,0.0,0.0,0.0,0,0,0.28809070587158203,1.0,0
A3HZ97AD2975TW:validation:B007HTSVAS,tail,,,0,0.0,0.0,0.0,0.0,0.0,0.0,0,0,0.2898457646369934,1.0,0
A3I3UFU02JGQ2T:validation:B0080GV0Z0,head,4,4,1,1.0,0.43067655807339306,1.0,1.0,0.43067655807339306,1.0,0,0,0.28937023878097534,1.0,0
A3IAU6ZPVF2R5K:validation:B00J3JDCH2,tail,24,46,1,0.0,0.0,1.0,0.0,0.0,1.0,1,0,0.28230753540992737,1.0,0
A3IE1LEHKSMROF:validation:B001KYQA1S,head,,,0,0.0,0.0,0.0,0.0,0.0,0.0,0,0,0.28080350160598755,1.0,0
A3IFT8N1349D6J:validation:B002BQ3EHM,tail,,,0,0.0,0.0,0.0,0.0,0.0,0.0,0,0,0.2836264371871948,1.0,0
A3IGV4K0L06GE5:validation:B004CR3D4W,head,,,0,0.0,0.0,0.0,0.0,0.0,0.0,0,0,0.28541865944862366,1.0,0
A3INRBZVNGDJ91:validation:B003QUONE0,head,,,0,0.0,0.0,0.0,0.0,0.0,0.0,0,0,0.34817710518836975,1.0,0
A3IQ12O7NEEN58:validation:B00HM6IXH2,head,,,0,0.0,0.0,0.0,0.0,0.0,0.0,0,0,0.28389772772789,1.0,0
A3IQA3VVDHGAK1:validation:B0001ZYLAO,head,,,0,0.0,0.0,0.0,0.0,0.0,0.0,0,0,0.28775203227996826,1.0,0
A3ISG188UDVVOZ:validation:B00AB4W2H4,tail,,,0,0.0,0.0,0.0,0.0,0.0,0.0,0,0,0.2839064300060272,1.0,0
A3IT7GQE8LLDZE:validation:B002UUT39M,tail,,,0,0.0,0.0,0.0,0.0,0.0,0.0,0,0,0.28359267115592957,1.0,0
A3ITSJT3V5L4TG:validation:B002R23I76,head,46,47,1,0.0,0.0,1.0,0.0,0.0,1.0,1,0,0.2916678786277771,1.0,0
A3IVXGWI3KUU9F:validation:B005SV1R1W,tail,,,0,0.0,0.0,0.0,0.0,0.0,0.0,0,0,0.28310006856918335,1.0,0
A3IVXJ8NXIR9R0:validation:B0006FMKB6,tail,,,0,0.0,0.0,0.0,0.0,0.0,0.0,0,0,0.2828383445739746,1.0,0
A3J102RU95PU2E:validation:B00D76IRXQ,head,,,0,0.0,0.0,0.0,0.0,0.0,0.0,0,0,0.2832188010215759,1.0,0
A3J356L2ADK05Z:validation:B00AHF1GK6,head,1,1,1,1.0,1.0,1.0,1.0,1.0,1.0,0,0,0.2884444296360016,1.0,0
A3J4FQE8902FBM:validation:B004TSFBNK,head,3,3,1,1.0,0.5,1.0,1.0,0.5,1.0,0,0,0.2836301624774933,1.0,0
A3JCZ23X5PI7JD:validation:B001ZD3DHI,tail,,,0,0.0,0.0,0.0,0.0,0.0,0.0,0,0,0.28384023904800415,1.0,0
A3JISS7CQJF8JL:validation:B00AIQOKDY,head,3,2,1,1.0,0.5,1.0,1.0,0.6309297535714575,1.0,1,0,0.2918977439403534,1.0,0
A3JJ00APHY2QQ8:validation:B00AUVJ8W0,tail,,,0,0.0,0.0,0.0,0.0,0.0,0.0,0,0,0.3008955717086792,1.0,0
A3JKYGEQV9ODZY:validation:B007S69QAY,tail,,,0,0.0,0.0,0.0,0.0,0.0,0.0,0,0,0.2853814661502838,1.0,0
A3JN7YYN1X6KI3:validation:B003YUDRNK,tail,,,0,0.0,0.0,0.0,0.0,0.0,0.0,0,0,0.2820757031440735,1.0,0
A3JOBJLIXNXKZV:validation:B000KPSSJK,tail,,,0,0.0,0.0,0.0,0.0,0.0,0.0,0,0,0.28645288944244385,1.0,0
A3K1MVVAT4OPE5:validation:B002JPWOK8,tail,,,0,0.0,0.0,0.0,0.0,0.0,0.0,0,0,0.294249951839447,1.0,0
A3K9G3TEKIEATA:validation:B002UL63NK,tail,,,0,0.0,0.0,0.0,0.0,0.0,0.0,0,0,0.2892167568206787,1.0,0
A3KA5TCF3AD0WW:validation:B0009MHJE4,head,,,0,0.0,0.0,0.0,0.0,0.0,0.0,0,0,0.2815248370170593,1.0,0
A3KBUTSIFX0K9V:validation:B008CZBZY0,tail,,,0,0.0,0.0,0.0,0.0,0.0,0.0,0,0,0.2820461690425873,1.0,0
A3KMT39SPJ3TOP:validation:B004TSF8R4,head,9,9,1,1.0,0.3010299956639812,1.0,1.0,0.3010299956639812,1.0,0,0,0.3469976782798767,1.0,0
A3KQSR125P72QR:validation:B003UY8WFS,tail,,,0,0.0,0.0,0.0,0.0,0.0,0.0,0,0,0.2869478464126587,1.0,0
A3KRLE1Y9S7TJO:validation:B006FJLLHG,tail,,,0,0.0,0.0,0.0,0.0,0.0,0.0,0,0,0.28526002168655396,1.0,0
A3KU2J9C1UTJRO:validation:B004D24818,head,12,11,1,0.0,0.0,1.0,0.0,0.0,1.0,1,0,0.2855556607246399,1.0,0
A3KVP93O266Q6M:validation:B005FYJB92,head,6,6,1,1.0,0.3562071871080222,1.0,1.0,0.3562071871080222,1.0,0,0,0.2848626673221588,1.0,0
A3KWFSLRZZFKM0:validation:B00AQ9JIDK,tail,,,0,0.0,0.0,0.0,0.0,0.0,0.0,0,0,0.2953135371208191,1.0,0
A3KWOC5Q92FAXO:validation:B001CE6T76,head,21,20,1,0.0,0.0,1.0,0.0,0.0,1.0,1,0,0.2850029468536377,1.0,0
A3KXAZL1LM9L7Y:validation:B00028M3N2,head,,,0,0.0,0.0,0.0,0.0,0.0,0.0,0,0,0.29019421339035034,1.0,0
A3L1MEXXDI4Q77:validation:B009G0E9CK,tail,,,0,0.0,0.0,0.0,0.0,0.0,0.0,0,0,0.28928589820861816,1.0,0
A3L829BHSRRJ7U:validation:B004JZT328,tail,,,0,0.0,0.0,0.0,0.0,0.0,0.0,0,0,0.2880525588989258,1.0,0
A3LGT6UZL99IW1:validation:B00GBL8VJY,tail,,,0,0.0,0.0,0.0,0.0,0.0,0.0,0,0,0.2851531505584717,1.0,0
A3LLLRGP4OOCFI:validation:B007IM3RZI,tail,,,0,0.0,0.0,0.0,0.0,0.0,0.0,0,0,0.28567612171173096,1.0,0
A3LMY9YEPPZFFF:validation:B0050GPSW4,head,,,0,0.0,0.0,0.0,0.0,0.0,0.0,0,0,0.28380826115608215,1.0,0
A3LPFHPD69M41G:validation:B0009V1YR8,head,,,0,0.0,0.0,0.0,0.0,0.0,0.0,0,0,0.28751111030578613,1.0,0
A3LUU3LNTMQO9B:validation:B008K0WMVW,tail,,,0,0.0,0.0,0.0,0.0,0.0,0.0,0,0,0.2934867739677429,1.0,0
A3M6VBOW521N1L:validation:B003YCF47U,tail,,,0,0.0,0.0,0.0,0.0,0.0,0.0,0,0,0.28266116976737976,1.0,0
A3MJ9F8BEC4CBU:validation:B0009ML5M6,head,,,0,0.0,0.0,0.0,0.0,0.0,0.0,0,0,0.2916341722011566,1.0,0
A3MOW0FV5EEYBI:validation:B009GD05NO,tail,,,0,0.0,0.0,0.0,0.0,0.0,0.0,0,0,0.28882497549057007,1.0,0
A3MPPNO856HTJN:validation:B0015SBOLU,tail,,,0,0.0,0.0,0.0,0.0,0.0,0.0,0,0,0.2955576777458191,1.0,0
A3MRTY6Q0IAWZ2:validation:B000VV0JNQ,tail,,,0,0.0,0.0,0.0,0.0,0.0,0.0,0,0,0.28952085971832275,1.0,0
A3MYY7DV4TDL6W:validation:B00AZOTTPS,tail,21,19,1,0.0,0.0,1.0,0.0,0.0,1.0,1,0,0.28502461314201355,1.0,0
A3N12MEIKIOLNO:validation:B004A8DJS8,tail,2,2,1,1.0,0.6309297535714575,1.0,1.0,0.6309297535714575,1.0,0,0,0.2834235429763794,1.0,0
A3N4CUW4UYC9I3:validation:B00EYZY68Y,tail,1,1,1,1.0,1.0,1.0,1.0,1.0,1.0,0,0,0.28215292096138,1.0,0
A3N73PFEGXGDSN:validation:B0056Z278M,tail,,,0,0.0,0.0,0.0,0.0,0.0,0.0,0,0,0.29445788264274597,1.0,0
A3N9PK3ZWCFVQU:validation:B0094DH1RE,tail,19,34,1,0.0,0.0,1.0,0.0,0.0,1.0,1,0,0.3535889983177185,1.0,0
A3NBYSP7Z9FYQZ:validation:B00ALHISAQ,tail,,,0,0.0,0.0,0.0,0.0,0.0,0.0,0,0,0.3497716784477234,1.0,0
A3NER7NAGE01A2:validation:B003HLTTJM,head,26,47,1,0.0,0.0,1.0,0.0,0.0,1.0,1,0,0.35170745849609375,1.0,0
A3NIZ4G9FP083V:validation:B009T47YZ2,head,7,8,1,1.0,0.3333333333333333,1.0,1.0,0.31546487678572877,1.0,1,0,0.28913524746894836,1.0,0
A3NJE4PPFR17UV:validation:B001I90NM2,tail,,,0,0.0,0.0,0.0,0.0,0.0,0.0,0,0,0.28839319944381714,1.0,0
A3NOBH42C7UI5M:validation:B00HSNWXZM,head,22,21,1,0.0,0.0,1.0,0.0,0.0,1.0,1,0,0.28055232763290405,1.0,0
A3NS205YVCOXTU:validation:B0053L2E1O,head,,,0,0.0,0.0,0.0,0.0,0.0,0.0,0,0,0.2895052433013916,1.0,0
A3O0N562BLZ4Y8:validation:B000X040QW,head,,,0,0.0,0.0,0.0,0.0,0.0,0.0,0,0,0.2845461964607239,1.0,0
A3O28YJBZG1Q0Q:validation:B009GEUPPG,head,,,0,0.0,0.0,0.0,0.0,0.0,0.0,0,0,0.2859066128730774,1.0,0
A3O3XBUO044GRS:validation:B005L4ULCC,tail,,,0,0.0,0.0,0.0,0.0,0.0,0.0,0,0,0.34882810711860657,1.0,0
A3O7GDDKLEZUJF:validation:B006L6A06Q,head,,,0,0.0,0.0,0.0,0.0,0.0,0.0,0,0,0.29428714513778687,1.0,0
A3O8865PP7P3B3:validation:B004HYLTTG,tail,,,0,0.0,0.0,0.0,0.0,0.0,0.0,0,0,0.2859830856323242,1.0,0
A3O8XCQCRVQNQY:validation:B001CTQMIC,head,,,0,0.0,0.0,0.0,0.0,0.0,0.0,0,0,0.28815919160842896,1.0,0
A3OC93X866Z8TB:validation:B00J4JWN2Q,tail,2,2,1,1.0,0.6309297535714575,1.0,1.0,0.6309297535714575,1.0,0,0,0.28645241260528564,1.0,0
A3OEAUIOVX7D7B:validation:B00502NMTE,tail,,,0,0.0,0.0,0.0,0.0,0.0,0.0,0,0,0.2709345817565918,1.0,0
A3OFLY2LO2OEB9:validation:B003Z4UKGM,tail,,,0,0.0,0.0,0.0,0.0,0.0,0.0,0,0,0.28391969203948975,1.0,0
A3OXB8POGTLMFY:validation:B000HGMVH2,tail,,,0,0.0,0.0,0.0,0.0,0.0,0.0,0,0,0.28775107860565186,1.0,0
A3P6HWGLSTBCEH:validation:B00BB8ZIRK,head,,,0,0.0,0.0,0.0,0.0,0.0,0.0,0,0,0.28612786531448364,1.0,0
A3PDMF0AB7P2HL:validation:B005OZOIKY,tail,,,0,0.0,0.0,0.0,0.0,0.0,0.0,0,0,0.28423067927360535,1.0,0
A3PI6O5RQF35OA:validation:B000H88QOM,head,,,0,0.0,0.0,0.0,0.0,0.0,0.0,0,0,0.2880069315433502,1.0,0
A3PL5EL5YCDA1B:validation:B00AE07H0M,head,2,2,1,1.0,0.6309297535714575,1.0,1.0,0.6309297535714575,1.0,0,0,0.28271350264549255,1.0,0
A3PT8IKBQXWT80:validation:B000F4DLBG,head,15,14,1,0.0,0.0,1.0,0.0,0.0,1.0,1,0,0.2935623228549957,1.0,0
A3PWOASCVEQNWC:validation:B004FLR418,tail,,,0,0.0,0.0,0.0,0.0,0.0,0.0,0,0,0.28795087337493896,1.0,0
A3PX70B6GRUV7E:validation:B0014SQQ3M,tail,,,0,0.0,0.0,0.0,0.0,0.0,0.0,0,0,0.2997463345527649,1.0,0
A3QAJ0P6RBB6H2:validation:B0080GV0Z0,head,,,0,0.0,0.0,0.0,0.0,0.0,0.0,0,0,0.2826118767261505,1.0,0
A3QCWR3D75TZJK:validation:B004GV8H7C,tail,,,0,0.0,0.0,0.0,0.0,0.0,0.0,0,0,0.2933654487133026,1.0,0
A3R113WVMW5ACR:validation:B008COP6NM,tail,,,0,0.0,0.0,0.0,0.0,0.0,0.0,0,0,0.29223179817199707,1.0,0
A3R1PGM3772MBO:validation:B0072XT8BA,head,1,1,1,1.0,1.0,1.0,1.0,1.0,1.0,0,0,0.29331496357917786,1.0,0
A3R8WVB5HU3872:validation:B006OO0CG8,tail,,,0,0.0,0.0,0.0,0.0,0.0,0.0,0,0,0.2840063273906708,1.0,0
A3R9954MI3F0MX:validation:B001TI8XBU,head,49,46,1,0.0,0.0,1.0,0.0,0.0,1.0,1,0,0.29977723956108093,1.0,0
A3R9X003XW0LNR:validation:B00GLS593S,head,1,1,1,1.0,1.0,1.0,1.0,1.0,1.0,0,0,0.2848453223705292,1.0,0
A3RGB6UYB2VHTH:validation:B004BCT7A2,tail,,,0,0.0,0.0,0.0,0.0,0.0,0.0,0,0,0.2851839065551758,1.0,0
A3RLN6ZK3COU89:validation:B006QO4BRM,head,46,34,1,0.0,0.0,1.0,0.0,0.0,1.0,1,0,0.287949800491333,1.0,0
A3ROOCKFTYU6SI:validation:B003FBI9LS,head,,,0,0.0,0.0,0.0,0.0,0.0,0.0,0,0,0.34833386540412903,1.0,0
A3RU7QI4PLON76:validation:B000FSH4I8,tail,,,0,0.0,0.0,0.0,0.0,0.0,0.0,0,0,0.2885434925556183,1.0,0
A3S7JUSFF63FQ7:validation:B00700H128,head,,,0,0.0,0.0,0.0,0.0,0.0,0.0,0,0,0.29100459814071655,1.0,0
A3SA6RLQ0NZE6H:validation:B002UUT38I,head,,,0,0.0,0.0,0.0,0.0,0.0,0.0,0,0,0.28592783212661743,1.0,0
A3SWV1SYADVTBV:validation:B002HK2GOO,tail,,,0,0.0,0.0,0.0,0.0,0.0,0.0,0,0,0.2939927279949188,1.0,0
A3T5FHZQQBBLM2:validation:B001DI776S,tail,,,0,0.0,0.0,0.0,0.0,0.0,0.0,0,0,0.288387656211853,1.0,0
A3T5WIIWZYIULA:validation:B005UKRRKG,head,31,26,1,0.0,0.0,1.0,0.0,0.0,1.0,1,0,0.2811022996902466,1.0,0
A3T9DL82XWU721:validation:B0047SBPSW,tail,,,0,0.0,0.0,0.0,0.0,0.0,0.0,0,0,0.2862527668476105,1.0,0
A3TDRVCWRM5GD7:validation:B00C7DYBX0,head,,,0,0.0,0.0,0.0,0.0,0.0,0.0,0,0,0.2805611193180084,1.0,0
A3TH7C2W8X9RV7:validation:B000XE67WI,tail,,,0,0.0,0.0,0.0,0.0,0.0,0.0,0,0,0.28337642550468445,1.0,0
A3TRSUX9JYKNCJ:validation:B002HWS7RM,head,,,0,0.0,0.0,0.0,0.0,0.0,0.0,0,0,0.28169500827789307,1.0,0
A3TSA96TY15UUR:validation:B006O473S8,tail,,,0,0.0,0.0,0.0,0.0,0.0,0.0,0,0,0.28760653734207153,1.0,0
A3TX58JY0EZBPC:validation:B009FKNGGQ,head,25,23,1,0.0,0.0,1.0,0.0,0.0,1.0,1,0,0.2851361334323883,1.0,0
A3U140NC6B83V7:validation:B0018C6V98,tail,,,0,0.0,0.0,0.0,0.0,0.0,0.0,0,0,0.28825506567955017,1.0,0
A3U16T1IGKP75P:validation:B005V1ZKGW,tail,,,0,0.0,0.0,0.0,0.0,0.0,0.0,0,0,0.27082154154777527,1.0,0
A3U1MCJLKZX4ZM:validation:B0082XRJXS,head,,,0,0.0,0.0,0.0,0.0,0.0,0.0,0,0,0.2827320396900177,1.0,0
A3UA5MN10OBUGI:validation:B000052YM7,head,17,17,1,0.0,0.0,1.0,0.0,0.0,1.0,0,0,0.2835138440132141,1.0,0
A3UC3YT2E65LZO:validation:B0054MSBZA,head,,,0,0.0,0.0,0.0,0.0,0.0,0.0,0,0,0.2833213210105896,1.0,0
A3UJRNI8UR4871:validation:B00KCFAZTE,head,7,6,1,1.0,0.3333333333333333,1.0,1.0,0.3562071871080222,1.0,1,0,0.29169952869415283,1.0,0
A3V25I855OKRHB:validation:B008B91H0E,tail,,,0,0.0,0.0,0.0,0.0,0.0,0.0,0,0,0.29132378101348877,1.0,0
A3V32O3E7X5IPT:validation:B00CDOX81E,tail,3,3,1,1.0,0.5,1.0,1.0,0.5,1.0,0,0,0.30726850032806396,1.0,0
A3V6HW8K8Z7DJ2:validation:B0006IJA5C,tail,,,0,0.0,0.0,0.0,0.0,0.0,0.0,0,0,0.29518288373947144,1.0,0
A3VBXQKRM7A4JR:validation:B00GLS5DVQ,head,26,26,1,0.0,0.0,1.0,0.0,0.0,1.0,0,0,0.34749776124954224,1.0,0
A3VKMUJG8DBODG:validation:B002PBHQP4,head,,,0,0.0,0.0,0.0,0.0,0.0,0.0,0,0,0.28802162408828735,1.0,0
A3VKQB7H99HIF6:validation:B005WTITNO,tail,,,0,0.0,0.0,0.0,0.0,0.0,0.0,0,0,0.3484000563621521,1.0,0
A3VXJKYVVI7HYH:validation:B004HSO124,head,,,0,0.0,0.0,0.0,0.0,0.0,0.0,0,0,0.2861820459365845,1.0,0
A3VYOY801UJ8NW:validation:B000FQUGXA,head,,,0,0.0,0.0,0.0,0.0,0.0,0.0,0,0,0.2882516086101532,1.0,0
A3W1OO50SSUY8K:validation:B0001XLSR0,head,14,13,1,0.0,0.0,1.0,0.0,0.0,1.0,1,0,0.28714799880981445,1.0,0
A3ZPMP474RLCA:validation:B005GVY48M,tail,,,0,0.0,0.0,0.0,0.0,0.0,0.0,0,0,0.2959054112434387,1.0,0
A414B9GBG3LWF:validation:B0064ION50,head,,,0,0.0,0.0,0.0,0.0,0.0,0.0,0,0,0.2838646471500397,1.0,0
A44VOCJU32IND:validation:B005XRZO0G,tail,,,0,0.0,0.0,0.0,0.0,0.0,0.0,0,0,0.28229469060897827,1.0,0
A481GH230UZTR:validation:B00772AKMM,tail,,,0,0.0,0.0,0.0,0.0,0.0,0.0,0,0,0.29108306765556335,1.0,0
A4BANGUYT9RVF:validation:B0032H2F4C,head,,,0,0.0,0.0,0.0,0.0,0.0,0.0,0,0,0.28774017095565796,1.0,0
A4H485JM4NFMM:validation:B00FAVBKX0,tail,,,0,0.0,0.0,0.0,0.0,0.0,0.0,0,0,0.2851867973804474,1.0,0
A4LV6YBM82WA1:validation:B0020MMCJI,head,,,0,0.0,0.0,0.0,0.0,0.0,0.0,0,0,0.28770071268081665,1.0,0
A4Q7XACX6N7XZ:validation:B002S8RWYY,head,,,0,0.0,0.0,0.0,0.0,0.0,0.0,0,0,0.28411269187927246,1.0,0
A52X1I4UT56KL:validation:B00GJG9JBA,head,,,0,0.0,0.0,0.0,0.0,0.0,0.0,0,0,0.3497612476348877,1.0,0
A571T4LGCDJJZ:validation:B003LDMVNM,tail,,,0,0.0,0.0,0.0,0.0,0.0,0.0,0,0,0.28502827882766724,1.0,0
A58E4MPFSAHOG:validation:B000BTO6CI,head,,,0,0.0,0.0,0.0,0.0,0.0,0.0,0,0,0.288842111825943,1.0,0
A58F10T4OE58C:validation:B00C0CVAY6,tail,,,0,0.0,0.0,0.0,0.0,0.0,0.0,0,0,0.2847970426082611,1.0,0
A5AHNBEE928YO:validation:B001AO0WCG,head,22,18,1,0.0,0.0,1.0,0.0,0.0,1.0,1,0,0.34813007712364197,1.0,0
A5KMMY627T3W:validation:B009OY8GK4,tail,,,0,0.0,0.0,0.0,0.0,0.0,0.0,0,0,0.2899966239929199,1.0,0
A5ND6F7VNNBIY:validation:B0058NANJC,tail,,,0,0.0,0.0,0.0,0.0,0.0,0.0,0,0,0.31598448753356934,1.0,0
A5QQRB2QOY96U:validation:B0054JDN8S,tail,,,0,0.0,0.0,0.0,0.0,0.0,0.0,0,0,0.2842228412628174,1.0,0
A5YHX90QWEPCT:validation:B008RM6V4M,tail,,,0,0.0,0.0,0.0,0.0,0.0,0.0,0,0,0.2825581729412079,1.0,0
A636SDCLXDASU:validation:B000GDF46Q,tail,2,2,1,1.0,0.6309297535714575,1.0,1.0,0.6309297535714575,1.0,0,0,0.2840801775455475,1.0,0
A6B92PTV0Z1SU:validation:B00I6CRX04,head,,,0,0.0,0.0,0.0,0.0,0.0,0.0,0,0,0.28352999687194824,1.0,0
A6REK581I20NP:validation:B001JKTTVQ,head,,,0,0.0,0.0,0.0,0.0,0.0,0.0,0,0,0.28453773260116577,1.0,0
A6RHAM0KS75FB:validation:B000XE1ZI4,tail,,,0,0.0,0.0,0.0,0.0,0.0,0.0,0,0,0.28405120968818665,1.0,0
A6TPHIXWU4Y7K:validation:B000IOBEQ2,tail,,,0,0.0,0.0,0.0,0.0,0.0,0.0,0,0,0.2903871536254883,1.0,0
A6WLSH6D5EYCM:validation:B005R230EO,tail,,,0,0.0,0.0,0.0,0.0,0.0,0.0,0,0,0.290825217962265,1.0,0
A74B88P9JIXPR:validation:B005UBN3L2,head,,89,1,0.0,0.0,0.0,0.0,0.0,0.0,1,0,0.2892097532749176,1.0,0
A79372WBA9IJM:validation:B00ID8H51S,tail,,,0,0.0,0.0,0.0,0.0,0.0,0.0,0,0,0.2905415892601013,1.0,0
A79NMLYXF2XEF:validation:B008U97YNY,tail,,,0,0.0,0.0,0.0,0.0,0.0,0.0,0,0,0.28296688199043274,1.0,0
A7FJ68BMMPDGD:validation:B004BARCP6,tail,,,0,0.0,0.0,0.0,0.0,0.0,0.0,0,0,0.2989805340766907,1.0,0
A7GMYEGJT74V4:validation:B00CLM5PEQ,tail,,,0,0.0,0.0,0.0,0.0,0.0,0.0,0,0,0.28510451316833496,1.0,0
A7L44HUPRXYQ0:validation:B0062W4T98,tail,,,0,0.0,0.0,0.0,0.0,0.0,0.0,0,0,0.3017764687538147,1.0,0
A7YMD8MSOBO1I:validation:B009ZRFJFA,head,,,0,0.0,0.0,0.0,0.0,0.0,0.0,0,0,0.29421311616897583,1.0,0
A82HDHO6IJWRE:validation:B008HODSNW,tail,,,0,0.0,0.0,0.0,0.0,0.0,0.0,0,0,0.2865072190761566,1.0,0
A83VUXVIDWITV:validation:B00538TSMU,head,17,15,1,0.0,0.0,1.0,0.0,0.0,1.0,1,0,0.2873707413673401,1.0,0
A841UB147HO47:validation:B00AUFSOU8,tail,,,0,0.0,0.0,0.0,0.0,0.0,0.0,0,0,0.2803310751914978,1.0,0
A84FK1U67QDVZ:validation:B0058GW8HE,tail,,,0,0.0,0.0,0.0,0.0,0.0,0.0,0,0,0.300464928150177,1.0,0
A8EOIASQETK66:validation:B006L1DNWY,head,3,3,1,1.0,0.5,1.0,1.0,0.5,1.0,0,0,0.28479060530662537,1.0,0
A8K8B4XEFY3I5:validation:B004FMFD0Q,tail,,,0,0.0,0.0,0.0,0.0,0.0,0.0,0,0,0.29532289505004883,1.0,0
A8OT6HCL778U5:validation:B00GYB1AUI,head,,,0,0.0,0.0,0.0,0.0,0.0,0.0,0,0,0.2929692566394806,1.0,0
A8QYRG7TW491B:validation:B00GLS5DVQ,head,34,33,1,0.0,0.0,1.0,0.0,0.0,1.0,1,0,0.28874632716178894,1.0,0
A8WHUQSWD0ODM:validation:B00JJ3QMFQ,tail,3,2,1,1.0,0.5,1.0,1.0,0.6309297535714575,1.0,1,0,0.3486976623535156,1.0,0
A8YNYC766JUKZ:validation:B00005O0MZ,head,,,0,0.0,0.0,0.0,0.0,0.0,0.0,0,0,0.2879907190799713,1.0,0
A8ZUE4T77PLNI:validation:B0012JY4G4,head,,,0,0.0,0.0,0.0,0.0,0.0,0.0,0,0,0.28742197155952454,1.0,0
A93HEE352LA4X:validation:B002NCTEZA,tail,,,0,0.0,0.0,0.0,0.0,0.0,0.0,0,0,0.2896217107772827,1.0,0
A94S2Y2RON2II:validation:B001JKTTVQ,head,,,0,0.0,0.0,0.0,0.0,0.0,0.0,0,0,0.287529319524765,1.0,0
A9I3YMGJQERDI:validation:B006K9OQSC,head,,,0,0.0,0.0,0.0,0.0,0.0,0.0,0,0,0.30591127276420593,1.0,0
A9NFFAZF3LIB2:validation:B001B4SEY8,tail,,,0,0.0,0.0,0.0,0.0,0.0,0.0,0,0,0.35050058364868164,1.0,0
A9SWXSVCHJS6L:validation:B007Z90NBK,tail,,,0,0.0,0.0,0.0,0.0,0.0,0.0,0,0,0.29141879081726074,1.0,0
A9X9D66T94PXW:validation:B000SSG0EE,head,,,0,0.0,0.0,0.0,0.0,0.0,0.0,0,0,0.29776960611343384,1.0,0
AA0YPCLUF78B4:validation:B001ET7892,head,,,0,0.0,0.0,0.0,0.0,0.0,0.0,0,0,0.29244688153266907,1.0,0
AA24WCV1QCKIO:validation:B002T3V294,tail,,,0,0.0,0.0,0.0,0.0,0.0,0.0,0,0,0.2864460349082947,1.0,0
AA3TSZPBZ6HB0:validation:B0009J6ER0,head,,,0,0.0,0.0,0.0,0.0,0.0,0.0,0,0,0.35350993275642395,1.0,0
AA576I6IX23UD:validation:B0096DT88C,tail,,,0,0.0,0.0,0.0,0.0,0.0,0.0,0,0,0.34744125604629517,1.0,0
AA75INOMAHULX:validation:B000P22TIY,head,4,4,1,1.0,0.43067655807339306,1.0,1.0,0.43067655807339306,1.0,0,0,0.2876105010509491,1.0,0
AA7V3GO431F0Z:validation:B004BCT7G6,head,,,0,0.0,0.0,0.0,0.0,0.0,0.0,0,0,0.2844545543193817,1.0,0
AAABY9Z61SC0Q:validation:B007L5H7XK,tail,1,1,1,1.0,1.0,1.0,1.0,1.0,1.0,0,0,0.27882981300354004,1.0,0
AAG21OJTG7MSI:validation:B002D48QWA,tail,,,0,0.0,0.0,0.0,0.0,0.0,0.0,0,0,0.29014700651168823,1.0,0
AANHR0DB9SZ80:validation:B003XMRDMU,tail,,,0,0.0,0.0,0.0,0.0,0.0,0.0,0,0,0.28435754776000977,1.0,0
AAPHZB5BVFJQW:validation:B0030HKJ8I,head,8,8,1,1.0,0.31546487678572877,1.0,1.0,0.31546487678572877,1.0,0,0,0.2870112657546997,1.0,0
AAWMICV2GW0IP:validation:B0002DPG1I,tail,,,0,0.0,0.0,0.0,0.0,0.0,0.0,0,0,0.28278011083602905,1.0,0
AB24LMHHPLUEG:validation:B0037MKHB0,tail,,,0,0.0,0.0,0.0,0.0,0.0,0.0,0,0,0.2928057909011841,1.0,0
ABEAUXVVB2E1M:validation:B00CYA5E1O,head,,,0,0.0,0.0,0.0,0.0,0.0,0.0,0,0,0.28859007358551025,1.0,0
ABOTQDXWRU51G:validation:B002GP5XD6,head,,,0,0.0,0.0,0.0,0.0,0.0,0.0,0,0,0.2848886549472809,1.0,0
ABT6VEWOJV8YX:validation:B001126XOI,tail,,,0,0.0,0.0,0.0,0.0,0.0,0.0,0,0,0.28959202766418457,1.0,0
ABV67T136UXFQ:validation:B007WW1AOE,tail,,,0,0.0,0.0,0.0,0.0,0.0,0.0,0,0,0.281180202960968,1.0,0
AC1NHNNTZURTH:validation:B002RS6JW6,head,,,0,0.0,0.0,0.0,0.0,0.0,0.0,0,0,0.2882291078567505,1.0,0
AC1Z18O8ZKKYF:validation:B004ISU5V4,head,,,0,0.0,0.0,0.0,0.0,0.0,0.0,0,0,0.2950879633426666,1.0,0
AC2XZ2EOOTIUO:validation:B005C5FP9Y,head,,,0,0.0,0.0,0.0,0.0,0.0,0.0,0,0,0.28700435161590576,1.0,0
AC3HTUCNI2I04:validation:B0061YRVNS,head,,,0,0.0,0.0,0.0,0.0,0.0,0.0,0,0,0.29056307673454285,1.0,0
AC7DC22Q4O8D1:validation:B0013GB1Y4,tail,,,0,0.0,0.0,0.0,0.0,0.0,0.0,0,0,0.2875988781452179,1.0,0
ACE2MM07R0OY7:validation:B007CMT6TA,tail,,,0,0.0,0.0,0.0,0.0,0.0,0.0,0,0,0.28884565830230713,1.0,0
ACKIR762L25QD:validation:B000EGIFBQ,tail,,,0,0.0,0.0,0.0,0.0,0.0,0.0,0,0,0.2898901104927063,1.0,0
ACPRC28TTXZDI:validation:B002QI1F8A,head,12,12,1,0.0,0.0,1.0,0.0,0.0,1.0,0,0,0.28371408581733704,1.0,0
ACRYKETNPWWKN:validation:B00150LT40,head,10,8,1,1.0,0.2890648263178879,1.0,1.0,0.31546487678572877,1.0,1,0,0.2844730019569397,1.0,0
ACTIQ7SKK7ZNR:validation:B001QFDTWO,head,,,0,0.0,0.0,0.0,0.0,0.0,0.0,0,0,0.2918323874473572,1.0,0
ACWD9XZ6I6NB8:validation:B000C1Z8MW,tail,,,0,0.0,0.0,0.0,0.0,0.0,0.0,0,0,0.28418266773223877,1.0,0
AD5LHZ19FZ8G3:validation:B002QFMJU6,tail,,,0,0.0,0.0,0.0,0.0,0.0,0.0,0,0,0.28616631031036377,1.0,0
ADBBZJ37FVOYZ:validation:B004OT29MA,head,,,0,0.0,0.0,0.0,0.0,0.0,0.0,0,0,0.2891435921192169,1.0,0
ADS6Y2663M0W0:validation:B000NJHNLW,tail,,,0,0.0,0.0,0.0,0.0,0.0,0.0,0,0,0.2880564332008362,1.0,0
ADYZOSTF9LZLD:validation:B00FRDPRQ2,tail,,,0,0.0,0.0,0.0,0.0,0.0,0.0,0,0,0.3443554639816284,1.0,0
AE12AEJFCOGGY:validation:B004BYUQAU,head,,,0,0.0,0.0,0.0,0.0,0.0,0.0,0,0,0.27917808294296265,1.0,0
AE30CDRSWSQJT:validation:B00AO7AOOG,tail,,,0,0.0,0.0,0.0,0.0,0.0,0.0,0,0,0.28942206501960754,1.0,0
AE4AB50GY643T:validation:B002QI1E9K,head,21,21,1,0.0,0.0,1.0,0.0,0.0,1.0,0,0,0.292143851518631,1.0,0
AE77MCQRZLMYN:validation:B006J5YANS,tail,,,0,0.0,0.0,0.0,0.0,0.0,0.0,0,0,0.2889325022697449,1.0,0
AEA1NILHNMJTL:validation:B00658M1DU,tail,3,3,1,1.0,0.5,1.0,1.0,0.5,1.0,0,0,0.29472148418426514,1.0,0
AEFGDAVF45JMC:validation:B0062GZB4Q,head,,,0,0.0,0.0,0.0,0.0,0.0,0.0,0,0,0.28790390491485596,1.0,0
AEKUVUHYGI1EG:validation:B000C1Z1HE,head,,,0,0.0,0.0,0.0,0.0,0.0,0.0,0,0,0.2928314208984375,1.0,0
AEQRE5OLLKU5V:validation:B0049RBZRC,tail,,,0,0.0,0.0,0.0,0.0,0.0,0.0,0,0,0.28809958696365356,1.0,0
AF1H4YRBRMBB9:validation:B0084SSLVK,tail,,,0,0.0,0.0,0.0,0.0,0.0,0.0,0,0,0.2858356237411499,1.0,0
AF1WN7WJRQ1DX:validation:B00AU55L2M,tail,,,0,0.0,0.0,0.0,0.0,0.0,0.0,0,0,0.3511615991592407,1.0,0
AF7YXO9GKZ6FV:validation:B00JQ2UXOQ,head,23,18,1,0.0,0.0,1.0,0.0,0.0,1.0,1,0,0.2820064425468445,1.0,0
AFAYSRZKWOYO3:validation:B005NZ109W,tail,25,21,1,0.0,0.0,1.0,0.0,0.0,1.0,1,0,0.2885691821575165,1.0,0
AFDPEDMUL0J54:validation:B0013ZCPIG,tail,,,0,0.0,0.0,0.0,0.0,0.0,0.0,0,0,0.2898713946342468,1.0,0
AFE34XUVIVHHD:validation:B006Z43V38,tail,,,0,0.0,0.0,0.0,0.0,0.0,0.0,0,0,0.28854089975357056,1.0,0
AFM8HGCK7GHGB:validation:B00HB2JQNM,head,4,4,1,1.0,0.43067655807339306,1.0,1.0,0.43067655807339306,1.0,0,0,0.2875761091709137,1.0,0
AFMKO6FMCZAC1:validation:B0083QNBCM,head,5,5,1,1.0,0.38685280723454163,1.0,1.0,0.38685280723454163,1.0,0,0,0.28298676013946533,1.0,0
AFQZ73ALJZFI6:validation:B00AO4E9L8,head,,,0,0.0,0.0,0.0,0.0,0.0,0.0,0,0,0.2860375940799713,1.0,0
AFR0RTZ6ZI27G:validation:B0002Z8HAI,head,6,5,1,1.0,0.3562071871080222,1.0,1.0,0.38685280723454163,1.0,1,0,0.2847177982330322,1.0,0
AFSPO2KS1G8R1:validation:B006ZBP8NM,head,,,0,0.0,0.0,0.0,0.0,0.0,0.0,0,0,0.28866857290267944,1.0,0
AFWWMWPKBN2EL:validation:B0036BI56G,head,,,0,0.0,0.0,0.0,0.0,0.0,0.0,0,0,0.28960347175598145,1.0,0
AFXC6I3Y2W3YD:validation:B0018QQZMW,tail,,,0,0.0,0.0,0.0,0.0,0.0,0.0,0,0,0.2852681577205658,1.0,0
AFYQ9V4XBVCJ1:validation:B00HNKRWII,head,29,29,1,0.0,0.0,1.0,0.0,0.0,1.0,0,0,0.28817951679229736,1.0,0
AG53X4M59893Z:validation:B00DCF7QW0,head,,,0,0.0,0.0,0.0,0.0,0.0,0.0,0,0,0.28457871079444885,1.0,0
AG5I9FP1X8LY7:validation:B0052D4416,head,,,0,0.0,0.0,0.0,0.0,0.0,0.0,0,0,0.2922341227531433,1.0,0
AG7XTDD39Z8ZS:validation:B000SRVQ12,tail,,,0,0.0,0.0,0.0,0.0,0.0,0.0,0,0,0.2922855019569397,1.0,0
AGGV0BG0QCE63:validation:B002KFOX38,head,,,0,0.0,0.0,0.0,0.0,0.0,0.0,0,0,0.27993491291999817,1.0,0
AGIOA5V84X2BW:validation:B000TW2JQC,head,,,0,0.0,0.0,0.0,0.0,0.0,0.0,0,0,0.2828788757324219,1.0,0
AGQNF361NDVI9:validation:B0014C8COY,tail,,,0,0.0,0.0,0.0,0.0,0.0,0.0,0,0,0.2874719798564911,1.0,0
AH6LWWVS4EYR0:validation:B004ZH5MTS,head,,,0,0.0,0.0,0.0,0.0,0.0,0.0,0,0,0.352093905210495,1.0,0
AHI15DQKQ567O:validation:B009NCM6JY,head,,,0,0.0,0.0,0.0,0.0,0.0,0.0,0,0,0.28162500262260437,1.0,0
AHKPVHW5XY9YJ:validation:B0009DVMAU,tail,,,0,0.0,0.0,0.0,0.0,0.0,0.0,0,0,0.28511592745780945,1.0,0
AHO0EM3FIG4JN:validation:B00150LT40,head,7,7,1,1.0,0.3333333333333333,1.0,1.0,0.3333333333333333,1.0,0,0,0.3080863952636719,1.0,0
AHSHR8WG45XRT:validation:B008EKY8VK,head,38,36,1,0.0,0.0,1.0,0.0,0.0,1.0,1,0,0.2840803265571594,1.0,0
AI1YKL18DPF03:validation:B0018OWHQM,head,,,0,0.0,0.0,0.0,0.0,0.0,0.0,0,0,0.2812727987766266,1.0,0
AIMM2VH2JMKGN:validation:B008HODSNW,tail,,,0,0.0,0.0,0.0,0.0,0.0,0.0,0,0,0.28814172744750977,1.0,0
AIQV1ZZM3LKMW:validation:B000IOFQWK,head,,,0,0.0,0.0,0.0,0.0,0.0,0.0,0,0,0.289961040019989,1.0,0
AIT8Y51ZWH97V:validation:B004GDH4JC,tail,,,0,0.0,0.0,0.0,0.0,0.0,0.0,0,0,0.29996931552886963,1.0,0
AIUW2G30Z0U6E:validation:B007BLN17K,head,26,25,1,0.0,0.0,1.0,0.0,0.0,1.0,1,0,0.2885085344314575,1.0,0
AJ6DT5FP6B5UV:validation:B009A6D04I,tail,,,0,0.0,0.0,0.0,0.0,0.0,0.0,0,0,0.28625190258026123,1.0,0
AJ7FNDOL6OZRY:validation:B00G8OQODY,tail,,,0,0.0,0.0,0.0,0.0,0.0,0.0,0,0,0.2907485067844391,1.0,0
AJ9AE2BVND0GS:validation:B00ID8H4OG,tail,,,0,0.0,0.0,0.0,0.0,0.0,0.0,0,0,0.29251641035079956,1.0,0
AJP3H8F7ZCN0A:validation:B0043OYFKU,head,10,9,1,1.0,0.2890648263178879,1.0,1.0,0.3010299956639812,1.0,1,0,0.29468676447868347,1.0,0
AJS64IY0XQY3B:validation:B00979C5EE,tail,,,0,0.0,0.0,0.0,0.0,0.0,0.0,0,0,0.28956031799316406,1.0,0
AJT49DOO4I4CQ:validation:B00B18C2RE,tail,,,0,0.0,0.0,0.0,0.0,0.0,0.0,0,0,0.34928229451179504,1.0,0
AK1WNXTHNCG5V:validation:B00A0IWTEW,head,10,7,1,1.0,0.2890648263178879,1.0,1.0,0.3333333333333333,1.0,1,0,0.34918683767318726,1.0,0
AK8LOFYRZJJW0:validation:B00HSNWXZM,head,,,0,0.0,0.0,0.0,0.0,0.0,0.0,0,0,0.28666818141937256,1.0,0
AKBHPXVNU1A3L:validation:B0049RBZRC,tail,,,0,0.0,0.0,0.0,0.0,0.0,0.0,0,0,0.2866578996181488,1.0,0
AKKQB8KNHZR4X:validation:B008COP6NM,tail,,,0,0.0,0.0,0.0,0.0,0.0,0.0,0,0,0.2904091477394104,1.0,0
AKOIO49DHWBNC:validation:B00563K6VO,head,,,0,0.0,0.0,0.0,0.0,0.0,0.0,0,0,0.28879985213279724,1.0,0
AKXFO8CB1WZQL:validation:B001ARQYV6,tail,,,0,0.0,0.0,0.0,0.0,0.0,0.0,0,0,0.28215283155441284,1.0,0
AL3XH7RNN03IQ:validation:B004Z40048,head,4,4,1,1.0,0.43067655807339306,1.0,1.0,0.43067655807339306,1.0,0,0,0.2824033200740814,1.0,0
AL6Z0DOW2LNNO:validation:B003NRYG1Q,tail,,,0,0.0,0.0,0.0,0.0,0.0,0.0,0,0,0.29117923974990845,1.0,0
AL8VUH8CHF61V:validation:B00AU9DFIK,tail,,,0,0.0,0.0,0.0,0.0,0.0,0.0,0,0,0.29057449102401733,1.0,0
ALIVARX8L2PFQ:validation:B000WYZ9Q4,head,,,0,0.0,0.0,0.0,0.0,0.0,0.0,0,0,0.3082248270511627,1.0,0
ALRFIXYCYR3Z0:validation:B00016WUEW,tail,,,0,0.0,0.0,0.0,0.0,0.0,0.0,0,0,0.288776159286499,1.0,0
AM16NUR5UGTPC:validation:B00AUFSOU8,tail,,,0,0.0,0.0,0.0,0.0,0.0,0.0,0,0,0.2941461205482483,1.0,0
AM4938F9OVYS4:validation:B004675BIE,head,,,0,0.0,0.0,0.0,0.0,0.0,0.0,0,0,0.28756266832351685,1.0,0
AM4PGEYX2MVQC:validation:B001H3ZUKE,tail,,,0,0.0,0.0,0.0,0.0,0.0,0.0,0,0,0.28626877069473267,1.0,0
AM5BJXNJ1NGDT:validation:B0009RFB76,head,,,0,0.0,0.0,0.0,0.0,0.0,0.0,0,0,0.2887386679649353,1.0,0
AMC708Y8VAWSO:validation:B00008CMOS,head,,,0,0.0,0.0,0.0,0.0,0.0,0.0,0,0,0.2858620285987854,1.0,0
AMFJSMJJ8FCV6:validation:B004QLOFTG,head,,,0,0.0,0.0,0.0,0.0,0.0,0.0,0,0,0.28658002614974976,1.0,0
AMGULES114BUS:validation:B0018DAUKI,head,,,0,0.0,0.0,0.0,0.0,0.0,0.0,0,0,0.2911951243877411,1.0,0
AMHFVGVVBUS2K:validation:B004UDQ6GK,head,18,16,1,0.0,0.0,1.0,0.0,0.0,1.0,1,0,0.2850460410118103,1.0,0
AMIO75QFGZ3AT:validation:B003VMZRYI,head,,61,1,0.0,0.0,0.0,0.0,0.0,0.0,1,0,0.3588869571685791,1.0,0
AMLTASA1ARCVH:validation:B00312PRU2,tail,,,0,0.0,0.0,0.0,0.0,0.0,0.0,0,0,0.2818756103515625,1.0,0
AMPGRXQMO89X9:validation:B003GC4GHM,tail,25,28,1,0.0,0.0,1.0,0.0,0.0,1.0,1,0,0.2887847125530243,1.0,0
AMTDEF7SAP17N:validation:B008C130XS,head,,,0,0.0,0.0,0.0,0.0,0.0,0.0,0,0,0.2905940115451813,1.0,0
AMU2NI159VUID:validation:B001FWXHC0,tail,,,0,0.0,0.0,0.0,0.0,0.0,0.0,0,0,0.2867136597633362,1.0,0
AMYNXXI3S03I5:validation:B000V8MTIC,head,,,0,0.0,0.0,0.0,0.0,0.0,0.0,0,0,0.28466203808784485,1.0,0
AN6WVOQWB6F6W:validation:B008FOT6U8,head,13,12,1,0.0,0.0,1.0,0.0,0.0,1.0,1,0,0.284587562084198,1.0,0
AN7QQ1EEAB97I:validation:B001B488WG,head,,,0,0.0,0.0,0.0,0.0,0.0,0.0,0,0,0.3078486919403076,1.0,0
ANA0G8J25IIEE:validation:B001DBPZQE,head,,,0,0.0,0.0,0.0,0.0,0.0,0.0,0,0,0.2929580807685852,1.0,0
ANAD240VFAPI6:validation:B001JQLNMI,head,,,0,0.0,0.0,0.0,0.0,0.0,0.0,0,0,0.2874375581741333,1.0,0
ANOIDYK4FG17I:validation:B005OZFV50,head,,,0,0.0,0.0,0.0,0.0,0.0,0.0,0,0,0.2913798391819,1.0,0
ANR3DM88BR3A6:validation:B006GXUMSU,tail,,,0,0.0,0.0,0.0,0.0,0.0,0.0,0,0,0.2842065989971161,1.0,0
ANW16IBNABCS1:validation:B008R56PVI,head,,,0,0.0,0.0,0.0,0.0,0.0,0.0,0,0,0.2899051904678345,1.0,0
AO0CHI0FZ7B1R:validation:B006ZAPMT8,head,,,0,0.0,0.0,0.0,0.0,0.0,0.0,0,0,0.2851303815841675,1.0,0
AO1HIVTUCQZQ2:validation:B0056GDG90,head,,,0,0.0,0.0,0.0,0.0,0.0,0.0,0,0,0.28275638818740845,1.0,0
AOEP7ONT5CYPN:validation:B004CQ710U,head,,,0,0.0,0.0,0.0,0.0,0.0,0.0,0,0,0.2820194363594055,1.0,0
AOFFWMV2JISWR:validation:B002MZ8BK2,head,5,4,1,1.0,0.38685280723454163,1.0,1.0,0.43067655807339306,1.0,1,0,0.2823020815849304,1.0,0
AOI2MD752ZWFU:validation:B00D18ZDM8,head,,,0,0.0,0.0,0.0,0.0,0.0,0.0,0,0,0.2832270860671997,1.0,0
AOK6SQWN8SSD3:validation:B00021W26M,head,,,0,0.0,0.0,0.0,0.0,0.0,0.0,0,0,0.28491145372390747,1.0,0
AOO2VBE1UGJPG:validation:B0016L0VHE,tail,,,0,0.0,0.0,0.0,0.0,0.0,0.0,0,0,0.3048235774040222,1.0,0
AOOQWI1GV0BWM:validation:B00HSNWZFU,head,11,10,1,0.0,0.0,1.0,1.0,0.2890648263178879,1.0,1,0,0.3085668087005615,1.0,0
APBFSN9H0SKL7:validation:B008FOT6U8,head,,,0,0.0,0.0,0.0,0.0,0.0,0.0,0,0,0.28764036297798157,1.0,0
APM8DCGAMHRE2:validation:B005HIGYYQ,tail,,,0,0.0,0.0,0.0,0.0,0.0,0.0,0,0,0.2933973968029022,1.0,0
APZM2BZ4BPOKM:validation:B001QX7NTQ,tail,,,0,0.0,0.0,0.0,0.0,0.0,0.0,0,0,0.28649866580963135,1.0,0
AQ68TVBOBAXO4:validation:B002G3K1TY,head,,,0,0.0,0.0,0.0,0.0,0.0,0.0,0,0,0.28591620922088623,1.0,0
AQ6ZF4PY7X3WX:validation:B009GMYMQ6,tail,2,2,1,1.0,0.6309297535714575,1.0,1.0,0.6309297535714575,1.0,0,0,0.2890991270542145,1.0,0
AQXDPEZ40WT9Z:validation:B004P2RZUC,tail,,,0,0.0,0.0,0.0,0.0,0.0,0.0,0,0,0.2820265591144562,1.0,0
AQYEEGNRXM0P1:validation:B00FRDPRQ2,tail,,,0,0.0,0.0,0.0,0.0,0.0,0.0,0,0,0.29421502351760864,1.0,0
ARAL1EFVG2TG3:validation:B000271KR8,head,,,0,0.0,0.0,0.0,0.0,0.0,0.0,0,0,0.3005267083644867,1.0,0
ARVLM8440KQ1S:validation:B0030HKJ8I,head,9,8,1,1.0,0.3010299956639812,1.0,1.0,0.31546487678572877,1.0,1,0,0.34961679577827454,1.0,0
AS0VWV8NT1665:validation:B000U2AQNY,head,,,0,0.0,0.0,0.0,0.0,0.0,0.0,0,0,0.2896423041820526,1.0,0
AS2J6F9MTSDMK:validation:B0039UT9QE,head,,,0,0.0,0.0,0.0,0.0,0.0,0.0,0,0,0.28483790159225464,1.0,0
AS2V2MXR0S0P:validation:B0030HKJ8I,head,,,0,0.0,0.0,0.0,0.0,0.0,0.0,0,0,0.29815924167633057,1.0,0
ASG3WG0B8UOTP:validation:B004OXE1KY,tail,,,0,0.0,0.0,0.0,0.0,0.0,0.0,0,0,0.2866927981376648,1.0,0
ASLHDTUUMOH7F:validation:B00GTBZHCA,head,,,0,0.0,0.0,0.0,0.0,0.0,0.0,0,0,0.2847554683685303,1.0,0
ASRZ2JLS1B3VY:validation:B00B1IV2A2,tail,,,0,0.0,0.0,0.0,0.0,0.0,0.0,0,0,0.3479858934879303,1.0,0
ASVCXB5JIELII:validation:B001RMP7M6,head,2,2,1,1.0,0.6309297535714575,1.0,1.0,0.6309297535714575,1.0,0,0,0.28973087668418884,1.0,0
AT22P4KZIBYX4:validation:B000NC2QN4,tail,,,0,0.0,0.0,0.0,0.0,0.0,0.0,0,0,0.28440070152282715,1.0,0
AT6BT72SEV5T3:validation:B004O3UG9E,tail,,,0,0.0,0.0,0.0,0.0,0.0,0.0,0,0,0.2854236364364624,1.0,0
AT9NK0T7V6EH9:validation:B00016XJ4M,head,,,0,0.0,0.0,0.0,0.0,0.0,0.0,0,0,0.3490038514137268,1.0,0
ATATQV57APV3Q:validation:B003QKL5YQ,head,,,0,0.0,0.0,0.0,0.0,0.0,0.0,0,0,0.28973257541656494,1.0,0
ATBZN1GV4ADU1:validation:B0028SVO98,tail,,,0,0.0,0.0,0.0,0.0,0.0,0.0,0,0,0.29078060388565063,1.0,0
ATCN30QWF0VMH:validation:B00JYY576U,head,42,30,1,0.0,0.0,1.0,0.0,0.0,1.0,1,0,0.28468644618988037,1.0,0
AUGPL3KNNCP64:validation:B003J48F3I,tail,5,5,1,1.0,0.38685280723454163,1.0,1.0,0.38685280723454163,1.0,0,0,0.3499367833137512,1.0,0
AULOTIWC5FBP9:validation:B005H8PTR4,head,,,0,0.0,0.0,0.0,0.0,0.0,0.0,0,0,0.2808529734611511,1.0,0
AUOCBKTL44FPV:validation:B0018OWHQM,head,,,0,0.0,0.0,0.0,0.0,0.0,0.0,0,0,0.28819090127944946,1.0,0
AURQ2YSRCLG07:validation:B00A76CPUA,head,4,4,1,1.0,0.43067655807339306,1.0,1.0,0.43067655807339306,1.0,0,0,0.27892619371414185,1.0,0
AV2GFSSHXCODC:validation:B002LFLXDA,head,,,0,0.0,0.0,0.0,0.0,0.0,0.0,0,0,0.2872457206249237,1.0,0
AV7UWF0HN4FT5:validation:B001ET78BU,head,,,0,0.0,0.0,0.0,0.0,0.0,0.0,0,0,0.2886228561401367,1.0,0
AV8TNF59V6AAO:validation:B000FH4T3M,head,,,0,0.0,0.0,0.0,0.0,0.0,0.0,0,0,0.3078588843345642,1.0,0
AVIV7P7F0LHCT:validation:B00521MSJS,head,,,0,0.0,0.0,0.0,0.0,0.0,0.0,0,0,0.2839916944503784,1.0,0
AVJ6KTN29TXMI:validation:B0030F0U3Y,tail,,,0,0.0,0.0,0.0,0.0,0.0,0.0,0,0,0.3068302869796753,1.0,0
AVXGN90BU95P8:validation:B00GCQMSVA,head,,,0,0.0,0.0,0.0,0.0,0.0,0.0,0,0,0.2960970401763916,1.0,0
AVYBQK5945D3H:validation:B003V265QW,head,17,17,1,0.0,0.0,1.0,0.0,0.0,1.0,0,0,0.2883099317550659,1.0,0
AW1PWV5ZNAT9A:validation:B003RF82RI,head,,,0,0.0,0.0,0.0,0.0,0.0,0.0,0,0,0.2962745130062103,1.0,0
AW2CYR1UFNI1R:validation:B000SSDTOI,tail,,,0,0.0,0.0,0.0,0.0,0.0,0.0,0,0,0.28639551997184753,1.0,0
AWC39XCCFJP3G:validation:B0013YYNDM,tail,,,0,0.0,0.0,0.0,0.0,0.0,0.0,0,0,0.2835937738418579,1.0,0
AWCX1MPM94R1A:validation:B00021DVCQ,head,,,0,0.0,0.0,0.0,0.0,0.0,0.0,0,0,0.28762996196746826,1.0,0
AWSEZKRDIS2X1:validation:B0016B5LAQ,head,,,0,0.0,0.0,0.0,0.0,0.0,0.0,0,0,0.28810667991638184,1.0,0
AWV9A5CF90JQL:validation:B002Q52YKG,head,,,0,0.0,0.0,0.0,0.0,0.0,0.0,0,0,0.2898360788822174,1.0,0
AX271SBLPJ0A9:validation:B004S6BXLW,head,,,0,0.0,0.0,0.0,0.0,0.0,0.0,0,0,0.29024359583854675,1.0,0
AX6X8UGNV3Q8H:validation:B00GP184WO,tail,,,0,0.0,0.0,0.0,0.0,0.0,0.0,0,0,0.2820770740509033,1.0,0
AX8KKN5A1PG9E:validation:B0037MIMLW,tail,,99,1,0.0,0.0,0.0,0.0,0.0,0.0,1,0,0.2890714704990387,1.0,0
AXABLPEFMT7F:validation:B00016RIIA,tail,,,0,0.0,0.0,0.0,0.0,0.0,0.0,0,0,0.2827606499195099,1.0,0
AXAVWKGD1336:validation:B000XSPQ62,tail,,,0,0.0,0.0,0.0,0.0,0.0,0.0,0,0,0.28933006525039673,1.0,0
AXBVJKHBXA1XI:validation:B006L16BHS,head,,,0,0.0,0.0,0.0,0.0,0.0,0.0,0,0,0.28855299949645996,1.0,0
AXHDY4I42WSLW:validation:B004DK0UDA,head,16,15,1,0.0,0.0,1.0,0.0,0.0,1.0,1,0,0.2834416627883911,1.0,0
AXJVVX4A2P7B9:validation:B00B7MUJR4,tail,1,1,1,1.0,1.0,1.0,1.0,1.0,1.0,0,0,0.2835298776626587,1.0,0
AXKUY7QPRRB2W:validation:B00AACC02Y,tail,,,0,0.0,0.0,0.0,0.0,0.0,0.0,0,0,0.2942168116569519,1.0,0
AXRQW6TACXQKK:validation:B0050EB0BE,tail,,,0,0.0,0.0,0.0,0.0,0.0,0.0,0,0,0.28008872270584106,1.0,0
AY8VC9FOS1WOK:validation:B005AO9SLS,tail,,,0,0.0,0.0,0.0,0.0,0.0,0.0,0,0,0.2920621633529663,1.0,0
AYB4ELCS5AM8P:validation:B00G9TCKR2,tail,9,8,1,1.0,0.3010299956639812,1.0,1.0,0.31546487678572877,1.0,1,0,0.282961368560791,1.0,0
AYTELHWJ8EMN9:validation:B008VSA58K,head,47,49,1,0.0,0.0,1.0,0.0,0.0,1.0,1,0,0.2808605134487152,1.0,0
AYW1TGDCP2OK6:validation:B000MUQFTI,head,,,0,0.0,0.0,0.0,0.0,0.0,0.0,0,0,0.2910362184047699,1.0,0
AZ2NEHE8TNRUW:validation:B001HTYJLO,head,,,0,0.0,0.0,0.0,0.0,0.0,0.0,0,0,0.2907426953315735,1.0,0
AZ2VCMEPNUV4G:validation:B0019TX4MW,tail,,,0,0.0,0.0,0.0,0.0,0.0,0.0,0,0,0.28626227378845215,1.0,0
AZ34V9IMI05C2:validation:B00AXSCX5O,tail,,,0,0.0,0.0,0.0,0.0,0.0,0.0,0,0,0.30737370252609253,1.0,0
AZAE1LVHY66WS:validation:B002UL5ZKC,tail,,,0,0.0,0.0,0.0,0.0,0.0,0.0,0,0,0.2809973955154419,1.0,0
AZFRZ3WVS46OR:validation:B0024H42E2,tail,,,0,0.0,0.0,0.0,0.0,0.0,0.0,0,0,0.2877630293369293,1.0,0
AZPQY0IGZD5QL:validation:B005TI7NPI,head,,,0,0.0,0.0,0.0,0.0,0.0,0.0,0,0,0.2883768379688263,1.0,0
