user,split,target,newest_item,oldest_item,sample_hash,history_length,recoverable_sum,recoverable_mean,recoverable_max,recoverable_positive_fraction,recoverable_ge8_fraction,displaced_cf_sum,displaced_cf_mean,metadata_lost_sum,metadata_lost_mean,metadata_retention_mean,metadata_retention_min,current_metadata_visible_sum,current_cf_visible_sum,log1p_popularity_mean,log1p_popularity_min,tail_item_fraction,top_k_similar_item_mean
A2VLNM3MDQCL32,audit,B00KAL5JAU,B00C8YCFU4,B00G75X158,000499663be9d363f4e0353b9fb9c7823978edafd5b36bbe4367e61ad633348e,5.0,359.0,71.8,83.0,1.0,1.0,343.0,68.6,1140.0,228.0,0.20827541602402713,0.07068607068607069,170.0,395.0,4.489921788769407,4.143134726391533,0.0,10.0
A3LMILRM9OC3SA,audit,B00011QTZI,B001ET7A4K,B0047ETODO,001d2c8c98e0eaf8879ecf5ec55e30035f9fe9b8b29e4416c240860fce42ff88,20.0,1592.0,79.6,84.0,1.0,1.0,1524.0,76.2,3649.0,182.45,0.20741171619469276,0.05704697986577181,678.0,1582.0,2.548587777688767,1.6094379124341003,0.35,10.0
A6YIRBOI13F1K,audit,B007SZCG0C,B001DJ15KG,B002G7J0LU,0029c8af6d7ac1cc8a59d085a50785a6c223793d4980211671f82ba898d0657f,2.0,166.0,83.0,83.0,1.0,1.0,158.0,79.0,405.0,202.5,0.14226412375961245,0.13654618473895583,67.0,158.0,1.9033312448851598,1.6094379124341003,0.5,10.0
AZ7QF60OCTLQR,audit,B0030HAE2Y,B0000531SW,B000V58ANS,002b705d2a5e1f5e580119d83b4322d635421877a47fa685c0da8fa532905964,5.0,318.0,63.6,83.0,1.0,1.0,306.0,61.2,446.0,89.2,0.3318165858165858,0.1837837837837838,170.0,395.0,2.957711924731407,2.3025850929940455,0.0,10.0
AZ1R9RT8UA9C4,audit,B002BFPDCC,B0012C6PD6,B000OFB5QO,003b95c013962e479911eda0dbbceebd38e56c6646230491577aefeae9996cf7,2.0,166.0,83.0,83.0,1.0,1.0,158.0,79.0,492.0,246.0,0.14606827771384734,0.08607594936708861,68.0,158.0,2.34106561356211,1.791759469228055,0.5,10.0
A2QJCQSBKEZ7F,audit,B002FCH4B4,B004WPGXSW,B000UVZU1S,005bf8c86136a3bfb43cb32b104e1ea655aaa63978f7fd19a37991808cf35e7a,6.0,303.0,50.5,84.0,1.0,1.0,295.0,49.166666666666664,506.0,84.33333333333333,0.3995526073287701,0.10714285714285714,202.0,476.0,4.266666188415692,3.295836866004329,0.0,10.0
AEGKGMBOG4R1Y,audit,B009D9O6YA,B0092KGYEA,B00521MSJS,00680ea8ac56518b0ed50a574e67ccbe5210fd45ba53ab1dfab5a3a2d0018267,2.0,167.0,83.5,84.0,1.0,1.0,159.0,79.5,395.0,197.5,0.14507422402159242,0.14102564102564102,67.0,159.0,2.4260151319598084,2.0794415416798357,0.5,10.0
A20173T9HDB759,audit,B004DIXYUI,B0046VGPHQ,B0043TRC28,006beaa9cbc0aafb650b97d006abbca199d29e43283b7e1156557ec403cc855e,13.0,913.0,70.23076923076923,84.0,1.0,1.0,881.0,67.76923076923077,1621.0,124.6923076923077,0.28673040682075035,0.07981220657276995,439.0,1029.0,2.89937171857824,1.6094379124341003,0.3076923076923077,10.0
A2PAC9IAV4RLWV,audit,B009LOJ5MA,B00HSNWXZM,B007PAD71M,007f4f0179f6fe2b4be66438c4954b243ae39e13a951d15c46a260e83b07a3ec,2.0,116.0,58.0,82.0,1.0,1.0,112.0,56.0,116.0,58.0,0.3995726495726496,0.29914529914529914,69.0,157.0,3.8019489842609406,3.526360524616161,0.0,10.0
A3D4WBC9QRF1B,audit,B000X8H61U,B000OY3WNO,B000ORV3NC,008525e799cd24e9b2a1ed5bc9030c9edb9af879e7e397e48f194d4ae5437800,2.0,166.0,83.0,83.0,1.0,1.0,158.0,79.0,201.0,100.5,0.25499052079848333,0.23129251700680273,68.0,158.0,2.524928003624768,1.791759469228055,0.5,10.0
A13MYTDYDNC2KP,audit,B000QE6U54,B000052YJM,B000T7P0KO,008dde1e7b5cd86013ddbede0969fcc7ae81b83aeb1c4f9952d7f190c02a253f,3.0,203.0,67.66666666666667,83.0,1.0,1.0,199.0,66.33333333333333,229.0,76.33333333333333,0.3206346917687124,0.23776223776223776,102.0,237.0,3.5302055535901697,2.6390573296152584,0.0,10.0
A3NGK03GOJ1JDQ,audit,B006ZBP8NM,B00AFCP9FO,B0036LMFYO,0091b849b38aefc4286921c47da4099399d82781c0699787bc5671e5961eb3a0,6.0,355.0,59.166666666666664,85.0,1.0,1.0,343.0,57.166666666666664,493.0,82.16666666666667,0.3810403347506995,0.17894736842105263,202.0,476.0,2.4259744368877794,1.3862943611198906,0.6666666666666666,10.0
AY1LZ41VDDSPL,audit,B008VHGW7Y,B004M7L1XW,B000142FVW,009ee0ec5e951ab42412e5fa587cffece4cea3406d27f16bf413cac3dec25541,6.0,324.0,54.0,83.0,1.0,1.0,316.0,52.666666666666664,368.0,61.333333333333336,0.4098580062541002,0.22818791946308725,203.0,475.0,3.554204913646935,2.6390573296152584,0.0,10.0
A3R7LRPLE5APGE,audit,B00EYGFFBU,B003UY8WFS,B0001ZYL3Q,009fd740fa54f0443648de86ac485f23c0e4acca2c73f46195710c507bbe436f,10.0,702.0,70.2,84.0,1.0,1.0,674.0,67.4,1217.0,121.7,0.2821663246236702,0.10819672131147541,334.0,794.0,2.147554353547002,1.0986122886681096,0.5,10.0
A1ZC3FAD1EFZJ7,audit,B000C1ZCAK,B0009OAHIW,B000MUZA1W,00a5686d0c38037a6224fc44d98c89d3eba00e8fde42903bf20006797fd72755,2.0,165.0,82.5,83.0,1.0,1.0,157.0,78.5,251.0,125.5,0.2205205205205205,0.1891891891891892,69.0,157.0,2.5152189606962176,2.197224577336219,0.0,10.0
AAY02CMRRBWYK,audit,B006U98T08,B004Z40048,B008LR5U22,00a837c3da573887e7d7e9aae44d390995abfa1e85c4919a9eaf52f0849d7ec7,2.0,166.0,83.0,83.0,1.0,1.0,158.0,79.0,428.0,214.0,0.16308531419840241,0.09798270893371758,68.0,158.0,3.767381328518769,2.4849066497880004,0.0,10.0
A3TSM1O8F1JUD5,audit,B0029MMD3Y,B000NE6QP6,B000TK99NU,00bd88b4227c8abaaf468f6ce5c950b7f1613d44b99527be6d2bc29907b52ecf,3.0,170.0,56.666666666666664,83.0,1.0,1.0,166.0,55.333333333333336,364.0,121.33333333333333,0.3446287207837386,0.10932475884244373,102.0,237.0,3.061468996649893,2.772588722239781,0.0,10.0
A2PD63V0HVP13M,audit,B000E99ZCQ,B003V27RB4,B00011QUDE,00c2e0f76f038d9a7ed62394c82c25320d5670e27278773f917650985bcdb9bf,2.0,98.0,49.0,74.0,1.0,1.0,98.0,49.0,98.0,49.0,0.45051085568326943,0.3148148148148148,68.0,158.0,2.888826161611328,2.833213344056216,0.0,10.0
A3PYTHRFQS5D2R,audit,B00H93NJLS,B004SUHGOQ,B006ZBP8NM,00e1bb355fad14355333167f559dfca0420816f1fc1feea99bd8a37ec9a04c37,3.0,215.0,71.66666666666667,83.0,1.0,1.0,207.0,69.0,849.0,283.0,0.18878351127534776,0.07727272727272727,102.0,237.0,2.953688847839253,1.3862943611198906,0.3333333333333333,10.0
A2DZ3HRFT20GXU,audit,B0015G9EGY,B000CECSAO,B002VQTI4K,00ec77d5819b345375316da1a07b5f62330f82422028e741c93fd6af428cd071,2.0,139.0,69.5,74.0,1.0,1.0,139.0,69.5,139.0,69.5,0.32235586101565483,0.3148148148148148,66.0,160.0,3.4923581600591325,3.1780538303479453,0.0,10.0
A396I8WVBF39PH,audit,B0038U4TQU,B00613KK96,B000052XZP,00ee8a212ef254ce556e341ccc80aab48c5746972e2e17972c80067bd6ebe9b3,2.0,103.0,51.5,83.0,1.0,1.0,99.0,49.5,248.0,124.0,0.37970031099802093,0.1297709923664122,68.0,158.0,2.5375869076169133,1.6094379124341003,0.5,10.0
A3ESTWDBNOUJQ7,audit,B000TNOUA4,B006OHM11Y,B001DYM62C,00ef1dbce17239c02529970ed86c27a0fb2be492bffab3a65aa9fd5e0f233160,20.0,1174.0,58.7,84.0,1.0,1.0,1144.0,57.2,1621.0,81.05,0.37003835593519013,0.11418685121107267,675.0,1584.0,2.4191718742036876,1.3862943611198906,0.5,10.0
ABFBNZPH7Q973,audit,B003GE49A4,B003E0Z3JQ,B0007W1R58,00f6951767a124e1b4394b9240e466b9034aa9f59e3423474040aa1d9a1e6f7c,6.0,384.0,64.0,83.0,1.0,1.0,372.0,62.0,543.0,90.5,0.334185043954653,0.15246636771300448,203.0,474.0,3.180644785953127,2.0794415416798357,0.16666666666666666,10.0
A4QDZKZLZKXRG,audit,B000VV1YOY,B000L9FBTA,B000142C1A,011063c58bb7fd65eb3edce578a9b807ce36a5de8de80d80602258d02dcc0f25,3.0,194.0,64.66666666666667,83.0,1.0,1.0,190.0,63.333333333333336,290.0,96.66666666666667,0.31405671829523346,0.1596244131455399,101.0,238.0,4.286247174167123,2.6390573296152584,0.0,10.0
A1STKCDPPKBO3D,audit,B006U98T08,B0048CAUTC,B00008MOQN,012d4be0ef479b9a4f2a3a582b9d05762bbbad776c879f709655558eb1bdf7d5,5.0,399.0,79.8,83.0,1.0,1.0,386.0,77.2,417.0,83.4,0.2926134746987664,0.2537313432835821,171.0,394.0,2.4233958204672437,1.791759469228055,0.4,10.0
A3B8B0JD90E48H,audit,B005X2F7KI,B005UL1B34,B000O3OZD6,013e531fdf37a2fe322e0f09c8c80c500cf54a423c33f375b44bf09f49b118c5,6.0,488.0,81.33333333333333,85.0,1.0,1.0,468.0,78.0,865.0,144.16666666666666,0.2056957480647611,0.13445378151260504,201.0,477.0,4.011950912599546,2.70805020110221,0.0,10.0
A34FESWOQHXKZM,audit,B000ZMBSPE,B000JWM7FA,B00295N2MM,0154bb7ee5f97afbc6f1a540e6060a1989e85559cd1d046332af3beb1a75af5e,4.0,274.0,68.5,83.0,1.0,1.0,270.0,67.5,279.0,69.75,0.3314230707055177,0.2786885245901639,136.0,316.0,2.3124864066421353,1.0986122886681096,0.5,10.0
A2C49R3RQXXA0H,audit,B000T7P0KO,B0073ANH14,B003NS2HWU,0157e221e5dca0ba68f8e4ddd2037a2611b861b228c354dc861dd435b62f7b22,12.0,947.0,78.91666666666667,84.0,1.0,1.0,903.0,75.25,1910.0,159.16666666666666,0.21901204016919765,0.07801418439716312,403.0,952.0,3.4627455971343717,2.197224577336219,0.0,10.0
A3K5NP63E32ZBG,audit,B00ALV8EL0,B00ALV8EJW,B000FBNV1Y,015b4200e65a08d80fa9444a355d62a65408d173f77d8573889eca3646782531,7.0,370.0,52.857142857142854,83.0,1.0,1.0,362.0,51.714285714285715,933.0,133.28571428571428,0.3577407250027527,0.06786427145708583,238.0,553.0,3.5781530368869867,1.6094379124341003,0.14285714285714285,10.0
A12XDEMP7PQPDT,audit,B0027CT5SC,B001JQLNJ6,B001LF4G7G,01643b82ca3d0efc4f6572767f31357f81200ce19ba8ee1e55b42d13d65761c5,2.0,119.0,59.5,82.0,1.0,1.0,115.0,57.5,216.0,108.0,0.31748998664886513,0.16355140186915887,68.0,158.0,3.899876659143624,3.6888794541139363,0.0,10.0
ABWDNZW06BSN5,audit,B001CT0AGC,B000VOPI4S,B0000536A3,017d7602be5dd7579d9be116d813188c845fb1853389f57213754373bdd774dd,3.0,247.0,82.33333333333333,83.0,1.0,1.0,237.0,79.0,386.0,128.66666666666666,0.22009567384220485,0.18085106382978725,102.0,237.0,2.219764639894546,1.6094379124341003,0.6666666666666666,10.0
AFYQ9V4XBVCJ1,audit,B00BB8ZJPG,B00AY90J1C,B000W9WZ34,0185dd9f7baa818edefaf2eda05aced63c27a5e2df6d3d8b6e0090e76b667c5a,5.0,283.0,56.6,83.0,1.0,1.0,277.0,55.4,337.0,67.4,0.39304374985553475,0.19883040935672514,168.0,396.0,3.628051095415843,2.6390573296152584,0.0,10.0
AA9UTGNMCBM8Z,audit,B000VPPUEA,B002V9X78U,B000OV3ZDO,01910ed6fbfbc25b63ddc4fb79ba23bd6f513649076111d90666fdcbfb5a794d,2.0,152.0,76.0,83.0,1.0,1.0,148.0,74.0,210.0,105.0,0.2621914008321775,0.19428571428571428,68.0,158.0,3.0479122812161124,2.4849066497880004,0.0,10.0
A991M3ZR4LNPI,audit,B007TL60IE,B00683JILU,B005DU5MY6,01beb3acd72a2a3d9e4a79850050f21edfbb6d1ecdc5a9dc7506fb167702523a,12.0,748.0,62.333333333333336,83.0,1.0,1.0,724.0,60.333333333333336,1182.0,98.5,0.3429457554173378,0.09798270893371758,407.0,949.0,4.488952469915142,2.6390573296152584,0.0,10.0
A2OERI2FWZ8L3V,audit,B0055E61KY,B003VMW2B4,B002RJOR7Y,01bef164837e73e4ec4daa771c47e4e4ccc5bbadf1768b7254ef3a0b5b426706,3.0,225.0,75.0,83.0,1.0,1.0,217.0,72.33333333333333,1060.0,353.3333333333333,0.1748135795938659,0.04398447606727038,102.0,237.0,3.059616568294937,1.6094379124341003,0.3333333333333333,10.0
A1ZNW0VOH2HOI,audit,B005Z446JC,B005Z41P28,B002WTC37A,01c704ec0e83a8b4c96eaddf0a2d34cbf3ee20baa0f5d472a75844d0f2868d79,2.0,166.0,83.0,83.0,1.0,1.0,158.0,79.0,360.0,180.0,0.18394640374162557,0.11604095563139932,68.0,158.0,3.9981586158983724,3.4965075614664802,0.0,10.0
A2GTBPR5CC5R9A,audit,B001DK9RQE,B007PQYHJW,B000REO5JQ,01c8ec7c802db977b7208e0afef79d06679feb779e9a4d4f21279194c973f3dc,6.0,481.0,80.16666666666667,83.0,1.0,1.0,461.0,76.83333333333333,647.0,107.83333333333333,0.2498228453752929,0.20118343195266272,204.0,474.0,2.8531086321840076,1.9459101490553132,0.16666666666666666,10.0
A2HB8OXRKARU0U,audit,B002XWZH6A,B0009ML5M6,B001CENUPU,01d8101dfe569fd48c9308fb6a1aa535753522b5c9e8e621414f04e05c2e6209,2.0,124.0,62.0,83.0,1.0,1.0,120.0,60.0,518.0,259.0,0.25993476842791907,0.06653620352250489,68.0,158.0,2.71467281447722,2.4849066497880004,0.0,10.0
A2VWVLZY20K2TW,audit,B004SSTOCK,B003VMAL5I,B003VMSDY4,01e336dc61ce1ddb3b3a364e1b7c1a4f78b60c3fa1a158a82ec56623e98171f0,2.0,166.0,83.0,83.0,1.0,1.0,158.0,79.0,203.0,101.5,0.2524383561643836,0.2328767123287671,68.0,158.0,2.858513850703111,2.0794415416798357,0.5,10.0
AUYHN715CU236,audit,B00187EX6G,B008U5XRX4,B005F1ISR6,01e5d81f33274cf41022ead8f8d7523359ce5f4ec1523260f4e8720d97d2239b,3.0,155.0,51.666666666666664,83.0,1.0,1.0,151.0,50.333333333333336,159.0,53.0,0.4191339973158155,0.2809917355371901,102.0,237.0,2.721123772153304,2.197224577336219,0.0,10.0
A3VBSHBMM26L1H,audit,B00GCQMSVA,B003MJ7Z0O,B007TAQZ8A,01f26f692fc3325d576f5cdbe87ec97af358bc918295d25f1b8b16c1c485c129,2.0,98.0,49.0,61.0,1.0,1.0,98.0,49.0,98.0,49.0,0.4217282863849765,0.3645833333333333,69.0,157.0,3.7800402325109133,2.70805020110221,0.0,10.0
A3FPW0YPOGIK6A,audit,B006U95N34,B006L1DNWY,B006L0XVEU,01f54601d0893817538e6ea2ea09e119770b5211c296e199881c3ec59c143c2d,4.0,205.0,51.25,67.0,1.0,1.0,205.0,51.25,205.0,51.25,0.41508782372547,0.33663366336633666,136.0,316.0,4.081416440834667,2.4849066497880004,0.0,10.0
A37UWZVT6K44L1,audit,B006ZA0A5Y,B005IUGRBI,B002DUOOXO,01f716bd47654019ed2ce63632c37973683f5ff826bad92bb08920e463706d70,2.0,120.0,60.0,83.0,1.0,1.0,116.0,58.0,137.0,68.5,0.3634967700942497,0.24812030075187969,67.0,158.0,2.4986061368820573,1.3862943611198906,0.5,10.0
AJ6655BK9JNQQ,audit,B006WMYMRW,B00669Y8PM,B0058E3XJI,01fd2f45495d5b1c88a580dbf628c7712c82617494350d7f0cdaf8edd4dfed67,2.0,166.0,83.0,83.0,1.0,1.0,158.0,79.0,201.0,100.5,0.25321151716500556,0.24285714285714285,68.0,158.0,2.810200432858575,1.791759469228055,0.5,10.0
ANO9SHL0H3C29,audit,B008JBOTDG,B0094GHGQM,B001A43ELC,02029944be62d45433c719465c17e519ad6bc5b05250f355cb21fff550c60636,2.0,104.0,52.0,83.0,1.0,1.0,100.0,50.0,173.0,86.5,0.4038978494623656,0.1827956989247312,69.0,157.0,3.954193579645022,3.4657359027997265,0.0,10.0
A2SX8OGJMKE170,audit,B00013YYS0,B002B2L2JI,B000EEBWJ0,02058527a813a82ff6f2aa994e0e4b157cc08ef64202b389bc37c160107ba9b5,7.0,447.0,63.857142857142854,83.0,1.0,1.0,431.0,61.57142857142857,595.0,85.0,0.3348991391197497,0.2,239.0,552.0,2.7951430043693684,1.9459101490553132,0.14285714285714285,10.0
A3IV7MOGOQIDL,audit,B004X9BRRO,B002KFR628,B001B1831U,0208e9b78f18ec2fc8c0eb091b31184d5c3e8a6c83260ee062e926cbac1f6434,4.0,317.0,79.25,83.0,1.0,1.0,305.0,76.25,901.0,225.25,0.1805513721552878,0.0819277108433735,136.0,316.0,2.7058230259275198,2.0794415416798357,0.25,10.0
A1N6AY0XTAPBM2,audit,B00HSNWXV6,B00GTBZ85Q,B0054MSBZA,0220fe92c03aec08783e640953b934d94e77ffe71b756d25b07639f28e0ecb44,5.0,253.0,50.6,83.0,1.0,1.0,245.0,49.0,413.0,82.6,0.40563812855345294,0.16037735849056603,174.0,391.0,3.8463093916241204,1.9459101490553132,0.2,10.0
A1121T1I50825Z,audit,B004OHQR1Q,B002MZ8BK2,B001CE6T76,02377127c01f2aa6147154f423fa058f71138326a57faf1c30f9763e49514bca,9.0,682.0,75.77777777777777,84.0,1.0,1.0,650.0,72.22222222222223,2628.0,292.0,0.19202185306057673,0.05112781954887218,303.0,714.0,3.9965137288197687,2.197224577336219,0.0,10.0
A2ND7WY43CKE3K,audit,B004HA6F2G,B0001AQCII,B0057Y6IJG,0238dacb4ae672ca52b728b2ebfa90794795ef672220ab62bb74eadd10709740,16.0,1086.0,67.875,84.0,1.0,1.0,1062.0,66.375,1456.0,91.0,0.31256041461955203,0.13545816733067728,539.0,1269.0,3.4341563768159773,1.791759469228055,0.125,10.0
A2EYSAMTVQKSQQ,audit,B0001433VI,B00006IV2E,B00385WMK0,02439edde770bf57f85571b359f1829d7bb88ea46ced1f6a20ed7eca47413ffb,5.0,335.0,67.0,84.0,1.0,1.0,323.0,64.6,478.0,95.6,0.3049022432307585,0.17525773195876287,170.0,395.0,2.7243074767899684,1.791759469228055,0.4,10.0
AJ2YZ2DBOGHUY,audit,B004X75S1C,B002MWXQP0,B00113HNB4,0250ef89edede82eb534e68720726f65bfdcbc1aa2a22a738413aad2ed61ce7b,3.0,229.0,76.33333333333333,83.0,1.0,1.0,221.0,73.66666666666667,276.0,92.0,0.2784146760327149,0.2328767123287671,102.0,237.0,2.209347125393178,1.3862943611198906,0.3333333333333333,10.0
A2C5S5TX4P3TSJ,audit,B000I4YTDW,B000HRVC5I,B00027D8IC,0256f7e4e9b7d395433471b1529d53cd12acd61d45963c2958e82685e8163846,11.0,840.0,76.36363636363636,84.0,1.0,1.0,808.0,73.45454545454545,1377.0,125.18181818181819,0.24290522526008143,0.125,369.0,870.0,3.5153545749724455,1.791759469228055,0.09090909090909091,10.0
A2F6A21W2KL9M5,audit,B009T47YZ2,B008PDK3XS,B002XHA5A8,025fcff8bd81ae5307453d4601f022b0246d220c644cb09e269541b09599f648,7.0,403.0,57.57142857142857,83.0,1.0,1.0,396.0,56.57142857142857,633.0,90.42857142857143,0.3768724241533121,0.09798270893371758,238.0,553.0,3.7500181322814856,1.9459101490553132,0.14285714285714285,10.0
AVEQE1JDNN0S2,audit,B000K9AGEQ,B005Q06WBU,B002LIXTFC,026a947f977547a7e6afea65e9129ba41faba8567914c0759af9c2d3ccd17dab,4.0,219.0,54.75,83.0,1.0,1.0,215.0,53.75,345.0,86.25,0.37740875650707595,0.13991769547325103,136.0,316.0,2.641595422481263,2.197224577336219,0.0,10.0
A3D4RNT1UWLPIN,audit,B007RHZ3WY,B0073SBK4M,B001ESOKOY,0273d258a9de56a1a400e613ca5bf008fd87938d441ddc5067d6cb6ddbd0f0fa,2.0,166.0,83.0,83.0,1.0,1.0,158.0,79.0,221.0,110.5,0.23840256211180125,0.2111801242236025,68.0,158.0,2.6020033435383976,1.9459101490553132,0.5,10.0
A22L9WVGO65VGE,audit,B001A6K9NG,B001189I3A,B000FVEL54,02863fa68c49b2fc35a0df73a2827096113bc699d9613a2c5531240b625aa69a,3.0,188.0,62.666666666666664,83.0,1.0,1.0,184.0,61.333333333333336,230.0,76.66666666666667,0.33652052873750987,0.2138364779874214,102.0,237.0,2.7853616770071596,1.9459101490553132,0.6666666666666666,10.0
AECNDVO223DQ5,audit,B00766SH60,B00766SGE8,B004675EI6,029059776a6d6177bd1270b193ba8090a74dd351e78eb2ab39e1482897b9c35b,4.0,308.0,77.0,83.0,1.0,1.0,296.0,74.0,432.0,108.0,0.25128336027680875,0.20238095238095238,135.0,317.0,3.1601770327345293,1.791759469228055,0.25,10.0
A1K9L49L7HTQJE,audit,B003KZC4GA,B00397XUIK,B000UVZU1S,0292ff68f5e1bd3d03ef19dba03f0ac839ff823b3c040ec93d50aa8793a1ad3c,7.0,421.0,60.142857142857146,85.0,1.0,1.0,409.0,58.42857142857143,611.0,87.28571428571429,0.34797992027157104,0.12260536398467432,236.0,555.0,3.5266529500314476,1.9459101490553132,0.14285714285714285,10.0
A3GPTLW5XE8VV7,audit,B000LJCNAK,B0009MHJE4,B00006FRW7,02a517edf55a5168b2afdf3b7fd948ef72d25044c8c6c11343e7a1e5804b220f,3.0,250.0,83.33333333333333,84.0,1.0,1.0,238.0,79.33333333333333,652.0,217.33333333333334,0.1388374652000417,0.11643835616438356,101.0,238.0,4.250222537410885,4.127134385045092,0.0,10.0
AGF4QULX971J2,audit,B00A0J084Y,B00AO4E9MC,B008U5XS2O,02abbaa44b86e038e8516cb12c63e5ccd615224818a84d9f9667f5b13cfc57da,3.0,80.0,26.666666666666668,33.0,1.0,1.0,80.0,26.666666666666668,80.0,26.666666666666668,0.5670677907037095,0.5074626865671642,103.0,236.0,4.263395301688661,3.4011973816621555,0.0,10.0
A3C5WTJO996F0X,audit,B007HOCQVS,B00325D0WK,B003ZBL820,02b38a968b4349d8f27acaa140697533187ac2ae2c84b2d9381e49faf6b72e08,6.0,386.0,64.33333333333333,84.0,1.0,1.0,374.0,62.333333333333336,617.0,102.83333333333333,0.31092794622381675,0.14912280701754385,203.0,475.0,2.808577174167438,2.0794415416798357,0.16666666666666666,10.0
A3EV788FCRKQYM,audit,B001E96MUI,B000Y4357C,B0000YUX4O,02c4a87f32aaf539eebff899d541f5605cc9d0a65e2f7d1f765a7fba3103b4ce,11.0,575.0,52.27272727272727,83.0,1.0,1.0,567.0,51.54545454545455,673.0,61.18181818181818,0.40643554817054317,0.18681318681318682,374.0,869.0,3.011416599742681,1.791759469228055,0.18181818181818182,10.0
A1HUQ89BM5PDQK,audit,B00KQ4PEBU,B00CNOUZE2,B0069FDR96,02c6b5adbb0aea6108d3a02759069640594c4f3b255fc189ee943cfd26fd800d,6.0,278.0,46.333333333333336,83.0,1.0,1.0,274.0,45.666666666666664,286.0,47.666666666666664,0.44785392134226126,0.272,204.0,474.0,4.7121118862208204,3.4657359027997265,0.0,10.0
A29EI0LHAWPHW,audit,B000FFCXZ0,B0014JXVR0,B001ESOKOY,02c804237e5695f8231d194f53c28d7379f48238d15591e3093f4d1609d1b897,2.0,145.0,72.5,83.0,1.0,1.0,141.0,70.5,156.0,78.0,0.30989583333333337,0.265625,68.0,158.0,2.7803408155077634,2.3025850929940455,0.0,10.0
A2G5PN9111VN6I,audit,B0019FEMIG,B000EVIWEG,B000C1W39S,02e43425f43af9d526637e0b4f3c2db40c84d4dbb5623b2d3f76c727c74c3d37,2.0,129.0,64.5,83.0,1.0,1.0,125.0,62.5,230.0,115.0,0.2904816513761468,0.1559633027522936,68.0,158.0,1.9033312448851598,1.6094379124341003,0.5,10.0
AJHGYCP02PH31,audit,B001E0VBDK,B000BH92J2,B000I1OYNK,02eb634f853c1597eefc679afad5bd0f5807e67d378083d75cfb3bfcf38929d8,2.0,128.0,64.0,83.0,1.0,1.0,124.0,62.0,159.0,79.5,0.3300547382825864,0.22972972972972974,68.0,158.0,3.2050874409830836,2.772588722239781,0.0,10.0
A3KB1L8DIDDTO5,audit,B003YNB752,B001CTI2XA,B000V3RZ04,02ed7f3ccd623e90d37c365411138cb4288e80ca95bd3ce40efe4dddcc7b45a1,2.0,106.0,53.0,83.0,1.0,1.0,102.0,51.0,183.0,91.5,0.3858744800144691,0.17525773195876287,68.0,158.0,1.7005986908310775,1.6094379124341003,1.0,10.0
A9J4W6V3RBWXU,audit,B009GD05NO,B006SVCY6I,B001DKQ3O8,02f70084a17411c580bc1241a9b3bacbed6a0593ad4b686e07b5139e28a17ed5,2.0,121.0,60.5,83.0,1.0,1.0,117.0,58.5,316.0,158.0,0.29059829059829057,0.10897435897435898,68.0,158.0,3.9006956601457428,3.8501476017100584,0.0,10.0
A1FLDHJ6HCI1RJ,audit,B000CED0VK,B000L9YYTS,B005RFD1N6,02fcf80b9999d5148e1b0a2a3078f0d9fcc0efe7612175f4bc956d622b232047,2.0,114.0,57.0,83.0,1.0,1.0,110.0,55.0,146.0,73.0,0.3756324212700052,0.22818791946308725,68.0,158.0,3.3485171238332416,2.3025850929940455,0.0,10.0
A35CM8FCVYQP1Z,audit,B000WNLFBI,B000PHRIQM,B000LJCNG4,03001d4bd11c77ed60fdde01a28483a9b783727e6cb6114dd1bea278f2f41e61,5.0,415.0,83.0,83.0,1.0,1.0,395.0,79.0,838.0,167.6,0.1928069348369037,0.09066666666666667,170.0,395.0,2.7586775281753004,1.791759469228055,0.2,10.0
A2S6QCNNN8AK91,audit,B001FB5IEG,B001PNFFLK,B0020MMD0G,03299b80a741f887d7a93e49fe866f04039c3c257933257c4ed14a9a7d9b289f,20.0,1116.0,55.8,83.0,1.0,1.0,1084.0,54.2,1435.0,71.75,0.3939942239626907,0.1440677966101695,682.0,1578.0,2.867849232812722,1.6094379124341003,0.25,10.0
AMNPBJZDDRLEB,audit,B000PHRIQM,B000HEIRRM,B0001EL658,0330e18e4fa1b3b53a4882685a14810af78f8e8b2565afc962195dd8255764a7,2.0,166.0,83.0,83.0,1.0,1.0,158.0,79.0,217.0,108.5,0.23895245610574078,0.22972972972972974,68.0,158.0,3.352819547430001,2.9444389791664403,0.0,10.0
A2KYFJPCOJY35Q,audit,B002DVHTFI,B000TKH6G2,B002G392OE,033d19fb5765a7cf3fde1e27133f7380b0c908980e3ba964f73e6d7065081a5c,2.0,129.0,64.5,84.0,1.0,1.0,125.0,62.5,135.0,67.5,0.3493362148811362,0.2682926829268293,67.0,159.0,3.954193579645021,2.772588722239781,0.0,10.0
A30R2GXW6734H7,audit,B004ZLZ77G,B001FBOC2A,B00011JOR8,034e2971a92bdaa7497a3190105c4d07070169145bd0256a1eeb89d869d1366a,5.0,300.0,60.0,83.0,1.0,1.0,292.0,58.4,489.0,97.8,0.33664045800356784,0.12408759124087591,170.0,395.0,2.3896675298892687,1.6094379124341003,0.4,10.0
A36FCC82G272Y6,audit,B001BMJPD4,B000EMDK2Y,B000VTRJMM,0353fecc35aad6681fe30d62247dbd79d70d07327b1baca27ed0f855a601fe2b,3.0,184.0,61.333333333333336,78.0,1.0,1.0,184.0,61.333333333333336,184.0,61.333333333333336,0.3733781918564527,0.30357142857142855,102.0,237.0,2.7495097082667392,2.5649493574615367,0.0,10.0
A2U8LIBHN03DHD,audit,B000GX4BSS,B006BW34TA,B005CRJUEI,03643a5177b14a2e9612ae76f27fc2a361b92001acd1d25bf65afd82d5431094,3.0,159.0,53.0,83.0,1.0,1.0,155.0,51.666666666666664,415.0,138.33333333333334,0.3593886006754639,0.09115281501340483,102.0,237.0,2.4930998792609445,1.9459101490553132,0.3333333333333333,10.0
A1WT3WVA0IJ5OO,audit,B00BB8ZHJY,B006RHYSLM,B0001XLSR0,0380e6455a144b43d68ea8690403de00277f112c89f166ee0deb583e9af1946a,5.0,224.0,44.8,84.0,1.0,1.0,220.0,44.0,382.0,76.4,0.4393339850114044,0.12,169.0,396.0,3.8204675327150412,2.3978952727983707,0.0,10.0
A32LA0HS2W8MT0,audit,B00ARCQHBC,B00AHF1GK6,B0063A432W,038242551440f80381e722b8635ae3645fdb660e6d65df7540df2be4f509fb87,5.0,191.0,38.2,83.0,1.0,1.0,187.0,37.4,197.0,39.4,0.5082119522905919,0.2764227642276423,171.0,394.0,4.70426403312455,4.304065093204169,0.0,10.0
A2KJZXIXBHVG0K,audit,B00ARCQHBC,B00AE07932,B003V264WW,0388992f04bdbf07ddbdd1d0ae4ad44208511073081d751b9d1b38f27a3400cc,10.0,243.0,24.3,39.0,1.0,1.0,243.0,24.3,243.0,24.3,0.5926876036806016,0.4657534246575342,345.0,785.0,4.150409265601736,2.3025850929940455,0.0,10.0
ARXUXC39DLCOA,audit,B0039NMCPG,B002WDXCX0,B007M81B4M,039b17ac7c8ce2689ddccb6f4b3b8f1835ed1d3e2b0cc85236267732dc1ab4c2,2.0,104.0,52.0,83.0,1.0,1.0,100.0,50.0,130.0,65.0,0.42797202797202794,0.23776223776223776,68.0,158.0,2.2769384458002704,1.6094379124341003,0.5,10.0
A1H7Y5XKPGT0OS,audit,B000E0K7NQ,B0009OAHOG,B000VPPUEA,03c5a189c530bb1a536f30860fbed6322294b1d56612b8537c568e7b4ee393ba,6.0,277.0,46.166666666666664,84.0,1.0,1.0,271.0,45.166666666666664,986.0,164.33333333333334,0.4423622505481999,0.039951573849878935,207.0,471.0,3.619522902972683,2.0794415416798357,0.16666666666666666,10.0
A1UP82HIKY9994,audit,B000XY9LT4,B008X20VRO,B0009I4M02,03c757ef12d87b01913ac3c5dd79529e310aaa03c4b90dd23adbd57a2033da34,2.0,110.0,55.0,83.0,1.0,1.0,106.0,53.0,188.0,94.0,0.3621794871794872,0.17435897435897435,67.0,159.0,2.0715673631957663,1.9459101490553132,0.5,10.0
A3MPPNO856HTJN,audit,B000ETVROA,B008B9L6WS,B003U9K9J0,03d97b1824ec2ef7244db824981e9004995e98fc800b5fcaea802509c9ed244d,2.0,128.0,64.0,83.0,1.0,1.0,124.0,62.0,130.0,65.0,0.35804701627486435,0.2857142857142857,68.0,158.0,1.868834809141684,1.791759469228055,1.0,10.0
A2DPY1L4RDVHCV,audit,B000S205WS,B000HJUWRU,B000ZOHOQO,03e30c78dc92bd12a331b29151193e01e91c81d92ab3bb0b3d128dc96cdade78,3.0,149.0,49.666666666666664,66.0,1.0,1.0,149.0,49.666666666666664,149.0,49.666666666666664,0.40898218980410755,0.3333333333333333,100.0,238.0,2.2599739691574174,1.6094379124341003,0.6666666666666666,10.0
AS5F7AYETW6FL,audit,B003IX36H0,B001B7GJ2E,B000WI0640,03e7c5f3b58a54be7db26f0f41dbeb714677b69518c038c63beacdd142f19bb6,2.0,111.0,55.5,67.0,1.0,1.0,111.0,55.5,111.0,55.5,0.3862655496318863,0.33663366336633666,68.0,158.0,3.341054298724904,2.6390573296152584,0.0,10.0
A1OOMSOB6SNMNJ,audit,B002PBCAEQ,B0018DAUKI,B000BJ1CGQ,04081fced663edce5a6f68fe2fdae5607c3ad9ec16b93d7574187a941faec756,4.0,235.0,58.75,83.0,1.0,1.0,231.0,57.75,317.0,79.25,0.35874754501775147,0.1708542713567839,136.0,316.0,3.5804133084564707,2.0794415416798357,0.25,10.0
A1S52XH2CS4Y26,audit,B00AO4EKSU,B00ALV8EJM,B001FSK8QM,040c7286903ccd3e3343f6cdc263116b8cea280af69b1c3a6b1ee50915f03426,17.0,629.0,37.0,83.0,1.0,1.0,613.0,36.05882352941177,1785.0,105.0,0.4884405922973606,0.046511627906976744,582.0,1339.0,4.306680848679309,3.4657359027997265,0.0,10.0
A3O4J05CPH01Y,audit,B001N5IORC,B004DK46XK,B002RGRJC2,040fb3e1ae54df478de3d4486b3b8626c7cd1d572096f316abb30ebb4d49e030,2.0,155.0,77.5,84.0,1.0,1.0,151.0,75.5,201.0,100.5,0.2631317557697926,0.20245398773006135,67.0,159.0,3.387111943178807,3.2188758248682006,0.0,10.0
A3TLHXAWJQ5AO6,audit,B006Z8BN02,B006Z8B5HS,B0030GFXOY,042189e047c7e869e571eb57c779cfe8efe19d95a48fdfc963392f5a61124474,3.0,193.0,64.33333333333333,84.0,1.0,1.0,185.0,61.666666666666664,430.0,143.33333333333334,0.29463941076844297,0.10476190476190476,103.0,236.0,2.562971112288265,1.9459101490553132,0.3333333333333333,10.0
A1GARI2JT6EAWA,audit,B009FKNGGQ,B00AO379NE,B00AE07CTI,042ed2aca005b7fab4582162c4d59958c810169695cbcde127e432c8ebececf7,2.0,44.0,22.0,24.0,1.0,1.0,44.0,22.0,44.0,22.0,0.6114249843063402,0.5932203389830508,69.0,157.0,4.558014846252471,4.51085950651685,0.0,10.0
A228NL6M5TLOAL,audit,B00852D7AK,B006MAPN4K,B003V7KWB6,04325fa95a08e30eb72751a0de92af9679864e9094d6268b41e544f0246da90f,7.0,475.0,67.85714285714286,83.0,1.0,1.0,455.0,65.0,1096.0,156.57142857142858,0.2739420918676275,0.08333333333333333,238.0,553.0,2.524560393056961,1.791759469228055,0.14285714285714285,10.0
APMY5FU5E4EY6,audit,B004DIUWY4,B002B4O7XE,B000JUV816,043f035b9394e1989f6ec6d8fcb86da33461dc3f425fc1f2074825d698907b2e,2.0,166.0,83.0,83.0,1.0,1.0,158.0,79.0,207.0,103.5,0.24822130190081768,0.2328767123287671,68.0,158.0,2.6235120360802426,2.3025850929940455,0.0,10.0
AC7DC22Q4O8D1,audit,B001S4C91K,B001MS7HF0,B000NRVG26,045abbc194acf26b8e152883282e8ec4ee69a3bc9fae26de7ff25a6ec6d61ae7,3.0,250.0,83.33333333333333,84.0,1.0,1.0,238.0,79.33333333333333,423.0,141.0,0.2064616289033947,0.14977973568281938,101.0,238.0,2.662508159949589,2.0794415416798357,0.3333333333333333,10.0
A23URR08HKOXIN,audit,B003OS9UR4,B000OQ6YTG,B008U1Q4DI,0465fdcdba35506393c3025e4abce465edf4f7527d644bfe09d1924b4b0fb8b9,4.0,281.0,70.25,84.0,1.0,1.0,273.0,68.25,309.0,77.25,0.3143512623411866,0.24087591240875914,134.0,318.0,3.1566558477640942,2.197224577336219,0.0,10.0
A5PTPK183WVWP,audit,B004Y9JURC,B007RS4R4I,B00198ZOU8,046cfacb5f44ed250ad6da7f2150ae789b034df504d72b8229e004b8b324c532,3.0,139.0,46.333333333333336,54.0,1.0,1.0,139.0,46.333333333333336,139.0,46.333333333333336,0.42519813519813515,0.38636363636363635,102.0,237.0,3.9202200534374714,2.4849066497880004,0.0,10.0
A1Q6KRQM6O5TDW,audit,B004W8XLAM,B00852JRVI,B00852JKK6,046d72a78301ef10b72d6b9688170b60fd75e1a4c4f7fa7bf7b798475abded80,2.0,114.0,57.0,83.0,1.0,1.0,110.0,55.0,129.0,64.5,0.39032634032634034,0.25757575757575757,68.0,158.0,1.7005986908310775,1.6094379124341003,1.0,10.0
A2RSIE1EIOH8SR,audit,B0092MCMM6,B003U4LGV0,B001KYQ3DS,047704f40066798b602d94c4f28ef54e7251dbf4e899af92a0dc747f1c7324c2,3.0,200.0,66.66666666666667,83.0,1.0,1.0,192.0,64.0,548.0,182.66666666666666,0.2795403597036124,0.07505518763796909,102.0,237.0,2.8440272679699956,1.6094379124341003,0.3333333333333333,10.0
AZGASE8LW7VHI,audit,B001ECQ3YU,B002U8L18K,B001CL9XHW,0483fe1ecc57bb7b141dc0d64edd7ee1b46c0a49ecaf935ba60c60b66d5c5309,2.0,134.0,67.0,83.0,1.0,1.0,130.0,65.0,296.0,148.0,0.2609318996415771,0.12186379928315412,68.0,158.0,2.1242476210246792,1.6094379124341003,0.5,10.0
A9LQU83YA8UKM,audit,B00AF9D4JK,B00AE07FYK,B000EEX7TI,0489285725eb28795f8b10d39ef0763cd2112217f7f6805a7ccd3f3b6b1b3b55,5.0,320.0,64.0,83.0,1.0,1.0,308.0,61.6,469.0,93.8,0.33833853976711115,0.17989417989417988,170.0,395.0,2.4385123567004454,1.791759469228055,0.6,10.0
A2PNJFSUPPD30I,audit,B004NYSL9Q,B004WPGXSW,B002QI1E9K,04996c529ae8ff61abd14ab5e63e20e7318224650c19fffcedb8115eaf6b49fe,7.0,341.0,48.714285714285715,84.0,1.0,1.0,332.0,47.42857142857143,526.0,75.14285714285714,0.43400814408056737,0.12452830188679245,234.0,556.0,4.0215538536339315,2.0794415416798357,0.14285714285714285,10.0
A194R9KSGDJJ5C,audit,B001KWB85S,B000ZV1W6K,B000PQDKU6,04b8a8d6224f4027d3ee559c25acf121d67a018053287f43dc93508ffc8a5af8,2.0,57.0,28.5,42.0,1.0,1.0,57.0,28.5,57.0,28.5,0.5706229860365198,0.4473684210526316,68.0,158.0,3.3322045101752034,2.0794415416798357,0.5,10.0
A2O70L76OLPK1Y,audit,B003UMNO6C,B006ZAHBIS,B002DPUY60,04e54815d556a7e3dea97e6c2f4c9cddd97ce28f3dab40eddf04f8833bb5f13c,3.0,138.0,46.0,84.0,1.0,1.0,134.0,44.666666666666664,255.0,85.0,0.4201979307242465,0.14102564102564102,101.0,238.0,2.260730685335597,1.9459101490553132,0.3333333333333333,10.0
A2M9GE5ES28APB,audit,B00120XR0M,B000127VFE,B0001ZYLAO,04ea86ef72e1c4a7588aaee323b7cfa54a6157773341cc444af174069d6a1962,14.0,981.0,70.07142857142857,83.0,1.0,1.0,941.0,67.21428571428571,2528.0,180.57142857142858,0.2543883645654083,0.04106280193236715,478.0,1104.0,3.3262280764776087,1.6094379124341003,0.07142857142857142,10.0
A2VUVIYAQB0YT1,audit,B001FB5IIM,B0080D1Q52,B000UVWGGA,04ed59eb6c8527f035284f780b186da3c0967dce0620c60fa39e486926a069b6,4.0,245.0,61.25,83.0,1.0,1.0,237.0,59.25,337.0,84.25,0.33952131855357665,0.1827956989247312,137.0,315.0,2.5943863630274757,1.6094379124341003,0.25,10.0
A3EBX7GDQVG04V,audit,B0000535RA,B002UU9Q6W,B0000YUXI0,04f9dd70cbc5e27f1e5ca43e32d4eeec8713e4946039409664bfa5cb598d0edd,7.0,507.0,72.42857142857143,83.0,1.0,1.0,487.0,69.57142857142857,847.0,121.0,0.26030214801940726,0.12454212454212454,238.0,553.0,3.348352549541159,2.3025850929940455,0.0,10.0
A339QWXMYBKE6I,audit,B006ZEV036,B006ZENPYS,B003YW5HF4,0502b032ea10c1d756c01b98916b76e9c94373c3b111c1e483da19172cb34239,3.0,249.0,83.0,83.0,1.0,1.0,237.0,79.0,656.0,218.66666666666666,0.15559753336387408,0.0845771144278607,102.0,237.0,2.1803433330633006,1.0986122886681096,0.6666666666666666,10.0
A2C2MY51RC3LNK,audit,B003AKZCQE,B001MA0QY2,B00192MVZU,0506b0858bbfe6a484adf3bd344caca6788c22c37a6b1ce1f442157edc9de16c,2.0,166.0,83.0,83.0,1.0,1.0,158.0,79.0,442.0,221.0,0.13452497323465065,0.12186379928315412,68.0,158.0,3.522016448637342,1.791759469228055,0.5,10.0
A30KCQIU856SEH,audit,B001FB5IEG,B000OYJ9AO,B00157S30Q,0513cb2bca937ecac33ee3c57ec3c015c40fb00ddfbe7222021465c8ed7b8f58,6.0,430.0,71.66666666666667,83.0,1.0,1.0,414.0,69.0,646.0,107.66666666666667,0.2777193478092688,0.16267942583732056,204.0,474.0,3.329476336956287,1.791759469228055,0.16666666666666666,10.0
A37YUFBI23UPB8,audit,B000F8HWXU,B006J5V6ZI,B005UBN3GW,05352bb851b9010056ee901688824a46a5fc08b5aea5a4075ca7935282cdae9b,11.0,791.0,71.9090909090909,83.0,1.0,1.0,763.0,69.36363636363636,1767.0,160.63636363636363,0.25629169296219556,0.08018867924528301,374.0,869.0,2.5889878252571292,1.6094379124341003,0.45454545454545453,10.0
A375NF45A1MDWI,audit,B001ECQ4YO,B007JT7AIK,B000VPPUEA,0543ea54954fbbe02e6087159ec5e636558455ac734acd7a9ea62f6d6083026b,5.0,285.0,57.0,84.0,1.0,1.0,273.0,54.6,1169.0,233.8,0.3414331933924638,0.039951573849878935,171.0,394.0,4.095451493321795,2.5649493574615367,0.0,10.0
A1LFQMIY4VBZMV,audit,B0009R35GA,B0009QZYLU,B0009DT39W,056d77b0bb8e0c05dc035e7e9b11e5fcaf4ccefa8939f9d31801d5bb945bd6ec,9.0,573.0,63.666666666666664,83.0,1.0,1.0,561.0,62.333333333333336,1041.0,115.66666666666667,0.3108286876583993,0.07623318385650224,305.0,712.0,3.082845815366679,1.791759469228055,0.3333333333333333,10.0
A2LXGLSCCV4QD9,audit,B008ORT4NU,B000052YP6,B00021C1LI,056f6d95af55063573ec0a4a76d5a7fe6527a85d4b14c0e57b35faede4841cbb,3.0,131.0,43.666666666666664,62.0,1.0,1.0,131.0,43.666666666666664,131.0,43.666666666666664,0.4851162332545311,0.3541666666666667,102.0,237.0,3.894433650248594,3.4339872044851463,0.0,10.0
A1CACITO13L1L8,audit,B0002JKPA4,B008OPK8EQ,B0036FSWHE,05777770bd639dbe2e314a8edbf9d89d412123fa007c0a88abbb88e4b7c7e9ad,2.0,108.0,54.0,83.0,1.0,1.0,104.0,52.0,249.0,124.5,0.35402706608855605,0.13178294573643412,68.0,158.0,1.5890269151739727,1.0986122886681096,1.0,10.0
A3T5NS7OHNIFT4,audit,B003LDOSXI,B004QB72CI,B002CMLHF6,057b32297b2c13ca293d2bcda87dd06084aea5f749e94abaff87e40a3ddd47a6,4.0,319.0,79.75,83.0,1.0,1.0,307.0,76.75,518.0,129.5,0.22265922249793219,0.17,136.0,316.0,2.345652898229159,1.791759469228055,0.25,10.0
A1YE4XQ4I28DSW,audit,B009CSJB56,B008UQAW54,B005Y6F4WO,0591955bad1e9f81e640b497c0446d93eed338ab951e614ad79f914d569e5cb7,7.0,329.0,47.0,83.0,1.0,1.0,325.0,46.42857142857143,461.0,65.85714285714286,0.41978179397029847,0.13654618473895583,235.0,556.0,4.034312977836149,2.0794415416798357,0.14285714285714285,10.0
A3AAM5VPWXFARB,audit,B002C5KVL4,B00161FCAA,B001H5QZK6,05b4e8c9b2bcf790f809767db5439714d22769943756685153e06b228e2a1e78,2.0,144.0,72.0,83.0,1.0,1.0,140.0,70.0,323.0,161.5,0.23637980085348506,0.11486486486486487,68.0,158.0,2.389561746555765,1.9459101490553132,0.5,10.0
A3L2KYOYDWSRPL,audit,B0012BNVE8,B0072XRJ20,B001G0ML96,05c9ee37b0b3365f3525634bb2002b97be83c84fca841af9d5ffd4ec51bb3a45,20.0,915.0,45.75,83.0,1.0,1.0,895.0,44.75,2523.0,126.15,0.4285791830973273,0.043316831683168314,689.0,1571.0,4.175017168640456,2.833213344056216,0.0,10.0
APG8YOWMAHRPG,audit,B004OHQR1Q,B004EEJPFY,B000PQGYOU,05cea3a96270d8b2b3c715cb80e4981ec086d015910cd6c9bfeea01d16a4ab86,4.0,216.0,54.0,83.0,1.0,1.0,212.0,53.0,216.0,54.0,0.42395428645428646,0.2905982905982906,136.0,316.0,3.8052606702478924,1.791759469228055,0.25,10.0
A6A6AR0XGSTXB,audit,B000E7YL1I,B000277N7Y,B0000632EN,05d4a3bc0f0332e4fe3597b6f6dde5295b271fa43aab6d4df7e1acda95550f41,6.0,431.0,71.83333333333333,83.0,1.0,1.0,415.0,69.16666666666667,808.0,134.66666666666666,0.25241826226019587,0.12408759124087591,204.0,474.0,2.710680853084145,1.3862943611198906,0.3333333333333333,10.0
A38GKCOC9MHQ2N,audit,B003S516XO,B0016P4P4K,B008K1YYM6,05d720abdd150a9e2bba2ccd251ebc0c03a3ca2093bc8b6ee76ff0fe0577d6e8,4.0,270.0,67.5,83.0,1.0,1.0,258.0,64.5,404.0,101.0,0.3158760158760158,0.1837837837837838,136.0,316.0,3.4023834525679826,2.197224577336219,0.0,10.0
A22M3E5S78BYRI,audit,B0035LCSCO,B0017TOHFW,B006OHM542,05d8a3690dfea8cdfeda30e060eff45a26e81c7f5052c78433ac614ae19b4588,20.0,1486.0,74.3,83.0,1.0,1.0,1442.0,72.1,2989.0,149.45,0.25037782036738265,0.07234042553191489,679.0,1580.0,2.500378330775389,1.3862943611198906,0.35,10.0
A34U4Y40W1GW9I,audit,B0089JVDPK,B000YZLP4Q,B003P904EA,05e6f32f43291d92e587a0c3d3626f20fa17c9af91a3d5fcb62ed1bf38a5a071,2.0,111.0,55.5,82.0,1.0,1.0,107.0,53.5,365.0,182.5,0.31701108116202453,0.09433962264150944,69.0,157.0,4.629898490344388,4.3694478524670215,0.0,10.0
A110RS7QL8Q1UX,audit,B00GYB17XI,B009FKNGRA,B0050QLDGY,05f954ffb2a82feb379a8b76cd1b555c3da0ee1bcddfe8ae9cec8dd8669ec041,13.0,457.0,35.15384615384615,83.0,1.0,1.0,453.0,34.84615384615385,468.0,36.0,0.5256363722206495,0.265625,446.0,1023.0,4.421745832223324,3.6375861597263857,0.0,10.0
A3UB7SA13JT5A1,audit,B001KZ1AM6,B001ET76EY,B004Q8GYES,0608066ff1afce9821df2c2010ff3e559ddebe9136888bd653191ec328606d0c,14.0,878.0,62.714285714285715,83.0,1.0,1.0,850.0,60.714285714285715,1935.0,138.21428571428572,0.3216079521109792,0.04326328800988875,477.0,1105.0,3.1003620681483146,1.791759469228055,0.14285714285714285,10.0
A324GVROY4NYG7,audit,B0002G214U,B007XA49O8,B0055FF3SE,0621da12f10df4e7b0b4df5343871c110165bd8f5ca1854ddef9c8d6c35cf6e7,2.0,129.0,64.5,84.0,1.0,1.0,125.0,62.5,220.0,110.0,0.2945167964946446,0.15865384615384615,67.0,159.0,2.4141568686511503,1.6094379124341003,0.5,10.0
AF2FTSRJB3I5S,audit,B00HSNWXTI,B0011MJSD6,B000AA5VZY,06416ffef6277b841905d8a0ca153f11d579a5445ca77060658448b7cc144dc8,8.0,524.0,65.5,83.0,1.0,1.0,508.0,63.5,1029.0,128.625,0.3054205079154269,0.0735930735930736,273.0,631.0,3.202039582458886,2.3978952727983707,0.0,10.0
AR3EVUQF0AC7R,audit,B003JA3KSW,B001JQLNJ6,B001OMI93S,0651436531374a63d8886ee5b9e082556c322b615a06691d5785023a258c9204,2.0,74.0,37.0,37.0,1.0,1.0,74.0,37.0,74.0,37.0,0.47876984126984123,0.4714285714285714,68.0,158.0,4.52981687727574,4.110873864173311,0.0,10.0
A26NTVWYOXC407,audit,B004V4MQ2Q,B000IOFQWK,B0076LBMI0,065ebd4cb9587ff81d5119f948b752290cbdc1dfa99ed2339465800b155565cf,2.0,114.0,57.0,82.0,1.0,1.0,110.0,55.0,161.0,80.5,0.3642830746489283,0.21341463414634146,69.0,157.0,2.80473589759248,1.9459101490553132,0.5,10.0
A2HWZ43WI89MSF,audit,B0051SDC2Y,B004DK0UDA,B0046MGLC4,06841ebcf90932c59e85d3474717e995b1122bd297b0bb8e53b2634b95611fb7,3.0,218.0,72.66666666666667,83.0,1.0,1.0,210.0,70.0,327.0,109.0,0.26404115658745936,0.19318181818181818,102.0,237.0,3.690230877556617,1.9459101490553132,0.3333333333333333,10.0
AC9QEWWN4W9MC,audit,B007LSASW4,B0053PTTU4,B004CQXYYC,0691d1a2f885022ca3ee160cb39cb1170bdb63a2f46b98fc30516006203cd92a,6.0,272.0,45.333333333333336,84.0,1.0,1.0,268.0,44.666666666666664,463.0,77.16666666666667,0.4231417474692379,0.10714285714285714,203.0,475.0,3.3739166190088317,1.791759469228055,0.16666666666666666,10.0
AR88L6NGNUHG4,audit,B002WTC37A,B004TSFB1M,B002QF4UYY,06965ba0afe72b491db2453f2614ad5ae0e8d1255668a444e03c83dfa9718240,3.0,251.0,83.66666666666667,84.0,1.0,1.0,239.0,79.66666666666667,421.0,140.33333333333334,0.2198919340463458,0.1213235294117647,100.0,239.0,3.1686635380257133,2.772588722239781,0.0,10.0
A3O30ZPF3NSEFV,audit,B004UVRYQS,B0047SCT8W,B001KYNZGG,069d5b5214708b6165a4b838cf03da2dcd5f1c8c3e91a1cb0a8d85e41167a6b9,2.0,167.0,83.5,84.0,1.0,1.0,159.0,79.5,620.0,310.0,0.13578302814592796,0.06297709923664122,67.0,159.0,2.7080502011022096,2.197224577336219,0.0,10.0
A1YOQTO8WJC7FI,audit,B001441QCW,B00120U5D4,B000OO7546,06e23c57f77acab410c7df2a8235188ec9c41b1ce61a6c13ce5e6187a2e5b89b,2.0,166.0,83.0,83.0,1.0,1.0,158.0,79.0,435.0,217.5,0.13519367588932807,0.13438735177865613,68.0,158.0,3.3485171238332425,3.295836866004329,0.0,10.0
ARFLZVVXBROOK,audit,B001AC0HPK,B00BI4C8M0,B0036LMFYO,06f3bdfa95d7fff852a15e1328876684acb56ba971b58c4ab6bcd9be88a89d76,11.0,917.0,83.36363636363636,85.0,1.0,1.0,873.0,79.36363636363636,2068.0,188.0,0.18271241510620004,0.07432432432432433,370.0,873.0,2.404042276006491,1.3862943611198906,0.5454545454545454,10.0
A1TO752N975CYI,audit,B000PHVU8O,B004KAVHG2,B0018BTA2Y,06fe978300bf25a7fb5b1ea696ea9fad9c32b2045f489ee20b720bc3572bc957,3.0,171.0,57.0,83.0,1.0,1.0,167.0,55.666666666666664,529.0,176.33333333333334,0.3148884557071691,0.07157894736842105,102.0,237.0,3.2935768551378373,2.833213344056216,0.0,10.0
A26A2OVCGNIVQ,audit,B003BR4LBS,B000248HLI,B002XNZJVW,0720176239b938721f1552e6d3b6710220587223aecc34b5b44ded337bbb2e37,2.0,166.0,83.0,83.0,1.0,1.0,158.0,79.0,517.0,258.5,0.12362637362637363,0.09340659340659341,68.0,158.0,2.2154083994216567,1.3862943611198906,0.5,10.0
ANWZD7ZYE50UE,audit,B002YHRXI4,B000WZPE5O,B004KQT68C,07205332bad55ec4f48d9302b68c522f43e3cbad31d3dd07ce29ffe13bdac8e5,6.0,416.0,69.33333333333333,83.0,1.0,1.0,400.0,66.66666666666667,615.0,102.5,0.292927086311024,0.15315315315315314,204.0,474.0,2.2434366226365072,1.6094379124341003,0.5,10.0
A1RY3SFGPZJH29,audit,B000BY2N7S,B0009MHJS0,B0002EBI82,072c8f8567cb5fbb93b50941ddd816b92eaa412f9e46939cfbe88dfe6ed49d62,2.0,166.0,83.0,83.0,1.0,1.0,158.0,79.0,519.0,259.5,0.12063588007736943,0.09659090909090909,68.0,158.0,2.995732273553991,2.3025850929940455,0.0,10.0
A22VJIG39898UN,audit,B002RT70Y6,B000FCTITM,B000GHGGKK,0739276a8dfe668cd1f5b1113eae9b5c0d3175678020bedd87fbefbc4c0d5b4d,5.0,382.0,76.4,84.0,1.0,1.0,366.0,73.2,565.0,113.0,0.24975428787167728,0.17989417989417988,168.0,396.0,2.294620594156611,1.791759469228055,0.4,10.0
A2G93UHDVP0UWM,audit,B002L6NZ6C,B002U8L18K,B0038ZKJEQ,074a59fc9efb7cad38917614ebd7eee55e51eb6bfb88a393d6bbfe6e7ff4aae2,10.0,721.0,72.1,84.0,1.0,1.0,703.0,70.3,1020.0,102.0,0.28002418924053984,0.1511111111111111,337.0,793.0,2.8062174854777746,1.0986122886681096,0.1,10.0
A1YKI3IKM9KW8V,audit,B00770JW9Q,B00B22BCJS,B002UUT39M,077225e58ff7bb28b009d774ee63bcdad455cae7e47f51f97ad9e0d02f856ed6,4.0,181.0,45.25,83.0,1.0,1.0,177.0,44.25,237.0,59.25,0.4405391979768786,0.19653179190751446,136.0,316.0,3.616069856950297,2.197224577336219,0.0,10.0
A1H7XPGA4SUKA6,audit,B003VMU63K,B007TCJZMG,B006IBM21K,077e44a456b28ba8a32b7e25a37af3d424c0015799942ad7fd8454472f1d6031,2.0,105.0,52.5,83.0,1.0,1.0,101.0,50.5,108.0,54.0,0.4452380952380952,0.2833333333333333,68.0,158.0,3.3961722137354045,2.3978952727983707,0.0,10.0
A6LAOPEJJB0BZ,audit,B006FRS9O6,B0065UOF28,B004SSFE8S,077f97ba97228d252eb74e802e786aa028887ca7870b93d3e08651603a1429bc,6.0,444.0,74.0,83.0,1.0,1.0,428.0,71.33333333333333,660.0,110.0,0.2714877815421294,0.15178571428571427,204.0,474.0,3.1308556399146643,1.9459101490553132,0.16666666666666666,10.0
A1VUUBLDB2QP7N,audit,B003GLJ6PA,B001AZIY6Q,B0002RYHTQ,0784f2df058ab95259ed5d4d0af016093f0d2dc3652bd2b3edd81b1187e67cb0,7.0,431.0,61.57142857142857,83.0,1.0,1.0,415.0,59.285714285714285,714.0,102.0,0.35111278234476095,0.10759493670886076,236.0,554.0,2.613891102963396,1.791759469228055,0.2857142857142857,10.0
A3B2Z9R4BQP6J0,audit,B00CWZ0BLE,B002FQKKBQ,B0000Y3FRG,0798b6abef64345cecba284512177e11f8384c780389a3771d4a75398c0d2ab1,2.0,164.0,82.0,83.0,1.0,1.0,158.0,79.0,265.0,132.5,0.22580773833266854,0.1559633027522936,68.0,158.0,3.2059091338549486,3.044522437723423,0.0,10.0
A2W5BKBUOSS2AZ,audit,B0036BI56G,B00120VWTK,B000HDSVWY,07b13c5ede3fc83b8d938cb6b61d8f6a9e2580728ffcf8e81845c8495f9c10a9,2.0,166.0,83.0,83.0,1.0,1.0,158.0,79.0,546.0,273.0,0.1795043766874753,0.06841046277665996,68.0,158.0,2.2154083994216567,1.3862943611198906,0.5,10.0
ART21UV0XR63Z,audit,B004R6CAGU,B002IRIGZO,B006YUOHXQ,07b353e53c193718961e008287b85bb44811e1e394fa032c2c767ee31b3fda01,2.0,106.0,53.0,83.0,1.0,1.0,102.0,51.0,120.0,60.0,0.4280166064014999,0.2595419847328244,68.0,158.0,2.138333059508027,2.0794415416798357,0.5,10.0
A3BNJRW499RQR6,audit,B002VA4FWG,B0047ETODO,B006ZUEMSA,07c6faef557e43eae60e66cf3ed466a32174b2e302262e4e9de82e02c84b7374,4.0,268.0,67.0,84.0,1.0,1.0,260.0,65.0,501.0,125.25,0.27945266707415406,0.12781954887218044,135.0,317.0,2.7910546726701684,1.9459101490553132,0.25,10.0
A33HLTMMTYPVI1,audit,B0018SAJAY,B002BWOXYE,B004EKDS1U,07c7a1def96e84d3b4b7f90621fe3ea9cc2493fbcc5014dcc2da013a56f5348c,12.0,934.0,77.83333333333333,84.0,1.0,1.0,897.0,74.75,3826.0,318.8333333333333,0.18598275937278297,0.04106280193236715,406.0,949.0,3.2431765901955294,1.9459101490553132,0.08333333333333333,10.0
A32012ABRXVLZE,audit,B003ZBK8EO,B0013NHSYE,B002TSA90M,07d8f573e12ae40ecb2eafc7e215e439d669b091fa35da4aa52a3d1658d18034,2.0,107.0,53.5,83.0,1.0,1.0,103.0,51.5,186.0,93.0,0.3833448633690764,0.17346938775510204,69.0,157.0,3.236945348176137,1.791759469228055,0.5,10.0
A3TRSN8NNX7TE7,audit,B001F51PXA,B000URKWQU,B000142C1A,0805ddc0e43046146adb296a3f88c02e13f3f2c95aefc832e8b7aedfa9dddafc,8.0,548.0,68.5,83.0,1.0,1.0,528.0,66.0,1009.0,126.125,0.28780561264755605,0.08478802992518704,271.0,632.0,2.6323682600029397,1.3862943611198906,0.25,10.0
A4ZGDN3SEMB7T,audit,B0084HCIHY,B000TAE0RK,B003CTU5MO,080e3c9d41e264a1b84a863316a2efa6ad74635f2708c247e700ede4cd4c85bf,6.0,434.0,72.33333333333333,84.0,1.0,1.0,418.0,69.66666666666667,975.0,162.5,0.25437016621298464,0.06614785992217899,201.0,476.0,3.8777919964496177,2.6390573296152584,0.0,10.0
A2CBX3TAPXYK1U,audit,B005GYL9C8,B006T8BXGW,B003FBI9LS,081598f1e1771c36790e4253f9b694f3f191d630a5d18efd3e4860dfe43258ba,2.0,101.0,50.5,82.0,1.0,1.0,98.0,49.0,101.0,50.5,0.46730644111906305,0.29310344827586204,68.0,158.0,2.84348767816991,1.6094379124341003,0.5,10.0
AJ5247U67E5HB,audit,B0027A7CLG,B0018QNSUO,B001ET7LAI,08195bb57627394ef116a7c8b305d6796092a3a8726666b7382ea7fb0df8e533,5.0,378.0,75.6,83.0,1.0,1.0,366.0,73.2,948.0,189.6,0.22375539505431458,0.07203389830508475,170.0,395.0,2.200419968240847,1.6094379124341003,0.6,10.0
A3J1AJLNKY5T6Q,audit,B003VGMOR2,B006FRS9O6,B00466RIH2,082bf19e0738c9030d0b40b0dd5609e7251921dca9bb6d3208da993a23cf50a8,5.0,252.0,50.4,84.0,1.0,1.0,244.0,48.8,327.0,65.4,0.41716501523620686,0.21019108280254778,165.0,399.0,2.530028578549881,1.3862943611198906,0.4,10.0
A2ZHYL6ZSWYYBH,audit,B00KQVTX06,B00JK3ZHIS,B00KQBR9FM,08311cc0d0222ae622645c93bf61294d2c4e5465b9b049d8e10848ef92c96f5d,3.0,213.0,71.0,83.0,1.0,1.0,209.0,69.66666666666667,457.0,152.33333333333334,0.26056094182825484,0.09418282548476455,102.0,237.0,3.924891385131835,3.3672958299864737,0.0,10.0
A2HLTDGM976HW4,audit,B003SSTOYE,B003SSXKV2,B003SSTKHU,083cbb29fc0c38df5923c9bd76be4e65c348a65e885e20289339a48eb324b3ce,3.0,159.0,53.0,55.0,1.0,1.0,159.0,53.0,159.0,53.0,0.3909423565370873,0.38202247191011235,102.0,237.0,2.775424929132255,2.197224577336219,0.0,10.0
A1B23J5DDOHZEJ,audit,B0071S7EWQ,B005IAWL22,B001B1T2SS,084a90a12262b3a526b63edfad5a2c03ab876eb3ae54bf3b92a6e6b8811452f0,10.0,595.0,59.5,83.0,1.0,1.0,579.0,57.9,780.0,78.0,0.35377761390192763,0.17,338.0,792.0,2.3139217648809884,1.791759469228055,0.5,10.0
A1K3L3CVDVSKH2,audit,B00IMWA4RC,B00I2OR6YE,B002OSEMYG,08719abd31eeac4b704e096439d8752f448096bd2e86ef18575c5f4d80093db4,9.0,748.0,83.11111111111111,84.0,1.0,1.0,712.0,79.11111111111111,3324.0,369.3333333333333,0.09109142965233008,0.06551059730250482,305.0,712.0,2.3599974960174723,1.6094379124341003,0.3333333333333333,10.0
A15U1Z3N0L3C12,audit,B001I45ZFC,B00C7DYBX0,B000KONYJK,087a46908409fb76e89758a06aedc54c9ffdaca81b5597390988be7dee8fa4d1,3.0,231.0,77.0,83.0,1.0,1.0,223.0,74.33333333333333,617.0,205.66666666666666,0.2047081840340267,0.07640449438202247,102.0,237.0,3.3295824654956507,2.3978952727983707,0.0,10.0
A1UD2KJ166OBDK,audit,B0055E61KY,B004SSIW5K,B0057UR38A,087cfa25cb97a686e25ffa359b77813f9442f8ac9afeb3111355ccf748f64fe0,9.0,699.0,77.66666666666667,84.0,1.0,1.0,667.0,74.11111111111111,940.0,104.44444444444444,0.2593555893099586,0.2138364779874214,302.0,712.0,2.5976297317610406,1.791759469228055,0.3333333333333333,10.0
A3J5K0A02L0VG4,audit,B007PTGHKQ,B005XP4YNQ,B0013GB1Y4,0889bcad973f2adc4dcf9b6c02adcb064f6bff224b6a1e91080f0071af4f9e41,2.0,166.0,83.0,83.0,1.0,1.0,158.0,79.0,496.0,248.0,0.16000267004872837,0.08056872037914692,68.0,158.0,3.1345481418531307,2.3978952727983707,0.0,10.0
A3PKXLIC2GVT8X,audit,B00B4YY1GU,B003S19S9W,B004VYHMU2,0893d236a3d41dafa4055959e6497dff5d4978029c09c0fb96f73064089e079a,9.0,512.0,56.888888888888886,83.0,1.0,1.0,504.0,56.0,1067.0,118.55555555555556,0.3552814857667408,0.06451612903225806,304.0,712.0,2.445248970413455,1.791759469228055,0.4444444444444444,10.0
AG2UVZ9NJQZ7W,audit,B008RVYJS8,B006L2137A,B0002YE8V6,08963b670e59054b29ecfa97c8c56f290fda4db533bc94c2563df90a92298eaa,7.0,418.0,59.714285714285715,83.0,1.0,1.0,409.0,58.42857142857143,859.0,122.71428571428571,0.3533189607614923,0.0648854961832061,239.0,552.0,3.3506174955510817,1.791759469228055,0.14285714285714285,10.0
A13K940O9R7HSK,audit,B00AN506NI,B008VSY4LO,B001MP7HYY,08abbff1005026f3c6b06f54c1262c01f40cb0fd7088c573c964677f8cf8f463,10.0,650.0,65.0,84.0,1.0,1.0,631.0,63.1,898.0,89.8,0.323673009456486,0.15454545454545454,334.0,796.0,3.569694182827258,1.791759469228055,0.1,10.0
A1U0131NE06V15,audit,B003P7VX24,B00392FQSM,B001M7SIFY,08c2a7d742ff18623dbbce35685c9c07bb455be7fcfcb9d268cd7af54f6570ed,6.0,498.0,83.0,83.0,1.0,1.0,474.0,79.0,870.0,145.0,0.22119115097028255,0.09090909090909091,202.0,474.0,2.4228741992293554,1.9459101490553132,0.5,10.0
A2RYSF1F5JDVF0,audit,B0002DO1RS,B002QI1E9K,B0009V2S8M,08c8239deccd1d6b711ae306d7be30b34502a8eb762748a71dd7445a1197bd4b,2.0,143.0,71.5,80.0,1.0,1.0,142.0,71.0,143.0,71.5,0.3243805389763067,0.2982456140350877,68.0,158.0,3.947159031920812,2.8903717578961645,0.0,10.0
A1NZWNXZRM4Q79,audit,B006HJPT7W,B00A73BVP8,B008U12YV4,08d9771a848a816323327fd9310f3e40f5f8fa3190829e56051790d7d6bd8548,2.0,166.0,83.0,83.0,1.0,1.0,158.0,79.0,313.0,156.5,0.17999666518452645,0.16346153846153846,68.0,158.0,3.319937916913268,2.833213344056216,0.0,10.0
A2CVCPOHPWNNJL,audit,B0073KABJ0,B005Z1WNYA,B003VMJ01Y,08edcf323fc07d5ddd87e0bcd813a8411a4579f9c349f87829b715a20b273c24,5.0,336.0,67.2,83.0,1.0,1.0,324.0,64.8,431.0,86.2,0.32487739002347676,0.2214765100671141,169.0,395.0,2.5839221031475708,1.3862943611198906,0.2,10.0
A3G5YHRG57Z4TQ,audit,B001ET734C,B000ZMBSPE,B0036LMFYO,08f03639fecb1f42e6bb99b40d70f8fd3d095e56b91694cfd8e675ec8c3dad1f,2.0,169.0,84.5,85.0,1.0,1.0,161.0,80.5,385.0,192.5,0.16624748490945673,0.10714285714285714,65.0,161.0,4.703282416969564,3.6635616461296463,0.0,10.0
A1ICOB5XZ9GK3R,audit,B0040YRFAK,B0053UCMP8,B001NYMTOC,08f7f764dda8b3d7aedc631ea7724ce57b927fd659b22e68b5f336438a9b69e4,9.0,570.0,63.333333333333336,83.0,1.0,1.0,550.0,61.111111111111114,833.0,92.55555555555556,0.32812509061606515,0.15813953488372093,306.0,710.0,2.8508394536772723,1.6094379124341003,0.3333333333333333,10.0
AX6U6FG5HD88L,audit,B00546F4CY,B00283SN92,B000RUCHOA,0913cd73fa124e74d9454e7de235708164ac468febc2d0c35b82604112c966d1,3.0,249.0,83.0,83.0,1.0,1.0,237.0,79.0,739.0,246.33333333333334,0.1425983349559296,0.08056872037914692,102.0,237.0,2.629194677220093,1.3862943611198906,0.3333333333333333,10.0
A1S86B29I3E709,audit,B001HKR6WM,B009GD05NO,B000AADEP8,091f665fdb6926cbf5615bcabdf98f32e4717db71bdcb6b0f3b60fc309d4ef26,3.0,225.0,75.0,84.0,1.0,1.0,217.0,72.33333333333333,726.0,242.0,0.21164855072463765,0.059130434782608696,101.0,238.0,3.060921201401983,2.0794415416798357,0.3333333333333333,10.0
ADY836HK6QSYR,audit,B00GTC02LA,B00BTISDW4,B007E0FQ1W,093161b1775cb774917eaa6c2c675ca8d2da64ee8fd7ec58629e7602bf2659e9,20.0,700.0,35.0,83.0,1.0,1.0,688.0,34.4,800.0,40.0,0.5263023142789212,0.1827956989247312,689.0,1571.0,4.302848286868883,2.70805020110221,0.0,10.0
AGMONAK82UL7R,audit,B000XCS9U8,B000OQ6YTG,B002C0CZEU,0950bd11c24aca1a8f7ffd58826f1c1f4b3cb606561d0aba5969d529c2eeef1f,12.0,879.0,73.25,84.0,1.0,1.0,847.0,70.58333333333333,2088.0,174.0,0.23858150859952532,0.0709812108559499,407.0,949.0,2.8684271715353145,2.0794415416798357,0.08333333333333333,10.0
A1VMYGQFBRWB41,audit,B0076J9RZW,B005BUG8MS,B001G7OCSM,095a0c0e5b9d468b8aa3305a5059a459c5027dc9f82b3137b25ada04f8df9f45,3.0,187.0,62.333333333333336,83.0,1.0,1.0,183.0,61.0,209.0,69.66666666666667,0.3405016742733773,0.2446043165467626,100.0,239.0,3.345845853552128,2.3978952727983707,0.0,10.0
A27M47L80Y1T95,audit,B005G9E98O,B002RDBL7Y,B0006NY35E,09952b263124658ec3b6a0d4dc962570df56ed1e69423636bd4842c49a501409,2.0,166.0,83.0,83.0,1.0,1.0,158.0,79.0,237.0,118.5,0.22381939048605715,0.20987654320987653,68.0,158.0,2.612873336856601,1.791759469228055,0.5,10.0
A5FTMNR1YPA0U,audit,B001EDHAU0,B004RKP8ZG,B004VYN4LS,099ca8eb5f720ec70b6075de3934504b7d2eed252cc1980db6cc6eb2bfe75a15,5.0,332.0,66.4,83.0,1.0,1.0,324.0,64.8,729.0,145.8,0.2904819018185719,0.07053941908713693,170.0,395.0,2.2408448050588747,1.3862943611198906,0.6,10.0
A1O3ZMBOZ92N0F,audit,B004TSFE6Y,B004TSFE28,B0047EPOZ6,099e46e74cbc6386b16c285943f4230a101b12a49c7e755dfd4f50a097dd800d,3.0,220.0,73.33333333333333,85.0,1.0,1.0,212.0,70.66666666666667,446.0,148.66666666666666,0.2244617858874902,0.12452830188679245,97.0,240.0,3.5778119248627394,2.197224577336219,0.0,10.0
A3SDAUMG9QT2X7,audit,B005JYP854,B001GEEQ90,B000AA5VZY,09b1b2f4a0338b4c41162a4a40dd64a9bd8547d35e79a91a11bab947ee21e5b2,2.0,131.0,65.5,83.0,1.0,1.0,127.0,63.5,203.0,101.5,0.29726416311782167,0.17989417989417988,68.0,158.0,3.9392670980701805,3.784189633918261,0.0,10.0
AAUDARQ8NIGZO,audit,B0011DS3CW,B000QUKAUE,B000NLJFNY,09b1d21b60a6bc58bc632a6335e5e300f200985705003e0e2cee7e84f04b6fd9,8.0,616.0,77.0,83.0,1.0,1.0,598.0,74.75,1021.0,127.625,0.2585561012190122,0.09066666666666667,272.0,632.0,3.6395217813417258,2.197224577336219,0.0,10.0
A3RT748MR44WJE,audit,B002ZNJU7Y,B000PHZ26K,B0032FQSZG,09b5ffe21ac82f667ddea8139b7d4409d2047c2c8220ba621a4fc3c8dfb7148a,3.0,176.0,58.666666666666664,83.0,1.0,1.0,172.0,57.333333333333336,337.0,112.33333333333333,0.3317828034223339,0.1223021582733813,102.0,237.0,2.2444672972791193,1.6094379124341003,0.6666666666666666,10.0
AN0NL8U1I4929,audit,B004600K00,B000X040QW,B001DO9VE8,09d0fb6a5af9763f05c15301ee90421704f0da42a56dd5d8f1d0ca0b7f3ba42c,5.0,347.0,69.4,83.0,1.0,1.0,339.0,67.8,418.0,83.6,0.31366205450733753,0.18888888888888888,170.0,395.0,3.361874216177094,1.9459101490553132,0.2,10.0
AMPGRXQMO89X9,audit,B003GC4GH2,B0001432S2,B001G7PLBY,09f9655acd90ac48975a68b7849f234d623209edd069edabee82895a7183b0c2,8.0,419.0,52.375,83.0,1.0,1.0,411.0,51.375,629.0,78.625,0.3908361366298695,0.12639405204460966,272.0,632.0,2.6304083962389,1.6094379124341003,0.125,10.0
AI20400SAV2FE,audit,B006ZA0A5Y,B004JZRJMY,B0019RVJGC,09ff6f2364cb68056b2a19f4efcbba8f1eccb5bd9977a63733e34ba37aa98c29,2.0,130.0,65.0,84.0,1.0,1.0,126.0,63.0,168.0,84.0,0.3189516129032258,0.2129032258064516,67.0,159.0,1.7776740307447068,1.6094379124341003,1.0,10.0
A2EX4POXBSK3A2,audit,B005XUFU8E,B005O2X8R6,B001MP0T2Q,0a14c5b990b454bccbf7381462f8afadfa56a48d361ee9b3fd22eae5a1a185b3,11.0,587.0,53.36363636363637,85.0,1.0,1.0,575.0,52.27272727272727,891.0,81.0,0.39033162112186376,0.10631229235880399,369.0,874.0,2.8033739776693163,1.3862943611198906,0.36363636363636365,10.0
A354TCYOGONO8U,audit,B0006FMK98,B001DJ9JJU,B0028K3J8K,0a1f0c8d3b9ddb273058930ba2927459293ac83b6ae37fd3fc088c384be1df71,2.0,159.0,79.5,83.0,1.0,1.0,155.0,77.5,333.0,166.5,0.21607690164391197,0.11683848797250859,69.0,157.0,3.6174492101574156,2.9444389791664403,0.0,10.0
A2U6VP21H9UVV3,audit,B00AREI3S0,B00AZIZJIA,B004EDYQX6,0a4a0804e23f73ad95e365105da8fa1920e0a910753d87d8c7efc5e40a76d932,3.0,241.0,80.33333333333333,83.0,1.0,1.0,233.0,77.66666666666667,365.0,121.66666666666667,0.24545941888453052,0.14345991561181434,102.0,237.0,2.109312261243065,1.6094379124341003,0.6666666666666666,10.0
A1K4UFU4G2IRUV,audit,B0063TFLG0,B005C5FP9Y,B004GW8GRM,0a56c17e66ccd80743143aa83d086dca1a7deb7e59c430a5052bd2e1885c15df,5.0,352.0,70.4,83.0,1.0,1.0,338.0,67.6,419.0,83.8,0.33114484232538105,0.19540229885057472,170.0,395.0,3.946447691068438,2.833213344056216,0.0,10.0
A337J7BX0GOZIR,audit,B000KNHJ5G,B0002Z8QG8,B0019LWU2K,0a69869130b43b71e2cef700d6ab37b24d6716c7caf8ae2b77ef2bae6f267a61,4.0,281.0,70.25,83.0,1.0,1.0,269.0,67.25,616.0,154.0,0.2581123473095894,0.11333333333333333,136.0,316.0,3.938061544502869,2.3978952727983707,0.0,10.0
A1E3JL009I161F,audit,B00E7M0OTE,B005Y6F4WO,B0069FDR96,0a76ef6c56af4be7bed21d0a6b162b5b22142558dd14340930194bb61591a5fe,3.0,125.0,41.666666666666664,74.0,1.0,1.0,125.0,41.666666666666664,125.0,41.666666666666664,0.4859175559740532,0.3148148148148148,102.0,237.0,4.635038467447165,3.4339872044851463,0.0,10.0
A2NJSEH07UD6M8,audit,B00AZY5PT2,B004CQXZCS,B000HRVC5I,0a8f649ab047c9ad57d5498c74b6f52728bab32e4efb878e3303368270ba3e48,2.0,129.0,64.5,83.0,1.0,1.0,125.0,62.5,254.0,127.0,0.28274793388429753,0.14049586776859505,68.0,158.0,3.6752580859169988,2.197224577336219,0.0,10.0
A2Z18AWX19K8IG,audit,B0016A8DT8,B000QTFT2Y,B000VUYDJI,0aa32d0591c4352dad067cdb8bb1acf52345a377ce5e8647ab764c0e1c5dc820,13.0,805.0,61.92307692307692,83.0,1.0,1.0,789.0,60.69230769230769,1145.0,88.07692307692308,0.33557497621197563,0.136,441.0,1026.0,3.3105262701446616,1.3862943611198906,0.23076923076923078,10.0
ATAWJYDSR35YC,audit,B003RS8ZYU,B0038TVHGG,B004A8LFJI,0aa9886d024eed4f9994903154bed5ce0500437558e3e0693f3a3d81127212e3,2.0,64.0,32.0,47.0,1.0,1.0,64.0,32.0,64.0,32.0,0.5432098765432098,0.41975308641975306,68.0,158.0,3.208366141256163,2.833213344056216,0.0,10.0
A1WD7ES4QGK9Y,audit,B005JJ4GX4,B004IFOXFQ,B000C235E4,0abae947b127516a5392f746ce66385f68b1f717c3b822e7b19c6d59d54610e9,7.0,531.0,75.85714285714286,83.0,1.0,1.0,511.0,73.0,752.0,107.42857142857143,0.2594624674085913,0.18478260869565216,239.0,552.0,2.3231381996252964,1.0986122886681096,0.14285714285714285,10.0
A186ZAYP2L4CDZ,audit,B00AUFS3L8,B00A46OKFG,B000TG850M,0ac37547b78d0f12e64ed3b335bda66ca818ed8f607674b60012dcce0935cd79,7.0,408.0,58.285714285714285,83.0,1.0,1.0,400.0,57.142857142857146,757.0,108.14285714285714,0.34093174373853685,0.09433962264150944,240.0,551.0,3.837050770052684,2.3025850929940455,0.0,10.0
A3K2G4IIQF54B5,audit,B00508C7O4,B004ZYFG3I,B0059NA3MI,0aca90102665b5d1ee49f5b2a6b7fe459306d78285825e9869401720f6cbc4cd,2.0,122.0,61.0,74.0,1.0,1.0,122.0,61.0,122.0,61.0,0.3647244805781391,0.3148148148148148,68.0,158.0,2.8810256913900885,1.791759469228055,0.5,10.0
A2LZRI8QJH52H3,audit,B001IAINFU,B00028MLG6,B001KYQ0G8,0ae1b7f8016c94dc847ac30390888fe2f0617cc10a6016b6a69bc83aa7ab468f,3.0,161.0,53.666666666666664,83.0,1.0,1.0,157.0,52.333333333333336,329.0,109.66666666666667,0.3531499202551834,0.11929824561403508,102.0,237.0,2.6831423523702314,1.791759469228055,0.3333333333333333,10.0
A22604C1II3OGW,audit,B00FFANXMM,B00IT1HKV4,B00ANJQ8RC,0ae2af8531b48cc2355efc8198a4779d8641293c4ecf6fbc800b8c051d817bb9,6.0,499.0,83.16666666666667,84.0,1.0,1.0,475.0,79.16666666666667,1933.0,322.1666666666667,0.11301344003237386,0.06227106227106227,203.0,475.0,3.251027877566924,2.3025850929940455,0.0,10.0
A2C49175IKF9IO,audit,B00853EKYG,B006Y8N6NK,B002O0D8P8,0ae3835a5e93fb2739f8f1adb8fb69201f5fa0fb49db44996d6b3d679f980ae7,2.0,166.0,83.0,83.0,1.0,1.0,158.0,79.0,268.0,134.0,0.20447467334884556,0.1837837837837838,68.0,158.0,2.736135336835737,2.6390573296152584,0.0,10.0
AK079EHT9OLU4,audit,B00006FRW7,B007JSL1OU,B005WTKB2Q,0ae57a0a397dac954cabda96cefb320f1f7a4dd0964af0bf469daceb83eb0768,4.0,247.0,61.75,83.0,1.0,1.0,239.0,59.75,491.0,122.75,0.3067201162121521,0.11,135.0,316.0,3.8912975744025955,2.5649493574615367,0.0,10.0
A3ILJF5J7V80HZ,audit,B004GJCN8I,B003ONLAXQ,B001RMP7M6,0b0ba79f2aacc09d110b34a4ad9d8b081dd711664feb3a65a091d2298bbea07e,2.0,103.0,51.5,66.0,1.0,1.0,103.0,51.5,103.0,51.5,0.40943661971830986,0.34,68.0,158.0,3.5800346037980635,2.5649493574615367,0.0,10.0
A3G29YZA25BVIC,audit,B003A1W770,B002K4YMIA,B000JWM7FA,0b0f0a784e18d58f07aa801e067f6303731dabaa08e6ac393322984d04077220,13.0,1023.0,78.6923076923077,84.0,1.0,1.0,983.0,75.61538461538461,2133.0,164.07692307692307,0.21791790765492064,0.07456140350877193,441.0,1028.0,3.001972164089793,1.3862943611198906,0.38461538461538464,10.0
A357Z44IOX5N9C,audit,B008VHGW7Y,B007BLN17K,B0031NLHXC,0b1fb94146b7dfdea93dd9dd581e091545a139071c9dc3d6b417f1d56c733a4f,3.0,181.0,60.333333333333336,83.0,1.0,1.0,177.0,59.0,892.0,297.3333333333333,0.2926102594036974,0.04106280193236715,102.0,237.0,3.4697501273198856,2.3978952727983707,0.0,10.0
AQE11S8W3NIIM,audit,B001SZO890,B001JQLNMS,B000KQB0YE,0b2b189a13e9030b2a0e90574eb243153fe28e241a5fed823d7a74f06663f5f8,2.0,89.0,44.5,67.0,1.0,1.0,89.0,44.5,89.0,44.5,0.4685714285714285,0.33,67.0,159.0,2.827995905409926,2.3978952727983707,0.0,10.0
A19JOB1L14QF9Z,audit,B008D5I61Y,B0029MWIQG,B00458EG4O,0b2b47fe826663c2c2a724976d1854515525ec7290ec5d5c34f17d151854b51a,3.0,179.0,59.666666666666664,83.0,1.0,1.0,175.0,58.333333333333336,180.0,60.0,0.38646186440677965,0.288135593220339,102.0,237.0,2.1323098850720488,1.6094379124341003,0.6666666666666666,10.0
A12CKHEQFHOKCW,audit,B002WTC37A,B000F8M9A6,B001NG0TXI,0b30747c41b0bd1c8c3c0aea766283a6c35744893147e779e07a6cdfbdab0a32,2.0,144.0,72.0,83.0,1.0,1.0,140.0,70.0,149.0,74.5,0.3182916307161346,0.2786885245901639,68.0,158.0,2.372466064181625,1.6094379124341003,0.5,10.0
AXM2WE8W5ODYC,audit,B0089TDTU2,B006YQ40ZA,B000TKH6G2,0b32d7d43b6d80a84043098c727072e50cfa79615cf983834c4279b96b21ee53,5.0,342.0,68.4,84.0,1.0,1.0,330.0,66.0,399.0,79.8,0.32025777981173564,0.22818791946308725,169.0,396.0,3.617301432679171,1.6094379124341003,0.2,10.0
ANCOMAI0I7LVG,audit,B00A0J09GG,B00A0J084Y,B002TSA916,0b346505e311be8c302d16de60c4b2df1e291233084372c19b66639b2e0e5ffe,12.0,360.0,30.0,83.0,1.0,1.0,356.0,29.666666666666668,444.0,37.0,0.5477200542314803,0.1691542288557214,414.0,942.0,4.4887869192695495,3.784189633918261,0.0,10.0
A18AMNUNH61JYG,audit,B000C1Z2D2,B004Y4HT2U,B000R87B1Q,0b367748e11152755a149eb748bdf4c1487091efc24edb5e9ba53b7b4ffa87a5,3.0,123.0,41.0,84.0,1.0,1.0,119.0,39.666666666666664,131.0,43.666666666666664,0.5146948158573774,0.264,101.0,238.0,2.686320005923139,1.791759469228055,0.3333333333333333,10.0
A34AGKU14DGF5K,audit,B003ONJH8Q,B003OH2Q80,B003OGYO7W,0b484b978c1155ac273206f15ec85230e9a360e9fb94d9162afd653f25da9647,3.0,141.0,47.0,56.0,1.0,1.0,141.0,47.0,141.0,47.0,0.4290727790727791,0.37777777777777777,102.0,237.0,2.780867226894731,2.5649493574615367,0.0,10.0
AM2ZMWJO4EHEZ,audit,B002OVV7F0,B001UREIFU,B001V3TVEQ,0b539bfc99f574566e9ab646eff424324a0b44a193ea41658ec1ad7b33f009e6,5.0,364.0,72.8,83.0,1.0,1.0,356.0,71.2,447.0,89.4,0.29435747384465333,0.20118343195266272,170.0,395.0,3.893259447433702,2.3025850929940455,0.0,10.0
A2RMXKAQCCHIEP,audit,B0029RA02A,B0073SBJPC,B0002VHBTU,0b5b00f86f462db713d447dd7c8af4a5ac3bf1372cc76d532206e18d27e415c4,3.0,189.0,63.0,84.0,1.0,1.0,181.0,60.333333333333336,206.0,68.66666666666667,0.3832725710180542,0.2537313432835821,102.0,237.0,2.419705376032367,1.9459101490553132,0.6666666666666666,10.0
A25NULQTBLOZDP,audit,B009G0OO7U,B00AO6UKTG,B002GDIKK6,0b8e36e331c9cccaf4c6e7fc809b7c03fd3b03b39d30aa0768f2227716040f50,6.0,414.0,69.0,84.0,1.0,1.0,402.0,67.0,653.0,108.83333333333333,0.28572428906893715,0.14666666666666667,201.0,477.0,2.46598995515911,1.9459101490553132,0.5,10.0
A2IA9SKNDS6ZN2,audit,B00005IBW0,B003U4LGV0,B001E96L2W,0ba8e1d2752e3933bbd7789701e024e34152e904e77faf3ba3db9540ddfae0ed,3.0,201.0,67.0,84.0,1.0,1.0,193.0,64.33333333333333,291.0,97.0,0.3046398046398046,0.20238095238095238,101.0,238.0,3.2434413111756464,2.995732273553991,0.0,10.0
A21TAXN3MHIF93,audit,B006OMHR1S,B005V2LLXC,B005X2F7KI,0bab936b183cfe26c0c330ca6d8485a088898a222cd0aea53759a2afcd813c7e,2.0,166.0,83.0,84.0,1.0,1.0,158.0,79.0,457.0,228.5,0.13453197039553505,0.11041009463722397,68.0,158.0,4.18132121578382,3.737669618283368,0.0,10.0
A3072VKAJZ18X0,audit,B0084A5PSK,B007E5ZEK0,B00006L9KV,0bd34eb90f65af89e6b665719784cec75db81b131d8b707eedcb8878d1a62ac7,4.0,273.0,68.25,83.0,1.0,1.0,265.0,66.25,432.0,108.0,0.2933513558858648,0.16831683168316833,136.0,316.0,2.0035839343248556,1.791759469228055,0.75,10.0
AKC7KN3ZXNJ8M,audit,B000JVA80C,B002WC8E9S,B001ET727U,0bd525687dcc1e961b4a0d298fabb4d803d86ce482b7c27e00167fd7a07196e0,2.0,166.0,83.0,83.0,1.0,1.0,158.0,79.0,307.0,153.5,0.18787371442238698,0.14601769911504425,67.0,158.0,2.0948273710132126,1.791759469228055,0.5,10.0
A3MAROXCKBWMWV,audit,B0009OAI40,B003RF82RI,B00008CMOS,0bda39bae2531c8a11a6b3e790ecbffe57444d107dda880e7751dd1d36ac82f4,3.0,250.0,83.33333333333333,84.0,1.0,1.0,238.0,79.33333333333333,782.0,260.6666666666667,0.13247120098945842,0.07538802660753881,101.0,238.0,2.8342295017377848,1.9459101490553132,0.3333333333333333,10.0
A2SPWQ2N2PJ340,audit,B0032Z1WPC,B002G392OE,B001U9M2EW,0bf90848e6baa339088560f064202c797654eddaab12d038a988c3d8060e69f3,2.0,77.0,38.5,45.0,1.0,1.0,77.0,38.5,77.0,38.5,0.4727656309934791,0.43037974683544306,68.0,158.0,3.4165158663931,2.772588722239781,0.0,10.0
A28VJIAI46PVAY,audit,B000NE6PCA,B002WTC37U,B0009EILKS,0c0a3984eff476bad5a501ef7b65b77fc5c840c6cf28422fce4e85a38675b583,3.0,234.0,78.0,83.0,1.0,1.0,226.0,75.33333333333333,935.0,311.6666666666667,0.20321372900368573,0.04182509505703422,101.0,237.0,3.911061620368192,3.4657359027997265,0.0,10.0
ADU76RMV8KGS0,audit,B000YJ2SKM,B001WAKUIO,B0009V8N5E,0c0a5af858cfd25afa2387da18c9123755cbeb5b6466c5736e814b1cd02541ae,3.0,194.0,64.66666666666667,84.0,1.0,1.0,186.0,62.0,302.0,100.66666666666667,0.31643730873989856,0.1907514450867052,101.0,238.0,2.8320579413973874,2.0794415416798357,0.3333333333333333,10.0
A3IVDLIXVJCRDQ,audit,B00604MSSC,B00639DLV2,B003V21WO2,0c0ca2a28d4252242c9b18429d173b232a041efa8cade03e8c442326c557c27d,4.0,115.0,28.75,36.0,1.0,1.0,115.0,28.75,115.0,28.75,0.5606020739823556,0.4857142857142857,141.0,311.0,4.721542173210769,3.6635616461296463,0.0,10.0
A1DH3QDZX8Z7GO,audit,B00842FL5A,B003C268NQ,B00A0J09C0,0c0d06ed8e4346523c05f6b3e2bbaba467ddc2741d5ddddd9da4d654e534c560,20.0,805.0,40.25,84.0,1.0,1.0,793.0,39.65,1400.0,70.0,0.5040358357172858,0.04796511627906977,686.0,1574.0,3.938070175219181,2.3025850929940455,0.0,10.0
A2ZKNGL20FBK2I,audit,B004H4VQ4Y,B007QOKGPW,B000NYL3NQ,0c1047425d54732d61dc58cb88daa04fd63f6e55dfaaedef3d81fe7aabee13f1,2.0,156.0,78.0,83.0,1.0,1.0,152.0,76.0,164.0,82.0,0.2948785046728972,0.272,68.0,158.0,2.799210979499187,2.3025850929940455,0.0,10.0
A1550Q7HA8WXVR,audit,B000XJ0PG2,B003MJ7Z0O,B0091391DE,0c1cff7beda3485732f09a27ff16c3ac8a38c32e00778e791b97ea1fc7ba9e0c,2.0,120.0,60.0,83.0,1.0,1.0,116.0,58.0,141.0,70.5,0.3626250255154113,0.2463768115942029,68.0,158.0,3.5773076784568314,2.3025850929940455,0.0,10.0
A1L0GP3TFKYV0,audit,B0007W1R58,B003QLRO7W,B000ULJN9S,0c1f6f1d62f1a3feb6973cc6c6234b13ceb0d693b8597977a04e48a3236e5720,3.0,216.0,72.0,83.0,1.0,1.0,208.0,69.33333333333333,322.0,107.33333333333333,0.2764884123310223,0.16113744075829384,102.0,237.0,1.8268796411139971,1.6094379124341003,1.0,10.0
A2DXS93K097REQ,audit,B00IAMTLS2,B00IROPDPS,B00GGH84CW,0c4707e6ef75b9e439a921869072a8ad11146a6846a1951b72f00891dca82201,10.0,837.0,83.7,84.0,1.0,1.0,797.0,79.7,3696.0,369.6,0.0986281056775081,0.06285714285714286,333.0,797.0,3.298786173790437,2.3978952727983707,0.0,10.0
A3KEV3A3TFCDYJ,audit,B000NSQI4Q,B00BKUHJ0S,B00006IV2F,0c6140f50955380130108ed78596315cd971899d9396fc94c8ff103d7e29c6ac,4.0,248.0,62.0,83.0,1.0,1.0,244.0,61.0,433.0,108.25,0.3186618774943446,0.11258278145695365,136.0,316.0,2.7418770991086547,1.9459101490553132,0.25,10.0
A1X52A7EVBGKNB,audit,B000VV1ZMU,B000F8HWXU,B000052YM4,0c6fca7b4382f688e631894ee5033868875d61ce773fbd3aa4dcb085e894aef9,2.0,165.0,82.5,83.0,1.0,1.0,157.0,78.5,458.0,229.0,0.12954726548352047,0.12363636363636364,68.0,157.0,3.8870075386253635,3.7135720667043075,0.0,10.0
A1YRG9XIP9LGH6,audit,B000NMHIF0,B000AM82US,B000HIYE0M,0c7498c252e41c9249deda5d8a1f838121ba68bb7a843836b2ccd56c9b6c7205,2.0,156.0,78.0,83.0,1.0,1.0,152.0,76.0,157.0,78.5,0.30294630128306665,0.288135593220339,68.0,158.0,3.2513950229578117,3.1354942159291497,0.0,10.0
A39PQ39S2JT1QE,audit,B004HCI9JQ,B0019IVEEI,B000PHRIQM,0c887ceaf07037ff16c208be05cb01b34062a92676695ee047753d884b833502,2.0,149.0,74.5,83.0,1.0,1.0,145.0,72.5,159.0,79.5,0.30385826771653546,0.2677165354330709,68.0,158.0,4.353245180973309,3.9702919135521215,0.0,10.0
A3PTS4B0WHTA1Y,audit,B000BKXGXW,B005GHP5UC,B000142OZY,0c8d05cab34d7547b168100727075705ccf7806aa7a065da512630532357de9f,5.0,414.0,82.8,83.0,1.0,1.0,394.0,78.8,845.0,169.0,0.16898967248550908,0.15,169.0,394.0,3.1581182168638735,2.6390573296152584,0.0,10.0
A3PV7BY8K747QE,audit,B005H1525A,B0047F71SS,B00008ZPG9,0c9d598bea1714b0b13d32d8f17e47fdc1235563d8d8ff178c5d605efb23b3e4,8.0,486.0,60.75,83.0,1.0,1.0,470.0,58.75,1030.0,128.75,0.31735199014892246,0.09722222222222222,272.0,631.0,3.2385125509891335,1.6094379124341003,0.25,10.0
A2AKQ4GV4O4WAX,audit,B0084PXVX6,B002RTXF40,B0052GADTK,0c9f87b100252e4f6ecf5ada1ad7e6314fcd27484dddc5cdd508e277d526bf4d,9.0,567.0,63.0,83.0,1.0,1.0,547.0,60.77777777777778,935.0,103.88888888888889,0.31356269803890296,0.12878787878787878,301.0,715.0,2.7132107467535143,1.791759469228055,0.3333333333333333,10.0
A3FCU14867U83H,audit,B004IQA3TU,B002YR2D5W,B0019WFWMY,0ca3edddf0f30fb9e4eef998221b97fd764f291c83022fae478b36fe50e95519,3.0,123.0,41.0,83.0,1.0,1.0,119.0,39.666666666666664,285.0,95.0,0.46269023194495945,0.12186379928315412,102.0,237.0,2.2674649211081035,1.791759469228055,0.3333333333333333,10.0
A2Q8GFSEUSGJ51,audit,B00A0IWTBA,B00A0IWTEW,B003EH20ZO,0cb4135e4665c3397499895e1475e1fc3750f030911aaff88175892d7d9b295e,4.0,122.0,30.5,36.0,1.0,1.0,122.0,30.5,122.0,30.5,0.532162305693656,0.4927536231884058,137.0,315.0,4.444322643575147,3.784189633918261,0.0,10.0
A1ZFKOT9495L10,audit,B0069UA4GK,B0082IY8MI,B002LFNQT4,0cb4822de1a82601077df708eb630ff67f10dacc1becb7ff5ef17915542340e5,3.0,249.0,83.0,83.0,1.0,1.0,237.0,79.0,392.0,130.66666666666666,0.2158162442111048,0.16037735849056603,102.0,237.0,3.1039076620882615,1.9459101490553132,0.3333333333333333,10.0
A2LO1YE4Q0N4F,audit,B00BB8ZIW0,B0040H00PE,B0073P01RC,0cb5cf5f12ab22a72b7fc682293fdf181caa43808c51e0bc380b0bc8d82977d1,5.0,229.0,45.8,83.0,1.0,1.0,225.0,45.0,240.0,48.0,0.4779907013200508,0.265625,171.0,394.0,4.443832593276476,4.143134726391533,0.0,10.0
ANGJ5BUZ1H1DP,audit,B000GCW1P4,B003F2T0M4,B000Q7XDR4,0cc64398e4139442c65615fa3bf29365b1e995e8cace8a7318cb4280705ca8c7,11.0,757.0,68.81818181818181,83.0,1.0,1.0,736.0,66.9090909090909,1807.0,164.27272727272728,0.2796364976495596,0.04398447606727038,374.0,869.0,3.7071858299040503,1.791759469228055,0.09090909090909091,10.0
AM1OZU6FLM6Q8,audit,B005AW82Z8,B004TSF8R4,B00178VX50,0cdd5d58200b7793aa1ccb6338937fb24c3f2214d21cd45c6b8a0a8ba106ffcc,5.0,306.0,61.2,84.0,1.0,1.0,298.0,59.6,542.0,108.4,0.31639025260593084,0.12030075187969924,167.0,397.0,3.310959552797665,1.0986122886681096,0.4,10.0
AVIV7P7F0LHCT,audit,B004TSFE6Y,B004HXXO1I,B0027A7CLG,0ce511b428e8b37b42f3ef6b68a3cd6427675eb1c1b8ed285e8d1aafaf17cc3b,4.0,317.0,79.25,84.0,1.0,1.0,305.0,76.25,418.0,104.5,0.256728778973706,0.18478260869565216,135.0,317.0,2.9607442834471294,1.9459101490553132,0.25,10.0
A22ON1OL9OSD3L,audit,B001UHN0I6,B007Q0WW0S,B001MA0QY2,0ce9ecaaa3417cdda620ad94a34969f3a9032e44d0dcf168d158b3b1bdfa0801,2.0,166.0,83.0,83.0,1.0,1.0,158.0,79.0,406.0,203.0,0.14355192132969913,0.13991769547325103,68.0,158.0,4.78488077079147,4.31748811353631,0.0,10.0
AMAEN1XO8STCN,audit,B002VCJI76,B000ZV1WJ2,B000V04ZLE,0cf8d0cbdadb06b8702e9535dacf7ff1baeb6c9fa045b7ebee6d39c9517743a0,5.0,251.0,50.2,83.0,1.0,1.0,243.0,48.6,358.0,71.6,0.41482179697696936,0.15178571428571427,169.0,396.0,2.944185274337225,1.791759469228055,0.4,10.0
A30TL8A2RWOX91,audit,B001V3TVEQ,B0011294XU,B004A8LFJI,0d02125fb97e82264f52d9e8d83186a3e6cdd2788f48cca1323962bbd5277443,2.0,100.0,50.0,83.0,1.0,1.0,96.0,48.0,101.0,50.5,0.47435897435897434,0.28205128205128205,67.0,158.0,2.5152189606962176,2.197224577336219,0.0,10.0
A1V550JHRI85DC,audit,B0009QZZ4Q,B0002Z8QG8,B006HT0AK8,0d159b1b6faaddb48d1ac2111b7958ba3d0709f3c090f499446814c85b1d8252,5.0,292.0,58.4,83.0,1.0,1.0,284.0,56.8,325.0,65.0,0.37395467753500133,0.2328767123287671,169.0,396.0,3.9429784598379003,2.197224577336219,0.0,10.0
A2VF5YUUDSJSNS,audit,B005K0MRKG,B0058X0JIM,B000GF1E54,0d2c268658ced6b41ef06a74d0e1a0859b82af6bb1aac7ec05c9584c06ba8c11,2.0,166.0,83.0,83.0,1.0,1.0,158.0,79.0,190.0,95.0,0.26549636803874094,0.24285714285714285,68.0,158.0,2.6364997792818734,2.5649493574615367,0.0,10.0
A2YBH7N35IQGVB,audit,B00479FP4Q,B003ZX32ZO,B004RDUILC,0d3ac006f84ef0ef1998f041e1d521bec3b117c2b6af1209f0cb176f9033739b,3.0,184.0,61.333333333333336,84.0,1.0,1.0,176.0,58.666666666666664,528.0,176.0,0.3242104534121341,0.07692307692307693,99.0,240.0,3.5499004846775883,2.4849066497880004,0.0,10.0
A26H9J768DVXT0,audit,B007WFZ0XI,B001AVWSLW,B009JKJMTW,0d47f30f3dc5d95834cba7a8fcb19cde711bca409acbf248c76d33be2bc6664a,2.0,68.0,34.0,41.0,1.0,1.0,68.0,34.0,68.0,34.0,0.5053551912568306,0.4533333333333333,68.0,158.0,2.2154083994216567,1.9459101490553132,0.5,10.0
A39ISGPKMF9X0R,audit,B00AE07BC6,B007JT7ARQ,B0019ZMFYE,0d6c30c8e9bc129c2d1842aee0fa80e8e92356b766778fd86d1d6553c7c76e42,2.0,106.0,53.0,83.0,1.0,1.0,102.0,51.0,779.0,389.5,0.3191581615636048,0.04182509505703422,67.0,158.0,4.015530090120309,3.7135720667043075,0.0,10.0
A3I88L0CTVLT4S,audit,B00397XUIK,B001DKK7Y0,B001MP0T2Q,0d713b82e3a896dbb36be52f19717e19dbe10002b5bc22ed01f078cdfc9f5d4d,4.0,258.0,64.5,83.0,1.0,1.0,246.0,61.5,816.0,204.0,0.3027804093556057,0.08651399491094147,135.0,316.0,3.7132745361986523,3.4011973816621555,0.0,10.0
A321A9K58V0KZQ,audit,B007DGRT3K,B0067F28ZW,B000UVWGGA,0d7af3027c94b5be5b4dd5ee50395eb77f531dcd6bb4b489d0368822a0422a12,3.0,206.0,68.66666666666667,84.0,1.0,1.0,198.0,66.0,397.0,132.33333333333334,0.262831345758175,0.15454545454545454,102.0,237.0,3.961845582735771,3.295836866004329,0.0,10.0
A2FBYE8Y2PLQ2F,audit,B00163JVJQ,B000HJ4INE,B000EBIDIQ,0d84a133a05718df16ee89513d2a7733b433e99c4d947f89bc7027acdbcfb66b,3.0,250.0,83.33333333333333,84.0,1.0,1.0,238.0,79.33333333333333,883.0,294.3333333333333,0.11158451675693055,0.07432432432432433,101.0,238.0,2.7979649916905807,2.3025850929940455,0.0,10.0
A33X2WO55U81KR,audit,B001UREIFU,B004INUWX0,B002MZ8BK2,0d99039eb3ca73fc2c6510c5226eb09e4ed98fabd78ac41d4b0c943635d08e36,2.0,103.0,51.5,83.0,1.0,1.0,99.0,49.5,103.0,51.5,0.4601139601139601,0.2905982905982906,68.0,158.0,5.037542572983553,4.663439094112067,0.0,10.0
A120RH58WVY4W6,audit,B000177FXW,B0068UZBHS,B0002Z81O0,0d9e02bcbca2772349dec90bc55aa0ed0a5247f9759fc2d7f8281a544eed7d8d,15.0,899.0,59.93333333333333,83.0,1.0,1.0,883.0,58.86666666666667,1704.0,113.6,0.3366020115361578,0.06589147286821706,509.0,1186.0,2.2316147324436084,1.0986122886681096,0.4666666666666667,10.0
A1BZFNT0J2AV6,audit,B005EIIAPA,B004BCTAJA,B000UGVVHK,0da123d9702d49993b898a9b8d19c8533e46cdb8846edce615725f8aa3af58d3,4.0,262.0,65.5,79.0,1.0,1.0,262.0,65.5,262.0,65.5,0.34943526404733255,0.3008849557522124,136.0,316.0,3.142241056519819,2.3978952727983707,0.0,10.0
AJKN1OQ368JGH,audit,B002MZ8BK2,B0094GHGQM,B0018S8MZ8,0daba67e1a14017c7c346d2583459d40689a7fdeabfd2f1c24c930b605ba9a3f,18.0,1045.0,58.05555555555556,85.0,1.0,1.0,1017.0,56.5,1955.0,108.61111111111111,0.3613209214316696,0.049062049062049064,612.0,1421.0,2.95216354575298,1.9459101490553132,0.2777777777777778,10.0
A3Q23BJQQ47KU1,audit,B0072XT8BA,B0072XRJ20,B0072XR560,0db56c6c94be379dfb6fd87c1db4d958395ee3dad3c38855ae67ea0071ecba70,2.0,33.0,16.5,17.0,1.0,1.0,33.0,16.5,33.0,16.5,0.6733333333333333,0.6666666666666666,68.0,158.0,4.369127288263061,4.343805421853684,0.0,10.0
A2U5IUJRVAL197,audit,B0006Q01WK,B008B9PVJC,B0007NIRUU,0dc4b9bde65afacc870a35080ed7d76069fc21bc084373702a700b5c99ab1523,5.0,260.0,52.0,83.0,1.0,1.0,252.0,50.4,406.0,81.2,0.3899674687529809,0.15246636771300448,171.0,394.0,2.1748532939388703,1.6094379124341003,0.4,10.0
A2PWQHMGFA9DOY,audit,B000BIXP62,B001AHAEZ8,B000FKJYV6,0dc5821493607907f0c6b39fce0796fa1caaec6af0665ad4aece4372dbddb3fd,2.0,57.0,28.5,38.0,1.0,1.0,57.0,28.5,57.0,28.5,0.5531490831783151,0.4647887323943662,67.0,159.0,2.3269801750787615,1.9459101490553132,0.5,10.0
A1X04ZHA5XGTUD,audit,B00BNRV6JS,B005C48ZL0,B005GMYQ1Q,0deacf7302aef5ea76581e4671893d6074bd86e5bd09bb95c1fceefb1c353e4a,4.0,332.0,83.0,83.0,1.0,1.0,316.0,79.0,856.0,214.0,0.1736437358139587,0.06759443339960239,136.0,316.0,2.484230582155591,1.3862943611198906,0.5,10.0
ASJZT7DM51QEM,audit,B005TI7LB4,B0052BHMOO,B000V2DLJO,0dfa87deb0a4a7cd8cc4af1af09cfc2e2261e85fd420d2c4b303d5a5a6987e69,9.0,530.0,58.888888888888886,83.0,1.0,1.0,510.0,56.666666666666664,1853.0,205.88888888888889,0.3201174272980287,0.043373493975903614,311.0,705.0,4.267500452467685,3.8712010109078907,0.0,10.0
A2V88S5O9I4EJ4,audit,B004BCT950,B003TQTFVW,B001O1XUDI,0e0f52ae0d1479c7e0a5aa9b9e94baea15fd3c94f895767eeb5319a66a6d3885,4.0,256.0,64.0,83.0,1.0,1.0,252.0,63.0,331.0,82.75,0.35785108213809924,0.17708333333333334,136.0,316.0,1.9702010861687251,1.791759469228055,0.75,10.0
A3R6218V6A2K30,audit,B00021DG80,B0045K1N8E,B003VMTZ8C,0e14ef3004b9eede1e1fe25aaaaaa74ccff83041fd45f4b9c66c206970fa7683,3.0,251.0,83.66666666666667,84.0,1.0,1.0,239.0,79.66666666666667,341.0,113.66666666666667,0.22515356694122576,0.21710526315789475,99.0,239.0,3.5892984475102008,3.1354942159291497,0.0,10.0
A3IM1HWIH6Y985,audit,B002QANC2A,B002DOO1VA,B002BGDLDO,0e1c615e94cf1ebbbb14e6540f77efe16f2241e3a667ceff8c0ef0f90d354a28,2.0,131.0,65.5,83.0,1.0,1.0,127.0,63.5,807.0,403.5,0.22875465198535969,0.04287515762925599,68.0,158.0,4.150884881558582,3.3672958299864737,0.0,10.0
A23355NW4K0V8M,audit,B002DOO1VA,B004RDSISC,B001C6H6F8,0e379687554669c747a51173bf52a9e271d96c411ae0651eaf069ab9e7df8c9e,10.0,751.0,75.1,83.0,1.0,1.0,731.0,73.1,2862.0,286.2,0.21176635179172482,0.04415584415584416,340.0,790.0,3.1080750285983987,1.791759469228055,0.3,10.0
AH90Q6303NPGS,audit,B000KPZ7SK,B001JQLNMS,B004Z67NSM,0e4d5cee70db47f5501fe6924ce8dfb0de4d39011c6f2d65eb8b3fa6bfff720b,2.0,105.0,52.5,83.0,1.0,1.0,101.0,50.5,421.0,210.5,0.34283239854833386,0.07852193995381063,68.0,158.0,3.329646959841819,3.2580965380214817,0.0,10.0
A21OZ5Y7WSBW39,audit,B00631UQH2,B005C5FP9Y,B000NSQI4Q,0e54e9e2696d646400742cc4d71d2a549a29e91ff02aeebf2c35fea621dae987,2.0,118.0,59.0,83.0,1.0,1.0,114.0,57.0,175.0,87.5,0.3440779610194903,0.19540229885057472,68.0,158.0,4.285840688350154,4.007333185232471,0.0,10.0
A214DG8Y09M3W9,audit,B000NJE40K,B00CXDVRU4,B00012NEYG,0e5b06d845a39ea40c60f1db42afbac926019c3bb2857cae29d0a8f3d9f5ed23,4.0,332.0,83.0,83.0,1.0,1.0,316.0,79.0,960.0,240.0,0.1634733597381018,0.07234042553191489,136.0,316.0,3.0324706267930317,2.197224577336219,0.0,10.0
A21X1L29DSTF8P,audit,B005SJSQIG,B002WTC37A,B0039NMCPG,0e64993e7053cd5f0e768975ff4adb4a7918f3341db8291fad5572445f288794,4.0,268.0,67.0,83.0,1.0,1.0,256.0,64.0,514.0,128.5,0.30152847476363354,0.11846689895470383,136.0,316.0,3.3218338239657923,1.3862943611198906,0.25,10.0
A165SAZZONY1P4,audit,B002NMI4AG,B002HPFILC,B00021BEXY,0e6dbbb6bb8733e5342ac15f4bb7caed24b62205351fb1e15936dd27a8577a85,2.0,144.0,72.0,81.0,1.0,1.0,142.0,71.0,144.0,72.0,0.3230838189152846,0.2956521739130435,68.0,158.0,1.844439727056968,1.6094379124341003,1.0,10.0
A1M7Y63Y5GYJI1,audit,B00GTBZXA6,B00BB8ZIQQ,B004INQ65S,0e7f1ec350d55d9f3e9b423d814c0f034f876d5fe4ef348a72ecdb700cf06d07,5.0,114.0,22.8,27.0,1.0,1.0,114.0,22.8,114.0,22.8,0.6010536960258873,0.5645161290322581,171.0,394.0,4.190755155375181,3.6635616461296463,0.0,10.0
A324R4EOBKSZTT,audit,B0051E3426,B001U02HNC,B00016XJ4M,0eae66312d5ebbd0ebd753e71c5f48a66f45f3667df73a488d83b9755fe1abaf,2.0,163.0,81.5,84.0,1.0,1.0,159.0,79.5,555.0,277.5,0.182858980823061,0.06483300589390963,67.0,159.0,3.6632328069201607,2.0794415416798357,0.5,10.0
ABL5N746O7ZBX,audit,B002L6PWZO,B003XFKACM,B0027TZPVQ,0eb4818efe6759d2f09d01501f963473e6a48bc60551d38c56321fb5871a8954,5.0,387.0,77.4,84.0,1.0,1.0,375.0,75.0,1072.0,214.4,0.22793096605834542,0.0480225988700565,169.0,395.0,2.6040395505286043,1.791759469228055,0.2,10.0
A3U52V5ZAHZZKU,audit,B00GMZUS2M,B00AE07932,B001A5S3BM,0eb83042c7ed79e09547c5d731f94548acf349810e3068ad8c0fa40b2319a45c,6.0,330.0,55.0,83.0,1.0,1.0,318.0,53.0,735.0,122.5,0.3819942989513856,0.06786427145708583,204.0,474.0,4.71889052100975,4.174387269895637,0.0,10.0
A2SG5RI4UCH3E8,audit,B008PEXV3Q,B008SPOKIW,B0084PXVX6,0ebd6608fda2578090f234b374006c724d3e94acb67fbd0810df06bc0b9e6c85,12.0,768.0,64.0,84.0,1.0,1.0,744.0,62.0,1485.0,123.75,0.3027196255461427,0.08037825059101655,406.0,950.0,3.3471288418360943,1.791759469228055,0.25,10.0
A15DUGCNZZPBJ3,audit,B004KPYWM8,B004D1NSVK,B001B9BDPA,0ed525f01121907254ff6fb78adaf23365fb11836c4b5c0a00040d2254417d87,2.0,114.0,57.0,83.0,1.0,1.0,110.0,55.0,156.0,78.0,0.3684567005321723,0.2138364779874214,68.0,158.0,2.433767225227791,1.6094379124341003,0.5,10.0
AV34KNYW82YSS,audit,B00KNIL36E,B00KH6F6TM,B00I4ZERGG,0ed6474f7901eec2296c2b977ade4e47b27bd5fe722f50603d9197eb826665be,20.0,1665.0,83.25,84.0,1.0,1.0,1585.0,79.25,7780.0,389.0,0.08541143384344504,0.06284658040665435,674.0,1585.0,3.149421702710859,2.3025850929940455,0.0,10.0
A2QQ4B0CW79Q1J,audit,B003ODETES,B002VD66RA,B000VI1186,0ed88db21978fc21b29265d8ce2850006b4cac181316c8d8f5ea3f98970720da,2.0,100.0,50.0,76.0,1.0,1.0,100.0,50.0,100.0,50.0,0.4444795950648529,0.30275229357798167,67.0,159.0,2.7276605576788504,2.197224577336219,0.0,10.0
A32GCOTGFJ9XC3,audit,B00GUC7XAW,B00CHJDSUG,B0027A7CLG,0ef0f5301694c5a0ceed9646fa9106b180f532096130119cfe94396dbbde0ac9,20.0,1034.0,51.7,83.0,1.0,1.0,1002.0,50.1,2763.0,138.15,0.37630880305169495,0.04934687953555878,691.0,1569.0,4.161669196041796,3.3672958299864737,0.0,10.0
A1806K4AD7LM0W,audit,B00AG48B9M,B004KXLIVS,B008Y03O7E,0f185027703564cb7b3be0eff715f4d6c927a8084f002254fd09ed8b7b2bf336,9.0,706.0,78.44444444444444,83.0,1.0,1.0,686.0,76.22222222222223,1264.0,140.44444444444446,0.24256241238958293,0.07439824945295405,306.0,711.0,2.1102886839655337,1.3862943611198906,0.6666666666666666,10.0
A2QPGUPMI6ZDY0,audit,B0015Z5BU8,B003Z4QGRE,B000BZ4YB0,0f1e031a8703d3d6d917ab09d2d78b7b9f4af3fe5a3809e0eb5955e1ed969562,2.0,142.0,71.0,83.0,1.0,1.0,138.0,69.0,396.0,198.0,0.2286178013506072,0.09164420485175202,68.0,158.0,2.04717228111105,1.791759469228055,0.5,10.0
A2WUEH29HQWJUP,audit,B00B1ZPFT4,B007O7AZBG,B002B4GGUG,0f262f8c26fe8a2258bf965d640045bf9ede27af4b45e9d8dbec06d74b7907a1,20.0,1284.0,64.2,84.0,1.0,1.0,1252.0,62.6,1927.0,96.35,0.3108084586591028,0.1198501872659176,671.0,1587.0,3.253013752617717,1.6094379124341003,0.15,10.0
A24ZY35A461V15,audit,B003SSO0O8,B000VF5WVG,B000S0CKRS,0f26d70a7377e7512c6eaaa489dcc1723ee270a76972a3c502a42b1f75d28e75,8.0,446.0,55.75,83.0,1.0,1.0,442.0,55.25,559.0,69.875,0.37562126958252007,0.14782608695652175,272.0,632.0,2.1382365716607046,1.3862943611198906,0.625,10.0
A1WCB3PZH16KVA,audit,B0089AA8RS,B005Z2X5JQ,B003W5YCVI,0f3982b8baee865da00e1b06cab03bf5441b19be8ebffa3d6f3ac9a89fda6f39,2.0,112.0,56.0,83.0,1.0,1.0,108.0,54.0,131.0,65.5,0.3948412698412698,0.25,68.0,158.0,2.8173948015846246,2.6390573296152584,0.0,10.0
A17JLYU3GTERHZ,audit,B002QI1E9K,B001TJXI5U,B005T4CNIO,0f4abea844bd2192fb3ca671a950c2800ad15fc6743433d2949b9c8d902bb5a1,14.0,962.0,68.71428571428571,84.0,1.0,1.0,934.0,66.71428571428571,1696.0,121.14285714285714,0.30447313649639635,0.059130434782608696,474.0,1108.0,3.0863616394804727,1.791759469228055,0.14285714285714285,10.0
A1VNDWJ9PGZBHK,audit,B0013KA0BA,B000KFBAO0,B0012K3RFM,0f5a59dd1831da685d2fa5896576a62b2dbe860d3f81d52cf713e73f61a700fc,16.0,1122.0,70.125,84.0,1.0,1.0,1090.0,68.125,1488.0,93.0,0.30822176311833127,0.10828025477707007,544.0,1264.0,3.8400933788416487,1.6094379124341003,0.0625,10.0
A3U5HKDHPYBAK3,audit,B006RFZ66K,B005XIM6J2,B00005304H,0f6425ef39dd66b6d8388708f2b448b145fbf2247a4b92f14cf018ce594f43ed,3.0,138.0,46.0,84.0,1.0,1.0,134.0,44.666666666666664,399.0,133.0,0.40319865319865317,0.0873015873015873,101.0,238.0,3.960114168480287,2.9444389791664403,0.0,10.0
AXB7B5D0C9OKJ,audit,B00355G1N2,B001U9M2EW,B006QO4BRM,0f7c29ee7a55c2e094f4d058fd959b30c7136d30e162bfe1cb4e42a3143fb022,2.0,115.0,57.5,83.0,1.0,1.0,111.0,55.5,213.0,106.5,0.336645525017618,0.15813953488372093,68.0,158.0,3.9862330079872823,3.912023005428146,0.0,10.0
AOB3KEJZ86V3Q,audit,B0055JCZJK,B0012J30LY,B000052YOR,0fa3715d87d0fa7db01d6ae0d0ce2886c120d7bc9c8f06a6207063e5092edb9f,4.0,258.0,64.5,83.0,1.0,1.0,254.0,63.5,316.0,79.0,0.3455564215547891,0.19428571428571428,135.0,317.0,3.642016405103189,2.833213344056216,0.0,10.0
A3M237ECUXDH31,audit,B00HEQKY7M,B00HD4F8DK,B0019SWVBI,0fde1bbbf67b267af19880d638702b9a52036fe9e689ba7f63ab2494f216efb8,7.0,535.0,76.42857142857143,84.0,1.0,1.0,511.0,73.0,1484.0,212.0,0.19889895273446995,0.07203389830508475,237.0,554.0,3.129910780643648,2.197224577336219,0.0,10.0
A14R9XMZVJ6INB,audit,B0089JVEPO,B005AYJ6EW,B000UPXU2A,0fe1e5ac324be0469311f8b9859e06417712bae584344d6cc65a38bc25efcff3,15.0,836.0,55.733333333333334,84.0,1.0,1.0,808.0,53.86666666666667,3133.0,208.86666666666667,0.3486106876558525,0.039951573849878935,509.0,1186.0,3.835457008795309,1.791759469228055,0.06666666666666667,10.0
A2LBUY6PLHYP86,audit,B000V8I38M,B007N19DDE,B001FYXA6G,0fe620d5850a34c5ab1d951565b10716318e15b0c54128e9a0ee1ae416c64ffa,3.0,249.0,83.0,83.0,1.0,1.0,237.0,79.0,679.0,226.33333333333334,0.17197263562141382,0.07234042553191489,102.0,237.0,2.1289597731208816,1.791759469228055,0.3333333333333333,10.0
A3KMT39SPJ3TOP,audit,B0030HAE2Y,B002WTC37A,B0039UT9QE,0ff79a8ce6c5aacb93704f65cc609bbc23b3509eb5ba04ebdf14ba28af312d9a,8.0,584.0,73.0,83.0,1.0,1.0,564.0,70.5,1203.0,150.375,0.2507135459692083,0.07234042553191489,272.0,632.0,3.3989749167622074,2.3025850929940455,0.0,10.0
A1O2KFXOG6SEBJ,audit,B00FIUQ498,B00ATWDTIE,B001DYM62C,0ff85abb9b93ae80faf515936e163ffe4e846f51d1f3803708428b6ba482982d,4.0,211.0,52.75,83.0,1.0,1.0,203.0,50.75,261.0,65.25,0.43136659019659807,0.23943661971830985,136.0,316.0,3.172818180414298,1.6094379124341003,0.25,10.0
A259F7HT9EM7T3,audit,B000BKLCDS,B009RNUH7C,B0039Z7L5A,10076fc11f73d00de29f20379995e38064b46387783563eef47584bf2f408c39,9.0,552.0,61.333333333333336,83.0,1.0,1.0,540.0,60.0,713.0,79.22222222222223,0.34645786391908273,0.17346938775510204,306.0,711.0,2.7705652742246474,1.9459101490553132,0.1111111111111111,10.0
A3776672XMVIDO,audit,B0025N244K,B001YTD3G4,B0039NMCPG,1008baf36e2bf64491ba77bbf63cf7fd636283b223264ef7913f9215b78a3460,6.0,316.0,52.666666666666664,83.0,1.0,1.0,308.0,51.333333333333336,550.0,91.66666666666667,0.38248339541134063,0.12014134275618374,204.0,474.0,2.713302403402236,1.9459101490553132,0.5,10.0
A1RRR2F5R618DX,audit,B000CED0VK,B001AL4DBA,B00198ZOU8,1027d6a6734907b254291296d6f8af9b9def8409d319501442058587cc25ef07,2.0,114.0,57.0,60.0,1.0,1.0,114.0,57.0,114.0,57.0,0.37403288201160545,0.3617021276595745,68.0,158.0,3.8267474548306266,3.4339872044851463,0.0,10.0
A1JOSG34UV7LK7,audit,B000R92XIG,B000OYHN2K,B000TAA9Q6,102b309af8849ea563c1470e2b97f11646ee5e5df8e9c8a600756ded9247b966,4.0,289.0,72.25,83.0,1.0,1.0,281.0,70.25,336.0,84.0,0.2995920970749346,0.22972972972972974,136.0,316.0,2.662780729595036,2.3978952727983707,0.0,10.0
A29XGWZPJNI1HF,audit,B001V3TVEQ,B000UGVVHK,B000ZV3VJ6,103353656f126a01285ee630eb22df30153a55a2bcc6f4ffb3f7ebc1c2124a7c,9.0,464.0,51.55555555555556,83.0,1.0,1.0,460.0,51.111111111111114,514.0,57.111111111111114,0.40150426996450705,0.20359281437125748,301.0,716.0,3.2920696449400007,1.9459101490553132,0.1111111111111111,10.0
A2RM9L2MM9EQVE,audit,B004H6SHYO,B00028LN1K,B00005A9WP,10570ba1201dd56e1d96dcce64b89d1f1d03455bee859a7afee5ddea5aae0185,6.0,389.0,64.83333333333333,83.0,1.0,1.0,377.0,62.833333333333336,691.0,115.16666666666667,0.29661589444898256,0.1259259259259259,203.0,475.0,2.87537681283564,1.6094379124341003,0.16666666666666666,10.0
A2G1L1KWIHNQFI,audit,B00347FTXE,B002HEHNC0,B0018P2ZEA,106b0750b2800265e3ac6688e7053a9aaab0c09ebfa93a53a1fe596233465f0f,3.0,236.0,78.66666666666667,83.0,1.0,1.0,228.0,76.0,977.0,325.6666666666667,0.15580949083326867,0.06427221172022685,102.0,237.0,1.8184403717859006,1.0986122886681096,0.6666666666666666,10.0
AV81ARMREH879,audit,B00AQ8JY3U,B0068Y6CA4,B002TPQPEE,106b2f8f187f8c8bc698f859012896779a08c534050b399cdef6537c42b4c9f9,11.0,821.0,74.63636363636364,84.0,1.0,1.0,789.0,71.72727272727273,2272.0,206.54545454545453,0.23069559809693,0.04336734693877551,373.0,870.0,3.4530362746149508,1.6094379124341003,0.18181818181818182,10.0
A22XGVAAD5WCNS,audit,B00BB8ZIRK,B006RFZ8NG,B000VOPI4S,106ca971b22b2aafdb2123208d31fb6468a74f876d354f57c5c7e7c00b9fe4c9,4.0,294.0,73.5,83.0,1.0,1.0,286.0,71.5,407.0,101.75,0.2733050091440296,0.18085106382978725,136.0,316.0,3.3198930583458015,1.791759469228055,0.25,10.0
A2046U7VYT9GQP,audit,B0086LC0WG,B005PZ2PNK,B004K0CRIY,108789b5554e50a6abd5865a200e3e1565478e37df753aacf5d9ded1108a0612,12.0,856.0,71.33333333333333,84.0,1.0,1.0,824.0,68.66666666666667,1641.0,136.75,0.25357325919849877,0.09659090909090909,407.0,949.0,3.0137676910994373,1.0986122886681096,0.25,10.0
A10T4A0EV3YH6U,audit,B0034RSNCS,B002QASVFS,B0019SWVBI,10a5a7bf124f27094cd112ce1ee30e35cb3c8c0ef5ff9937524b381908e62ab6,4.0,165.0,41.25,84.0,1.0,1.0,161.0,40.25,193.0,48.25,0.4846070109078114,0.22758620689655173,135.0,317.0,3.103350959457039,2.197224577336219,0.0,10.0
A33W4M1SMV6NDK,audit,B008USRW4Q,B004WC2H8A,B0067H6FW2,10b8cc3e67a6c61998dd385ae2dcddcbb7e698780ffbf7bfb7e109cc1854af75,11.0,797.0,72.45454545454545,85.0,1.0,1.0,777.0,70.63636363636364,1138.0,103.45454545454545,0.28225043029582975,0.10738255033557047,372.0,871.0,2.5091484586781756,1.791759469228055,0.36363636363636365,10.0
ASSHPKQBFZPB5,audit,B000XYD7CG,B002QF4UYY,B000F8FZAC,10bdfa39e3f8c0423444ae8470db641beed8ebe7420aadfa261a99430111afb1,17.0,1135.0,66.76470588235294,83.0,1.0,1.0,1099.0,64.6470588235294,2384.0,140.23529411764707,0.2818489956299075,0.06398537477148081,576.0,1344.0,2.8038488338938197,1.9459101490553132,0.11764705882352941,10.0
AI4W3UJ2TJKR6,audit,B003GLJ6PA,B003CFB8OM,B0009OMNGQ,10dd653797da3572ce83dfaf0b3058d26d31fb1be6417181f72163d9c7be0525,5.0,242.0,48.4,83.0,1.0,1.0,238.0,47.6,387.0,77.4,0.3979468836612375,0.1297709923664122,169.0,395.0,1.9576153402049599,1.0986122886681096,0.4,10.0
AFSKH7FHC2CBK,audit,B007N3F1YM,B00AFCP76A,B000G1MT2U,10de7c57687d2e5bf915574a6e38ddee70d0415819c2f543a7a3da41630e785b,4.0,285.0,71.25,83.0,1.0,1.0,277.0,69.25,345.0,86.25,0.3026223128243143,0.2236842105263158,135.0,317.0,2.1814580141318913,1.3862943611198906,0.5,10.0
A3M39UP0CZ7RZS,audit,B008QMWVP6,B005FKAQ7M,B003BQ6QXK,10f8fe19045d4e387551c2acd5639a1d0ae4454ba4d02f65a2054492b7293866,2.0,119.0,59.5,83.0,1.0,1.0,115.0,57.5,384.0,192.0,0.29098149104048376,0.08900523560209424,69.0,157.0,3.194280702772815,2.833213344056216,0.0,10.0
A3109GVVH6E4Z4,audit,B008AIMY0S,B005F4DIKU,B000EE803Q,1120a213d5c928ba34da47d413d92f71e567a13c879a3a83d397a978cf67cba4,6.0,360.0,60.0,84.0,1.0,1.0,352.0,58.666666666666664,751.0,125.16666666666667,0.33233807854250735,0.06967213114754098,203.0,475.0,2.7557873032686966,1.791759469228055,0.5,10.0
A3S4TEBT3HRVIM,audit,B00FRZ1DS6,B006KTTGC8,B00AMKSWXK,112d3713a3691e8e5e696c4d2497cb188c6d028a6b4db3fe88e364e014c8f6b3,2.0,169.0,84.5,85.0,1.0,1.0,161.0,80.5,393.0,196.5,0.15176798181855408,0.11418685121107267,65.0,161.0,1.868834809141684,1.791759469228055,1.0,10.0
AG10TDQ1PI6JR,audit,B0096YQT6U,B005UBN2AO,B003L63UZM,11412f305ec46e52da924b2e00a42b3b6dfd1093720ff7c7f135e2f44e3518d1,5.0,331.0,66.2,83.0,1.0,1.0,319.0,63.8,473.0,94.6,0.32211252767884957,0.17708333333333334,169.0,396.0,2.84890718609629,1.6094379124341003,0.6,10.0
A2F23QT3T03LLB,audit,B000NJG82W,B00BLDCXOQ,B007K6MIKC,114604b08ed02c08558378ae7dd50c38a6ef33805bf28e6c39db457a3eb46aa8,6.0,492.0,82.0,84.0,1.0,1.0,472.0,78.66666666666667,2077.0,346.1666666666667,0.14294336245889985,0.039951573849878935,203.0,475.0,2.4119816690553337,1.6094379124341003,0.6666666666666666,10.0
A3LQXZYW45VAKG,audit,B003HYMGJO,B001TJXI5U,B002TPO0W8,1172079ea369835fcb8fcda5d9cc1208a14c658df8173d8f5dd19fe4c89b65d7,3.0,187.0,62.333333333333336,79.0,1.0,1.0,187.0,62.333333333333336,187.0,62.333333333333336,0.3655784892627958,0.3008849557522124,102.0,237.0,3.999637721862926,3.2580965380214817,0.0,10.0
A2KECWBFMXQLZH,audit,B004HJ1QGC,B00871KO7S,B004DBXLNU,1182243588eb762157f10efd986c6b0e914e27982d62cfcb31cdc0db3169e73c,5.0,285.0,57.0,83.0,1.0,1.0,277.0,55.4,321.0,64.2,0.3839273352131447,0.25,170.0,395.0,2.4525661958697564,1.3862943611198906,0.4,10.0
A3NMT0XES7THFR,audit,B001P95NSO,B000FH4I1U,B000FBF58G,1188ba7c82dfee976ba7c7431777f0bb426a2ab770fc7eca91ec89915876f44c,14.0,935.0,66.78571428571429,83.0,1.0,1.0,911.0,65.07142857142857,1134.0,81.0,0.32371447138097426,0.19653179190751446,475.0,1107.0,2.728944513054556,1.3862943611198906,0.2857142857142857,10.0
A2HT4BG5PR16TG,audit,B003AVNLLG,B00E7M0OTE,B000GX9HIW,118c2e16f6cca196277db487c618dd31491b9cee5bfabd10c38868d2aeb5b6f1,13.0,919.0,70.6923076923077,84.0,1.0,1.0,892.0,68.61538461538461,2190.0,168.46153846153845,0.2762477118327316,0.04221954161640531,440.0,1028.0,3.2631076539929396,1.9459101490553132,0.07692307692307693,10.0
A38HE8S1KV94RC,audit,B004I79FLG,B0034KSQ1I,B0009OAGRE,1192ab7e9c7db62f8c7809e1aa66be9486ec33b80ea342c833cbcf3359ad5215,6.0,386.0,64.33333333333333,83.0,1.0,1.0,370.0,61.666666666666664,1237.0,206.16666666666666,0.2944302745072558,0.04398447606727038,204.0,474.0,3.5367976186244907,1.9459101490553132,0.16666666666666666,10.0
A20Z93LY85SH2R,audit,B0047PSV14,B000HEIRRM,B001LNTNGC,1197ae518f7789f701b30bf075de45aa6277b69bd84635665f13fdd0651101b4,5.0,276.0,55.2,83.0,1.0,1.0,268.0,53.6,314.0,62.8,0.39933100999074744,0.24817518248175183,170.0,395.0,2.4840584997646684,1.0986122886681096,0.4,10.0
A2JLVMIGLOH5SV,audit,B0032PQPWW,B007V685H6,B0061YRVOC,11adcb17229dc25a0043a8836c2fac7e95698ad8aed79d82ee4847ae102f112e,5.0,371.0,74.2,84.0,1.0,1.0,359.0,71.8,520.0,104.0,0.28414450731571356,0.12840466926070038,168.0,397.0,3.6970713711247845,1.791759469228055,0.2,10.0
A3894K34ZYG2I1,audit,B003VMOZE6,B006IBM21K,B001MP0T2Q,11d6bfdf0ffb65fd457f933bee393cc300d977b3f6cc64ad25040e8899739a0c,6.0,300.0,50.0,83.0,1.0,1.0,292.0,48.666666666666664,361.0,60.166666666666664,0.4469031982341756,0.19428571428571428,203.0,475.0,3.601252545150482,2.197224577336219,0.0,10.0
A1OL27W1XKZLAO,audit,B006OHM11Y,B0046D754G,B000A3ZN7W,11defae7f33e619ede33cf23f1caa6d67d46d28d7c7b56a04625f5c972870310,5.0,344.0,68.8,83.0,1.0,1.0,333.0,66.6,434.0,86.8,0.30896349727554073,0.20481927710843373,171.0,394.0,2.4743174168015494,1.6094379124341003,0.4,10.0
AQZ4PHIEEV5N5,audit,B006L2137A,B003JA3KSW,B001LF4G6W,11ef77569cea10c33b2a83df7ae359ae9fbfdcd7ede95b4a0860f32c4423c39d,4.0,215.0,53.75,83.0,1.0,1.0,207.0,51.75,334.0,83.5,0.3918305186169766,0.15813953488372093,137.0,314.0,4.093944241880357,3.6635616461296463,0.0,10.0
A20XZIRZZDN6LY,audit,B001C2NF5M,B004VMGU98,B0009MHJS0,11f6c0f6e89a0c04c70252cbc393268ec57092f1274c6fc7ba6ae2897b6782e5,3.0,249.0,83.0,83.0,1.0,1.0,237.0,79.0,681.0,227.0,0.14772834781112928,0.09659090909090909,102.0,237.0,2.4147425052011164,1.6094379124341003,0.6666666666666666,10.0
ADSGTFCB92FWY,audit,B003ZBL820,B0031NK6J8,B003JT4UN2,1208818109e10dfa4d11dcf89036483724027fb7c2d99aba040e8d0671c2011d,7.0,406.0,58.0,83.0,1.0,1.0,398.0,56.857142857142854,519.0,74.14285714285714,0.3592882341319683,0.15246636771300448,238.0,553.0,2.5752030594164093,1.791759469228055,0.42857142857142855,10.0
A3OY4BCGSM4E8C,audit,B000U0CAYY,B000TDG2PU,B0030VT7XW,1214ce94d37063918ce9a854bf790959fb131b4a03328b836b7d43b30ac79d25,2.0,111.0,55.5,84.0,1.0,1.0,107.0,53.5,204.0,102.0,0.3552435485136089,0.15311004784688995,66.0,159.0,2.6364997792818734,2.5649493574615367,0.0,10.0
AB75PPWCTK307,audit,B006L2137U,B006L2137A,B004DBVQ9G,12172124292af7d3c6a79c062a269b536d73d4707059c4c06eef8628f817c1b5,3.0,77.0,25.666666666666668,30.0,1.0,1.0,77.0,25.666666666666668,77.0,25.666666666666668,0.5738520913866587,0.53125,103.0,236.0,2.803944225252804,1.3862943611198906,0.3333333333333333,10.0
A2QXZOXHI71VGX,audit,B0000535RC,B00127S53E,B0000535RD,122e094ac6c9b601d1978d06bd662fc825518706290bcf231d57f685d81cc098,2.0,166.0,83.0,83.0,1.0,1.0,158.0,79.0,214.0,107.0,0.2438949938949939,0.21794871794871795,68.0,158.0,2.9553983220202635,2.197224577336219,0.0,10.0
A1EX5SK2PD0XLC,audit,B00639DLV2,B000P6BRHY,B0063A432W,1232d52b97c3ec6c3181e21f41b78807a2c86c786013a30800e6c692f9de7159,3.0,156.0,52.0,83.0,1.0,1.0,152.0,50.666666666666664,162.0,54.0,0.413138728426758,0.2764227642276423,101.0,238.0,4.235555366243305,3.58351893845611,0.0,10.0
A1Q0BOMFGIW6Y4,audit,B00JJ3QMFQ,B00JGCU60W,B0057UR38A,123597650e0ae8b8dfa0a6c43114384fdeff1f0840c3b3bfed6cbdb29304a6f1,6.0,407.0,67.83333333333333,84.0,1.0,1.0,391.0,65.16666666666667,660.0,110.0,0.2877380296118636,0.13675213675213677,199.0,477.0,2.9455120514909523,1.3862943611198906,0.16666666666666666,10.0
A1VKR4HCVDFN9F,audit,B000PUGDYM,B003SDIL7U,B000QB77NQ,123f4060a933ad185554cf4cba577197ae45ed0a2920c7af693376a2d2953621,3.0,216.0,72.0,83.0,1.0,1.0,208.0,69.33333333333333,338.0,112.66666666666667,0.26104315334278666,0.17435897435897435,101.0,238.0,3.0035563922823716,2.3025850929940455,0.0,10.0
A26EA00D695C3O,audit,B004FL07LC,B0009BVK0E,B000GX4BSS,12458f0de05cb8c55101aa1a9cc7c06d77ba77addc12bbaf291136c3e1fc5398,5.0,372.0,74.4,83.0,1.0,1.0,356.0,71.2,951.0,190.2,0.20448231419239965,0.11038961038961038,170.0,395.0,2.5433794538591328,1.9459101490553132,0.2,10.0
A2A52EATFDQJ1P,audit,B00CFRBIC0,B008O4YM4Y,B0008GIZKS,12595b872009a8cc87a4888738db59fb5aac17e6862e4375e485ed597faf3fc0,8.0,520.0,65.0,83.0,1.0,1.0,504.0,63.0,664.0,83.0,0.3371441174083538,0.2023121387283237,272.0,632.0,3.262042817832826,1.6094379124341003,0.25,10.0
A1OO1YY5QRPTF2,audit,B005BF1M10,B003VMU63K,B00153Z3I0,125b85779558085be6a9495cd8df1f6af6ee3c9d56803f163e1432089759d4c6,2.0,133.0,66.5,83.0,1.0,1.0,129.0,64.5,167.0,83.5,0.31496373383790605,0.2251655629139073,68.0,158.0,3.878097671974059,3.4657359027997265,0.0,10.0
A2ZGHESQDCI77M,audit,B00021B95W,B003PL2D6A,B001DJ2USM,126ca6fed92b8da7be7d1f8a7b603374a96497e6512f8ddc6c620583ad225f6f,7.0,508.0,72.57142857142857,83.0,1.0,1.0,484.0,69.14285714285714,1007.0,143.85714285714286,0.2730326030103956,0.09115281501340483,238.0,553.0,2.7142023676191522,1.9459101490553132,0.2857142857142857,10.0
A3VAWT339U95N4,audit,B00FU574H2,B008FIH4IK,B0028K3JBW,127aa70dad75b4b73beb7ec99d3383b706557cdb54b93ec1d49b0b349228cb8e,3.0,140.0,46.666666666666664,83.0,1.0,1.0,136.0,45.333333333333336,369.0,123.0,0.3935549509763285,0.09826589595375723,101.0,238.0,1.7917594692280552,1.791759469228055,1.0,10.0
AGT49AIIWMUCW,audit,B006LUC52E,B0069FDR96,B001CE6T76,127cb03ae4be68f011573bab6ecd55af4c8e91ca9669c3ca5947bb7883f16618,2.0,109.0,54.5,83.0,1.0,1.0,105.0,52.5,112.0,56.0,0.425,0.2833333333333333,68.0,158.0,5.008965843463498,4.31748811353631,0.0,10.0
A1VTM4Q1CRJD29,audit,B008CZBZMM,B004MBJL58,B0035UZ0FW,127f8663c0e9ca57cc448049e4ba4fa2068b0b1bac58e9d95fbef96b5a47a583,2.0,130.0,65.0,81.0,1.0,1.0,128.0,64.0,130.0,65.0,0.3561594202898551,0.2956521739130435,69.0,157.0,1.7776740307447068,1.6094379124341003,1.0,10.0
A1BY4ZPY5FF2SB,audit,B000R858B6,B000P4ZOIE,B000R961M0,128610eb920a9f432e5ee4050042922c3a4a06ed9a23a0cdc0def0a55c4e9671,2.0,101.0,50.5,83.0,1.0,1.0,97.0,48.5,132.0,66.0,0.4417879417879418,0.22972972972972974,68.0,158.0,2.6566029895208936,1.9459101490553132,0.5,10.0
A2ATCG2AYFYK80,audit,B001G7R3JW,B003B6S36S,B00122CP30,128c6e07f83241f822cea69b170433ba758c2e966beb23b2f76fb959fa82610c,3.0,223.0,74.33333333333333,83.0,1.0,1.0,219.0,73.0,228.0,76.0,0.31040870619170874,0.2786885245901639,101.0,238.0,2.7761503556064535,2.4849066497880004,0.0,10.0
A1ABS753Z7T53X,audit,B00CNXJND2,B007UQ90O4,B004NMXMZ6,128d93f34abc2f72632ce47bae77f8a0af31f133907fd0dede9bd330aed9a58b,3.0,214.0,71.33333333333333,83.0,1.0,1.0,210.0,70.0,249.0,83.0,0.30065912993065314,0.2185430463576159,101.0,237.0,2.5944080054453456,1.6094379124341003,0.6666666666666666,10.0
A1FRZY81VYO154,audit,B005Z41P28,B004MTF3KC,B001ET79H8,129bf979f495aed20c79ccf86210f40450e495c0255a3278cdbffb451e625e4b,5.0,325.0,65.0,83.0,1.0,1.0,313.0,62.6,861.0,172.2,0.26021642268535194,0.10240963855421686,170.0,394.0,2.857202812450332,1.791759469228055,0.2,10.0
A3GTA72SMARP8Z,audit,B003AQGX1Q,B001MP0T2Q,B000RBMHWG,12ac55bf76191439b6b54a0c52a37b85754f9b5f076216cc949366800b27d932,4.0,182.0,45.5,83.0,1.0,1.0,178.0,44.5,229.0,57.25,0.46980778635969966,0.2073170731707317,135.0,317.0,3.025488950159401,2.0794415416798357,0.25,10.0
A3DCRT55BIXR13,audit,B005TKZS76,B004DIXYWG,B00021DJ32,12b8c6185f0c94d764d22d308bbf88579eab55b5de386ed9698d72d17eed6461,6.0,442.0,73.66666666666667,83.0,1.0,1.0,432.0,72.0,1109.0,184.83333333333334,0.24521057705333696,0.0709812108559499,202.0,476.0,4.371449059769088,3.6109179126442243,0.0,10.0
AFNEMO9D6QN9O,audit,B003UFMYM4,B003UM6TJG,B001M7SIFY,12c258a6a4d5944b793f6cbede52f8c3d1a39b1196fb564a7e5e211229c3aa5b,5.0,365.0,73.0,83.0,1.0,1.0,349.0,69.8,452.0,90.4,0.2977467331722651,0.2361111111111111,171.0,394.0,2.5974461406825666,2.0794415416798357,0.4,10.0
A34H90POFYRHGT,audit,B00GYB17TC,B00AHF1GTM,B003156OJM,12cd9d940306d8c3da1d9bcc59a5a133c716fdbd6053944b5a1f25208c82c955,2.0,104.0,52.0,83.0,1.0,1.0,100.0,50.0,188.0,94.0,0.3936680235187698,0.1691542288557214,68.0,158.0,4.578786153218763,3.9318256327243257,0.0,10.0
A39O5TD2058EHM,audit,B00871KNXI,B006CD6616,B0069FDR96,12f73ed7bbab419209b4e89d8900f4a06d085a2e3c43c366c4be9b26635eb09f,2.0,59.0,29.5,33.0,1.0,1.0,59.0,29.5,59.0,29.5,0.5370646766169154,0.5074626865671642,68.0,158.0,4.742316603654474,3.784189633918261,0.0,10.0
A1RAHA88979DCO,audit,B00631JA8S,B005X2F7KI,B001G3VA22,1318744758f430c6a5cefd628ca669927d934615c4b1b2a388b9b8883cd70974,2.0,134.0,67.0,84.0,1.0,1.0,130.0,65.0,225.0,112.5,0.28170787545787546,0.15865384615384615,67.0,159.0,4.258396555697448,3.8918202981106265,0.0,10.0
A3WX2SCX5S6Q7,audit,B0053QZAII,B002XQ1YT0,B0082D9U12,131e710f62c7501a8ec535ecf030be1159f9d38cf1501e2f7021bd0e14ab805a,2.0,154.0,77.0,83.0,1.0,1.0,150.0,75.0,157.0,78.5,0.3003205128205128,0.2833333333333333,67.0,159.0,2.4260151319598084,1.3862943611198906,0.5,10.0
A2AOZQ3WTNVVOK,audit,B00HM6IXH2,B00BB8ZHJY,B004Q8GYES,13227b1e890dbaf7a3137ce98a2cc7218c9fbedf2c20419b0f7715a52cdb76a4,10.0,352.0,35.2,82.0,1.0,1.0,348.0,34.8,1044.0,104.4,0.49150357606146783,0.04326328800988875,341.0,789.0,4.1896258451023805,3.6375861597263857,0.0,10.0
ATH3U4X61L8D5,audit,B002HSWFWY,B006UET5UG,B001NPF5HY,133a38ab2a663732ae2c0ed754285435d56f7887745a03645f8df7e6e8f51799,3.0,196.0,65.33333333333333,83.0,1.0,1.0,192.0,64.0,309.0,103.0,0.3111801242236025,0.14782608695652175,101.0,238.0,3.07602735115078,2.197224577336219,0.0,10.0
A171RJCXZ95YM0,audit,B0020MM8WO,B001CT053U,B000C231WK,13442c15ac95666ef9bcde78bfd42f0295fc849cea42e2aaa2df7e099142852b,2.0,166.0,83.0,83.0,1.0,1.0,158.0,79.0,258.0,129.0,0.2097256385998108,0.19428571428571428,68.0,158.0,2.04717228111105,1.791759469228055,0.5,10.0
A203AEQBZ9N96E,audit,B00005REAT,B001TSJ7ZQ,B000NCTQV4,134557957b48e63baa3076ce792fb9707223e32a208d951f31b26138ae886f5f,3.0,251.0,83.66666666666667,84.0,1.0,1.0,239.0,79.66666666666667,406.0,135.33333333333334,0.22387950802584947,0.12692307692307692,100.0,239.0,3.85891499256106,2.9444389791664403,0.0,10.0
A2VH3OHZU4SQNH,audit,B001UPMP3E,B001MX89Y8,B000I5MJ8S,1356f0f2faa5b1a352e77bef677bba659b3b17759eb29bde70b078609bc010a1,12.0,778.0,64.83333333333333,83.0,1.0,1.0,750.0,62.5,1838.0,153.16666666666666,0.2865370939953155,0.08232445520581114,407.0,948.0,2.9366903156884043,1.6094379124341003,0.25,10.0
A11DLWWD0138XT,audit,B000HJT1CW,B00099E8ZA,B000GF1E3G,137615219677e1e1fce215c44038ee28d42bc3d663a3d46cc7202324bd995512,3.0,185.0,61.666666666666664,83.0,1.0,1.0,177.0,59.0,540.0,180.0,0.3175229230531768,0.07657657657657657,102.0,237.0,2.8417204536884717,2.0794415416798357,0.3333333333333333,10.0
A2PXFFXQBGJ1HA,audit,B004Y9L926,B0034QW0J6,B001Q878WI,1382133475ae65f198e701bbf89fd5a86af139ca56418bb5db6918954201a928,3.0,225.0,75.0,83.0,1.0,1.0,217.0,72.33333333333333,246.0,82.0,0.30085550001398526,0.2463768115942029,102.0,237.0,3.1982620376200903,2.0794415416798357,0.3333333333333333,10.0
A2JKEXF5TDQHX1,audit,B006GQG9GQ,B007M81A8O,B00011JOR8,13a9ae91ae0668d668d7e9dcc7b34b8381446a2ea60a91b4664390e75bdec2d7,2.0,117.0,58.5,61.0,1.0,1.0,117.0,58.5,117.0,58.5,0.3678362573099415,0.35789473684210527,68.0,158.0,1.9356005054539454,1.3862943611198906,0.5,10.0
A1RTBG1FS0J6FJ,audit,B000ZMBSPE,B002N5MKMG,B001QYBURQ,13b443f1365635ba7047baa8cc029be4b6040a19a4224a8b647f64e8f64eaedd,3.0,216.0,72.0,84.0,1.0,1.0,208.0,69.33333333333333,328.0,109.33333333333333,0.2674693206432828,0.16923076923076924,100.0,239.0,3.3183769285626554,2.8903717578961645,0.0,10.0
A230J10CVDXZTH,audit,B001P92FMG,B001KYGV94,B000KEOO3U,13b8005d2ab25ae205801622fe2595abb0482ed3761fab1f8608acb1f9e2b8f4,3.0,183.0,61.0,84.0,1.0,1.0,179.0,59.666666666666664,334.0,111.33333333333333,0.32651486158948845,0.12313432835820895,101.0,238.0,2.2323447492221615,1.6094379124341003,0.3333333333333333,10.0
A2XKJ1KX6XUHYP,audit,B002CML1XE,B004CDQ73K,B0013YYNDM,13bc37a837cd9b9eca7b6d5776090696809fbb4bdbb5ad19c3c1f2de0ff5f93d,20.0,1360.0,68.0,83.0,1.0,1.0,1322.0,66.1,2374.0,118.7,0.2987345323483581,0.0734341252699784,679.0,1580.0,2.255410259149663,1.3862943611198906,0.5,10.0
A3M70XDZOU49AW,audit,B006ZAPMT8,B005IHEBJ6,B000C1Z6TC,13d15702240b49a663884ee702a2a88ab7868ed628f57dc9ea2323cb78245b1a,2.0,114.0,57.0,83.0,1.0,1.0,110.0,55.0,176.0,88.0,0.35278456703910616,0.18994413407821228,67.0,159.0,2.8762863194128165,2.70805020110221,0.0,10.0
A3BUQYIGTZUT5T,audit,B000H88QOM,B004KPYWM8,B002RDBL7Y,13d9a86669a332d1cb83de1293505990cc7d72c7ad2b879ade699041bff5f357,2.0,166.0,83.0,83.0,1.0,1.0,158.0,79.0,250.0,125.0,0.21602397602397602,0.19428571428571428,68.0,158.0,3.346041871253314,3.2580965380214817,0.0,10.0
A225UWT247BBBH,audit,B000AADG8I,B000GCR6S6,B0000AS54S,13e3ba1222fe023b58eee399ecef87205b15c3dbb33abf3575295c76d26fdf04,20.0,1148.0,57.4,84.0,1.0,1.0,1125.0,56.25,1429.0,71.45,0.38013952835083703,0.12454212454212454,676.0,1584.0,2.6664130034855753,1.6094379124341003,0.3,10.0
A13IIHXY0QX4Y4,audit,B0001EKTZQ,B000XSPQ62,B000980PGM,13ec581a1cb54c1bfcdf7e0ad0bc62924f79dc4091bb73ae5358faafaf7920d4,2.0,128.0,64.0,83.0,1.0,1.0,124.0,62.0,178.0,89.0,0.31698628060335027,0.20359281437125748,68.0,158.0,2.9621278987072657,2.3978952727983707,0.0,10.0
A2VOMWM3O95P7O,audit,B0094G3M6A,B002QA31SU,B003STPN4S,13f75e95ab77e960cfc36402d779f4756c5ca9ee7b419c7febddec0c62cab4bd,16.0,1042.0,65.125,83.0,1.0,1.0,1011.0,63.1875,1183.0,73.9375,0.3513974841257059,0.2111801242236025,547.0,1261.0,2.908341538249494,1.0986122886681096,0.3125,10.0
A345HKJZHAP96B,audit,B0006HCE60,B0002Z8QG8,B001MP5X2M,140471e188de67f0eac295b8cf7708aaa2ff9f9db4806cc208a6e08908bb1f13,3.0,160.0,53.333333333333336,84.0,1.0,1.0,156.0,52.0,537.0,179.0,0.33928352349404983,0.06680161943319839,101.0,238.0,3.423403944109287,1.6094379124341003,0.3333333333333333,10.0
A1RQA300MOSSM7,audit,B001AHAEZ8,B000P22TUW,B0000535RD,1408c75ad625ae20774cc970e78f4b87e4b4c9d62814c853294d4dd4e6ad1a42,12.0,933.0,77.75,84.0,1.0,1.0,901.0,75.08333333333333,1892.0,157.66666666666666,0.22661696176753623,0.08923884514435695,405.0,951.0,2.862896879144062,1.791759469228055,0.3333333333333333,10.0
A3D9NUCR4RXDPY,audit,B00HE88JMC,B00HM6IV6K,B00BVKL08E,1409f1e5aad87da3141e471c49e0f993d23833d239bb45607e65870e04abfb55,20.0,851.0,42.55,83.0,1.0,1.0,835.0,41.75,1080.0,54.0,0.4909818621346943,0.1674641148325359,685.0,1575.0,3.775880019692059,3.526360524616161,0.0,10.0
A1SR9KU6QNKJUR,audit,B002UU9Q6W,B0021CAB0Y,B00112BT88,140e03b6f9dc56dcb3b2f799ef7ebdb772ff80688314ccc80b70698b6bffa93e,5.0,252.0,50.4,83.0,1.0,1.0,248.0,49.6,292.0,58.4,0.4069603585317819,0.21656050955414013,168.0,397.0,3.473928375905158,1.791759469228055,0.2,10.0
A2AM3161JNHHZS,audit,B001KYNZGG,B000E0G09Q,B000GCQV9G,1412cbb7277bd93c5f86393809ca7822dc286edc957a5803b43f76d0bb9939e7,2.0,154.0,77.0,83.0,1.0,1.0,150.0,75.0,252.0,126.0,0.2409745293466224,0.15813953488372093,68.0,158.0,3.1032879633624635,2.0794415416798357,0.5,10.0
A2CSTF6ENID43W,audit,B003TG9C74,B003S191LC,B007MNYY14,143ad48238a416791247063a66e81f388a0c615812e4ffee1093d387823f9741,8.0,576.0,72.0,84.0,1.0,1.0,556.0,69.5,739.0,92.375,0.2989829222906597,0.1715686274509804,272.0,632.0,2.7310986928910443,1.791759469228055,0.375,10.0
A2VYR7A0KVY20L,audit,B003GC4GH2,B002WDIPR8,B000980PGM,144f909ab63402ebf617026df86c9397ff87ba028d51bc5497fd4acb7f214db9,3.0,249.0,83.0,83.0,1.0,1.0,237.0,79.0,497.0,165.66666666666666,0.18762943779759464,0.11643835616438356,102.0,237.0,2.913765427408382,2.0794415416798357,0.3333333333333333,10.0
A10G4BPT5MGBHY,audit,B001JQLNPA,B001JQLNNW,B000V2DLJO,14635f77e3dd1e8fa73789f72794e7aa10981a80244f4c62391366ea78876869,3.0,249.0,83.0,83.0,1.0,1.0,237.0,79.0,761.0,253.66666666666666,0.15445714234973404,0.06589147286821706,102.0,237.0,3.812554326823227,3.5553480614894135,0.0,10.0
A2WS8FM02592VE,audit,B00008ZPGA,B002M06SMU,B002CSOYIC,146b11d15e442238403a981cdf82686e6c503fcdfcef7d29b52704f71573e3cf,9.0,614.0,68.22222222222223,84.0,1.0,1.0,595.0,66.11111111111111,1176.0,130.66666666666666,0.2869508239077573,0.0757238307349666,304.0,713.0,2.3588154517724664,1.6094379124341003,0.4444444444444444,10.0
A3ASYBKKH2E2P2,audit,B00AO4EMKQ,B003UZ4R24,B009GYVMAS,146d2fa1bfdd76a40cc4605a84b9230d11a1f2e5b34b77b4bac32201349d8a45,4.0,332.0,83.0,83.0,1.0,1.0,316.0,79.0,899.0,224.75,0.17206862744229492,0.07157894736842105,136.0,316.0,3.0696448340792304,2.0794415416798357,0.25,10.0
AJEPQPVW07BYE,audit,B008PEXV3Q,B00766SG7A,B006CD6616,148f70d132e229de6f03d460bde2486b2787e5cf29196f1280c17ab7f5e45be0,2.0,116.0,58.0,83.0,1.0,1.0,112.0,56.0,157.0,78.5,0.3613262799924429,0.21518987341772153,68.0,158.0,2.6968137731761805,1.6094379124341003,0.5,10.0
A1OJHX1L53WT7S,audit,B006LTF6J4,B002R23I76,B0030O3VRW,14ad502c52220061ebd82d2cab05b1855e897e40af4f7c53375b4c0c71b0c1a9,4.0,288.0,72.0,83.0,1.0,1.0,284.0,71.0,313.0,78.25,0.30893322900365155,0.23943661971830985,135.0,317.0,3.736463511198459,2.3978952727983707,0.0,10.0
A8ZCEYTYQM84G,audit,B003V21WO2,B000EMWHD2,B004Z67NSM,14c0cdbb486b957de7648d7cdc1f9d9d35dc5ce2cefd5cda42fc9e86ddbedc3f,3.0,217.0,72.33333333333333,83.0,1.0,1.0,209.0,69.66666666666667,589.0,196.33333333333334,0.2250179106204417,0.07852193995381063,102.0,237.0,3.7678949396083365,2.5649493574615367,0.0,10.0
ALO28X4WZH025,audit,B00528M5IU,B004M7WKKK,B004KPYWM8,14c4c2e13b5a4cb3588d97d41e3f19be917f8bafd68109615675b2d74be7e12a,2.0,151.0,75.5,83.0,1.0,1.0,147.0,73.5,209.0,104.5,0.2605091937765205,0.19428571428571428,67.0,159.0,3.5211430859698716,3.2580965380214817,0.0,10.0
A30LZPCJEE1Y8E,audit,B0007W1R58,B000NIY7QM,B0075GXW0W,14f5b9abe6377ff8aead4f0af0ed5d54620ebe4c610e0b61c63e270066327f8f,9.0,560.0,62.22222222222222,83.0,1.0,1.0,548.0,60.888888888888886,965.0,107.22222222222223,0.32587655938515536,0.07296137339055794,303.0,713.0,2.658322805315401,1.3862943611198906,0.2222222222222222,10.0
AMZCZBK1EF1PV,audit,B003BJZ1M4,B002GP5XD6,B000094ZDX,150315caccb1a50ca5684e070ae8a42428b10446b4bf83aa5ec911f93dee60e6,2.0,120.0,60.0,83.0,1.0,1.0,116.0,58.0,204.0,102.0,0.3240137341461705,0.1691542288557214,68.0,158.0,2.8173948015846246,2.3025850929940455,0.0,10.0
AFLIU4A1AS7PE,audit,B001KFDHZE,B000052WYD,B003Q3SLEK,150ee42fd6bbfdca272ebcab3c5ae092eb6cbe5741de56cc5b4cbc7c5a820704,6.0,500.0,83.33333333333333,85.0,1.0,1.0,476.0,79.33333333333333,970.0,161.66666666666666,0.19696881444878075,0.10658307210031348,202.0,476.0,2.881536391774059,1.6094379124341003,0.3333333333333333,10.0
A3N3ZY9CUEPL3R,audit,B005JJ4GX4,B0040YRFAK,B0012RWOB8,151c2faa5dd94d0c79da34a8080e45807294ad088a051143372bc262941ffdbc,3.0,249.0,83.0,83.0,1.0,1.0,237.0,79.0,454.0,151.33333333333334,0.18464640695525256,0.1642512077294686,102.0,237.0,2.0741920893571226,1.9459101490553132,0.6666666666666666,10.0
A3QO04PYHINBRZ,audit,B0007X74IQ,B000W3QDJ2,B000KOO8AY,151e990e207413ca392610d481a006519c45f65550f6283a99f401315821c6ff,2.0,154.0,77.0,83.0,1.0,1.0,150.0,75.0,314.0,157.0,0.22327660305999658,0.12274368231046931,68.0,158.0,2.582392986961757,1.9459101490553132,0.5,10.0
A4C808JMEHG5R,audit,B00A9R0BXU,B005WTYEYW,B00126IXLO,15201eda42e7e57209dc50f4414b3d9e9edbe2bbd1a62c7790e2da8254fb3a9a,2.0,165.0,82.5,83.0,1.0,1.0,157.0,78.5,705.0,352.5,0.08914299068540714,0.08831168831168831,69.0,157.0,3.8267474548306266,3.526360524616161,0.0,10.0
A2S0PELQX7R57K,audit,B001TJXI5U,B0058L24O6,B001C6H6F8,15214ffe3a9bb0a8734ab1af989519fcca3acc9dede84efe05b7ab6202f54ffa,9.0,740.0,82.22222222222223,84.0,1.0,1.0,708.0,78.66666666666667,2446.0,271.77777777777777,0.14886364086315693,0.04521276595744681,304.0,713.0,3.869647414826732,2.70805020110221,0.0,10.0
A2ER9EHMD95ZIS,audit,B0079R6BD2,B001A6K9NG,B0056AE8I4,1524a545cc7e0ed8450d00c54f1ac6bbc5563dcd7db3fd3f3c7ffc19bccf9ff7,2.0,167.0,83.5,84.0,1.0,1.0,159.0,79.5,313.0,156.5,0.17879076810903277,0.15639810426540285,67.0,159.0,2.596478425445105,2.4849066497880004,0.0,10.0
A1LFX69YGRDGX5,audit,B000N2IGWY,B001IAE1BU,B0009QZYN8,152935a1432e0359bf95b586d828c1e98c06d2f02de29a531c0249bc34050621,2.0,160.0,80.0,82.0,1.0,1.0,156.0,78.0,191.0,95.5,0.2700289575289575,0.23648648648648649,69.0,157.0,2.0715673631957663,1.9459101490553132,0.5,10.0
A3J4897ILDKTWP,audit,B002O0D8P8,B000L9FBTA,B000O1NJZ8,152ec8308c1abd44c47daaac605d8ac8359855579386c6a352e0119fe082bee5,4.0,239.0,59.75,83.0,1.0,1.0,235.0,58.75,403.0,100.75,0.32926312968159593,0.12099644128113879,135.0,317.0,2.4227282381427884,1.6094379124341003,0.25,10.0
ATR2C537XOMQ0,audit,B00AO4E9L8,B001ECQ4JE,B004UKENRC,153a429078c54f49673ddd3c752b329bb65261ebaf3609278a865a16d6f8bfb5,8.0,212.0,26.5,42.0,1.0,1.0,212.0,26.5,212.0,26.5,0.5694365645839283,0.46153846153846156,274.0,630.0,4.4460279881474865,3.828641396489095,0.0,10.0
A1KRHNBP6SOFVA,audit,B001BHGB8Q,B001A7WV0Y,B004Y0HC80,153fa80c2e34c3038f9d2439baac9ab3e5241403b7d15643e3f83cabe68134a8,2.0,166.0,83.0,83.0,1.0,1.0,158.0,79.0,414.0,207.0,0.15807692307692306,0.10461538461538461,67.0,158.0,2.0715673631957663,1.9459101490553132,0.5,10.0
A14I1MV5B7LZ1L,audit,B0018BTA2Y,B00CDGR29G,B004XJNQXW,15514bbf68a7029b1887468a3cc611dacd8c2ec19f2b2b57c392deda3549fc6c,4.0,333.0,83.25,84.0,1.0,1.0,317.0,79.25,1164.0,291.0,0.11423228808465506,0.07888631090487239,135.0,317.0,3.7035203731130393,3.2188758248682006,0.0,10.0
A239ER4X93L28K,audit,B00CQ5C54G,B00H56KCUU,B00021DTEG,156d968b3a0aa6e6be1754c7c3e1858aa863f2b593fc59d655c333a5297e2728,4.0,257.0,64.25,83.0,1.0,1.0,253.0,63.25,259.0,64.75,0.3525921366730028,0.2857142857142857,134.0,318.0,3.082691272371873,1.3862943611198906,0.25,10.0
A4NRYZUZYDEOP,audit,B001H270RQ,B000F0QCWA,B0003009NK,1588f702f1a16d24a8d42b8631877f9f5716b2a38127c85fcba69d94f90b991c,2.0,118.0,59.0,83.0,1.0,1.0,114.0,57.0,123.0,61.5,0.3857210738892849,0.2786885245901639,68.0,158.0,2.943052015725078,2.0794415416798357,0.5,10.0
AJVXGH5BQVNC4,audit,B0012J30PU,B000PW7K38,B00ADR6M2U,15929c0716c8ce82294281e965363559207d34bf78f6815709ca5b720dcf0faa,5.0,384.0,76.8,83.0,1.0,1.0,376.0,75.2,512.0,102.4,0.27223659513149756,0.14977973568281938,170.0,395.0,2.6938278978327626,1.6094379124341003,0.2,10.0
A9D25J81K1ZSB,audit,B006EPIJTE,B004NMTMUK,B000EPA4FW,159d225daca2aab6903af78bd648f11830c3076a8c2028bc53a5908fc3e41964,4.0,188.0,47.0,83.0,1.0,1.0,180.0,45.0,251.0,62.75,0.493036051245107,0.2251655629139073,136.0,316.0,3.829329233369589,3.4339872044851463,0.0,10.0
A3HBVUJEOZSZLR,audit,B0037M92OI,B00140RXHS,B000GX9HIW,15a66aef81544b62e51e1479e2ccb4199ad3a3379e6a3b27c3fd28d6c8ab2c8b,5.0,353.0,70.6,83.0,1.0,1.0,341.0,68.2,499.0,99.8,0.28246532570275684,0.192090395480226,170.0,395.0,2.955798034528177,2.197224577336219,0.0,10.0
APS8VE8FDSTY3,calibration,B003II53Z8,B001SJ9NDW,B00006FE30,000584b40cebe603b6b642446f64987ebeefe716f5f78a0e774c7f790a83173c,6.0,400.0,66.66666666666667,83.0,1.0,1.0,388.0,64.66666666666667,713.0,118.83333333333333,0.29595780213153366,0.11486486486486487,204.0,474.0,2.6773963947420554,1.6094379124341003,0.3333333333333333,10.0
AIBNE2WBP5JJD,calibration,B004SPDEWE,B000OQ94SY,B006ZENPYS,000858ae971a562d5c3de8a8a4b6ad603764cd18be3f84a5902c16ffe46bdd7f,5.0,364.0,72.8,83.0,1.0,1.0,353.0,70.6,802.0,160.4,0.2446339143189587,0.0845771144278607,167.0,398.0,2.6995150884682944,1.6094379124341003,0.4,10.0
AIWGRI20VUWWE,calibration,B002HEW7Z8,B000Q7XDR4,B002D4B1X6,0009533bbd6d82452c87f19e8bc94f37c663cf56c3d878ad367393085bcb3eeb,2.0,157.0,78.5,83.0,1.0,1.0,153.0,76.5,248.0,124.0,0.23913817663817666,0.16346153846153846,68.0,158.0,2.9144728088051033,2.3025850929940455,0.0,10.0
AQABZDFWNOWLS,calibration,B000PR4F9K,B005I4QTJY,B001DNG6XS,0013e6c1161c17f179240b41f00aa183e2ad2f5ce305ccf9533a31837cf2c23f,11.0,819.0,74.45454545454545,84.0,1.0,1.0,791.0,71.9090909090909,1600.0,145.45454545454547,0.24704874903189877,0.09115281501340483,375.0,868.0,2.4236920928660965,1.3862943611198906,0.36363636363636365,10.0
A2JL4HKB6YWC8E,calibration,B008DLT9H8,B0074NEBIS,B0092SVTGA,001d41fb5a1360a904075ade0ba6eb9b74c6831ef32e85ede3ab56bf84567898,6.0,437.0,72.83333333333333,83.0,1.0,1.0,421.0,70.16666666666667,988.0,164.66666666666666,0.23254892673228056,0.09742120343839542,205.0,473.0,3.639478179616497,1.6094379124341003,0.3333333333333333,10.0
A4A8XEV1V544T,calibration,B0041R15AC,B000PLUZL8,B000XT89S8,0022256edcc1259238117997ea7d0f86634d829d452bba805c0464dc5e0c43b1,4.0,233.0,58.25,83.0,1.0,1.0,225.0,56.25,501.0,125.25,0.3471101381257631,0.0859375,135.0,316.0,3.082492570546602,2.3025850929940455,0.0,10.0
A35O3IFYBBM4Q1,calibration,B005V2LLXC,B002MZ8BK2,B000OYLBJG,002c7fe8ed67b152bd56aad3da5d82e3d5a16034138367d1e17f722bd9bc4aaa,2.0,166.0,83.0,83.0,1.0,1.0,158.0,79.0,292.0,146.0,0.2152579930357708,0.13991769547325103,68.0,158.0,3.8044353145956293,2.197224577336219,0.0,10.0
A3EUF64PPINMOK,calibration,B006MRM2TC,B0030HAF4G,B000C1VWCM,0038ceffff097e0efec5d5dc78cfdd0ea9a0b3c0ea20f08e4dd9b2421318e2d5,4.0,297.0,74.25,83.0,1.0,1.0,289.0,72.25,380.0,95.0,0.2785635974803287,0.18994413407821228,135.0,316.0,3.14392582515728,2.0794415416798357,0.25,10.0
A6RM4GE1WNGO7,calibration,B004Y9M4DE,B000NLHXEC,B000092OX4,0045e26aa4e4c3a68674a29908e3410dffb4217f654d6a30e7ceb13d9d49d07f,2.0,118.0,59.0,83.0,1.0,1.0,114.0,57.0,269.0,134.5,0.3060798946444249,0.12686567164179105,67.0,159.0,3.2498935203279267,2.9444389791664403,0.0,10.0
AYGJ96W5KQMUJ,calibration,B000GZLI7S,B000GCQWXG,B001E96OZ6,005319da2c474509f05267caa5fedf7a074ccca5d5451748e5ae2129c26a309b,6.0,403.0,67.16666666666667,83.0,1.0,1.0,387.0,64.5,781.0,130.16666666666666,0.28050274565238126,0.10029498525073746,203.0,475.0,3.1181252026612114,2.197224577336219,0.0,10.0
A890BVCQ05TAV,calibration,B00FS6SHUQ,B0018QHW92,B008RIJVTI,0057b2f0cfce789dda6907a2dbed27996e4420aa195535ca58245bb6ed310da8,2.0,97.0,48.5,76.0,1.0,1.0,97.0,48.5,97.0,48.5,0.4636363636363636,0.3090909090909091,68.0,158.0,2.0871936349478184,1.6094379124341003,0.5,10.0
A1ZRLMCXTTIY93,calibration,B000FZXA5C,B000C1VWJU,B0009JQFF6,0058cd0b1d2561c8b55b2e367a0dbc92a9b22fabe4d022dec9d37541f53d31fb,2.0,133.0,66.5,83.0,1.0,1.0,129.0,64.5,209.0,104.5,0.2904638539353565,0.17616580310880828,68.0,158.0,2.5053176470481278,1.791759469228055,0.5,10.0
A85TXBV925FBM,calibration,B003PON1M2,B000GCWJV0,B0016B5LAQ,0064c2978d0d791438988cb18928876d5b6d20268eba1a9fb37be36c20ec3919,2.0,166.0,83.0,83.0,1.0,1.0,158.0,79.0,300.0,150.0,0.18513257575757575,0.17708333333333334,68.0,158.0,2.7276605576788504,2.197224577336219,0.0,10.0
A3TAW8QD97OJUS,calibration,B00KAL5JAU,B00CNOUZE2,B007SZCG0C,00825dfa833cd8df13932bd55fe912266135b77c3248283bbfede618b2f48ab9,4.0,255.0,63.75,83.0,1.0,1.0,247.0,61.75,640.0,160.0,0.2841382008628755,0.09523809523809523,136.0,316.0,3.279227131680341,1.3862943611198906,0.25,10.0
AS4R1T6OAJ5GG,calibration,B005OZGDO8,B0030HKJ8I,B000GIL1UE,008c5481f351ca5c451c0cfa16f65abe2a3986d410833560ef040a6b4f41a72f,3.0,228.0,76.0,83.0,1.0,1.0,224.0,74.66666666666667,263.0,87.66666666666667,0.28739864561774736,0.2236842105263158,102.0,237.0,2.838931037131632,1.791759469228055,0.6666666666666666,10.0
A7OTTM22AV2VR,calibration,B00AE07BDU,B00A0J09C0,B007JT7ARQ,008f0054b3f4112efda6c9f80f7f5996ead9b688fb4ddd55fd6cb6ab63031664,2.0,40.0,20.0,23.0,1.0,1.0,40.0,20.0,40.0,20.0,0.6347840755735492,0.5964912280701754,69.0,157.0,4.618734519682217,4.31748811353631,0.0,10.0
A1JUQQZGKTQ91R,calibration,B006WVCCRA,B0028K3J6W,B003YTMG5Q,00aa5fc32189ec7718c24d7befe102241c0480c372c2aeb73a235d38f2e953e8,3.0,249.0,83.0,83.0,1.0,1.0,237.0,79.0,633.0,211.0,0.1563456158701807,0.096045197740113,102.0,237.0,3.3358290475182044,2.772588722239781,0.0,10.0
A2RJ6ZL0V3ER11,calibration,B0069FDR96,B004OHQR1Q,B008U1Q4DI,00c650fc880821a677e5685948cfab8ab1a052023ada04b9168dd005bf6d399d,3.0,186.0,62.0,83.0,1.0,1.0,182.0,60.666666666666664,194.0,64.66666666666667,0.35600073019350126,0.272,102.0,237.0,5.123150891214775,4.219507705176107,0.0,10.0
ANXNTFUW0HKXZ,calibration,B001KYVLSU,B0014C8COY,B00011QVHO,00dafb9f20dfaf5d0d639a24ba786b46c372ead8d187c980bd62e524bf0a59c1,5.0,301.0,60.2,83.0,1.0,1.0,293.0,58.6,350.0,70.0,0.35904622085338633,0.22666666666666666,170.0,395.0,2.9055873398638523,2.197224577336219,0.0,10.0
A1DFLMHZFT3ISB,calibration,B001W2X8AO,B004UMYEIS,B00120U5D4,00ec0d0807ee9409eea22ebe86b58aa59d7d3d6404a08f05e42a7284ddc7698c,2.0,142.0,71.0,83.0,1.0,1.0,138.0,69.0,275.0,137.5,0.2507956989247312,0.136,68.0,158.0,2.746530721670274,2.197224577336219,0.0,10.0
A1DHKKNNW6H783,calibration,B001GBF0A2,B005HO0A1I,B004M2Y7RY,00f21c3779a4ed969db9394bd6fab368408373ba79b1a8bbdb55bdfc43955a75,4.0,144.0,36.0,83.0,1.0,1.0,140.0,35.0,162.0,40.5,0.533588761174968,0.2518518518518518,136.0,316.0,3.1158754187027333,2.6390573296152584,0.0,10.0
A2NNH35DIY658,calibration,B00BB8ZHJY,B00AE07IEM,B00023DIBI,00f458be71c2df03bfa33e2f1d1b309e8dd9e28ebab2651fa89a8a8f5bfe74c1,4.0,205.0,51.25,83.0,1.0,1.0,197.0,49.25,266.0,66.5,0.43329434932883204,0.22666666666666666,136.0,316.0,3.9180721082916876,2.0794415416798357,0.25,10.0
A31BAAGW4XKSCM,calibration,B00028MLHA,B006ZAHBLU,B00008MNZH,00fdac3a83e4c6b2089641d0545943f0ee73ce0488b73ad8dfe7f787b1db4ee3,8.0,461.0,57.625,83.0,1.0,1.0,456.0,57.0,462.0,57.75,0.38685352116003446,0.2807017543859649,269.0,635.0,2.740456605647873,1.791759469228055,0.375,10.0
A3IWAU0BX9LR0,calibration,B00BT9TWCI,B00AB4W2H4,B0061YSLKA,0104fc9e609ece432906d85f4ac4f719d85fd700555b073c4c5169a6800ac56e,2.0,146.0,73.0,84.0,1.0,1.0,142.0,71.0,281.0,140.5,0.24082835325365207,0.12749003984063745,66.0,159.0,2.6441335153472676,2.3978952727983707,0.0,10.0
A2JCC5VZY1OTFW,calibration,B005FYJB92,B004DIXYWG,B002QI1F8A,01534b1ee70b8eba92eb94070d59e1d0b65c826bb77fda3141aea66f8c52de5a,2.0,133.0,66.5,82.0,1.0,1.0,131.0,65.5,133.0,66.5,0.34347826086956523,0.28695652173913044,67.0,159.0,4.93070738805711,4.9126548857360515,0.0,10.0
A3R8WVB5HU3872,calibration,B004YBC5K4,B00GMRJWPY,B000OV5PEG,015e9ec982d4b0098ab1c2b208184e86658ad4027cbd5393b36631ebbfd278c9,10.0,697.0,69.7,84.0,1.0,1.0,673.0,67.3,1526.0,152.6,0.2743124544416663,0.05802047781569966,338.0,791.0,2.0934276886202796,1.3862943611198906,0.4,10.0
A186AQB45BAWZN,calibration,B000O902LY,B001B9RGVU,B000PI36W6,017c3ef48bd3d7a62ff7c11599d7ddc259a3b1550176093369509b729e56cd00,8.0,415.0,51.875,84.0,1.0,1.0,407.0,50.875,492.0,61.5,0.4154271923054815,0.18085106382978725,269.0,635.0,2.938422881253766,2.3025850929940455,0.0,10.0
AAPV2OHIE05K3,calibration,B008RTNSJQ,B00AH4TJNS,B009CS493U,017e7e3650f3e8f2b3542b36487d27e836ea1e73f6348f6b68606c07128717d8,19.0,979.0,51.526315789473685,84.0,1.0,1.0,959.0,50.473684210526315,1280.0,67.36842105263158,0.3957095026978013,0.14977973568281938,643.0,1504.0,3.7762903906269347,1.3862943611198906,0.10526315789473684,10.0
A12CKFYESWGOOJ,calibration,B000UVZU1S,B005PWB64M,B004D24818,018357e49b05606cb1ef766f1ea6c19722344d5426fd783967ac91f0784a5268,2.0,110.0,55.0,83.0,1.0,1.0,106.0,53.0,166.0,83.0,0.37695442054392114,0.19653179190751446,68.0,158.0,3.2180751841847135,1.0986122886681096,0.5,10.0
A3IG80M5WPK85G,calibration,B000RUJJAU,B005UKRRKG,B003DKO7RG,019ace260d26ca0d8cec07b13d1411cb42ca051984335191ead36a3264db1f3b,2.0,166.0,83.0,83.0,1.0,1.0,158.0,79.0,314.0,157.0,0.18948412698412698,0.14285714285714285,68.0,158.0,3.411098695310245,3.295836866004329,0.0,10.0
A2Q88F5YEA7GGP,calibration,B007SD28UM,B004STJ0UU,B003V21WO2,01a0189f0ba510be53c6568c784f1750d3c5eef0c8f80ec69170951586d8eec9,3.0,166.0,55.333333333333336,83.0,1.0,1.0,162.0,54.0,274.0,91.33333333333333,0.35460731466991247,0.1511111111111111,103.0,236.0,3.230757524029064,1.3862943611198906,0.3333333333333333,10.0
A2RKP45T3D0CVS,calibration,B0000536M2,B001FWXIVU,B00181OKDI,01a77d4419b0c4e1a6d0edad979e8b195c6d6d01016b3b54befca641780ced67,2.0,167.0,83.5,84.0,1.0,1.0,159.0,79.5,223.0,111.5,0.2310344827586207,0.22758620689655173,67.0,159.0,2.4414009612931853,2.3978952727983707,0.0,10.0
A1MSM3X0KXZHZJ,calibration,B003I6O5RC,B001TVF8HY,B000W0YAOA,01bce267493d39fc597ca3361e959e07b6de5cc817cfea9c49a5b796f285a10f,4.0,174.0,43.5,55.0,1.0,1.0,174.0,43.5,174.0,43.5,0.44693811068639755,0.38202247191011235,136.0,316.0,3.0315949691552313,2.197224577336219,0.0,10.0
A31SZCP07Y5E0M,calibration,B002WEBTPW,B001CJE0Y0,B001LVA0XO,01c8b5797f409c08f95f98e5b949b712b08b453ab01d08ae3a9726458b09adf6,6.0,384.0,64.0,84.0,1.0,1.0,368.0,61.333333333333336,581.0,96.83333333333333,0.3475354240656041,0.13545816733067728,203.0,475.0,3.3355271311113603,2.4849066497880004,0.0,10.0
A3JZJVHQFDEQXO,calibration,B00150LT40,B009ERIUNY,B001SA5DZS,01e83b555fedd0a119f7c1fc2f4a636651d411e1ff2fd99ff83d069f27ccbfd8,3.0,130.0,43.333333333333336,83.0,1.0,1.0,126.0,42.0,180.0,60.0,0.46716982701264137,0.20359281437125748,102.0,237.0,3.4473335048968305,2.0794415416798357,0.3333333333333333,10.0
A19MMYMZO363KM,calibration,B005WTKB2Q,B0046MLZWU,B000MUFK30,01f6fe5b762109e1662ead0fb8919e9af76dfc6ff1f1d594852b199b870f976c,6.0,441.0,73.5,83.0,1.0,1.0,421.0,70.16666666666667,789.0,131.5,0.2524285787649741,0.1493212669683258,204.0,473.0,2.507525184839798,1.6094379124341003,0.3333333333333333,10.0
A1BT6TL7UCIC5Y,calibration,B003V21WO2,B000V1BDIG,B001D0IWEC,021c609e9e73f5e2e0003c4b61da7c5a386d26a6f1699f5b24d201750bbd908f,2.0,166.0,83.0,83.0,1.0,1.0,158.0,79.0,1292.0,646.0,0.0502828409805154,0.046511627906976744,68.0,158.0,3.6762205501217915,3.6635616461296463,0.0,10.0
A1NSZUG98GKMPS,calibration,B004N0ULSO,B000056W74,B000056W5Y,022384c75fe12bb3e3509f98962bc73ae742769802513ec9939d1bd1b36dad83,2.0,136.0,68.0,80.0,1.0,1.0,135.0,67.5,136.0,68.0,0.33801169590643276,0.2982456140350877,68.0,158.0,2.178354413344796,1.791759469228055,0.5,10.0
A1VVK2G4VSM7W2,calibration,B0030O3VRW,B002QFGQAK,B0002JKPA4,02436079c7248999d02173b7c91b895abf40b7a59f4047da35fed0a768af2700,2.0,144.0,72.0,84.0,1.0,1.0,140.0,70.0,306.0,153.0,0.2399908487760238,0.11827956989247312,67.0,159.0,4.083108134296071,4.007333185232471,0.0,10.0
A9WO6SOUAHQ8A,calibration,B00IIBB7A0,B00KTAJAIY,B00JQ12U0M,024568ca6a77e922f207479409c39c5829f74fad624938b13be2dbe7d38aac6e,12.0,998.0,83.16666666666667,84.0,1.0,1.0,950.0,79.16666666666667,3579.0,298.25,0.11300620925548736,0.06284658040665435,406.0,950.0,3.42035001702094,2.6390573296152584,0.0,10.0
A168SCI9KUMXD9,calibration,B002D48QRU,B002D48QI4,B000R9A56I,0249dc667e9209ccbc3f5d37c59faf89a99c756fa2ebd156c785b1d5764eaa1c,3.0,220.0,73.33333333333333,83.0,1.0,1.0,212.0,70.66666666666667,397.0,132.33333333333334,0.26028065204894474,0.11805555555555555,102.0,237.0,1.978298065206529,1.791759469228055,0.6666666666666666,10.0
A2SSV6KM3W1VFD,calibration,B00GLS5938,B00GLS58OS,B00BB5YHFW,0269e0cc685467540f7403555ada82bb4765d1972cddc3c960280851bf24a772,20.0,842.0,42.1,84.0,1.0,1.0,818.0,40.9,1086.0,54.3,0.49750818907370864,0.1674641148325359,690.0,1569.0,3.607574071555996,2.197224577336219,0.0,10.0
A3R1M97G7FZ9E9,calibration,B00C4R3HV6,B002DOO1VA,B0048CAUTC,02711f6b2f95c9dccddabcee329d6d73ce8cc6d8bceb43276746e108caf4145b,5.0,413.0,82.6,83.0,1.0,1.0,393.0,78.6,1326.0,265.2,0.17553606255117615,0.04287515762925599,172.0,393.0,2.75088696688335,1.3862943611198906,0.6,10.0
A3IZ0L4MIEC7RD,calibration,B004FM6M2O,B003UA5HCS,B007AS4L96,0288cbfc01d67dc00f6acbdfedbe0ecaefe9abb483e65338216b86eb1a7e6e7a,4.0,332.0,83.0,83.0,1.0,1.0,316.0,79.0,734.0,183.5,0.20820391954725867,0.07423580786026202,136.0,316.0,2.562830886951914,1.3862943611198906,0.25,10.0
A23RZIU0N8K2KR,calibration,B004BYSOYK,B00G36TJKW,B0063A432W,0295dcb30b8435d43999bb961c266cbdaff09144c4b41f149599b2aad45b1283,20.0,816.0,40.8,83.0,1.0,1.0,800.0,40.0,1556.0,77.8,0.48842863127199543,0.068,688.0,1572.0,4.423280605468722,2.833213344056216,0.0,10.0
A2FQI7DC9FK18S,calibration,B0047ELPNQ,B002PBEAYE,B000NP7K1E,02dc04a105ef7fd3cca58412b368c3ddbdad551e406f9b2f05e9feabdb69e271,8.0,554.0,69.25,83.0,1.0,1.0,538.0,67.25,646.0,80.75,0.3277538802085411,0.2,271.0,632.0,2.509989938704697,1.9459101490553132,0.5,10.0
A2S3WOK5QOX2R8,calibration,B004ZH5MTS,B001QT05S6,B0026J10CU,0308569e1dd664a674f7ecd6ed8a13a8984091c1f6f43380f38de5764a377d70,5.0,388.0,77.6,84.0,1.0,1.0,372.0,74.4,1183.0,236.6,0.2099378670577859,0.04342273307790549,168.0,397.0,2.470064898635637,1.6094379124341003,0.6,10.0
A2EFIUAOF4YRAN,calibration,B00HNKRWX8,B00GYB1ECW,B003V264WW,030d28841ea4de9a0d011e4b0051c95255510654bc105039c4af2064a19e0d85,6.0,173.0,28.833333333333332,65.0,1.0,1.0,173.0,28.833333333333332,173.0,28.833333333333332,0.5674419936324698,0.336734693877551,204.0,474.0,3.7573289967630497,2.70805020110221,0.0,10.0
A2ESUFJ608CSTP,calibration,B0032DHP6O,B0094ELMBY,B002SWAFVM,0319659ae8dd13d21302a8654502232b450fa54e6a6226582db9e0b7ae6d7a81,20.0,1603.0,80.15,85.0,1.0,1.0,1539.0,76.95,3124.0,156.2,0.20481574685766218,0.08823529411764706,666.0,1593.0,3.4882371307526605,2.4849066497880004,0.0,10.0
ACYR6O588USK,calibration,B00GXZS5VW,B009YSYNIY,B003JA5OJA,031c10e0a094f8a06bf8f1dc57beeae146e7ca61dbb5c2f7e49d12d2729e198e,20.0,677.0,33.85,83.0,1.0,1.0,661.0,33.05,1840.0,92.0,0.5219925888222755,0.06398537477148081,696.0,1564.0,4.147990678991454,2.4849066497880004,0.0,10.0
A1357RP65PWJYN,calibration,B007CMS5C4,B002XHAEMC,B0068Z7MT8,033c0c28d69976e450db1c706279163f6560a945925f528636dd9eb71a9c5aa4,2.0,153.0,76.5,83.0,1.0,1.0,149.0,74.5,205.0,102.5,0.2640532544378698,0.20118343195266272,68.0,158.0,3.447335019716741,3.044522437723423,0.0,10.0
A2Z2LWDTHN2RKY,calibration,B001CENUPU,B00AY49DR8,B00016X68Q,0349b718034a70ebde10eeaf618e70e025481a273f94f4bb2e979e9c3c20fb32,17.0,1171.0,68.88235294117646,84.0,1.0,1.0,1123.0,66.05882352941177,2251.0,132.41176470588235,0.2841162705916704,0.06483300589390963,575.0,1344.0,3.1316388494679557,1.3862943611198906,0.17647058823529413,10.0
A358YPUFZ242SN,calibration,B007MXNCGC,B0077S35WS,B001MA0QY2,035b3717603ec2e82892f60d26db6f409e238b4cf68920f3c970b4800b5ac24b,2.0,166.0,83.0,83.0,1.0,1.0,158.0,79.0,520.0,260.0,0.12121212121212122,0.09523809523809523,68.0,158.0,3.665857484863233,2.0794415416798357,0.5,10.0
A3PE884TA8529G,calibration,B0060HOMHY,B007E0FR84,B002TSA916,036261b05a42639806842d5772da5ff1a3804fe4124d714cd6602f3eb578a972,3.0,74.0,24.666666666666668,27.0,1.0,1.0,74.0,24.666666666666668,74.0,24.666666666666668,0.5849974398361496,0.5645161290322581,104.0,235.0,4.238560509789422,3.526360524616161,0.0,10.0
A1PJX7Y2V3SICE,calibration,B000RUJJAU,B00AO4EKSU,B004UDQ6GK,0374fdf4b36d64ab388f4dc61486136669180af845e484a994058b3281eb635c,11.0,700.0,63.63636363636363,84.0,1.0,1.0,676.0,61.45454545454545,1372.0,124.72727272727273,0.33819021551516104,0.059130434782608696,374.0,869.0,3.2187741285757494,1.6094379124341003,0.2727272727272727,10.0
A39ON8YQHXP1MB,calibration,B0002Z8QG8,B00CU5749S,B000AADG0G,038f255071c5b542c6c8fb259766bb0c5420b638d1cb8ab07d36b52db4dd33d0,4.0,300.0,75.0,83.0,1.0,1.0,288.0,72.0,867.0,216.75,0.2022113781095817,0.06786427145708583,136.0,316.0,2.1429203441750766,1.3862943611198906,0.75,10.0
AIRJFZ6PD5UN9,calibration,B0015GEMSE,B006QO4BRM,B000NIY7QM,03a546083703968ebf03cfc8a8de65697c0aa0845e0a05ebadd50abc5c3b9a3e,5.0,372.0,74.4,83.0,1.0,1.0,356.0,71.2,858.0,171.6,0.21323264274536236,0.09686609686609686,169.0,396.0,3.594114771044216,2.70805020110221,0.0,10.0
A30AZ406PIOJUV,calibration,B003MJ7Z0O,B000GF1E54,B0046VGPHQ,03b1d5dc4788eb7f4400f735b78180535877b8c298c640d518d43791640466d1,2.0,167.0,83.5,84.0,1.0,1.0,159.0,79.5,278.0,139.0,0.2019163763066202,0.16097560975609757,67.0,159.0,3.7800402325109133,2.70805020110221,0.0,10.0
A2QC37YJS3N9LX,calibration,B007DKV8OW,B0068Y6CA4,B005QDL1K4,03b26994b6b7f088fa8a50b9c90cc21280153b8e214f3f0622bff9f391385168,2.0,107.0,53.5,83.0,1.0,1.0,103.0,51.5,233.0,116.5,0.3630622960124876,0.13991769547325103,68.0,158.0,3.6810052756298663,2.70805020110221,0.0,10.0
A26LD9FQHTM8ZH,calibration,B0068G8DTA,B001ECQ4JE,B0028K3J6W,03b81b7565a8b3c84b08ede501ea6d773e36ce04a7dda6a104cb8baaec6fcc5d,20.0,826.0,41.3,83.0,1.0,1.0,810.0,40.5,1069.0,53.45,0.4792251171652587,0.14782608695652175,681.0,1579.0,3.8935104198633526,1.791759469228055,0.05,10.0
A1WX42M589VAMQ,calibration,B002BEHQWI,B001KMR9WY,B000QE6U54,03d1de528569c108eef48d4e4f5abd6375dc2df8350d9e6933aea0867ced2e0e,20.0,1550.0,77.5,84.0,1.0,1.0,1490.0,74.5,3180.0,159.0,0.2302121428410097,0.07234042553191489,677.0,1582.0,2.5629697540778826,1.3862943611198906,0.35,10.0
A1YB4BT2CV33OW,calibration,B002ISZ0CK,B000Q7UKC0,B0009EILKS,03e3bd15a2d568021b5b4cd4d0d5d90e53c4222c8fe2c1dd2603be74831c1105,2.0,151.0,75.5,83.0,1.0,1.0,147.0,73.5,162.0,81.0,0.29947916666666663,0.265625,68.0,158.0,3.943040700887872,3.332204510175204,0.0,10.0
A37BFRPUCCZFH4,calibration,B004Z40048,B004TSFE6Y,B002B4LUF2,03eb1803baee130fc7f8162f447e019a05c4f5ad84f4291f30dc0fc3a49665f2,4.0,229.0,57.25,83.0,1.0,1.0,225.0,56.25,236.0,59.0,0.40397387696014464,0.2682926829268293,132.0,319.0,3.654870823403276,2.772588722239781,0.0,10.0
A3NDGGX7CWV8RT,calibration,B0050EB0BE,B001HTTBWQ,B000VOMZOY,03f97a6257d7416b6afe56a3460f963994daa93683ba01e1341e94613c276bc9,2.0,166.0,83.0,83.0,1.0,1.0,158.0,79.0,279.0,139.5,0.19775393898759638,0.17894736842105263,68.0,158.0,2.0871936349478184,1.6094379124341003,0.5,10.0
A5S660N2YVLNQ,calibration,B002WTC38O,B000052ZBP,B00121UVU0,03ff6f72e28c5eb534765b9c2ab61f01f79c545beeb7b5e0e9d2d64479f214e1,6.0,318.0,53.0,82.0,1.0,1.0,314.0,52.333333333333336,590.0,98.33333333333333,0.37488871061034607,0.08997429305912596,205.0,473.0,2.836721932568326,1.9459101490553132,0.3333333333333333,10.0
A3JN0OLISRMTO1,calibration,B004WPHE3K,B00126IXLO,B0000BV14G,040a328ee911ab945a544cf93259927c4a367416fc0b97e0dbe5f4faa6f8b576,2.0,165.0,82.5,83.0,1.0,1.0,157.0,78.5,450.0,225.0,0.17575637729879376,0.08997429305912596,69.0,157.0,2.659059996922108,1.791759469228055,0.5,10.0
A2DBAJPISZWJDV,calibration,B003TWU1K0,B001P0MWY6,B001ET7KAY,040d36eeb14dc3279ac4b87a99cb36e828c7ce5dc7b0fe0599c59b013d1f7c86,2.0,69.0,34.5,52.0,1.0,1.0,69.0,34.5,69.0,34.5,0.5310077519379844,0.3953488372093023,68.0,158.0,2.1910133173369406,2.0794415416798357,0.5,10.0
A2X9POB5LIZWQD,calibration,B004CLPHS8,B0049P5ZIY,B0001YXXUY,040d83f76f64db61ecc8c02026b1858f7881e44ccc0405214c2d3187c10b7350,6.0,410.0,68.33333333333333,83.0,1.0,1.0,402.0,67.0,837.0,139.5,0.2992526931380712,0.06319702602230483,203.0,475.0,2.34110371315461,1.6094379124341003,0.5,10.0
A1JV2N8KF26I2K,calibration,B004VSN3ME,B007SIG5HY,B0070TSNTY,040eb956d5623a072ee3eab1916be547b6a4964484db6e2de3a7ae6fee16a6e0,7.0,512.0,73.14285714285714,83.0,1.0,1.0,492.0,70.28571428571429,1299.0,185.57142857142858,0.22470940202464934,0.06451612903225806,238.0,553.0,2.803121767664194,1.9459101490553132,0.14285714285714285,10.0
AW9ZD1WXHJ5I,calibration,B004GHGA8O,B000Q2RP7I,B004PECMDU,04137f513efb90d929b873e54066b5b7a9060ffa09d970d1a93afb419861e386,4.0,333.0,83.25,84.0,1.0,1.0,317.0,79.25,920.0,230.0,0.13971815221815223,0.08717948717948718,134.0,317.0,2.6203059703961866,1.6094379124341003,0.25,10.0
A1WH5J3AP5JR7H,calibration,B00I073WLE,B00EYZY5VC,B004D267RG,041c4d3c4cdba8e9df028a8a864d76c81da442d914e678d2868b769d7b35c8ce,10.0,291.0,29.1,81.0,1.0,1.0,287.0,28.7,1004.0,100.4,0.5495553930282073,0.043373493975903614,350.0,780.0,4.31617817295575,3.6635616461296463,0.0,10.0
A36E68YOWHTIDN,calibration,B002LBE796,B001GIOW36,B0002JKPA4,042545f20be9a2295abd460d25e6d4f393003f468c0d48c639e60b1f71bc11fc,4.0,265.0,66.25,84.0,1.0,1.0,253.0,63.25,449.0,112.25,0.33605474572122107,0.11827956989247312,135.0,317.0,3.318040435623181,2.3978952727983707,0.0,10.0
A1VTZRQ672LJQ1,calibration,B00E5H3W2C,B008MIRO88,B00329L8TS,04341e9ef0179579e5b4f1bb4d8a7d429e73e9d4e04c06020c7a6812cd01ed47,3.0,208.0,69.33333333333333,83.0,1.0,1.0,202.0,67.33333333333333,212.0,70.66666666666667,0.3375137817825565,0.2809917355371901,102.0,237.0,2.8729489483809125,2.197224577336219,0.0,10.0
ABO187BW6PSUA,calibration,B000EVIWEG,B007MKVTSS,B00122CP30,04354dc34cf83c873661da498fa76e78d437b9d89f31b3cdd533c72a712fa60f,5.0,314.0,62.8,83.0,1.0,1.0,310.0,62.0,320.0,64.0,0.3564063850021173,0.2764227642276423,170.0,395.0,1.9693834402095465,1.6094379124341003,0.8,10.0
ALFHFT2NPJSKU,calibration,B001T8JLRK,B001P4UUV4,B00099Z2OQ,043f84c10f8002ab9d3a0b6a1e37110f52f3089a358e94b871a3a4c05c95846e,3.0,216.0,72.0,83.0,1.0,1.0,208.0,69.33333333333333,418.0,139.33333333333334,0.23769970649337205,0.1504424778761062,101.0,237.0,2.857227125566769,2.0794415416798357,0.3333333333333333,10.0
A2E601R9UMK10,calibration,B000AADEP8,B006UEUI8E,B004LXJU5I,04438e6676df9f2b2a14389a61d93cc942a74d672b57210c2994a04e4b90583a,9.0,683.0,75.88888888888889,83.0,1.0,1.0,661.0,73.44444444444444,1243.0,138.11111111111111,0.2517005097619409,0.07852193995381063,301.0,714.0,2.3389285116535206,1.3862943611198906,0.4444444444444444,10.0
AAOY6JB236XZW,calibration,B0047F708O,B001AATJZG,B001DKF08S,044739ca93295e1750e6a27695331acdf90dfa42f3b541c6466dd93700e0f071,5.0,271.0,54.2,83.0,1.0,1.0,263.0,52.6,858.0,171.6,0.3358859248891851,0.07534246575342465,169.0,394.0,2.752440942687963,1.6094379124341003,0.2,10.0
A1XAPRM0OO15SO,calibration,B0020HEBX8,B000JKPDQ2,B0042SHWXY,04698d90117d0cb4c3696296d689fb51d6f5ad69eb84b1dde5b6257e7f5a33e2,15.0,844.0,56.266666666666666,84.0,1.0,1.0,824.0,54.93333333333333,1145.0,76.33333333333333,0.37194282826414954,0.1452991452991453,511.0,1184.0,2.4621603533126595,1.6094379124341003,0.4666666666666667,10.0
A3KSZR5W7R5BB5,calibration,B00DDD3OB8,B0007X74E0,B004600K00,04732de8729e543601825fc521f30118c41153cf20dab7851bb12fe9be1f5541,5.0,294.0,58.8,83.0,1.0,1.0,282.0,56.4,448.0,89.6,0.3738820414585301,0.13991769547325103,172.0,393.0,3.3658347416363297,2.6390573296152584,0.0,10.0
A37TNRVP54I09T,calibration,B000RBUMR8,B000EGMBWU,B000EGIFBQ,04790df4f0a4198d0fae776780ba94ed8ca802880313e0e21bac5685ef2512f9,2.0,149.0,74.5,80.0,1.0,1.0,148.0,74.0,149.0,74.5,0.31417135070686425,0.2982456140350877,68.0,158.0,2.2154083994216567,1.791759469228055,0.5,10.0
AHPIAD7T6WFL9,calibration,B003IX3CEM,B0018BTCZO,B000A3I2X4,04818c71cebf0ecdef8077e0093a9f1bd2d9c872cdf2de7bb3722b11b03b43b3,15.0,961.0,64.06666666666666,83.0,1.0,1.0,933.0,62.2,1168.0,77.86666666666666,0.3435425284446524,0.1596244131455399,509.0,1186.0,2.815184809838614,1.6094379124341003,0.3333333333333333,10.0
AJXZUXN05JWXV,calibration,B00GJG9JCY,B00GYB107Q,B002Z684Q4,04ac5aac170cfb2b87e9ad5e541433f42a23a2ed0b5c9ae4fb2517de5e2bacab,13.0,574.0,44.15384615384615,84.0,1.0,1.0,562.0,43.23076923076923,878.0,67.53846153846153,0.4621997082752989,0.08740359897172237,445.0,1024.0,3.8376631714802567,1.6094379124341003,0.07692307692307693,10.0
A2FIH6L9KWOXLR,calibration,B004OHQR1Q,B0018CQKXK,B0006Q3P50,04c2f077add10c89a2c712f4fcce332dad99e5f935662bc74cfd79f7f8490e83,6.0,396.0,66.0,83.0,1.0,1.0,380.0,63.333333333333336,518.0,86.33333333333333,0.33949093734870345,0.20359281437125748,204.0,474.0,2.7670496666006446,1.9459101490553132,0.3333333333333333,10.0
AO6KOCDDQ9NLK,calibration,B001Q854GK,B000PXYC6U,B005UKRRKG,04c3c43c0d1d4778c62cd93bb248294fb7d4f7beb02b6dda99cc983bcecb3054,3.0,248.0,82.66666666666667,83.0,1.0,1.0,236.0,78.66666666666667,414.0,138.0,0.21543429943764078,0.14285714285714285,103.0,236.0,2.976875489724526,2.6390573296152584,0.0,10.0
ADN74NQN39ZQ6,calibration,B005OZOIKY,B003HFSZ3Y,B00181XMGO,04ca328b12f10118eb73ea4b2f14cc10b35701201cf7d7828beebceb187a99af,2.0,104.0,52.0,83.0,1.0,1.0,100.0,50.0,129.0,64.5,0.428809218950064,0.23943661971830985,68.0,158.0,2.8314802400679726,2.197224577336219,0.0,10.0
A19L14G82I6SEE,calibration,B004DK0UDA,B00150LT40,B001T8OO6S,04cbbc32725ea1669f8a386baafba56fd8823a33901a7ef61f4567778b5a7e3c,3.0,135.0,45.0,69.0,1.0,1.0,135.0,45.0,135.0,45.0,0.4468312324929972,0.3235294117647059,101.0,237.0,3.2296853139413133,1.791759469228055,0.3333333333333333,10.0
A2MA90LDL14EGF,calibration,B0009RFB76,B00139TXUU,B001RB59H0,04cd6e7c503f96f2156e5c74dea72b26568983f508efe8e4ec072ffce0611127,2.0,94.0,47.0,74.0,1.0,1.0,94.0,47.0,94.0,47.0,0.4722222222222222,0.3148148148148148,68.0,158.0,2.255429753258425,1.9459101490553132,0.5,10.0
A35IDGYIST7CLI,calibration,B001PN55KQ,B001EYFNVW,B000172R76,04d7ef3a92663ea7bd7b2941fec32f6e48521b0b2fc361b066753a172614a4d5,18.0,1196.0,66.44444444444444,84.0,1.0,1.0,1156.0,64.22222222222223,2985.0,165.83333333333334,0.2905681230667169,0.039951573849878935,615.0,1419.0,3.264975445157567,1.791759469228055,0.16666666666666666,10.0
A10UEHOMQTDBIH,calibration,B004X1QECA,B005O0GBHC,B0009PVV4A,04df6e44c5d45b5f64bad89b8e4e8fd1ca5cbd85a5ec0aab9c734970b17c7b03,2.0,115.0,57.5,83.0,1.0,1.0,111.0,55.5,132.0,66.0,0.3768656716417911,0.2537313432835821,66.0,160.0,2.04717228111105,1.3862943611198906,0.5,10.0
A2T54LECJVPR5V,calibration,B00B2B2VGW,B00J8UJNU6,B00EJSONGG,04eeefdf47c940c7589ea444d0e8068d26b6af4ba6dbae6b98a7049705646233,4.0,332.0,83.0,83.0,1.0,1.0,316.0,79.0,1159.0,289.75,0.1386689915884683,0.07834101382488479,136.0,316.0,1.6184726740880686,1.0986122886681096,1.0,10.0
A3JZ53RJGYFKA2,calibration,B001E76FFW,B000JR59LY,B001ET76E4,04f6635992240dfae21b1b1ab2a0c1a08530f467cbcf95039d8028ffc5352f3f,9.0,557.0,61.888888888888886,84.0,1.0,1.0,541.0,60.111111111111114,669.0,74.33333333333333,0.3547805238790752,0.20118343195266272,304.0,713.0,2.6568056016705537,1.9459101490553132,0.2222222222222222,10.0
A7JLPVS4J3DFD,calibration,B006Z96OI2,B00DS1R8U8,B001G3VA22,0510910b6c1b5c96b0bf837f785aa392ea2c39ef5253217d88cd42c159ce7f9f,7.0,430.0,61.42857142857143,84.0,1.0,1.0,418.0,59.714285714285715,700.0,100.0,0.3253009063537463,0.13076923076923078,236.0,555.0,3.010545834888094,1.3862943611198906,0.2857142857142857,10.0
A3J6E6LP54WVP5,calibration,B009XQE06C,B008HZ521C,B004Z40048,0515c1cd3a70c0be95ae4b163f83240da44f0721403a39d3d5b1c860f1f57a52,2.0,166.0,83.0,83.0,1.0,1.0,158.0,79.0,756.0,378.0,0.08463076746476235,0.07127882599580712,68.0,158.0,3.218075184184714,1.3862943611198906,0.5,10.0
A3Q0OTJCD33XEP,calibration,B00CPS4F0Q,B002X9XV48,B003VMZHKM,051ed91c2ad43c45eb5d0a926c297534ca265d7858cb0d4e0b751f7884df28c4,15.0,1174.0,78.26666666666667,83.0,1.0,1.0,1122.0,74.8,2591.0,172.73333333333332,0.20593292728339332,0.08018867924528301,509.0,1186.0,3.124973314450909,1.791759469228055,0.2,10.0
ALBEDLVBTL4QN,calibration,B001JKTTVQ,B000NJ0030,B000F63TW0,052acf25cbd9ff6f62e8d91d32a75bac9e8b283ff24879b370ee0a8801cdc22f,2.0,129.0,64.5,84.0,1.0,1.0,125.0,62.5,467.0,233.5,0.2514536096814578,0.07252747252747253,67.0,159.0,3.9092151360353284,3.0910424533583156,0.0,10.0
A2IVZDMJR864HA,calibration,B002WTC38O,B001IAE1BU,B001UOLI4C,053121260cee622a4286cd06aa6798783811648ba0b9814ee66f34feb3140a4d,9.0,634.0,70.44444444444444,83.0,1.0,1.0,611.0,67.88888888888889,869.0,96.55555555555556,0.3061104780450419,0.12878787878787878,306.0,711.0,2.474435722663051,1.791759469228055,0.5555555555555556,10.0
A1KMG1AIUS00DC,calibration,B00A0J09C0,B007RTR8AM,B004UKENRC,0531f7747258634ee2e3edb252b8cf2a4042b0ec17575d8ee08c20fcc2a2e2cd,3.0,82.0,27.333333333333332,42.0,1.0,1.0,82.0,27.333333333333332,82.0,27.333333333333332,0.5737432378941812,0.46153846153846156,104.0,235.0,4.438502057609955,4.276666119016055,0.0,10.0
A310WAS2DJMXDU,calibration,B004SSRSRS,B003VMVBVG,B003VMU63K,0538ee0e140b3e06237d128ae47204dd68012ba33451d334ae4265958941ada9,2.0,166.0,83.0,83.0,1.0,1.0,158.0,79.0,233.0,116.5,0.22332103649051072,0.2214765100671141,67.0,158.0,3.6674909394359068,3.044522437723423,0.0,10.0
AQ80LJNDLVZPG,calibration,B003X18NPW,B0010ED5FC,B002JSL6QI,054f396f1a58ba3b7e958b0b42e239a97879a3756ff0ee404c06169ec026a231,6.0,440.0,73.33333333333333,84.0,1.0,1.0,420.0,70.0,1417.0,236.16666666666666,0.24268945770228123,0.039951573849878935,203.0,475.0,3.347259533346733,2.0794415416798357,0.16666666666666666,10.0
A1H4HMN60LKUXB,calibration,B0000XMQTA,B006L5XS8E,B0045K1N8E,05523951c826bd4a3626addf9286eb09f177b48443f9afcf60015147a0f80e68,2.0,167.0,83.5,84.0,1.0,1.0,159.0,79.5,207.0,103.5,0.24557604918471,0.22758620689655173,67.0,159.0,2.979212346514891,2.197224577336219,0.0,10.0
A3VU72O2BZSPXW,calibration,B0043OYFKU,B004DJWDN6,B000WTHKVQ,0571d236c93959abe3f04731f7f0505089e41da0c9acfe41113f08c5c65c4d07,4.0,332.0,83.0,83.0,1.0,1.0,316.0,79.0,768.0,192.0,0.19074133167841129,0.07623318385650224,135.0,316.0,2.911514194393353,2.0794415416798357,0.25,10.0
A3HNADBFO4LTG,calibration,B002Z7EOOE,B00027DMJW,B000VOJHE0,05798c1a645575d79cf26d18bc9382b28e676d340e7c50b4e2681b2d024cc367,2.0,166.0,83.0,83.0,1.0,1.0,158.0,79.0,401.0,200.5,0.16435786435786437,0.10793650793650794,68.0,158.0,2.04717228111105,1.6094379124341003,0.5,10.0
A3RUQO10JKY9NT,calibration,B000GLGBQ0,B001EWF2F6,B0012134EK,0585218bee669b8f0b2c1b7fcbfe75250a3228f540e0f25f6cd9bdcfe5385723,2.0,101.0,50.5,62.0,1.0,1.0,101.0,50.5,101.0,50.5,0.4099600456621004,0.3541666666666667,68.0,158.0,2.282174095733918,2.0794415416798357,0.5,10.0
A3VKQ5PVKP7Y8V,calibration,B000MN6FQ8,B000H88QOM,B001BPFQF2,0585693d62fe20c81d26eca5e32872f7e9d7921e7262c1abc0166198bf1f6c7f,5.0,397.0,79.4,83.0,1.0,1.0,385.0,77.0,576.0,115.2,0.24230372343001347,0.17525773195876287,170.0,395.0,3.1903420866925436,1.9459101490553132,0.2,10.0
A3CMEHPWLYCV6,calibration,B003N21THK,B008Q012IK,B0009DT39W,058b194b3940838467c6866aa68550e7dede3843dc9a911c62d405dcd2fb550d,9.0,690.0,76.66666666666667,84.0,1.0,1.0,666.0,74.0,1111.0,123.44444444444444,0.26950283609064407,0.07252747252747253,305.0,712.0,2.5534799469310956,0.6931471805599453,0.5555555555555556,10.0
AS5ZYG7TIWVT,calibration,B0013TM9UQ,B000ZMBSPE,B000F8HWXU,05ac67a5350ef21c6e4c2a662208098eb2d9f5a12bed92b0cfa584eedb9a67a1,2.0,166.0,83.0,84.0,1.0,1.0,158.0,79.0,492.0,246.0,0.12130051223676722,0.10714285714285714,67.0,158.0,4.901723099177951,4.060443010546419,0.0,10.0
A2LH3CBOXMPWJO,calibration,B0069FDR96,B004DK0UDA,B000O3BDHW,05bb2f008d3d66e4583b7ee3d646e5def20c66e402e696333e475ca9eefa15c0,5.0,292.0,58.4,83.0,1.0,1.0,283.0,56.6,342.0,68.4,0.3973779447254264,0.20359281437125748,170.0,395.0,4.031559023661337,2.0794415416798357,0.2,10.0
A4QILEL3P0156,calibration,B0022H6JQI,B001QYBURQ,B00132TISE,05c75d93d17e14ca5089fa21cba87a424382c10604777f18013732b9283a6431,2.0,167.0,83.5,84.0,1.0,1.0,159.0,79.5,912.0,456.0,0.12980292414499153,0.04106280193236715,67.0,159.0,2.8995463272302633,2.3978952727983707,0.0,10.0
A3QTZ8OHWM4WNN,calibration,B003CHMS4O,B001CENUPU,B003IU9HI0,05d1e8eb6fede3d4f25d2bc720efde2b5ff55b217c0e350bf8732049c0a96b12,4.0,290.0,72.5,83.0,1.0,1.0,278.0,69.5,530.0,132.5,0.25773306951401836,0.11447811447811448,136.0,316.0,2.360363023234892,1.6094379124341003,0.5,10.0
A2M2M28L9OTNVL,calibration,B0076H8R8C,B001QDDJB2,B000TF70J0,05e532030d692f78f549eae9203217c0aa825237014a2eb27e069f31a57f7511,2.0,165.0,82.5,83.0,1.0,1.0,158.0,79.0,466.0,233.0,0.18722158059726116,0.08133971291866028,68.0,158.0,2.1910133173369406,2.0794415416798357,0.5,10.0
A2A5DGNAJRHSH,calibration,B0092V5BGG,B00GDJTN3M,B00GM3G6WK,05e86c5229808adc9a538e57bf95d52abab68c5371e3758d1056e9c8197c7a9b,4.0,332.0,83.0,83.0,1.0,1.0,316.0,79.0,590.0,147.5,0.2014070309015534,0.1259259259259259,136.0,316.0,1.9437139416663802,1.3862943611198906,0.75,10.0
A1AHTRLLNVXGLW,calibration,B00876T3W0,B0078YQ9BU,B008U1Q4DI,060c1f83568295c9b2ff4fb8f2b8a70e0da9bfb254b3e5572f990036678785fd,5.0,288.0,57.6,83.0,1.0,1.0,280.0,56.0,310.0,62.0,0.3781284027360859,0.2595419847328244,168.0,397.0,4.107853599194568,2.0794415416798357,0.2,10.0
A1M0OSMWJWL33N,calibration,B008U1Q4DI,B008SPOKIW,B001G3VA22,062dbfc5f134a9121e1c64110c475934d2d7c2d27e43eb3272f3d1fe45138378,9.0,630.0,70.0,84.0,1.0,1.0,606.0,67.33333333333333,907.0,100.77777777777777,0.29221214245039373,0.13654618473895583,304.0,713.0,3.881226143714468,2.197224577336219,0.0,10.0
A1Z0OQW3X6J91A,calibration,B005PZ2PNK,B0057JCYYE,B003VMZHKM,0648d56be58f7bf0c184673c217b2b7e802a6b6dd3498ce1e42ac9de94e4149d,2.0,116.0,58.0,83.0,1.0,1.0,112.0,56.0,145.0,72.5,0.3664383561643836,0.2328767123287671,67.0,159.0,3.594583869210161,3.2188758248682006,0.0,10.0
A3PX70B6GRUV7E,calibration,B0018DAUKI,B000KFX10G,B001ET79H8,065188ef638eb7d8672c2097ff08b971662b9bc266efbff2272eecd707a6cf02,13.0,881.0,67.76923076923077,83.0,1.0,1.0,852.0,65.53846153846153,1802.0,138.6153846153846,0.282236398851783,0.08651399491094147,441.0,1027.0,3.0775902815362217,1.6094379124341003,0.15384615384615385,10.0
A2ESI82Q6P9K8Q,calibration,B0092MCMM6,B007IVTA0U,B0000YUX4O,0653b595e46d7616c6110ac39651f22a60d5f3a3fd17be27a183dfd445446a2a,4.0,284.0,71.0,84.0,1.0,1.0,272.0,68.0,567.0,141.75,0.25876429313929317,0.11486486486486487,135.0,317.0,2.969642019722805,1.791759469228055,0.5,10.0
ASF8X0ZZGX3HW,calibration,B005BF1M10,B000QUMBP6,B0002SGSNI,065f354a667a37e8b7536879df5c5485d02ca36e727f641bad9f18d016df09f1,2.0,81.0,40.5,43.0,1.0,1.0,81.0,40.5,81.0,40.5,0.4568903318903319,0.44155844155844154,68.0,158.0,2.808385548833286,2.3978952727983707,0.0,10.0
A2VY6PIZHB12QK,calibration,B003EH20VI,B0033WSTXM,B001ET7892,066b3dc618980e0cca1d1fc8c9fc99733c0ac9ab5c1abb950571fff2b86b850f,3.0,242.0,80.66666666666667,84.0,1.0,1.0,234.0,78.0,398.0,132.66666666666666,0.21771822522667525,0.15789473684210525,100.0,238.0,2.761333101416175,2.3025850929940455,0.0,10.0
A24DY61P0RE0ZO,calibration,B004QLOFS2,B0028S0V1K,B009ND81NS,06743e7d380c624fd3bf821e9cbb825ac50d0913193541d5e5f852ff9793f8ae,6.0,395.0,65.83333333333333,84.0,1.0,1.0,387.0,64.5,475.0,79.16666666666667,0.3252664622753681,0.18181818181818182,201.0,476.0,2.3245327497982746,1.6094379124341003,0.3333333333333333,10.0
A24DTYG7QVN08R,calibration,B001R201DQ,B001H3JQ0E,B000QGKQXO,067723359a56775026bb4ed97da7bfbca1be1c20a8a084d8cebaf477f3bd35ed,3.0,247.0,82.33333333333333,84.0,1.0,1.0,238.0,79.33333333333333,405.0,135.0,0.2240183792815372,0.13095238095238096,101.0,238.0,2.0741920893571226,1.9459101490553132,0.6666666666666666,10.0
A2IRP5D2NICEQW,calibration,B00703QGQM,B0042WJDOQ,B0042WIHNY,06b062ae5bef72b9e73361ed28fbeb14cd0639df3c30a0e70b64f252806a8c2d,2.0,111.0,55.5,59.0,1.0,1.0,111.0,55.5,111.0,55.5,0.3804701175293823,0.3655913978494624,68.0,158.0,2.359249435647547,2.0794415416798357,0.5,10.0
A1JKNXCDZ42K84,calibration,B0035RF85C,B006QO4BRM,B009WLXABE,06b999c2dc969fa84cc7da906835e949b18b5da72a4dff9046d9f0910e5728b5,4.0,216.0,54.0,83.0,1.0,1.0,208.0,52.0,317.0,79.25,0.4005745483148628,0.15813953488372093,137.0,315.0,3.0353835310981507,1.6094379124341003,0.25,10.0
A1T201R0U99K4N,calibration,B004B3Z0Q6,B00385WMJ6,B000TXIQJU,06c03ecd57290f9dbac40f5669a89950ca4c614264d697d97b25e44c4e7539ae,2.0,166.0,83.0,83.0,1.0,1.0,158.0,79.0,200.0,100.0,0.2524813895781638,0.23076923076923078,67.0,158.0,2.178354413344796,1.791759469228055,0.5,10.0
A2CXV9CG7DAOOK,calibration,B001WW8NFY,B004BCVEAS,B000H3CPO4,06c36c6b1e847533f8b249e49dbb16cf6de61993b3307a8206d774a63ef94dbc,4.0,285.0,71.25,83.0,1.0,1.0,273.0,68.25,333.0,83.25,0.31677401164337726,0.21518987341772153,137.0,315.0,2.7578175546260044,2.4849066497880004,0.0,10.0
A29VG90T649CSU,calibration,B00C25L2VW,B00BV5EW8Y,B001OMI93S,06cfac6c47d1c5a0858d9eb262af5b478dd981d852de33bb64d546fc21b29c7d,7.0,305.0,43.57142857142857,82.0,1.0,1.0,297.0,42.42857142857143,1017.0,145.28571428571428,0.4231897728815345,0.04936530324400564,242.0,549.0,3.8500913261421497,2.197224577336219,0.0,10.0
A2M0APR187Z71K,calibration,B000TFQH5I,B000V2DLJO,B000OW9QCW,06e4fd0843e33b4c58224bd6356213a7cfd20aa2e56569a1ce41cc5c00b15bc1,4.0,318.0,79.5,83.0,1.0,1.0,309.0,77.25,769.0,192.25,0.21990155828542046,0.06589147286821706,135.0,317.0,2.9299849085886387,1.6094379124341003,0.25,10.0
A2ZJPDH0YP90SD,calibration,B009G0E9CK,B00HSNX1AS,B000KPZ7SK,070e0c2bb2e41278e74c05834cb919742d6b471b5039178677b845e59829f57a,17.0,635.0,37.35294117647059,83.0,1.0,1.0,619.0,36.411764705882355,1012.0,59.529411764705884,0.5027551938780622,0.12056737588652482,588.0,1333.0,3.5976666721654627,1.791759469228055,0.11764705882352941,10.0
A2GWWLZTRRE5HO,calibration,B001EGP680,B00137B2S8,B000OYJ9AO,0727468cd10e701a68ce5780a11e4f77e4ea7769bfa6642873b37cb3b53bd231,2.0,166.0,83.0,83.0,1.0,1.0,158.0,79.0,292.0,146.0,0.19392249437561393,0.16267942583732056,68.0,158.0,3.2299522271887673,2.197224577336219,0.0,10.0
APSYRY0XYPQPE,calibration,B005PZ2PNK,B002LLG4T2,B002UPYITM,072d8172aade86ce4f35033412ccf0ed456988f6f2393de71c20096dfe6d3671,3.0,196.0,65.33333333333333,83.0,1.0,1.0,192.0,64.0,223.0,74.33333333333333,0.3308961469460609,0.2361111111111111,102.0,237.0,2.412832280298121,1.791759469228055,0.6666666666666666,10.0
A2L6QS8SVHT9RG,calibration,B001IACZEK,B00GZ18LL8,B001JQLNPA,0734c635fc4144a9198924b9ff9de22fd6a997be93101331dd0a103a5f6037a8,19.0,944.0,49.68421052631579,84.0,1.0,1.0,916.0,48.21052631578947,2276.0,119.78947368421052,0.4068947958056559,0.06692913385826772,653.0,1494.0,4.147902570867091,3.3672958299864737,0.0,10.0
A2RFSFZVD9LR94,calibration,B00373FE76,B00121PZZG,B002ZNJI94,073a9680ce39378883fe80d2ff3e50fb316f1a0a9f1e154d3a6c969c666585c8,3.0,232.0,77.33333333333333,83.0,1.0,1.0,224.0,74.66666666666667,637.0,212.33333333333334,0.22405373450750163,0.06653620352250489,102.0,237.0,2.250367156312253,1.6094379124341003,0.3333333333333333,10.0
A7KL6CU985HI9,calibration,B001A3ML3K,B0015H3QTY,B000F63TW0,073b6b43dafcbb705a7c98a94d631a043e7599c9616ef4e4facb3612c362544b,4.0,292.0,73.0,85.0,1.0,1.0,280.0,70.0,833.0,208.25,0.21430928986661474,0.07252747252747253,133.0,319.0,2.8245676952629815,1.791759469228055,0.5,10.0
AFMNGEW2CUEXU,calibration,B002VBRPZO,B004OT29MA,B00015GWQU,074bc683dddd402ac207702315cbc3269e9f3aabed27691ade4e0c58a645adcf,3.0,240.0,80.0,84.0,1.0,1.0,232.0,77.33333333333333,281.0,93.66666666666667,0.2688218869150952,0.22916666666666666,101.0,238.0,3.2496455975625103,2.4849066497880004,0.0,10.0
A2V10LPZP0SF6U,calibration,B0024WDWU2,B00APBR9QM,B001CSROJO,07549b8fb6f6fd90b97a5255f734e23fd911110368e936c6f15d42ffdd739b6c,17.0,1286.0,75.6470588235294,85.0,1.0,1.0,1234.0,72.58823529411765,3996.0,235.05882352941177,0.21345743933310934,0.04106280193236715,576.0,1344.0,3.0360964404661566,1.791759469228055,0.29411764705882354,10.0
A2WHM6LXPH0L4Z,calibration,B009XQE06C,B0051918JW,B002T71IL2,0755501ae1f158af63e24d07e30ff349d846c3b4c4ce4452a3fdd0a304efc4c7,2.0,166.0,83.0,83.0,1.0,1.0,158.0,79.0,384.0,192.0,0.16541806596056144,0.11564625850340136,68.0,158.0,3.255129170261575,3.044522437723423,0.0,10.0
A1Q18KOGDIGRNU,calibration,B004Z40048,B0068Y6CA4,B002DOO1VA,075914e7d10425d9d0b4935c849cd96ecda80e133e587034fbbf4506121a40ba,2.0,166.0,83.0,83.0,1.0,1.0,158.0,79.0,968.0,484.0,0.09139642655125352,0.04287515762925599,68.0,158.0,4.794217141644108,4.653960350157523,0.0,10.0
AF1D688BHHK6A,calibration,B0047F71SS,B002VA4FWG,B002CML1XE,076fb296b1f264891b214b2762a102776dc0019c6e254b8f30d4c53113e1ddf0,2.0,103.0,51.5,83.0,1.0,1.0,99.0,49.5,202.0,101.0,0.39002445842068484,0.1574074074074074,67.0,159.0,2.871501593904741,2.4849066497880004,0.0,10.0
A366YFWGJ84JAJ,calibration,B000HRXCRE,B004FEKA3E,B001LF4G44,0796807f7c6acd67613da55b8645435d53a424a9b6e395c7fbdcaaf69ca788b3,5.0,382.0,76.4,83.0,1.0,1.0,370.0,74.0,1152.0,230.4,0.23850610470478556,0.04106280193236715,172.0,393.0,2.9238490340051673,1.9459101490553132,0.2,10.0
A2VJJ2POCLMED7,calibration,B0032FSDOA,B001ECQ4IU,B001FSK8QM,079ddd28251f74bfc19396f753216d85f686a00216fcf95713f9b30c0a84852a,10.0,240.0,24.0,36.0,1.0,1.0,240.0,24.0,240.0,24.0,0.5949114202386065,0.49295774647887325,344.0,786.0,4.40120209015293,3.8066624897703196,0.0,10.0
A3PRGEQY08KBGE,calibration,B004J6WCBQ,B004INUWX0,B003HGOIOS,07a25ddb8250a014724744e1090bc3cb821b0fcc417a76970f94f0e7efe70a49,3.0,156.0,52.0,84.0,1.0,1.0,152.0,50.666666666666664,180.0,60.0,0.41967367334347383,0.23404255319148937,101.0,238.0,2.800369570798478,1.791759469228055,0.6666666666666666,10.0
A3P8ZDHC7XSKSE,calibration,B00BUMDR1Q,B0040H00PE,B000GCVWL8,07e0beb2d34a73e7c69c27623c0eeea9844bb79cb9be4c52eca6c67899c33072,15.0,458.0,30.533333333333335,83.0,1.0,1.0,450.0,30.0,500.0,33.333333333333336,0.5596216605076477,0.22972972972972974,513.0,1182.0,4.20317943575352,1.791759469228055,0.06666666666666667,10.0
A250Y5ZF31QQTE,calibration,B004BD11DM,B00ANGCCN4,B001JQLNMS,07f42a0f20acc93fe0e6862bb4daf40c638fc97b8bf6ad91d74d41d675efa617,4.0,224.0,56.0,83.0,1.0,1.0,216.0,54.0,535.0,133.75,0.36679595547139043,0.07981220657276995,138.0,314.0,3.2962641116856877,1.6094379124341003,0.25,10.0
A2MF2QVSCUI27G,calibration,B007VH5EBK,B00DEXA0LY,B004UQPCGM,08056181d8622b5475716bff8205efad701967a9c4d294972ad2eecb6990c35f,4.0,222.0,55.5,83.0,1.0,1.0,214.0,53.5,367.0,91.75,0.3647665353416627,0.16346153846153846,136.0,316.0,3.889387207436473,3.6375861597263857,0.0,10.0
A1Z5LOVM2O5MRN,calibration,B001R2IGEC,B0042SXYUY,B0046ZHQAW,080f08a075fb984f54f7ff4642e546d72219705eace1cd17f4c33d42b666e531,4.0,333.0,83.25,84.0,1.0,1.0,317.0,79.25,1093.0,273.25,0.12829354120173941,0.06563706563706563,135.0,317.0,2.2326566172933946,1.791759469228055,0.5,10.0
A2V3HYAS16V30T,calibration,B008QMWPKM,B006WVCF18,B003PL3K8U,0821fa6b0f1df1e6e541fb8d8013c66a5d1c003f9a260e3abc94a5b84a834644,5.0,324.0,64.8,84.0,1.0,1.0,312.0,62.4,569.0,113.8,0.31579270405790505,0.12692307692307692,169.0,396.0,2.931190594678899,1.791759469228055,0.2,10.0
A1JV3E2M4AOOOV,calibration,B0049WJA9C,B003EBNLIA,B0012QD7EC,0824d3d165cd6317311dbc0eed41f82711205c67c23cd8a21f81708a9dce78d4,6.0,382.0,63.666666666666664,83.0,1.0,1.0,366.0,61.0,608.0,101.33333333333333,0.3559726177073919,0.1033434650455927,204.0,474.0,2.981906089110393,1.6094379124341003,0.16666666666666666,10.0
A3I2MP5YSXVCTI,calibration,B0068YUBCE,B000TUC9AA,B000ALFROS,082c5001ddbc7acde404cbaa3107c413610a0b88dba1c5e9daad87a66d2a6c62,3.0,148.0,49.333333333333336,83.0,1.0,1.0,144.0,48.0,292.0,97.33333333333333,0.3875627635193058,0.13026819923371646,102.0,237.0,2.7940201724749136,2.4849066497880004,0.0,10.0
A1X9Q4I1NUPRHN,calibration,B0000C0XL8,B00150LT40,B0009OAGRE,083be5aa0a5124fa23014c9f6f5d2cc10938eddb02b90ddd98c94af300aa68c6,9.0,632.0,70.22222222222223,83.0,1.0,1.0,616.0,68.44444444444444,736.0,81.77777777777777,0.3210020995498953,0.192090395480226,305.0,711.0,2.532531867453363,1.0986122886681096,0.5555555555555556,10.0
A1OXU19NZ5MWOU,calibration,B005BF1M10,B003AQGX1Q,B005C1C02S,084991b762afc00d69c100b03dc6ab2975c0dad165162b3cdbe3c69be9f914e8,5.0,296.0,59.2,83.0,1.0,1.0,288.0,57.6,333.0,66.6,0.3699200670201617,0.23448275862068965,170.0,395.0,3.950477357611034,2.9444389791664403,0.0,10.0
ACZ3T1PPJD96Y,calibration,B000L8GL8G,B000F4GIP2,B00021DVCQ,084a077c2273a5958ad2c801fc496fe80a113c730fb9feca86a2e1a6ceb45f99,3.0,250.0,83.33333333333333,84.0,1.0,1.0,238.0,79.33333333333333,420.0,140.0,0.19548278108211517,0.16346153846153846,100.0,238.0,2.685052577273226,1.6094379124341003,0.6666666666666666,10.0
A2M37C0ZMVZ24B,calibration,B00027D8IC,B00027D0DU,B00639DLV2,08604467ec79e7eabad008ebe9ef8b688b6b5f6855d3ed4a169dd689d681d374,2.0,119.0,59.5,83.0,1.0,1.0,115.0,57.5,138.0,69.0,0.3678571428571429,0.25,68.0,158.0,4.716541921634526,3.8918202981106265,0.0,10.0
A1XACOUMZD3168,calibration,B000PIMUR8,B00016XJ4M,B00CF5W2D6,086da48b55e71e995c7bff1a0c36977fcce60bd124b02226a2d0c15181f035ab,2.0,167.0,83.5,84.0,1.0,1.0,159.0,79.5,1031.0,515.5,0.06127898172454395,0.057724957555178265,67.0,159.0,3.4282309922972933,1.6094379124341003,0.5,10.0
A31PZB9RQPE2AB,calibration,B0014A5P8C,B000VUYDJI,B000142FVW,0898868b06c9194d5109125b596f337aa7c6d56330010e535cc17b62ebaeeca0,3.0,228.0,76.0,83.0,1.0,1.0,224.0,74.66666666666667,260.0,86.66666666666667,0.2867435476981986,0.22818791946308725,101.0,237.0,4.402678786380826,3.2188758248682006,0.0,10.0
A3G73APKHDXLCE,calibration,B001CCQ84C,B000UVZU1S,B0043OYFKU,08a1a8d804a7b42d8d0acc9dd03f4707372571af2c50fe54fd29e7c3b53d96e9,5.0,279.0,55.8,83.0,1.0,1.0,275.0,55.0,282.0,56.4,0.39591065091065086,0.2833333333333333,171.0,394.0,3.4888091764340485,1.3862943611198906,0.2,10.0
A2HY03SSXI0M4G,calibration,B000BIXP5S,B0056GDG90,B000052ZBP,08a342799621294bbc16618134f38ca3b239dcdfded6994a1966769f867f5bea,10.0,557.0,55.7,83.0,1.0,1.0,552.0,55.2,968.0,96.8,0.3823455802814374,0.06439393939393939,340.0,790.0,2.904834448965137,1.6094379124341003,0.4,10.0
AMV8PWEWDGFJ4,calibration,B009T8BF94,B00EVM7OJS,B003QITYNC,08a44c5775b8669b6db4f9994e1968719eae91dd956bd9f1bcc48fca445ce6ca,4.0,277.0,69.25,83.0,1.0,1.0,269.0,67.25,492.0,123.0,0.28783485492978894,0.10725552050473186,136.0,316.0,2.76732277268614,1.6094379124341003,0.25,10.0
ABKOVXEYT0DPE,calibration,B000GA7214,B00BXKET7G,B00506XJIY,08aca699ff7736bf9c8c0ba767099c5abc62a2bf40cb7479610dc092ace83c57,6.0,494.0,82.33333333333333,83.0,1.0,1.0,474.0,79.0,1023.0,170.5,0.1985812732172553,0.08542713567839195,204.0,474.0,2.4311030466655716,1.6094379124341003,0.3333333333333333,10.0
A3R113WVMW5ACR,calibration,B006Z8BN02,B000I4POL8,B000V6DMUS,08b7893394466c37258e264f585c1384a8c0bed094c475ae52ecfc3b67317178,7.0,581.0,83.0,83.0,1.0,1.0,553.0,79.0,999.0,142.71428571428572,0.2103365315484247,0.10610932475884244,236.0,553.0,2.2212997706195656,1.0986122886681096,0.42857142857142855,10.0
A199ADDPX0MJDD,calibration,B004DBXLO4,B00A0IWSN4,B0058CJV50,08cf21782756432f0768ff67a48d3fc96763904589402a2dd796ae6ca0a2aada,2.0,102.0,51.0,82.0,1.0,1.0,98.0,49.0,124.0,62.0,0.4407140953903544,0.2517985611510791,69.0,157.0,4.18132121578382,3.737669618283368,0.0,10.0
A1MFDFUGEVNIFK,calibration,B003KUD702,B0074OLDLK,B000C1VT0W,08d73aae17df518aab71a45dc6718972742f14b64df97e52fd39e16ce8a29de7,19.0,1440.0,75.78947368421052,84.0,1.0,1.0,1380.0,72.63157894736842,2278.0,119.89473684210526,0.2465370920608044,0.12686567164179105,645.0,1502.0,2.5715822279962026,1.0986122886681096,0.3157894736842105,10.0
AQFXG3IQTAKQY,calibration,B005IXAC1Q,B004OHQR1Q,B008Q0E714,08e5c843718abcd11e6a2eed4add7a1bed3d9af870ff33b2309be6613a2fb603,3.0,207.0,69.0,84.0,1.0,1.0,203.0,67.66666666666667,377.0,125.66666666666667,0.2798119824762983,0.11498257839721254,101.0,238.0,4.5682041720827655,3.7135720667043075,0.0,10.0
A15GURRST0NAOK,calibration,B004Y4HX58,B0032B3RTK,B0068J5K52,08fc6d37572402b511c676cf8b56f3730eeb03fd7ff406eef97514c57ef505bd,2.0,166.0,83.0,83.0,1.0,1.0,158.0,79.0,353.0,176.5,0.1662485481997677,0.13821138211382114,68.0,158.0,2.0948273710132126,1.791759469228055,0.5,10.0
A3JJ8GDQE4Z2MJ,calibration,B000BIUGUK,B000NMHIF0,B00008ZPGA,090ea03c7a0c4aac0977d63737c0e885642fe791013ce9f9353ff218fd4e6290,4.0,276.0,69.0,83.0,1.0,1.0,264.0,66.0,293.0,73.25,0.3473100442362737,0.2698412698412698,136.0,316.0,2.4687720195036076,1.791759469228055,0.5,10.0
A14SQZYCYYE6NT,calibration,B000ZMBSPE,B000EGIEYY,B000I4POL8,09127a75500fd758901e662ef65bce97c0019981f2cbbf72ecbe990e4dd840aa,2.0,166.0,83.0,83.0,1.0,1.0,158.0,79.0,218.0,109.0,0.23786692759295497,0.2328767123287671,68.0,158.0,2.393745871391023,2.3025850929940455,0.0,10.0
A2DBM9UUZ5LWS7,calibration,B001AWDWWA,B0006GZBMA,B000J41MNG,091dd2073a9e27529078cafd5e0578342a8774f6bb5958a31fac80cbbe965ba6,5.0,415.0,83.0,83.0,1.0,1.0,395.0,79.0,1070.0,214.0,0.16934289645849027,0.0734341252699784,170.0,395.0,2.6272059136336283,1.791759469228055,0.2,10.0
AXEVQ8G2L4W5E,calibration,B001G52ZHO,B0014UEEXY,B00AQ8NIC8,092f1a78967c760a71f3e941c6bec04fa1f176390d8a074586dd94431247ad30,2.0,151.0,75.5,83.0,1.0,1.0,147.0,73.5,164.0,82.0,0.29743589743589743,0.26153846153846155,68.0,158.0,3.236945348176137,3.1780538303479453,0.0,10.0
A1ZO7HDRWKAKEG,calibration,B005ALWE1M,B003PFBCTU,B001ET7892,095736dca1837bbe7bac1b6ffe5cb6963bfb5f957774e782765ccdf744ee0aa9,4.0,277.0,69.25,83.0,1.0,1.0,269.0,67.25,705.0,176.25,0.2571765899420738,0.07317073170731707,134.0,316.0,3.215962920563082,2.5649493574615367,0.0,10.0
A2L2IT444HMXOU,calibration,B000HDSVWY,B001E96NIE,B00147FGJ8,0957d7019ea051dcfa9ea1cf1893a91fd271b669e5a3ce51068d13a9ec6f9fb5,2.0,121.0,60.5,83.0,1.0,1.0,117.0,58.5,161.0,80.5,0.3443913658881812,0.21656050955414013,68.0,158.0,3.4334666422309406,2.70805020110221,0.0,10.0
A2RT4DZW31UXB9,calibration,B0058T8QVI,B001CS6BIY,B0009DT39W,095df0029cd6adb99a06934c2b259fa615fd4f703da0e8a2aa2dc6650d48993c,2.0,111.0,55.5,83.0,1.0,1.0,107.0,53.5,132.0,66.0,0.3973819541841982,0.2463768115942029,68.0,158.0,3.1917533174420027,2.772588722239781,0.0,10.0
A2K7I7UJFU4ICU,calibration,B00112DX00,B003GRD5ZG,B0048KSGZO,0960532bde7dddef905814fb8de00f98de0ff9744dabc0f3ae708f79fdbc8c61,7.0,462.0,66.0,83.0,1.0,1.0,458.0,65.42857142857143,484.0,69.14285714285714,0.3417772287305003,0.2446043165467626,238.0,553.0,3.178928726035353,1.3862943611198906,0.2857142857142857,10.0
AXCNGPU7W5OGF,calibration,B000HTNBB4,B0006Q3NTS,B001884QDK,09719341339c77c6293b248d896b8985c47c07c0e8da62ed850715afb1f06b29,3.0,215.0,71.66666666666667,83.0,1.0,1.0,207.0,69.0,290.0,96.66666666666667,0.28673059163491604,0.19101123595505617,102.0,237.0,3.2082330490848228,1.9459101490553132,0.3333333333333333,10.0
A3M37K1QHZ2THM,calibration,B000ASDGK8,B000NE2WOA,B000PKZG22,097801e9470547cf8b36da85e2ae457363e32cc074c213d7df95bc2151515400,3.0,219.0,73.0,83.0,1.0,1.0,215.0,71.66666666666667,224.0,74.66666666666667,0.3161699556456188,0.2786885245901639,102.0,237.0,2.1589907876298944,1.6094379124341003,0.3333333333333333,10.0
A2M05KVXUEZDDE,calibration,B00027YZKM,B0036RFMCA,B000ODNSR0,098ad2c0620456b48c0b0dcb98a6fee5e1c3d048a9619fc9dd336d3fc2a1ee60,3.0,186.0,62.0,83.0,1.0,1.0,178.0,59.333333333333336,923.0,307.6666666666667,0.2878386744046473,0.04287515762925599,102.0,237.0,3.028259049666945,1.791759469228055,0.3333333333333333,10.0
A0388397363MZHRU6ALSX,calibration,B001N3FBZW,B000EVKYQK,B00ARBCWYY,099808b40cad0feb8f80f42657ea77e4bacd796b6cc82bd6a484e145df7e5cc5,4.0,332.0,83.0,83.0,1.0,1.0,316.0,79.0,588.0,147.0,0.20261074176881064,0.1328125,136.0,316.0,1.9458060040840093,1.6094379124341003,0.75,10.0
A39FXPASJ1NA96,calibration,B004DBU95I,B003TWU1K0,B000052YKM,09d6715145accf580a4d8d3dbb0ff86ba2fbd857b6c6dd324e158a6f5d8cd686,3.0,244.0,81.33333333333333,83.0,1.0,1.0,236.0,78.66666666666667,315.0,105.0,0.25214299309251803,0.2073170731707317,103.0,236.0,2.228203909222642,2.0794415416798357,0.3333333333333333,10.0
A1U3MD058WEWYU,calibration,B00AO4EMKQ,B001U0OQL8,B007JT7ARQ,09dd8121525ba07125a02a206d893107e91724d8ab99f2d94df906e91e093dcf,3.0,121.0,40.333333333333336,63.0,1.0,1.0,121.0,40.333333333333336,121.0,40.333333333333336,0.4823355639959004,0.35051546391752575,103.0,236.0,4.018803956991922,3.7135720667043075,0.0,10.0
A1YIM13OA3J9S3,calibration,B003QU26ZI,B002XBBLJS,B0011EO7WQ,09e0c1aa12d13b6d803ddc6367f31d4fabdec21beb7ceb7e9c04341f0c8122b5,4.0,263.0,65.75,83.0,1.0,1.0,255.0,63.75,346.0,86.5,0.32310986743731307,0.17989417989417988,136.0,316.0,2.9367225637290053,2.197224577336219,0.0,10.0
AG46WMU8EIWWJ,calibration,B000EVGOS2,B000E8VI9U,B0002Z8P1E,09e2c4a8546c697b8e0433da9ab83e77d0e08d7182494557baa7bfe8cc64f40b,2.0,88.0,44.0,70.0,1.0,1.0,88.0,44.0,88.0,44.0,0.4903846153846154,0.3269230769230769,68.0,158.0,2.2499048351651325,1.791759469228055,0.5,10.0
AB5VB22ABVQGJ,calibration,B001Q8560Y,B0051SF376,B000YP66WC,09e312613eb0ebe718ee2a58426e5e75879927f70753ac5adf87822c0a8c4ad0,3.0,244.0,81.33333333333333,83.0,1.0,1.0,237.0,79.0,250.0,83.33333333333333,0.2901068507252578,0.2764227642276423,102.0,237.0,2.888365273779911,2.3978952727983707,0.0,10.0
A2MOD50IHEDH3G,calibration,B00BB5YHFC,B009GEUPXI,B000FS05VG,09ebaa3e40d03ca1c75892137ab235c5a2e06e8f64ff3f30b7ddf12ddbf653e2,11.0,583.0,53.0,84.0,1.0,1.0,567.0,51.54545454545455,1544.0,140.36363636363637,0.37713457041572807,0.039951573849878935,377.0,866.0,4.24093754882897,3.2188758248682006,0.0,10.0
A2UVFEZ7UDBRAA,calibration,B0053QZAII,B001ABLKK2,B000TW2JQC,09f6a355f1d36fab8e2328cb12478c6917dcf7bbe1d7c078ff5b4b53520cade5,7.0,521.0,74.42857142857143,83.0,1.0,1.0,501.0,71.57142857142857,914.0,130.57142857142858,0.254491087060049,0.11643835616438356,236.0,554.0,3.242886043188341,2.0794415416798357,0.14285714285714285,10.0
AZS23E3IKSF9D,calibration,B0006G2EX4,B00132AI1K,B000LJCND2,0a2894aa4de49d463b53fc233406afc9cae18badcc72315398f74ad2dcacd915,2.0,167.0,83.5,84.0,1.0,1.0,159.0,79.5,184.0,92.0,0.26785714285714285,0.25,67.0,159.0,2.0871936349478184,1.6094379124341003,0.5,10.0
A2E3WMF9RWW2X2,calibration,B000MASTM4,B000BD0SEE,B001ET77NY,0a490d1554e0fb124a7c36a6333d786c40d670904f4470d63f0e156839aa1c2b,2.0,136.0,68.0,74.0,1.0,1.0,136.0,68.0,136.0,68.0,0.33449074074074076,0.3148148148148148,68.0,158.0,2.68994867677023,1.9459101490553132,0.5,10.0
A2120VDBOIOVWH,calibration,B005XUFU8E,B005MYYE6U,B0002B0R14,0a55bf6e29e4e486095bf770ef35baa067c9cfd3031cf9120d96842e4b2ae900,8.0,616.0,77.0,85.0,1.0,1.0,588.0,73.5,1385.0,173.125,0.21299055107006679,0.08607594936708861,269.0,635.0,3.0913315394130287,1.9459101490553132,0.25,10.0
A3JFTTUB8LDO9M,calibration,B002IS6S62,B000FW7VNC,B000142FVW,0a6bb1808aac9ec4c8fa98a79a4d414375bf95d4fc6fd865a8961b3ec6a62a73,3.0,239.0,79.66666666666667,83.0,1.0,1.0,231.0,77.0,379.0,126.33333333333333,0.23127512847139012,0.15384615384615385,102.0,237.0,3.8306217490795267,1.9459101490553132,0.3333333333333333,10.0
AQHXD52UFX9C2,calibration,B000QE5GU4,B004DIXYWG,B000BY2N7S,0a72e5e0016d3ef3b80e913f031c8d69329a245ad507612fdd6a356ec2dd5baa,4.0,249.0,62.25,83.0,1.0,1.0,243.0,60.75,273.0,68.25,0.35667939984213826,0.24113475177304963,135.0,317.0,3.125876752356158,1.791759469228055,0.25,10.0
A133W8PZ48AXW0,calibration,B0002Z0U5I,B002LZ0GEM,B000R858B6,0a78485203548f5b29922d872e1fe33c374213641a249214f5e99108f68984fc,2.0,165.0,82.5,83.0,1.0,1.0,157.0,78.5,215.0,107.5,0.2429449982641472,0.24113475177304963,69.0,157.0,2.1242476210246792,1.9459101490553132,0.5,10.0
A2NDYETRWNMDQM,calibration,B0038TYTI4,B0038TVHGG,B000TAE0RK,0a812d93a64b36f9f98bbbaf0038cab99cc533e41f4f13cdfab186de9893ad2c,4.0,205.0,51.25,82.0,1.0,1.0,201.0,50.25,229.0,57.25,0.40142509144976,0.24822695035460993,136.0,316.0,3.5560904815541257,2.4849066497880004,0.0,10.0
A2N7ZWEBX1K1JQ,calibration,B008X10JR2,B004W4P7AI,B0002Z8SE8,0a880fade9b3b09cbb0b37ce793bd3fa4e14b497371776ac73bc1505741daa9e,9.0,550.0,61.111111111111114,84.0,1.0,1.0,534.0,59.333333333333336,1087.0,120.77777777777777,0.32657863566436157,0.07423580786026202,302.0,715.0,2.937567344827762,1.9459101490553132,0.2222222222222222,10.0
A3K2SWLK8HMX1M,calibration,B00356UHT0,B000HRVC5I,B001183N9K,0a95add4987692d375ec2a34d462865cf06932121fbbe4d786e94838fce9c951,3.0,201.0,67.0,83.0,1.0,1.0,193.0,64.33333333333333,378.0,126.0,0.2781443076365545,0.14049586776859505,102.0,237.0,3.9525686498206283,2.772588722239781,0.0,10.0
AZRL9I4SG5ADA,calibration,B00AYLYDIK,B00683MOWK,B00021B95W,0a962cd08535b4887a169dd10725e38a7610a034cc78018deac59634b67a18f4,5.0,283.0,56.6,83.0,1.0,1.0,279.0,55.8,421.0,84.2,0.3628652704812165,0.13333333333333333,170.0,395.0,2.7517880412951756,1.791759469228055,0.4,10.0
A2I2TCZYH4E2R6,calibration,B00DPU6ZAG,B00CGKJ7QU,B00ARX8SF4,0a993a1748218fa0436bdc174e08d002990dfb8a7e350f461f43a890cd380eeb,5.0,206.0,41.2,66.0,1.0,1.0,206.0,41.2,206.0,41.2,0.46485328758154304,0.34,168.0,396.0,2.4144282345768624,1.9459101490553132,0.4,10.0
A3M9P59EWW3GSD,calibration,B0009FHJRS,B0002VJIH8,B001J7CAA6,0ac6e08809a6653ac7acec26ebf9d424996cc7d8aa0fca1817d5b170506fd160,2.0,166.0,83.0,83.0,1.0,1.0,158.0,79.0,730.0,365.0,0.08621434745030251,0.07692307692307693,68.0,158.0,2.0715673631957663,1.9459101490553132,0.5,10.0
A21FWV7IMMPSXP,calibration,B00CA05FO4,B00A3Q9LPG,B003F2T0M4,0adb56695e0d8fe5ac486e0e1bcc388461ef194adb9d65f4df712956bde3882e,9.0,569.0,63.22222222222222,83.0,1.0,1.0,545.0,60.55555555555556,1954.0,217.11111111111111,0.2773110716629317,0.04398447606727038,308.0,709.0,4.239504455208012,2.9444389791664403,0.0,10.0
A3DIJAXX4S4C49,calibration,B00CC7TBHM,B009GGTKC8,B001VD2DMI,0ae93203a3ed4004d35b7ace73fbf8ba581d2dd4235b89abfaafbf310f5fd4c0,19.0,1217.0,64.05263157894737,84.0,1.0,1.0,1191.0,62.68421052631579,1442.0,75.89473684210526,0.35114491533781444,0.11147540983606558,643.0,1504.0,3.347146724022431,1.0986122886681096,0.15789473684210525,10.0
A6SM104267C1C,calibration,B00CA05FO4,B00A0IWSIO,B004Y4JNZ6,0aeda583cd975be756b55277776f2f387ea3c24ed5ea1e85b4c8b8b9b3da2665,3.0,182.0,60.666666666666664,82.0,1.0,1.0,178.0,59.333333333333336,196.0,65.33333333333333,0.37877246209146986,0.26717557251908397,103.0,236.0,4.368630824582635,3.988984046564274,0.0,10.0
A1WBH0TZGQ3WTM,calibration,B00397SNMS,B001U85CO0,B0009MSHR2,0b03379b118b8240e5b1ce7b4251a49d16187af70ecae07b82dca717de8fb97c,2.0,159.0,79.5,83.0,1.0,1.0,155.0,77.5,556.0,278.0,0.18761938450654403,0.06614785992217899,68.0,158.0,2.2154083994216567,1.791759469228055,0.5,10.0
AT6BT72SEV5T3,calibration,B0047PPO0U,B000PAW9ZO,B001T0HHDS,0b21eaa65247ad918dbc3fe0e5f93f2b4f33a5b89b8bb728e1182b6ceb0e84a6,2.0,118.0,59.0,83.0,1.0,1.0,114.0,57.0,123.0,61.5,0.3857210738892849,0.2786885245901639,68.0,158.0,2.2154083994216567,1.791759469228055,0.5,10.0
ACE2UV64BSIM0,calibration,B0006Q0102,B000SX3380,B0007IQMVG,0b371b624d6604fb3ff46d0e9c79d1eb3f67f26d1fb5e2493b68fdd5892b1aee,6.0,327.0,54.5,83.0,1.0,1.0,319.0,53.166666666666664,360.0,60.0,0.4032902261103361,0.2537313432835821,204.0,474.0,2.518632113395523,1.6094379124341003,0.3333333333333333,10.0
A2VT62XN8VI0TN,calibration,B006ZBKH2Y,B005GHP5UC,B0012J30LY,0b3bc0971f549f424191e2ad02f738cdf6e8be6cc944e469c48e710d6cea1055,2.0,109.0,54.5,83.0,1.0,1.0,105.0,52.5,205.0,102.5,0.36314553990610327,0.1596244131455399,68.0,158.0,4.407313777655348,4.189654742026425,0.0,10.0
A1LHOKYENR7HP2,calibration,B001RHZC26,B005TI2A74,B00068AZ88,0b3c21fc850d3591e9308ebbdc731a4483e9f915df4479683cc9b40017b81d0f,3.0,199.0,66.33333333333333,84.0,1.0,1.0,191.0,63.666666666666664,282.0,94.0,0.3152952895483864,0.18435754189944134,101.0,238.0,2.9737746921704216,1.9459101490553132,0.3333333333333333,10.0
A2CIZ8J0JIPL40,calibration,B005UBN57O,B004ZF04PW,B000QE7DV4,0b4035b143145bf0532458ff417289c1b8127b57db68cecf0dc73f06cdd2e1bb,6.0,404.0,67.33333333333333,83.0,1.0,1.0,392.0,65.33333333333333,536.0,89.33333333333333,0.3265728712576477,0.18888888888888888,208.0,470.0,2.766960911827978,2.0794415416798357,0.16666666666666666,10.0
A3RRACWJCIGR1Y,calibration,B004YBW5T0,B000KNHJ5G,B000J2CTYE,0b6253d61202462a227df79eeb6cf02a5f9f2a303ad9facc6d3784b1bee09139,4.0,240.0,60.0,83.0,1.0,1.0,236.0,59.0,305.0,76.25,0.3523144637053088,0.18681318681318682,135.0,317.0,3.2902758014300644,1.9459101490553132,0.25,10.0
A3QMGPQYX1SVN4,calibration,B007ZR2RIE,B00C8G2VLK,B000H3I3Y0,0b6f33192ef62b346d4ca5c443a9fdd8c581f4e1012ec98ce2331373906c92f5,3.0,183.0,61.0,83.0,1.0,1.0,179.0,59.666666666666664,548.0,182.66666666666666,0.2972336687353903,0.07053941908713693,102.0,237.0,2.607881976944984,1.9459101490553132,0.3333333333333333,10.0
A417UK6568G60,calibration,B0069FDR96,B004OHQR1Q,B004N2EYY4,0b728c4243086700cd9f1d27ccb379e5a194af0cd4288ef941dcdb31231afc13,2.0,132.0,66.0,83.0,1.0,1.0,128.0,64.0,374.0,187.0,0.2521730375541162,0.0947075208913649,68.0,158.0,4.276280167626764,2.6390573296152584,0.0,10.0
AZNNIVT2R0W0L,calibration,B0013CSGBE,B0054GBXOW,B0009MSHR2,0b73be4daf3b547caa7e952140c1b34fa26ea101a2a2e45a8016b5773c52734c,2.0,159.0,79.5,83.0,1.0,1.0,155.0,77.5,160.0,80.0,0.29861325115562404,0.288135593220339,68.0,158.0,2.7526657679661812,1.791759469228055,0.5,10.0
A1VQI32QPYXU6F,calibration,B00ARCQHBC,B00AE07BI0,B007JT7AEY,0b7447806eac3a3f41b20b985061412267fc48487d6cbb06f226ed764ba4a0e2,9.0,222.0,24.666666666666668,30.0,1.0,1.0,222.0,24.666666666666668,222.0,24.666666666666668,0.5852543349511498,0.53125,310.0,707.0,4.587587103178593,4.290459441148391,0.0,10.0
A3JFS469SX1N8O,calibration,B005I8RH78,B000NWGCZ2,B0019FLYP0,0b75c3d54910dfc10f1d18ec2071a208f016d0ad859cf8deb115518f377114c5,2.0,166.0,83.0,83.0,1.0,1.0,158.0,79.0,309.0,154.5,0.18700396825396826,0.15178571428571427,68.0,158.0,2.7403194616709956,1.6094379124341003,0.5,10.0
A1L814Z9Z21W2Y,calibration,B001ET7BQC,B000OP3DIM,B000N2DBZ6,0b79c5089de8dfc5d17b049bcc5bd59f3e43c383305294075c8ea65aaa271ddd,2.0,166.0,83.0,83.0,1.0,1.0,158.0,79.0,197.0,98.5,0.2585514233241506,0.2361111111111111,68.0,158.0,2.0715673631957663,1.9459101490553132,0.5,10.0
AIEDQUA2QQYDW,calibration,B005SD1YVS,B004CZXNQ2,B001H928KI,0b85492c9c6ffc21b0056e6243fed358d3627cc55dfba5268b85db8401a77fe5,4.0,315.0,78.75,83.0,1.0,1.0,307.0,76.75,898.0,224.5,0.22541498712797287,0.05112781954887218,136.0,316.0,4.012621705310883,2.70805020110221,0.0,10.0
A22F95LFUTNPBL,calibration,B000VV0JNQ,B001R2S8HM,B0006NY35E,0b89787ea7a18c5f295ecd4c0bd1a4d12f72624b46c32730577555e6eddb2976,3.0,249.0,83.0,83.0,1.0,1.0,237.0,79.0,442.0,147.33333333333334,0.1889586919776671,0.1691542288557214,102.0,237.0,2.3566247094861907,1.791759469228055,0.3333333333333333,10.0
AM9RNVQ6ZXA8X,calibration,B00A51LI1O,B009FANUEE,B008EDAZCI,0b9bcc446b92abf8caffc86845eafcd927126cb7ac26c263a5a24a16d2d15ed0,2.0,166.0,83.0,83.0,1.0,1.0,158.0,79.0,272.0,136.0,0.21893939393939393,0.15454545454545454,68.0,158.0,1.9356005054539454,1.791759469228055,1.0,10.0
A1TC4KUGRCQ001,calibration,B000MVVK7E,B0002X9038,B000KVH1QU,0ba3157d349c2158c9ad0bae71f94003205912bb798712722071df53271e9fe3,2.0,127.0,63.5,68.0,1.0,1.0,127.0,63.5,127.0,63.5,0.34946236559139787,0.3333333333333333,68.0,158.0,3.2999352496064183,2.70805020110221,0.0,10.0
A1QFQ5M8PY65NK,calibration,B00DQG0PJQ,B000VPPUEA,B000FQ73O0,0ba330679fdf878a0ebeac34fefee5d4001fc2ebfededd48b4494663895ca794,20.0,1304.0,65.2,84.0,1.0,1.0,1264.0,63.2,2774.0,138.7,0.30328202737546694,0.039951573849878935,676.0,1582.0,2.7266645742940536,1.3862943611198906,0.4,10.0
AUWPBMP5KCC4J,calibration,B0030HMQTS,B002IT3KD0,B004R6HIR6,0bbfb1d8eee081aa2b9fdcd0b4ceeb12fc0feee50adfdbfd08f3e76c5797b6ca,4.0,251.0,62.75,83.0,1.0,1.0,243.0,60.75,444.0,111.0,0.32766844134775264,0.11888111888111888,136.0,316.0,3.336629404450054,2.772588722239781,0.0,10.0
A3JI2ZPWLDL2MP,calibration,B00871KNHO,B000EVGQ8U,B005VX8S4G,0bdd4b5cb9e8a7ddce4ca20d0949bcd02940b86283fa377cae3ee1715a162b49,3.0,206.0,68.66666666666667,84.0,1.0,1.0,198.0,66.0,561.0,187.0,0.24064415560270933,0.08607594936708861,101.0,238.0,3.781297079767683,3.332204510175204,0.0,10.0
A2XFEYL4L9JB3I,calibration,B009WLXABE,B008QWW9GM,B00871KNMY,0befaef5d3471a55a04c8faea075d83504418d3abc8609bbf6c18fc7b22c0916,5.0,333.0,66.6,84.0,1.0,1.0,326.0,65.2,336.0,67.2,0.3526458617195961,0.27586206896551724,164.0,401.0,3.3207433382198266,2.4849066497880004,0.0,10.0
AEWYUPCNDV7HY,calibration,B005BF1M10,B002B9DWBC,B001ET7JC8,0c0069707eb17ffdc08527174d52e8fef02400d421a0f33b6af42023bc7760e1,17.0,1244.0,73.17647058823529,84.0,1.0,1.0,1188.0,69.88235294117646,5181.0,304.7647058823529,0.20670481640385122,0.04106280193236715,579.0,1342.0,3.9787901426989936,2.0794415416798357,0.11764705882352941,10.0
A1F1Y4CRC8EOB4,calibration,B0043OYFKU,B0028R4SRO,B001JKTTVQ,0c08d72b9e1e6d8a46157fa0cc3016a2a0b49d3478dadd1b8b25be361e03f81f,2.0,140.0,70.0,83.0,1.0,1.0,136.0,68.0,688.0,344.0,0.20889724310776941,0.05112781954887218,67.0,158.0,3.9350829732349224,2.3978952727983707,0.0,10.0
A39KRIACTA37BC,calibration,B000L596FE,B0017QK7A4,B0009F3O8Q,0c22b71500d0ebb4e215e60a4b2f37bc78c3727bb2b15656646966a71cfd18f1,2.0,167.0,83.5,84.0,1.0,1.0,159.0,79.5,362.0,181.0,0.19119513484928607,0.10819672131147541,67.0,159.0,2.871501593904741,2.4849066497880004,0.0,10.0
A21KCB7QPH6X7G,calibration,B002B4GGUG,B002RGMI6Y,B005UBN3GW,0c2893420a773582eaece9bdf794342e38280803edc5d2c4124c6a065c73a504,5.0,410.0,82.0,83.0,1.0,1.0,394.0,78.8,1408.0,281.6,0.16635462110856022,0.045454545454545456,171.0,394.0,2.649252202812113,1.791759469228055,0.4,10.0
AJ19RLM3CVX26,calibration,B002HSWFWY,B001U23VB2,B007Q0WW0S,0c4151a570eab536ed4e3551276d10ceff797829ce1c11b60beea748cbf792a1,3.0,206.0,68.66666666666667,83.0,1.0,1.0,198.0,66.0,594.0,198.0,0.2296956391552307,0.08970976253298153,102.0,237.0,4.0192392127664975,2.3978952727983707,0.0,10.0
A2KJPZZR9H9AWA,calibration,B005XP4YNQ,B000GCOLQ6,B0091XPADY,0c8c87bda831e55b644dbe41de0c8194dd2f6d041fbbb064b2272b2c3dcb8d7b,4.0,305.0,76.25,84.0,1.0,1.0,297.0,74.25,394.0,98.5,0.2766765070664689,0.16585365853658537,135.0,317.0,2.0330296932389516,1.791759469228055,0.5,10.0
A2HS1JQMZBO8ZE,calibration,B007L8QLU2,B001C9QET4,B001CB2OQO,0c9132a32f4d399644f0d7f0548db9a6d98add3c9a5069821fdd4ec7ebf587b4,8.0,664.0,83.0,83.0,1.0,1.0,632.0,79.0,2337.0,292.125,0.10979633445854842,0.07606263982102908,272.0,632.0,2.0456842930481973,1.3862943611198906,0.5,10.0
AHOAY0KFBP79A,calibration,B00AREI4FC,B00AREI3S0,B004ZWGXS2,0cb4770ca0e891e1cb116d436d62a4d3b8bca2a06681628128e68e54fc01f573,2.0,166.0,83.0,83.0,1.0,1.0,160.0,80.0,266.0,133.0,0.21747144860749348,0.15668202764976957,66.0,160.0,2.2386684072391034,2.0794415416798357,0.5,10.0
A2F42OY7EDA9F4,calibration,B009CA7T4O,B0083QNBCM,B00AZOTTPS,0cbf8fc9cfd7aca397a86117d91f61ca2f00b7ceec2eb7c35f03a7ead048a7e0,8.0,573.0,71.625,84.0,1.0,1.0,553.0,69.125,1213.0,151.625,0.25058701314271575,0.08900523560209424,269.0,635.0,3.2234257347955815,1.3862943611198906,0.125,10.0
A2CH3AVJI0UR3P,calibration,B00132O442,B0002A65LQ,B0011TS91G,0cc03fd2070ef7fe00d8a552abb9040625943c6dcb43112c8383f38d6ec067c9,9.0,631.0,70.11111111111111,83.0,1.0,1.0,611.0,67.88888888888889,768.0,85.33333333333333,0.3082477656745788,0.17,306.0,711.0,2.980862336105619,1.6094379124341003,0.1111111111111111,10.0
A272JICRV2MQC3,calibration,B00325D0WK,B0042SXYUY,B003QITYNC,0ccb2561c8ce62b411fb816994a5636d19c25f6645f508da4833ba8f49709547,3.0,250.0,83.33333333333333,84.0,1.0,1.0,238.0,79.33333333333333,1082.0,360.6666666666667,0.08924005744956469,0.06563706563706563,101.0,238.0,2.328238773372755,2.197224577336219,0.0,10.0
A2AUTH9FO2MVW,calibration,B000V2F6BU,B0040QG46E,B000GDF48Y,0cd992ed83954e8b70e6a7ad200365100006ba71edee5d2be1b0c1612ffbecc8,3.0,251.0,83.66666666666667,85.0,1.0,1.0,239.0,79.66666666666667,536.0,178.66666666666666,0.17907578850997244,0.10365853658536585,100.0,239.0,2.3951290051934726,2.0794415416798357,0.3333333333333333,10.0
A1KI7V8I8ULWGR,calibration,B000HGFGKG,B004SUHGOQ,B001P24STG,0cdcd8a60d20da12e87b6fd306951d803c39a8f442167dfc8980d788435a689a,5.0,381.0,76.2,83.0,1.0,1.0,365.0,73.0,630.0,126.0,0.25168903549348387,0.11038961038961038,168.0,395.0,2.5979583048549015,1.3862943611198906,0.4,10.0
AXAVWKGD1336,calibration,B005KW8K00,B003FBMFMC,B000IXPFY0,0cf290dbe0dda903aa8bf94516ce5dc86a48777fecf9221e13e369cfb80d1507,3.0,211.0,70.33333333333333,83.0,1.0,1.0,203.0,67.66666666666667,346.0,115.33333333333333,0.2665178252163341,0.17708333333333334,102.0,237.0,1.9620346771500516,1.6094379124341003,0.6666666666666666,10.0
A2LQMEI08F4KT8,calibration,B000AAC8VO,B000142C1A,B0036FTF5W,0cf70d937870bd7393f2f303074373d76a5f3ca4f7672c4eba1715dd67499915,2.0,166.0,83.0,83.0,1.0,1.0,158.0,79.0,387.0,193.5,0.15006014045706748,0.14049586776859505,68.0,158.0,3.352207177482053,2.0794415416798357,0.5,10.0
A1D92MHIMNHY8O,calibration,B001RIRIKE,B000FS05VG,B0009EXOO6,0cfdf01150d4da75c6bdb58361e83f95f2d4dc857512fea35203f18530bc3a69,2.0,110.0,55.0,83.0,1.0,1.0,106.0,53.0,167.0,83.5,0.37638967401545126,0.19540229885057472,68.0,158.0,3.9560284440895024,3.2580965380214817,0.0,10.0
A321VVGR7UL7P0,calibration,B007N4D4ZO,B0000536P3,B007RVHDAK,0d054f6158af65902844fb821b4984babcaee2612a111be8ba3ee54480c16ad7,2.0,153.0,76.5,83.0,1.0,1.0,149.0,74.5,285.0,142.5,0.23173463083101636,0.13654618473895583,68.0,158.0,3.2228599096927892,2.6390573296152584,0.0,10.0
A1R1BFJCMWX0Y3,calibration,B002MOBZSS,B00106AC06,B00A0IWT9C,0d202000e9301f098ed57b51e453af93618225d75538ec76426bfa8e68772168,20.0,446.0,22.3,31.0,1.0,1.0,446.0,22.3,446.0,22.3,0.6116865100810436,0.5303030303030303,692.0,1568.0,4.617539222362519,4.442651256490317,0.0,10.0
A2A4H0WZ0MVSUV,calibration,B00604MRJC,B003V264WW,B001E25G0W,0d29fd5febade2135cbbfd12aaac95b2e5ba225d00131c8b3553d6628d342d3a,6.0,439.0,73.16666666666667,83.0,1.0,1.0,420.0,70.0,733.0,122.16666666666667,0.2861964141407301,0.09770114942528736,205.0,473.0,3.3231749349083817,1.9459101490553132,0.16666666666666666,10.0
A1C5NOACEJG24R,calibration,B001UQM73G,B000U26ZZM,B00006IGL8,0d3d0145a0f8912b41150a9bf9bf3c933cf46577254bfb105e4fb47fb1cc5a95,3.0,245.0,81.66666666666667,84.0,1.0,1.0,237.0,79.0,287.0,95.66666666666667,0.2664922656960873,0.21019108280254778,101.0,238.0,2.829597905631513,2.197224577336219,0.0,10.0
A3L6U9Y15XECO0,calibration,B004IFAJKE,B001T8OO6S,B001B2A2LS,0d4a454067efa75f1d028476dbea1190daf33f6a50094e492bf46ac61cb767af,2.0,77.0,38.5,41.0,1.0,1.0,77.0,38.5,77.0,38.5,0.4695238095238095,0.4533333333333333,68.0,158.0,1.9560115027140728,1.6094379124341003,0.5,10.0
A15ED90V5GEAV5,calibration,B006L16BHS,B003B6K01O,B006ZAPMT8,0d51cee2114375d4c72dd53ba46692e8dbaa383c5875be4fdc81c283f06a42dc,4.0,156.0,39.0,83.0,1.0,1.0,152.0,38.0,596.0,149.0,0.45383230137090985,0.06104129263913824,136.0,316.0,2.70344005302118,1.6094379124341003,0.25,10.0
A9QR13VO22ULU,calibration,B004VFXVJW,B0007506U2,B0048ICI3C,0d55c4ecbb8a5a0e02191c7a7e7b8ab2759f5cdcb740458eb934ea316f75e60f,2.0,118.0,59.0,67.0,1.0,1.0,118.0,59.0,118.0,59.0,0.365,0.33,67.0,159.0,2.6990813507588767,2.5649493574615367,0.0,10.0
A2W9TOPLT07Y1T,calibration,B0032DHP6O,B0012F97EM,B001DKVBJU,0d658eb5d6725058725984becdd49e1836a624d6308f1e79dc5d469245f26275,6.0,375.0,62.5,83.0,1.0,1.0,363.0,60.5,720.0,120.0,0.3167926965189057,0.08607594936708861,204.0,474.0,2.405540716539057,1.791759469228055,0.5,10.0
A3K4SHKV5H9OSU,calibration,B006RFZ9IK,B005TI7LD2,B005TI7LHS,0d6b442366f50221937c98e16dd5b7a5887c14f1be5b73fdf1a21005311b3d6b,2.0,42.0,21.0,21.0,1.0,1.0,42.0,21.0,42.0,21.0,0.6181818181818182,0.6181818181818182,68.0,158.0,4.609550938822378,4.574710978503383,0.0,10.0
AM8J1UVGVYAL4,calibration,B00GYB17XI,B00BB8ZJPG,B002DP75R6,0df61f290943c36623f16f53eea234685ccf906b917be1b5cba0d6583392de7c,20.0,862.0,43.1,83.0,1.0,1.0,842.0,42.1,1426.0,71.3,0.4560890321369901,0.09941520467836257,691.0,1569.0,4.101238728225885,2.3025850929940455,0.0,10.0
A3ATKIU6MZZ4MU,calibration,B00GTC0DFK,B006L6A06Q,B005TI7NQ2,0df7b4a96187b0e7f5138e039c73d9d02c1be6e0e683bc1b8d285a429c355361,15.0,597.0,39.8,83.0,1.0,1.0,585.0,39.0,979.0,65.26666666666667,0.471821651533655,0.10029498525073746,517.0,1178.0,3.929537049539147,2.833213344056216,0.0,10.0
A12UT32YCU0WT0,calibration,B0050QJ1HM,B000ZMBSPE,B001Q88FO8,0e0551086e4c0909325296fdc33633b4454e53b6594c77abc8e13b53ba510c60,3.0,208.0,69.33333333333333,84.0,1.0,1.0,200.0,66.66666666666667,402.0,134.0,0.2812698412698412,0.10714285714285714,101.0,238.0,4.598327088903926,2.995732273553991,0.0,10.0
A24ZB8R3S6XPRC,calibration,B003VI0HVA,B003CTVSKC,B000HK1ON0,0e0d04684827653c067de21d74559a37537c9a5cfd5787667c5bea393f378ed1,4.0,306.0,76.5,83.0,1.0,1.0,298.0,74.5,396.0,99.0,0.2712774106901284,0.18579234972677597,137.0,315.0,3.1770753555176614,2.4849066497880004,0.0,10.0
A3E1MSQ2D7WY4R,calibration,B00JL2TURM,B00KCFAZTE,B0081JG2T0,0e181526f0a482b83303cbeca2de24589d0a22c929ca2bc845326c59446a5d6f,19.0,1461.0,76.89473684210526,83.0,1.0,1.0,1397.0,73.52631578947368,6465.0,340.2631578947368,0.14174670532758066,0.04106280193236715,642.0,1504.0,3.4829888950412387,1.9459101490553132,0.10526315789473684,10.0
AAEU953S8UEE2,calibration,B0087O4XKE,B0069SC0OQ,B000SJ9G0I,0e2261e4966089b3d81337a7a4f378bd28824577049fa410a2a8fa038082e737,3.0,224.0,74.66666666666667,83.0,1.0,1.0,220.0,73.33333333333333,323.0,107.66666666666667,0.26997755331088663,0.1574074074074074,102.0,237.0,3.9911867814039543,2.8903717578961645,0.0,10.0
A3S4NXS7DLR5YD,calibration,B001E96N48,B0009V8N5E,B0009VDBWY,0e331611fdc8710b0cd3bdc9fac3784f3617f11eaea24e4587c9028b1aba1b88,2.0,107.0,53.5,83.0,1.0,1.0,103.0,51.5,159.0,79.5,0.3936951642521934,0.20118343195266272,68.0,158.0,2.9388678908898194,1.9459101490553132,0.5,10.0
A2KUVD844LL7QM,calibration,B00GTC0DYQ,B00CA05FO4,B002Z7EOOE,0e43768dcc5d7df60dd9377060c22e49af85d5008b5983c740fb33b538a26236,7.0,210.0,30.0,68.0,1.0,1.0,210.0,30.0,210.0,30.0,0.5660439150720964,0.3333333333333333,241.0,550.0,4.28956887438229,3.6635616461296463,0.0,10.0
A2CB9Q5J3E63RA,calibration,B002RDBL7Y,B001I90NNQ,B00099E8ZA,0e5ce4673a7ce3819a05d11c6a9211ed8926278f750d8bd88f4fce8d31c10b63,2.0,62.0,31.0,43.0,1.0,1.0,62.0,31.0,62.0,31.0,0.5415339377603529,0.44155844155844154,68.0,158.0,2.4526373892192144,1.0986122886681096,0.5,10.0
A31CB15RJQ8O84,calibration,B0000530ED,B000F5AFYG,B000HAZLZ2,0e688b9ea4624ecc22e624d77837fe74661123b2605516cd32416053a55cd25e,4.0,200.0,50.0,75.0,1.0,0.75,200.0,50.0,200.0,50.0,0.4767802917887113,0.3119266055045872,136.0,316.0,2.348415357275805,1.791759469228055,0.25,10.0
A2DPYMNI2HCIOI,calibration,B00GLS5DKM,B009LOJ5MA,B008RVYJS8,0e82878942699876479050109ca973615fe5142da994dfa255a9dc648eced538,20.0,977.0,48.85,84.0,1.0,1.0,945.0,47.25,2036.0,101.8,0.410849322933245,0.10029498525073746,686.0,1574.0,4.189594505250215,2.70805020110221,0.0,10.0
A1AQUTO5MZ12JV,calibration,B000Q8PV96,B000PXYCHE,B0006OU078,0ee2fc6838ee88e60a471f5685d7f529885150355b37c97254ca972999bd3f47,10.0,685.0,68.5,83.0,1.0,1.0,657.0,65.7,3116.0,311.6,0.24071994582331996,0.04106280193236715,342.0,788.0,2.7061097504447056,1.6094379124341003,0.4,10.0
A3O27LZX41XD0B,calibration,B009CZR3Y0,B00838FLXW,B0077CNO1G,0ee698869fa17c6862df3f9488466283d2c0187b5d5b335c8a836d08e0b5712e,4.0,331.0,82.75,84.0,1.0,1.0,317.0,79.25,1064.0,266.0,0.17805229397971112,0.06719367588932806,134.0,317.0,2.95372374600752,2.833213344056216,0.0,10.0
A2UO0FUR8IPDK7,calibration,B00B2CEHAO,B008GFVOOM,B00387F426,0eea9819031aa83e05c202adf628f994771bd99ae87d05f0c912ece37ee20c86,11.0,687.0,62.45454545454545,83.0,1.0,1.0,667.0,60.63636363636363,2361.0,214.63636363636363,0.30836691707321334,0.04106280193236715,373.0,870.0,3.17887481340931,1.6094379124341003,0.09090909090909091,10.0
A2NIUVVH46ZDTH,calibration,B000UVWGGA,B000XSF1X0,B0030F2X6G,0eeef9acd887cc75b429d5be93170cb42c7f9eaa874ba8536ca917139f5cdf19,14.0,1036.0,74.0,84.0,1.0,1.0,1004.0,71.71428571428571,1443.0,103.07142857142857,0.27909076223746754,0.13026819923371646,472.0,1110.0,2.818606647417661,1.9459101490553132,0.35714285714285715,10.0
A1RKLX210RGBRT,calibration,B002X31FUG,B001TOSNSC,B006LQ41SO,0f045d002d0eddcb57b728d29e573d37e331310b1314233fb4c78e82c034a03f,2.0,129.0,64.5,68.0,1.0,1.0,129.0,64.5,129.0,64.5,0.34543482751497623,0.33980582524271846,68.0,158.0,2.372466064181625,1.6094379124341003,0.5,10.0
A3FS3FJPD3RJTD,calibration,B00HD7SCLM,B0012J30LY,B001JQLNNW,0f14815a6cd0eb07a78dab6c8e4459f4244e1f0fbf4a8b2731200650b70cb5d8,20.0,844.0,42.2,83.0,1.0,1.0,831.0,41.55,1007.0,50.35,0.4732091366027036,0.17525773195876287,685.0,1575.0,4.125326287790513,3.1354942159291497,0.0,10.0
A30M2N0ADFINLA,calibration,B002YR2D5W,B000GF1E54,B0006PT6TU,0f1eb9a88c5944dfe9f1d54d33c14d8e4b1e3809246ebc51d7a3a2728040329c,5.0,355.0,71.0,83.0,1.0,1.0,339.0,67.8,809.0,161.8,0.2599351417573062,0.08056872037914692,170.0,395.0,2.6923377366015897,1.6094379124341003,0.2,10.0
A21BR07BE7VEAZ,calibration,B000ZMBSPE,B000V9RRD8,B000BX1Z00,0f217908b685fd1df561520e4e27afa24948cc81584a13a77f48877863eec3a5,6.0,310.0,51.666666666666664,83.0,1.0,1.0,306.0,51.0,313.0,52.166666666666664,0.43377226222053805,0.2833333333333333,203.0,475.0,3.091318722404726,2.5649493574615367,0.0,10.0
AGE1KK0E2THTN,calibration,B000WYZ9Q4,B000NJHNLW,B001F51TBI,0f22662b91943a1be8a0c84740054a06d670d13aac616999e4ff3c406d1876ae,13.0,848.0,65.23076923076923,84.0,1.0,1.0,820.0,63.07692307692308,1634.0,125.6923076923077,0.305503978079085,0.07657657657657657,440.0,1028.0,3.395345456298941,1.791759469228055,0.15384615384615385,10.0
AJY69T1QUI0HW,calibration,B00264NW7G,B0002WUHTU,B00028PXAC,0f35c7f4d4c6464bc116a53ffac82cb1aba612d949e3930d575046f0cb3852b7,3.0,184.0,61.333333333333336,76.0,1.0,1.0,184.0,61.333333333333336,184.0,61.333333333333336,0.373003848003848,0.3090909090909091,103.0,236.0,3.5476405890157956,1.9459101490553132,0.3333333333333333,10.0
A14YENXHLKG9WL,calibration,B0009FHJOG,B00385WMJ6,B008DF6XXW,0f3b49393106650a292aa9c18f945b13b6a29d3a6bfaf2891aaa543a9f685633,10.0,702.0,70.2,84.0,1.0,1.0,678.0,67.8,859.0,85.9,0.3034591352521914,0.21794871794871795,338.0,791.0,2.167669511576952,1.6094379124341003,0.6,10.0
A1RPLY7IYMGGM6,calibration,B00A99XF0Y,B008098AVO,B006VLRZO6,0f4ee39575d4316a89b5a6a16eceefe1f367a2ee4f0663a520af67ece5ca10d7,2.0,108.0,54.0,56.0,1.0,1.0,108.0,54.0,108.0,54.0,0.38656330749354006,0.37777777777777777,68.0,158.0,1.868834809141684,1.791759469228055,1.0,10.0
A3L1DTUER1OUR8,calibration,B00I6CRX04,B006L6A10G,B0017TZD7S,0f68d7f6d92d5c6bd582050a761977b58212ec4c244be3e3808bdd6737537255,15.0,590.0,39.333333333333336,83.0,1.0,1.0,574.0,38.266666666666666,704.0,46.93333333333333,0.5020331278587249,0.1891891891891892,519.0,1176.0,4.432851238064175,4.025351690735149,0.0,10.0
A2DG3YVEU37IZ7,calibration,B0000CNR0E,B000094ZDX,B000AMA4DQ,0f816034aed355beaae2ade6ab42f76e0fc95cda0c54a149a91ce2c5738739ba,2.0,121.0,60.5,84.0,1.0,1.0,117.0,58.5,132.0,66.0,0.3683428697183099,0.2578125,67.0,159.0,2.470821211304652,2.3025850929940455,0.0,10.0
A3DDYY2CGONBTN,calibration,B001ET73D8,B004BEBBXG,B0002Z8GEK,0f8ea01dfd9b2471d260b5f1d57ad6a4ab085c61bd5fa82d5a445ec73dded624,3.0,229.0,76.33333333333333,82.0,1.0,1.0,221.0,73.66666666666667,326.0,108.66666666666667,0.2565847601308594,0.18518518518518517,103.0,235.0,2.4166418455726624,2.0794415416798357,0.6666666666666666,10.0
A2OI8SVUI4C61W,calibration,B000GCQV9G,B001ESIZA4,B001C6H6F8,0f91f1e619dd0f0c5ab4eb1453d164872bd465f9706ec9bce75f8c39654e0509,2.0,137.0,68.5,83.0,1.0,1.0,133.0,66.5,772.0,386.0,0.2157882011605416,0.04521276595744681,68.0,158.0,3.5904155995222777,2.8903717578961645,0.0,10.0
A1XYWDGW0SE1E2,calibration,B004X9BRRO,B003MTPE5M,B003TO3UG0,0f971ca18029129dbd8e9ae162dbf3b0f5d998bc7a839d2d876cfe9c4700f5aa,2.0,158.0,79.0,83.0,1.0,1.0,154.0,77.0,523.0,261.5,0.19123301229586204,0.07053941908713693,68.0,158.0,2.282174095733918,2.0794415416798357,0.5,10.0
ALBTSBZP2XAVZ,calibration,B000OYHN2K,B000GCW9F6,B0033GLYQM,0f981958633e036eee8fadefade4682e2ba034814cc0f3400826afa940359c76,2.0,166.0,83.0,83.0,1.0,1.0,158.0,79.0,289.0,144.5,0.2055930735930736,0.1471861471861472,67.0,158.0,1.9033312448851598,1.6094379124341003,0.5,10.0
A397T67APEEASP,calibration,B009LOJ5MA,B008FZ562E,B007A592HU,0fb81d34c99f5856e53e636fba2213890a9aafc4a2450b234adfe9d3135cc9b5,7.0,250.0,35.714285714285715,83.0,1.0,1.0,246.0,35.142857142857146,315.0,45.0,0.5121930991169305,0.18681318681318682,239.0,552.0,4.329831504269554,3.58351893845611,0.0,10.0
AUJP7UJNNEDT3,calibration,B00152F4OY,B000V9RRD8,B0018DAUKI,0fb8d2b8d71b0a5f38f9d4f7436a31129f67ac5b51827a94a30c0e318ebb8fe1,2.0,107.0,53.5,83.0,1.0,1.0,103.0,51.5,189.0,94.5,0.378530583954254,0.1708542713567839,68.0,158.0,3.668468456853809,2.772588722239781,0.0,10.0
A2Z7ZXFE1PBW8S,calibration,B00CNOUZE2,B000WNLFBI,B000KVH1QU,0fbbf54605778f2252dd98169c2ca2b50f669e024311d0c9f3c6980e8e7cc5d0,2.0,151.0,75.5,83.0,1.0,1.0,147.0,73.5,187.0,93.5,0.2777777777777778,0.2222222222222222,68.0,158.0,3.921532008346027,3.8918202981106265,0.0,10.0
AB4XGHZNQN413,calibration,B00006IGL3,B0006GZCVK,B0006GZAKI,0fc475f14b9c75632e207909c8a548663e286ed02782c8ec79778a0c4990be9d,2.0,118.0,59.0,83.0,1.0,1.0,114.0,57.0,336.0,168.0,0.2971230802509193,0.10149253731343283,68.0,158.0,3.4334666422309406,3.1780538303479453,0.0,10.0
A2I7L1QZ2KGF1A,calibration,B006VJMM50,B00B2WU9HO,B000ITQ9WQ,0fd2580350c9009a0958ce34ce4181004798e503696be65ea4c3beb8138ee105,3.0,237.0,79.0,83.0,1.0,1.0,231.0,77.0,407.0,135.66666666666666,0.24395869407118057,0.11846689895470383,102.0,237.0,2.0648017970348906,1.9459101490553132,0.6666666666666666,10.0
A2SZGCG5KYWTHN,calibration,B00K7PO996,B00IT1HKV4,B00GFBWWWC,0fe8ad753e3e0c5f6eb01e65dfab76583c4d2fe0f0c35273caf8cfe77cfcd4ef,15.0,1224.0,81.6,83.0,1.0,1.0,1168.0,77.86666666666666,4908.0,327.2,0.1184433241540869,0.06732673267326733,510.0,1185.0,4.2691142624460765,2.772588722239781,0.0,10.0
A1Q6I3YKE595V7,calibration,B000GCQV9G,B000GCW9F6,B000KVH1QU,0ffbd37e2ca4505d7f2c5f24a74cdcaeac196a00f99c62c8d2fbdc3c0eb9d1f3,2.0,151.0,75.5,83.0,1.0,1.0,147.0,73.5,160.0,80.0,0.29866666666666664,0.264,67.0,158.0,2.7506291052723633,1.6094379124341003,0.5,10.0
A2TXW1LX11PQU8,calibration,B005FFVATK,B003KIU14O,B003COAFPQ,1003cdd1e936989331abe484cbead45513965bab8979eceb8f287f1f0776cab5,2.0,147.0,73.5,83.0,1.0,1.0,143.0,71.5,220.0,110.0,0.2629430719656284,0.17894736842105263,68.0,158.0,3.4965075614664802,2.3978952727983707,0.0,10.0
A3G4ZTM0TJH8LY,calibration,B000ELP5KA,B008U1Q4DI,B000UPRSKA,10350f0c3aafa8eb2cbd25541bfe1e92b7d8cea237f165d6e782eb9c6fe05255,5.0,336.0,67.2,83.0,1.0,1.0,324.0,64.8,740.0,148.0,0.28554086906747284,0.0825242718446602,169.0,396.0,3.071330499775473,1.6094379124341003,0.4,10.0
A3EP6YVAYS9YM3,calibration,B00ALV8EJW,B00AE07B9O,B007K449CE,1047f6fe0e9dbc7420fc5638aa84f32e7d070e0a01f1d46853540e9ec5be6618,17.0,440.0,25.88235294117647,63.0,1.0,1.0,440.0,25.88235294117647,440.0,25.88235294117647,0.5854621316173363,0.35051546391752575,583.0,1338.0,4.4300507079762985,3.0910424533583156,0.0,10.0
ATRNPNV3V7VXU,calibration,B0073SBABK,B000URVDIQ,B00239YCXM,1049b935201f785fb4a0102571381ff8abead239a4e1ab0c6c54ad746b78128b,2.0,166.0,83.0,83.0,1.0,1.0,158.0,79.0,270.0,135.0,0.2202991452991453,0.15,67.0,158.0,2.8518912373281005,2.70805020110221,0.0,10.0
A2G4F1QTM00GQX,calibration,B0050JS5M6,B0009FHJRS,B000FLPHL6,1053beb43323971cb7257aa474fda5f596b2128a42404c3befd2cae751b68a37,3.0,187.0,62.333333333333336,84.0,1.0,1.0,183.0,61.0,200.0,66.66666666666667,0.3778962562860868,0.25384615384615383,101.0,238.0,2.7426366125324946,1.791759469228055,0.3333333333333333,10.0
A1F9Z42CFF9IAY,calibration,B003JUY38I,B0000UTUW4,B001CJJ5QS,10624917f6656f7f02316e87ccb937d47d8fc98b0a598632eb40b0c7af97d751,10.0,577.0,57.7,84.0,1.0,1.0,561.0,56.1,937.0,93.7,0.3813093429824651,0.07252747252747253,340.0,789.0,3.536084344116996,2.197224577336219,0.0,10.0
AVHJITZBUKS4S,calibration,B002IFT5VA,B001MW1MKM,B00021AK4I,1063b2057e958f4091c1e381b7c34bb14a14f041fd5f6c83d88ce50784d08ad4,6.0,367.0,61.166666666666664,83.0,1.0,1.0,359.0,59.833333333333336,426.0,71.0,0.37599137792423126,0.21518987341772153,204.0,474.0,2.9973855051840643,2.197224577336219,0.0,10.0
A9PT136VE8M6L,calibration,B00005V5P6,B009T8GA12,B003IU9HI0,106f16e7afe0e7ffa4d10c5fd47825dbea0a272e5e9fed3353efc4eec6409170,5.0,386.0,77.2,84.0,1.0,1.0,373.0,74.6,619.0,123.8,0.2552668423915229,0.10714285714285714,169.0,396.0,3.2347166673150944,1.3862943611198906,0.2,10.0
ATHP3KFKOKX6Z,calibration,B0035COC5Y,B0009OAGXI,B0019LP8UQ,10758cbe0bd34315fda975e54becfdfee8b2ccab80b91cfeedf6e7ba5f0eaf4e,3.0,151.0,50.333333333333336,83.0,1.0,1.0,147.0,49.0,256.0,85.33333333333333,0.38699990312893534,0.15315315315315314,102.0,237.0,2.829735051625356,2.3978952727983707,0.0,10.0
AIKDR3SOC2V68,calibration,B00IT4POOG,B001FB5IDW,B0034F9K36,1082b5249deb357216554bc29cad09d6a6687471bb20d61a14f27b425b0afcdc,3.0,116.0,38.666666666666664,44.0,1.0,1.0,116.0,38.666666666666664,116.0,38.666666666666664,0.4691747661741538,0.4358974358974359,102.0,237.0,4.118348074214191,3.1780538303479453,0.0,10.0
AM86FTH0B1K9H,calibration,B000PKWAWQ,B000PKUYYW,B00AACC0AG,10a011c362ae38390d479b7fa38da1843b020dfd59e6c8a6af1a9b369e2270b2,2.0,166.0,83.0,83.0,1.0,1.0,158.0,79.0,285.0,142.5,0.19817053034806156,0.1650485436893204,68.0,158.0,2.0715673631957663,1.9459101490553132,0.5,10.0
A116MQPCVOV66H,calibration,B001CY87TE,B00147FGJ8,B000GLGBQ0,10a57c3c4e1a14974843a3dbc52bc4d0402a647c707874a000650691df8fa60c,2.0,166.0,83.0,83.0,1.0,1.0,158.0,79.0,218.0,109.0,0.2400632005135042,0.21656050955414013,68.0,158.0,2.9753212762938634,1.791759469228055,0.5,10.0
A2TKJ37YEI7ZX3,calibration,B002UU9Q6W,B001NNR45M,B00147FGJ8,10a6cfacc2a38de617584799c308d9989473f62186c4bb7f923bc1e7c6ae5d63,2.0,166.0,83.0,83.0,1.0,1.0,158.0,79.0,219.0,109.5,0.23904948554630084,0.21656050955414013,68.0,158.0,3.0523966162074925,1.9459101490553132,0.5,10.0
A3V6HW8K8Z7DJ2,calibration,B007UZ3UB4,B001VD8DDG,B004OFPH3W,10ab20a1634fe499cafd69e8ae5f648c9e8c6325d3cd96da2d954f279998de43,4.0,331.0,82.75,84.0,1.0,1.0,317.0,79.25,465.0,116.25,0.23264641536952751,0.18681318681318682,135.0,317.0,2.5230099147701797,1.6094379124341003,0.5,10.0
A14NVOHUU6CVU3,calibration,B004GW8GRM,B0058H0GA4,B0092SVTGA,10ad887ea4c031e83605877d2a5666d3c49732df5958f02112be43564e74f699,3.0,246.0,82.0,83.0,1.0,1.0,238.0,79.33333333333333,490.0,163.33333333333334,0.21575636722282798,0.09742120343839542,100.0,238.0,2.593573628705973,1.791759469228055,0.6666666666666666,10.0
AB0TLNLNOAGY4,calibration,B001IACZEK,B004BYNLIO,B007RTR89S,10ccafd7b98a83a3d79a40ac00e2e6a201143e99c10436a86dfc5677c5d794ee,8.0,252.0,31.5,81.0,1.0,1.0,248.0,31.0,258.0,32.25,0.5489405807731633,0.2926829268292683,274.0,630.0,4.614980520168376,2.8903717578961645,0.0,10.0
AQY3UH11T01S2,calibration,B001DO9VE8,B0027WPJRI,B001POC89Q,10e014b3567bd9b70ee36641de3eafc3d2578cefe0ca1170bf17d203f89156cb,8.0,360.0,45.0,83.0,1.0,1.0,353.0,44.125,364.0,45.5,0.480605299336944,0.2809917355371901,273.0,631.0,3.590222335241072,2.4849066497880004,0.0,10.0
A35E18C8NCR9CC,calibration,B0085L060A,B004LUZ956,B0032FQSZG,10e679958692b38c151a31185b916ab0d700cd915a2f3f6f048eb1f670efae79,3.0,251.0,83.66666666666667,84.0,1.0,1.0,239.0,79.66666666666667,612.0,204.0,0.16608350123775073,0.10476190476190476,99.0,239.0,2.987293004225894,1.791759469228055,0.3333333333333333,10.0
A3DKM0STAF66Z5,calibration,B00AE07CRA,B001ECQ4JE,B007JT7ARQ,10f479043876453044cefd7874c47c94e414aca06a72cf87ca64e9ab64552031,4.0,98.0,24.5,28.0,1.0,1.0,98.0,24.5,98.0,24.5,0.5820730921069761,0.5483870967741935,136.0,316.0,4.490107351537326,4.31748811353631,0.0,10.0
A2QXKX3GST6BBJ,calibration,B006IBM21K,B009Y2117G,B002V68N0K,10f74aca19e22c859dfdd1b239b2b34b665e18fa27bca0056470ce3152679c90,6.0,406.0,67.66666666666667,84.0,1.0,1.0,390.0,65.0,1088.0,181.33333333333334,0.2602033861720451,0.0737527114967462,204.0,474.0,3.0658391128281295,2.3025850929940455,0.0,10.0
A27ODQ434BH8VB,calibration,B006WQE5S4,B0055KRIJQ,B0085WHBHU,10fdd7bca12db3029520f69cb0fcb8178be6d9521dda674bfff4a35c0e75c516,2.0,166.0,83.0,83.0,1.0,1.0,158.0,79.0,866.0,433.0,0.07287062916201989,0.07068607068607069,68.0,158.0,2.3269801750787615,1.9459101490553132,0.5,10.0
A1GFN7SFM023UZ,calibration,B000Q4B108,B00AQZUO28,B0038TYTSO,11126231f0391a101cad3eb2eb57999c188ca6d051bca44c28bd00876fa8f5e1,3.0,235.0,78.33333333333333,83.0,1.0,1.0,227.0,75.66666666666667,273.0,91.0,0.27670804057074816,0.24817518248175183,102.0,237.0,2.450813700081194,1.6094379124341003,0.3333333333333333,10.0
A2SGKVMON4G59E,calibration,B004HK9CY4,B003HUJOWA,B003TQU1Q0,1119176089daa4ccb862e0ba55439f42151e8ded8dda0b989d5542eb00bd4cd5,7.0,460.0,65.71428571428571,84.0,1.0,1.0,444.0,63.42857142857143,655.0,93.57142857142857,0.31497967160820683,0.14102564102564102,236.0,555.0,2.4684633150839335,1.0986122886681096,0.42857142857142855,10.0
AFMJ0ZPH5ZTPK,calibration,B00658LP7I,B003Y04OK0,B0036BI56G,111dd916e8863b99671791801607c3cf8a68526f77ac9c41cadb0078eee486ef,2.0,166.0,83.0,83.0,1.0,1.0,158.0,79.0,527.0,263.5,0.12193210858768504,0.0913978494623656,68.0,158.0,3.594583869210161,3.2188758248682006,0.0,10.0
A13G9YVVS08LJ1,calibration,B006UET5UG,B001G2B8NO,B0046VGPHQ,11320b59d9abd6f9499abc6a5d7b3b8aaa22512f946898aca0e24f4727ec6356,3.0,202.0,67.33333333333333,84.0,1.0,1.0,194.0,64.66666666666667,342.0,114.0,0.28497088829905537,0.16097560975609757,101.0,238.0,3.782935084701826,2.5649493574615367,0.0,10.0
ABTUNH7645QJL,calibration,B00AFCP6F2,B005KJ353U,B000ELP5KA,11441db8c11cfc4eb8f3cdfdc21b8d925cd17038c82a47a936565ff044b7e468,3.0,171.0,57.0,83.0,1.0,1.0,167.0,55.666666666666664,393.0,131.0,0.3744810444662952,0.10029498525073746,102.0,237.0,4.372624437377154,4.110873864173311,0.0,10.0
AGC0KTZ2ORYNY,calibration,B003GVCU62,B00140TXWQ,B000AAAWEO,115115485850f53a1ddf1c8f0f9c0c5da300a9ad238cc905e3d4986e49f1c6dc,5.0,361.0,72.2,84.0,1.0,1.0,354.0,70.8,379.0,75.8,0.31765660445418253,0.24444444444444444,169.0,396.0,2.8193544125226264,2.4849066497880004,0.0,10.0
A3QCY8ODJBGFLH,calibration,B00CYDSAO4,B00AWLBAE2,B005QZQ9JU,11836b94e7b914023e8ad3e6a4b06562e4c9552c899f83413410a7863eced436,8.0,214.0,26.75,68.0,1.0,1.0,214.0,26.75,214.0,26.75,0.5940988546922805,0.3333333333333333,274.0,630.0,4.143186367082283,3.1780538303479453,0.0,10.0
A1YXA0JG832LCL,calibration,B004W5M3LS,B001HKR6WM,B001B1T2SS,118500d37b6d3153024118bda1cf36feb24d1294b5603399ce8d959b99a1baf9,2.0,117.0,58.5,79.0,1.0,1.0,117.0,58.5,117.0,58.5,0.3865535889872173,0.3008849557522124,68.0,158.0,3.9383192304877315,3.4339872044851463,0.0,10.0
AFERL9BAKR401,calibration,B002B8BCA6,B001QXC8B4,B00385WMK0,118be15a0e5b210ae87acd2795f4f18096a34709c395a5839365f93d1fa26b27,2.0,110.0,55.0,84.0,1.0,1.0,106.0,53.0,141.0,70.5,0.39837173238812584,0.22297297297297297,68.0,158.0,2.1910133173369406,2.0794415416798357,0.5,10.0
A2VIDLSAX04AQA,calibration,B002D4JABQ,B000L596FE,B004HFBC9W,11907ce3a8e76826eb3566c485c384a96d28c0fda8f0980a868cae8144f1652a,4.0,250.0,62.5,83.0,1.0,1.0,246.0,61.5,376.0,94.0,0.33109021802875466,0.13991769547325103,136.0,316.0,3.320673729076667,1.9459101490553132,0.25,10.0
A1YH6DMZOS59A2,calibration,B00GTBZ7HA,B00H2B2RLK,B006RFYH92,1191dcf505c3dee3f9cce4e9e087225f56a5ee63d97c7df2aceecebc10cd85ff,11.0,533.0,48.45454545454545,84.0,1.0,1.0,517.0,47.0,1006.0,91.45454545454545,0.4206788802542651,0.06557377049180328,379.0,863.0,4.319223909069934,2.772588722239781,0.0,10.0
A3AFATHUVGTL17,calibration,B001MA7QFO,B000I20Q72,B004GNMOSS,11af9f94b02073471a74775d0202fcef8b1ec97ab97e905228d32807514c4ccf,4.0,269.0,67.25,83.0,1.0,1.0,261.0,65.25,509.0,127.25,0.28329376521889615,0.1033434650455927,136.0,316.0,3.290780342469124,1.791759469228055,0.25,10.0
A1NP78VYIMHCKK,calibration,B000OYJ9AO,B002HK2GWG,B000EPA4FW,11b1f7a67a872d46f8b18a3077ba50536a23b1fcc38c441bdc5404ee47b5f34c,4.0,228.0,57.0,83.0,1.0,1.0,220.0,55.0,276.0,69.0,0.4088808970942216,0.2073170731707317,137.0,315.0,2.7302902246747216,1.9459101490553132,0.25,10.0
A2784TMK9TPDYK,calibration,B001FO2GW0,B001DHNBYQ,B0014CKX2I,11c3c6c9bd143234f97186b2ffcadce2caa43560648f1d3d8776502af327b717,5.0,408.0,81.6,83.0,1.0,1.0,392.0,78.4,680.0,136.0,0.22177521824305363,0.1320754716981132,171.0,394.0,2.1507276963811472,1.6094379124341003,0.4,10.0
A1CUR1VBNMWP98,calibration,B005D19E30,B000GI3TXQ,B00546F4CY,11d372647130bcae17c988a7fa3f689077610e26f155c15eb405160cecad9a2e,2.0,140.0,70.0,83.0,1.0,1.0,136.0,68.0,195.0,97.5,0.2856503961155124,0.19767441860465115,68.0,158.0,2.282174095733918,2.0794415416798357,0.5,10.0
A3KQSR125P72QR,calibration,B00ANAPF4S,B00198OG7U,B000141O6E,11e1ea7c949ccc259c0af521265c4f1839cdbb526edb29cbcc660764359dd0f7,3.0,207.0,69.0,83.0,1.0,1.0,199.0,66.33333333333333,619.0,206.33333333333334,0.2561020527504115,0.06679764243614932,102.0,237.0,2.6994462820630187,2.3978952727983707,0.0,10.0
A8ZI3L3UN86TD,calibration,B003QAPTAW,B00A51LI1O,B000AMHWCW,11f099ef0c43ba510810ab142da8ef15d9f6206ac44e723ee9c61cdeacc5e182,2.0,166.0,83.0,83.0,1.0,1.0,158.0,79.0,361.0,180.5,0.19283447911158116,0.11147540983606558,68.0,158.0,3.9605863607935072,3.3672958299864737,0.0,10.0
A37V9OHPGOFUHP,calibration,B007O7AZBG,B001EM1BBK,B0009OAGRE,11f0e51ae20eaee4625dd8774d993c39388a22dcd1a1d74423b9b9af1480cdad,2.0,166.0,83.0,83.0,1.0,1.0,158.0,79.0,567.0,283.5,0.133163101670244,0.07423580786026202,68.0,158.0,3.51098821153608,2.9444389791664403,0.0,10.0
A2V8ECTX0UDOUX,calibration,B005ZGNUJC,B005XIDZHO,B0032H4FPO,120a459a5e280157c582e21f8c776627b395edb1c5c549d2f16e7e67d1a257b9,2.0,166.0,83.0,83.0,1.0,1.0,158.0,79.0,351.0,175.5,0.19294111273633457,0.11604095563139932,68.0,158.0,2.970085626360216,1.6094379124341003,0.5,10.0
A72EOPX6HI486,calibration,B000G7AWIM,B0009RFB76,B001WAKUTS,120d4cb4e5e20fc7421352b874fe52852ec96b0b9106eb5e5ca5a3c38227b3c9,2.0,165.0,82.5,83.0,1.0,1.0,157.0,78.5,1067.0,533.5,0.07322731032408451,0.043424317617866005,69.0,157.0,3.7072864406752943,2.995732273553991,0.0,10.0
A1Q7ZY4QTC5R8H,calibration,B001CL6QG8,B0006MSVCG,B0009EXOP0,1224024703f58bc4fcd4155cd327cd7336f4832137298d41278888bd1046401b,2.0,166.0,83.0,83.0,1.0,1.0,158.0,79.0,294.0,147.0,0.20270092226613967,0.14782608695652175,68.0,158.0,2.171902710926842,1.9459101490553132,0.5,10.0
A3BUXU6RQUL47B,calibration,B008XWX4A0,B0068Z7MT8,B000HRVC5I,122aa1da22ac722372a2514cac115943336a80bbb4be8fe1f46b37900ce3bb09,6.0,431.0,71.83333333333333,83.0,1.0,1.0,411.0,68.5,1284.0,214.0,0.2605990252452832,0.04521276595744681,205.0,473.0,3.851971383588452,1.791759469228055,0.16666666666666666,10.0
A377VQWLC65GR0,calibration,B00138Y8NI,B000VSZDVW,B000C1VY9I,1232c988d3410aa4b5bcd7c35db33d7850a2af46713e9cb2b0ba63236e660adb,2.0,166.0,83.0,83.0,1.0,1.0,158.0,79.0,316.0,158.0,0.17766649429823367,0.16748768472906403,68.0,158.0,2.393745871391023,2.3025850929940455,0.0,10.0
APKNBK1Q27R91,calibration,B001ECQ4IU,B0063A432W,B000F5AG5E,123569ac7b9f3651d88c8c2d2f12de6dea46f818703a4b7b221bd4f3cfebece4,3.0,141.0,47.0,83.0,1.0,1.0,137.0,45.666666666666664,147.0,49.0,0.44980827113599003,0.2764227642276423,101.0,238.0,4.262236268801151,3.6635616461296463,0.0,10.0
ANEDXRFDZDL18,calibration,B00G3HM9ZI,B00D18ZDM8,B0009V1YR8,1267e8398c895205f964539e3a0b5ec9add3b8bba33f44f28ee1a6851495f0de,13.0,831.0,63.92307692307692,84.0,1.0,1.0,807.0,62.07692307692308,1430.0,110.0,0.33273409004885884,0.07517084282460136,446.0,1022.0,4.378856503428779,3.332204510175204,0.0,10.0
APY99MH9BN3GQ,calibration,B0020VJTDG,B003LDMVNM,B003CYUS26,1275a0320dede4d2c794ab6212ebd84d09d260af8cd0aef98051f51079288d49,3.0,228.0,76.0,83.0,1.0,1.0,220.0,73.33333333333333,319.0,106.33333333333333,0.2626360757837442,0.17616580310880828,102.0,237.0,1.8268796411139967,1.6094379124341003,1.0,10.0
A1IAJ5KNQ4RS2P,calibration,B0036RFMCA,B0026IFLG2,B0009GGY96,1285f86e3c5fbb9e387216e0d65790b26bd7ddd7c28c03d785b44b0ec9e07132,6.0,357.0,59.5,83.0,1.0,1.0,345.0,57.5,624.0,104.0,0.3288986110878074,0.12734082397003746,204.0,474.0,2.6210087605302994,1.6094379124341003,0.16666666666666666,10.0
A3FB4775FLIKS5,calibration,B007IAE5WY,B00AVWJUA8,B000OC3L4Q,129bb253693729a41f2e84ef54e0e9e2797c620e4e59b74754df26dcfd97c6e7,3.0,135.0,45.0,83.0,1.0,1.0,131.0,43.666666666666664,207.0,69.0,0.43942901234567905,0.17989417989417988,102.0,237.0,1.6702117646987518,1.0986122886681096,0.6666666666666666,10.0
A1ZVTB3RJM4085,calibration,B003UF0RB4,B003TQU1Q0,B0000YUXI0,12af07bb46504851eb5d5dbb41399a13e0d1f27799c4ea67f16cffcae5eeacd3,3.0,174.0,58.0,83.0,1.0,1.0,170.0,56.666666666666664,244.0,81.33333333333333,0.3498516464808599,0.18181818181818182,102.0,237.0,3.0724386619042026,2.3025850929940455,0.0,10.0
A3JPFWKS83R49V,calibration,B000YZJMHS,B00AHF1GK6,B000PXYC6U,12c983b4f33d620aafb039cf8ae3f3ac497ac24398efdd89e3a1c1c59b0afefc,7.0,325.0,46.42857142857143,83.0,1.0,1.0,317.0,45.285714285714285,979.0,139.85714285714286,0.436090281122982,0.046511627906976744,238.0,553.0,3.9087534833487547,2.6390573296152584,0.0,10.0
A2WNKJ9YH6V2NP,calibration,B007Y51LNE,B001GNBVRQ,B000V2DLJO,12d6b68758efb79dc932f0e9f19ad9ab53aaaaba74167954a99afac8233befea,5.0,355.0,71.0,83.0,1.0,1.0,341.0,68.2,831.0,166.2,0.27730417884558367,0.06589147286821706,169.0,396.0,2.7360755767945557,1.791759469228055,0.4,10.0
A3VN4P1607UR2U,calibration,B006T9BBM2,B006GXG6FI,B003I8FQ6O,12ea98fa70bc6e063bfc69611595fee0738730285de6e90e613746c8818dbe11,20.0,1134.0,56.7,84.0,1.0,1.0,1110.0,55.5,1501.0,75.05,0.37018734020602634,0.14102564102564102,670.0,1589.0,2.5978940648681075,1.3862943611198906,0.3,10.0
A2LXIRGXYVBHH0,calibration,B00008MOQN,B0013718S2,B0000CC64W,12f442557830b1da95271d074472373c7fb99f65109775a5ebbcb14c2d778fe7,4.0,268.0,67.0,83.0,1.0,1.0,262.0,65.5,522.0,130.5,0.30070082039193796,0.09164420485175202,136.0,316.0,2.84426498044077,1.3862943611198906,0.5,10.0
A369KKRPB3FREZ,calibration,B005EHID3U,B004RLBCZ0,B004B0UVHW,12fba4e9f8123ddc9a517b2da8c340b1162c3e61e6a342834906ae5126d6682d,3.0,198.0,66.0,84.0,1.0,1.0,190.0,63.333333333333336,285.0,95.0,0.3124319299381232,0.19653179190751446,100.0,238.0,2.401135173694365,1.791759469228055,0.6666666666666666,10.0
A1JELQ2BC10FID,calibration,B001I45ZFC,B004CZXL9Q,B000GF1E54,13013fb98cc2d80d7e05ad66b3665ba8973d0a810f5ea9fa8b6a63a9a57848d5,11.0,877.0,79.72727272727273,83.0,1.0,1.0,841.0,76.45454545454545,1937.0,176.0909090909091,0.19729794227472786,0.08374384236453201,374.0,869.0,2.6457823873157156,1.6094379124341003,0.36363636363636365,10.0
A18KIFDGDE69Y9,calibration,B004TSF8R4,B00139XON2,B00005NFBD,1306faa8de4b65e73d51b7f4bcba7fff1a5aa47513a5a1ba547a87b96790ae8a,2.0,163.0,81.5,84.0,1.0,1.0,159.0,79.5,241.0,120.5,0.23505786249149083,0.16923076923076924,67.0,159.0,2.8314802400679726,2.197224577336219,0.0,10.0
AWA0GJ1A5KIAY,calibration,B005OZJYUS,B00703QGQM,B007PAD71M,130b36009e3be6ecf8d59b6ddba902890a7e0530d5d5d5ed8710654d09d7e096,11.0,690.0,62.72727272727273,83.0,1.0,1.0,672.0,61.09090909090909,994.0,90.36363636363636,0.3317667685894814,0.13229571984435798,373.0,870.0,2.577902022283602,1.3862943611198906,0.45454545454545453,10.0
A16F57L7JR7KML,calibration,B0016JNQYG,B003GDBEBM,B000OY5W3M,1329546d21046c3ea1fbc19643dc2ec2df15ca5c7f264be8aa1d27de0bcbf035,2.0,166.0,83.0,83.0,1.0,1.0,158.0,79.0,200.0,100.0,0.2557826184594655,0.2328767123287671,68.0,158.0,2.5152189606962176,2.197224577336219,0.0,10.0
AOO2VBE1UGJPG,calibration,B003VMOGSQ,B003VMZHKM,B001RMP7M6,13375a0049bf0bfbcf1015bc0a909fe17479836c05d24b8e8c9ebf8e8d3b8d36,2.0,149.0,74.5,83.0,1.0,1.0,145.0,72.5,178.0,89.0,0.28643835616438357,0.2328767123287671,68.0,158.0,3.906997837501395,3.2188758248682006,0.0,10.0
A1C21QBAZ1W4Z2,calibration,B00AWLB9EI,B00BRGUNV2,B00021DVCQ,1337aacb3b7da6c900c7e85be93083f10b5f1f2ce6f4db85a11129fb39a33719,4.0,199.0,49.75,83.0,1.0,1.0,191.0,47.75,674.0,168.5,0.3975750422232458,0.06786427145708583,138.0,314.0,4.430692760140694,4.127134385045092,0.0,10.0
A3FPX9EZZC212A,calibration,B003EUP3O6,B000ZMBSPE,B00028OC4K,13418460e9473e3d2af45532cf3533ba2d18c4af7d5fb83ad727d64156783be2,2.0,167.0,83.5,84.0,1.0,1.0,159.0,79.5,552.0,276.0,0.10823380799265044,0.10714285714285714,67.0,159.0,4.7635964108638715,3.784189633918261,0.0,10.0
A36ET1TFU3F7FF,calibration,B0006GZAKI,B0001TMDF0,B0002Z8QG8,134f8a1b0c34c3634dbca1a5ea9213ea53dd8373ad08d46cf7e8a5beb34740c4,8.0,456.0,57.0,83.0,1.0,1.0,448.0,56.0,621.0,77.625,0.35702425180523567,0.1504424778761062,271.0,633.0,3.1954677668909364,1.6094379124341003,0.25,10.0
ADTOX2JFWWA0B,calibration,B004DIXYWG,B001HKR6WM,B005IUGRBI,13529a0f5d362b2d003fc1ae88f7314be871aa17b63d37a0563ec5cd6be5e320,2.0,162.0,81.0,83.0,1.0,1.0,158.0,79.0,179.0,89.5,0.2745026282520461,0.24812030075187969,67.0,158.0,4.02678458456727,3.6109179126442243,0.0,10.0
A3RERR67X91JVS,calibration,B000VEMWB0,B003Q3RUTM,B000H3I33G,1360e2140d64cfcbf21d8c60cea869d02409278cfba2a591350f2991e8f50d45,2.0,149.0,74.5,83.0,1.0,1.0,145.0,72.5,221.0,110.5,0.2599470899470899,0.17989417989417988,68.0,158.0,2.34106561356211,2.197224577336219,0.0,10.0
A1D24YL31R2U13,calibration,B000MANVQ8,B000BD0SEE,B000MAOWP2,1363911df1b7271a7f6533f0a0c86e6394d2c650603452ee22811367ebcf1b6f,2.0,150.0,75.0,76.0,1.0,1.0,150.0,75.0,150.0,75.0,0.311952861952862,0.3090909090909091,68.0,158.0,2.171902710926842,1.9459101490553132,0.5,10.0
A1WMT21SRY3W5J,calibration,B000H3O90C,B000BIXP3K,B000PHVTVC,1368e3c9bda6fbbaa618cbf133efb5fd5d040d6afa6a7c81b06573ce7e77fefd,8.0,492.0,61.5,83.0,1.0,1.0,480.0,60.0,1246.0,155.75,0.3424650140335582,0.043373493975903614,275.0,629.0,2.6754877069764365,1.791759469228055,0.25,10.0
A2TYO8P18ZXDJI,calibration,B008AMKZUU,B0082XRJXS,B007TF9FDW,136ded9bb650543316d4dbb85261042f667fd0f6be64a80f31031d06f17924ea,8.0,494.0,61.75,84.0,1.0,1.0,474.0,59.25,1320.0,165.0,0.30753580658332696,0.0737527114967462,269.0,634.0,3.652966464357722,2.3025850929940455,0.0,10.0
A2AWUA424MIXAE,calibration,B0030HAF4G,B000P4ZOIE,B00028OC4K,138015751bc694f1b33a54a4c671c2d2702f8926ecf71addafc5a5771dcfe013,2.0,166.0,83.0,83.0,1.0,1.0,158.0,79.0,391.0,195.5,0.16952724428608673,0.10932475884244373,68.0,158.0,3.575742731952367,3.3672958299864737,0.0,10.0
A26UIADA3AI330,calibration,B006UETE5C,B00277JKY6,B000VBDWQC,138510e7c4bbf3c065f0fb1f6fd9dd1a184a6c2c0a78ee20dc7fe7bb46521a5b,2.0,138.0,69.0,84.0,1.0,1.0,134.0,67.0,208.0,104.0,0.28141711229946526,0.17647058823529413,67.0,159.0,3.6292060752976534,2.995732273553991,0.0,10.0
A21NBEFN24HIPY,calibration,B00AZBVKAS,B007BLN17K,B00A76CPUA,1385721ec71bfb0189eb00edbe7156ba1f04d188455b4defb68dd7974cc9f154,3.0,148.0,49.333333333333336,74.0,1.0,1.0,148.0,49.333333333333336,148.0,49.333333333333336,0.42418709789601805,0.3148148148148148,102.0,237.0,4.939640553629331,4.74493212836325,0.0,10.0
A1AT76RT9OOQVX,calibration,B004G1GJ4U,B001DKRM8O,B000FS05VG,1388f595d386f83fb211e1c74126b993c1b15ad9bba77320cb6bf78a4ea0b9c4,2.0,166.0,83.0,83.0,1.0,1.0,158.0,79.0,520.0,260.0,0.1387639513576545,0.0821256038647343,68.0,158.0,3.872501401757919,3.0910424533583156,0.0,10.0
A3N12MEIKIOLNO,calibration,B0041KLRYS,B004MGAGP2,B0051SF376,138afc38a7a84bd30343b8ba30fc3b897de02d47fa38a83dffd43c9d0e35f80b,15.0,1031.0,68.73333333333333,83.0,1.0,1.0,1003.0,66.86666666666666,1443.0,96.2,0.3105915414501478,0.1377952755905512,508.0,1187.0,3.3132985336423886,1.791759469228055,0.06666666666666667,10.0
A2SX1SQHKG9U76,calibration,B006L2137A,B008CZBZMM,B002X9XV48,139d8b00f8e2b7d7d731d1b732e4a18ee3d58831aa9a4359ee78b61d2c7eacb2,5.0,291.0,58.2,84.0,1.0,1.0,279.0,55.8,739.0,147.8,0.338083538428366,0.09770114942528736,169.0,396.0,3.510214562892524,1.3862943611198906,0.2,10.0
A1IH42TUIZ2XJL,calibration,B00HB2JQNM,B005HIH7YM,B0018S8MZ8,13a23b9f9af31204974710cc5d3acf3580efc663092679b719591f61e6bd7fbf,18.0,777.0,43.166666666666664,83.0,1.0,1.0,765.0,42.5,1957.0,108.72222222222223,0.45376189587858323,0.049062049062049064,616.0,1417.0,4.2092461750352275,2.833213344056216,0.0,10.0
A17HUGSN4YTM35,calibration,B006ZUEMSA,B004ISU5V4,B000VUYDJI,13a2d0d18081dc4394f2fffc9eca8368e8c9983bc0ff0761c3fccc456778a32e,2.0,155.0,77.5,83.0,1.0,1.0,151.0,75.5,157.0,78.5,0.3,0.2857142857142857,67.0,158.0,3.401197381662155,3.2188758248682006,0.0,10.0
A2LV8GKCUOXUS3,calibration,B001LTVF7G,B0019N6RFO,B000C1Z1HE,13a9c1018c9d116bfcba530f06480f76fbe0e65d0cc0b152515f6954fce04cfb,3.0,196.0,65.33333333333333,83.0,1.0,1.0,188.0,62.666666666666664,389.0,129.66666666666666,0.29783722432291765,0.12056737588652482,103.0,236.0,3.664016501783579,3.295836866004329,0.0,10.0
A1CNSLLYW5A8YB,calibration,B00BN1MP5S,B002L6NZHG,B005N2ZLHW,13bace963c532cfaec6a304225d5d1523884569aa9e7747345ad1d37fe831832,7.0,467.0,66.71428571428571,85.0,1.0,1.0,455.0,65.0,962.0,137.42857142857142,0.2846205444391858,0.08208955223880597,232.0,558.0,3.207231992201108,2.3025850929940455,0.0,10.0
A2BHVXSSET6PB6,calibration,B005C1C02S,B00871KNXI,B005BF1M10,13c177315d3c5dd2cc5f5111c664a4fc02037b1046801121e3ae5121db5ef8ea,3.0,250.0,83.33333333333333,84.0,1.0,1.0,238.0,79.33333333333333,363.0,121.0,0.23258016017578856,0.1574074074074074,101.0,238.0,3.7468638898217486,2.772588722239781,0.0,10.0
A17XPQ6DEB9LTF,calibration,B005V2LLXC,B0055J812U,B004DK0UDA,13de0ab4b0946d98cc63923c3aae1022fab05955008447ad645bb0e952d85f70,3.0,191.0,63.666666666666664,83.0,1.0,1.0,183.0,61.0,422.0,140.66666666666666,0.29798598684782635,0.11409395973154363,102.0,237.0,3.514622222519139,1.791759469228055,0.3333333333333333,10.0
A3EDB62V8SMP3,calibration,B000K1MUH0,B002D48QR0,B004IZX4OM,13e6e35561b30eb75fa076740b41a015b0a57c3f8a13959116379a91598ba0b5,3.0,202.0,67.33333333333333,84.0,1.0,1.0,195.0,65.0,335.0,111.66666666666667,0.30360591133004927,0.132,101.0,238.0,2.4633938094088097,2.197224577336219,0.0,10.0
A1B9QFN9YFZD90,calibration,B0045K1N8E,B003VMU63K,B004NN0FIW,13e9a1cf05bbb77e152b978c3401d13334e1e8896b97de02f5b65809f1485b47,9.0,488.0,54.22222222222222,83.0,1.0,1.0,472.0,52.44444444444444,1213.0,134.77777777777777,0.39808488818761867,0.04415584415584416,303.0,714.0,2.9807268757237497,1.791759469228055,0.2222222222222222,10.0
A2EBROCMXYX9UM,calibration,B005UBN3NU,B002DP75R6,B0041R7C4A,13e9a6d1db138e4870db691a016e046903aac71a9bb0cde798b1b46fba30c423,5.0,400.0,80.0,83.0,1.0,1.0,384.0,76.8,950.0,190.0,0.17744446456814997,0.1111111111111111,170.0,395.0,2.327735334055158,1.791759469228055,0.2,10.0
A2KM6NZZZ5RRGK,calibration,B0038QLU66,B001P2O06W,B002LAS26Q,14146e189c59db822b2c569a7034cc3890490b57fdec49f2b5af8febe7416db9,4.0,268.0,67.0,83.0,1.0,1.0,260.0,65.0,399.0,99.75,0.31002978320891705,0.14285714285714285,137.0,315.0,3.0423262303344893,1.791759469228055,0.5,10.0
A5XF76PK1PEYO,calibration,B004J6E6NS,B007BLN17K,B004X1ZUZM,1414b4710a9fecf4bc9d8f38657e755f3acd8011cd0be372de92de8dfbabca8c,2.0,120.0,60.0,83.0,1.0,1.0,116.0,58.0,283.0,141.5,0.30015090543259554,0.12142857142857143,68.0,158.0,3.547532188643565,1.791759469228055,0.5,10.0
A8ZAD4PL2LD8A,calibration,B003IL5JVI,B00DPV1RSA,B004BCTAYU,1417558acca48e0a5ef7531f741330ec4e746b03731ad5b571fe4bf0ee483a8a,2.0,126.0,63.0,75.0,1.0,1.0,126.0,63.0,126.0,63.0,0.3527777777777778,0.3055555555555556,67.0,159.0,2.433767225227791,2.3025850929940455,0.0,10.0
A2XSH1PVZ3AGUH,calibration,B008S8NHRY,B0087O4XKE,B006J44ICC,143e1fd7b7c2b9d23ae47c815c6c3f9c2edd02f286ec52f3c11f55cb9cf0472a,4.0,226.0,56.5,83.0,1.0,1.0,222.0,55.5,356.0,89.0,0.3574408795515571,0.13765182186234817,136.0,316.0,2.8591838316530453,1.791759469228055,0.25,10.0
AIUU3A02SXDWH,calibration,B0098JU8TC,B008KYB8QS,B000GCVZSI,14624934f0cc289b6e83227183fb8dbae68e2169973ef1f3ddf91b431b10be48,2.0,162.0,81.0,83.0,1.0,1.0,158.0,79.0,171.0,85.5,0.2853631127967411,0.2698412698412698,68.0,158.0,2.7403194616709956,1.791759469228055,0.5,10.0
A100WO06OQR8BQ,calibration,B0011DQMHA,B00GTBZI6A,B00A0J09C0,14784eea02452559de599c5c0d09ecd6e83be9d7b069aa9a24ac48c674fc90b0,20.0,828.0,41.4,84.0,1.0,1.0,810.0,40.5,1057.0,52.85,0.49020591013123915,0.12313432835820895,686.0,1574.0,4.049455207419537,2.70805020110221,0.0,10.0
ATBT375XYUMFT,calibration,B000NWGCZ2,B000YJ2SLG,B0047F70B6,147cf81e260af729d75d4b6e8867f4b9fe07951dca9205ad11fcf5881429b6fe,4.0,264.0,66.0,85.0,1.0,1.0,252.0,63.0,314.0,78.5,0.3681015138996863,0.2318840579710145,134.0,318.0,3.1167089071576726,2.5649493574615367,0.0,10.0
A273DYR0Y3GP14,calibration,B00021C1LI,B001MA0QY2,B000127UUA,148f45c9a2b26d433a693913e4f4c405bb6700e265b8c7a48ee7c49dd9012370,3.0,249.0,83.0,83.0,1.0,1.0,237.0,79.0,684.0,228.0,0.14038598169032954,0.0891891891891892,101.0,237.0,3.77356633876358,2.4849066497880004,0.0,10.0
A33AP5DXOIAW0M,calibration,B008CC4FPY,B000ZZU97O,B002D4B1X6,14919719bca96ea4177da926411a04540650581a218b270fac4a2973ee920c16,4.0,296.0,74.0,83.0,1.0,1.0,284.0,71.0,541.0,135.25,0.24516976608249474,0.1328125,137.0,315.0,2.244286621202118,2.0794415416798357,0.25,10.0
A1WSZED2O5MA5T,calibration,B002FJ11UW,B000WXZE1K,B004W17O7A,14a00110d542a821454e731e25b5b8291c12841f698e31fd4fd0eca28152591a,10.0,665.0,66.5,83.0,1.0,1.0,649.0,64.9,1022.0,102.2,0.3084655403711881,0.1471861471861472,338.0,792.0,2.916824047996929,1.791759469228055,0.2,10.0
A36K2N527TXXJN,calibration,B00A0J084Y,B009YSSLAU,B00006K14U,14acb168e0a777288513bd858ec3a8d776674ebd2de80a183032887fcf6dc8ea,6.0,166.0,27.666666666666668,43.0,1.0,1.0,166.0,27.666666666666668,166.0,27.666666666666668,0.5644811201325437,0.4342105263157895,207.0,471.0,3.9004435576294103,1.791759469228055,0.16666666666666666,10.0
A2XW4FJXYMMNNI,calibration,B004HSO124,B004BCVG1U,B0012DDTVQ,14b7a3cd0d46274fbdcbbb2bee189792a333b4ac290cc8fe7a5767e8f7b65118,5.0,211.0,42.2,83.0,1.0,1.0,207.0,41.4,239.0,47.8,0.4668393513509853,0.23448275862068965,173.0,392.0,3.1110293829833835,1.791759469228055,0.4,10.0
A2PCYE2I32I1CN,calibration,B00A78TEAM,B0000Y3LAC,B006KXC5BI,14b9ee833c30db016d13f3e4d82fce5e434456a2e01a7f99bc8d36ed1c26be98,6.0,326.0,54.333333333333336,83.0,1.0,1.0,318.0,53.0,655.0,109.16666666666667,0.35310085988440004,0.11147540983606558,204.0,474.0,2.4503965117115074,1.791759469228055,0.3333333333333333,10.0
A1CEN3JKA3OEVX,calibration,B003WYKQQO,B001F51PXA,B001E96P0U,14d0c3ffc005e4a4234d5626e964955d1f464afeeb15d640764df64314dd31bc,2.0,102.0,51.0,83.0,1.0,1.0,98.0,49.0,200.0,100.0,0.3998244844229925,0.15813953488372093,68.0,158.0,3.420807738238796,3.1780538303479453,0.0,10.0
A1J5IPVDBG9L5U,calibration,B00EUPHWG6,B00HEQKY7M,B001B7PVRS,14eef60bf8f04fa2c119ca13caf2bbe13282be704d33246a87a2a76b5b5bcd35,5.0,297.0,59.4,83.0,1.0,1.0,285.0,57.0,745.0,149.0,0.3532403065628589,0.07203389830508475,170.0,395.0,2.5360933246154405,1.0986122886681096,0.4,10.0
A1WTL2G700DKL6,calibration,B001T8QJM0,B005I03536,B001E96L2W,14f4cea34f554018405b6d62f0588a0e2500b1143b74fc84e15c3c0f1339cc62,2.0,141.0,70.5,84.0,1.0,1.0,137.0,68.5,180.0,90.0,0.2925824175824176,0.21153846153846154,67.0,159.0,2.3025850929940455,1.6094379124341003,0.5,10.0
A2F0ROXOUD8890,calibration,B000PNTQW0,B0009P4PZC,B0000Y3LAC,150681b5cedfc4e93f98f1dca8d7672ebd35999a0eda9ef064bdc3cf60bb5a14,6.0,369.0,61.5,85.0,1.0,1.0,361.0,60.166666666666664,418.0,69.66666666666667,0.35830575112808044,0.22535211267605634,201.0,477.0,3.111384556755566,1.9459101490553132,0.16666666666666666,10.0
A1HQ5MUECRGJXU,calibration,B002ZNJU7Y,B002XY1NHU,B002JPWOK8,150953031e797282c386dfd98b3b565b1232566d8265de3245ccff77ca3146b9,7.0,413.0,59.0,83.0,1.0,1.0,401.0,57.285714285714285,629.0,89.85714285714286,0.37065344709962084,0.12639405204460966,238.0,553.0,2.720247422526704,1.0986122886681096,0.42857142857142855,10.0
A2ATK3BW8S6F4I,calibration,B0032H2FWO,B002OVV7F0,B000CECSAO,1509d92d4554fc8f25428734176cf6609ebd7a23cdd4fc603fdd2fe45126d771,4.0,244.0,61.0,74.0,1.0,1.0,244.0,61.0,244.0,61.0,0.36397959225131227,0.3148148148148148,136.0,316.0,3.9134429652109373,3.4657359027997265,0.0,10.0
A2FX5RYZTK2R1D,calibration,B006W3P14Y,B003UH0528,B00176B9JC,151eb66093db38b949b9289f1c14fb025e9386f9c14870e7f738de36552eda51,5.0,358.0,71.6,83.0,1.0,1.0,346.0,69.2,737.0,147.4,0.27098728992405224,0.07780320366132723,168.0,397.0,2.7283314091722297,1.3862943611198906,0.4,10.0
A1Q1T811N4IY3Z,calibration,B003U4LI7W,B002MOBZSS,B0028K3J8K,1526e47332b443f07c519ff513a2791dc41d454c68254fd0deb3d04f3420c8a6,18.0,486.0,27.0,76.0,1.0,1.0,486.0,27.0,486.0,27.0,0.5781736207730594,0.3153153153153153,615.0,1419.0,4.467595282273283,3.8066624897703196,0.0,10.0
A3S0DBBR693O06,calibration,B00GTC1KZ2,B00GJG9JCY,B007JT7AIA,153bc768e8d58f170bd9c884c7a6352d7c6a9d17e79015a3065e9e5165f30dac,7.0,343.0,49.0,83.0,1.0,1.0,335.0,47.857142857142854,927.0,132.42857142857142,0.39975457204614934,0.0819277108433735,239.0,552.0,3.516379057348764,1.9459101490553132,0.14285714285714285,10.0
A33JGP7NR4BV8W,calibration,B00GLS5938,B00IXX8YMM,B005TI7LB4,154d9b4bcb1f3fb928505388bbb9b545d7de39f445de786e4f04f94519eb9a39,14.0,718.0,51.285714285714285,83.0,1.0,1.0,698.0,49.857142857142854,1430.0,102.14285714285714,0.4094129341076019,0.07231404958677685,486.0,1096.0,4.09771778069127,1.6094379124341003,0.07142857142857142,10.0
A1P38D02SFEAOL,calibration,B00005REAT,B0070TSNO4,B0011UYY9Q,15503dedf13569a0bf4e1a96d08ee222f5e217a2b385612a6ac28199c749182b,3.0,202.0,67.33333333333333,83.0,1.0,1.0,198.0,66.0,234.0,78.0,0.31932863308702236,0.22818791946308725,102.0,237.0,2.642441453436598,2.3978952727983707,0.0,10.0
A217PCW72U1ULQ,calibration,B007POTA4Q,B005C3SNVS,B0018SAJAY,1558d169827a57abc75bfbf0ea51fa8a70b4dbf0ecb6eb43940634e292c8938d,8.0,527.0,65.875,83.0,1.0,1.0,511.0,63.875,1696.0,212.0,0.2778521467916131,0.04106280193236715,271.0,633.0,2.469981663550434,1.6094379124341003,0.5,10.0
A3UR5FRLA1LINI,calibration,B003XFBLVQ,B000052YQ2,B0064M5JBI,1560b67c855b81ebb56dc264cbd02b07fcc74c7122a230a7628031a215364bbf,3.0,236.0,78.66666666666667,83.0,1.0,1.0,228.0,76.0,425.0,141.66666666666666,0.23864430132333622,0.11221122112211221,101.0,238.0,2.723583807919178,1.3862943611198906,0.3333333333333333,10.0
A1GKZX6RMO8QO6,calibration,B000H3EO9I,B001EYFYNO,B000092OX4,1574d6dc3e4334aefad2c15dea84dc66bf2e9733992050e544d36219a22fb6b6,17.0,1216.0,71.52941176470588,84.0,1.0,1.0,1176.0,69.17647058823529,2471.0,145.35294117647058,0.2736202592117906,0.049062049062049064,576.0,1344.0,3.707326884147396,1.791759469228055,0.058823529411764705,10.0
A84O215CIZY6W,calibration,B0007CXXGO,B0020MMCZW,B000271KR8,159e24189df5ad1b0eb1d5fa72e95a0a5b9124083582f3eb2f6088b16bd9d95a,2.0,114.0,57.0,83.0,1.0,1.0,110.0,55.0,190.0,95.0,0.34375,0.171875,66.0,159.0,3.700615632206507,3.6635616461296463,0.0,10.0
AWMR5KDJ9DAHO,calibration,B003V21WO2,B0009WY4UQ,B0047ENQFQ,15ab86cf3c6a201b6fe53b2312dd4ab53fa7d39c13d58b9701a102ba9f40dfe2,9.0,461.0,51.22222222222222,84.0,1.0,1.0,448.0,49.77777777777778,636.0,70.66666666666667,0.4193897708851336,0.16417910447761194,303.0,713.0,2.7637492819547997,1.791759469228055,0.3333333333333333,10.0
A3U736A1MVOK90,calibration,B0030HKJ8I,B006UET5UG,B000NIY9GK,15b275bc82e5b28afa46d82dd91e86752a2a357fcbf9f3e620b29a0b13cdbb60,4.0,204.0,51.0,83.0,1.0,1.0,200.0,50.0,522.0,130.5,0.39898538498579306,0.07816091954022988,135.0,317.0,2.888996238607669,2.0794415416798357,0.25,10.0
A3H7YOJNXQGB29,calibration,B009Q1YPVY,B0039BGHW2,B004M7WKKK,15c032053a1f2b0b8d0eb0c1d2c7f9fb06865feab5da4b9edf9ca97ca26ada46,4.0,317.0,79.25,83.0,1.0,1.0,305.0,76.25,389.0,97.25,0.26683274096640436,0.2,135.0,317.0,2.7090113142185386,1.6094379124341003,0.25,10.0
AXI04L6E7J3RJ,calibration,B005H8PTR4,B005FJQQMC,B00142DXXE,15cb2864115d84900895b5f33366cfd68b6d18fe21ffa60216fcc2fd3d1896ce,5.0,258.0,51.6,83.0,1.0,1.0,250.0,50.0,712.0,142.4,0.3543160733128644,0.08900523560209424,169.0,396.0,2.9810756110981576,2.0794415416798357,0.2,10.0
A1BN17AK4KO91H,calibration,B0086LC47M,B008Q0E714,B002MZ8BK2,15f329ed3d4ad64b202f8dab41a37ee3328cd6a51bec9c051b766099f554ef1f,6.0,385.0,64.16666666666667,84.0,1.0,1.0,373.0,62.166666666666664,807.0,134.5,0.30595485649130433,0.0921409214092141,203.0,475.0,5.132340504560144,4.07753744390572,0.0,10.0
A2U00DW5FBJK1N,calibration,B005IUGRBI,B0038U4U3M,B0038TVHGG,15f400fa9f88622c77f1ab7652b7272874cfbe91921dfcdcd12d87052a4aeaf1,2.0,98.0,49.0,51.0,1.0,1.0,98.0,49.0,98.0,49.0,0.40987654320987654,0.4,68.0,158.0,3.58351893845611,3.58351893845611,0.0,10.0
A2G7B7FKP2O2PU,calibration,B00HD7SCLM,B00GTBZN4C,B001A5S3BM,161b087001d8c705076680e0cf0f430e398a155eb0ec2aae681b2863f92afcae,17.0,908.0,53.411764705882355,83.0,1.0,1.0,880.0,51.76470588235294,2050.0,120.58823529411765,0.38320362583771433,0.05405405405405406,586.0,1335.0,3.8609973799890973,1.3862943611198906,0.058823529411764705,10.0
A3EYDVFQ36WMK,calibration,B0019M1ARK,B0011NR3EQ,B00021C1LI,1622a7b7bbfe7a0399692ec023d8f460e37256f612a3062e466ce14a01be61a7,2.0,103.0,51.5,56.0,1.0,1.0,103.0,51.5,103.0,51.5,0.3987654320987654,0.37777777777777777,68.0,158.0,3.4202732646443437,2.3978952727983707,0.0,10.0
AJ2QUE28J90ZZ,calibration,B0000535VH,B004LCD8D4,B0009FHJRS,1625b5de585f9091df6395b12660ea75899acd1ada7a8ca0af6b04f914fa5edc,5.0,282.0,56.4,83.0,1.0,1.0,274.0,54.8,385.0,77.0,0.3700102423821744,0.17894736842105263,169.0,396.0,2.9092065999756707,2.5649493574615367,0.0,10.0
A3O4OWHIPM4HZ1,calibration,B001AZXB0A,B001126Y6A,B004D1NSYW,1644a0fa40050d812364dd91a1ba1f1ab7187764eba44a1c557603db7e53a2a3,4.0,279.0,69.75,83.0,1.0,1.0,267.0,66.75,530.0,132.5,0.2847409188034188,0.10461538461538461,136.0,316.0,1.8232544199431953,1.6094379124341003,1.0,10.0
A3APJ2YB962OWZ,calibration,B00365DABC,B005UL3LVY,B0016JNQYG,164bd2a6ceefd8a776ab2a91ce25626483991e86fdb6e1d1cfabd6a84d403224,3.0,207.0,69.0,84.0,1.0,1.0,199.0,66.33333333333333,534.0,178.0,0.23923648115896823,0.08823529411764706,99.0,239.0,2.5755512216158807,1.791759469228055,0.3333333333333333,10.0
ADDBSMV0PUH74,fit,B0036QQWAC,B0000Y3LAC,B0012ILUC6,0002337b87688866b97ea7bfe95a3f61eaf47a4b29e01131af302cd1ab3c7eda,4.0,264.0,66.0,83.0,1.0,1.0,256.0,64.0,470.0,117.5,0.29503856465863065,0.13765182186234817,139.0,313.0,3.403060790163713,2.995732273553991,0.0,10.0
A314S6XWC9ESK9,fit,B004EDWMBO,B0046VGIRI,B001UTK76C,0008f66d649b937a584fd93b7f3535e74339eca9466765071c3688b6e9171347,4.0,296.0,74.0,83.0,1.0,1.0,285.0,71.25,362.0,90.5,0.2895183605927025,0.21935483870967742,135.0,317.0,3.001984682429998,2.6390573296152584,0.0,10.0
A3BXWNKYIH96TR,fit,B003U4LGV0,B0035RE2TA,B002VECJ3Y,0012c0c02f7c1a7eeb13502a9c3789e9cb56ca95a155b670cb94df8982430e04,7.0,341.0,48.714285714285715,83.0,1.0,1.0,337.0,48.142857142857146,417.0,59.57142857142857,0.4210904293313446,0.17616580310880828,237.0,554.0,2.980344438207823,1.6094379124341003,0.2857142857142857,10.0
A33PGZ0CQ5DYDV,fit,B0002KS5VE,B003TQTFVW,B000GHVLUK,001419b07337b16597718050561a1a3b05e45e3d78e2f0105c9a231903e8f5c6,7.0,498.0,71.14285714285714,83.0,1.0,1.0,482.0,68.85714285714286,849.0,121.28571428571429,0.2778267195661467,0.13991769547325103,237.0,554.0,3.1941443199225072,1.791759469228055,0.2857142857142857,10.0
A16QJ07X360VDK,fit,B004DHYZU2,B001OMI9VA,B00283O7LK,001913414533c026506938b05da90f8d0163393a405232f1bbe1c7260f2700ca,4.0,301.0,75.25,84.0,1.0,1.0,289.0,72.25,490.0,122.5,0.2444691329446577,0.15246636771300448,135.0,317.0,2.7421874653806704,2.197224577336219,0.0,10.0
A23BLCJ9GBOBZU,fit,B005IUKUAC,B000177FXW,B006BA3BAY,0021a441a226fffa1eacdcb0eac1c4bdc30fc41709a7963aa30f795f9e4fed9b,5.0,352.0,70.4,84.0,1.0,1.0,340.0,68.0,606.0,121.2,0.2688715751885381,0.11805555555555555,169.0,396.0,2.960275022508108,2.0794415416798357,0.2,10.0
A28S5A9KCPNJ1,fit,B001E5EDJY,B001Q854GK,B0014A5P8C,00240322ecaec2185976bfdcae14986ed4016631e09eee80d4f17e3a714de7f7,2.0,166.0,83.0,83.0,1.0,1.0,158.0,79.0,236.0,118.0,0.2261904761904762,0.20238095238095238,68.0,158.0,2.644133515347267,2.197224577336219,0.0,10.0
A1U09Q4OP6XIK6,fit,B00C64GX4K,B002MO3CG6,B00AO4EKSU,0026d9c798d56f260441c3f525ae577611162ee6f2b2a10d5c509018390a680a,2.0,32.0,16.0,21.0,1.0,1.0,32.0,16.0,32.0,16.0,0.6895256916996048,0.6181818181818182,69.0,157.0,4.420507155241946,4.276666119016055,0.0,10.0
A3DUB06CRH2UOT,fit,B001CT0AGC,B0009OAGXI,B001PTFXAM,002ad8a5eb31f8f03428a05a6540428746fef812dde95c115e6a5d69f6ed187b,8.0,481.0,60.125,83.0,1.0,1.0,473.0,59.125,640.0,80.0,0.3423164625262946,0.15315315315315314,271.0,633.0,2.507036021495606,1.791759469228055,0.25,10.0
ARFWWOU7IHZV3,fit,B009GEUPMY,B00021DDR4,B000YZJMHS,002f25d3534ccbddaa2e0ed5dde850685a4a90f672eca362a1d7a258a9f61322,11.0,300.0,27.272727272727273,74.0,1.0,1.0,300.0,27.272727272727273,300.0,27.272727272727273,0.5795771612757258,0.3148148148148148,376.0,867.0,4.186151389679235,2.6390573296152584,0.0,10.0
AX0I3EJ1SF28G,fit,B000RZQGS8,B003S516XO,B0024H42E2,003214d5c4c787095a5b22421bf77f91924aa059a983abd7b396b43d6184198a,2.0,138.0,69.0,84.0,1.0,1.0,134.0,67.0,174.0,87.0,0.30102495543672014,0.21568627450980393,67.0,159.0,3.4758860821994557,2.3978952727983707,0.0,10.0
A2TPZW2V21LH2R,fit,B0010YXJ1C,B004T3K54U,B003OIPJZ6,003b0121aa092e28691b34bbd8389ac74ecae42108703eb3c153b277a971b580,9.0,641.0,71.22222222222223,85.0,1.0,1.0,617.0,68.55555555555556,930.0,103.33333333333333,0.2918586842594839,0.1596244131455399,303.0,713.0,3.004437282766023,1.6094379124341003,0.2222222222222222,10.0
A2ZZ9UC90BHC71,fit,B005X2F7KI,B004DK0UDA,B001JKTTVQ,004559244a03a5af8f121d04fcfa4039d8dd53154c9f9a98b7205319ed79943f,2.0,166.0,83.0,83.0,1.0,1.0,158.0,79.0,764.0,382.0,0.12736031696006483,0.05112781954887218,68.0,158.0,5.3951953337578455,5.318119993844216,0.0,10.0
AA0BGTQHWKSQY,fit,B00HB2JQNM,B009XRFA88,B0030GFY02,0049192d2504278ab785b37af7a6399a9e938f8023052242de3dd84bb65f2c41,11.0,699.0,63.54545454545455,83.0,1.0,1.0,679.0,61.72727272727273,1437.0,130.63636363636363,0.31402415391858124,0.09433962264150944,375.0,867.0,3.8706204003924656,1.791759469228055,0.09090909090909091,10.0
A1U04ZOMR0F2HL,fit,B007C7IVE6,B000VEPHYY,B00028OQZA,004a6185d5f000dd80a4a0c45e9c7beac428fa735e8d5fe911c03976c1a84178,2.0,129.0,64.5,83.0,1.0,1.0,125.0,62.5,331.0,165.5,0.2657915360501567,0.10658307210031348,68.0,158.0,2.0948273710132126,1.791759469228055,0.5,10.0
A2WUMZ4XTOYVG2,fit,B008LY3R66,B0089N6YA0,B000U0CAYY,0050ef77248446a044968c867aa89477932ec27eee78e988460d486e07636814,12.0,755.0,62.916666666666664,84.0,1.0,1.0,727.0,60.583333333333336,1971.0,164.25,0.29967349981406755,0.07505518763796909,407.0,949.0,3.0013230670791344,1.6094379124341003,0.16666666666666666,10.0
A37J1Y5BQ56YKV,fit,B0020MMCJI,B001HTTBWQ,B000C1UBFG,005d5625aa32444e694472479d82e99f8fe1290fe235204628435f683e9a79c4,3.0,249.0,83.0,83.0,1.0,1.0,237.0,79.0,353.0,117.66666666666667,0.22431896865017883,0.21656050955414013,102.0,237.0,3.0452774399337073,2.5649493574615367,0.0,10.0
AD4OTPR8ITEBZ,fit,B0067JF88M,B0019LRD9A,B002BFIH2U,00651d1b78ef7d147f787271ca0dda4480c51d4b07fc4f57094d7116f1e48b67,3.0,205.0,68.33333333333333,84.0,1.0,1.0,197.0,65.66666666666667,725.0,241.66666666666666,0.22527691277340448,0.06483300589390963,101.0,238.0,3.0462814567570375,1.9459101490553132,0.6666666666666666,10.0
A1022QCIW8Z720,fit,B004DK0UDA,B000PQGYOU,B000AADEP8,006fc00ab920042d91f24140f6372890af5c5941e3754600031bfaef159b2b0a,10.0,685.0,68.5,84.0,1.0,1.0,665.0,66.5,1186.0,118.6,0.28516997854788967,0.12186379928315412,337.0,793.0,3.291984261994634,2.0794415416798357,0.1,10.0
A3TSQNEO1RLVY7,fit,B004AJ1MN6,B003MJ7Z0O,B00011QUDE,007445f5fda16b15c9ca91cf9975ced230cd62c50173ae752e753d770e12aafc,4.0,263.0,65.75,80.0,1.0,1.0,263.0,65.75,263.0,65.75,0.3516195423656638,0.2920353982300885,135.0,317.0,3.4206433186340535,2.0794415416798357,0.25,10.0
A3GZ66PRPO5T70,fit,B000BU7SMM,B000142P12,B000142OZY,007584a99564455d33b763d5f63e9c156b2936a8515a9b7b66d325afcdba3663,2.0,156.0,78.0,82.0,1.0,1.0,152.0,76.0,202.0,101.0,0.2679124219057804,0.2147239263803681,70.0,156.0,3.126914405787736,2.995732273553991,0.0,10.0
A25OUGPDZ1MFAR,fit,B000KOO8AY,B0007CXXGO,B002CMLH6K,0076364de006a2af655584ba0496d2bcc6dbe62a1d26355095ff6fb14e6e2cb2,2.0,86.0,43.0,65.0,1.0,1.0,86.0,43.0,86.0,43.0,0.4808080808080808,0.3434343434343434,68.0,158.0,2.255429753258425,1.9459101490553132,0.5,10.0
A2P4L0VRXU9FPO,fit,B00KAL5JAU,B00JJVG6HC,B00HJD8NLY,00784f0299cab644ce6f816b753aab8cec9a87777e0ce5bf52b5a5b350a46753,6.0,477.0,79.5,83.0,1.0,1.0,457.0,76.16666666666667,1484.0,247.33333333333334,0.15567028806983038,0.07488986784140969,204.0,474.0,4.507674450708801,3.0910424533583156,0.0,10.0
ARW0K97G6JQFG,fit,B001UE60E0,B0013TM9UQ,B001AO0WCG,007d50ae70da447fa0238ef5f1668cb30607c494033a9968716729e2623f3834,5.0,334.0,66.8,83.0,1.0,1.0,322.0,64.4,558.0,111.6,0.31899333582115225,0.11333333333333333,173.0,391.0,4.186260612013706,3.2188758248682006,0.0,10.0
A3EADWE0F3A1J6,fit,B00198PV7Y,B0009ET5JE,B000052YKM,007d7e9aef724388b30666fd37abf1ac72f4df74d6a6c191be787c9a5b568d77,6.0,338.0,56.333333333333336,83.0,1.0,1.0,330.0,55.0,399.0,66.5,0.3888251476728233,0.22818791946308725,204.0,474.0,2.288325444933771,1.6094379124341003,0.5,10.0
A1P0ZGLGQOIZF4,fit,B008FX7B9M,B001NH6ZVW,B0001AQCII,0081da14a4d4f177f9073f8f18a67dab1cdc88f04ea66286758577224ed1172c,3.0,185.0,61.666666666666664,84.0,1.0,1.0,181.0,60.333333333333336,376.0,125.33333333333333,0.32313797313797316,0.10714285714285714,102.0,237.0,3.4811611845339656,1.6094379124341003,0.3333333333333333,10.0
AGBFIQMV9L61Y,fit,B00008J2XQ,B0016B5LAQ,B0002TSCZY,0081de6f34b2c09764c388d24a08e984ef36adbf5f7e2615079e9dbda5c1cef0,5.0,331.0,66.2,83.0,1.0,1.0,323.0,64.6,767.0,153.4,0.2867370523395433,0.07112970711297072,171.0,394.0,2.8054004984116014,1.6094379124341003,0.4,10.0
ABFPU5V1VLR64,fit,B004ZF04PW,B0047ENQFQ,B0030GFXO4,008b00404881e117d7d45609729d23ab655bf695cc42564e5cf891588af58875,2.0,104.0,52.0,83.0,1.0,1.0,100.0,50.0,180.0,90.0,0.3984375,0.171875,68.0,157.0,2.649158683274018,2.0794415416798357,0.5,10.0
A1RTDCJUTFNK6E,fit,B00DHQCJTO,B00AQBDZLE,B003FV82VA,008c67ad6d8fe2e5538fb2cd74a9a3cd76a6f9b7b1c08b348f36ad05a7ed0591,4.0,258.0,64.5,83.0,1.0,1.0,254.0,63.5,258.0,64.5,0.3552955818814161,0.2905982905982906,137.0,315.0,2.981192545010608,1.3862943611198906,0.25,10.0
AM5O2QK6RUFUM,fit,B004D24818,B002CMLH6K,B0029OAL86,0090c20420ad7278b1a5e34dac3bdf3252e26843088689bed5eae6ce9e926d0e,3.0,221.0,73.66666666666667,83.0,1.0,1.0,217.0,72.33333333333333,297.0,99.0,0.27911905196298203,0.17616580310880828,102.0,237.0,2.307547963825296,1.6094379124341003,0.6666666666666666,10.0
A1TVEXH1NSL633,fit,B0062MAAAK,B0047TO1G4,B001C6H6F8,00915652e95bd72e5f1614eaf0db3c8330b8c5442e5cdf7f72aba441468dfe2a,3.0,232.0,77.33333333333333,83.0,1.0,1.0,224.0,74.66666666666667,1026.0,342.0,0.16946705725151612,0.04521276595744681,102.0,237.0,2.9481121109163104,1.6094379124341003,0.3333333333333333,10.0
A3GFSBOQCCZSAY,fit,B003RF82UK,B0094GHGQM,B0000536P3,0091b171491261218308d21073bd1778b2ba2126f4dee8edbfdc643033f7c619,17.0,1081.0,63.588235294117645,84.0,1.0,1.0,1051.0,61.8235294117647,1743.0,102.52941176470588,0.3382434286679955,0.07640449438202247,576.0,1345.0,3.5363706564055293,1.9459101490553132,0.058823529411764705,10.0
A3LQOJCPW9IFGF,fit,B001KYQ3DS,B0008F6ZDI,B00005O0MZ,0099e1e4870d9ed41b925e1d2758ad4a5b9e627295d0010829bf90b6198b8001,10.0,545.0,54.5,83.0,1.0,1.0,537.0,53.7,720.0,72.0,0.3863701183366383,0.13026819923371646,337.0,793.0,3.1823797714083604,1.791759469228055,0.2,10.0
A230E5U2AQ9VB2,fit,B0047WX5B8,B002QF4UYY,B000VPPUEA,0099ee745ccaff0fbcb92d348c8821b3926392bb78ed19a441473040125cd690,3.0,250.0,83.33333333333333,84.0,1.0,1.0,238.0,79.33333333333333,988.0,329.3333333333333,0.18580947523391025,0.039951573849878935,101.0,238.0,3.7347413417647903,2.4849066497880004,0.0,10.0
A123O9Q0UASKP2,fit,B005SPEWLA,B003QAPTAW,B001MP0PIE,009ab0665249df0554d9541e6db228137007663810eb5d9b14477b60f6781f31,5.0,331.0,66.2,83.0,1.0,1.0,323.0,64.6,785.0,157.0,0.2845933621705565,0.0947075208913649,170.0,395.0,3.7845165339394624,1.6094379124341003,0.2,10.0
AQNX0WN00JEVE,fit,B0007CXXE6,B00GTC0DYQ,B0048O2R1E,00a2445e0f9ec9ca9c33c4008639363bd7ca6d313434fdd21ca8ac27c01882f8,13.0,685.0,52.69230769230769,83.0,1.0,1.0,665.0,51.15384615384615,2449.0,188.3846153846154,0.38277751508319763,0.043373493975903614,449.0,1020.0,3.9711092722275696,2.70805020110221,0.0,10.0
A2QGRMN0M0GR0,fit,B0085QU1GY,B005EHHWPA,B00067YSLO,00a6971ec750c0a4c4bbc876eab3c27d62bd289e5cb21b889817454435bc0f79,2.0,98.0,49.0,58.0,1.0,1.0,98.0,49.0,98.0,49.0,0.41451233842538193,0.3695652173913043,68.0,158.0,3.8533064569820983,3.6635616461296463,0.0,10.0
AKWN5LD5YN7QI,fit,B002TSA94S,B002TSA94I,B0009FHJRS,00abe40b42b4edb2950be16a7843f1a909a19d00994760fd327ab9d47f4084ff,4.0,225.0,56.25,83.0,1.0,1.0,217.0,54.25,286.0,71.5,0.38435515293200856,0.22666666666666666,136.0,316.0,3.1567444845315538,1.791759469228055,0.25,10.0
A2L35P0VQE7LBN,fit,B00GTC0IY6,B00FU574H2,B002AMUIBM,00b13b8378c6906b3463c2d8af19595fa6d42b44158fa1dd12c81067daead1dc,5.0,205.0,41.0,82.0,1.0,1.0,201.0,40.2,277.0,55.4,0.5043283460840203,0.18518518518518517,172.0,393.0,3.921110475380876,3.0910424533583156,0.0,10.0
AG7KPETFR641W,fit,B000OYJ9AO,B000FZVSNI,B001H3ZUKE,00b6d5a435e6aaf51fe66739be8368657f72cf5838a26673b146cd1935578531,3.0,164.0,54.666666666666664,83.0,1.0,1.0,160.0,53.333333333333336,404.0,134.66666666666666,0.36064674096588994,0.09523809523809523,103.0,236.0,2.6760430198105865,1.791759469228055,0.6666666666666666,10.0
A1I23D2WA53FPB,fit,B004E2UO74,B002JKD5ME,B000ZV5SLK,00bf7cb4d1ddd6b032ab3c8b181aa79d018e7d7f964b977ea54fca7be3ee61bf,4.0,172.0,43.0,83.0,1.0,1.0,168.0,42.0,224.0,56.0,0.4526443775241852,0.20118343195266272,137.0,315.0,2.5836551018482172,1.791759469228055,0.25,10.0
A7MJTKHGS43RY,fit,B000C1Z8MW,B000P258QE,B000142Q6G,00c002e02c36b1f6fb14f71ad5c2496b9984c36bf28bf2357aac17db44fedc45,3.0,221.0,73.66666666666667,84.0,1.0,1.0,213.0,71.0,340.0,113.33333333333333,0.25818276410334,0.17647058823529413,102.0,237.0,2.320747821422069,1.791759469228055,0.6666666666666666,10.0
A2RK1FNF8QT7LA,fit,B0002Z8QG8,B007IY97U0,B00GPHK1PQ,00c6c31ce95b8d8907e3ad51f9bc5264f254cdfbc1961f0c6f1cd052e2f99c2f,5.0,303.0,60.6,85.0,1.0,1.0,299.0,59.8,403.0,80.6,0.33830979694890334,0.14746543778801843,166.0,399.0,3.25111116316805,1.791759469228055,0.2,10.0
A376SAMM1PEVNL,fit,B005MEPC52,B005IXAC1Q,B002QY86BI,00c8055d68436d46f982bd545d425f00f6d12e267c0085fe0adc7374899fb50e,2.0,73.0,36.5,43.0,1.0,1.0,73.0,36.5,73.0,36.5,0.48640422077922074,0.44155844155844154,68.0,158.0,2.6441335153472676,1.791759469228055,0.5,10.0
A276IEU4PLTBZQ,fit,B004XA81ZE,B00397XUIK,B000TUUGAK,00cb73df8cf0dba62fc65b609cdd79f06509b7fc3e650d73e399b86610e77a97,2.0,168.0,84.0,85.0,1.0,1.0,160.0,80.0,319.0,159.5,0.19839945618588553,0.12260536398467432,66.0,160.0,3.344177356973381,2.3978952727983707,0.0,10.0
ALYXQYKO4F00Z,fit,B002MZ8BK2,B00150LT40,B000PQDKU6,00dafc82444a5f6afc5e5c435c2187a7dbfb5195ca085f24e8f16b823c00a44b,2.0,84.0,42.0,69.0,1.0,1.0,84.0,42.0,84.0,42.0,0.508703481392557,0.3235294117647059,67.0,158.0,5.089839429136205,4.584967478670571,0.0,10.0
AYUF7YETYOLNX,fit,B009FKNGRA,B009FKNGGQ,B00AE07CPM,00e3e863fc60feaa9d4e56ae16e2ff2ae72abf6dc218064b8d675f7fda3984f9,9.0,213.0,23.666666666666668,39.0,1.0,1.0,213.0,23.666666666666668,213.0,23.666666666666668,0.5980479517160426,0.4657534246575342,310.0,707.0,4.5806086420973,4.174387269895637,0.0,10.0
A3A582ZMCKUYBI,fit,B001ET76EY,B001ET7MJI,B000G8LWZI,00f50309481cdb07d25889cf1940449aee6bcb23b022bbddc7d24e1c5e0a8b8d,5.0,351.0,70.2,83.0,1.0,1.0,339.0,67.8,662.0,132.4,0.2662119479651329,0.10089020771513353,170.0,395.0,2.965556067362064,1.791759469228055,0.2,10.0
A224ZS8XF88KIP,fit,B003YJ9YBU,B001ARSVI0,B004KATCFK,00fa3bee2f159917542785df3846591750ed7be3e849ebd567fa421635b440f4,8.0,470.0,58.75,84.0,1.0,1.0,458.0,57.25,532.0,66.5,0.38693994792249836,0.1951219512195122,273.0,630.0,3.1885223018801057,1.791759469228055,0.25,10.0
AEKB9BBR4GB8I,fit,B003V265QW,B003TXO7XQ,B000VT54QA,00fc7587daa40f1f77e716c578ee08bcc6f5de744542b93870a01de6ad00aa6c,16.0,1119.0,69.9375,84.0,1.0,1.0,1083.0,67.6875,1541.0,96.3125,0.2997974929865553,0.13545816733067728,543.0,1264.0,2.856905548807351,1.3862943611198906,0.1875,10.0
A2EFWH8N53TJX0,fit,B000052YQU,B0067H6JGY,B00008J2XQ,0101be7df98742f8faa7acfa577790d1ef9dac7d69f873c303067ee92b535a3b,2.0,166.0,83.0,83.0,1.0,1.0,158.0,79.0,246.0,123.0,0.22089799296503204,0.18994413407821228,68.0,158.0,2.8903717578961645,1.3862943611198906,0.5,10.0
A2MKKH27I1UU7P,fit,B0094Q77PW,B008RRX9CE,B008UBEABQ,0102a71bcb1323790d05edee0845536cd07696fd83e14b5276a48e34885d27e1,10.0,661.0,66.1,83.0,1.0,1.0,649.0,64.9,917.0,91.7,0.3097888329035518,0.13654618473895583,338.0,791.0,3.2117842436503183,1.6094379124341003,0.4,10.0
A2OGBPEJ9JW5XJ,fit,B0044CZX1G,B007BZPGQ0,B0043OSKZG,01066cf33f7f6673462293c86ea9d885f5ba638d9760feb5d6848e5542fb5d24,3.0,140.0,46.666666666666664,84.0,1.0,1.0,136.0,45.333333333333336,228.0,76.0,0.42463787171564443,0.16097560975609757,100.0,239.0,3.138792818462484,1.3862943611198906,0.3333333333333333,10.0
A42CRGRB74ZIJ,fit,B003AVNLLQ,B001MS7HF0,B0000536P4,011353ed7e36ade0fb01c12a94e2528305e01ba180e7830192658976c116d9ba,3.0,252.0,84.0,85.0,1.0,1.0,240.0,80.0,462.0,154.0,0.19453217053385297,0.1328125,99.0,240.0,3.048066856490546,2.197224577336219,0.0,10.0
A2IACU8LJ1FCKE,fit,B003ART1L4,B001KYQDEW,B001D0IWDS,011a7fe0531cd44196a514c5996abb7cef8901939d25894ec3667d9ede36ccab,5.0,272.0,54.4,83.0,1.0,1.0,264.0,52.8,1240.0,248.0,0.34514872363842614,0.04106280193236715,170.0,395.0,3.2958799726561425,1.3862943611198906,0.2,10.0
A1B7PXBKWTKWTM,fit,B007RX3AFA,B007O7AZBG,B000P22UUG,011bb870e7c63a1ce12c66b635d8566f68ec69cffb0d7e83a5252c00e5a9ccc8,2.0,167.0,83.5,84.0,1.0,1.0,159.0,79.5,415.0,207.5,0.1393643459694074,0.1198501872659176,66.0,159.0,3.4758860821994557,2.3978952727983707,0.0,10.0
A4JXXEE26M80A,fit,B005JV1YRI,B0054GBXOW,B000V2ACHI,012028262cbeb0409da026d0065fea70ef430ebd89d03c011dbb04411c8a073a,4.0,333.0,83.25,84.0,1.0,1.0,317.0,79.25,877.0,219.25,0.18310975526944806,0.0859375,133.0,317.0,3.6738673001477564,1.791759469228055,0.25,10.0
A2S377GRNZKJE4,fit,B001HKR6WM,B002ZNJJLQ,B002ON11RW,01223bc1cf242815535b2e2f17d228ee001e6b129b88e0bc687a4f7aa0f5e8da,2.0,85.0,42.5,62.0,1.0,1.0,85.0,42.5,85.0,42.5,0.475328947368421,0.3541666666666667,68.0,158.0,3.1142555017955917,2.5649493574615367,0.0,10.0
A1QMHEZD6SU24H,fit,B006CCNDYA,B002MZ8BK2,B007M0STLI,01286c5918ba828b9e3c8fd8f33e853feea212c12decb6c833433edd5acdea15,3.0,249.0,83.0,83.0,1.0,1.0,237.0,79.0,431.0,143.66666666666666,0.2162428116768853,0.12408759124087591,101.0,237.0,3.8116978816053577,1.9459101490553132,0.3333333333333333,10.0
AO5AUBM8XAU2E,fit,B005V1A05S,B005P0M69I,B000C1W6TK,012aa5ad0ac924522c6f6d0350d9156063ec6eb1af64d8f6b9b4424d8412927e,4.0,319.0,79.75,84.0,1.0,1.0,307.0,76.75,606.0,151.5,0.21432386554565697,0.10443037974683544,135.0,317.0,2.938001338895698,2.197224577336219,0.0,10.0
A28DTNOGUPUCCI,fit,B0002SQ6YO,B001CJJ5QS,B000G2I9YQ,012af1ca6bab800c244a4d2401a44a43058277571900e4340e7fab4d14f7ee4f,2.0,144.0,72.0,83.0,1.0,1.0,140.0,70.0,197.0,98.5,0.2789473684210526,0.2,68.0,158.0,2.0715673631957663,1.9459101490553132,0.5,10.0
A31J176KH7ZZEY,fit,B001AL4DBA,B0014XECEW,B000N93AHS,014136de49152df87c5f62e7122c58882f791c5dd5e23888f9cd660d47bb3c07,6.0,417.0,69.5,83.0,1.0,1.0,410.0,68.33333333333333,471.0,78.5,0.3201448019734229,0.19883040935672514,204.0,474.0,2.7066893794778903,1.3862943611198906,0.5,10.0
AO7OKX2B4O7CA,fit,B008RVYJS8,B002K6AHQY,B003OGT4KE,014c5937b79ededde49805fded305f219b0835ee236e74da8085e97cd8d25794,4.0,271.0,67.75,83.0,1.0,1.0,267.0,66.75,370.0,92.5,0.30392881413523615,0.1574074074074074,135.0,317.0,3.126288623233207,2.6390573296152584,0.0,10.0
A3PSH6SYXE2JPP,fit,B00AZBSPQA,B008USRW4Q,B0009MHJE4,015250a80abbb2ff0cfee009795ae1d5095542bf00d7c3506b2b2faf0de803ab,3.0,214.0,71.33333333333333,85.0,1.0,1.0,206.0,68.66666666666667,429.0,143.0,0.24040473398507145,0.12260536398467432,98.0,241.0,3.631015777779243,2.3978952727983707,0.0,10.0
A29ZR9V8IDBXOD,fit,B001BHUFTW,B0009RFB76,B00027DMI8,015860c27f059c8abb590a4711a9a7806994730c5a798a09275e8d3c37115250,2.0,163.0,81.5,82.0,1.0,1.0,155.0,77.5,1565.0,782.5,0.04339890579688481,0.043373493975903614,71.0,155.0,4.3877747172430945,4.356708826689592,0.0,10.0
A397B9QSGUQ7VY,fit,B003WN1ELQ,B003LDLO4E,B000ODNSR0,01600aa1bb4aef19efa68ebe119d9373af8ce8d2382801752248fc419a03bece,10.0,778.0,77.8,84.0,1.0,1.0,742.0,74.2,3289.0,328.9,0.1661055192228485,0.039951573849878935,339.0,791.0,2.918408270604938,1.791759469228055,0.2,10.0
A3V1ON6X9TKWFL,fit,B00005REAT,B0050JS5M6,B0034ZGZR0,01645e768660836af30e927851677ebac4d4a435c912eb894eb4e75fc1a434e7,3.0,192.0,64.0,83.0,1.0,1.0,188.0,62.666666666666664,241.0,80.33333333333333,0.32459816264803654,0.20481927710843373,102.0,237.0,1.8268796411139971,1.6094379124341003,1.0,10.0
A16EX7FYCNQNJD,fit,B0002Z8HAI,B00BGAOJGY,B000142C1A,0165d0827199145e2a638fbd567f9900859698ea6f2fd4f092171dfc606b012b,3.0,186.0,62.0,83.0,1.0,1.0,182.0,60.666666666666664,282.0,94.0,0.3160064574308242,0.1596244131455399,101.0,237.0,2.810545101018197,1.6094379124341003,0.3333333333333333,10.0
AYXD10CVMB789,fit,B00005O0MZ,B0056JVQ8A,B0017QT5UM,016cf79d5ebb64783db69709407640ab949cf200e7338cbc7390f985431f08d1,4.0,332.0,83.0,83.0,1.0,1.0,316.0,79.0,627.0,156.75,0.19762218921955027,0.11846689895470383,136.0,316.0,2.0415540671480357,1.3862943611198906,0.5,10.0
A38E0NUTVGQM45,fit,B002T5IN5I,B000FH4T3M,B003552INO,016e26347564c10c1f4890ac02154430285f9fa1f7b96b0bf91574f608140408,4.0,309.0,77.25,83.0,1.0,1.0,297.0,74.25,504.0,126.0,0.2542284892260001,0.11643835616438356,136.0,316.0,3.0789558773723233,2.0794415416798357,0.25,10.0
A3JX1D26WFEXOS,fit,B000U6PW7K,B0028NA9US,B0016HMWYI,016e627daa66428fa7118438a27081d6d480b567905beab176684dad56ce0b87,3.0,249.0,83.0,83.0,1.0,1.0,237.0,79.0,334.0,111.33333333333333,0.2360886532130647,0.2085889570552147,102.0,237.0,2.620061685824055,1.791759469228055,0.3333333333333333,10.0
A3BNYC25EOEURJ,fit,B00B0GOSNI,B004LXJU5I,B000EMWHDM,0171c50ea2d299907fc5a4e5192fdd908f69aa2f4687800dd83a9d8ba1762be4,15.0,865.0,57.666666666666664,83.0,1.0,1.0,849.0,56.6,1400.0,93.33333333333333,0.37376467912891465,0.08793969849246232,507.0,1188.0,2.7577429774336815,1.0986122886681096,0.3333333333333333,10.0
A8PPHFW7BW5UB,fit,B004CQ710U,B005YTYJSQ,B003OGT4KE,0174081a87d5fc696e68358b493ed28b77094b5968db5b1cba6d76d40686e7a7,5.0,341.0,68.2,83.0,1.0,1.0,333.0,66.6,384.0,76.8,0.3209022543113452,0.21794871794871795,170.0,395.0,2.6232127150511597,1.9459101490553132,0.2,10.0
A1H6SBO7R007I8,fit,B003V265QW,B0039NMCPG,B002UUT3YM,0189cd49814d3d133acde4d8344f948ee118d06f8244a79654ebd6db41da1797,2.0,102.0,51.0,83.0,1.0,1.0,98.0,49.0,203.0,101.5,0.3987363683572789,0.1559633027522936,68.0,158.0,3.985888061440314,3.828641396489095,0.0,10.0
A1L3BUW35KO49C,fit,B009NCM6JY,B006OMHR1S,B000ZV5SLK,0191e1ae5cdcc170427f817925f129a21423760714c01bff71b459dcd35421e4,6.0,395.0,65.83333333333333,83.0,1.0,1.0,379.0,63.166666666666664,1011.0,168.5,0.28519042705205616,0.07888631090487239,205.0,473.0,4.133571551430781,3.2188758248682006,0.0,10.0
A35JRUKMF5NWN6,fit,B00BNB35RA,B00B7N7CTQ,B0006M56BK,0195c81f649ed6c43de573db4f0146992c22980c30904316cf546fb2997dd9b5,10.0,554.0,55.4,83.0,1.0,1.0,542.0,54.2,807.0,80.7,0.3673207473957804,0.1511111111111111,337.0,793.0,3.3106402340097887,1.3862943611198906,0.1,10.0
A1DOS1TMRAS4MT,fit,B00CB6L8FC,B006QO4BRM,B005MG86TY,0196329873e86b1b58a8d5595074479c36b8fe1b5c6fa4927bb3acbc74a1043a,2.0,166.0,83.0,83.0,1.0,1.0,158.0,79.0,311.0,155.5,0.1827283040272263,0.15813953488372093,68.0,158.0,3.824846311855757,3.737669618283368,0.0,10.0
AJIVA52ST3X4M,fit,B009JXI3E4,B009A0VGKY,B005KGKMT8,019733f13a4a790d9cb6ddbd253339d9a752a199391c3ff6354cd9aeb29dee7e,7.0,496.0,70.85714285714286,84.0,1.0,1.0,481.0,68.71428571428571,875.0,125.0,0.28444965559848334,0.08,232.0,559.0,2.552904611628248,1.3862943611198906,0.42857142857142855,10.0
AEM5KTQGD745D,fit,B000195GAY,B004GTKXGC,B000WYZ9Q4,019b65e011feab162cb86e4cd6efaeb1737c7565d78a79b4361a62bb584ca46e,3.0,206.0,68.66666666666667,84.0,1.0,1.0,198.0,66.0,227.0,75.66666666666667,0.33040605055530425,0.2462686567164179,100.0,239.0,2.787236096191947,1.6094379124341003,0.6666666666666666,10.0
A1R3CO2XPML10H,fit,B000NIY7QM,B000050B6U,B0030O3VRW,019c228998f1524a0a130ab9268f045f1b5e5ac5dbfe6d0ab3ae261aae5f1558,5.0,389.0,77.8,84.0,1.0,1.0,379.0,75.8,593.0,118.6,0.2564170344436068,0.11929824561403508,169.0,396.0,4.211991227100936,3.58351893845611,0.0,10.0
A3GX6U4H2CRY71,fit,B003EH20VI,B000RC2V4Y,B001FB5HZG,019f13ce279022ea90419203c35f685654b62675561e8ad82882ceec621c71cb,2.0,147.0,73.5,83.0,1.0,1.0,143.0,71.5,335.0,167.5,0.22920709267313483,0.11147540983606558,68.0,158.0,2.178354413344796,1.791759469228055,0.5,10.0
A06586901ZOUBJS3R268N,fit,B002B9DWBC,B000QUM5LG,B001UE60E0,01a0f0e139e8372cbbb5e2ce319919dd89294903bd276d03cda1f7d6ff757739,2.0,142.0,71.0,83.0,1.0,1.0,138.0,69.0,171.0,85.5,0.29658880237300705,0.22758620689655173,67.0,158.0,3.7087902012072718,3.6109179126442243,0.0,10.0
A2389SC4MRLOGO,fit,B005HR7Q6M,B004BG6B2U,B00176B9JC,01a1f162597164e060e1b9535e7fa9696e7852c514601834be256d6ef136a9a3,2.0,130.0,65.0,83.0,1.0,1.0,126.0,63.0,181.0,90.5,0.31106701940035275,0.20238095238095238,68.0,158.0,2.5795276496072646,1.791759469228055,0.5,10.0
A351B1OZWB10AJ,fit,B002D48QNO,B001U85CO0,B00028PFF0,01a8e2a24a8eff6b2cfdc3cf7e71714c8ccee9032cc2d80692a08218d64592cd,4.0,296.0,74.0,83.0,1.0,1.0,284.0,71.0,1068.0,267.0,0.2041431595469318,0.06614785992217899,136.0,316.0,2.6941132899179774,2.197224577336219,0.0,10.0
A17IEL3C0LQYRE,fit,B008U1Q4DI,B00871KNHO,B001REJFSG,01ab0794346cfa374900c717e612df71f4715679dcbfe2687dadcc1113c0ce83,2.0,110.0,55.0,84.0,1.0,1.0,106.0,53.0,225.0,112.5,0.35078170660432495,0.14224137931034483,66.0,160.0,2.799210979499187,2.197224577336219,0.0,10.0
A1EB20BL4FUFI1,fit,B0007CXWXI,B002WTC37A,B000ZMBSPE,01ac5aefee6c89ed60aed64a202703d139dd434273f4ab91b320efc14520b390,2.0,167.0,83.5,84.0,1.0,1.0,159.0,79.5,376.0,188.0,0.1794973544973545,0.10714285714285714,67.0,159.0,5.121406429069873,4.499809670330265,0.0,10.0
A180AKF0NHLNJB,fit,B004GNMOSS,B003FXG314,B0039BGHX6,01b95c1ccd37632f3079fb40914cb8e8a5f020f79a6eb4a350be16ab26cf3aec,2.0,167.0,83.5,84.0,1.0,1.0,159.0,79.5,416.0,208.0,0.15097840755735492,0.10897435897435898,67.0,159.0,2.3221954495706862,2.0794415416798357,0.5,10.0
AM1MOTGCVKHWP,fit,B00021W26M,B000GCR6S6,B000FFI228,01bee58cffa4e6d294eb61700aeed4a332929f2b7e344aeeb271742402898cb7,5.0,284.0,56.8,83.0,1.0,1.0,277.0,55.4,870.0,174.0,0.34233789573577755,0.049786628733997154,169.0,396.0,2.9517574930646737,2.197224577336219,0.0,10.0
A2SNRRXE9M9ZDY,fit,B00AM7BSXO,B00AE07FQI,B004Q8GYES,01bfa7537ce676fe653a07aa998ed202c6d72e37e568bf4563c4d5b6acd6de3d,7.0,351.0,50.142857142857146,83.0,1.0,1.0,343.0,49.0,1049.0,149.85714285714286,0.40608253664644883,0.04326328800988875,240.0,551.0,4.750924497873332,4.007333185232471,0.0,10.0
A3V1AHX8P4R839,fit,B00AILKE6G,B006BNFXHU,B0010A9RYO,01c37a3a0712f0f3fc56696723a1bd92c380df5ddf63508a829ae23ae0e891e3,8.0,511.0,63.875,84.0,1.0,1.0,491.0,61.375,2648.0,331.0,0.2553568962878559,0.039951573849878935,273.0,631.0,3.9926177657975765,3.6888794541139363,0.0,10.0
A1MEFBU2V5Y302,fit,B000VEWF2Q,B000VF023E,B00115TXRE,01cc21bddc85ea52ed9b013650561b95c3e9a288faaa41837c5ebafe44cf9d14,3.0,166.0,55.333333333333336,83.0,1.0,1.0,162.0,54.0,199.0,66.33333333333333,0.3749603174603174,0.22666666666666666,101.0,238.0,2.340361321429713,1.6094379124341003,0.3333333333333333,10.0
A23TGVXO18ZLY3,fit,B004ITB3IW,B0028RC5N8,B005UBN5AQ,01d3e844dc129218499a5abafd41a4f6f9cbd256bc2d5d543ee0cc1f8bed3ce5,2.0,45.0,22.5,28.0,1.0,1.0,45.0,22.5,45.0,22.5,0.60752688172043,0.5483870967741935,68.0,158.0,4.1305048930119135,3.7612001156935624,0.0,10.0
A39MW1IQK9HZ8B,fit,B002RXW5BA,B001LVA0XO,B003UGSU62,01d4c838bfcdfbab92b3d78edfd48c9b5fccb72f0be041c3f3c2272ce86ed999,4.0,127.0,31.75,83.0,1.0,1.0,123.0,30.75,261.0,65.25,0.5550642451182388,0.13545816733067728,134.0,318.0,3.188403963057832,1.6094379124341003,0.25,10.0
A1NZGPZO6U6D1T,fit,B0081E6X1W,B000FNCS5M,B00014DU6G,01d56b6bc004d7ce0b4ee5a895264110a7330b92b2cc20ef5881a71d4df916ac,3.0,203.0,67.66666666666667,83.0,1.0,1.0,195.0,65.0,372.0,124.0,0.2928986877542834,0.12274368231046931,103.0,236.0,2.271148199836965,1.6094379124341003,0.3333333333333333,10.0
A2ZHVBPPE9DTZU,fit,B009GEUOXO,B006K9OQSC,B001JQLNNC,01de47792e86f3ad68ddd73d9d43848388407a1875173389f43ee0c35879ce99,8.0,571.0,71.375,84.0,1.0,1.0,547.0,68.375,1003.0,125.375,0.26942537771205555,0.13877551020408163,273.0,631.0,2.807620697276181,1.791759469228055,0.375,10.0
A30GEHW8MBUUA9,fit,B006MMOVOQ,B0019LWU2K,B001330XFA,01dea06aefb869c37112582ddc631c560d8559dc7d68118e7d2e3f6146e7d6a4,2.0,164.0,82.0,83.0,1.0,1.0,158.0,79.0,309.0,154.5,0.21271158313972785,0.1297709923664122,68.0,158.0,4.018933117354809,3.58351893845611,0.0,10.0
AG6JWI77UMETS,fit,B000P1S0N8,B00BB8ZHJE,B007JT7AGC,01e36ad14ff3fbb142b25efa8aae91de99e076da0860769630bc86fcb42a1b0a,7.0,149.0,21.285714285714285,31.0,1.0,1.0,149.0,21.285714285714285,149.0,21.285714285714285,0.6183031254459825,0.5230769230769231,238.0,553.0,4.6180998413746375,4.276666119016055,0.0,10.0
A1YTA2XWL0ESL5,fit,B0015PGFQW,B002LFLPEC,B002H5G1OK,01e762b328f808ddc28bdf0f23259205ad2ae26e4036a756778a16adc1a1e7e0,2.0,166.0,83.0,83.0,1.0,1.0,159.0,79.5,189.0,94.5,0.26366995073891625,0.24285714285714285,67.0,159.0,3.2001287226544104,2.6390573296152584,0.0,10.0
AD02ELDM404PE,fit,B00HG07W80,B00GDTVJ7A,B00GM6H9BO,01e881f94a2d84089ae1ff38167d46972c426f4b94dba70cd8eba26dbf7fe703,11.0,913.0,83.0,83.0,1.0,1.0,869.0,79.0,4884.0,444.0,0.07197424092024324,0.06093189964157706,374.0,869.0,2.0207594475276687,1.0986122886681096,0.8181818181818182,10.0
A2BRQEKQ4TE1QK,fit,B001ECQ3YU,B003UJHSUI,B002ERZIPY,01e98752c3d0930d19051b618db3b26755149690caf1195ed2c4441639e987f7,4.0,332.0,83.0,83.0,1.0,1.0,316.0,79.0,1499.0,374.75,0.08499934891612983,0.06627680311890838,136.0,316.0,2.752517002713353,2.4849066497880004,0.0,10.0
ARB2E2DYQERQ5,fit,B004CDWZMC,B001C6H6F8,B001R654TS,01ecf7f9ed240dc1990306f813fa1e71bdc22a55b0ab4fb0cc0f086d9c50d4de,2.0,152.0,76.0,83.0,1.0,1.0,148.0,74.0,787.0,393.5,0.18765492666804381,0.04521276595744681,68.0,158.0,3.344177356973381,2.3978952727983707,0.0,10.0
A39BNXIZYAJYP0,fit,B00L3LBUGI,B00L3LB0IG,B00DLRNSSK,01efef4a3119a780a6ae673d329df1b18e29e43e57a97eee89e7365814ad5ec4,20.0,1666.0,83.3,84.0,1.0,1.0,1586.0,79.3,6866.0,343.3,0.1059003163096808,0.06390977443609022,674.0,1586.0,3.225379461910505,2.3978952727983707,0.0,10.0
A204KLQGVFBV2Q,fit,B007FAOPP4,B005Q8P3OE,B0038B9ALI,01f0782b304de5fceee921eaf19c7f324bd84edce742220ee68d1df084544f1f,2.0,122.0,61.0,84.0,1.0,1.0,118.0,59.0,155.0,77.5,0.3423943661971831,0.22,66.0,160.0,2.6968137731761805,2.3025850929940455,0.0,10.0
A18SWFYUEINH76,fit,B00B7MUJR4,B000ULJN9S,B001FOFI0W,01f212a6784901655e0afeeb3212e7c43d37a5dfdf07310b7f5efee723107259,12.0,664.0,55.333333333333336,83.0,1.0,1.0,648.0,54.0,1320.0,110.0,0.3603316817702757,0.08133971291866028,407.0,949.0,2.470079817923885,1.6094379124341003,0.5,10.0
A36P36J16DE34K,fit,B00BAZ7Y6M,B00BAZ60Y4,B00E0T1FOM,020016bdc3e61a04bad7c158eb0f0fada9a4433c1d803365f21804278aec2c56,20.0,1562.0,78.1,83.0,1.0,1.0,1498.0,74.9,5573.0,278.65,0.1636625349272232,0.06273062730627306,679.0,1581.0,3.916240454684548,1.9459101490553132,0.1,10.0
A3LQBXE1MCOOZ3,fit,B00FXW4GFU,B001R2S8HM,B000MZX6QI,020128d418223ce8b1f491dfb798286e9e08448ccbcd75ac2f7ca52643c3f2be,4.0,286.0,71.5,83.0,1.0,1.0,274.0,68.5,366.0,91.5,0.3012615173591068,0.1878453038674033,135.0,316.0,2.706936613514865,2.197224577336219,0.0,10.0
AH418KOIS9G48,fit,B007MF5UOM,B0069FDR96,B000QTFT2Y,020229ad4b27d853b119060a254884819c3b40a0e76597159b5cf57b262ac83f,7.0,327.0,46.714285714285715,70.0,1.0,1.0,327.0,46.714285714285715,327.0,46.714285714285715,0.43224118485011676,0.3269230769230769,236.0,555.0,4.081652278557203,1.9459101490553132,0.14285714285714285,10.0
A2K7KB036ILMIV,fit,B004X8K0UK,B002MJOZTE,B0000530EZ,0207bd913c5376134a1fff3a2cdcc3f69a39c0b04c562a1a7eb2f4df642a7a91,5.0,302.0,60.4,84.0,1.0,1.0,294.0,58.8,397.0,79.4,0.3615732320228226,0.17801047120418848,169.0,396.0,3.022542275178042,2.0794415416798357,0.2,10.0
A2T66IEGMQ2NLW,fit,B004S9SEWK,B002Q52YKG,B000ZLVUYO,0207bfac8a72c3a081c1fb0be9bceba74f73771509b901b216537aac6bf3f808,2.0,145.0,72.5,81.0,1.0,1.0,143.0,71.5,145.0,72.5,0.3309944037882049,0.2956521739130435,71.0,155.0,3.6478675363746405,3.0910424533583156,0.0,10.0
ARVLM8440KQ1S,fit,B006GQPZ8E,B006ZBP8NM,B000QUM5LG,020a7fa63700fbd3306195bc0bace3f3dfcd0c9e6ba926777299472c77e53e6b,9.0,574.0,63.77777777777778,84.0,1.0,1.0,566.0,62.888888888888886,933.0,103.66666666666667,0.3231048536597405,0.0794392523364486,303.0,713.0,3.147526363886809,1.6094379124341003,0.1111111111111111,10.0
A102JNFLL0KW7I,fit,B002Q6YYRG,B000OFB5QO,B000URVDRW,020b68d52b79f20f71ea0c72cc25642a4a1a5dc59eb12d6def44c969a72b2c7d,5.0,380.0,76.0,83.0,1.0,1.0,364.0,72.8,881.0,176.2,0.21639914832185753,0.08607594936708861,170.0,395.0,1.857460282622462,1.3862943611198906,0.8,10.0
A357Y7GK5XM6GN,fit,B002QANC2A,B002ON11RW,B00C1EX99C,020ca207c86115b8d32ee314affcef6a433935c7cc6e9aeff123854b7c84eb7e,3.0,152.0,50.666666666666664,62.0,1.0,1.0,152.0,50.666666666666664,152.0,50.666666666666664,0.4142783291976841,0.3541666666666667,102.0,237.0,2.9613058237359904,1.6094379124341003,0.3333333333333333,10.0
AO4KJPY9BMJQL,fit,B000E0I5IK,B003ZTVDBS,B0009EILKS,020fa742aad865fcfa49a3500857b2e07ad1074c505636de21fdedda0a1d96d7,3.0,180.0,60.0,83.0,1.0,1.0,176.0,58.666666666666664,448.0,149.33333333333334,0.31965112433862436,0.0859375,101.0,237.0,4.34355488946058,3.8918202981106265,0.0,10.0
A1W7A5APMA1MQ6,fit,B009I0KVOI,B007H4J832,B004NZ3D66,02117f6ab88e1f6aa464093aa450d380189ece6113bfe32dda0501f876b86cb7,4.0,269.0,67.25,75.0,1.0,1.0,269.0,67.25,269.0,67.25,0.34051869263440987,0.3119266055045872,136.0,316.0,1.9580035451263673,1.6094379124341003,0.75,10.0
A3R24UPFO4PV76,fit,B0009OAI1S,B000NOLZDY,B003M6AS4C,021668e9eae59113bbc00e23e8530726ccf2c8a6b5624c36abc465fb9a98f0be,3.0,182.0,60.666666666666664,83.0,1.0,1.0,178.0,59.333333333333336,287.0,95.66666666666667,0.31573359073359075,0.15315315315315314,99.0,240.0,2.6457915653877646,2.0794415416798357,0.3333333333333333,10.0
A9LLBMFJ0G0TH,fit,B00C8YCFU4,B00KCTER3U,B003MBHVP6,021e0a60aeccc353812a7235d5cb37629c7009f945fb3742ebe22d30a54f89c7,13.0,828.0,63.69230769230769,84.0,1.0,1.0,797.0,61.30769230769231,1920.0,147.69230769230768,0.3204553602824391,0.07172995780590717,443.0,1026.0,2.8213111637573007,1.6094379124341003,0.38461538461538464,10.0
A1Y5ERIKQBEMSP,fit,B005TI7LHS,B0043OYFKU,B001FSK8QM,0221e7f6b6b9b14cda05d15eacc769499a776e541744d85ad1f3324ed72c83e3,2.0,52.0,26.0,37.0,1.0,1.0,52.0,26.0,52.0,26.0,0.5930555555555556,0.4861111111111111,70.0,156.0,4.779617564297976,3.8066624897703196,0.0,10.0
A3EN1BBHJ7MU9X,fit,B001TJXI5U,B009DDGHFC,B007TQBGCY,02221865fb243e0bb1845abff4fee1c869b5f3eb57da58dade3616ec26f5f184,14.0,908.0,64.85714285714286,84.0,1.0,1.0,880.0,62.857142857142854,2276.0,162.57142857142858,0.29643488855862987,0.039951573849878935,473.0,1108.0,3.0022041981882617,1.3862943611198906,0.35714285714285715,10.0
AEJEG1P5S4J9Y,fit,B003VDGIQI,B00AQH09DK,B006LPVGCO,02247419aac0fd03c93bdea80619b0d0181cda88468f45689f41176a92436417,20.0,1145.0,57.25,84.0,1.0,1.0,1121.0,56.05,1747.0,87.35,0.36213045606322497,0.08232445520581114,678.0,1581.0,2.7465808647099226,1.6094379124341003,0.35,10.0
A1BKJXQQQQSGAM,fit,B0017QK7A4,B0016BHJEW,B003USIHZY,02252febdeee182ee98d014acc43b5de3d1a96de0d0d94a47a97ff5f9d3532f1,7.0,512.0,73.14285714285714,84.0,1.0,1.0,492.0,70.28571428571429,882.0,126.0,0.2735351428961262,0.08900523560209424,234.0,555.0,3.2642671742032783,1.791759469228055,0.14285714285714285,10.0
A3OQ4I8U6TYCVE,fit,B001ET77NY,B001KMR9WY,B001DO77XK,022a60fd26310f1bcb50dc7ff3e4fe3445b49d2e905e83606cd8aa0fdab33832,3.0,238.0,79.33333333333333,83.0,1.0,1.0,230.0,76.66666666666667,269.0,89.66666666666667,0.2767273838936703,0.24113475177304963,101.0,237.0,2.190760847564669,1.6094379124341003,0.3333333333333333,10.0
A2QGNZ4SB2QG6R,fit,B001T8OO6S,B000VUT3O8,B0014C1XQI,022d426d1b5c1bd46920d95008d11e162592e8a949970a7384a3709e397c3eb3,4.0,245.0,61.25,83.0,1.0,1.0,241.0,60.25,253.0,63.25,0.36236366479049403,0.272,136.0,316.0,2.4388628684271807,1.9459101490553132,0.75,10.0
AB4BA4ZV46R0U,fit,B003XQD0GE,B001S261Q6,B000NKCUI2,022d44dc2919baf03636a6ded805cb3ccdd66ec4b132c2672aac1ef7cd77336b,3.0,221.0,73.66666666666667,83.0,1.0,1.0,213.0,71.0,754.0,251.33333333333334,0.19256876407979287,0.06786427145708583,102.0,237.0,2.85443770900993,1.9459101490553132,0.3333333333333333,10.0
A1UNH38ZU8ITX0,fit,B00005R1H2,B000052ZB2,B00027D6SE,022ddc7b2dac8fb20b3253827b6aaeb0d1da4a18550cbfa4bd044e67012c8ca0,2.0,166.0,83.0,83.0,1.0,1.0,158.0,79.0,264.0,132.0,0.2127242575003769,0.1717171717171717,68.0,158.0,3.0546237913821828,2.70805020110221,0.0,10.0
A1IIY5JHWE8R95,fit,B00069FJUG,B000VZ9UFU,B00139TXUU,022f3550de3011fbb522368a8748145e0af1c8f46eb0d92d01e4042c1124d888,10.0,766.0,76.6,84.0,1.0,1.0,734.0,73.4,943.0,94.3,0.285758847164782,0.17098445595854922,339.0,791.0,2.664819050152851,1.6094379124341003,0.4,10.0
AGDL7YHJOJLAA,fit,B003T1G0XI,B001RMP7M6,B000EMWHDM,0241c58fb2128c684e8070d05c7bb6a731932f22eeb71698997fd5c8be7827a1,2.0,149.0,74.5,83.0,1.0,1.0,145.0,72.5,226.0,113.0,0.25762886597938145,0.17525773195876287,68.0,158.0,3.5800346037980635,2.5649493574615367,0.0,10.0
A3FCTPEDJUXRI5,fit,B000UV3HW2,B009ARXD12,B002RXW5BA,02483e903efea1c150544c309d66c482f5972ae0d5a62875275cdb658f6e896f,2.0,166.0,83.0,83.0,1.0,1.0,158.0,79.0,473.0,236.5,0.14076035385227587,0.0947075208913649,68.0,158.0,3.9160070902527346,3.044522437723423,0.0,10.0
A37D5847LN3WQ,fit,B0039UTO3M,B000Q6V1UG,B000GU2RVE,0248fe84cf814ec3ef6df60935d319cb1110c20ea60b67745d99a3596805f47f,4.0,286.0,71.5,83.0,1.0,1.0,274.0,68.5,1625.0,406.25,0.18535577293186264,0.04182509505703422,136.0,315.0,3.5227793797035525,1.9459101490553132,0.25,10.0
A2GQ0WGM9BYX9O,fit,B009XRFAJW,B0095BWH5Q,B005F2AD3W,024976eeb862cece0ea9d386a3e4dc0d528b5f9ae4ea410779cfe94280cb66bc,2.0,166.0,83.0,83.0,1.0,1.0,158.0,79.0,940.0,470.0,0.06746456692913386,0.06692913385826772,68.0,158.0,3.5408542930527873,3.526360524616161,0.0,10.0
A29GXGT5JHFFXH,fit,B001BQXTQO,B00005A9WP,B004669J24,024a003a862138e283221be1a9f2fcecf60f07009e4d1a862f2537ebd8db37f2,3.0,241.0,80.33333333333333,83.0,1.0,1.0,233.0,77.66666666666667,446.0,148.66666666666666,0.20854328071954784,0.13934426229508196,102.0,237.0,2.753669928674609,1.791759469228055,0.3333333333333333,10.0
A2OOQXL5C4IMEH,fit,B002CKYZMK,B000C230QM,B00022WA9U,024cf8626d941cd8357c09fab6bde71e461076c5efd6c9bad20f0d4e0872a8ec,4.0,330.0,82.5,83.0,1.0,1.0,314.0,78.5,610.0,152.5,0.19030628768454827,0.15217391304347827,138.0,314.0,2.6221509972205923,2.0794415416798357,0.25,10.0
A3L53QNY6AAN53,fit,B0000CC64W,B00BYE9Y0I,B0007W1R58,025304c8d008e2a2baceb09c70ce040b05b92d53d6c5c656dddd07c1d88fc7f3,7.0,447.0,63.857142857142854,83.0,1.0,1.0,435.0,62.142857142857146,816.0,116.57142857142857,0.32693108249452585,0.0794392523364486,237.0,554.0,3.0487204365046,1.3862943611198906,0.42857142857142855,10.0
A3UMD2J83ORKUF,fit,B00JGCU60W,B00JFH095K,B0085XS98Y,02581c70721773ebaf7a6438dd0b298430a6e1efaaecd04107317e2f86488de6,3.0,252.0,84.0,84.0,1.0,1.0,240.0,80.0,436.0,145.33333333333334,0.19278061991831563,0.13675213675213677,98.0,240.0,3.4167309884791233,3.2580965380214817,0.0,10.0
A1NHVLB3BSRGBU,fit,B004YWS430,B0069YCYB4,B00150LT40,026390a84d4b4b3d57e142ebe9a51955576e3f4fed8d52e47f1844821102dac7,2.0,152.0,76.0,83.0,1.0,1.0,148.0,74.0,341.0,170.5,0.2173202614379085,0.1111111111111111,67.0,158.0,4.242541568749002,2.8903717578961645,0.0,10.0
A18Z6LWXMRQ4FL,fit,B000W3T4O8,B000NG6D7K,B003ZUTWVU,0267b53b9b15f57d2e2ad230a5a90eda6ba9a8d7eeeb74217bdad264c8542603,2.0,136.0,68.0,83.0,1.0,1.0,132.0,66.0,250.0,125.0,0.26899537244364835,0.1471861471861472,68.0,158.0,1.844439727056968,1.6094379124341003,1.0,10.0
ALYPJPTHCW5PC,fit,B003TTEHH6,B000YT5NIG,B0037ZH2T2,0268beb935b6872893e9e703894662ada6aa6f6081b78926b0789cf3df74f5ce,4.0,220.0,55.0,83.0,1.0,1.0,212.0,53.0,350.0,87.5,0.37509580385710506,0.165,136.0,315.0,2.044659697147675,1.791759469228055,0.5,10.0
A1CZZ410BJ9QC9,fit,B002VA4FXU,B0015KO3LQ,B000GCQWXG,026b87f2382bdb1e6fc5d70d8d012412857c5ee197bc0a39cdab15ef54da4b45,2.0,119.0,59.5,80.0,1.0,1.0,119.0,59.5,119.0,59.5,0.3751843657817109,0.2920353982300885,66.0,160.0,2.197224577336219,2.197224577336219,0.0,10.0
ATT5Y8EO55PJG,fit,B00A51LI1O,B0009V8N5E,B001L413AU,026c061dc1dd7d20c3cae192af8e894f9524bbd48913aa5b4cd9d9da43f1b816,6.0,407.0,67.83333333333333,83.0,1.0,1.0,398.0,66.33333333333333,466.0,77.66666666666667,0.33669553448048445,0.20118343195266272,205.0,473.0,3.849845498298288,1.6094379124341003,0.16666666666666666,10.0
A2VV4JWNKCQHF0,fit,B002SV0XYW,B00AUDXILU,B001OMI96A,0270434ff5d60f5cdfd13632fdd626cf8e45f4ecac61fa0796a493c441dbdfca,20.0,1170.0,58.5,84.0,1.0,1.0,1135.0,56.75,2084.0,104.2,0.3574992269972741,0.07252747252747253,676.0,1582.0,3.1030124635064578,1.9459101490553132,0.15,10.0
A2PCXAVWQEEZKW,fit,B000VLH8W6,B000C1Z6TC,B000052ZTY,027081ed7e694d0eab7cc1fb0b00c278af56645338c91251c97c4e4a18036fee,4.0,332.0,83.0,83.0,1.0,1.0,316.0,79.0,563.0,140.75,0.1948691732281764,0.18681318681318682,136.0,316.0,2.6299654185725396,1.9459101490553132,0.25,10.0
AHSSHIRTPAE6A,fit,B000ZMBSPE,B000VUT39S,B005VMHWRQ,0272bb66cc0443246bb94bf3f8b9eaf6b2e47665578fc69c800110b86cb0024b,2.0,122.0,61.0,80.0,1.0,1.0,121.0,60.5,122.0,61.0,0.37280701754385964,0.2982456140350877,68.0,158.0,2.138333059508027,2.0794415416798357,0.5,10.0
A2W128ZJIVBS2E,fit,B0078VJ1OK,B006L16BHS,B0017KCPU0,0275f43c7ac1e39d27114c2a923162878905a1796567f931dd907ed11a6f5731,11.0,645.0,58.63636363636363,83.0,1.0,1.0,625.0,56.81818181818182,1855.0,168.63636363636363,0.3232921110292653,0.05112781954887218,375.0,868.0,4.244632752743373,2.3025850929940455,0.0,10.0
A1EVKLAVP1K37I,fit,B0050QJ1YU,B004SZ4KTK,B0053UEB1G,027b20d72fb17e9395c295b84264dc8cfe6b353b9852f300a9d71ea3c9c8f25d,14.0,929.0,66.35714285714286,84.0,1.0,1.0,901.0,64.35714285714286,2311.0,165.07142857142858,0.2831514898903909,0.07112970711297072,474.0,1108.0,2.756762112598999,1.6094379124341003,0.35714285714285715,10.0
A3097C7XGQ5590,fit,B001B1831U,B004W1GRKK,B000052YP6,028366870d28f8318f44fdf4dbfd63f76db68b7c70922a89239cb06dd288ee6c,3.0,228.0,76.0,83.0,1.0,1.0,220.0,73.33333333333333,287.0,95.66666666666667,0.2710235920852359,0.22602739726027396,101.0,237.0,2.598548845444865,1.791759469228055,0.3333333333333333,10.0
A32OLFZ2GROFJY,fit,B002XHA5A8,B009T47YZ2,B004Z40048,02839b177781c9cc14cce8fee1f57e4fa0ba501b789e45787ad0d6ec74ef3163,5.0,331.0,66.2,83.0,1.0,1.0,319.0,63.8,661.0,132.2,0.28488283444145723,0.09798270893371758,169.0,396.0,4.123059665205512,3.5553480614894135,0.0,10.0
A1OVQ2WZJ4H7ZX,fit,B0030DQ4N6,B001KYRVSO,B000P251I4,028a8280b4d72605fe5bb207d115f44799a8d009437e5fcf0cda8f9a1801ba5c,4.0,301.0,75.25,83.0,1.0,1.0,289.0,72.25,358.0,89.5,0.28694848420574803,0.2328767123287671,136.0,316.0,2.045080218693421,1.6094379124341003,0.75,10.0
A1RZ3Y7ZT95KW1,fit,B00H5V3T2I,B00HNKRWX8,B00BB8ZJPG,028c445e577248e973fd46ffdbc013799eb26ff4e01080b930c08e0b3f6550f2,2.0,159.0,79.5,81.0,1.0,1.0,155.0,77.5,205.0,102.5,0.2590780965014094,0.22085889570552147,69.0,157.0,3.284740710207148,3.1354942159291497,0.0,10.0
A1E2B1KX5LN58W,fit,B000ALDK1A,B002BQP3GC,B003ZVYQRY,0295b2b74a52bfe303ab6aa6613b1923dc2788fd006cb1c5cbe4468273ac5269,2.0,157.0,78.5,83.0,1.0,1.0,153.0,76.5,374.0,187.0,0.20830561100022177,0.10179640718562874,68.0,158.0,2.7212088552608966,1.9459101490553132,0.5,10.0
A10OTOBL3K2BHE,fit,B000PHRIQM,B005P11F4O,B003UH0528,0299e501909dce3aec7429c943e4372c45f9bf0d962e31f106242fe55da00e49,2.0,133.0,66.5,76.0,1.0,1.0,133.0,66.5,133.0,66.5,0.3381893336021776,0.30275229357798167,67.0,159.0,3.345421138709282,1.9459101490553132,0.5,10.0
A2N9Z1V4GTHHX6,fit,B0018DAUKI,B003UHXY62,B000ALCJR6,02a44d17cfe49a78f84943cfb4b74e825a3c2be24502024bd1cf02b294f8bbae,3.0,207.0,69.0,83.0,1.0,1.0,199.0,66.33333333333333,903.0,301.0,0.2549954290191981,0.043424317617866005,103.0,236.0,2.8377283900062324,1.6094379124341003,0.3333333333333333,10.0
A30YFGWIM47DJZ,fit,B005HIH97C,B005HIH7YM,B000GCXVS0,02a5509489f36180ff0d2975dc16c527c6fdee82b7b842e523b75675848086a2,7.0,446.0,63.714285714285715,83.0,1.0,1.0,434.0,62.0,784.0,112.0,0.3200650423073612,0.11683848797250859,237.0,553.0,2.453898743894662,1.6094379124341003,0.5714285714285714,10.0
A2K0D19N83G6U2,fit,B00538TSMU,B00889VG6W,B008DK8J6G,02abe7da0623624b87f8d43e850cf81799692dc2b18f7405df7a33e30b61e039,3.0,248.0,82.66666666666667,83.0,1.0,1.0,236.0,78.66666666666667,485.0,161.66666666666666,0.1821490063053529,0.14225941422594143,103.0,236.0,2.1655916633952876,1.0986122886681096,0.3333333333333333,10.0
A2MMDKNIM4ONRT,fit,B007RTR8AC,B0063A432W,B001LF4I8I,02b139b5d5c34b0f5a695f4ec363a44885cd02c7d8be5c17b3c3d05a0a1a02fb,4.0,179.0,44.75,83.0,1.0,1.0,175.0,43.75,185.0,46.25,0.46573267518389466,0.2764227642276423,140.0,312.0,4.59321034315903,3.7135720667043075,0.0,10.0
A8GNTEB5XCCA4,fit,B002GDIKK6,B003T4B468,B000O5UWTA,02b78ea4574dd786f4b1d5e8d7ce98bfd0b329425747cacb3ede97caf5649228,4.0,253.0,63.25,83.0,1.0,1.0,249.0,62.25,318.0,79.5,0.3417275685479569,0.18681318681318682,136.0,316.0,2.8416857386980365,2.3025850929940455,0.0,10.0
ADS5APY1NKTL4,fit,B00BRGUNV2,B00014D322,B000EEX7TI,02b99e374aaf314973433ab8788735d297e286a215d80371b05705397af2ea5d,20.0,1258.0,62.9,83.0,1.0,1.0,1213.0,60.65,2219.0,110.95,0.33057777577703,0.11929824561403508,682.0,1578.0,3.338138625826538,1.3862943611198906,0.15,10.0
A34VC3TVGYQ018,fit,B001GIOV82,B002DPUY5G,B001GIOV8C,02ba24906798aae627e869e46b3b43e0eef460b3637a2e878859a3cd890edf7c,2.0,165.0,82.5,83.0,1.0,1.0,157.0,78.5,337.0,168.5,0.17443137842358875,0.14767932489451477,69.0,157.0,2.393745871391023,1.791759469228055,0.5,10.0
ACGGGZYS19VQN,fit,B001EM1BBK,B004AIAVYS,B0000VC1YC,02bcf22e5cd5019ae41c459a2b1beaa06a22a3e3272498d238eaeb728b9a8e83,4.0,326.0,81.5,84.0,1.0,1.0,314.0,78.5,421.0,105.25,0.24999010666176544,0.19186046511627908,135.0,317.0,1.987449304040463,1.6094379124341003,0.5,10.0
AY9ZBOTKBA30N,fit,B009LOJ5MA,B005FO1S0W,B003ICXD4M,02bd769c57d0e18af66887b24124f2ea31377d9d3ed2fd0a841a593d3fd0706c,2.0,166.0,83.0,83.0,1.0,1.0,158.0,79.0,560.0,280.0,0.11893939393939393,0.08333333333333333,68.0,158.0,2.138333059508027,2.0794415416798357,0.5,10.0
A16NCBYGCW0WIK,fit,B006L5XS8E,B0088Y7VOI,B002KAGWYQ,02bde1724f58a23e6911aab8ce5de3510a998fc8172b50fa82dca890a2ddb42e,5.0,368.0,73.6,84.0,1.0,1.0,352.0,70.4,1029.0,205.8,0.20721502632564767,0.08374384236453201,169.0,396.0,2.2189813781580887,1.6094379124341003,0.4,10.0
A2Z80M83M48BE7,fit,B000HJ4IPW,B001EWF3F0,B001VHZXOE,02c50c723149d37bb2ada0d90643d48837b31a051baee8d8138102bb93e515a5,4.0,321.0,80.25,83.0,1.0,1.0,313.0,78.25,348.0,87.0,0.2839438914650779,0.23776223776223776,136.0,316.0,2.3796032835189243,1.9459101490553132,0.25,10.0
A1WY5V07YR7M2L,fit,B000NNKAFE,B001JK6N3I,B004NCFOZM,02cca54c8a31c5f2e9778d50f7e023478cffd4f6b043dcc8e726054bce932855,3.0,249.0,83.0,83.0,1.0,1.0,237.0,79.0,404.0,134.66666666666666,0.2016638305917943,0.19767441860465115,102.0,237.0,2.4900747119666553,1.6094379124341003,0.3333333333333333,10.0
AO4JFUE44GURG,fit,B0088NBAXC,B002YR2D5W,B002B4GGUG,02d32694371aa32f6a2d8e940fb070192173ee0fb144742cbcab2137299eb9f7,3.0,220.0,73.33333333333333,83.0,1.0,1.0,212.0,70.66666666666667,456.0,152.0,0.2239890979143855,0.12186379928315412,100.0,239.0,2.9254919297821065,2.197224577336219,0.0,10.0
A2P3SGQRI13HM9,fit,B001R4CLG4,B000KNHJ5G,B0006OU078,02d8a72e1cf4fc351e4128ee9b7c7df3b44fc4142667c47b4fef2b4a7249d297,2.0,107.0,53.5,78.0,1.0,1.0,107.0,53.5,107.0,53.5,0.4179147465437788,0.30357142857142855,67.0,159.0,3.5323795138959007,3.2580965380214817,0.0,10.0
A3FNBTNGEON9PF,fit,B000052YM7,B003YJ9YBU,B003WXJD28,02dda4227143b9a16265c6d0d0710f4853d36f0f495cbca9c4b8e786d9dbc15a,2.0,166.0,83.0,83.0,1.0,1.0,158.0,79.0,419.0,209.5,0.13980074299223233,0.1349206349206349,68.0,158.0,2.0948273710132126,1.791759469228055,0.5,10.0
A13TQTAD4T8823,fit,B0007W1R58,B007H590U2,B00387F426,02eb2cc87ce0850a7b6a2e7204d4da7962bdb988aca31ee660209ee2fac52349,3.0,228.0,76.0,84.0,1.0,1.0,220.0,73.33333333333333,1278.0,426.0,0.1563045602701815,0.04221954161640531,102.0,237.0,3.4026755806847775,2.0794415416798357,0.3333333333333333,10.0
A2RZT4DRZGU83E,fit,B005BF1M10,B00AZBSPQA,B008U1Q4DI,02f1887bbb75c729b6065cdc83ccaaaafaa483521d6b8da8cbb7de3b0e5bc18a,2.0,132.0,66.0,83.0,1.0,1.0,128.0,64.0,140.0,70.0,0.337219512195122,0.272,67.0,159.0,4.543294782270004,3.8501476017100584,0.0,10.0
AKO4XPN508UOI,fit,B0043OYFKU,B002UL10M4,B002B4GGUG,02f55af8fffb5a59d5d1f4ffd97ba58beece6bcae8205fdcfe71765849bca05a,4.0,232.0,58.0,83.0,1.0,1.0,228.0,57.0,313.0,78.25,0.35720773877837897,0.1717171717171717,134.0,318.0,3.1345481418531307,2.3978952727983707,0.0,10.0
A2OYT6UXIH4WSS,fit,B000C1ZCAK,B000UOKXTY,B000GHYSVE,02f5b1947c926b20afb2fa7ac721417ef9ea047fec094e657f9c4bcd8856f2a0,2.0,166.0,83.0,83.0,1.0,1.0,158.0,79.0,270.0,135.0,0.20203938115330522,0.18888888888888888,68.0,158.0,2.84686606940135,2.3978952727983707,0.0,10.0
A2EB6XBEZISLXW,fit,B003RF82UK,B0046VGPHQ,B0014WKHT2,02f60e049ccc25711b76fe8aa5c2704f27dd46291d98035c55ebdeab12320f50,2.0,167.0,83.5,84.0,1.0,1.0,159.0,79.5,339.0,169.5,0.1650649193059095,0.16097560975609757,67.0,159.0,3.465735902799726,2.0794415416798357,0.5,10.0
A185FYY1Z4JZQZ,fit,B005XP4YNQ,B002KYF068,B000CED0VK,02f79a71d6abf6427d0546a0e29f97b0113e46771a5a45ff7179d3c0e2693191,2.0,65.0,32.5,39.0,1.0,1.0,65.0,32.5,65.0,32.5,0.5162100456621004,0.4657534246575342,68.0,158.0,2.418140953475739,1.791759469228055,0.5,10.0
AVB02NSIU4K83,fit,B009LYB2E4,B009CA7T4O,B0061KQEVW,02fdbab42e12521f28136f8569590ed9b0199638223196934db337a8d0586792,9.0,693.0,77.0,84.0,1.0,1.0,661.0,73.44444444444444,1071.0,119.0,0.25110003337621056,0.1375,300.0,717.0,3.1189480907032774,2.0794415416798357,0.1111111111111111,10.0
A2VOGNBUMXSW13,fit,B0002Z0U5I,B00AZG2H78,B006ZBP8NM,0311b15ed051673412eb556534fde5df09cc5e31d0a8b53d616db351330ca5df,20.0,1324.0,66.2,84.0,1.0,1.0,1295.0,64.75,2275.0,113.75,0.3111272546414705,0.07205240174672489,675.0,1585.0,3.133271916221241,1.0986122886681096,0.05,10.0
A1WSC6DTGWT6ZY,fit,B00B83V0HK,B00B83LNWC,B00CY3BZGO,0311b4498b6b6dc3d630fb74c6d4859c5747d51e7e7f8a443d45bed8aa48a389,7.0,441.0,63.0,83.0,1.0,1.0,425.0,60.714285714285715,1164.0,166.28571428571428,0.28145751244494926,0.07882882882882883,234.0,556.0,2.3550158498130402,1.6094379124341003,0.42857142857142855,10.0
A3EAUXPIL65GX5,fit,B0052TLJEU,B0009OAGRE,B00021DJ32,031201ff1eff459e83ad2cb857f5dab99a7dba5b9fe900e2d4ba182508cbed47,2.0,138.0,69.0,83.0,1.0,1.0,134.0,67.0,198.0,99.0,0.283545197740113,0.192090395480226,67.0,159.0,3.6375861597263857,2.9444389791664403,0.0,10.0
A2LWUWT4UWX0L2,fit,B009RNUH7C,B00A0IWSN4,B0009MHJS0,031684f029206ff9899d860b746f8eb2c57a8e8495e53778d04d1d25ad39df85,18.0,1173.0,65.16666666666667,84.0,1.0,1.0,1132.0,62.888888888888886,2693.0,149.61111111111111,0.3062206594746557,0.0637065637065637,613.0,1421.0,2.7238342218290907,1.0986122886681096,0.3333333333333333,10.0
ALD5RQQ0QK8RK,fit,B0063A4RXW,B0002Z0R9C,B0067F998G,031d2cbdbdfb6a63cb4ee93bc3e16e30e63a97d7dcb8089116f32800802f60ea,2.0,148.0,74.0,79.0,1.0,1.0,148.0,74.0,148.0,74.0,0.31549102156542663,0.3008849557522124,68.0,158.0,2.770631772579213,2.70805020110221,0.0,10.0
A326ORFY46O7CX,fit,B001B1QMKO,B000H0XV3G,B0041PFZZK,031e4aab34df96e8ea5e9bbeb1675a454629c7ab3b12b3f9921cac35d1547ade,3.0,183.0,61.0,83.0,1.0,1.0,179.0,59.666666666666664,233.0,77.66666666666667,0.3415848004967638,0.20359281437125748,102.0,237.0,2.1579635654507583,1.791759469228055,0.3333333333333333,10.0
ABVDE51WBHJYL,fit,B000UVWGGA,B000NPWQU4,B003S516XO,031eeb00d9ab3f6c56bbbe05b43822ba76f2c5c9831bc15b650b5e261d3cd387,2.0,167.0,83.5,84.0,1.0,1.0,159.0,79.5,247.0,123.5,0.2134331993667032,0.2111801242236025,67.0,159.0,3.5964671106078994,2.6390573296152584,0.0,10.0
AEHOJIXSA34CD,fit,B000L596FE,B0039UT9QE,B000WY3AJW,03201bf99ad02e167f1b09edd8b4a198639c37abc474d3fbc3d4c76f905c5c97,14.0,852.0,60.857142857142854,84.0,1.0,1.0,829.0,59.214285714285715,1125.0,80.35714285714286,0.361952275957176,0.15350877192982457,474.0,1108.0,3.008753745316229,1.791759469228055,0.21428571428571427,10.0
A31D5HQ8EQZ293,fit,B000BIZSUS,B00011QUDE,B00006IV30,03251759ef221f0daefd8d41ea783fcdfbf3dfe1e053d3e7f5ef343a0d934bde,2.0,157.0,78.5,83.0,1.0,1.0,153.0,76.5,185.0,92.5,0.2746487867177522,0.23448275862068965,68.0,158.0,3.039966597547795,2.9444389791664403,0.0,10.0
A18HCJW9FFMX9F,fit,B002IT3KD0,B000O2O87U,B005H95F7M,032e8e1fbbd195b166862fac01a38d03b1e98775b3daa2b854b510bd4a44a54e,6.0,463.0,77.16666666666667,84.0,1.0,1.0,443.0,73.83333333333333,742.0,123.66666666666667,0.2541699713453041,0.11702127659574468,203.0,475.0,2.1931801600565817,1.6094379124341003,0.6666666666666666,10.0
A2F4FJ3BIZ68GJ,fit,B006Z96OI2,B003B7RMGO,B005JLLG8U,032ed797bda0c412b483a2186285e9930a9a307609ea26d5a9f37e1c4bab6eb5,20.0,1040.0,52.0,84.0,1.0,1.0,1026.0,51.3,1195.0,59.75,0.41910912724989596,0.13026819923371646,677.0,1583.0,2.8532646464172284,1.3862943611198906,0.2,10.0
A3C51SVGZNCZBH,fit,B0009MHJE4,B00008J2XQ,B000SQ92RI,033a65841f261f34d8fba049dc5eb9ff41ed47f754e273d7540a6f57b9546d9f,4.0,307.0,76.75,84.0,1.0,1.0,295.0,73.75,378.0,94.5,0.2738705373447861,0.22758620689655173,136.0,316.0,3.0526157484578667,2.0794415416798357,0.25,10.0
AO77GVWBADIIC,fit,B000TKH6G2,B000HLRP7S,B0039UTO3M,0346955daebd34bbd9ffc20c985af75d4d4356781c9d0418e200b5a95f33d660,2.0,99.0,49.5,83.0,1.0,1.0,95.0,47.5,104.0,52.0,0.479344262295082,0.2786885245901639,68.0,158.0,3.6306125459859606,2.772588722239781,0.0,10.0
A2AUYTFM48PS47,fit,B0053TDRQM,B000S0CKRS,B001C6H6F8,0349406e0f17e607a33bb28376da653a35468293bdcc30b00ef3a84a0bc9d4ca,2.0,108.0,54.0,83.0,1.0,1.0,104.0,52.0,743.0,371.5,0.3107419761990624,0.04521276595744681,68.0,158.0,4.29726226717628,4.290459441148391,0.0,10.0
A3RWZZ5ZDSCFAD,fit,B004TSFBNK,B003RVV82S,B00429O3EY,034b7775de79c5cc483ba6194d536da5a7e8d2239bfce8ad312ddef1fef60801,15.0,913.0,60.86666666666667,84.0,1.0,1.0,890.0,59.333333333333336,1874.0,124.93333333333334,0.34793115120199936,0.04106280193236715,510.0,1185.0,3.1370499874249442,1.3862943611198906,0.2,10.0
A3K2RYNRVRKI4H,fit,B002DPUY6A,B0019LWU2K,B000ZMBSPE,034c69e7d0ab4f4fce2e792bef9db741d873e32e77d1c1b7c958a3d14d07f4a0,2.0,167.0,83.5,84.0,1.0,1.0,159.0,79.5,503.0,251.5,0.11845692475463468,0.10714285714285714,67.0,159.0,5.098675242031495,4.454347296253507,0.0,10.0
AVOKU5ACZSB0J,fit,B008XKBW4M,B007ZR2RIE,B0056JONIU,034deda85e5c2b5bacc4f2a228e2a602e3153bf7211e1b27ae26e4e80dd54826,10.0,666.0,66.6,83.0,1.0,1.0,650.0,65.0,1328.0,132.8,0.29194835718125045,0.08900523560209424,341.0,789.0,3.541583617439323,1.9459101490553132,0.1,10.0
A2FI3GF4Z7QNO,fit,B001ET76C6,B000YT5NIG,B0002Z8HAI,0352ee1bdbcdb7de43960c395ed02c0eb988f46bc4ef374c89851d33ec8a380c,2.0,82.0,41.0,59.0,1.0,1.0,82.0,41.0,82.0,41.0,0.4810413129598189,0.3655913978494624,68.0,158.0,3.4881740352238744,2.197224577336219,0.0,10.0
AG185YO3FVV7C,fit,B00CXN66M8,B00AZBVKAS,B005C1C02S,0360350ebf41aa7b4f87ee950c3bc14c0f74072465ad62fe0d1ff22d402c5c90,5.0,289.0,57.8,83.0,1.0,1.0,281.0,56.2,406.0,81.2,0.3581765470562176,0.1511111111111111,167.0,398.0,3.7546645091392215,1.9459101490553132,0.2,10.0
A3DB2L1PG1LLPN,fit,B0064EJ44O,B0036IV7MS,B00368R3JY,0364e2ec446612e541d5c0e4aeef3bf8917c1a60cbc75dfec0ead226df82edd6,2.0,110.0,55.0,83.0,1.0,1.0,106.0,53.0,203.0,101.5,0.35964090554254485,0.1619047619047619,68.0,158.0,1.7005986908310775,1.6094379124341003,1.0,10.0
A3BPN006FTQODU,fit,B003EH20ZO,B003EH20VI,B006I336FO,036a9952a67088229cf35633533992fae3c52006efb8d120eda3313afd427d17,3.0,183.0,61.0,83.0,1.0,1.0,179.0,59.666666666666664,197.0,65.66666666666667,0.3874465063697687,0.2595419847328244,102.0,237.0,2.7332463202102617,1.9459101490553132,0.3333333333333333,10.0
A1Q7UZ95JTOWLE,fit,B0047ETODO,B002PBCABY,B0012HSPV6,036d116b006a3fe44e598b92128352581c7512e4e8b28b4d22d1cbbd6e4d26c2,5.0,349.0,69.8,85.0,1.0,1.0,340.0,68.0,403.0,80.6,0.3118408371933791,0.20666666666666667,167.0,397.0,2.8045582716932063,2.0794415416798357,0.2,10.0
A29X6908GGDOUW,fit,B00411B4CC,B00021WZVE,B000OO7546,037135c8332eb53030329ab83ed5a225c8e8b22cb68981cee9996e44126cd45d,2.0,153.0,76.5,83.0,1.0,1.0,149.0,74.5,289.0,144.5,0.23065521435086653,0.13438735177865613,68.0,158.0,2.6735537653587342,1.9459101490553132,0.5,10.0
A3FE993HBY7YO0,fit,B0026HG26Q,B00243FOGG,B000NN7FSO,03798d34ee4f52756c1977b7bc2a73ee884f258137bec5a15f743270e45e2ec0,5.0,206.0,41.2,83.0,1.0,1.0,202.0,40.4,252.0,50.4,0.48959029525128867,0.2085889570552147,168.0,397.0,3.083682390768934,2.4849066497880004,0.0,10.0
A1WE8KTC20NY65,fit,B001ECHLBY,B0000530ED,B00094O6D4,0379ecbf082486bb9fc90e97da8ff39550bdc8b43e7558d028afe71dc33c5b5b,6.0,386.0,64.33333333333333,83.0,1.0,1.0,378.0,63.0,985.0,164.16666666666666,0.31141546296170697,0.04934687953555878,205.0,473.0,2.5255337895408245,1.6094379124341003,0.3333333333333333,10.0
A2VSZ5ZR43KDE8,fit,B00AE76HO2,B000GP78S6,B00021C1LI,038c9270484a80c50dd924df7e59cdb3f0e6d0dc8407517871fd918270c300be,10.0,696.0,69.6,84.0,1.0,1.0,688.0,68.8,1286.0,128.6,0.2902482086144713,0.06932773109243698,339.0,791.0,2.996875214991796,1.3862943611198906,0.2,10.0
A3O6I3RATLZC31,fit,B006OY1NE8,B006U9D6D8,B002LE8OX8,03914b8e632a61c16bcc1a6dae6ba0198a6dabf94d0ee3d7caf7c2fcf1a5309c,5.0,280.0,56.0,83.0,1.0,1.0,276.0,55.2,358.0,71.6,0.3799397259112775,0.17435897435897435,169.0,396.0,2.625398529157598,1.6094379124341003,0.2,10.0
A39L0QMLQHJF3,fit,B003U4LGV0,B0000532VT,B0017SWIU4,0391d4a19ae68af14745c8544782b169f99bd1424b4b9344497d6041b5024bb7,2.0,160.0,80.0,83.0,1.0,1.0,156.0,78.0,203.0,101.5,0.25940315315315315,0.2125,68.0,158.0,2.9188652235829697,1.9459101490553132,0.5,10.0
ABKNRVFFLEA3M,fit,B009FKNGRA,B009FKNGGQ,B001JQLNJ6,0398a5696f485f460437d61d7f0d05f525a80261741d85c821d62078ef8aca79,6.0,231.0,38.5,78.0,1.0,1.0,231.0,38.5,231.0,38.5,0.49602930078869406,0.30357142857142855,206.0,472.0,4.065481316675974,2.4849066497880004,0.0,10.0
A44VOCJU32IND,fit,B004I94DF2,B002UPYITM,B000FZDPSY,03a83ccd90077ef00036c3fa3ae60b0f5676965efedc4300ab5179f140b5adc4,3.0,150.0,50.0,69.0,1.0,1.0,150.0,50.0,150.0,50.0,0.4161064937110295,0.3235294117647059,101.0,237.0,3.206687690112329,1.9459101490553132,0.6666666666666666,10.0
A3R9954MI3F0MX,fit,B0022NHBFK,B0002OMOIA,B001CJJ5QS,03a9f07d804f787a005fe2c4c64fd0c99a1cdb614434108078981b0f1207c651,2.0,144.0,72.0,83.0,1.0,1.0,140.0,70.0,266.0,133.0,0.25007707553402336,0.14225941422594143,68.0,158.0,2.484906649788,2.197224577336219,0.0,10.0
A35LNZEWPISIWX,fit,B000O9O4YU,B007RTR8AC,B004Y4JOFK,03ad86a07843d35aed2080b8effdfed8d0a25872cf49f299bcc28611c83fc2ee,2.0,75.0,37.5,54.0,1.0,1.0,75.0,37.5,75.0,37.5,0.4987460815047022,0.3793103448275862,67.0,159.0,3.389960953736126,2.3025850929940455,0.0,10.0
A21B8AV7E3MPXE,fit,B00A0J084Y,B00106AC06,B00AO379NE,03bc2f23c8c90c55769d7ab22e8043ef52b463a69a5a656d009b520139766ce0,2.0,52.0,26.0,28.0,1.0,1.0,52.0,26.0,52.0,26.0,0.5743879472693032,0.5555555555555556,70.0,156.0,4.535539152321338,4.465908118654584,0.0,10.0
AMP6MQ78O5OUM,fit,B0001TOH8G,B002XHC484,B003KPIIKQ,03c5a35695452f582416e2225e3136e1b641737d00536821586a86332b6fb105,2.0,149.0,74.5,84.0,1.0,1.0,145.0,72.5,151.0,75.5,0.31037263390204567,0.2773109243697479,67.0,159.0,2.04717228111105,1.6094379124341003,0.5,10.0
AAJQ1WZX4AY6C,fit,B000ZMBSPE,B000VDYXT0,B006ZBKH2Y,03c6cd1ad32099f1021a5143350eeb4a482d014a113e5e87f8654a70fd4f2bbe,3.0,238.0,79.33333333333333,83.0,1.0,1.0,230.0,76.66666666666667,508.0,169.33333333333334,0.20345054831137865,0.10397553516819572,101.0,238.0,2.7136328202026174,2.3978952727983707,0.0,10.0
AED2YVM22ZKYY,fit,B004INUWX0,B00138Y8NI,B0047F9622,03c768e8ec91695cb6627c49cb2ad8f8da768560451bf18f971f1d78ea207cca,2.0,164.0,82.0,83.0,1.0,1.0,158.0,79.0,357.0,178.5,0.2026647966339411,0.10967741935483871,68.0,158.0,3.012932986912657,2.197224577336219,0.0,10.0
A1NOEAO9V65ZAH,fit,B000U6PW7K,B0023A7JF4,B000TAE0RK,03cfafb0e83fec28bbcc72bea93dc83c0476cd3c26d7431e637815091d731ece,2.0,119.0,59.5,83.0,1.0,1.0,115.0,57.5,224.0,112.0,0.3137910682667716,0.1493212669683258,66.0,159.0,3.9971474932079887,3.951243718581427,0.0,10.0
A3VK83CL1ZHW2P,fit,B000VOHH56,B000E7YL1I,B000093A0U,03d214dad3acc2406594a97388f43f5d276f31e840c517799a6297b91632ca6f,2.0,166.0,83.0,83.0,1.0,1.0,158.0,79.0,295.0,147.5,0.18739750986942,0.1837837837837838,68.0,158.0,1.9033312448851598,1.6094379124341003,0.5,10.0
A209UWCVQZET4T,fit,B002QFGQAK,B00BUJU79Y,B00AH4TKNC,03d47894429688e91a905613b2dd1a7164145389675d6db374e0603482783832,2.0,142.0,71.0,83.0,1.0,1.0,138.0,69.0,261.0,130.5,0.2548295972298159,0.1440677966101695,68.0,158.0,2.34106561356211,1.791759469228055,0.5,10.0
A7OXU4EOFTXOB,fit,B00EF1QRMU,B009G0E59M,B007RTR89S,03d773f09a43e3e0add2156ce089a4991596f4543c853198b655455be16824fd,4.0,141.0,35.25,77.0,1.0,1.0,141.0,35.25,141.0,35.25,0.5395995371739516,0.3125,137.0,315.0,4.148865775151085,3.044522437723423,0.0,10.0
AJO9DHSRIO5E6,fit,B001BALMCS,B00ATWDTIE,B00CQGUSZ8,03dfd932c730725ecc956b146337a18da5ee67ba96dc23d1b89ae0175f844b14,2.0,167.0,83.5,84.0,1.0,1.0,159.0,79.5,200.0,100.0,0.25171830985915494,0.23943661971830985,67.0,159.0,2.8518912373281005,2.3025850929940455,0.0,10.0
A2DNZKERHKUK7S,fit,B00BOF34N0,B0048KSGZO,B001FB5IDW,03e2d256dbbf020838cd0f38a0d05506f0cf917e08814ab6b4986300b60e9e85,6.0,353.0,58.833333333333336,83.0,1.0,1.0,345.0,57.5,617.0,102.83333333333333,0.33856904165896395,0.11371237458193979,204.0,474.0,3.1924578657168623,1.9459101490553132,0.16666666666666666,10.0
AI066ESWAN83K,fit,B003LDLO4E,B000YB3NL8,B000ORV3NC,03ed3f8a2fc086a8ba398c78bd0a35d74d33c4fc457977050774cbb052b146c8,2.0,153.0,76.5,83.0,1.0,1.0,149.0,74.5,158.0,79.0,0.30280580075662045,0.2786885245901639,68.0,158.0,2.433767225227791,1.6094379124341003,0.5,10.0
AHAQDNONKY24Q,fit,B001P1ZELS,B000UVZU1S,B000PR4F9K,03ef532dc10728df716763e9f305a29f37e744fac365b751665e6c3d1fdab745,2.0,123.0,61.5,83.0,1.0,1.0,119.0,59.5,484.0,242.0,0.2652945832862151,0.07112970711297072,68.0,158.0,3.9136204508764054,2.4849066497880004,0.0,10.0
A1N0T1RXSF1AW4,fit,B00762WE86,B004SY3WSQ,B006QO4BRM,03f180fb99dd2379531c0767fb36d38adcc769c6cff1b3defe7a1e9de9eabde0,20.0,1485.0,74.25,84.0,1.0,1.0,1425.0,71.25,2469.0,123.45,0.25717219050736595,0.11371237458193979,677.0,1582.0,2.8668475624238168,1.3862943611198906,0.15,10.0
A29529NCT9QBEG,fit,B003RW2K0G,B002N5MKM6,B004SP12LE,03f6c0734611f728e4140c23b4561340ebfddbe88606f52812f582b79bf4b435,4.0,253.0,63.25,83.0,1.0,1.0,249.0,62.25,308.0,77.0,0.33637461500166854,0.19767441860465115,136.0,316.0,2.085709951067865,1.6094379124341003,0.5,10.0
A8OQE3GMZQKPB,fit,B0034CM18U,B0013VY4AM,B0009DT39W,03f792737641548ae12a5de692fcec036fc4eb11c1f1b4c53dbe0bdbd7286e74,2.0,166.0,83.0,83.0,1.0,1.0,158.0,79.0,211.0,105.5,0.24375578168362627,0.24113475177304963,68.0,158.0,3.0044065927212973,2.3978952727983707,0.0,10.0
A1465Y9A9NG36O,fit,B0002Z8QG8,B007CVGMAC,B00E8LUBZ6,03fd390dedd6ace4f9af3a694c96e2babf4a3be3d6f2ba3e2dc863279547bb3c,3.0,196.0,65.33333333333333,83.0,1.0,1.0,192.0,64.0,203.0,67.66666666666667,0.3475583556228717,0.27419354838709675,102.0,237.0,1.7472490050198806,1.0986122886681096,0.6666666666666666,10.0
A6FCCZY1UD4HL,fit,B0043OYFKU,B00BE2OKXQ,B001F51PXA,0405eef91001584f873776e01771498006d42ed08cdcac7ce4ab58ef4b828adc,10.0,664.0,66.4,85.0,1.0,1.0,640.0,64.0,1209.0,120.9,0.30374836328729665,0.10526315789473684,336.0,794.0,2.476221269319587,1.6094379124341003,0.4,10.0
AZQGJ5CEAJGXB,fit,B00AWLB9EI,B0060HOMHE,B004YZMKLE,040899be1b94069db47f78914bef750aaadf16707ac301134cc4bd685dd8f134,5.0,125.0,25.0,28.0,1.0,1.0,125.0,25.0,125.0,25.0,0.5836181956001424,0.5625,175.0,390.0,3.8861701978157925,3.1780538303479453,0.0,10.0
A2T5TQ3G23JJ47,fit,B000X20Y4C,B001UREIFU,B001FB5IN2,040e4f65cc173a663885a0e951988804f8bc44f3151498557b6e489e36125c24,20.0,1237.0,61.85,83.0,1.0,1.0,1204.0,60.2,1664.0,83.2,0.35112682857089794,0.12142857142857143,681.0,1579.0,2.526462926050683,1.3862943611198906,0.45,10.0
A1VKEFQ4BWD5P4,fit,B000YG82HI,B0002JHI1I,B00IMHN0B4,040e65b10cb4b053c0e774b655100a55cf214907dca5c54a81ab460c39912704,2.0,167.0,83.5,84.0,1.0,1.0,159.0,79.5,571.0,285.5,0.10641460494812449,0.09497206703910614,67.0,159.0,3.2384861814448413,2.3025850929940455,0.0,10.0
A11KOKDIY4SAJW,fit,B002QI1EKE,B001Q878WI,B0000531II,040ee1ac7f5c2d78c4bb2d53be6796798b8dd92f2d61a742083c600b6a0ab53d,4.0,238.0,59.5,83.0,1.0,1.0,234.0,58.5,717.0,179.25,0.31300750458796367,0.05704697986577181,136.0,316.0,2.981589685681892,1.9459101490553132,0.25,10.0
A3H2ALRGIQF907,fit,B003IXP6P0,B0057WJ264,B0001TSJPI,0418792589c623356af4a331f781434ebf9494097336772ca77fcc7837f2702d,5.0,338.0,67.6,84.0,1.0,1.0,329.0,65.8,342.0,68.4,0.34453468784549746,0.2727272727272727,169.0,396.0,2.254486455064181,1.791759469228055,0.6,10.0
A2BKT51JAU9XV7,fit,B0010KR098,B00028OC4K,B00AACC02Y,041d01428fa8750b1a1ff2352cab185496d3037b8de9d49eaa39c46f6eaedbf2,5.0,399.0,79.8,83.0,1.0,1.0,383.0,76.6,708.0,141.6,0.22099422788986917,0.10932475884244373,170.0,395.0,2.901315114463979,1.9459101490553132,0.2,10.0
AO2GZG0N16FCD,fit,B001DBPZQE,B0000UTUVU,B003ZTVDBS,0421cb6d38ad85f899bc73b6fe563584e3834dfcd7ee4df5af0788347c8a7be5,3.0,136.0,45.333333333333336,83.0,1.0,1.0,132.0,44.0,154.0,51.333333333333336,0.46158491017248077,0.2518518518518518,103.0,236.0,4.0234863622337755,3.4965075614664802,0.0,10.0
A2CHHP8VPWBYXL,fit,B0035RE2TA,B002DNAQHO,B0009XH6TG,0424cdc179b6a3cfff518e15be5d55e2acd74f3ea24bf292c2ca1526c182f7ac,3.0,142.0,47.333333333333336,83.0,1.0,1.0,138.0,46.0,344.0,114.66666666666667,0.39268236398381,0.10658307210031348,102.0,237.0,3.0006951443852414,2.0794415416798357,0.3333333333333333,10.0
A3W3X258BL2GWE,fit,B0069FDR96,B005BF1M10,B000NSQI4Q,04315f8dd95237e22445204a541b5fd67bee4ff28090c2cd3f5940b6f0d800ac,2.0,118.0,59.0,83.0,1.0,1.0,114.0,57.0,217.0,108.5,0.3250805152979066,0.1574074074074074,68.0,158.0,4.739801929451973,4.007333185232471,0.0,10.0
ACJT8MUC0LRF0,fit,B00GBL8VJY,B00GBL5GDS,B0030DK7E8,043e76bd5f5897c70fac4a5b5a5d88c8e5d2b40ab7b70f93d92c4e3ad13a3b83,20.0,1161.0,58.05,85.0,1.0,1.0,1136.0,56.8,1979.0,98.95,0.35569959878949753,0.07589285714285714,683.0,1577.0,3.3369423743756292,1.6094379124341003,0.05,10.0
A2YK5UUN19WHB1,fit,B008BS9Z8G,B0084A5PSK,B000I5JEAO,0440f9cbcc0e5816655404a069725255fba9a14cfd168f078e1a081447d1555e,3.0,194.0,64.66666666666667,79.0,1.0,1.0,194.0,64.66666666666667,194.0,64.66666666666667,0.34969373464948683,0.3008849557522124,102.0,237.0,3.024496396408995,2.197224577336219,0.0,10.0
A3OS5ADQV1X5SP,fit,B003VMXXVW,B003VMZTCI,B003OGYO7W,0444ef202ca7c3d3f27cb2a30247c3fdd3383c9be47885e9aa4f67efa0a01eae,3.0,222.0,74.0,83.0,1.0,1.0,214.0,71.33333333333333,488.0,162.66666666666666,0.23469947219947218,0.09659090909090909,102.0,237.0,3.011916287081379,2.5649493574615367,0.0,10.0
A1VSTIE4LDB43M,fit,B00C61F1C8,B009D9O6YA,B003OGQYC0,04478321386bf5a5881c812305b9e05d9229a8a012f8d3dbbd9948a88ec5f853,18.0,1165.0,64.72222222222223,84.0,1.0,1.0,1129.0,62.72222222222222,1523.0,84.61111111111111,0.3354247080864313,0.10030395136778116,610.0,1424.0,2.7888955770570587,1.3862943611198906,0.3333333333333333,10.0
A2IH2H5NLHA6DD,fit,B003UOTSOM,B00A8049SG,B009GIOVKC,0449f1963b86d66b6d20895571d7f4cc3ede6a890ccf699a3b64e5a2b93b486a,2.0,167.0,83.5,84.0,1.0,1.0,159.0,79.5,575.0,287.5,0.1310659628051143,0.07112068965517242,67.0,159.0,2.354765100656167,1.0986122886681096,0.5,10.0
A2TVJ0YDW3QO63,fit,B0068G8DTA,B001JQLNJ6,B001FSK8QM,04518e81902aacc8f5def7fecc9fe8d8aca4c228a88b1bda17af0273910ca865,3.0,71.0,23.666666666666668,37.0,1.0,1.0,71.0,23.666666666666668,71.0,23.666666666666668,0.6065255731922399,0.4714285714285714,103.0,236.0,3.9431864531239262,3.8066624897703196,0.0,10.0
A3GJX3SGM00T1T,fit,B00006K14U,B002TSA90M,B001F51V3E,0452fb1811e1612c221dc74f35baa126e3d0ace02688d715d4b7ce71124f8b68,3.0,127.0,42.333333333333336,82.0,1.0,1.0,123.0,41.0,129.0,43.0,0.5018399347412309,0.29411764705882354,104.0,235.0,3.092417025752937,2.197224577336219,0.0,10.0
A32R0HBCV9FCJM,fit,B001DKK7Y0,B004Z2NPK6,B000MUV9NU,045aabb10fdd72f491f2590f0bcbe8a36d9864d945cacbc92d0732697ca2f6c9,5.0,398.0,79.6,83.0,1.0,1.0,382.0,76.4,1326.0,265.2,0.15837937391609644,0.07203389830508475,170.0,395.0,2.2770184186920686,1.6094379124341003,0.6,10.0
A339O8ZW72WHZ0,fit,B000TKH6G2,B000050B6U,B004CQR9L6,045be1770befbecab90c8e15098473cec5d94e225512f19e8c7ff66f791f2447,5.0,416.0,83.2,84.0,1.0,1.0,396.0,79.2,799.0,159.8,0.20903389357806348,0.10897435897435898,169.0,396.0,3.2758606493484863,2.5649493574615367,0.0,10.0
A3IV3JKXMLLOAY,fit,B000TKH6G2,B000JGERAO,B00178VX50,045da3aa2cb0ae7537735521cc0e4463262dd08e06834492d8c9c48b79d78d52,3.0,196.0,65.33333333333333,83.0,1.0,1.0,188.0,62.666666666666664,1090.0,363.3333333333333,0.22215729447446386,0.04177215189873418,100.0,238.0,3.1351652955834077,2.3978952727983707,0.0,10.0
AX7Z0VDCMMWO1,fit,B00154MOEU,B0009MHJS0,B004TSFBNK,045f142324c81e5127bbcceff0e032be323c53f175900ebb65e78e304d18712d,2.0,96.0,48.0,83.0,1.0,1.0,92.0,46.0,331.0,165.5,0.40699110671936756,0.09659090909090909,67.0,159.0,4.250531904743177,3.6888794541139363,0.0,10.0
ARCN0FX86UJ22,fit,B00I16BT4Q,B005WTITNO,B0006PLPE4,0463b0d9825e1b87c0efa8a625645ec67740b101f463ef0fedfd9c21ba02828f,3.0,181.0,60.333333333333336,83.0,1.0,1.0,177.0,59.0,366.0,122.0,0.3106596108534406,0.11258278145695365,102.0,237.0,2.426899065128247,2.3978952727983707,0.0,10.0
A13MKSASQ6YWL7,fit,B0080HEARE,B00A3Q9LPG,B001E7BEEE,0469b6ecc95c4c1ba7ac2c93c870345ea34e95da95fd5969a566eb42380230ab,13.0,562.0,43.23076923076923,83.0,1.0,1.0,546.0,42.0,1557.0,119.76923076923077,0.4388490289045217,0.045871559633027525,451.0,1018.0,4.198660994141005,3.4011973816621555,0.0,10.0
AFL62DOCGNS6Z,fit,B00B1M0XCG,B007PQYHJW,B000CQPRBE,0469c064d560908cf76ad770ad9fca76f5da530c78d1993a7851eb50e0d83e31,4.0,273.0,68.25,83.0,1.0,1.0,261.0,65.25,523.0,130.75,0.3007270936120616,0.10089020771513353,137.0,315.0,2.9859268452655456,2.3978952727983707,0.0,10.0
A2TFXUDMXZGA4I,fit,B000R8WL02,B0012NIU2E,B0009XH6TG,046ad3d1292f0cd7e21790f1a68351443056afe7d5ada0db437bafc5519c541b,4.0,280.0,70.0,83.0,1.0,1.0,268.0,67.0,472.0,118.0,0.2847234066746262,0.13333333333333333,136.0,316.0,2.6229226993308656,1.9459101490553132,0.5,10.0
A2QIFOH8AFZWXU,fit,B004ITB3IW,B003IIJH3M,B00021DPHW,046c249670bb77f72109d4941ebb699bc7176ac3d7557b505417858027c35e3a,2.0,144.0,72.0,83.0,1.0,1.0,140.0,70.0,210.0,105.0,0.2718435432844406,0.18579234972677597,68.0,158.0,2.2499048351651325,1.791759469228055,0.5,10.0
A2X1PLJA2BRK5D,fit,B00239YCXM,B001F51TBI,B001441QCW,0471189bdeeb0aa6f1b9354c282e878eeaa6a282fcd412fed9c3b1f6bd125a40,2.0,129.0,64.5,83.0,1.0,1.0,125.0,62.5,270.0,135.0,0.2730630941240211,0.12840466926070038,66.0,159.0,3.2896256060050506,3.1780538303479453,0.0,10.0
A1PI5KRHJ685Y9,fit,B004HSO124,B0063TFLG0,B002OVV7F0,047209f66d07fc7d3b811ddf19818f5bca38f104bf0b9b48b96b31e6ef7f9bbc,6.0,460.0,76.66666666666667,84.0,1.0,1.0,445.0,74.16666666666667,744.0,124.0,0.24901088313461048,0.12686567164179105,202.0,476.0,3.4985580866746306,1.9459101490553132,0.16666666666666666,10.0
A1BXO6O4TLXBI9,fit,B001F51THW,B000NFB8S0,B0000CC64W,04752533dd25ee1d9d099e8ee1650f93245b133fd71a272e4b27a916d12d00ba,3.0,141.0,47.0,83.0,1.0,1.0,137.0,45.666666666666664,145.0,48.333333333333336,0.45934893105187596,0.2809917355371901,102.0,237.0,3.8415653068563813,2.0794415416798357,0.3333333333333333,10.0
A1HBN5TNPSVANG,fit,B0033GLYQM,B000LNWUIG,B0000Y3GF2,0475a6b4a5c5e0d372f575da7df0cbeb9660fbce2326351c3f8c0d94702f8462,3.0,229.0,76.33333333333333,84.0,1.0,1.0,221.0,73.66666666666667,258.0,86.0,0.2814238952536825,0.25,98.0,240.0,2.5617478693252775,2.0794415416798357,0.3333333333333333,10.0
ANQT62LQHB4SH,fit,B0058CJUWO,B002WJOOIQ,B00021DVCQ,047f3325a66bb995101a8b0d2ebfd261cc932687194abe2a14bb1dd513381e9d,7.0,426.0,60.857142857142854,83.0,1.0,1.0,410.0,58.57142857142857,564.0,80.57142857142857,0.3616522175602646,0.16346153846153846,238.0,553.0,2.786884722168119,0.6931471805599453,0.2857142857142857,10.0
A78537UQRSMF4,fit,B006L16BHS,B00DWKRHNS,B0023A7JF4,048ad34bc69d49dfb6a75b33de52b3a0c95c8b9f6e1d9435b45a936e18190991,19.0,1346.0,70.84210526315789,84.0,1.0,1.0,1306.0,68.73684210526316,2660.0,140.0,0.2663904256865754,0.0718954248366013,641.0,1504.0,2.7849140174884415,1.3862943611198906,0.3684210526315789,10.0
A3FKGKUCI3DG9U,fit,B00GLS554Q,B00GYB1AQM,B003V808ZA,048d3ebcfb3a2abd52986793e76703b81248bc01272e66e775fd07e77dd2c208,18.0,780.0,43.333333333333336,84.0,1.0,1.0,760.0,42.22222222222222,915.0,50.833333333333336,0.47701795327312296,0.20915032679738563,614.0,1419.0,3.667479557929533,1.3862943611198906,0.1111111111111111,10.0
A2GJ7KSP7IMYJH,fit,B001H54SQ4,B0015SBOLU,B0009QZYLU,049318b54bd068ef4f8169541dd0f8ce57903d35dc304eb09d9b117415363a3c,6.0,371.0,61.833333333333336,83.0,1.0,1.0,359.0,59.833333333333336,422.0,70.33333333333333,0.3596400305221454,0.2446043165467626,204.0,474.0,2.4586163383921464,1.791759469228055,0.5,10.0
A3FN9BP4C8GYMT,fit,B005P11F4O,B005OZEFKM,B0045W4X16,049b00e71722e379469fdd5398d09218c6b01bcc10ab4add44ddab9f4935ab02,2.0,136.0,68.0,69.0,1.0,1.0,136.0,68.0,136.0,68.0,0.3333653753724887,0.3300970873786408,68.0,158.0,2.8617925509761903,2.833213344056216,0.0,10.0
A2WY52YD5GAEIB,fit,B00GLS593S,B00GLS58SO,B003P904EA,049e77e41c6333989c0a352043c78e5cb18e9bfffa33c1d6624ca1f9d6b8fa46,19.0,892.0,46.94736842105263,85.0,1.0,1.0,864.0,45.473684210526315,1908.0,100.42105263157895,0.429723640807908,0.0517503805175038,652.0,1494.0,3.989215004409879,2.3978952727983707,0.0,10.0
A18K6HDIY52MY,fit,B00BKUHH50,B00BCK29KQ,B004OEO0E0,049fb0d0b5b38b27e9cb420d5b8a31492ccd9c015e7a0ebf2a26c3c895f85fea,12.0,741.0,61.75,84.0,1.0,1.0,717.0,59.75,1330.0,110.83333333333333,0.31677277030955614,0.12222222222222222,406.0,950.0,2.487056825633731,1.0986122886681096,0.3333333333333333,10.0
A3NHWZEQP97IOF,fit,B007ISRNCA,B003KWZ8VG,B002Z3R7F6,04a06d201659a3408adb1bb7adda51bffbf5924efb5aae4b494acd3858b30cb3,3.0,249.0,83.0,83.0,1.0,1.0,237.0,79.0,424.0,141.33333333333334,0.19943006359616822,0.1552511415525114,102.0,237.0,1.8431430291704742,1.791759469228055,1.0,10.0
AB36O0NB08LQ0,fit,B008GOR6O0,B006K9OQSC,B00FUV7JAI,04aac4db53a9195852f1205e41216a44000e93f7a1c2500d816ea179404ef2f4,3.0,250.0,83.33333333333333,84.0,1.0,1.0,238.0,79.33333333333333,601.0,200.33333333333334,0.17911285631180918,0.08900523560209424,101.0,238.0,2.5765784437950168,1.6094379124341003,0.6666666666666666,10.0
A3QSM5XHPL1T6Y,fit,B00AE07CT8,B006RFZ8C2,B0057VQ9R0,04abc376103bfb704c97bd2a6b1a4505dde914e268c8e8c57a7a1cf3b4137fc0,4.0,183.0,45.75,83.0,1.0,1.0,179.0,44.75,216.0,54.0,0.44752896644047446,0.22666666666666666,138.0,314.0,4.057457105152993,3.8066624897703196,0.0,10.0
AE8G8WYF8PUXE,fit,B004CSU8IA,B003UA5ECQ,B000142FVW,04af52c9711fcc8f885b64d85eb961b0e47f3c89c85d2f178abcc4ab88d65a79,7.0,500.0,71.42857142857143,83.0,1.0,1.0,484.0,69.14285714285714,701.0,100.14285714285714,0.29837259192541404,0.1377952755905512,239.0,552.0,3.0517334341167226,1.3862943611198906,0.2857142857142857,10.0
A1FWWX4FANB1OK,fit,B001G7PIJ4,B001E6R61U,B001CTQMIC,04b05a1a19a714ca2bbe9921fedf6bdc3bf2331a7108706ed18f245e34cd16a6,3.0,249.0,83.0,83.0,1.0,1.0,237.0,79.0,285.0,95.0,0.26202369059511915,0.23129251700680273,100.0,237.0,2.649932405387284,1.9459101490553132,0.3333333333333333,10.0
A109STTUEOR3EC,fit,B004NMR6TY,B00ANI9YYC,B00871KNHO,04b1008ee191424f20fd6cfd98ca905cac31986dbe30782d17c780d3adc4e14c,2.0,167.0,83.5,84.0,1.0,1.0,159.0,79.5,303.0,151.5,0.19430909545227387,0.14224137931034483,67.0,159.0,2.393745871391023,1.3862943611198906,0.5,10.0
A7QHXOKJEJJZ2,fit,B004GA94I4,B0048KSGZO,B00021AK4I,04be785c91775e96357250aba7e27cf37e6aa8e2b9b183cedf84c4e0c76295d3,5.0,352.0,70.4,79.0,1.0,1.0,352.0,70.4,352.0,70.4,0.32695805571481407,0.3008849557522124,170.0,395.0,3.645110611518222,3.044522437723423,0.0,10.0
ANE85ZAT9OV84,fit,B0038U4TRO,B000TUQWDA,B0017QT5UM,04c3c1aca9fbc70ef97117601feea399d4055e19019b6ce3a6ea6eeeeb1d9958,4.0,248.0,62.0,83.0,1.0,1.0,243.0,60.75,335.0,83.75,0.34141438453858225,0.16666666666666666,137.0,315.0,2.1723661030891726,1.791759469228055,0.25,10.0
A10NJPRAGAWRCA,fit,B003UF0RB4,B001I45ZFC,B000052YP6,04ce682a00f468df208eb8cbc1257d9b3eec6d531c654c18f042c786a519c7f5,4.0,205.0,51.25,83.0,1.0,1.0,201.0,50.25,235.0,58.75,0.42032056987414135,0.23129251700680273,137.0,315.0,3.3843951942387926,2.833213344056216,0.0,10.0
AA9EU3E7YAL0E,fit,B000N2N65Q,B004I2VYCE,B001AO0WCG,04d32e1df9beffc0ea936a7ba3713bb27f9840dff2f94c4a71d1c0771078e6b5,3.0,204.0,68.0,83.0,1.0,1.0,196.0,65.33333333333333,237.0,79.0,0.3254037860641154,0.24817518248175183,101.0,237.0,3.2491784169207474,1.791759469228055,0.3333333333333333,10.0
A345VLZZ08XXE6,fit,B000Q8PV96,B000O1DHL4,B003WNXZZO,04d9a2c1e4582ad55948e1e5519aef0c747bf600b151685570bae36813382696,2.0,166.0,83.0,83.0,1.0,1.0,158.0,79.0,426.0,213.0,0.15423890684689978,0.10365853658536585,68.0,158.0,1.844439727056968,1.6094379124341003,1.0,10.0
A1P9UMP1XSE6MI,fit,B000050B6U,B007WNVYW6,B0094GHKFE,04d9bb21f3b067a60b08e99d5c28a1e0c2c3390998cac61ad9d3fa27f4edc024,5.0,310.0,62.0,83.0,1.0,1.0,298.0,59.6,629.0,125.8,0.30381048524022136,0.13654618473895583,170.0,395.0,2.3673493168075765,1.0986122886681096,0.6,10.0
AKSUIC0M3CBGF,fit,B000IXVJU4,B000GX4BSS,B004W24LQ6,04da70b4bd17807b9cb0f9c98d84cfd3aac120210c0c16fada6fe705111f3232,2.0,166.0,83.0,83.0,1.0,1.0,158.0,79.0,441.0,220.5,0.13977191962266589,0.11038961038961038,68.0,158.0,2.6364997792818734,2.5649493574615367,0.0,10.0
A2DDJPV9X6MXLF,fit,B0011Z3X8O,B001MA0QY2,B003BMNE4I,04e1c34b2d4f79c6995900c45f68316d600edf5f3f2e3657b13f53ff303c56ff,4.0,248.0,62.0,83.0,1.0,1.0,240.0,60.0,421.0,105.25,0.3314068498325574,0.1471861471861472,135.0,317.0,3.7846028355619112,2.8903717578961645,0.0,10.0
A1O229NVVDJUX2,fit,B002JDUMFO,B00BG4MI3Q,B0019ZMFYE,04e58e60fdc023f8e5ed731f27f66fafe7a4108f427641bcbb9e8b761bb98f04,13.0,677.0,52.07692307692308,83.0,1.0,1.0,657.0,50.53846153846154,2022.0,155.53846153846155,0.3840091270996796,0.04182509505703422,446.0,1022.0,3.6037081851642534,1.3862943611198906,0.15384615384615385,10.0
A37Y8S37OFM1OY,fit,B003KNQ8OQ,B001E8WBP4,B000JL7Z5S,04e975475369b164e95ef5b8eb38922711d00ad1993311fc549df88890938f6c,4.0,331.0,82.75,83.0,1.0,1.0,315.0,78.75,617.0,154.25,0.19044580870999508,0.13307984790874525,137.0,315.0,2.451330825937224,1.9459101490553132,0.5,10.0
AVDBPWES117H1,fit,B005Y6F4WO,B005BF1M10,B0050INH2U,04ea60c9751fa69addc797098062762f52eb36396e07c996407e2a60c4acfdc1,2.0,163.0,81.5,83.0,1.0,1.0,158.0,79.0,262.0,131.0,0.22782651072124754,0.1574074074074074,68.0,158.0,3.9350829732349224,2.3978952727983707,0.0,10.0
A3ABTLXPQP73TB,fit,B000C1VVF0,B0009OAIKY,B000C1UFP2,04ec14fde06089a2189a812a0bb675b843eeed3a80b897cb3ce6f624152ee585,2.0,128.0,64.0,83.0,1.0,1.0,124.0,62.0,181.0,90.5,0.31518987341772153,0.2,68.0,158.0,2.5053176470481278,2.3025850929940455,0.0,10.0
A11YIF24IL4ALA,fit,B001B153BS,B00F0QVKEE,B00385WMIC,04f4de9c549fe73349acfc429def655d2034107a81e62d745ea0837ddf6ec898,4.0,332.0,83.0,83.0,1.0,1.0,316.0,79.0,553.0,138.25,0.20073231276061462,0.16037735849056603,136.0,316.0,2.359249435647547,1.9459101490553132,0.5,10.0
A1XEIUN7LR2BMF,fit,B004SXTF38,B003OGV7UO,B001RMP7M6,04f7392826e535362605e0292d7bd58d2a59e32c4a47173ea61264afeeb6a38b,2.0,100.0,50.0,66.0,1.0,1.0,100.0,50.0,100.0,50.0,0.42000000000000004,0.34,68.0,158.0,3.5800346037980635,2.5649493574615367,0.0,10.0
A1B4AJLXBYVA7E,fit,B00AXDCVB0,B00325D0WK,B000HX2LDE,04fb96ec0bd6f9e42ea811007c406fef926a0d1247569b8cde1dd1e4b25a4c15,7.0,560.0,80.0,84.0,1.0,1.0,536.0,76.57142857142857,1327.0,189.57142857142858,0.19543505331266695,0.07205240174672489,235.0,555.0,2.602477117133476,1.6094379124341003,0.5714285714285714,10.0
AN3PC88UFEQ28,fit,B002HSWFWY,B001T88N0G,B007U54P36,04fe3885a7f91a5159b6c0a01cc0bffc139001e9bc8154d2e83e448112ebcd0d,2.0,166.0,83.0,83.0,1.0,1.0,158.0,79.0,439.0,219.5,0.1446869229477925,0.10559006211180125,68.0,158.0,1.994492023282137,1.0986122886681096,0.5,10.0
A2A2IE8NTCQETX,fit,B000JG1QDA,B002LC9OES,B004ZWH4BC,050282b7f4478b827300fbd56d669fe7a4bd521a01db18ebcde1522033959fcc,10.0,823.0,82.3,84.0,1.0,1.0,787.0,78.7,1605.0,160.5,0.21738851426206657,0.059130434782608696,338.0,792.0,2.925732011002298,1.791759469228055,0.2,10.0
A2632G7JZA9SER,fit,B008XWX4A0,B001JKTTVQ,B009ARXCYU,050cd1a7efa01b68afd1187b6148e93501ff9e0f54be518620e93d5c3a183f55,3.0,250.0,83.33333333333333,84.0,1.0,1.0,238.0,79.33333333333333,897.0,299.0,0.15145975487852578,0.05112781954887218,101.0,238.0,3.7571211093773336,2.70805020110221,0.0,10.0
A44OY8EFDM4IP,fit,B00H345TXO,B00C0Z5CYW,B0063A432W,051c9ec4464e4752bd0daa133e705bcc6aa8f1af31f0878d7abc8c9d901ecf8a,20.0,793.0,39.65,83.0,1.0,1.0,781.0,39.05,1218.0,60.9,0.4858061924569492,0.07709750566893424,684.0,1576.0,4.305767891338737,2.833213344056216,0.0,10.0
A19AJOXWYRPGC,fit,B006ZN1B1S,B002RS6KH0,B00110Q8FO,051e1840db75c3ad784781332c861e3284aecd5aa028cd30bbb603979efb354f,2.0,166.0,83.0,83.0,1.0,1.0,158.0,79.0,395.0,197.5,0.1472315750093528,0.13991769547325103,68.0,158.0,1.7776740307447068,1.6094379124341003,1.0,10.0
A33Y8C4818EJL0,fit,B00GYB1AQM,B00GLS58OS,B00A0J084Y,0520edb6feb3c680352b0f83fd9c3549e8120f8fa470d2a568c9a27535527240,20.0,678.0,33.9,84.0,1.0,1.0,666.0,33.3,826.0,41.3,0.5390476856848324,0.18994413407821228,685.0,1574.0,4.221088049711174,2.833213344056216,0.0,10.0
AJ3TDZUOQPICA,fit,B001KZ5XDS,B0001AQCII,B000142FVW,05246627c72c4296dd809854316c5a352c5010fad98521cb823e5aa5ac874f23,2.0,144.0,72.0,73.0,1.0,1.0,144.0,72.0,144.0,72.0,0.3207832665776591,0.3177570093457944,68.0,158.0,4.342876916480077,3.0910424533583156,0.0,10.0
A27LGARAEAJXQT,fit,B000UWH3SU,B000143K2A,B0000536M2,0528299bf30816e6f721cd778255419b6f401bb96a0067e0695cca970cbad8f2,3.0,143.0,47.666666666666664,79.0,1.0,1.0,142.0,47.333333333333336,143.0,47.666666666666664,0.46721723006703747,0.30701754385964913,103.0,236.0,3.5428403073194645,2.772588722239781,0.0,10.0
AP6EGF9W6MCV1,fit,B00HAQH3NY,B00HAQAREQ,B0055HYT78,052ad2da30ff2cbc2bb33eac323bf6fca03267954dd30b0fcdb7cbf320964b66,4.0,297.0,74.25,83.0,1.0,1.0,285.0,71.25,507.0,126.75,0.2502550929681989,0.13877551020408163,136.0,316.0,1.7005986908310775,1.6094379124341003,1.0,10.0
AMW83JMJLCYRZ,fit,B00AFIT9F4,B00AFISVWQ,B000U2AQNY,0533ae4972a87b6470b6929f52df542dad5632ba0f5c2fa4b50a2de7fb88d228,4.0,322.0,80.5,83.0,1.0,1.0,310.0,77.5,914.0,228.5,0.17094369508562945,0.0825242718446602,136.0,316.0,2.267769576160669,1.3862943611198906,0.5,10.0
A2I39DPQ3YP84W,fit,B001DBPZQE,B0002JKPA4,B0009V1YR8,05347d8cce8bee72c9d98c54cc91d3fb68019a5bde07bc401b46997c7d603eb4,4.0,297.0,74.25,84.0,1.0,1.0,289.0,72.25,498.0,124.5,0.2560550280154843,0.11827956989247312,135.0,317.0,3.290275801430065,2.3025850929940455,0.0,10.0
A1X757EC5GCN9F,fit,B0011UYY9Q,B0006PJSES,B004Y9M4DE,053c4b69ca0a8cd94c4ea09e73b4b19533c143bfda046627bef5723939dd184c,3.0,189.0,63.0,69.0,1.0,1.0,189.0,63.0,189.0,63.0,0.34941532168422923,0.3235294117647059,101.0,238.0,2.495724564737913,1.9459101490553132,0.3333333333333333,10.0
A3STK5WDK5UB58,fit,B000ZMEW66,B000F4DLBG,B000052YM7,05420609831126de5599daf05a29eb575edb61f70959f2b7d4134777ff267b25,2.0,166.0,83.0,83.0,1.0,1.0,158.0,79.0,438.0,219.0,0.15103681983389813,0.10089020771513353,68.0,158.0,3.787792325778896,3.2188758248682006,0.0,10.0
A371H3O34V7USI,fit,B0082D69H0,B005C50W3I,B001HKR6WM,05421ef7fa33a4aa4f3b9d478dddad2217ca24059604d44f5bc9002995048f86,5.0,360.0,72.0,83.0,1.0,1.0,352.0,70.4,392.0,78.4,0.3097021352789719,0.2518518518518518,169.0,396.0,3.0873941820751183,1.9459101490553132,0.2,10.0
A3S3ZOYXE8T5BX,fit,B00180R7PM,B000GDC4HI,B00795XKXS,0545aaf5b0ab30b780468124226015f479ee678921a0197fb3f00daef1cc10e7,5.0,415.0,83.0,83.0,1.0,1.0,395.0,79.0,1440.0,288.0,0.10835318345729941,0.08585858585858586,170.0,395.0,2.0715485649627445,1.6094379124341003,0.6,10.0
A2D2XKSXEG3O7F,fit,B004Z209HS,B000B9W4MC,B004MUG8V4,0545f9ea3fbe333126e99b9aed9f14cb3c50776fb7d78c5d1b87c21b5f764dfd,20.0,1452.0,72.6,83.0,1.0,1.0,1396.0,69.8,3732.0,186.6,0.22614391496362188,0.07888631090487239,678.0,1581.0,2.600785926402699,0.6931471805599453,0.3,10.0
A3PALD53V53V1U,fit,B004OEKRD8,B004KRYVZ4,B003GCWJFS,0547981e3bd96378169578b1100064e2a96ea4570071efc5d53cf3cddc2b9add,2.0,93.0,46.5,55.0,1.0,1.0,93.0,46.5,93.0,46.5,0.4198943661971831,0.375,66.0,160.0,2.543798167616192,2.197224577336219,0.0,10.0
A2I8F74BYEK2JM,fit,B0001TJX2Q,B000NFEX5K,B000VS8VZM,054afe32ad1fdd447d68c8b149700f58d6a0ec6ab1b86a43b2f6f2c5d903b875,2.0,114.0,57.0,73.0,1.0,1.0,114.0,57.0,114.0,57.0,0.38554517133956384,0.3177570093457944,68.0,158.0,2.0948273710132126,1.791759469228055,0.5,10.0
A33F7HWJLLKWPW,fit,B000EPA4FW,B003S516XO,B002F5WLOQ,054e4f6b062aa581e1699b134082f662fbefdcfad62bf1e0e75637e2cecdeb2b,3.0,233.0,77.66666666666667,84.0,1.0,1.0,225.0,75.0,308.0,102.66666666666667,0.2578783308195073,0.21568627450980393,101.0,238.0,2.673204264800089,1.3862943611198906,0.6666666666666666,10.0
A3NPO4ECDIMF92,fit,B000FLLUDU,B005UBN2AO,B000TKH6G2,0562299af013795ec49d873665da6e792f2e6c67ff4a5869b2e2fb2ed4aad41f,2.0,104.0,52.0,84.0,1.0,1.0,100.0,50.0,110.0,55.0,0.44546709618039576,0.2682926829268293,66.0,160.0,4.752623144758641,4.3694478524670215,0.0,10.0
A16ALXKQ02SKYG,fit,B00GYB1AQM,B00GTBZ85Q,B004D267RG,0564268f371059e1f193266df75d30aa7593625d6416fba69e5cbb5948c38bb7,12.0,458.0,38.166666666666664,83.0,1.0,1.0,446.0,37.166666666666664,1256.0,104.66666666666667,0.49210795541155244,0.043373493975903614,411.0,945.0,4.237973756687239,3.0910424533583156,0.0,10.0
A30M0GMEP7N84I,fit,B008COP6NM,B000TK99NU,B000NE6QP6,0565e166da973422fdfeb96d9bf3b027f561ae4ffc2ae79f6a822995956f731b,2.0,87.0,43.5,61.0,1.0,1.0,87.0,43.5,87.0,43.5,0.46228070175438596,0.35789473684210527,68.0,158.0,3.2059091338549486,3.044522437723423,0.0,10.0
ACVDLMGR3BKBY,fit,B00176WU7W,B0009F3OS6,B00EDY0IJM,0566a5141cbbc99c3163dc594a757bed92a695e9e74cde7bbd7ca6e47d10bb5c,3.0,191.0,63.666666666666664,83.0,1.0,1.0,187.0,62.333333333333336,249.0,83.0,0.3349321156066382,0.19428571428571428,102.0,237.0,2.757948977594836,1.9459101490553132,0.3333333333333333,10.0
A1QZ9EE6391HEP,fit,B006GQB6BE,B0057WJ264,B0058RFU5A,056da2ff09a000f7b649ef24eb84eb932a0062583f747818e692024738c0db47,14.0,840.0,60.0,84.0,1.0,1.0,821.0,58.642857142857146,1227.0,87.64285714285714,0.3622747129933775,0.09742120343839542,472.0,1109.0,3.584569505903771,1.791759469228055,0.07142857142857142,10.0
A2NJAOIVGSJDHN,fit,B000NLJFNY,B000BY2N7S,B0009F3NGE,057405f1a82643c2574543233eb3f842929f901cb8d89535e133203ddc88a716,3.0,208.0,69.33333333333333,83.0,1.0,1.0,200.0,66.66666666666667,296.0,98.66666666666667,0.2921161588976949,0.1878453038674033,102.0,237.0,3.369516198766524,2.4849066497880004,0.0,10.0
A1FT1ANOGIZ5BG,fit,B001A43ELC,B0027TZPVQ,B003FOG1JW,0577bbfe7e3640895429c9b058442ae02b6f0b3c9d2b680c1ea6301ce936aab5,2.0,165.0,82.5,83.0,1.0,1.0,157.0,78.5,256.0,128.0,0.22121665223892342,0.17525773195876287,69.0,157.0,2.4526373892192144,2.197224577336219,0.0,10.0
A3HHGBT6MFH4G4,fit,B006K26D9E,B003E0Z3JQ,B0001ZYLAO,057b4d9efa7ff36100469619d9204cf2f02febb88e687a70099c8b6de7ade3e1,4.0,257.0,64.25,84.0,1.0,1.0,249.0,62.25,511.0,127.75,0.30357360015446105,0.09192200557103064,134.0,318.0,2.7083611187935244,1.791759469228055,0.25,10.0
A3JI7QRZO1QG8X,fit,B00KK62714,B00KH6F6TM,B00CEPM91M,058a58e35bbe5ea4289beb57f2495af08a5ecd800ceecedbf09095c8914b66f9,10.0,831.0,83.1,84.0,1.0,1.0,791.0,79.1,3735.0,373.5,0.08901326850387144,0.06719367588932806,339.0,791.0,2.815310072467791,1.0986122886681096,0.1,10.0
A2JFUJ4TLYXH0L,fit,B001ARQWW2,B001AO0WCG,B000PZ8E62,058e59c2ee96ae6e968d6f464420aa656a07acb5f8129cca6cb469f1b51f5330,3.0,250.0,83.33333333333333,84.0,1.0,1.0,238.0,79.33333333333333,289.0,96.33333333333333,0.257890365448505,0.24285714285714285,100.0,238.0,3.286442218916786,2.0794415416798357,0.3333333333333333,10.0
A1LT8RW2QNJGTI,fit,B001GEEQ90,B001DJ2USM,B0017TOHFW,058e9be6834894bab9ac797aa03643dce678a306276ffd8a60a0caeb1d630367,2.0,82.0,41.0,72.0,1.0,1.0,82.0,41.0,82.0,41.0,0.5435064935064935,0.3142857142857143,67.0,159.0,2.5184763012068148,2.3978952727983707,0.0,10.0
A2IBPI20UZIR0U,fit,B0082D69H0,B0052TLJEU,B0000536EW,058f3decaf56688ff7d7d516d295c7ed251f481a196e3862036d6cf3f5f7f72b,18.0,1064.0,59.111111111111114,83.0,1.0,1.0,1036.0,57.55555555555556,1873.0,104.05555555555556,0.35263236109799195,0.0734341252699784,611.0,1423.0,2.7203299817828372,1.3862943611198906,0.3888888888888889,10.0
A2Y25AJSELVPBZ,fit,B005HIH7YM,B0016ISD04,B000HJT1CW,058fb26433e93a846f7f3e105a32611b16642a6de12640eef19886d69cc1ab3f,4.0,332.0,83.0,83.0,1.0,1.0,316.0,79.0,570.0,142.5,0.19394451171378255,0.17616580310880828,136.0,316.0,2.527320366378806,1.9459101490553132,0.25,10.0
A24UNT2MKDBLI2,fit,B008NDVHTY,B000JQLNO2,B00147FGJ8,05931091a198b288d2cd87d69ed00979e52ffa90b5d385c5dd1dbbbe655995dd,5.0,307.0,61.4,83.0,1.0,1.0,299.0,59.8,368.0,73.6,0.3517505233927278,0.21656050955414013,171.0,394.0,2.608143877672764,1.6094379124341003,0.4,10.0
A2SYWCA4OJ4BFD,fit,B0008FUY0I,B001RMP7M6,B000FFI228,05998ea478f02bfd6097b1773a443c0d234d2cdeb88fd1ec1b7145183071129c,3.0,232.0,77.33333333333333,84.0,1.0,1.0,224.0,74.66666666666667,862.0,287.3333333333333,0.19825185761112532,0.049786628733997154,102.0,237.0,3.751471256606076,3.2580965380214817,0.0,10.0
A1WQF8WPN19AJG,fit,B00H8Z2LNY,B002KMXO36,B003TDZFVE,05a8ac101e11a44d18f3f0ea1a5b46a0d72a808553eabeefc7b5c8c3c87a7ac2,2.0,166.0,83.0,83.0,1.0,1.0,158.0,79.0,401.0,200.5,0.1568561872909699,0.11371237458193979,68.0,158.0,2.8156058909106827,2.197224577336219,0.0,10.0
A2H0O8QY5WZ1ZA,fit,B004FHZKOA,B0049OLZ84,B000052YM4,05aa73d48f34b6781cddf5705fdb143a58f1ff2657c499131762053669f95102,7.0,527.0,75.28571428571429,84.0,1.0,1.0,503.0,71.85714285714286,1539.0,219.85714285714286,0.20622017172324955,0.07157894736842105,236.0,555.0,3.6140903969147677,2.4849066497880004,0.0,10.0
AP55KHC7KL75B,fit,B0019LWU2K,B00142DXXE,B00016XJ4M,05ad60d87477b021d38bca57b5f451ea21ee3f15f590a9205d5b5abeb5cbbe01,2.0,115.0,57.5,84.0,1.0,1.0,111.0,55.5,507.0,253.5,0.29395496448541636,0.06483300589390963,67.0,159.0,3.6632328069201607,2.0794415416798357,0.5,10.0
A27IQHDZFQFNGG,fit,B000GCLDOO,B009T47YZ2,B00016XJ4M,05bb59da9dbce7fc1dbd72ecb9d1b6366c21432c96923ca36ca9f96b80ec6be2,4.0,219.0,54.75,84.0,1.0,1.0,211.0,52.75,758.0,189.5,0.3337199064851324,0.06483300589390963,135.0,317.0,3.4748618032092065,2.197224577336219,0.0,10.0
A1O9CRQQT0L4M3,fit,B00A6O1AP4,B00871KNBU,B000QUKAUE,05bcf5ac015179c878bd4b84b5cbcd8fecfbcf2f9d5c99337e99ee37696be314,10.0,607.0,60.7,83.0,1.0,1.0,591.0,59.1,1517.0,151.7,0.31934437301308105,0.04934687953555878,339.0,791.0,3.5177981130977587,1.791759469228055,0.2,10.0
A1PIYLFSPEU4XJ,fit,B00005B9FV,B004Y9GTOO,B0017RGCJ8,05c44adbc0687cbbba1d2aaf694e6b33172dcc0f2e09ac8f86bac2c63e7dc5cc,3.0,249.0,83.0,84.0,1.0,1.0,237.0,79.0,323.0,107.66666666666667,0.24743109574570246,0.19101123595505617,102.0,237.0,2.640995319570399,1.6094379124341003,0.3333333333333333,10.0
A3TALVCFL7Z40G,fit,B006O473S8,B004X8K93S,B004WDV2XA,05c4de542535db29f3d37962a0b001921b35f93518a76030a8eb3f075584f974,2.0,145.0,72.5,84.0,1.0,1.0,141.0,70.5,207.0,103.5,0.2677106858433377,0.18435754189944134,66.0,160.0,2.661504989569204,1.6094379124341003,0.5,10.0
A1TDNJVJWY39M6,fit,B001JKTTVQ,B005C1C02S,B002RXW5BA,05c78db250d143164d431a60f02f3f81c62566977f2f9d7672fcbb33c67e91b4,2.0,166.0,83.0,83.0,1.0,1.0,158.0,79.0,417.0,208.5,0.18227439536631737,0.0947075208913649,68.0,158.0,5.057683955785814,4.787491742782046,0.0,10.0
A26LG8XA9VRO2O,fit,B003BJJT7W,B001ECQ5CA,B0013OJUWQ,05d1f1e9b40822b0a6d34d2cacbce5e86f9163ac78e06b7e5e533bcee3a99291,2.0,113.0,56.5,83.0,1.0,1.0,109.0,54.5,261.0,130.5,0.3333817126269956,0.12830188679245283,69.0,157.0,3.668468456853809,2.772588722239781,0.0,10.0
A14ZQ68ZSCFMQI,fit,B004IM0KYM,B0021W0B0O,B006GQSS7O,05d53a73e0b3f6613bd0c9e5e6cad299e496d64122d85a581bede01781e7db4a,3.0,214.0,71.33333333333333,83.0,1.0,1.0,210.0,70.0,294.0,98.0,0.28564766217335225,0.17258883248730963,102.0,237.0,1.9526443848278197,1.6094379124341003,0.6666666666666666,10.0
A3R9HEY1NL9T0J,fit,B003I6MLN2,B009FIF1RU,B00B1MQUNC,05ddc54643db8ce6ba641fc7e3fa450e83a32c9247679848564411cee0d13511,2.0,166.0,83.0,83.0,1.0,1.0,158.0,79.0,512.0,256.0,0.11769480519480519,0.11038961038961038,68.0,158.0,1.844439727056968,1.6094379124341003,1.0,10.0
A2B4HKY2633P6A,fit,B007HKOVIS,B004FMFD0Q,B001MA5RKK,05de0620d6ffdf44685711028542fb4acbf8b4c07e2f8a523c064d150b6dd610,2.0,151.0,75.5,83.0,1.0,1.0,147.0,73.5,330.0,165.0,0.22409909909909909,0.11486486486486487,68.0,158.0,2.0036665926162356,1.6094379124341003,0.5,10.0
A1YWLUIUGFSFWM,fit,B003XFKACM,B001TI8XBU,B003VI0HVA,05df609d8cca8fa1c1cfa98dad028326f32cacdc9a09c6fdefeca94cc529160c,3.0,237.0,79.0,84.0,1.0,1.0,233.0,77.66666666666667,376.0,125.33333333333333,0.24599905303030303,0.12890625,100.0,239.0,3.1706417831989846,2.5649493574615367,0.0,10.0
A26NEQQB56XQFS,fit,B00373DIYM,B001HKR6WM,B004DIXYWG,05e2bad0a02beb83c516b60011df2fe576a3fa96c3d90e66e8d07879329391d8,3.0,244.0,81.33333333333333,83.0,1.0,1.0,238.0,79.33333333333333,409.0,136.33333333333334,0.23613628445928922,0.12056737588652482,101.0,238.0,3.811582561302068,2.0794415416798357,0.3333333333333333,10.0
ADW9M86DQAPXT,fit,B000A3ZMLO,B001SXPSD2,B000GI3U6C,05e3b179cd1e6bf7c0d858a82942889d251cb570f03fc827c764047702e0c818,3.0,236.0,78.66666666666667,83.0,1.0,1.0,228.0,76.0,359.0,119.66666666666667,0.23719086296726047,0.17346938775510204,102.0,237.0,2.1522565518573877,1.9459101490553132,0.6666666666666666,10.0
A1KB5EK9P0CPR6,fit,B007NTYUGG,B004OHQR1Q,B007BLN17K,05f4db8e27f9a36b9e8a156893ce3574eccfc499a15abb90ba41febce8d27a6a,3.0,153.0,51.0,67.0,1.0,1.0,153.0,51.0,153.0,51.0,0.4061705978844958,0.33,101.0,238.0,4.683340419251187,2.833213344056216,0.0,10.0
AN9EWQN1LGMY7,fit,B003M6AS4C,B002QFQVC8,B004FMBU80,05f8e1f686604491a768daf1d26f4cdad59c935ccdeec0714173ffb36304a3f5,20.0,1396.0,69.8,84.0,1.0,1.0,1336.0,66.8,2536.0,126.8,0.275823662140297,0.10509554140127389,676.0,1582.0,2.2856220705115478,1.3862943611198906,0.5,10.0
A27UMMCO3AEJ3C,fit,B002RXW5BA,B00D76IRXQ,B0068YCFUA,05fe95249c405ee726ae6aa5a39aacba61f21bf99a05ca9301abb331d232901e,2.0,102.0,51.0,83.0,1.0,1.0,98.0,49.0,160.0,80.0,0.4178975741239892,0.19428571428571428,68.0,158.0,2.418140953475739,1.791759469228055,0.5,10.0
A2NRNWI20NPTIV,fit,B000W0YAOA,B000L9FBTA,B000V04ZLE,06058421ddb22be5ec5feaffc137ddef1553f646b78c759ae81c6a201144a8b2,2.0,67.0,33.5,38.0,1.0,1.0,67.0,33.5,67.0,33.5,0.5022356360384529,0.4647887323943662,67.0,159.0,2.2154083994216567,1.791759469228055,0.5,10.0
A2CB5CJZKISZXI,fit,B0052G15UG,B009GMYMQ6,B004LEJ8R2,060d9918212f16c6fd36179e3c49ae5db3b674fc0e069ab60ab5af98df378e55,6.0,416.0,69.33333333333333,83.0,1.0,1.0,400.0,66.66666666666667,599.0,99.83333333333333,0.2918984150629714,0.17,204.0,474.0,2.6699054427913693,2.0794415416798357,0.16666666666666666,10.0
AYME4A1G61L71,fit,B008BJ4SR8,B00E7M0OTE,B00A76CPUA,0612091ef730912d66f0eb61a3f06acf9c3c34ed9d4d94232303ac05d1d71725,3.0,204.0,68.0,84.0,1.0,1.0,196.0,65.33333333333333,368.0,122.66666666666667,0.27262523635844654,0.15668202764976957,101.0,238.0,3.0423195876790436,2.0794415416798357,0.3333333333333333,10.0
AIZXU4MFCXNUN,fit,B002UQN0J0,B0017DQ0U8,B003POGRLO,0617abeaec78e3b898833228fd73684319b1892362521045ddf54113c0a783e5,2.0,128.0,64.0,83.0,1.0,1.0,124.0,62.0,162.0,81.0,0.32777265487467516,0.2251655629139073,68.0,158.0,1.791759469228055,1.791759469228055,1.0,10.0
A3SZQ16LAEA7VF,fit,B003J48F3I,B0038NX4AY,B00027CDYM,0619c04a4c6e76d90996a10886cbf755d44abb40d673633ffe26844fe4d88365,8.0,563.0,70.375,83.0,1.0,1.0,547.0,68.375,809.0,101.125,0.29858737846623207,0.1297709923664122,270.0,633.0,3.632707012756987,2.833213344056216,0.0,10.0
A3NMZWBNVKTZGN,fit,B004DIXYWG,B004DIUWAI,B003QUONE0,061fc20367bafb6df503f318b766ef24d22dd52514740440b0ab4f1cde224c4d,2.0,127.0,63.5,71.0,1.0,1.0,127.0,63.5,127.0,63.5,0.35079365079365077,0.3238095238095238,68.0,158.0,3.6697688477038373,2.995732273553991,0.0,10.0
AI5CX6Y1WT21V,fit,B0064X6DC6,B004Z40048,B001KYO08S,0627f1c9b3ec4f148fd2a4ad3c5c4626fd901ab4fc0c709de81b4b66baa54f77,5.0,382.0,76.4,84.0,1.0,1.0,366.0,73.2,687.0,137.4,0.2501144481228317,0.09798270893371758,171.0,394.0,3.163752392257213,1.791759469228055,0.2,10.0
A30ZWN9BCMHJRK,fit,B00DAYGJVW,B00538TSMU,B003ODETES,06298b373e099d91dd044cc11db207fb7af836ea5a97001aefef618c2fdf012a,4.0,233.0,58.25,83.0,1.0,1.0,229.0,57.25,283.0,70.75,0.3570667073952582,0.20359281437125748,136.0,316.0,4.334912448453701,2.0794415416798357,0.25,10.0
A3TN51H20V00RQ,fit,B001CM1XX8,B0016836RY,B000EMWHD2,062bd404fa92d931ea3d3af76ff5e9a70d42ac0961ad5d6a0b43951bfaf92adc,6.0,449.0,74.83333333333333,84.0,1.0,1.0,433.0,72.16666666666667,671.0,111.83333333333333,0.2557293480999485,0.17,201.0,476.0,2.5118544325736747,1.6094379124341003,0.16666666666666666,10.0
A2RFTPD24JTKQ3,fit,B0013CSGBE,B000LNWUIG,B000052XZP,06350668623b9a61107cce1c32eabbd94f00d3749d37c1ea5ddeb25b7dc30673,5.0,320.0,64.0,84.0,1.0,1.0,308.0,61.6,350.0,70.0,0.3645550709283607,0.25,167.0,397.0,2.633959286127792,2.0794415416798357,0.4,10.0
A2YMOT6X7KC4AJ,fit,B004Z40048,B009T47YZ2,B0094DH1RE,063701d5f5888a41720456605701032fe2a2d098dd50b449ed124bf6aa7455af,2.0,114.0,57.0,83.0,1.0,1.0,110.0,55.0,234.0,117.0,0.33326841934436874,0.14345991561181434,68.0,158.0,3.3391710573271656,2.70805020110221,0.0,10.0
A3M6UYWCRJOGK9,fit,B00028LN1K,B002D48QRA,B000N7BARW,063d799eadb571c762042430a66d6e9c6835fefd9001d0e6def44e243c385c95,2.0,103.0,51.5,52.0,1.0,1.0,103.0,51.5,103.0,51.5,0.39767441860465114,0.3953488372093023,68.0,158.0,2.445174564110877,1.9459101490553132,0.5,10.0
A1LB9UTGNXYEV3,fit,B002MWXQP0,B001CJJ5XG,B00124CQUA,0645bd01c10ad27c79db9438ea9257bf7f719dd99e948f81a469f2f424363f14,3.0,240.0,80.0,83.0,1.0,1.0,232.0,77.33333333333333,260.0,86.66666666666667,0.28351560824679106,0.26153846153846155,102.0,237.0,2.376432516309791,2.0794415416798357,0.3333333333333333,10.0
A262OFS18KH8YO,fit,B002PBESOQ,B000U4WNC4,B000P6BRHY,064a8a8ded16ca21f5e7965d87a8711f19731027f3e151cbf2857ac34b943932,2.0,92.0,46.0,50.0,1.0,1.0,92.0,46.0,92.0,46.0,0.42606516290726815,0.40476190476190477,68.0,158.0,3.0742341479588235,2.5649493574615367,0.0,10.0
A2ODAES86NKI0N,fit,B003DS0B7I,B000TKH6G2,B006X1KROY,064add4208997e82d1f649394655f46c544a358df11e0589ee5af5028fc37850,3.0,231.0,77.0,84.0,1.0,1.0,223.0,74.33333333333333,469.0,156.33333333333334,0.23733785310415403,0.10028653295128939,102.0,237.0,3.599586305728735,2.197224577336219,0.0,10.0
A2OJBW3MHZIXMK,fit,B005OZJYUS,B005OZGDO8,B000PHRIQM,0652a78bfa7fe09b4b3dba0b12230cce6fd2f0d1faf01958b62ca2611ea76e65,4.0,324.0,81.0,83.0,1.0,1.0,315.0,78.75,336.0,84.0,0.2872434331199354,0.2677165354330709,135.0,317.0,3.3487228005211076,2.3025850929940455,0.0,10.0
A24JRVJFYYXKPS,fit,B0000CC64W,B006T8BXGW,B001ET76EY,0653f21334e2685b66497035407fb8f151c6e9dd35585c485a486f8a138f646c,4.0,215.0,53.75,83.0,1.0,1.0,207.0,51.75,235.0,58.75,0.4270813313587831,0.26356589147286824,136.0,316.0,2.66839894355805,1.6094379124341003,0.5,10.0
A5JZ810WGNYFV,fit,B00ANTYSY2,B006IBM21K,B00B8UIQU2,0666ab1c2a8e8f87d2b7329357b4ab9b6a0fa0bc51055366bb4e4033fd7ddbbb,2.0,166.0,83.0,83.0,1.0,1.0,158.0,79.0,176.0,88.0,0.27876344086021504,0.27419354838709675,68.0,158.0,3.0019435335532694,1.6094379124341003,0.5,10.0
A35SASAGCSBSTH,fit,B000XJ92E8,B00013YYS0,B0000535RA,06683ea05075bf6a9252a46e79fc888b9e8ebbbd765c52b1174bd4f6be335a7c,4.0,289.0,72.25,83.0,1.0,1.0,281.0,70.25,346.0,86.5,0.29528230179402293,0.2222222222222222,136.0,316.0,2.4313890860108662,1.0986122886681096,0.5,10.0
A2D0UKJQZLXFYH,fit,B00387F42G,B00027DMJW,B005I2MP62,066860404f77fe2549b7de262d53fe5ede6ae9d10497f156ac5a2c60267d373c,2.0,164.0,82.0,83.0,1.0,1.0,156.0,78.0,448.0,224.0,0.14263820470717023,0.10793650793650794,70.0,156.0,3.208366141256163,2.4849066497880004,0.0,10.0
A2DWKT55XRGNCZ,fit,B001MP0T2Q,B00005CDSP,B005L4ULCC,066ca1d3070570d80bd774329166915505e1d82ef653cb4b47c33cffe8dc56bf,3.0,191.0,63.666666666666664,83.0,1.0,1.0,183.0,61.0,340.0,113.33333333333333,0.32782106047918363,0.13076923076923078,102.0,237.0,3.0571998478865843,1.6094379124341003,0.3333333333333333,10.0
ADQ8JRD3RBHEA,fit,B0036F0KLA,B0002FCD5I,B0038TVHGG,066f72109838ca0a85e7a5c89961ad18bc72045028591e772c2515b61c2a6eec,4.0,230.0,57.5,83.0,1.0,1.0,222.0,55.5,348.0,87.0,0.36925208279374944,0.15865384615384615,136.0,315.0,3.011616778754988,2.0794415416798357,0.25,10.0
A7135RV6M5BAH,fit,B001TOSNSC,B000HRVC5I,B004DGK4C6,067299df64183b4862b114788379032e96e2e4e8814d34905e1e41078303871d,3.0,234.0,78.0,83.0,1.0,1.0,230.0,76.66666666666667,359.0,119.66666666666667,0.2538723296299054,0.14049586776859505,102.0,237.0,3.8112291444859907,1.791759469228055,0.3333333333333333,10.0
A3NWN21HH5CEWZ,fit,B001JQLNFA,B000V1BDIG,B0018S8MZ8,06749e5917e0921407e8b6ad5929f22bc3f75c807074731fbbe18e527af65a06,2.0,166.0,83.0,83.0,1.0,1.0,158.0,79.0,1356.0,678.0,0.0477868384845129,0.046511627906976744,68.0,158.0,4.03514044669695,3.6635616461296463,0.0,10.0
A3BN8XPSD4KNDU,fit,B005SJSQIG,B001R5Z7CS,B0046DZQDS,06759af05f79d18512e91e0e14dfd1c32e496d97b5f10f249c2fd7295eb1f799,2.0,150.0,75.0,83.0,1.0,1.0,146.0,73.0,188.0,94.0,0.277994251038007,0.21935483870967742,68.0,158.0,2.612873336856601,1.791759469228055,0.5,10.0
AXSIOCO20241C,fit,B007867TQW,B0036I8BPE,B002IT3KD0,0678e46ad8e15a5469bd635b19a341cc31292249c73f7b8a86fcb11459e90223,2.0,167.0,83.5,84.0,1.0,1.0,159.0,79.5,243.0,121.5,0.21820051198119939,0.1952662721893491,67.0,159.0,3.4078199950371655,3.1780538303479453,0.0,10.0
A2M4OR6ZBH7LNU,fit,B00683JILU,B0058RFU5A,B001B488WG,06809dee9dddfbd274055c21fff6e37aa726a330508a2e62e09179dfabca9fe8,3.0,162.0,54.0,83.0,1.0,1.0,158.0,52.666666666666664,265.0,88.33333333333333,0.37627148679780253,0.15454545454545454,102.0,237.0,3.1789207575812983,1.791759469228055,0.3333333333333333,10.0
AYEV0B24NG14H,fit,B002XQ1YT0,B004T19PBG,B0009RFAOK,068158eea1a72309589d50c3a287191c5ac77d2301ade37cc9ce95f378991858,4.0,166.0,41.5,55.0,1.0,1.0,166.0,41.5,166.0,41.5,0.4609500423570194,0.38202247191011235,136.0,316.0,2.159188106618469,1.6094379124341003,0.75,10.0
A2RMWJEGN2G5XV,fit,B0034CM18U,B001E96L2W,B000H9C1UG,0683a651443009288a435e33c9f8f7f3b97a3ae68ee78acbc2343e1ad9f68c33,3.0,250.0,83.33333333333333,84.0,1.0,1.0,238.0,79.33333333333333,369.0,123.0,0.21489235096830037,0.21153846153846154,101.0,238.0,2.4910230293440656,2.0794415416798357,0.3333333333333333,10.0
A2ZOYAAID3ZQAS,fit,B002MJG5T2,B002LFLPEC,B001EO5WWW,0687d6571e47abb8a3eba3ed2d3a711f0d98da892324fc2db07cb2298ba73446,5.0,382.0,76.4,85.0,1.0,1.0,366.0,73.2,1320.0,264.0,0.20975875686473736,0.04106280193236715,168.0,397.0,2.600025588904331,1.6094379124341003,0.6,10.0
ALCHVSBWBFFJZ,fit,B001MIZMN4,B000H6P7HS,B000PKZG22,06987cff9749095e8966b03c3fbd36d720368e5e8a6ffb6b70a141e8df858eb1,3.0,245.0,81.66666666666667,83.0,1.0,1.0,237.0,79.0,266.0,88.66666666666667,0.2784041926955791,0.2556390977443609,102.0,237.0,2.219764639894546,1.791759469228055,0.3333333333333333,10.0
A2KWQ64TRHB3YH,fit,B00I6CRX04,B00GUTLC0C,B007RTR8UM,069be500b2aced44404af9bbde281e3ba62d4e7fbb99b15cd25262358faceb18,13.0,377.0,29.0,83.0,1.0,1.0,373.0,28.692307692307693,702.0,54.0,0.5651669603823838,0.07692307692307693,449.0,1020.0,4.189595200084721,3.5553480614894135,0.0,10.0
A1FFZE5LUPQ3SE,fit,B005OZC2MU,B005P02U8A,B005OZH88I,069db5e8f4e064f816dbaf4acecc6471ea10afba10aeb706ecd1f574af29176f,3.0,195.0,65.0,78.0,1.0,1.0,195.0,65.0,195.0,65.0,0.3425960637300844,0.2909090909090909,100.0,238.0,2.899838249403397,2.0794415416798357,0.3333333333333333,10.0
A33VMF6NERLK3E,fit,B005IXG9Y0,B005G5DTZC,B004SXTF38,06a0dd3b513b4b1034f009b7d94d0f049fdf58e67ecb8d41c52aa68b75194c04,2.0,147.0,73.5,83.0,1.0,1.0,143.0,71.5,186.0,93.0,0.28244374672946104,0.21794871794871795,68.0,158.0,2.80473589759248,2.5649493574615367,0.0,10.0
AH0I3RHVQZ0NK,fit,B0046DZQDS,B000052YJM,B002B4GGUG,06a55480b9dc059274e312c77e5a29b85259769e538f4d74bd426f97b837a661,3.0,159.0,53.0,57.0,1.0,1.0,159.0,53.0,159.0,53.0,0.38678451440788364,0.37209302325581395,100.0,239.0,3.84345745952465,3.6888794541139363,0.0,10.0
A3R150AWJ975FU,fit,B004VMGTY4,B000MVC1CW,B0026P3GVW,06a8e1530b155818c8d2476b27a0b2cae9716b57d6cfda47b22f7e465a05ac00,3.0,126.0,42.0,78.0,1.0,1.0,126.0,42.0,126.0,42.0,0.4924603174603175,0.30357142857142855,102.0,237.0,2.787547477189213,2.4849066497880004,0.0,10.0
A2I4LIDZXUTRI7,fit,B0046VGIRI,B002S8PU02,B001Q88FO8,06ba990b3faee6452bb8c81be723057c5212d8550fdddf849c846d62a15279e3,2.0,148.0,74.0,83.0,1.0,1.0,144.0,72.0,151.0,75.5,0.3133838383838384,0.2833333333333333,68.0,158.0,3.545038417888046,2.995732273553991,0.0,10.0
A1PH0X4J3TODO9,fit,B008ZFHV5Y,B002D48QRA,B000NWGCZ2,06bd16e2f50c7d2abb7685fa19662cb516906975014cbb839cc359770d2fec77,6.0,366.0,61.0,83.0,1.0,1.0,358.0,59.666666666666664,498.0,83.0,0.33583484877479153,0.1596244131455399,204.0,474.0,3.4532576611333994,0.6931471805599453,0.16666666666666666,10.0
A3PVXFFYHK97TL,fit,B006L6A10G,B006L6A06Q,B0015347LY,06c590e54e36d6feb9193ce7cdaa3ada0d7378db40ab386c6f6d78f3dec8d24f,11.0,712.0,64.72727272727273,83.0,1.0,1.0,696.0,63.27272727272727,1306.0,118.72727272727273,0.3204991708520202,0.08018867924528301,375.0,867.0,2.776638839476155,1.791759469228055,0.18181818181818182,10.0
A1WSGPYSE90YFV,fit,B00016XJ4M,B002LIXTFC,B000FGDIAS,06c6e30ebbf4df141c9f2fb9f506a0931c72fd461095526e758af76be4df8037,2.0,123.0,61.5,84.0,1.0,1.0,119.0,59.5,240.0,120.0,0.30338953284158765,0.14102564102564102,67.0,159.0,3.020127355638707,2.70805020110221,0.0,10.0
A1UH8RMD57P34Y,fit,B009G0E90M,B009ZRFJFA,B0052BHMOO,06d6ffd3e085e39b349b350fe47b216dd19f07ad14bda627c3ae602b4ec8b7c1,7.0,453.0,64.71428571428571,83.0,1.0,1.0,437.0,62.42857142857143,864.0,123.42857142857143,0.3293738769234063,0.08436724565756824,239.0,552.0,4.107213981135049,3.1780538303479453,0.0,10.0
A3JHG5UL1HJNFW,fit,B000V26BQY,B002RW9C3A,B003MJ7Z0O,06dc9e86b0c0f931baef8bacbb4101471281b11fcf4f7b0cc4a2461b9ece3c29,3.0,203.0,67.66666666666667,83.0,1.0,1.0,195.0,65.0,440.0,146.66666666666666,0.25786137438813256,0.12639405204460966,102.0,237.0,3.1960762374380374,1.791759469228055,0.3333333333333333,10.0
A3DH53FPYSP9E,fit,B006L2137A,B003M6AS4C,B001U0ONNY,06df1a4597195eec8d1e47f3b1f752e29ea05c8b2d20decab2df0f94a996a3ac,3.0,134.0,44.666666666666664,83.0,1.0,1.0,130.0,43.333333333333336,239.0,79.66666666666667,0.4437130338769683,0.15315315315315314,107.0,232.0,3.3193252459400657,2.3025850929940455,0.0,10.0
AF0YIBMQI9KNQ,fit,B006WVCF18,B0018DAUKI,B000Y038CS,06e4c14516d4329a8078528edc319eb5de0793c77e4c76a2071c6df269f3ca90,3.0,149.0,49.666666666666664,83.0,1.0,1.0,145.0,48.333333333333336,231.0,77.0,0.41311152384813377,0.1708542713567839,102.0,237.0,3.300628757056385,2.5649493574615367,0.0,10.0
A1V4VVBQBFXRHC,fit,B009HKAWFC,B000CNTT9I,B000C233LO,06e6f5e9cde6918794faff6b0de526a84a6d6cf236b3ee35c408f668eac4028f,3.0,233.0,77.66666666666667,83.0,1.0,1.0,225.0,75.0,444.0,148.0,0.21554190266308626,0.13307984790874525,102.0,237.0,2.8209827255212807,2.0794415416798357,0.3333333333333333,10.0
A18K5RTT7D8T1S,fit,B00008ZPG9,B008U12YV4,B004X8HB7A,06eb6747fe3839a2c3d0643ce3beb77de62f3a960f469844c0aaf91b27cc0ac6,5.0,363.0,72.6,83.0,1.0,1.0,351.0,70.2,660.0,132.0,0.2562614247545755,0.11486486486486487,169.0,396.0,2.5281416261876233,1.791759469228055,0.4,10.0
A1AH5OY2IETJ7R,fit,B005YB36O2,B00686R4QI,B003KZBI30,06f374d7ce958093f7dabead036ba50ce0a385c725608fa61696864455b93481,2.0,166.0,83.0,83.0,1.0,1.0,158.0,79.0,249.0,124.5,0.21468408891721774,0.2085889570552147,68.0,158.0,2.282174095733918,1.791759469228055,0.5,10.0
A3G7H4SFOOP044,fit,B001H270RQ,B0002Z8HAI,B000CQPRBE,06f514e91f6732b6ff2db2bdeb91603aeb323d85f025d058929bd778f63a3238,4.0,236.0,59.0,83.0,1.0,1.0,232.0,58.0,254.0,63.5,0.3809528808801582,0.2518518518518518,136.0,316.0,3.18927289656002,1.791759469228055,0.25,10.0
A2YZQBRB8PHZ2V,fit,B004SSFE8S,B004KATCFK,B000142FVW,06f70ea34376e343d6c5b17a5c3bf24f63547fc66b0bfbe201e619b19b741317,4.0,215.0,53.75,83.0,1.0,1.0,211.0,52.75,256.0,64.0,0.4053381699662413,0.21518987341772153,138.0,314.0,4.391062809174697,2.772588722239781,0.0,10.0
A3TI71P0GOIPJS,fit,B003AQGX1Q,B0026J10CU,B001RMP7M6,06f7276d45debd60918d57e2d3604c7d2bc8755a5d7509b56f094f1132773ea5,4.0,269.0,67.25,83.0,1.0,1.0,261.0,65.25,1510.0,377.5,0.2296666980414738,0.04342273307790549,137.0,315.0,4.156553478281517,2.5649493574615367,0.0,10.0
A4FFK8M1P0Y9,fit,B001C60YA2,B004BYNLIO,B002B2L2JI,06fb3471dd28df380f5a79dcee41f083c178db0192371225acdea847bc19d550,2.0,164.0,82.0,83.0,1.0,1.0,156.0,78.0,214.0,107.0,0.2519315255264354,0.2111801242236025,70.0,156.0,2.543798167616192,2.197224577336219,0.0,10.0
A28S4Y24YZYVPB,fit,B005OZF1S2,B003UH0528,B0033AYPXC,070193fb1f0e57657e97c992be227b70340e736d50891ab4d428508c9021ec8c,2.0,159.0,79.5,83.0,1.0,1.0,155.0,77.5,197.0,98.5,0.25851900393184796,0.21428571428571427,66.0,159.0,4.001514333192366,3.2580965380214817,0.0,10.0
A3OEJ6N10O4GMP,fit,B001TMXAR8,B003TPTGDK,B002RGRJC2,0702fcb0501401a0c6235cd7e2f941f9da2abaac8cd93b9776aaf67f28437666,5.0,330.0,66.0,84.0,1.0,1.0,321.0,64.2,438.0,87.6,0.3212107329636441,0.18435754189944134,169.0,396.0,2.7586683266386425,1.9459101490553132,0.2,10.0
A1YTIGPH3FBZLS,fit,B002S8RWYY,B0018DAUKI,B000JVA80C,070a11d1cc634ee818b6a3503478c44b65fa07d59d56269d55a6b8cb42630770,6.0,315.0,52.5,83.0,1.0,1.0,307.0,51.166666666666664,481.0,80.16666666666667,0.39803800491575064,0.1691542288557214,204.0,474.0,3.621474929617895,2.6390573296152584,0.0,10.0
A1P3FAMMFT561T,fit,B000TBW0NA,B000142C1A,B000BB9L0S,07106a68d6176797b1ef0f1d6a7e5d2fe800c6950db36d1d5d1877bc243d8cb4,5.0,322.0,64.4,83.0,1.0,1.0,318.0,63.6,418.0,83.6,0.3337440951626062,0.1596244131455399,170.0,395.0,3.5343974898197486,2.5649493574615367,0.0,10.0
A3PIYZ4PWODOWP,fit,B003AG35US,B000ZOFUOC,B0050QM0PM,0713b00ddc55e47ae1d55417059084db655ef97665c0b7c4680b7746e26e815b,2.0,109.0,54.5,83.0,1.0,1.0,105.0,52.5,150.0,75.0,0.3909282700421941,0.21518987341772153,68.0,158.0,1.8920948169591307,1.3862943611198906,0.5,10.0
AEA9MHUVHG19C,fit,B00AEU3E3G,B007AU0FXA,B00D5MQHCK,0717eb89f29b176862c3ef93044363a5f4818f6b11ef9073f00eba01cce98c3a,4.0,262.0,65.5,83.0,1.0,1.0,254.0,63.5,707.0,176.75,0.25912045720879723,0.08478802992518704,136.0,316.0,2.528031604411864,1.9459101490553132,0.25,10.0
A2O4HSV2VYPHMB,fit,B004TSF8R4,B0039Z7L5A,B00B1M0XCG,0718b2cca206d1b6db3f328957bad448b22f79d0cc5bc830db8494bb06798cc8,4.0,320.0,80.0,83.0,1.0,1.0,308.0,77.0,630.0,157.5,0.19756028676155635,0.14049586776859505,136.0,316.0,3.366847232475896,1.9459101490553132,0.25,10.0
A1ZA5SXZS8Z3CK,fit,B0012RSXNG,B000C1W6P4,B001ECQ4PS,071c0802bd153e88aff671f98210dfd57f9a189b21636e54e25bd87386a12a00,4.0,266.0,66.5,84.0,1.0,1.0,254.0,63.5,417.0,104.25,0.3259539556681716,0.18478260869565216,137.0,315.0,2.7925383565501214,1.6094379124341003,0.25,10.0
A31JVSRC5UW163,fit,B004WDV2XA,B001F51TR2,B005HIH67A,072bb10a8bea48b45eacdf684eeff5fcf15be6eca4a6c31bb5279c03aada5186,4.0,274.0,68.5,83.0,1.0,1.0,270.0,67.5,294.0,73.5,0.3204503890270314,0.24817518248175183,134.0,317.0,2.7204346211332635,2.3978952727983707,0.0,10.0
A1UQBFCERIP7VJ,fit,B00IIB82FS,B00KTLBEEQ,B00HM6K6XQ,072f09e39cc2a496c3971f22b2742529cf1905f5f16fee00eeef7d93a98356b0,20.0,1501.0,75.05,84.0,1.0,1.0,1433.0,71.65,5817.0,290.85,0.17715899350414327,0.06759443339960239,678.0,1581.0,2.430135887439278,0.6931471805599453,0.55,10.0
A3LIN7EQRJ03SX,fit,B002MZ8BK2,B0078VJ1OK,B002SIF4Z8,0731d6d48646e3b0cac0f6e5868639206354c5fcdc202e8a1ec2e1f67854bc15,4.0,306.0,76.5,83.0,1.0,1.0,294.0,73.5,671.0,167.75,0.22530372572412682,0.08900523560209424,135.0,316.0,3.6439512603324618,2.3978952727983707,0.0,10.0
AQG80SOFS0C58,fit,B00152TXDM,B003GU09PC,B007L0CBZO,0732622c1c2f00486ee45ab6829e4b2deeb2b37573e7c5d8e43c214b516aad03,2.0,110.0,55.0,83.0,1.0,1.0,106.0,53.0,296.0,148.0,0.33479413515122003,0.11221122112211221,68.0,158.0,2.470821211304652,1.9459101490553132,0.5,10.0
AE9REHKQNV8IF,fit,B00AZBSPQA,B007BLN17K,B003ZWX6TM,07376f3d89797488b99f418faa373cf9329e1c2bbdd10f1d4e59c5b332befff7,2.0,80.0,40.0,43.0,1.0,1.0,80.0,40.0,80.0,40.0,0.4602158404975306,0.44155844155844154,68.0,158.0,3.8029450005265604,2.3025850929940455,0.0,10.0
APWKWMJGTFNSM,fit,B003COAFPQ,B002RXK1UC,B00150LT40,073a6f67b601bd11496037af06cd13d7646e47ca84552ab6fd182650a3f7a8a8,6.0,366.0,61.0,83.0,1.0,1.0,354.0,59.0,1118.0,186.33333333333334,0.3037836681680826,0.07906976744186046,205.0,472.0,4.067614970984898,2.8903717578961645,0.0,10.0
A1AZ8YJTM7JRHL,fit,B00152S1IK,B0009OAHEQ,B000GIL12C,073c05cb5c02365797d8f33e83a9fa8ee90a8827f48a835a694d84319f00e4d5,7.0,555.0,79.28571428571429,83.0,1.0,1.0,531.0,75.85714285714286,933.0,133.28571428571428,0.21592021050510662,0.1691542288557214,238.0,553.0,2.332078616322115,1.6094379124341003,0.42857142857142855,10.0
AY20S8XS9799P,fit,B0068G8EZ8,B00A0IWSIO,B004D268RA,0745e4a5547daa804fe60b9b287a623267f9b55a3067842245c3b296972914a4,5.0,167.0,33.4,82.0,1.0,1.0,163.0,32.6,829.0,165.8,0.5052380113309944,0.044929396662387676,171.0,394.0,4.359939057540638,3.988984046564274,0.0,10.0
A30K1B4HZ6HQ47,fit,B003LNCFPG,B001S3I57S,B00375L8JC,074ec1e0ebc157caa54654e52452a7e4c7e98093c9d811a0a821862d8724a1cf,2.0,85.0,42.5,77.0,1.0,1.0,85.0,42.5,85.0,42.5,0.552439024390244,0.3,66.0,160.0,2.197224577336219,2.197224577336219,0.0,10.0
AYPIF2S8P3RZT,fit,B00AZSNW3E,B001U0OQL8,B000F8JUJY,074edc65ea72bb13f27befbd4d88fa882adba133e93e314d819d528ba325cc2d,12.0,732.0,61.0,83.0,1.0,1.0,704.0,58.666666666666664,1705.0,142.08333333333334,0.32189602441058257,0.06786427145708583,411.0,944.0,4.402660747712763,2.8903717578961645,0.0,10.0
A1A4R41718418D,fit,B000P276WS,B0009OAI7C,B0009OAHQY,0754279ca3e4c46bdd8d4c673c805c0691eae41359c6c458f8b433800bb5c6aa,2.0,133.0,66.5,71.0,1.0,1.0,133.0,66.5,133.0,66.5,0.33898809523809526,0.3238095238095238,68.0,158.0,2.1910133173369406,2.0794415416798357,0.5,10.0
A1ENHEOJ2XZW92,fit,B00GCQMSVA,B000XVEZFC,B000WNLFBI,075dc2eaf73fc43e9559231f395f1ed5975dead092900d00390754c64aa1a622,8.0,579.0,72.375,84.0,1.0,1.0,555.0,69.375,800.0,100.0,0.28956832772749497,0.16923076923076924,270.0,634.0,2.9875542193737386,1.791759469228055,0.125,10.0
A26ANT7EUKSJR1,fit,B0002VJIH8,B000TUFLIC,B0009JQFF6,07633f4338b9fadf61ebf0490ab4ae8c613ffea62551691e8881a02dfeae59be,4.0,262.0,65.5,83.0,1.0,1.0,254.0,63.5,503.0,125.75,0.28261630910290025,0.12056737588652482,136.0,316.0,2.6066839240751687,1.6094379124341003,0.5,10.0
A3HSFWAJGSSVZS,fit,B0047F70B6,B001B1831U,B002BWOXXK,076b2455d1377475e58f0e11696505589d3e83800d8ac0fe973e2db1773792d4,2.0,167.0,83.5,84.0,1.0,1.0,159.0,79.5,223.0,111.5,0.230281007751938,0.2125,66.0,159.0,3.1883634739493134,3.044522437723423,0.0,10.0
AIGFRBT22IGJ0,fit,B000PHUKEE,B00080DK86,B00016XJ4M,076bf20d655213f79826299863249a86e5152e07abe578064a78822adb8c1abd,2.0,167.0,83.5,84.0,1.0,1.0,159.0,79.5,574.0,287.0,0.1612043817348336,0.06483300589390963,67.0,159.0,4.009806397200133,2.772588722239781,0.0,10.0
A1P6A0J8IXJI34,fit,B005K1UULI,B00150LT40,B000AA5VZY,076c543a8ad19fb9a26d24f9b37851a3b6971981205db385e0b50fe82d5f99ad,3.0,167.0,55.666666666666664,69.0,1.0,1.0,167.0,55.666666666666664,167.0,55.666666666666664,0.380975154289358,0.3235294117647059,101.0,237.0,4.2815456387732755,3.4657359027997265,0.0,10.0
AN7QQ1EEAB97I,fit,B000WBBK7Y,B000142FVW,B000C1W5LE,076c9f95c9b9a04fabbe5517facdaf5af0e89217c414cffa84fcacae9b07aef1,2.0,156.0,78.0,83.0,1.0,1.0,152.0,76.0,191.0,95.5,0.27072060993605507,0.2236842105263158,68.0,158.0,3.60207464601797,1.6094379124341003,0.5,10.0
A341QWXPD8RXYR,fit,B00B6K5X32,B005BEF5EQ,B004WO9EDY,076fee500f9e08133b9e57e6852fefc2f48e700917260f3125fd8784b004fd7e,3.0,250.0,83.33333333333333,84.0,1.0,1.0,238.0,79.33333333333333,378.0,126.0,0.2196348947020296,0.16019417475728157,101.0,238.0,1.8141392368405977,1.0986122886681096,0.6666666666666666,10.0
A3963R7EPE3A7E,fit,B008098AVO,B00A99XF0Y,B00008BNZ4,0772c76234e07492b889a595cccca89aa20bd961a0e6a8494a98fcb2750f369a,8.0,428.0,53.5,83.0,1.0,1.0,416.0,52.0,1135.0,141.875,0.38690924342710054,0.04625850340136054,273.0,631.0,3.3473907259317466,1.791759469228055,0.25,10.0
A2RGYK8AJ09TJT,fit,B006CD6616,B005BF1M10,B001CE6T76,07785b7234308838c71747cdcf7e435078a202a0a53824733503c49d9cad226d,5.0,399.0,79.8,83.0,1.0,1.0,383.0,76.6,577.0,115.4,0.24617665785338483,0.1574074074074074,170.0,395.0,3.698054607150212,2.5649493574615367,0.0,10.0
A2KLQEVTMQAZNQ,fit,B00329U5LK,B00329L8TS,B006ZAPMT8,077c40e7656acb925b215578a171e3de1b5b99eb8ede7864aa00e2d49e3324ea,2.0,127.0,63.5,83.0,1.0,1.0,123.0,61.5,567.0,283.5,0.24846936426828709,0.06104129263913824,68.0,158.0,3.4853650390717625,2.70805020110221,0.0,10.0
A1T88KMMC127WA,fit,B00DQ2ILQY,B007BLN17K,B004Z40048,07822ced3b0dbb2a4b1d9bc658ef31f7a73c4f7575ad1d9b34a5dd658e5750fd,2.0,120.0,60.0,83.0,1.0,1.0,116.0,58.0,350.0,175.0,0.28842797418516863,0.09798270893371758,68.0,158.0,5.176580457654307,5.049856007249537,0.0,10.0
A3IE9F9PFLNUYN,fit,B004VSN3ME,B004KKIB5M,B0047F70B6,07827c2e5af339881cdfc0ab64b29166d1fd7a45b73a1e612e49ae2115884372,2.0,115.0,57.5,83.0,1.0,1.0,111.0,55.5,129.0,64.5,0.3873467499421698,0.2595419847328244,68.0,158.0,2.827995905409926,2.3978952727983707,0.0,10.0
A21936E2ZRY72J,fit,B004M3JI72,B000GHVKEW,B000UOKXTY,07844e82da879f26eed28a8025132a78fbe8f06b06520f65e08ad6cbcdd773c6,11.0,775.0,70.45454545454545,83.0,1.0,1.0,747.0,67.9090909090909,1218.0,110.72727272727273,0.27921295503685123,0.11371237458193979,372.0,869.0,2.429371134544949,1.3862943611198906,0.36363636363636365,10.0
A1P7ZYA0RVLU3E,fit,B0090UJFYI,B00120VWTK,B003KWMSPU,0785487c02b6c151658582e55102242d39643fc3545f60c9090beeaf08a98689,5.0,369.0,73.8,84.0,1.0,1.0,353.0,70.6,1426.0,285.2,0.19513902092398547,0.06841046277665996,168.0,396.0,3.0798030176743736,2.0794415416798357,0.2,10.0
A30I1RE610BJ2V,fit,B001HKR6WM,B001DOA73C,B009ARXCYU,0785d621a6b3231fad1d231e4fa1bacc2ff889a5d7e88b45b4e226451dba47d9,2.0,163.0,81.5,84.0,1.0,1.0,159.0,79.5,219.0,109.5,0.2458182004194588,0.1907514450867052,67.0,159.0,3.210811133903259,2.70805020110221,0.0,10.0
A3LN2EJQFERZJS,fit,B00AEIVIGS,B00D9NV20C,B000W0HA7Y,0789aebbaf92ad57d34e4f3ec114789d4f23be30140f21970a55dc09f6d56e8a,3.0,251.0,83.66666666666667,85.0,1.0,1.0,239.0,79.66666666666667,694.0,231.33333333333334,0.15878282982921685,0.07391304347826087,100.0,239.0,2.8197840639087963,2.3978952727983707,0.0,10.0
A9XX8OHS2ZQ2X,fit,B00BB9WBC4,B00AE07BC6,B005YVI3UO,07919788e521722a0ab6efbfe1864c689fd343083bf8802e34a5477eb8f7c121,5.0,109.0,21.8,30.0,1.0,1.0,109.0,21.8,109.0,21.8,0.6161837056959436,0.5384615384615384,172.0,393.0,4.09531221755015,3.1780538303479453,0.0,10.0
A31MKRPVU636VI,fit,B00EU7DBQ4,B00DPTW8JY,B00BRW1AFO,07927f5cde1ae430997d3b904c6c02b437cca652eef8d2e739550d629d752bc4,2.0,88.0,44.0,48.0,1.0,1.0,88.0,44.0,88.0,44.0,0.43334447043100566,0.4146341463414634,67.0,158.0,2.596478425445105,2.3025850929940455,0.0,10.0
A18G3VB7BU743H,fit,B0061JQY40,B005X2F7JY,B004BPVF7W,07a858c424dc918f53d50415330ed69c5cfc8ec57db4a4a4da14292f42096f7c,2.0,139.0,69.5,84.0,1.0,1.0,135.0,67.5,230.0,115.0,0.2703381590319792,0.15865384615384615,67.0,159.0,4.01634243798381,3.6888794541139363,0.0,10.0
A7MLB5X4PVOLC,fit,B000UPOBRI,B0036BJLJ6,B007DKV8OW,07b0a5659b0b52e3e0d7b98f5c3e6a0602b03e2f89b61a2fc405c770619d81a8,3.0,249.0,83.0,83.0,1.0,1.0,237.0,79.0,944.0,314.6666666666667,0.11252420243845317,0.07311827956989247,101.0,237.0,1.866140652999458,1.6094379124341003,0.6666666666666666,10.0
AZAO0YKPF98ZG,fit,B0033Z0KDG,B001QT3GOQ,B000BRSHXE,07b2ead5b44100518eb8531fe997d6e2265c24c50b8cc7d522b585c697d2a9bc,2.0,163.0,81.5,83.0,1.0,1.0,158.0,79.0,215.0,107.5,0.2497145229938752,0.20118343195266272,68.0,158.0,2.80473589759248,2.5649493574615367,0.0,10.0
A38TY7MDJZVJ0R,fit,B00121UVU0,B0009FHJRS,B000PW7K38,07b44fdef4f8ae0f313936525987ab971eca7d3208393dd5fc7d2285ba153eb8,4.0,255.0,63.75,83.0,1.0,1.0,247.0,61.75,390.0,97.5,0.3281065793380028,0.14977973568281938,136.0,316.0,3.0305164602993004,1.6094379124341003,0.25,10.0
A2QQGLB70MWUPO,fit,B004INUWX0,B002SV0XYW,B004X1QECA,07b9329cb4852e1b3235acaeae30d84c59f5caf34145bbebe4343a7df09370bf,6.0,372.0,62.0,83.0,1.0,1.0,364.0,60.666666666666664,530.0,88.33333333333333,0.34208352549703697,0.14912280701754385,204.0,474.0,2.182327317147105,1.6094379124341003,0.5,10.0
A1BXVZSQOJE6UE,fit,B00EA4MHN0,B00DCNBST4,B0030GFY02,07bdea8ab0a150f323a7abae6ed44adf8085ab6edfc43eaa57f865e174af7272,9.0,315.0,35.0,84.0,1.0,1.0,307.0,34.111111111111114,579.0,64.33333333333333,0.5189567457641181,0.09482758620689655,307.0,710.0,4.357478927221472,3.4657359027997265,0.0,10.0
A1Z1U1SPXZ0YOK,fit,B007BLN17K,B006L1DNWY,B006L16BHS,07c5b468d9c60b49446aaec26a68c0d19e0bff9da564f60b40153cab143eddbd,2.0,97.0,48.5,60.0,1.0,1.0,97.0,48.5,97.0,48.5,0.4202876835480971,0.3617021276595745,68.0,158.0,4.8819690437930205,4.2626798770413155,0.0,10.0
A2CCYTJQNBHFA0,fit,B008VHGW7Y,B0047AKVW6,B000R94OGK,07d217961d130fd372f3808aa5a5f92e05c930b003b7a93c134ff5d378ade6a0,20.0,1338.0,66.9,83.0,1.0,1.0,1306.0,65.3,2034.0,101.7,0.3050495666712921,0.11038961038961038,679.0,1581.0,2.7741415251937864,1.6094379124341003,0.25,10.0
A2TDNA28VM0IDE,fit,B002RUH3OM,B00BQ76XK2,B0045W4X16,07d511c784263b6655ee0c2d69ba3551650b2b34076551b29a0e8d58239eee75,2.0,150.0,75.0,83.0,1.0,1.0,146.0,73.0,324.0,162.0,0.2267360756694226,0.11683848797250859,68.0,158.0,2.833213344056216,2.833213344056216,0.0,10.0
A3JZ81N3CB5PIP,fit,B000V96R1G,B00112DRHY,B00094O6D4,07e0e31b6ea06bd84449f2c80309f060386fa4c14ea4418afc4a64e094e62916,3.0,248.0,82.66666666666667,83.0,1.0,1.0,236.0,78.66666666666667,574.0,191.33333333333334,0.16514550264550265,0.12142857142857143,102.0,236.0,1.9390370533210681,1.791759469228055,1.0,10.0
AYT47Y57ZREVD,fit,B00C67E3GW,B000RYSXWG,B000C1UC8C,07e1cabdd04cc18e5b5c5e29a5c687cec006b0124bf7e089dccc1a3b87852dcd,4.0,314.0,78.5,83.0,1.0,1.0,302.0,75.5,417.0,104.25,0.2560313237738018,0.18888888888888888,135.0,316.0,3.2120605678313128,2.0794415416798357,0.25,10.0
AR421E7ZD7M9Z,fit,B000ZLVUYO,B004K3D0FK,B004GW8GRM,07e63aa00faa81da7407ac0ea7009ad81d01f6e5fe62895058bc5d3dd02c5f75,2.0,164.0,82.0,83.0,1.0,1.0,156.0,78.0,185.0,92.5,0.27450135434622014,0.27419354838709675,70.0,156.0,3.3522071774820534,2.833213344056216,0.0,10.0
A2VMVNSTZJN5Y9,fit,B002MJG5T2,B000NOLZDY,B004B0U57S,07eb88cc8645385a2f68b49704b091f9aa2677ebe1f278e703d402a41f2d8913,2.0,136.0,68.0,83.0,1.0,1.0,132.0,66.0,142.0,71.0,0.32273519163763065,0.2764227642276423,65.0,161.0,3.4782727215757845,3.4011973816621555,0.0,10.0
A22AD8M2SSOFHJ,fit,B000C1Z6TC,B000VOHH56,B001441QFE,07f522b894e2e2b6e8bcb7ca9fd3350f07d38a6baef0e485de29d49e2eeeb112,2.0,166.0,83.0,83.0,1.0,1.0,158.0,79.0,356.0,178.0,0.16904315196998124,0.13076923076923078,68.0,158.0,1.9560115027140728,1.6094379124341003,0.5,10.0
A1T0UERVEUPYSK,fit,B0043OYFKU,B001OMI93S,B001S4C91K,07f5a5ccf2378a50979c74a185dd4fe35999c9bc834d3a9241abe3970fdf6930,11.0,774.0,70.36363636363636,83.0,1.0,1.0,754.0,68.54545454545455,1750.0,159.0909090909091,0.28534475331506903,0.039951573849878935,374.0,868.0,2.9114042611424775,1.6094379124341003,0.2727272727272727,10.0
A1M85S3L9ROA17,fit,B003EN4T2U,B00B33Y2JI,B008VSYO5A,07f67399451e46895828594c00db6782e0b90d31d76d8a45d299629eb8c136c1,4.0,153.0,38.25,46.0,1.0,1.0,153.0,38.25,153.0,38.25,0.47498242359929604,0.425,137.0,315.0,4.47794980729531,3.8501476017100584,0.0,10.0
A19FSNL8B5GJ02,fit,B000WJ4DYS,B000PHZE7M,B000JWO7JO,07fff9a651d9c1b13c62747ba564de0eeb8ebe5303bfa611a17a71274ff64cba,4.0,313.0,78.25,84.0,1.0,1.0,301.0,75.25,487.0,121.75,0.23394607664600736,0.1650485436893204,135.0,317.0,2.411664485891778,1.9459101490553132,0.25,10.0
A21P8RKP4HRO1W,fit,B0043OYFKU,B0048O2R1E,B000FJU4HK,08044414829e2bf13e99f0c1ccba51f4aa03e0327719a54eabc0e7abfd8009f3,12.0,886.0,73.83333333333333,84.0,1.0,1.0,862.0,71.83333333333333,1397.0,116.41666666666667,0.27132152096441514,0.1,406.0,950.0,3.0528944848268282,1.791759469228055,0.3333333333333333,10.0
A3BPO34WTIA13,fit,B0009DT39W,B00CJ01QT8,B007PY4QV8,080adeabc5965faa0cad7e507c714ccd5f2da4cbec3e82b2eb29119d5292dc6b,3.0,249.0,83.0,83.0,1.0,1.0,237.0,79.0,646.0,215.33333333333334,0.15673206736008669,0.10493827160493827,102.0,237.0,2.690302029595939,2.0794415416798357,0.3333333333333333,10.0
A1KEESMVTONAGJ,fit,B0002Z8SE8,B004N0ULSO,B002RJUNUO,08162badf8d72bbf9e8c081ea400b91e2506c4e84ab8ee9279af5cc3cbd36700,14.0,956.0,68.28571428571429,83.0,1.0,1.0,940.0,67.14285714285714,1576.0,112.57142857142857,0.3020166128874373,0.08173076923076923,474.0,1108.0,2.8785935994510026,1.3862943611198906,0.21428571428571427,10.0
A3JHC8O59WDHFZ,fit,B00G7U29KQ,B008U2Y9BQ,B001FB5HZG,082489602c7e510acfbb7877bf9ee42a7bd8b05061f478dbbdcaf89a912b37b2,12.0,591.0,49.25,83.0,1.0,1.0,575.0,47.916666666666664,824.0,68.66666666666667,0.4425793716651741,0.12056737588652482,411.0,945.0,3.6617502073827928,1.0986122886681096,0.25,10.0
A1YB7U6KLFXZAZ,fit,B008CC4FI6,B002N5AJWE,B00CGN9LQ8,082736847b4501b172ed7dca57a881bc274d2aa09ba7224b7dcf26d4691e4405,6.0,354.0,59.0,83.0,1.0,1.0,342.0,57.0,704.0,117.33333333333333,0.37363378699036204,0.07439824945295405,205.0,473.0,2.4390046531446723,1.791759469228055,0.6666666666666666,10.0
A24XFXUCAMWP0D,fit,B007JLUL1G,B0009R14Q8,B003YELGF2,08286f9dd09e65b4840628b649ea01cab18b4e139096bc41e3d20ab6e76d8178,11.0,723.0,65.72727272727273,84.0,1.0,1.0,707.0,64.27272727272727,873.0,79.36363636363636,0.32890640382641917,0.19101123595505617,373.0,870.0,1.987816849261779,1.3862943611198906,0.6363636363636364,10.0
AB1T8JTH5BAWU,fit,B000H3I30O,B009PZF7WM,B003I6MLN2,082e4f291f7cf9aced51d3d29026e6ab27c8a3e9186cb2da4ee6c790cb1b9dc5,3.0,201.0,67.0,84.0,1.0,1.0,193.0,64.33333333333333,390.0,130.0,0.27553282967876663,0.13580246913580246,100.0,239.0,2.5189835240043,1.791759469228055,0.3333333333333333,10.0
A1RNYEDG22K83,fit,B0046VGIRI,B0002YE8F2,B003A4HSVM,082ee707aea354d108f4ff78ed6b273415aef89ad8edc18c6041811cfa18930e,11.0,810.0,73.63636363636364,84.0,1.0,1.0,786.0,71.45454545454545,1179.0,107.18181818181819,0.2795283086169969,0.11643835616438356,373.0,870.0,3.016510693581344,2.0794415416798357,0.09090909090909091,10.0
AYOMAHLWRQHUG,fit,B00HB2JQNM,B00GTC1FFW,B0020122ZS,0833db56feb00523479e9d420132980a38df9acc7e150b776e484332eb1a7325,20.0,615.0,30.75,84.0,1.0,1.0,607.0,30.35,681.0,34.05,0.5584213002305906,0.22085889570552147,688.0,1572.0,3.599970122477019,1.3862943611198906,0.2,10.0
A2RS1MBCX4GGC6,fit,B00016RIIA,B0056GDG90,B00AZ1TZ3W,083728d3c9bbccfea476f69abcf84c4128172c42fa1b169d1aa80bdad6773145,2.0,109.0,54.5,83.0,1.0,1.0,105.0,52.5,729.0,364.5,0.30639981908638625,0.04613297150610583,68.0,158.0,3.1513094878724526,1.9459101490553132,0.5,10.0
A3869R8PKIECSG,fit,B004TSFE6Y,B004TSF996,B00154MOEU,084706f122097b1e01ed95eaae9f50c2774f1cf264072d7a7b30bcccf8449183,2.0,157.0,78.5,84.0,1.0,1.0,153.0,76.5,307.0,153.5,0.21581075329834018,0.12030075187969924,65.0,160.0,3.061246404757193,2.9444389791664403,0.0,10.0
A183JNKI62FXDF,fit,B004TSFE28,B004TSFBNK,B002RGRJC2,084853c17a14deb3e2c403a78a88a16a5967fb18e952a28150e923ad527fa3cb,4.0,265.0,66.25,84.0,1.0,1.0,253.0,63.25,591.0,147.75,0.2934373207059958,0.12030075187969924,131.0,320.0,3.778192191586548,2.6390573296152584,0.0,10.0
A1O533QVSOTWNY,fit,B00139TXUU,B00016XJ4M,B003OSCS3C,084ac4dc481cb4274702d6a933967a94a25608fc492d3c09eed7f12b69661843,4.0,297.0,74.25,84.0,1.0,1.0,287.0,71.75,735.0,183.75,0.24467817276975884,0.06483300589390963,135.0,317.0,3.231221893209674,1.791759469228055,0.25,10.0
A19N2PR5TEVSKT,fit,B004KRV8MS,B0029ERWH4,B00150LT40,084ba8a88b40706a73b02d7300fe905394c08221bc2c5d75340491ad4f582d83,2.0,152.0,76.0,83.0,1.0,1.0,148.0,74.0,805.0,402.5,0.18384262796027503,0.04415584415584416,67.0,158.0,4.497954380631997,3.4011973816621555,0.0,10.0
A1LNYS2NCFHJW,fit,B006KFWPNO,B0006OU078,B002DMK0LC,084f2a5b77f0c4cfeddb33a08cff469c39c35df75b34975d3230935e91ab5f35,4.0,278.0,69.5,83.0,1.0,1.0,266.0,66.5,487.0,121.75,0.2686082365411737,0.17894736842105263,134.0,317.0,2.99711593742861,2.5649493574615367,0.0,10.0
A1AKSR2VL93ST,fit,B008GOR6O0,B006U9D6D8,B00373FE76,08608448f255ab7481cd499430c0e818659d759986626346c575aacbaa072a80,3.0,211.0,70.33333333333333,83.0,1.0,1.0,203.0,67.66666666666667,249.0,83.0,0.3094690480319057,0.22602739726027396,101.0,237.0,3.082159806197352,2.197224577336219,0.0,10.0
A3EFCPRSJTNLDL,fit,B005BF1M10,B00121UVU0,B0002WUHTU,086bf916d5bc5a22ec1b6d99cb83b8320326ac67c9b98a483ad7ef6b3b78fffd,2.0,103.0,51.5,71.0,1.0,1.0,103.0,51.5,103.0,51.5,0.41948051948051945,0.3238095238095238,68.0,158.0,3.808633906814173,2.9444389791664403,0.0,10.0
AG8K92N37MT27,fit,B0009F3O8Q,B000EEZAXO,B004T4OLXU,086cca9ea4d3e5874b507f3592ecc1b9dcf9ca9a7c8c579ea63961d88b022c72,3.0,165.0,55.0,83.0,1.0,1.0,161.0,53.666666666666664,195.0,65.0,0.4024563573435754,0.23129251700680273,102.0,237.0,2.286188344930455,1.9459101490553132,0.6666666666666666,10.0
A3GBQMYUOW4OSK,fit,B008UQAW54,B008U4DUGO,B0002Z8SE8,08701adbb2aff7ec9ab2fc212912498d8e5f507196d59f1cf60505f6fa918b77,15.0,930.0,62.0,84.0,1.0,1.0,902.0,60.13333333333333,1087.0,72.46666666666667,0.3583340338291744,0.19540229885057472,506.0,1189.0,3.3021211568849513,1.0986122886681096,0.3333333333333333,10.0
A2XKD7O5E9YRNY,fit,B00397XUIK,B00016XJ4M,B004TSFBNK,0879f12eb8f83c25c2f40cbbf318c8e58993133d28e10416aee21cfa1a35f540,5.0,346.0,69.2,84.0,1.0,1.0,330.0,66.0,924.0,184.8,0.2834220855142179,0.06483300589390963,167.0,397.0,4.258780074974192,2.6390573296152584,0.0,10.0
A25Q4C2UDIOPXC,fit,B001M5GMUE,B000VEWF2Q,B005GHP5UC,087adcfff446f514dcc6290a1e96535a7d9e6509e062150eea2d7d78aa013862,4.0,258.0,64.5,83.0,1.0,1.0,250.0,62.5,354.0,88.5,0.3308191970401143,0.1596244131455399,136.0,316.0,3.3497486534172563,2.70805020110221,0.0,10.0
A1OJUZ3VEGIJM8,fit,B001BVGJPC,B0013EBM22,B0001TMDF0,087bd12f87e701eee54fed22eccc2fb0828799d9f7df60c7a10248efaa02398d,6.0,382.0,63.666666666666664,83.0,1.0,1.0,378.0,63.0,474.0,79.0,0.3324817149634763,0.16267942583732056,203.0,475.0,2.6550385669642655,1.791759469228055,0.16666666666666666,10.0
A2A0UPM3XAMB2K,fit,B00AQ8NIC8,B003I4BCXE,B002IS6S62,087cb5ac7091ea28f6743d209a9f359e8605d563decdb34ed7a4c634fd2ed70a,2.0,141.0,70.5,83.0,1.0,1.0,137.0,68.5,149.0,74.5,0.32078260869565217,0.272,68.0,158.0,3.0546237913821823,2.8903717578961645,0.0,10.0
A3R1WFO4KIUQXZ,fit,B00AE078TM,B005TI7NPI,B0047F9622,08865987b6a0448ea10e71e4134f43277302d223099729b32cb74f0ae5ac48f9,9.0,323.0,35.888888888888886,83.0,1.0,1.0,317.0,35.22222222222222,516.0,57.333333333333336,0.5156823618319699,0.10967741935483871,311.0,706.0,4.19335090515535,2.197224577336219,0.0,10.0
A2V5FS24X4SNDY,fit,B000HRVC5I,B00766SGE8,B002QANC2A,08912eabba344d6e01d675042af6829cda209d66b772db982acb711667a8d924,2.0,94.0,47.0,83.0,1.0,1.0,90.0,45.0,138.0,69.0,0.483367839889579,0.2111801242236025,68.0,158.0,3.268345798795653,2.70805020110221,0.0,10.0
A2KX7C5O86E58,fit,B006WQBZ96,B00AXRBAEA,B002TSA916,08982cc48e3a83859f82d0d6ed56fce4317964f6d8e5291a9548f5bc3779f6ac,4.0,209.0,52.25,83.0,1.0,1.0,201.0,50.25,343.0,85.75,0.40660817676946714,0.1827956989247312,139.0,313.0,4.267881232445358,3.8066624897703196,0.0,10.0
A2VL9BDUNEP2H1,fit,B004BHAJAE,B0037MK6AW,B00AZ1TZ3W,089a143088d41483df7abef5ac838674d4920701124235e3c7ccd0334e24db5d,4.0,275.0,68.75,84.0,1.0,1.0,267.0,66.75,983.0,245.75,0.24518373872214425,0.04613297150610583,135.0,317.0,2.6217049667722168,1.6094379124341003,0.75,10.0
A1WAV1NWCPNI04,fit,B00CJ01QT8,B000GDC4IM,B000FS05VG,089e2b3513422419e19b40ccf6a7af06e7c94340530ea4971111c4a959140c81,15.0,859.0,57.266666666666666,83.0,1.0,1.0,839.0,55.93333333333333,1341.0,89.4,0.3713525095349986,0.10759493670886076,509.0,1185.0,3.4155385554752495,0.6931471805599453,0.2,10.0
AUHZFVWA1LV33,fit,B006NYDI0G,B0035RF85C,B006IBM21K,08a2e252aea6f3bd18d659534cb10035f0702ed7f79c5c79838f90fc18a4e169,3.0,180.0,60.0,83.0,1.0,1.0,176.0,58.666666666666664,183.0,61.0,0.37440919180049614,0.2833333333333333,103.0,236.0,3.842847625288435,3.0910424533583156,0.0,10.0
AZFJDE00JTMPT,fit,B001E96L6I,B001B7KJUW,B0000Y3D4G,08a4b25a8b878062e8e7d2bfd8185a51891c252ed583fd16be9b44b2f3714993,4.0,261.0,65.25,83.0,1.0,1.0,253.0,63.25,279.0,69.75,0.3458034355294629,0.2698412698412698,136.0,316.0,2.102958168939603,1.6094379124341003,0.75,10.0
A6CMR9DW0A8NS,fit,B0076H7REM,B005GSWUY0,B0060A2QXI,08a4f907f2a31e898ad90f1167032829ff918d75f0f21046abcc56b93b993a2c,4.0,227.0,56.75,83.0,1.0,1.0,223.0,55.75,254.0,63.5,0.38980927698032963,0.2361111111111111,136.0,315.0,2.453007485511823,1.791759469228055,0.25,10.0
A28K55SIYO2Q93,fit,B00433P91A,B001G7PWCM,B00112DX00,08a5587bd6b172387f55d649779986a90cf95db691bf50a9f11878520395749b,5.0,406.0,81.2,83.0,1.0,1.0,390.0,78.0,821.0,164.2,0.2223863555704276,0.0734341252699784,169.0,395.0,2.5530919671821186,1.791759469228055,0.4,10.0
AOQSOSRUTFRYS,fit,B0017BGQR2,B00CXN66M8,B00329L8TS,08a6afc3684970de75b868454a709ae5768c189b528cd76796401d22441f458e,4.0,277.0,69.25,83.0,1.0,1.0,269.0,67.25,572.0,143.0,0.2597377222311409,0.10828025477707007,136.0,316.0,3.007929814596349,2.0794415416798357,0.25,10.0
AK0VJ17FXADX5,fit,B004FEKA3E,B002UU9Q6W,B00147FGJ8,08a7accb0be04fc1602288a99e11666f38bad7fc40d9464fbd06334e8f1bdc33,2.0,166.0,83.0,83.0,1.0,1.0,158.0,79.0,239.0,119.5,0.22161358811040338,0.21656050955414013,68.0,158.0,3.884900498001948,3.6109179126442243,0.0,10.0
A6X467FA4T2OS,fit,B003CYUS26,B004XA81ZE,B003V27RB4,08aa18feedce1d619f64b7bbfec42cd0c1dba689ee1e800cd1bdffc4e981a339,2.0,107.0,53.5,83.0,1.0,1.0,103.0,51.5,349.0,174.5,0.3404572087215445,0.0947075208913649,68.0,158.0,3.0645251050302726,2.833213344056216,0.0,10.0
A2C7NJ7PQXHECJ,fit,B004WSXD4G,B000T7P0KO,B004TTXMQ2,08b5f7869e209008d087aa2fd7bf568508c4e1c2d64cec725f9f7d3f8fff6b5e,5.0,364.0,72.8,83.0,1.0,1.0,352.0,70.4,632.0,126.4,0.2490788111200805,0.1511111111111111,170.0,395.0,2.6242357351845143,1.9459101490553132,0.2,10.0
A3RXNC3UPOZQIO,fit,B008U1Q4DI,B0069FDR96,B0018OWHQM,08b95f4bd9fa5274aaedb4f7afb4161535501caf5d94813f60a15356551d50ee,3.0,185.0,61.666666666666664,84.0,1.0,1.0,181.0,60.333333333333336,235.0,78.33333333333333,0.3608177584225489,0.19760479041916168,102.0,237.0,4.398661839091647,3.4011973816621555,0.0,10.0
A2V4DB9LP6AUHR,fit,B004OHQR1Q,B003Z4MCJA,B000MASTMO,08be181cab88bd61ec1404fc3530009025bb83673209bc3accba87f04407a763,2.0,166.0,83.0,83.0,1.0,1.0,158.0,79.0,390.0,195.0,0.17631340579710145,0.10625,68.0,158.0,1.868834809141684,1.791759469228055,1.0,10.0
A316N3EK9LJZIN,fit,B000M8BE3C,B000JNRIM6,B001AV4D7Y,08dca5a98494d8508fc857ed263b657c07c114fa0127de4f8fdf10830c84be38,3.0,181.0,60.333333333333336,83.0,1.0,1.0,177.0,59.0,188.0,62.666666666666664,0.3750301927962014,0.27419354838709675,102.0,237.0,2.445645637902539,1.3862943611198906,0.3333333333333333,10.0
A35V32HZEGZH04,fit,B0017PUPMK,B000C1UEGC,B0001EL0CW,08ded0c32f8499a086fd1079068b7ef96d1f6b16826de7ddf2a5bc014caafcc6,2.0,74.0,37.0,47.0,1.0,1.0,74.0,37.0,74.0,37.0,0.48856506780004044,0.41975308641975306,68.0,158.0,1.868834809141684,1.791759469228055,1.0,10.0
AKJSDJIJXJG6B,fit,B00CQGUSZ8,B000TGEJT8,B002PBJL8O,08e780f5a2c488461f2e5bb0effdecc9aec8a1be6de1aa229bf2468971cbe7d2,3.0,172.0,57.333333333333336,83.0,1.0,1.0,168.0,56.0,207.0,69.0,0.37612684805781554,0.2185430463576159,100.0,238.0,2.320747821422069,1.791759469228055,0.6666666666666666,10.0
A1DQTSZ7PJAJ5S,fit,B000BKLCDS,B004NZ3D66,B004HSO124,08e8cdfb1ed37dd31ba3cee31ae424e29d7fcccf637567b1dd6776c3aa518010,20.0,1341.0,67.05,84.0,1.0,1.0,1301.0,65.05,2502.0,125.1,0.29476875164228716,0.06719367588932806,678.0,1582.0,2.901515963870164,1.6094379124341003,0.35,10.0
AAB01T6T36LB,fit,B004TSFE6Y,B0043OWJG2,B007LANY2S,08eb0a2a14c7584a1ec46785acfba5977fdcc045aef385857da7c02b82cfe730,20.0,1445.0,72.25,84.0,1.0,1.0,1397.0,69.85,2834.0,141.7,0.2516644001251559,0.09141274238227147,677.0,1582.0,3.320272138813859,0.6931471805599453,0.2,10.0
A3PHEK78LJRZLW,fit,B000050B6U,B004YL64RE,B0043P0J5O,08f0d845f1b8c44f2ab9eca1e396c8abdfa8ff3ab538eede5500ecacaa27066b,3.0,166.0,55.333333333333336,83.0,1.0,1.0,162.0,54.0,192.0,64.0,0.37959337959337963,0.23776223776223776,102.0,237.0,1.7309856169634035,1.3862943611198906,0.6666666666666666,10.0
A23TGI02RB7JC,fit,B00AE07CTI,B00A0IWT9C,B001FSK8SA,08f24f296bdb8a68c839117ad4e4d367325e6e6afc70743d4e1c0882bafd1297,16.0,641.0,40.0625,83.0,1.0,1.0,629.0,39.3125,1261.0,78.8125,0.4719625541760255,0.04936530324400564,549.0,1259.0,4.316568364852562,2.0794415416798357,0.0625,10.0
A2CJTD63X8RRKR,fit,B003WM4DXS,B002DPV8L0,B004KPYWM8,08f28924adea7480061fde6317e956d5044a7cd86a6561acaf9a97cc5f4e9a51,2.0,166.0,83.0,83.0,1.0,1.0,158.0,79.0,227.0,113.5,0.2388095238095238,0.19428571428571428,68.0,158.0,2.7276605576788504,2.197224577336219,0.0,10.0
A3HU6DPEKIWET3,fit,B000WBO3W8,B006QO4BRM,B003VMM74Q,08f5d5194fc52eb318bfdfac03fe5d3cf12abd2e92aa2da59619d4bcc3487e22,3.0,249.0,83.0,83.0,1.0,1.0,237.0,79.0,416.0,138.66666666666666,0.20232976944131467,0.15813953488372093,102.0,237.0,3.709087661386081,3.526360524616161,0.0,10.0
A1WLCHOWG416ZM,fit,B0062W4T98,B0011DHA3A,B000VHAA84,08f63030be7eb4f00494c43fc2bed22da70aa8a9708e068ef7c518b07986a4fd,2.0,122.0,61.0,79.0,1.0,1.0,122.0,61.0,122.0,61.0,0.37122169865532695,0.3008849557522124,68.0,158.0,1.7776740307447068,1.6094379124341003,1.0,10.0
A28IBGD0PY12YS,fit,B00IU079YM,B00KH6F6TM,B00DLRNSSK,08fb28a7a52bc8b08bdedb0538ef5425361c0f12f6043d18d89729889b67c9bd,11.0,916.0,83.27272727272727,84.0,1.0,1.0,872.0,79.27272727272727,3965.0,360.45454545454544,0.0902150740388245,0.06284658040665435,371.0,872.0,3.337216881554042,2.4849066497880004,0.0,10.0
A03364251DGXSGA9PSR99,fit,B007M6EALK,B004OEO0E0,B001G2L1O0,08ff9097fac87350ffc62e1fcb702679e05d168ede8097d9ee5a26bcc75e0c91,20.0,1422.0,71.1,85.0,1.0,1.0,1378.0,68.9,2142.0,107.1,0.2917015984724563,0.09798270893371758,670.0,1588.0,2.8056143936507145,1.3862943611198906,0.3,10.0
A1BGZHO0YKEGHD,fit,B005O54SVS,B0030HKJ8I,B0007IQMVG,08ffc9d006b74aa5c35f429d3f6af4a75c4c889aa204505af248312a38795cdf,8.0,480.0,60.0,84.0,1.0,1.0,472.0,59.0,546.0,68.25,0.3727386281695082,0.18181818181818182,269.0,634.0,3.8461818948519566,1.791759469228055,0.125,10.0
AACE6APIUZFHN,fit,B000HTNBB4,B008690HOQ,B006ZUH1CO,0902a9c6a6b4ee615577047ee5c144e2e3f12f7ffa3f79798406f7fc22011caa,8.0,467.0,58.375,83.0,1.0,1.0,455.0,56.875,764.0,95.5,0.35388463419676297,0.096045197740113,271.0,632.0,2.5998281995894454,1.3862943611198906,0.25,10.0
A3H3TEMEMXODT,fit,B000I20Q72,B006GQCMJO,B001CT02B0,0906ab4998c973afe60cf6799775598a45e6fb6981f2dae366bd1d9932859627,4.0,297.0,74.25,83.0,1.0,1.0,293.0,73.25,310.0,77.5,0.3078187971391855,0.26153846153846155,136.0,316.0,1.9780142220447514,1.6094379124341003,0.75,10.0
AG8E2F0G98ZTB,fit,B00AE0790U,B00A0IWTBA,B001E7BEEE,090741451a37988a3fd03d654df10b3b60dc7766a2376db98158e80062b1295c,7.0,361.0,51.57142857142857,84.0,1.0,1.0,349.0,49.857142857142854,626.0,89.42857142857143,0.3997911364715239,0.1111111111111111,241.0,550.0,4.585918847400154,3.9702919135521215,0.0,10.0
A3MK3EGPXAED4Q,fit,B000G666HE,B001CCQ84C,B0013OMHTE,09081c6b7e05686b559a3c5c1f19cca3ad84f178ed4ac07aeb0c5226913d99e2,3.0,198.0,66.0,83.0,1.0,1.0,194.0,64.66666666666667,698.0,232.66666666666666,0.2734102596195726,0.055105348460291734,102.0,237.0,2.013418237092471,1.6094379124341003,0.6666666666666666,10.0
ABPNZ9RKXOP0E,fit,B000I20Q72,B003FKSVMG,B004V6BIZU,090a9bd2ddcdebe7caa89b6d654aaa3335e91bd672639cbd54432e22ca46a1dc,6.0,409.0,68.16666666666667,83.0,1.0,1.0,393.0,65.5,1240.0,206.66666666666666,0.266924857403055,0.059130434782608696,204.0,473.0,3.182750196614672,2.3978952727983707,0.0,10.0
A3BXZSW2LBOVIE,fit,B0037O2J7I,B000TBW0NA,B000NGH3X8,090da75b70ede48a00593bdcd8098e69206408cf3ace8030a268f09f522feab5,2.0,82.0,41.0,49.0,1.0,1.0,82.0,41.0,82.0,41.0,0.45855062039201583,0.40963855421686746,68.0,158.0,3.6017027605415475,3.332204510175204,0.0,10.0
ABZ8ZEVMD3CSX,fit,B003USIINU,B000KOHSQA,B000KE5OBG,09141aa4fdce6c69d4167c707de99126191b500c28dd6b5c67ce12d088f0bfe5,3.0,222.0,74.0,83.0,1.0,1.0,214.0,71.33333333333333,815.0,271.6666666666667,0.22685705670780298,0.049062049062049064,102.0,237.0,2.9038144396918217,1.791759469228055,0.3333333333333333,10.0
AUZ3EJAU37NC5,fit,B00DT4757A,B00EOP3O3C,B0041R7C4A,091cfc1ccc9bf059c7e6bda770fc5d6cd196f54da91d637b017413a6e7a54134,20.0,1260.0,63.0,84.0,1.0,1.0,1222.0,61.1,2445.0,122.25,0.32204238277360137,0.07142857142857142,682.0,1577.0,3.4640153158868636,1.791759469228055,0.1,10.0
A1HL46MFQKYWAU,fit,B00K7PO996,B00HJD8NLY,B00G5WO2VK,091f16ece9a51f5ffe0b0d348500dd35bf852646e5ac25cec5ce28fb7f055319,3.0,228.0,76.0,83.0,1.0,1.0,220.0,73.33333333333333,998.0,332.6666666666667,0.1632098906283414,0.06732673267326733,102.0,237.0,4.1199410817786974,2.833213344056216,0.0,10.0
A3T6HX48F66512,fit,B00GJG9JBA,B009FKNGRA,B0012134EK,092236ccabdb8962475a4f0380ef0835ae20962da0a1ee8932a3a48183001e02,13.0,590.0,45.38461538461539,83.0,1.0,1.0,578.0,44.46153846153846,1455.0,111.92307692307692,0.4233088384854706,0.06542056074766354,445.0,1024.0,4.169799532887562,2.4849066497880004,0.0,10.0
AT48P4TDJXXX2,fit,B008BS9YNC,B002PBCAEQ,B002LFLXDA,09268ce603990b63cc2737d3595e87cac05ece0e357ca9da99e6479dab965fc2,2.0,152.0,76.0,83.0,1.0,1.0,148.0,74.0,205.0,102.5,0.2650485436893204,0.2,68.0,158.0,3.552482724134921,3.3672958299864737,0.0,10.0
A2V183ZJEMDL5F,fit,B003E0VPA2,B002LL57Z4,B000TKH6FI,092897280392183edf87f9ed792aa6b48e8f0595ac2e1c4b8458dec0d0ad9698,2.0,166.0,83.0,83.0,1.0,1.0,158.0,79.0,265.0,132.5,0.21991298267422887,0.16113744075829384,68.0,158.0,2.943052015725078,2.8903717578961645,0.0,10.0
A323QGYN32FYHB,fit,B00BEGEQKE,B006J5V6ZI,B007O7AZBG,092af977339c8f427f06c32d39054ff099a9191171047a70572f03c6069360d1,2.0,167.0,83.5,84.0,1.0,1.0,159.0,79.5,625.0,312.5,0.10001943325560031,0.08018867924528301,66.0,159.0,3.37555073446838,2.197224577336219,0.0,10.0
A20HT40PQ53X3V,fit,B000EMDK2Y,B008O4YM4Y,B0043OYFKU,092b12593d79ba2f14183fcb2e0096fecbb1f11e99372ba782e56cb3c147c1c9,4.0,198.0,49.5,82.0,1.0,1.0,194.0,48.5,254.0,63.5,0.41567306392184705,0.2023121387283237,138.0,314.0,3.855242642257288,1.791759469228055,0.25,10.0
A19DRU3RZOSCVG,fit,B000Q7XDR4,B002WJOOIQ,B0012C8TXU,09375dfa9eb99545a9d00808b73615fc77df650df89236a2f97b8513f0fcfecd,6.0,439.0,73.16666666666667,83.0,1.0,1.0,427.0,71.16666666666667,691.0,115.16666666666667,0.26876264236364616,0.12408759124087591,204.0,474.0,2.6731373076771447,2.0794415416798357,0.3333333333333333,10.0
A33JTFRM6S378Q,fit,B005MIFI3E,B00390DN34,B007L0CBZO,093d4f64f55afb59366ebc468f7e61174fb8d804071c519bb18540b7bc298a2f,3.0,182.0,60.666666666666664,83.0,1.0,1.0,178.0,59.333333333333336,194.0,64.66666666666667,0.38056588587810936,0.26356589147286824,102.0,237.0,2.960612101668049,2.0794415416798357,0.3333333333333333,10.0
A25BWUXA5CKGAU,fit,B00B7MUJR4,B0075GXW0W,B004GWQIH2,094a10f4fce554c128f93a543a90c228e286ef5b952ae8229b36816940a47383,2.0,143.0,71.5,83.0,1.0,1.0,139.0,69.5,195.0,97.5,0.2814427798061186,0.20118343195266272,68.0,158.0,2.34106561356211,2.197224577336219,0.0,10.0
A14DR2RP5PAKNS,fit,B002DPUY60,B002DPUY5Q,B00006598X,09519a43e0d6833c275a20ed7a555ed0490f8e99b89dd93579e064aeba413344,3.0,249.0,83.0,83.0,1.0,1.0,237.0,79.0,359.0,119.66666666666667,0.2229804873116975,0.20238095238095238,102.0,237.0,3.167620240356071,2.6390573296152584,0.0,10.0
AJ1IZ2N8WJPJN,fit,B00G75X158,B00KD73PBQ,B00GFBWWWC,095aa848676fc0eb8a018c5cc84334b5eee924b485a4dea28a97b723e6f7049a,12.0,959.0,79.91666666666667,83.0,1.0,1.0,919.0,76.58333333333333,3734.0,311.1666666666667,0.13516311888946142,0.06732673267326733,408.0,948.0,4.5357398194836565,3.9702919135521215,0.0,10.0
A3G18WULRMWOJF,fit,B00506WLPG,B003Q33LJ0,B00838FLXW,095b7263ddf80a8c74b30cbf1dcd682eaeee2b19c7fd2551c88aadf8088668f4,9.0,719.0,79.88888888888889,85.0,1.0,1.0,687.0,76.33333333333333,2298.0,255.33333333333334,0.1744954742930427,0.06719367588932806,303.0,713.0,2.9338355078391825,1.6094379124341003,0.1111111111111111,10.0
AS9WQX09ZB79A,fit,B001KYQ4HS,B000LJBYAU,B000V8BL18,095cba7d9053a023552550be906f395cd8d79ae109922ea138f2d39f3ac5f917,2.0,166.0,83.0,83.0,1.0,1.0,158.0,79.0,277.0,138.5,0.19711635410364992,0.19540229885057472,68.0,158.0,1.9356005054539454,1.791759469228055,1.0,10.0
A3PPJNX3ZJBGBP,fit,B0017R7TYK,B000LEHMUQ,B0002Z8LLI,0961ea4a71ea0ab1eff9faa8917d3992e6d95dde8c3dc49489f88a7cc1edd773,3.0,225.0,75.0,83.0,1.0,1.0,217.0,72.33333333333333,424.0,141.33333333333334,0.2433565041091923,0.11447811447811448,102.0,237.0,1.5958305809273485,0.6931471805599453,0.6666666666666666,10.0
A1KAEJ5PVKVZTA,fit,B001EWET96,B003E84PQU,B003XTMRSS,09645a03f96ca010f21c5ab58ef5fbe0cbac206a98c72b3c1d72f29a94aa21cf,6.0,353.0,58.833333333333336,83.0,1.0,1.0,349.0,58.166666666666664,546.0,91.0,0.3497892233533461,0.10967741935483871,202.0,476.0,2.463165028773481,1.9459101490553132,0.5,10.0
AX05DBU8IRUWY,fit,B00GBL5GDS,B00F9Q6G5I,B00DCNBST4,096472d468b4a82cf737cade5cd4314cc7f5820724e81fd30478ed806d377975,6.0,321.0,53.5,84.0,1.0,1.0,317.0,52.833333333333336,552.0,92.0,0.3649190227141623,0.09482758620689655,203.0,475.0,3.0690122003581926,2.5649493574615367,0.0,10.0
A17CHDFZ6SQI9X,fit,B0038TVH3Y,B006O09VFA,B001MP5X2M,09663645f92dfefc668bd615d0897f36f3d8ef3fe97340700213f152e0b7c8ba,2.0,128.0,64.0,84.0,1.0,1.0,124.0,62.0,154.0,77.0,0.33333333333333337,0.23076923076923078,67.0,159.0,2.1910133173369406,1.6094379124341003,0.5,10.0
A2M1IZTVL7TMC0,fit,B001AN0UTC,B000QE5GU4,B003282VZE,096b67fb81688f8156b2cabded6797f63d4e7c2737e66b8896cb13ec34ab8c6f,2.0,166.0,83.0,83.0,1.0,1.0,158.0,79.0,201.0,100.5,0.2561904761904762,0.22666666666666666,68.0,158.0,3.364314306542351,3.0910424533583156,0.0,10.0
A2HALHQIXTRBIR,fit,B00AE07BDU,B008VSYO5A,B000AO2NXS,0970e311e1b5b672b1212eaa76081f7b64e3c80593159ec3bf75ac3e32a03041,4.0,163.0,40.75,83.0,1.0,1.0,159.0,39.75,174.0,43.5,0.4950076789406639,0.265625,136.0,316.0,4.590149868623325,4.31748811353631,0.0,10.0
A2WHIK6A91JP8I,fit,B008VSJFQ8,B007RZDDO6,B007ZBUQ1A,097123c5a75749a16daee6a2e4d38d381628387c7311b8be17d20d48562b30b7,4.0,272.0,68.0,84.0,1.0,1.0,261.0,65.25,487.0,121.75,0.3139820718177361,0.10377358490566038,134.0,318.0,2.148538558138091,1.6094379124341003,0.5,10.0
A35908KYOYJP2R,fit,B006U95N34,B006L1DNWY,B005C5FP9Y,097123e3f3ca7e8bf7424311ae3db05cb484d3ad4a7b430bc30e3fc20ba53d37,2.0,143.0,71.5,83.0,1.0,1.0,139.0,69.5,200.0,100.0,0.2785522132550746,0.19540229885057472,68.0,158.0,5.032803201006281,4.564348191467836,0.0,10.0
A3SNJORZ5SMZZ9,fit,B0000AJ3PU,B003ZYM8CQ,B00A0IWRT4,0973ba30568124f1aedf89bb7ad874ae5dbc8bdf899d26d652e754455188df82,4.0,125.0,31.25,61.0,1.0,1.0,125.0,31.25,125.0,31.25,0.5513262467186693,0.35789473684210527,136.0,316.0,2.8827109913681435,1.791759469228055,0.25,10.0
A2RAB8TN6RPQZ3,fit,B00373FE76,B000052YM7,B0032CDFCS,0976067e97355e8a0e8d1f8721df391e1ef5b9d83f2a21f4cbc437042c835b37,3.0,249.0,83.0,83.0,1.0,1.0,237.0,79.0,856.0,285.3333333333333,0.11835379621562593,0.07981220657276995,102.0,237.0,4.090320368477344,3.58351893845611,0.0,10.0
A3RNZZOOCRT99L,fit,B001LNTNGC,B001AN0UTC,B00176B9JC,0977298576c98ef36febd1d1d3ea64eee1142071d5833adad0cb509c332dbe26,8.0,651.0,81.375,83.0,1.0,1.0,623.0,77.875,1373.0,171.625,0.18894900567525852,0.08900523560209424,272.0,632.0,3.246453896151909,2.833213344056216,0.0,10.0
AK3K1XLB8TC2,fit,B000YHLOC2,B0088HN7TI,B004BL0N06,097761cefeb5b338295f267bcb9551ff4b46acc8c8c019cb76673952df636bfa,8.0,587.0,73.375,83.0,1.0,1.0,567.0,70.875,1048.0,131.0,0.2576929453522969,0.11683848797250859,272.0,632.0,1.9761334200608676,0.6931471805599453,0.625,10.0
A1GNYV0RA0EQSS,fit,B00A0J084Y,B00A0IWTBA,B000US0804,098349898615dc578005da318bebf5d47d4e416a5f0e3fd06bec6c303477e534,15.0,871.0,58.06666666666667,84.0,1.0,1.0,839.0,55.93333333333333,3089.0,205.93333333333334,0.33137283071633505,0.039951573849878935,511.0,1182.0,4.152606556053986,2.3978952727983707,0.0,10.0
A2WQDYM0QCAADO,fit,B001H943F6,B00DU6VY3S,B000MANVXG,098581e3e02772c3fc40312479ae8c75a9b724ecc5364a37af5b406c8299126f,8.0,612.0,76.5,85.0,1.0,1.0,592.0,74.0,1477.0,184.625,0.23465366339636876,0.06614785992217899,269.0,634.0,3.184139664765427,2.197224577336219,0.0,10.0
A3PW7093T1AOCC,fit,B007U90J5U,B005KCAGEI,B0016A8DT8,0988a677c4f06140e20efd69b5234307d843793e2c29b424b66df8f2341a5804,2.0,142.0,71.0,84.0,1.0,1.0,138.0,69.0,198.0,99.0,0.2766944038620339,0.1907514450867052,66.0,160.0,3.4468281773013176,3.3672958299864737,0.0,10.0
A1MPZ6APG55C9I,fit,B00006FRW7,B0000535RA,B0034XRY7W,0988f130fc1b64d9b4fd579845226c1102bf6e1537e221b247a51cc3d0ac38ab,4.0,311.0,77.75,83.0,1.0,1.0,303.0,75.75,999.0,249.75,0.23055569775290274,0.04336734693877551,135.0,317.0,2.828862415101149,2.0794415416798357,0.25,10.0
A1NBDPD4KZ9RQ8,fit,B001WAKUTS,B0052T7V56,B001NM85Q0,09907848407d1d825caa6dff8061307f7c946297521524d2cfc39c5e2d6fe753,2.0,166.0,83.0,83.0,1.0,1.0,158.0,79.0,682.0,341.0,0.10262312763097528,0.06759443339960239,68.0,158.0,1.7005986908310775,1.6094379124341003,1.0,10.0
A17NX7T7DW6KL2,fit,B00AHF1GTM,B003B6S36S,B000US0804,099416f2d358934e6130beebf78b36f9b547678a61a55b805922112438d98c89,4.0,297.0,74.25,84.0,1.0,1.0,289.0,72.25,468.0,117.0,0.25745239739542225,0.14732142857142858,134.0,318.0,3.1349030035166874,2.3978952727983707,0.0,10.0
A1WA6615U75AHC,fit,B00B7N7CTQ,B005BTCPRG,B004D24818,099501daec453f870ca7da2d8271be538fe6d594f7aa41e40dc64cfc46840c78,2.0,143.0,71.5,83.0,1.0,1.0,139.0,69.5,199.0,99.5,0.27911695978354445,0.19653179190751446,68.0,158.0,4.022794140401764,2.70805020110221,0.0,10.0
A3USQIB0AS68DY,fit,B004TSFEBY,B00021DJ32,B007O7AZBG,0998fbd73df3de6f71f0e6c5ac330a6c3942ff1b5e8513b5feea2cc5ca6f1c76,2.0,139.0,69.5,84.0,1.0,1.0,135.0,67.5,290.0,145.0,0.2474250936329588,0.1198501872659176,65.0,160.0,4.4423051159434355,4.330733340286331,0.0,10.0
A6D07P6DHMXIP,fit,B00HSNWZFU,B00HM6IXH2,B000YZGOZQ,0999a2598738a0c061599c8905890fd4fa9e53143e322bfa8a609e882c0449e7,18.0,582.0,32.333333333333336,83.0,1.0,1.0,574.0,31.88888888888889,678.0,37.666666666666664,0.5625073452663951,0.16346153846153846,621.0,1413.0,4.167040855201774,3.044522437723423,0.0,10.0
A3EJ8XHVDC0CWH,fit,B004BYSOYK,B00GTC1JVM,B0018S8MZ8,099a176e978afe73f87866deeb692dbeb0437062f82e5e70bd015aa090356050,19.0,701.0,36.89473684210526,83.0,1.0,1.0,689.0,36.26315789473684,1666.0,87.6842105263158,0.4946232929526282,0.049062049062049064,657.0,1490.0,4.35271406054645,3.044522437723423,0.0,10.0
A3V8VSBDKE65Z7,fit,B006OMHUZQ,B006OMHR1S,B006H2Z58C,099f1d71140700b0853b2d3844d0797c7b283327e8fe52ebd6da6d54ec5d34c0,2.0,118.0,59.0,83.0,1.0,1.0,114.0,57.0,370.0,185.0,0.28871751952813646,0.0921409214092141,67.0,159.0,3.3773020497439807,2.5649493574615367,0.0,10.0
A2SDWB5V5N1PWS,fit,B000MUQFTI,B004ITB3IW,B000094Q6C,09a057a53e573483b4d3699a553e35dc490c8ad50406eea879b0597bd9aaa68b,2.0,137.0,68.5,83.0,1.0,1.0,133.0,66.5,446.0,223.0,0.23308792146820315,0.07981220657276995,68.0,158.0,3.060148709475475,2.5649493574615367,0.0,10.0
A8IW9RWHFC18Q,fit,B009W43ZCU,B009NAE8RO,B002XITLL6,09a130498b724c1887ed853eb4fa710ac8526d437f11c1fdea097d5a6c77d250,8.0,543.0,67.875,84.0,1.0,1.0,519.0,64.875,934.0,116.75,0.31468868384921256,0.09742120343839542,269.0,635.0,2.915601803393092,1.3862943611198906,0.25,10.0
A2T26HRHG8172X,fit,B0010EPQ36,B0017OEGX0,B0002OCNMC,09a7ec86c95b87f8b00fe4271cdcd069213ec3e20872fc7f8cf932bf198848a7,3.0,193.0,64.33333333333333,83.0,1.0,1.0,189.0,63.0,248.0,82.66666666666667,0.32086282440175257,0.19767441860465115,102.0,237.0,2.236028027951023,1.9459101490553132,0.3333333333333333,10.0
A1JFYDF90M3WF5,fit,B00GLS593S,B0062GZB4Q,B002UUT3AG,09b327dfb70098484080b953162fd92fc58710552225e77dcf24d09e66459b0b,9.0,456.0,50.666666666666664,83.0,1.0,1.0,440.0,48.888888888888886,830.0,92.22222222222223,0.4158679250598698,0.08436724565756824,307.0,710.0,4.04443751596372,2.9444389791664403,0.0,10.0
A3VQTONR685S54,fit,B000N2OC2C,B00021AQCY,B000O7JNC0,09b971cad71e074962dec258d7b9f827994a245bfb2b170f6c9b9c0c09ee00dc,8.0,493.0,61.625,83.0,1.0,1.0,477.0,59.625,917.0,114.625,0.3455626444798244,0.07083333333333333,273.0,631.0,2.3901745017675182,1.6094379124341003,0.5,10.0
A3W1EVB3ZIWMQ4,fit,B006L16BHS,B001G3VA22,B005XHEEZM,09be2882774798cc05e8a2d006a76993f2614edb9d274eebcccd4ddcf6eb4e6d,3.0,192.0,64.0,83.0,1.0,1.0,188.0,62.666666666666664,195.0,65.0,0.35122887864823343,0.2833333333333333,102.0,237.0,3.4107265339461263,1.9459101490553132,0.3333333333333333,10.0
AA7RBWALJYOX0,fit,B0062MAAAK,B005BF1M10,B00912CL5K,09c08cd7da8427718ba924c05547df4f39418c98c2c435b7885aaf2d6cbc6988,2.0,134.0,67.0,83.0,1.0,1.0,130.0,65.0,233.0,116.5,0.2751322751322751,0.1574074074074074,67.0,159.0,4.83096270784895,4.189654742026425,0.0,10.0
A15Y4N20QARJU2,fit,B006YIUK98,B00AZBTUNC,B00B0JW968,09cac2ee0537fff5b495202ae42cc7db58f836c5c3b44e370782d9a91d8e15c4,4.0,176.0,44.0,75.0,1.0,1.0,176.0,44.0,176.0,44.0,0.46346348476285903,0.3119266055045872,133.0,318.0,3.061203118461526,1.6094379124341003,0.25,10.0
A3FWVV13DJELLV,fit,B00HM6K6XQ,B00GTBZ7HA,B00AWLBAE2,09cd8a12a132a963f854be5aaa548767bf95eacb2c96567dae0819658774c522,20.0,860.0,43.0,82.0,1.0,1.0,843.0,42.15,1160.0,58.0,0.47299192376422977,0.09234828496042216,702.0,1558.0,3.7959830742575265,2.197224577336219,0.0,10.0
A8STGPR3T3MS8,fit,B005YB36O2,B007U90J5U,B000Q7UKC0,09cfe02da0b586767bca9a8b62a2f55d3728e094b93a991fb9f5e5ebaf22ef17,4.0,312.0,78.0,83.0,1.0,1.0,300.0,75.0,434.0,108.5,0.25399761938816245,0.17616580310880828,136.0,316.0,3.400448111824305,3.1354942159291497,0.0,10.0
A39B1M31T3QRPW,fit,B001711FMI,B001E76B0G,B000KFX10G,09e137f7cb5247c9ca1af87b0caccf7d4518535d6b38b6f06c02add9c310098b,2.0,166.0,83.0,83.0,1.0,1.0,158.0,79.0,221.0,110.5,0.24285714285714285,0.2,68.0,158.0,2.820953535469057,1.791759469228055,0.5,10.0
A2JJDROOLVYHXG,fit,B0081E6YX4,B0033PSM4K,B0014A5P8C,09e6b8944966622eb3e3310a91e59b22c0facebb1b4b2e092a0d3cd325d6ba4f,2.0,166.0,83.0,83.0,1.0,1.0,158.0,79.0,236.0,118.0,0.2261904761904762,0.20238095238095238,68.0,158.0,2.2499048351651325,2.197224577336219,0.0,10.0
A1QWZKOI626O31,fit,B004ZD2M6I,B004O3TZUK,B000PLUZL8,09e7ccf26992b2bd2a038ea208d43f6ba1736a2ea16199728254ad7914eab0ef,5.0,337.0,67.4,83.0,1.0,1.0,325.0,65.0,688.0,137.6,0.2822949286581487,0.0859375,169.0,395.0,3.3351258545378832,1.791759469228055,0.2,10.0
A15GQR43U1CHGH,fit,B004W4P7AI,B001DO9VE8,B000RY5YY6,09ed03bd55185ddd235e949e89eaff65811774f21f717f12e1ed0a009260ea1b,2.0,166.0,83.0,83.0,1.0,1.0,158.0,79.0,491.0,245.5,0.1392993257109352,0.08970976253298153,68.0,158.0,2.871501593904741,2.5649493574615367,0.0,10.0
A3L61G6N7AT8N2,fit,B001BAN0FK,B002DMK0EE,B0023A7JF4,09f0efc95b017e970ecc7240fde982e4e52dfab66cb21c3c5b6a6ef0d932d865,6.0,458.0,76.33333333333333,83.0,1.0,1.0,438.0,73.0,1133.0,188.83333333333334,0.19802035888605615,0.07391304347826087,202.0,475.0,2.6637073280903674,1.9459101490553132,0.16666666666666666,10.0
AY22VOIZDC2RH,fit,B0030O3VRW,B002HEIGKS,B003MJ7Z0O,09f6d5b41d5d0951cf2a6c9dbdad502cd9761137157fa14e4dc2769b0c3282e6,2.0,78.0,39.0,41.0,1.0,1.0,78.0,39.0,78.0,39.0,0.4661032863849765,0.4533333333333333,68.0,158.0,3.398970206487465,1.9459101490553132,0.5,10.0
AASV5TVYV24UF,fit,B000053676,B000ODNSR0,B008098AVO,09f7e5cf25f1baf939656d08d49d3151306e1b969f58b2d4fba8f5f20d646d6a,4.0,267.0,66.75,83.0,1.0,1.0,263.0,65.75,943.0,235.75,0.2803931005084538,0.04287515762925599,136.0,316.0,2.7693018284227606,1.9459101490553132,0.5,10.0
A7CB5JF5JNW1Y,fit,B008GOR6O0,B006ON74II,B00AEYGIR6,09f88fa64b36e0d304a6d78b91011e105f13f4e93e01a137d532ded7a09c0609,2.0,80.0,40.0,60.0,1.0,1.0,80.0,40.0,80.0,40.0,0.4956658786446021,0.3617021276595745,68.0,158.0,2.567899218525131,2.3025850929940455,0.0,10.0
A1BZVJF5WSQMEQ,fit,B003USIHZY,B0038U4U3M,B0050RY36K,09fd06f31209b0cf9a5f614f269aef4df7e174fbc7f4a2e7af6ded5e1d41448c,20.0,1502.0,75.1,84.0,1.0,1.0,1449.0,72.45,2866.0,143.3,0.24647836162949588,0.06640625,677.0,1581.0,2.4739527519219555,1.0986122886681096,0.3,10.0
A23RK31HI945OU,fit,B001GMUCUY,B000ZV0D9W,B008LF5U7E,0a0468d6b85008b379acc478261ea87fa14a6e99216c97d84187af53338f2502,20.0,1291.0,64.55,84.0,1.0,1.0,1252.0,62.6,2363.0,118.15,0.3352417477011646,0.04287515762925599,677.0,1583.0,3.1945452248357364,1.791759469228055,0.25,10.0
A1WINBPELZ0YAZ,fit,B000NYL3NQ,B005HIH7YM,B001AO0WCG,0a134f3c831df499077dca75df5a972fdfbf0468d536a336a2f53c2a46c2e57c,10.0,645.0,64.5,84.0,1.0,1.0,625.0,62.5,810.0,81.0,0.3411771477360369,0.192090395480226,338.0,790.0,2.773452088531129,1.6094379124341003,0.4,10.0
A1REM7I2ZEE195,fit,B006Z43V38,B0002Z0U5I,B004WHC5G4,0a14d592753621b8ceb7d324514792b0fd7316d02346ab9316fe2a73c61a08a4,13.0,885.0,68.07692307692308,84.0,1.0,1.0,863.0,66.38461538461539,2396.0,184.30769230769232,0.28159404704598434,0.039951573849878935,438.0,1030.0,2.399141364558169,1.6094379124341003,0.3076923076923077,10.0
A3H2UW6OLVEWXA,fit,B006UET4XE,B001V3TVEQ,B005LN66Y0,0a14f2abeae5609d6012ce04680a57d61ed75a02c77cf7aaf281a08012a3b009,14.0,868.0,62.0,84.0,1.0,1.0,840.0,60.0,1312.0,93.71428571428571,0.3429413077892784,0.11333333333333333,477.0,1105.0,3.6731014167307854,2.197224577336219,0.0,10.0
A2GF3SFSVJY6Y9,fit,B005FYJB92,B00593FFDU,B000UGVVHK,0a154af6540678b49475d6274f7f0a48aca254cbcc4b8ecff2ba2e8274687340,3.0,192.0,64.0,83.0,1.0,1.0,188.0,62.666666666666664,259.0,86.33333333333333,0.3389725214826215,0.18478260869565216,102.0,237.0,3.215940269838786,2.0794415416798357,0.3333333333333333,10.0
A1C39GTHFITRZV,fit,B0048KSGZO,B001FS0HAY,B004WPGXSW,0a2d6bb20843ede41e59d4aececa629a5f8f6f6d4e48871337b9f9a401967d3a,2.0,105.0,52.5,83.0,1.0,1.0,101.0,50.5,149.0,74.5,0.40559006211180126,0.2111801242236025,67.0,159.0,3.1934396596813226,3.0910424533583156,0.0,10.0
A19FRW264WZTGP,fit,B00GLS554Q,B00GXZS7AG,B002TSA916,0a2dfac89028aad823c28bd0c259247f1c025bbd4b44ec22b1d25e12af6a8a14,20.0,662.0,33.1,83.0,1.0,1.0,658.0,32.9,665.0,33.25,0.5444672124344799,0.2833333333333333,695.0,1565.0,4.478374809746851,1.791759469228055,0.05,10.0
A3DRQY6RQ3OX2M,fit,B005D2SFAC,B0020MM8TW,B000C230QC,0a316e1f0be87efb6cc5cea503235a87a7049c7e2bfa7dd296f14ef4b1e438eb,2.0,166.0,83.0,83.0,1.0,1.0,158.0,79.0,280.0,140.0,0.195926477893691,0.18579234972677597,68.0,158.0,2.6441335153472676,2.3978952727983707,0.0,10.0
A3VOCZLNO9ZAIZ,fit,B000HRVC5I,B000R87B1Q,B001MA0QY2,0a32e0a6bdb49727f30b5eda76c1fc3c6519613d55247aa08fb665503d3db0da,2.0,98.0,49.0,83.0,1.0,1.0,94.0,47.0,212.0,106.0,0.4205318491032777,0.1471861471861472,68.0,158.0,4.3431303162658885,3.4339872044851463,0.0,10.0
A2IB2YKTQP2QNP,fit,B00DQUVXPW,B000C1UD4K,B00493YBXG,0a331b00c8272219c07c27e1bedd9d7106e923c3cb0a05d6771b48c849377de3,2.0,126.0,63.0,83.0,1.0,1.0,122.0,61.0,145.0,72.5,0.34577922077922074,0.25,68.0,158.0,2.255429753258425,1.9459101490553132,0.5,10.0
ADP1C0LG8UIUK,fit,B003LSDQJA,B0017TOHFW,B004WO9EDY,0a3603c1233eee0e8825cbf8a7dc669e2a6ca0f61cdb5ea4d2a31303ed6ff8b4,7.0,472.0,67.42857142857143,84.0,1.0,1.0,460.0,65.71428571428571,709.0,101.28571428571429,0.29955092541531997,0.1588785046728972,236.0,555.0,2.801631215753768,1.9459101490553132,0.14285714285714285,10.0
A237JTJL7S3RY7,fit,B003COAFPQ,B000FQOQ5Y,B000ZMBSPE,0a3ea276dfb8dc937ec665e1fef47ae4afe5bd8377c8dc1ce3c0fa071ac838cd,4.0,334.0,83.5,84.0,1.0,1.0,318.0,79.5,949.0,237.25,0.17107417875415004,0.06483300589390963,134.0,318.0,3.973825509602099,2.197224577336219,0.0,10.0
A23QYER72240LL,fit,B0018DAUKI,B000KFX10G,B0000Y3FRG,0a41ebf4a8dd51e7839ef83f123d9d955f088e2accb7cbb9da6e9ac953f67e2b,2.0,164.0,82.0,83.0,1.0,1.0,158.0,79.0,217.0,108.5,0.24782608695652175,0.2,68.0,158.0,3.608721715848266,3.3672958299864737,0.0,10.0
A3IFT8N1349D6J,fit,B006GQB6BE,B006GQE27E,B000XE6336,0a428e0e30fb83d1ef25f0b9dc0d655b4c4240a83d17fd9ed86bbf8949e63d2d,7.0,515.0,73.57142857142857,83.0,1.0,1.0,507.0,72.42857142857143,565.0,80.71428571428571,0.3047606450632978,0.2236842105263158,239.0,551.0,3.2123014490218216,1.791759469228055,0.2857142857142857,10.0
A1W522Z24EPBJB,fit,B008LABTLK,B0064ION50,B004WB892E,0a436d8fa8d2b9dc5e164fc3cb1bf829398e1a3db0f76a259ff9692739e63f86,4.0,265.0,66.25,83.0,1.0,1.0,261.0,65.25,266.0,66.5,0.345486440191939,0.288135593220339,136.0,316.0,2.514802106883226,1.6094379124341003,0.5,10.0
AL63PFK6S156O,fit,B006RFZ66K,B007RTR8UW,B0039UTO3M,0a49a363e03aa8d4de5b95e89c422c490e656cbc95b370851ec7a81737fefc5a,3.0,54.0,18.0,19.0,1.0,1.0,54.0,18.0,54.0,18.0,0.6543396226415094,0.6415094339622641,102.0,237.0,4.477032432184241,4.442651256490317,0.0,10.0
A1JVEOIYFZO6T0,fit,B0043OYFKU,B0042SHWXY,B000UVZU1S,0a54927665ead38ae25b41c0c684d56ee75bf60e78378ecebd2fc449cfa20bb0,2.0,101.0,50.5,61.0,1.0,1.0,101.0,50.5,101.0,50.5,0.4120213963963964,0.3645833333333333,69.0,157.0,3.7108878968223236,2.0794415416798357,0.5,10.0
A3V0YM2XXOEKIJ,fit,B005SJSQIG,B004Y3H7MS,B003ZS6OJK,0a5792919773f1bc22ee84b889da363ceb7868d7706a491d1558317c73002707,4.0,286.0,71.5,84.0,1.0,1.0,274.0,68.5,377.0,94.25,0.29685753146205124,0.2037037037037037,135.0,317.0,3.0848009895333393,2.6390573296152584,0.0,10.0
A3T5FHZQQBBLM2,fit,B001OVQSJG,B000LPJASC,B002UUT38I,0a63a1003307fb325ec69b45c61deea3d426227f0daab94c4d351611a877332e,4.0,279.0,69.75,83.0,1.0,1.0,271.0,67.75,424.0,106.0,0.2832997186478554,0.1440677966101695,135.0,317.0,2.8993993602568566,2.5649493574615367,0.0,10.0
A1G84IQN41L3H,fit,B002LFNQT4,B000YTGT6Q,B001F51THW,0a64a9dcdf1b9151f2cc8d4ad18fff2bf845b21c9f6e7db4fa24356cff54af67,3.0,250.0,83.33333333333333,84.0,1.0,1.0,238.0,79.33333333333333,393.0,131.0,0.2083685722103801,0.1864406779661017,101.0,238.0,2.109312261243065,1.9459101490553132,0.6666666666666666,10.0
A8DZKOEN0DNRA,fit,B009RNUH7M,B007JT7AIA,B005TI7L6O,0a6589f2dc02fdbe75d47596a09e5c5207acd7c8e9b5bad370999e46c4c53c49,3.0,98.0,32.666666666666664,47.0,1.0,1.0,98.0,32.666666666666664,98.0,32.666666666666664,0.5280687724910036,0.4268292682926829,105.0,234.0,4.30250014897378,3.988984046564274,0.0,10.0
A20U6VK8RTVZCZ,fit,B002DUDEQ2,B001FB5IIC,B000052YMR,0a81a9bdaad929d8a368c027629110731eed3ac9e395be6e6f1bd8623d5a1204,2.0,113.0,56.5,82.0,1.0,1.0,109.0,54.5,160.0,80.0,0.36824577861163227,0.21341463414634146,69.0,157.0,3.372618174742181,2.833213344056216,0.0,10.0
A3RA0CMD7DZJQE,fit,B004GH99QO,B0009F3OS6,B000VUO8VG,0a83cbe4650768211161fd9b5aaa7081ceee4ee5fe69f6d69efd75151ccd0472,2.0,123.0,61.5,73.0,1.0,1.0,123.0,61.5,123.0,61.5,0.36125945705384954,0.3177570093457944,68.0,158.0,2.6020033435383976,2.5649493574615367,0.0,10.0
A1ERKMAU16TGF4,fit,B0011DUE9C,B000PT951G,B0009EILKS,0a85c4e48a20b8cbd23ac077216b175df15977d1d0cfc613e4bc269a707aa28d,2.0,91.0,45.5,68.0,1.0,1.0,91.0,45.5,91.0,45.5,0.46130952380952384,0.3333333333333333,67.0,159.0,3.6632328069201607,2.772588722239781,0.0,10.0
AGPYDOWANUQNO,fit,B00DH0TRYA,B00CC7TBHM,B004DK0UDA,0a85ca1a8014f811f7a4f647c9938cdda4d0121a3cee56de20a79ef5c0452753,9.0,692.0,76.88888888888889,83.0,1.0,1.0,664.0,73.77777777777777,1524.0,169.33333333333334,0.2233474961115921,0.0737527114967462,307.0,710.0,3.504859780619274,1.791759469228055,0.2222222222222222,10.0
ACBVVVCCALVHD,fit,B009SCRSHE,B002HEW8C0,B000GHGWKY,0a8786d8267b063309fd630f7344681c8908152602b7c04d0db6843ff50314f0,3.0,198.0,66.0,83.0,1.0,1.0,194.0,64.66666666666667,378.0,126.0,0.2952880598140537,0.11447811447811448,102.0,237.0,2.214596577715891,1.791759469228055,0.6666666666666666,10.0
A1Q8CI9UMNUT0P,fit,B007IVRASY,B004VQ7CSM,B0002DTV0K,0a8dd487aa7464759c38bbbca9a70b562e5abe5f60d48499eeb9d346f5e2589e,2.0,115.0,57.5,83.0,1.0,1.0,111.0,55.5,443.0,221.5,0.29473791973791974,0.07432432432432433,67.0,158.0,2.0794415416798357,2.0794415416798357,1.0,10.0
A2SDBRNFIE0NKD,fit,B00A76CPUA,B008G95K70,B000I5MJ8S,0a92e05cba1e64e2ba0c0d9588522f205e7c8ed7fdfd880b5403b9c0065d9fbc,6.0,360.0,60.0,83.0,1.0,1.0,352.0,58.666666666666664,836.0,139.33333333333334,0.31286168140924925,0.08651399491094147,202.0,476.0,3.477041518503448,2.197224577336219,0.0,10.0
A1JBBR4MNGQ70G,fit,B001ECQ4OY,B00AE07CTI,B006BNFXHU,0a97d75dfdbd58dd00b4f4150600b3f4c9257b5af59e997d0d1d7a8b7a09a7aa,7.0,194.0,27.714285714285715,39.0,1.0,1.0,194.0,27.714285714285715,194.0,27.714285714285715,0.5570848657815629,0.4657534246575342,238.0,553.0,4.48222617666423,3.7135720667043075,0.0,10.0
A3UKBFFKI700J4,fit,B0031B54EM,B001A6K9NG,B0017SWIU4,0a9cc137b4c0a202405cbf673c6ee9ae386a714b9d8c4ef0d57e215de9025afa,2.0,161.0,80.5,84.0,1.0,1.0,157.0,78.5,255.0,127.5,0.23135220528585457,0.15639810426540285,67.0,159.0,3.1883634739493134,2.4849066497880004,0.0,10.0
A19HDB4BN6RFFT,fit,B009RNUH4A,B0094GGRTY,B007NQO5EG,0aa4861c1346a2f64608cf178fb6fd83c3ff2989be8ed154c3ac21b5f88ae241,20.0,1481.0,74.05,83.0,1.0,1.0,1430.0,71.5,2266.0,113.3,0.27606638469276773,0.09742120343839542,678.0,1582.0,2.8533782886041874,1.6094379124341003,0.3,10.0
AXAJXJZUL2J5P,fit,B00BTISDW4,B006L6AA8Y,B002TSA916,0aa762b39fb181319f4d21d92df2dd4ed84796248d503d149bff099767e7e5da,12.0,586.0,48.833333333333336,85.0,1.0,1.0,574.0,47.833333333333336,954.0,79.5,0.4170971114891719,0.09482758620689655,414.0,942.0,3.934945138466251,2.5649493574615367,0.0,10.0
A22PQDTJ2F31NA,fit,B005JTSS6K,B002GENWU8,B000RRKCVS,0aadaf59c503780e33630ceb10f2d4e9f37ff2f878fec5c177666f352452423d,4.0,224.0,56.0,83.0,1.0,1.0,220.0,55.0,254.0,63.5,0.41530582045560366,0.23129251700680273,136.0,316.0,3.4262229493729772,2.995732273553991,0.0,10.0
A26BFVZVU268J7,fit,B003TQU1Q0,B006NMY0MS,B004CDQ73K,0ab1af89359ff34d7643310fae018e31d0d400a166567cac23ea6f5c0a493f73,2.0,166.0,83.0,83.0,1.0,1.0,158.0,79.0,687.0,343.5,0.08950774995741781,0.0825242718446602,67.0,158.0,2.5184763012068148,2.3978952727983707,0.0,10.0
A24AOGQH7N9G20,fit,B0046KN6FG,B00027DDOQ,B009JJA49U,0ab384dade243c00e017cf0612a087dfb823268e36e07987bb4290f369946ddd,4.0,254.0,63.5,83.0,1.0,1.0,246.0,61.5,612.0,153.0,0.3031074570983594,0.07780320366132723,136.0,316.0,2.833264224284335,2.197224577336219,0.0,10.0
A1QELVSJYA3JMF,fit,B00005UQSP,B0012TCFBA,B00198ZOU8,0ab694ba94e7fb2c257547dade25fe978dda872c592a83561351fba2e793ffb1,2.0,118.0,59.0,64.0,1.0,1.0,118.0,59.0,118.0,59.0,0.35984848484848486,0.3333333333333333,66.0,160.0,3.149474623427971,2.0794415416798357,0.5,10.0
A3PZFZIK2EZZRZ,fit,B003LYDBCG,B005XP4YNQ,B004DP7DPI,0aba0e5887199e82408ed8775fe740e99449baffa2f92766d3cc1c4f696c5ada,3.0,200.0,66.66666666666667,83.0,1.0,1.0,192.0,64.0,553.0,184.33333333333334,0.2622097754799177,0.08056872037914692,102.0,237.0,3.1982620376200903,2.833213344056216,0.0,10.0
A16Z2OECAUX8Z4,fit,B00GTC0DFK,B009ZRFJFA,B007PAD71M,0abc6ae73d30399b214e608f96d10c591e81f987f125135610dcdc8cc6a2598f,18.0,607.0,33.72222222222222,78.0,1.0,1.0,607.0,33.72222222222222,607.0,33.72222222222222,0.5373844024761467,0.30357142857142855,613.0,1421.0,4.380904984530533,2.772588722239781,0.0,10.0
A28GP6MM98M33H,fit,B0009OAIB8,B004EWS5F2,B000UOKXTY,0abcb1a224530412c90a2e679afb6dd89111d04a4694d52f89eb82d89a08a851,9.0,512.0,56.888888888888886,83.0,1.0,1.0,500.0,55.55555555555556,678.0,75.33333333333333,0.3608794917650655,0.171875,305.0,711.0,2.489030522812624,1.3862943611198906,0.3333333333333333,10.0
AZGWU83KK5HJR,fit,B0043OSKZG,B001392TJM,B00006IV2F,0abe65f876a92c30310aaab4d181578a18013a52e7401c41937a81316ed16e9f,2.0,153.0,76.5,83.0,1.0,1.0,149.0,74.5,163.0,81.5,0.2973198061780739,0.2677165354330709,68.0,158.0,2.9540414690844656,2.0794415416798357,0.5,10.0
A3EE0H0NWQ9QVL,fit,B007K449EC,B007RTR8T8,B000GUZ8HY,0ac70997984e4f20d57153f6cb1f39a4b58fa8f1983399fe92dd08d0d278dc6d,2.0,106.0,53.0,84.0,1.0,1.0,102.0,51.0,815.0,407.5,0.323547215496368,0.039951573849878935,67.0,159.0,4.46292659521046,4.330733340286331,0.0,10.0
ABOUA4742FX7H,fit,B002QGO5YS,B001ECQ4JE,B00027DMLK,0aceaab35f2d1e743af12308ffbd66d523cadeb243681c5a00f0e0a021041ffc,3.0,157.0,52.333333333333336,83.0,1.0,1.0,153.0,51.0,187.0,62.333333333333336,0.40573408588811605,0.23129251700680273,102.0,237.0,3.59989253756776,2.3978952727983707,0.0,10.0
A3N6RSJG0G9119,fit,B008CC45I6,B005OZXHEW,B001UREIFU,0ad2de778c8e893a8ece690ac145870ff339975b4036420234ae6e8765500d47,5.0,336.0,67.2,83.0,1.0,1.0,332.0,66.4,344.0,68.8,0.3372236640001346,0.272,169.0,396.0,2.45963553887711,1.3862943611198906,0.6,10.0
AYG2SBEV15LXV,fit,B00021AK4I,B00127O510,B002TSA916,0ad4459a2b4e7ee07ef2c6de07b0a09991c126e198af0b05a971c6f5753772ee,3.0,147.0,49.0,83.0,1.0,1.0,143.0,47.666666666666664,156.0,52.0,0.43774354610338256,0.2698412698412698,103.0,236.0,2.9024943059531227,1.9459101490553132,0.3333333333333333,10.0
A2GA26AEIRRJVY,fit,B005G9E98O,B004JLEGM4,B00021AYF8,0ad4f1bd797136da720214dda63ff4b08f33fbf13320d9d90e6c52f7774df0b5,3.0,190.0,63.333333333333336,83.0,1.0,1.0,186.0,62.0,208.0,69.33333333333333,0.35964332416931805,0.2518518518518518,102.0,237.0,2.6551818577099975,1.3862943611198906,0.3333333333333333,10.0
AXLIUOOGWE6PK,fit,B00DQ2ILQY,B0068Z7MT8,B0013CSGBE,0ad8132920df5246450ec749df8ee1a91a15ec36755a97312a303e8703c0a910,4.0,332.0,83.0,83.0,1.0,1.0,316.0,79.0,603.0,150.75,0.18792324613773934,0.15246636771300448,136.0,316.0,3.6289837983736124,2.4849066497880004,0.0,10.0
A1N10QK9A65QFC,fit,B005PZ2PNK,B001GEEQ90,B004ISU5V4,0ade4744767ab2ae1ef88acfbb8115b9cf75161ca5d3ab804a446c6c450d62f1,2.0,166.0,83.0,83.0,1.0,1.0,158.0,79.0,240.0,120.0,0.2328042328042328,0.17989417989417988,68.0,158.0,3.838931750339105,3.58351893845611,0.0,10.0
A3H4TT2TY77XQE,fit,B003V265QW,B001B1831U,B000JKN4X6,0ae0dd53939190b7e2f856d6adc6a42cdbff8a880d7eb6d1937a8833b51e6bf5,2.0,142.0,71.0,83.0,1.0,1.0,138.0,69.0,185.0,92.5,0.2890456989247312,0.2125,68.0,158.0,2.470821211304652,1.6094379124341003,0.5,10.0
AGLDQK4S01KPH,fit,B002A0W3PI,B000WYZ9Q4,B001MIZC6G,0ae49daa156cee326da26124afa59fe08edc4842e415d967acf75140c44a7421,3.0,201.0,67.0,84.0,1.0,1.0,197.0,65.66666666666667,205.0,68.33333333333333,0.3385663867591578,0.2727272727272727,101.0,238.0,3.0575461682640572,2.197224577336219,0.0,10.0
A8AH766YWOPC,fit,B001G7PPNI,B0010K9NH0,B006ZUEMSA,0ae8ebd1314f93c79569ef40d9d549efcf1f2f0f3243e7781d4b02d9b7299e1a,3.0,99.0,33.0,64.0,1.0,1.0,99.0,33.0,99.0,33.0,0.562900409205828,0.3469387755102041,102.0,237.0,2.3052411495437712,1.791759469228055,0.6666666666666666,10.0
ACNON4BZACUUL,fit,B00433VGVW,B00008MNZH,B000052YMS,0ae97720f3cd3b9a9752eac9049c29039edd010660476627ef432f81737e0586,2.0,120.0,60.0,83.0,1.0,1.0,116.0,58.0,167.0,83.5,0.3430951563036757,0.2073170731707317,68.0,158.0,2.908555579981602,2.0794415416798357,0.5,10.0
A2NSDP0SJZNTUJ,fit,B000EBZ7XK,B008WA2K9O,B000OFAASI,0af3afba3f3618a9f4f13b24ab625009d81402fa1897401564f1ba43e2ba118e,2.0,166.0,83.0,83.0,1.0,1.0,158.0,79.0,271.0,135.5,0.2006755345079741,0.19653179190751446,68.0,158.0,1.868834809141684,1.791759469228055,1.0,10.0
A1TRAEV7QWA5DX,fit,B000NB1OMO,B00AK4QS7A,B000JL7Z5S,0af7bb7bf7e2a1a1dc109cc11e54fcaa8ec8dae56be0ce818e866008d00e6977,9.0,354.0,39.333333333333336,82.0,1.0,1.0,346.0,38.44444444444444,1092.0,121.33333333333333,0.4610115995733967,0.04936530324400564,309.0,708.0,4.1025813413322325,3.4657359027997265,0.0,10.0
ATFF2VYMB77OO,fit,B0010P55I6,B006QO4BRM,B009A9LBL4,0af9809b3c4e9e73c95779d1879d0a50c00fb5e62033ca10c2742f8ce6ddec25,3.0,214.0,71.33333333333333,83.0,1.0,1.0,206.0,68.66666666666667,543.0,181.0,0.22349161021682387,0.09770114942528736,102.0,237.0,3.0275023334887656,1.3862943611198906,0.3333333333333333,10.0
A28BWZTGI4XBKZ,fit,B006OZF4KG,B002LB75AO,B00112TIE0,0afe21f1a3be1b7e62cf980845454b408f2245a7fc2cb2d4ad1b622d207f7d3f,2.0,130.0,65.0,83.0,1.0,1.0,126.0,63.0,186.0,93.0,0.30814243916363376,0.19653179190751446,68.0,158.0,3.650573902928016,2.9444389791664403,0.0,10.0
APSY52Q4Y7VF8,fit,B008CEDY5O,B004ATTGSY,B0002JMZ7A,0afec7f73643c2051b116f3f02af45d38384b110698119c498704ad49025143b,3.0,248.0,82.66666666666667,84.0,1.0,1.0,238.0,79.33333333333333,311.0,103.66666666666667,0.24956679985757804,0.21019108280254778,101.0,238.0,2.450813700081194,1.6094379124341003,0.3333333333333333,10.0
AEIN5IXMQM81Z,fit,B009GEUPPG,B009GEUOZ2,B001KYQ4HS,0b008e74528afdc5031de84554e7571330bbb2b3a8f7bb90ac279754c0421ffc,2.0,117.0,58.5,83.0,1.0,1.0,113.0,56.5,155.0,77.5,0.36330060776063583,0.21935483870967742,69.0,157.0,3.3522071774820534,2.833213344056216,0.0,10.0
AIMM2VH2JMKGN,fit,B0061YLQGQ,B005D0WXPC,B002GDIKK6,0b01a2331d5ac3dee5fd81c726bdf5bfd791ff9816e82d02aaa0de8d0ba1f65c,2.0,165.0,82.5,83.0,1.0,1.0,157.0,78.5,237.0,118.5,0.22667210090522974,0.2085889570552147,69.0,157.0,3.4148968687562125,3.2188758248682006,0.0,10.0
A265UBIEL8CDQU,fit,B000X1YING,B00507T7XO,B000O2TBEK,0b02f2d5da65263debb16fd66b65e99e9ac6bb18dfc2ff2dd976146d5ef7eb2e,7.0,470.0,67.14285714285714,83.0,1.0,1.0,458.0,65.42857142857143,655.0,93.57142857142857,0.3098746870643923,0.18085106382978725,238.0,553.0,2.5378103014773394,1.791759469228055,0.42857142857142855,10.0
A24UD1Y6LCUTKW,fit,B008XKBW4M,B0077HOFKU,B000VV1ZMU,0b07c212b636eca86890af61be078e32c7c12dadf754a692edced9dcc502252b,4.0,227.0,56.75,83.0,1.0,1.0,223.0,55.75,279.0,69.75,0.36230234278952905,0.20118343195266272,135.0,317.0,2.7921682602575135,1.6094379124341003,0.25,10.0
A2DG0MT6A0EYXI,fit,B005FYJB92,B001TJXI5U,B0014ZWHZ6,0b0a287093a0f747f66c05084498f952fb037e53ead08a5fe173fd75df5da07f,9.0,470.0,52.22222222222222,83.0,1.0,1.0,458.0,50.888888888888886,550.0,61.111111111111114,0.4195664208973826,0.20359281437125748,307.0,710.0,2.9055507776165794,1.6094379124341003,0.4444444444444444,10.0
A1S7768UH2PFEO,fit,B003SSTOYE,B00383XLTS,B0016Q1RI6,0b17873c84f6092762ae1a11d50b53c3b917244f98ccec79bd45802e908b68c9,2.0,114.0,57.0,67.0,1.0,1.0,114.0,57.0,114.0,57.0,0.37819337489304483,0.33663366336633666,68.0,158.0,1.791759469228055,1.3862943611198906,0.5,10.0
AB24LMHHPLUEG,fit,B002H937FW,B001KYVL2G,B001ESE2KG,0b19940a671ac0984c26a03b0e578287673618f8431b452924f1f6fddb74868b,4.0,289.0,72.25,83.0,1.0,1.0,281.0,70.25,506.0,126.5,0.2590498203279313,0.11724137931034483,135.0,316.0,2.1312903402663537,1.791759469228055,0.75,10.0
A3EXW4HNYX7HF5,fit,B000R46I1O,B007E0FQ1W,B000R8PC9E,0b1e1fcb264561979318a88dcef241f46dd7596439ab3582bb129d7bae681dc5,8.0,400.0,50.0,83.0,1.0,1.0,388.0,48.5,1466.0,183.25,0.3716435462348517,0.043373493975903614,277.0,627.0,3.891900058168714,2.3025850929940455,0.0,10.0
A17O6HJ97XZTDV,fit,B000GFSVOQ,B008CEDY5O,B0002JKQ8K,0b2405029be7c8518309bba9d7c4f908b54e140a1f7cab49378c92709d9f096c,4.0,330.0,82.5,84.0,1.0,1.0,317.0,79.25,960.0,240.0,0.18443010587706204,0.06759443339960239,134.0,317.0,3.3268370129044413,2.0794415416798357,0.25,10.0
A30TZV0BSMUEME,fit,B004D24818,B0055HK65W,B000BU7G1A,0b278465991e65d7b41d05edd051e6c78af90cf5ca271fe32447126ba4503ac5,5.0,299.0,59.8,83.0,1.0,1.0,291.0,58.2,601.0,120.2,0.31080698457302647,0.11604095563139932,169.0,396.0,2.7338517201860744,1.9459101490553132,0.2,10.0
AA3LJIPB723FW,fit,B002QF4UYY,B00112TIE0,B0001M3K4U,0b2dbf7abd2668ea1df0fb8c2511d47d4c482425851071ae2f189d34e4dab2bd,3.0,129.0,43.0,47.0,1.0,1.0,129.0,43.0,129.0,43.0,0.44235498421190966,0.41975308641975306,102.0,237.0,2.9844173882030116,2.3978952727983707,0.0,10.0
A2SXQUUVSYJPWI,fit,B006WVCF18,B000QB77NQ,B001JHZ8H8,0b3a04f30c68fea028498218f5f4c171a231f754322f3f9e8ec6bfc2f5c122e9,4.0,214.0,53.5,83.0,1.0,1.0,206.0,51.5,319.0,79.75,0.3952708304142731,0.17435897435897435,135.0,317.0,2.9481841607603596,2.0794415416798357,0.25,10.0
AHYPRXI7F5QXS,fit,B000VDUOFM,B003GYVTI4,B00428EJXU,0b40b6b849b4c58f5ef17cd5bca0f3882a16c30cbcfba90233f2444918ac5f7f,20.0,1403.0,70.15,84.0,1.0,1.0,1363.0,68.15,2756.0,137.8,0.2820831670029666,0.04287515762925599,679.0,1581.0,2.7374065750055108,1.6094379124341003,0.25,10.0
A1YFMKO8JTHO2,fit,B0000BV14G,B005Z6K2T8,B003TTB4SG,0b40b81940a39142494348d13d39f88a0889d647a976cb290061cf94641046e0,9.0,685.0,76.11111111111111,84.0,1.0,1.0,657.0,73.0,1870.0,207.77777777777777,0.2053527586854161,0.07657657657657657,305.0,712.0,2.710923274669448,1.791759469228055,0.4444444444444444,10.0
A243HGRMEUOTK7,fit,B001D9U07A,B001U2BUJW,B0038RFM32,0b42d0f434d635594d2e31ec261a4545451ce33ec7e3186738fc2a2e58c70699,3.0,207.0,69.0,83.0,1.0,1.0,199.0,66.33333333333333,294.0,98.0,0.29341504446046623,0.2,103.0,236.0,2.849951324551929,1.791759469228055,0.6666666666666666,10.0
A23LL6RVBJALL,fit,B00I46E8DC,B00DG7YJQA,B0009OAI18,0b4a3b8ffe224685097c0f6196f138af2b9c4d15e35850e2f375581c86ff158d,2.0,145.0,72.5,83.0,1.0,1.0,141.0,70.5,453.0,226.5,0.21708333333333335,0.08,68.0,158.0,2.445174564110877,1.9459101490553132,0.5,10.0
A4W8OI7G8OTHE,fit,B005PZ2PNK,B002MZ8BK2,B000AA5VZY,0b506951174961d6f85c2f7c2aaf8ae42cee994d6619f8563ca296df34ae77a8,3.0,146.0,48.666666666666664,83.0,1.0,1.0,142.0,47.333333333333336,146.0,48.666666666666664,0.46636999598672074,0.2905982905982906,102.0,237.0,4.5936010548146236,3.784189633918261,0.0,10.0
ASWIC85F71H4J,fit,B004UBCWXS,B004MAO6NQ,B004V4MQ2Q,0b5076677843ab49b0e70d899d64b7dbe10a6ad4e77f558eb2ceb959573f3ac1,2.0,166.0,83.0,83.0,1.0,1.0,158.0,79.0,266.0,133.0,0.20370968320596994,0.19883040935672514,68.0,158.0,1.844439727056968,1.6094379124341003,1.0,10.0
A1BR205QCCNS82,fit,B00411B4CC,B00239YCXM,B000ZMBSPE,0b5c1a930f5b8b63068f8accf4a0b14842b8010b665559b8104af4ad3ede2ba4,2.0,167.0,83.5,84.0,1.0,1.0,159.0,79.5,462.0,231.0,0.12857142857142856,0.10714285714285714,66.0,159.0,4.369367730681737,2.995732273553991,0.0,10.0
A1LNHL31W5MFVK,fit,B0068Y0EXK,B00387F42G,B001JKTTVQ,0b5d37717d080163a59719cb95ff724fea308b449708c4f7c4ec9e4195faddc9,2.0,165.0,82.5,83.0,1.0,1.0,157.0,78.5,1425.0,712.5,0.046673680582638745,0.04221954161640531,69.0,157.0,4.345573249269838,3.2188758248682006,0.0,10.0
A38VQ2TIPPBKNN,fit,B00A0J09C0,B004QX68SK,B000C1Z8MW,0b62a201818124f9c2017a453bc790595b984a1852b86eb38fe1901ca19b108a,6.0,379.0,63.166666666666664,83.0,1.0,1.0,363.0,60.5,1107.0,184.5,0.28716198700717893,0.06601941747572816,203.0,475.0,3.1260683078959395,2.3025850929940455,0.0,10.0
A1R3GN9MEJFXM3,fit,B00GTC1JHQ,B00GTC1HB4,B000E7WG56,0b67f616acdbf18bd84d47dc43a86e441cb8e7662e33b68e5dfdd04a956f8feb,8.0,470.0,58.75,83.0,1.0,1.0,454.0,56.75,945.0,118.125,0.3371558080579554,0.11182108626198083,276.0,628.0,3.239261310546528,1.9459101490553132,0.25,10.0
A2M4JAYE4B7UQ4,fit,B0017SWIU4,B000O5RVJO,B001IMSIYY,0b6b7f96f0ccadba4663f61cd4d18936eeceedd285933b6aeb6fec586123d507,3.0,214.0,71.33333333333333,83.0,1.0,1.0,209.0,69.66666666666667,281.0,93.66666666666667,0.2966683223055955,0.18478260869565216,103.0,236.0,2.597174273050244,1.6094379124341003,0.3333333333333333,10.0
A14FU9BDYQ4AQ8,fit,B005V2LLXC,B001KWHPXM,B006OMHR1S,0b6be43bcd4fb9a2989b24b049b14e655573b735721cedfbf0bf7c932ed17c56,2.0,111.0,55.5,83.0,1.0,1.0,107.0,53.5,363.0,181.5,0.3202640090917038,0.0921409214092141,68.0,158.0,3.246119917510235,2.3025850929940455,0.0,10.0
A186VKHJSWWUFB,fit,B0046VGPHQ,B0046BTAI2,B00092M2VO,0b6e57513bd175c0773a82b3c1b366e5412cc06aadb6bc236f5e2cabf17b7b34,3.0,149.0,49.666666666666664,83.0,1.0,1.0,145.0,48.333333333333336,162.0,54.0,0.4297964236975759,0.2558139534883721,101.0,237.0,2.642441453436598,2.3978952727983707,0.0,10.0
A1G76710K1HON,fit,B0038LLOV2,B0056AE8I4,B0000UTUVU,0b7060eb490e053c7a852920daf8163ab5afe6b4bc2fdd680be209c1dd353c2f,2.0,166.0,83.0,83.0,1.0,1.0,158.0,79.0,236.0,118.0,0.22651764190225726,0.20118343195266272,68.0,158.0,3.102278881284345,2.70805020110221,0.0,10.0
A1H47AT3BYIBD8,fit,B00770JW9Q,B004DC2PM2,B005LXU3D0,0b7a229bfb02c64f5c39634e4061e0775b632d44101fba497ae5a1c85e8d89a5,2.0,121.0,60.5,82.0,1.0,1.0,117.0,58.5,126.0,63.0,0.3763193352795868,0.28688524590163933,69.0,157.0,2.0215256339172747,1.0986122886681096,0.5,10.0
ATT0WWCICZUWD,fit,B003VMAL5I,B003VGMOR2,B0000Y3GIE,0b7adb0313962226fb8ca3e2ce604ffbd903221d47920e8b02dd228aba7a2963,5.0,353.0,70.6,85.0,1.0,1.0,341.0,68.2,452.0,90.4,0.30323739219882756,0.2111801242236025,167.0,398.0,2.5902409762312137,1.791759469228055,0.4,10.0
A3H7ADUP07D93H,fit,B007E0FQ1W,B0028K3J6W,B000V2DLJO,0b7d378c04240373cf52bc27b51acacfe0a5170c41e7a3160bb1eb1e1df46080,13.0,847.0,65.15384615384616,84.0,1.0,1.0,819.0,63.0,2224.0,171.07692307692307,0.29835573183020025,0.039951573849878935,443.0,1026.0,3.3848757517430488,1.6094379124341003,0.3076923076923077,10.0
A3EI5E85YDG0DV,fit,B0076DZAIQ,B007004PZO,B001O1XUDI,0b7f58b7783c9ae53e2d27008dc214f4e130c1c63641e2ea0f98d425f53df79d,4.0,287.0,71.75,83.0,1.0,1.0,279.0,69.75,431.0,107.75,0.27640537327505366,0.15454545454545454,134.0,317.0,2.7849213760392004,1.791759469228055,0.25,10.0
A2SZ43N66VNM7B,fit,B007AE0270,B005Z17Q8S,B000AMA43Q,0b82eb305e8f99e3f33809304a4ab1a6383d2f9719d7ea985c3e5fb4c49d7a50,5.0,383.0,76.6,83.0,1.0,1.0,371.0,74.2,634.0,126.8,0.2424551550736543,0.1320754716981132,171.0,394.0,1.8339036754911853,1.6094379124341003,1.0,10.0
A2LVRWKNSPIYBJ,fit,B0018QHUBW,B0018QE47K,B001CE6T76,0b8406f5796c6dcc0c445e821e18b6b8459bea87f6268f628d5a8858d6d13154,6.0,347.0,57.833333333333336,83.0,1.0,1.0,339.0,56.5,353.0,58.833333333333336,0.392877028049363,0.2833333333333333,204.0,474.0,3.6553161831317396,2.197224577336219,0.0,10.0
AZR4DVSW2NOOA,fit,B000P557R6,B0009OAHIW,B00064A5L4,0b84ada7a99de07037aff422dfaa334303971ad8cc7db492f6563ca171919d68,3.0,212.0,70.66666666666667,82.0,1.0,1.0,204.0,68.0,426.0,142.0,0.2479852613619621,0.13307984790874525,105.0,234.0,2.8804519446788865,2.197224577336219,0.0,10.0
A1OCXPO3R03PBJ,fit,B000BB9L0S,B004K3D0FK,B00008O2X5,0b84c4577dec8753fb2f585d6b54cc9a0e56bf22c363158b984f767cd8e98e4d,4.0,271.0,67.75,83.0,1.0,1.0,259.0,64.75,371.0,92.75,0.3278554382911008,0.1717171717171717,138.0,314.0,2.713979332756539,1.791759469228055,0.25,10.0
A34M5KL94K6K7M,fit,B001JQLNMS,B000VL292A,B0012J30PU,0b8a85b51f7a82627db7a46d96652562c2c7e3fff32e9bfaaf4daaf1f045a090,2.0,158.0,79.0,83.0,1.0,1.0,154.0,77.0,869.0,434.5,0.17649470371847717,0.04106280193236715,68.0,158.0,2.2154083994216567,1.3862943611198906,0.5,10.0
A3GKBKF6LYD680,fit,B00G5WO2VK,B00KD73PBQ,B00GFBWWWC,0b8d69dc0470914eb601f5849f8589ea880683152661b46baf9076a61b2cdced,8.0,635.0,79.375,83.0,1.0,1.0,607.0,75.875,2798.0,349.75,0.12134203794714996,0.07068607068607069,272.0,632.0,4.356360783864389,3.9702919135521215,0.0,10.0
A818QI0ZS5JFZ,fit,B0069SC0OQ,B0054GBXOW,B004DK0CCE,0b94069eb944708dbab2039aeb0a884d1a58da8f22e643245cfb6d3741e95629,2.0,166.0,83.0,83.0,1.0,1.0,158.0,79.0,201.0,100.5,0.25665057806712316,0.2251655629139073,68.0,158.0,2.8965068041920716,2.0794415416798357,0.5,10.0
ATLK5K4LSIYL4,fit,B001ADQUWS,B000CSYYZM,B004Y9GY44,0b97141d961d06e9dda969e6113ff5ffd4d37321a9c70853e90bdb8403a7208b,5.0,377.0,75.4,84.0,1.0,1.0,365.0,73.0,460.0,92.0,0.28443980814651837,0.19021739130434784,170.0,395.0,3.124130417337118,2.772588722239781,0.0,10.0
AD9MNP7YY3BS,fit,B00GXZS7AG,B00GTBZI6A,B00EA4MHN0,0b9bbafaf06a75b2006f6dcae2d1d23dd90f7b0efdb858ca244eec02dca81d51,2.0,110.0,55.0,83.0,1.0,1.0,106.0,53.0,123.0,61.5,0.40945775535939466,0.26153846153846155,68.0,158.0,3.7903498761122814,3.5553480614894135,0.0,10.0
ARREWJL8YYZN2,fit,B001ET788I,B00170F6A6,B004GBCF20,0ba1a40205efb5d5bb36b6304a2a924a87f07d6f3c84a9ec8c2810c970b8121b,7.0,528.0,75.42857142857143,83.0,1.0,1.0,504.0,72.0,866.0,123.71428571428571,0.24531152513187898,0.15668202764976957,238.0,553.0,2.637479206580959,1.791759469228055,0.42857142857142855,10.0
A10AUL6XCCDWA0,fit,B0036QFZ46,B0034KYDSI,B002VBRPZO,0ba238c375af6c29eb61391cb6e4e75e187e783e8cf070d0e3d564afef3bc725,2.0,158.0,79.0,84.0,1.0,1.0,154.0,77.0,187.0,93.5,0.2704211060375444,0.22602739726027396,67.0,159.0,2.4181409534757385,2.197224577336219,0.0,10.0
A2Z4PQJNA2EA1O,fit,B001Q878WI,B000RGZK02,B0000531WZ,0ba24474faefe4016f54f140406f5300a3b3aee54f69c65c8da528bd0a672092,16.0,1100.0,68.75,84.0,1.0,1.0,1060.0,66.25,1385.0,86.5625,0.329353229334469,0.12639405204460966,541.0,1266.0,3.4467296948862507,1.6094379124341003,0.125,10.0
A1UUJ8BQ21ZPJ6,fit,B003RF82RI,B001ARSVI0,B00016XJ4M,0bae2ccb2c1ac9348835a59491e9fd18fe8e4b3ebdf47f2597b35f1815f7c18b,4.0,266.0,66.5,84.0,1.0,1.0,258.0,64.5,660.0,165.0,0.29123693764674186,0.06483300589390963,135.0,317.0,3.632467783730854,1.9459101490553132,0.25,10.0
ASDYXS80RUUO0,fit,B003APID5G,B002HEW8QQ,B00147FGJ8,0bae779cfc67929ca1f6e4c5cd6d70581a5c738f92913dc016eb404bbcc83f2c,10.0,807.0,80.7,83.0,1.0,1.0,775.0,77.5,1474.0,147.4,0.2209608103789516,0.09770114942528736,341.0,789.0,2.8100669087695658,1.9459101490553132,0.4,10.0
A3NQHL0D2ODQQL,fit,B00644YNAO,B0061YRVNS,B000O3OZD6,0bb1318093949dcb9f3ae01bcc1209d7314684684f74361fdbf5d5eecde32bb2,5.0,419.0,83.8,85.0,1.0,1.0,399.0,79.8,1387.0,277.4,0.15945167848092953,0.04287515762925599,166.0,399.0,4.247904081853326,3.5553480614894135,0.0,10.0
A2GQNR51XCO977,fit,B002KMXO36,B000AADEP8,B005H8PTR4,0bb4b85faddc03bd957085752f6307584ec6203c4dfa6abdbdcf381beba3c48c,2.0,129.0,64.5,84.0,1.0,1.0,125.0,62.5,172.0,86.0,0.3183148734177215,0.20625,67.0,159.0,3.371440317895951,2.772588722239781,0.0,10.0
A3EQFXFAZYY59B,fit,B00GLE8SNK,B006L1DNWY,B00HJD8NLY,0bb759c529f1a5c47ad102ef97813d242b1b4864b057a630cfd8c00c2aa0cd61,3.0,205.0,68.33333333333333,83.0,1.0,1.0,201.0,67.0,439.0,146.33333333333334,0.270911630397446,0.09686609686609686,102.0,237.0,4.798048117245153,3.951243718581427,0.0,10.0
A26BU3ZU0R5IPF,fit,B00HM6IXH2,B00HSNWXTI,B001A5S3BM,0bbb0dfe32b5ae332b26a1d43559198423d9fc1011b21483550b3e92c8f1e0a7,12.0,739.0,61.583333333333336,86.0,1.0,1.0,715.0,59.583333333333336,1176.0,98.0,0.36072053490439826,0.07264957264957266,410.0,944.0,3.9690181796229553,1.9459101490553132,0.08333333333333333,10.0
A1FSVG4MWLHYMW,fit,B004BCT93C,B000ZMBSPE,B00538TSMU,0bc7cac043ad70443187b317f2ccd5254c8d89f57b18ef251335cabbe91be71e,3.0,209.0,69.66666666666667,84.0,1.0,1.0,201.0,67.0,444.0,148.0,0.25514837819185643,0.10714285714285714,100.0,239.0,4.733482124939982,3.4011973816621555,0.0,10.0
A1W1DJGGN7TA7B,fit,B000L8GL8G,B004Z1L3E2,B00198OG7U,0bcc8e435e27c8587b3a6c9dcbb56b92d6f617315518d2962e851f892600dbb7,2.0,140.0,70.0,83.0,1.0,1.0,136.0,68.0,160.0,80.0,0.31090077805406274,0.24817518248175183,68.0,158.0,2.2386684072391034,2.0794415416798357,0.5,10.0
A3RTNA9THAU2OP,fit,B00AHF1GK6,B00639DLV2,B0054MSBZA,0bceb89cd3b622b094240751b130d51be6eabc1ce1e05087d56c49968cdddedf,2.0,83.0,41.5,47.0,1.0,1.0,83.0,41.5,83.0,41.5,0.4562717770034843,0.4268292682926829,69.0,157.0,4.76512379586135,3.988984046564274,0.0,10.0
A12FALHW7STXYJ,fit,B0032O52QS,B0010H5NQ8,B002UU9Q6W,0bdb98375779512d1463f3416adb5c9386265a2347a9c5b33f4e7ab87e4d7ae7,3.0,249.0,83.0,83.0,1.0,1.0,237.0,79.0,358.0,119.33333333333333,0.222182713576228,0.2085889570552147,102.0,237.0,2.725088701370687,1.791759469228055,0.3333333333333333,10.0
ATYUQROTHLNYV,fit,B00EHWP67E,B00CHJDSUG,B001JQLNPA,0bdf8dbc35ac01d0c66f2b010cae467f1fc2c9e4fea53d6e328292baa17f0422,20.0,955.0,47.75,83.0,1.0,1.0,931.0,46.55,1457.0,72.85,0.4283632459195482,0.09433962264150944,682.0,1577.0,4.188860824510222,3.3672958299864737,0.0,10.0
A9UKC8VZM9W0L,fit,B005GHP5UC,B005FYTGYC,B004HIBLNQ,0be4e3c6fc09d0e205126218f62fcaa2caab08e308bf8fe2c9886dad96956e09,5.0,336.0,67.2,84.0,1.0,1.0,324.0,64.8,493.0,98.6,0.3159224205145975,0.15178571428571427,167.0,398.0,2.3739576782478347,1.791759469228055,0.6,10.0
AQ56TDHPWZJ5Y,fit,B004N7DQHA,B0036BI56G,B00017XWJ8,0bfc6a40121607ea45d8063eb92811b3f5dd8616b5934c6def305f4b1f116105,2.0,154.0,77.0,83.0,1.0,1.0,150.0,75.0,260.0,130.0,0.23813794576126415,0.15246636771300448,68.0,158.0,3.1364385032730837,2.3025850929940455,0.0,10.0
AMQAYNDEWN98A,fit,B003CIJE4U,B002HK2GI0,B00139XON2,0bfdd7e9c2216a6091fa46b7c665bbe09ea124441b9cc62ea0140fa9fecb9f23,2.0,149.0,74.5,79.0,1.0,1.0,149.0,74.5,149.0,74.5,0.31390401633764464,0.3008849557522124,68.0,158.0,2.6208735075298213,2.197224577336219,0.0,10.0
A22PTJN24G8FGC,fit,B00BWB3YTA,B006R1FZLA,B002PBCAEQ,0bfedff19ebc50e556cfc28c0ab60885225e65771f98f2f138c0b43ae31b5105,8.0,550.0,68.75,84.0,1.0,1.0,530.0,66.25,1031.0,128.875,0.274402086579161,0.12030075187969924,264.0,636.0,3.2207301253852982,1.3862943611198906,0.25,10.0
A24K8YR4BJZMB2,fit,B004DTM8VI,B001394VAW,B0069YCYB4,0c089fea0d08610bba8c2749032da287cad80c0e1188069e45bf259246adcc9c,3.0,199.0,66.33333333333333,83.0,1.0,1.0,195.0,65.0,388.0,129.33333333333334,0.28484848484848485,0.1111111111111111,102.0,237.0,2.9572619897168817,2.3978952727983707,0.0,10.0
A1SHHVI4JVXL9Z,fit,B008MAON08,B004JXZKWM,B0000ZLEFU,0c0a00abc26eb205fe2e86ad3ff78912cd2346d25a86625859df7618a3d029f6,5.0,351.0,70.2,83.0,1.0,1.0,339.0,67.8,611.0,122.2,0.2937362741277635,0.09066666666666667,169.0,396.0,2.5935625235111464,1.791759469228055,0.6,10.0
A2TYJQZXXWWG6A,fit,B000GX9HIC,B000C1UEAI,B005HIKMB2,0c108bff58a6c6aeb5fdb5dd3f27f7d9d6776306caa33f4a895f9a605485b73b,2.0,156.0,78.0,83.0,1.0,1.0,152.0,76.0,236.0,118.0,0.2398440508278783,0.1683673469387755,66.0,159.0,1.791759469228055,1.791759469228055,1.0,10.0
A1NPQP21SAENCY,fit,B0074OLDLK,B004D8JQ4G,B0009RFB76,0c242f17bbda91b2cd145661dead209452941323601e41e37f99db921b51e4b9,3.0,227.0,75.66666666666667,83.0,1.0,1.0,219.0,73.0,972.0,324.0,0.20026028393114056,0.043424317617866005,104.0,235.0,4.250703653683968,2.995732273553991,0.0,10.0
ASZ3S0KBZD6JD,fit,B0073KJJMA,B007SZCG0C,B00G8WB8MI,0c24c057fbe171ee4058df0b48643bcfe4930a5ca207cc2cb5a555ed47e4c40b,2.0,166.0,83.0,83.0,1.0,1.0,158.0,79.0,776.0,388.0,0.0825266451549819,0.06981519507186858,68.0,158.0,2.1383330595080277,1.791759469228055,0.5,10.0
AHWHAUJILZCG7,fit,B000NE6QP6,B00CGQECJ6,B000VPPUEA,0c27f4096239533763b30fcb992e69fad71a744d79af983c490c77fbda8beb25,11.0,834.0,75.81818181818181,84.0,1.0,1.0,806.0,73.27272727272727,2306.0,209.63636363636363,0.22985862308034807,0.039951573849878935,371.0,872.0,3.261216217030496,1.3862943611198906,0.09090909090909091,10.0
A39A96CF7LYUBL,fit,B000093I60,B00008KA7P,B001CTQMIC,0c287638b6134f9bae6cfb1cb93725cd459dc821b6465990210639e975ab67c8,2.0,101.0,50.5,83.0,1.0,1.0,97.0,48.5,131.0,65.5,0.4425693354264783,0.23129251700680273,68.0,158.0,3.319937916913268,2.833213344056216,0.0,10.0
A3FG0NCUR22PRF,fit,B003JTCYH6,B0082D69H0,B000052YOL,0c2a24d88cf1e3ea60bc4ad8ace50eda7f31d2b0f2e40f8f95c2efe92fa2d870,4.0,256.0,64.0,83.0,1.0,1.0,248.0,62.0,1002.0,250.5,0.2927128883143104,0.043373493975903614,138.0,314.0,3.821559493764748,3.4339872044851463,0.0,10.0
A2FJQ0WUKDZ4GS,fit,B000F0QCWA,B00014WW38,B003NTKXCK,0c2ed2106c8761a5b4d51a5d4e4c58ca031d255cb4c71041304bad298507863f,2.0,166.0,83.0,83.0,1.0,1.0,158.0,79.0,590.0,295.0,0.12741479861490795,0.07203389830508475,68.0,158.0,2.5053176470481278,1.791759469228055,0.5,10.0
A2K6O4P683P2OQ,fit,B0036OJEFO,B001MA0QY2,B00011QTZI,0c31bc24a33d267d1b9ed78fa87aa785fef3d15f2d0ba4db40b290067a2061ec,3.0,249.0,83.0,83.0,1.0,1.0,237.0,79.0,409.0,136.33333333333334,0.2110411891433789,0.1471861471861472,102.0,237.0,3.6230148419044004,2.3978952727983707,0.0,10.0
AJZ6JN4UZD4BK,fit,B00B1ZRTP2,B0047F70B6,B002PBAJ4Y,0c32aede39a5d031f4c7b5fda80d5291b736656f9cc5d9a9ed7290071291b669,5.0,390.0,78.0,83.0,1.0,1.0,378.0,75.6,418.0,83.6,0.2918704244851861,0.2595419847328244,170.0,395.0,3.309878447020149,2.5649493574615367,0.0,10.0
A2MWO9FN8DVXXC,fit,B002KP1WIW,B0096DT88C,B004X75S1C,0c33560d608aa87804847e8476e69c2fc2bb79d6953624aac81f67de809defdf,2.0,166.0,83.0,83.0,1.0,1.0,158.0,79.0,246.0,123.0,0.2213101160862355,0.18888888888888888,68.0,158.0,1.6094379124341003,1.6094379124341003,1.0,10.0
A2X3H6U756MCX6,fit,B004OHQR1Q,B006L1DNWY,B005C1C02S,0c36e97fc34516829a4ea0bcc7be21c3e42edda1cbf35a6db297d8c21e78b7b1,2.0,143.0,71.5,83.0,1.0,1.0,139.0,69.5,152.0,76.0,0.31577169875042216,0.2698412698412698,68.0,158.0,5.414567189667154,5.327876168789581,0.0,10.0
A1W54H42XUCZED,fit,B007SZCG0C,B0079R6BD2,B00B2B2VGW,0c3f40a855df422416ccee3a88ed683717a98b5e7b6bdf750967373421988946,4.0,272.0,68.0,83.0,1.0,1.0,260.0,65.0,534.0,133.5,0.2866783420045857,0.11643835616438356,136.0,316.0,2.3969543608860446,1.791759469228055,0.25,10.0
A2M1DBI9NHPKHB,fit,B0090ELFRO,B0090ELFQK,B00644YNCM,0c41e809aa3d5acfd0426c464b749d251743502028026196935599d2d908f9c1,20.0,1614.0,80.7,84.0,1.0,1.0,1538.0,76.9,4484.0,224.2,0.17992909362821155,0.04287515762925599,665.0,1594.0,3.896336490153767,2.3025850929940455,0.0,10.0
A1VSHXZ9R6QGK1,fit,B004BARCP6,B002ZNJJLQ,B000QUM5LG,0c42eee29fced3b2619e6f4ce24584b9b494a78e745cac7e6eaf6c7da83771dc,2.0,82.0,41.0,59.0,1.0,1.0,82.0,41.0,82.0,41.0,0.4810413129598189,0.3655913978494624,68.0,158.0,3.0879336350528805,2.5649493574615367,0.0,10.0
A1RJTEOX6BJ1OP,fit,B003WN1ELQ,B0000CC64W,B000NGH3X8,0c4514fa2eb2fa4e615d9f1fedadb2668c1146137250fbab9587a3bc6e73c820,2.0,70.0,35.0,37.0,1.0,1.0,70.0,35.0,70.0,35.0,0.4931679630018919,0.4788732394366197,68.0,158.0,4.07624303789012,3.332204510175204,0.0,10.0
A1M0BU97SX09AY,fit,B0069FDR96,B005C5FP9Y,B005BF1M10,0c474597b497d82980f27009018f7e8d183409304aae51aca92773f359134114,2.0,166.0,83.0,83.0,1.0,1.0,158.0,79.0,322.0,161.0,0.17640485312899107,0.1574074074074074,68.0,158.0,5.018309432569655,4.564348191467836,0.0,10.0
AGO02117060FD,fit,B00AU82TP6,B009GD05NO,B003XW1EZM,0c48240af52393e62ed42b24326581152d0a01d039d751d78474ff917b0b36fc,3.0,190.0,63.333333333333336,84.0,1.0,1.0,186.0,62.0,201.0,67.0,0.3473372879109225,0.2578125,101.0,238.0,1.7661057888493454,1.6094379124341003,1.0,10.0
A30QZ5R9QCT2C9,fit,B004CQR9L6,B0030O3VRW,B000JBWZR6,0c4a652257bafe73ccd25c26703fd92dd9b95288b44eaf1ad6a949992ea65356,11.0,840.0,76.36363636363636,84.0,1.0,1.0,808.0,73.45454545454545,1664.0,151.27272727272728,0.2345889770555156,0.07801418439716312,372.0,871.0,2.997011162038241,1.791759469228055,0.18181818181818182,10.0
AGD39AT9Y3GM9,fit,B000TBW0NA,B000WUCJNY,B0002Z8OUG,0c4b08c29d99a51973d0024bbf6d643e52b6af1ea888b0bfe5b2a9b32da9c942,4.0,265.0,66.25,84.0,1.0,1.0,253.0,63.25,444.0,111.0,0.3273852163816346,0.14285714285714285,135.0,317.0,2.6989994389362195,1.6094379124341003,0.5,10.0
A3H7B6718MO83Y,fit,B00B8UIQU2,B00A1Y177A,B00BEWW7AO,0c4b2c5d30e3c3b6f0423cb068de1ebc39884709205b1cabb0e29ae6a5a551e1,6.0,391.0,65.16666666666667,83.0,1.0,1.0,383.0,63.833333333333336,447.0,74.5,0.336292340398393,0.21518987341772153,205.0,473.0,4.046136454680215,3.0910424533583156,0.0,10.0
A09386383518NVR7RSA4F,fit,B006LRRQK8,B002B4EFCC,B002LB75AO,0c5314ccfc9effab74c4cb9565ed77e511cbbc3bf7acbeb79c658dd116a49cb1,4.0,261.0,65.25,84.0,1.0,1.0,253.0,63.25,337.0,84.25,0.3149471641743065,0.19653179190751446,132.0,320.0,3.3672212374696358,1.9459101490553132,0.25,10.0
AIX2MDEMEIHL6,fit,B00762WE86,B007IX2DL6,B0086YV8BM,0c57ae71d63088dd92cccf7d2feef80e01911535e68e03791b67651ec0cf0b17,2.0,155.0,77.5,83.0,1.0,1.0,151.0,75.5,206.0,103.0,0.2583333333333333,0.20238095238095238,67.0,159.0,1.791759469228055,1.3862943611198906,0.5,10.0
A2TBAUW2W7J538,fit,B00GUC7XAW,B008U2Y9BQ,B00AE07BMQ,0c6676233715018906167c3bb55bf9546535dddc036e75e6ba8bd18622628362,20.0,505.0,25.25,83.0,1.0,1.0,501.0,25.05,670.0,33.5,0.5860372881795469,0.12056737588652482,689.0,1571.0,4.531942726415614,4.143134726391533,0.0,10.0
AFRV8T2W8NR1U,fit,B00A76CPUA,B0019N6RFO,B00631JA8S,0c6f918800ee1007b84053a88db94789529d25160bc1d4bd73f9471461c4eddf,2.0,166.0,83.0,83.0,1.0,1.0,158.0,79.0,381.0,190.5,0.16208009512889116,0.12056737588652482,68.0,158.0,3.7477709719421277,3.58351893845611,0.0,10.0
A3LMG3E7K0YI7J,fit,B00535OW6A,B004EKDS1U,B000IVB1G8,0c7d7f43a46bf5a6f32784efcedb9fc17b1d00d15f6d47a971afb061f3019409,3.0,249.0,83.0,83.0,1.0,1.0,237.0,79.0,445.0,148.33333333333334,0.19796242201305492,0.14345991561181434,102.0,237.0,2.185592785386014,2.0794415416798357,0.6666666666666666,10.0
A2XU0QAY5PPI1N,fit,B000HRVC5I,B005OZW3ZG,B000H3I33G,0c8188efa39227e1b2c032b5e3f42f69b41e204914dd3dd1f95e35eccfc4a856,2.0,146.0,73.0,83.0,1.0,1.0,142.0,71.0,218.0,109.0,0.2652048219058528,0.17989417989417988,68.0,158.0,2.8518912373281005,2.4849066497880004,0.0,10.0
A23RMTYKDIBJHK,fit,B001SYWTFG,B003YCH1G2,B000C1UFDE,0c8553684e559daf65e533f603491cdf6b1611cc945c55c5e17ae8eab86258e0,2.0,167.0,83.5,84.0,1.0,1.0,159.0,79.5,610.0,305.0,0.12321241716079526,0.06557377049180328,66.0,159.0,2.359249435647547,1.9459101490553132,0.5,10.0
A7K2MGWW8KRH5,fit,B002TPQPEE,B00538TSMU,B0076UIVA8,0c8a149048f3d33eb4099fcb18d3a6c371591315d1b31618ba6d5d8e4c74ad87,2.0,71.0,35.5,41.0,1.0,1.0,71.0,35.5,71.0,35.5,0.4922916666666667,0.4533333333333333,68.0,158.0,3.332841858891204,1.6094379124341003,0.5,10.0
A2UF1W8XWQR5RN,fit,B004V4HOOQ,B004N3T6QE,B004756YJA,0c8ac1af6b088c4362d1fb38f6dd57104eb56c83206a10d225ea7ff65ed9dea1,2.0,64.0,32.0,39.0,1.0,1.0,64.0,32.0,64.0,32.0,0.521012305549106,0.4657534246575342,68.0,158.0,2.4414009612931853,2.3978952727983707,0.0,10.0
A3DFAFZTX9MQ63,fit,B000AQF50Y,B001V3TVEQ,B001KYTWZ4,0c90645e32c76e46e25e9e5e6ac39761c433a6b9b4255c8a39ca2fd501f79bd0,3.0,169.0,56.333333333333336,83.0,1.0,1.0,165.0,55.0,230.0,76.66666666666667,0.3588392490107812,0.19101123595505617,102.0,237.0,3.0531560138674756,2.0794415416798357,0.3333333333333333,10.0
A21PJ01XMG8H45,fit,B007BETSM4,B003JUY38I,B002B46H6Y,0c93e688216bfd9fa9af6b208722955f3ab3e584b53d1bf88ef16aeec30a60b5,7.0,474.0,67.71428571428571,83.0,1.0,1.0,455.0,65.0,862.0,123.14285714285714,0.3148644110294604,0.0819277108433735,238.0,553.0,2.673904355198058,1.6094379124341003,0.2857142857142857,10.0
AUJPHJVA8BWLO,fit,B007MJVY02,B004Z40048,B006U9D6D8,0c95706f5491dc66a4f4c5d1d6f2fd3bbbc8e254dd4bfb1f5389a7b99e238bab,6.0,378.0,63.0,83.0,1.0,1.0,366.0,61.0,807.0,134.5,0.3322609843441772,0.09798270893371758,202.0,476.0,3.2111212102894804,1.9459101490553132,0.16666666666666666,10.0
A14SPSO3JNIBB0,fit,B000EGMCFG,B0009OAHNM,B000052XZP,0c9b2e99ca686258bb646464dcaaf0f152e4cd47f7bee5bb3b037c1255749a67,2.0,103.0,51.5,83.0,1.0,1.0,99.0,49.5,122.0,61.0,0.4398148148148148,0.25,68.0,158.0,2.772588722239781,2.0794415416798357,0.5,10.0
A1GXT4J4ARW6LX,fit,B000WHYB1A,B0006LNMIU,B0014UAHQW,0c9c0693c0e05ad2b4663876348353567da2e237896a9a9f638a15858efd6515,3.0,166.0,55.333333333333336,73.0,1.0,1.0,166.0,55.333333333333336,166.0,55.333333333333336,0.3893403555021344,0.3177570093457944,102.0,237.0,3.020574782549133,2.5649493574615367,0.0,10.0
A2LQEJM1CIKBIZ,fit,B006Z96OI2,B00683MOWK,B004A7OVBI,0c9d6768c298d2810b2e088cb5b7d2a444addb51fa4be244201c1e589b6102aa,3.0,224.0,74.66666666666667,83.0,1.0,1.0,216.0,72.0,420.0,140.0,0.2445937851681518,0.11604095563139932,102.0,237.0,3.7428127611383224,3.0910424533583156,0.0,10.0
A28FE89TQS6FSO,fit,B0038TVHGG,B006WVCF18,B000052YQN,0c9f0c633f3e0a0f15a220ac757f9430c9edab8c10617f90a0069ed1b6096267,3.0,184.0,61.333333333333336,83.0,1.0,1.0,180.0,60.0,280.0,93.33333333333333,0.3462159643880665,0.1596244131455399,101.0,238.0,3.932262583773048,2.70805020110221,0.0,10.0
A1VUGUKWX4B808,fit,B00ARX98R6,B00AZ73YSS,B00EU7DBQ4,0ca28ccb3aeaf1048d7c8e40e0bc53df48224d8744bbb86f3770275bcd83f77d,20.0,967.0,48.35,85.0,1.0,1.0,951.0,47.55,1163.0,58.15,0.4108260490976747,0.16666666666666666,667.0,1589.0,2.569683251633351,1.6094379124341003,0.1,10.0
A22CI51V7RJQ19,fit,B008CC4FPY,B003I6O5RC,B001LF4I8I,0ca4b6c16907cf1eda788c73e65caaabe8cfbfe2566a89a08cb0e3fc9e5b454e,3.0,204.0,68.0,83.0,1.0,1.0,196.0,65.33333333333333,467.0,155.66666666666666,0.24870452013216537,0.1328125,102.0,237.0,4.308831489408333,4.127134385045092,0.0,10.0
A100LIFNJYZWW7,fit,B000URYTOQ,B00021DUM2,B0017HTET8,0ca6bbdcd100b3400ede7d496170eb06f191d050ef83d910fb0b1899d475cd8b,2.0,99.0,49.5,64.0,1.0,1.0,99.0,49.5,99.0,49.5,0.41984619934930495,0.3469387755102041,68.0,158.0,2.596478425445105,2.3025850929940455,0.0,10.0
A3FE6XEUGHX47H,fit,B000ZMBSPE,B000NSQ63E,B002GENWU8,0cb48f8b776779d164b2b718a092b93bc72d1c86edb244dcada4b11526cfb48c,4.0,332.0,83.0,83.0,1.0,1.0,316.0,79.0,866.0,216.5,0.15841238229219556,0.096045197740113,136.0,316.0,2.6261298610470667,1.791759469228055,0.25,10.0
A31Z79VICOFHJD,fit,B006PKVYMC,B000OO7546,B0002DPG1I,0cb8c243387e5d7779bdb1ea198a0123362fdbb3f307a33096a1c20dee32bfdf,12.0,829.0,69.08333333333333,83.0,1.0,1.0,797.0,66.41666666666667,1235.0,102.91666666666667,0.3012633336287444,0.13438735177865613,405.0,949.0,2.464626497162258,1.791759469228055,0.5833333333333334,10.0
A14SMPKVVKL7OC,fit,B00871KN2E,B006ENQHLS,B001G3TGT6,0cb8dec4b688167a32d9a131c5bdb559d496783807c112713c2bd4261246c69b,5.0,341.0,68.2,84.0,1.0,1.0,329.0,65.8,697.0,139.4,0.2803395831197234,0.09631728045325778,169.0,396.0,2.6524598435403695,0.6931471805599453,0.4,10.0
AP5WTCMP6DTRV,fit,B005IJTKFY,B000FS05VG,9759091062,0cba1fe98af3a912e86668507a63f6a6ec27085848e6c4aba44934a9bba5f34b,6.0,465.0,77.5,84.0,1.0,1.0,449.0,74.83333333333333,963.0,160.5,0.21170296162291236,0.10461538461538461,203.0,475.0,2.9681640849668995,1.9459101490553132,0.16666666666666666,10.0
A3J5X9D9R0AVC8,fit,B0052FZ3CI,B001CE6T76,B001AL4DBA,0cbbb08acc13983e86e3201fc3c69129a316cc1a8577bbb70ffedba2050ca4f0,2.0,143.0,71.5,83.0,1.0,1.0,139.0,69.5,146.0,73.0,0.32251773049645394,0.2833333333333333,68.0,158.0,3.875737659010728,3.4339872044851463,0.0,10.0
A12S38AVBTZ8HI,fit,B004LJ0ZK6,B002D48QSE,B000NI0WHK,0cc77de4a7d8d0bd3eacf2afc5141bdd914bba98ef8a7382e235986db6bcf954,4.0,301.0,75.25,84.0,1.0,1.0,289.0,72.25,548.0,137.0,0.24497712203408406,0.10714285714285714,135.0,317.0,3.218075184184714,1.791759469228055,0.25,10.0
A20MMOYFA8BTNR,fit,B00BB8ZHJY,B00AN5L8IU,B0022PG9G0,0cd0961cb45b0abebbf4815e826b91eaa1a9726dff35ecb7eb2843d8a104d5ff,15.0,722.0,48.13333333333333,83.0,1.0,1.0,706.0,47.06666666666667,1088.0,72.53333333333333,0.4291972263652923,0.09770114942528736,514.0,1181.0,3.851622417564788,1.9459101490553132,0.06666666666666667,10.0
A2NH4IUAHG81G4,fit,B006QREEZS,B002T5NMGS,B002IRIGZO,0cd16caa39ca2be65535b0effaf2c09b9640c606086f9170f27b44ef51030aae,2.0,106.0,53.0,83.0,1.0,1.0,102.0,51.0,432.0,216.0,0.3366203318680448,0.07674943566591422,68.0,158.0,1.9356005054539454,1.791759469228055,1.0,10.0
A1TMS2TZPGY9FY,fit,B00015XAQ0,B0090PHG7Q,B000052YJM,0cef6e355c89786d1ee7490df26ec48176ed313be9f8b998ea41c066dc828f26,5.0,327.0,65.4,83.0,1.0,1.0,315.0,63.0,606.0,121.2,0.2995089929855334,0.12454212454212454,170.0,395.0,2.910687976259222,1.9459101490553132,0.2,10.0
A24VASNAOK0TY,fit,B000S0CKRS,B007WR91F4,B000BX1Z00,0cf39e77bdeae807e3e177252bc90554736994e53804ee15edca53b39cc8d87c,13.0,993.0,76.38461538461539,83.0,1.0,1.0,964.0,74.15384615384616,1195.0,91.92307692307692,0.2850924059435424,0.14847161572052403,441.0,1027.0,2.8702668858422515,1.6094379124341003,0.3076923076923077,10.0
A1087Y8RJ4D422,fit,B004BCTAYU,B000052WYN,B000W0YAOA,0cf87c6e879efc5486f7bb2467af0a8974e8386a6ab15e7d4edb53bb578239ed,5.0,268.0,53.6,83.0,1.0,1.0,264.0,52.8,298.0,59.6,0.40829025640106786,0.23129251700680273,170.0,394.0,4.210040914765659,3.332204510175204,0.0,10.0
AZ9S4HD6KTLYN,fit,B000E8VI9U,B0000AFUTL,B000GHWSG6,0cf97cf0b7195cca8e39d22f7a4a11809f68c458405e69ae150734fc59622ce5,2.0,167.0,83.5,84.0,1.0,1.0,159.0,79.5,335.0,167.5,0.17410251089437642,0.13934426229508196,67.0,159.0,3.074234147958823,2.8903717578961645,0.0,10.0
A35GTYIR3K7LLU,fit,B00AMKSWXK,B009JJA49U,B00068CG3U,0cf9eb3728c2c431b7e737fa449c7f005a0ff1e023a58919fb9081e8aee1c3b9,4.0,318.0,79.5,83.0,1.0,1.0,306.0,76.5,1036.0,259.0,0.16756725835217762,0.07555555555555556,136.0,316.0,2.689688395643127,2.6390573296152584,0.0,10.0
A37WW5O42NMOKR,fit,B00ARX98R6,B008U12YV4,B004K9JPG2,0cfc6ca56555c49d62017b82b69c842557c7cb69c8c277c8a0ce41f87f00fefb,2.0,166.0,83.0,83.0,1.0,1.0,158.0,79.0,464.0,232.0,0.13419990503323836,0.10493827160493827,68.0,158.0,2.596478425445105,1.3862943611198906,0.5,10.0
A33HIV8RXRDM88,fit,B00AE07CPM,B005TI7NQW,B00387F41M,0cff8c1b2188075abe49ce7026941d9e9e3e48371abdabfd0af515fd333e116f,3.0,184.0,61.333333333333336,83.0,1.0,1.0,176.0,58.666666666666664,230.0,76.66666666666667,0.3786532819019697,0.23129251700680273,103.0,236.0,4.373823659778531,4.060443010546419,0.0,10.0
A3BCI5FNQCEJM6,fit,B003EUR1D2,B003EUP3O6,B001HITLQI,0d05100789b0b7e053122183541c8f2c5a77acfc24f48cd1a5ce1600a25f27bf,2.0,169.0,84.5,86.0,1.0,1.0,161.0,80.5,381.0,190.5,0.18067884479006188,0.09779179810725552,65.0,161.0,2.393745871391023,2.0794415416798357,0.5,10.0
A2FQ1Q3V31QLQB,fit,B001IACZEK,B000GCQWXG,B000271KR8,0d0754501dc5128d37ba63b79d38f080028d46debbc81de98d56eb66a31b6389,4.0,236.0,59.0,83.0,1.0,1.0,228.0,57.0,344.0,86.0,0.34339679026188263,0.18579234972677597,134.0,318.0,2.621439759187534,1.791759469228055,0.25,10.0
A2QNLD7H0VYYUZ,fit,B000H3O90C,B001V6SN5G,B002QHFG3Q,0d169c6c67a6f76bca294c517d024deecc042a3969906eb7bc8b4362b545a5ca,2.0,166.0,83.0,83.0,1.0,1.0,158.0,79.0,256.0,128.0,0.21145577395577397,0.19318181818181818,68.0,158.0,2.178354413344796,1.791759469228055,0.5,10.0
A2AFUZOC65IWDM,fit,B0033ROOS6,B001MA0QY2,B000K8CQ6I,0d1c44f9fd14aa439d5ea65f4ab0769680d5e923e2f63f8d26a219ffaeb813b6,2.0,136.0,68.0,83.0,1.0,1.0,132.0,66.0,250.0,125.0,0.26899537244364835,0.1471861471861472,68.0,158.0,3.5990917885509717,1.9459101490553132,0.5,10.0
A36LI7X3384G4S,fit,B00AE07CTI,B00A0J09C0,B000P2528I,0d284f3950380ce297763178be6b4da7a1cf68f110284752ceee4307cbaa6a71,2.0,100.0,50.0,83.0,1.0,1.0,96.0,48.0,174.0,87.0,0.4255436971405558,0.17801047120418848,69.0,157.0,3.153137643474008,1.3862943611198906,0.5,10.0
A2EKY0O6CL2M3H,fit,B005R3IPJI,B003WNXZZO,B0036LMFYO,0d290dc3e65dd71ec9f6d8baeb180cd49f9c54a3788786bf5a5c7408ef61534c,3.0,251.0,83.66666666666667,85.0,1.0,1.0,239.0,79.66666666666667,822.0,274.0,0.13406046032291308,0.07317073170731707,99.0,239.0,3.048066856490546,2.0794415416798357,0.3333333333333333,10.0
A2PDVIMZ6JLPJB,fit,B0013L3XMM,B0028BKV4E,B000EBZ7XK,0d2cad06e7f26d7ad095dcbf7bfb0b6c61e59b9c80690e0f574bec9622e37911,3.0,142.0,47.333333333333336,83.0,1.0,1.0,139.0,46.333333333333336,142.0,47.333333333333336,0.46056832694763733,0.28448275862068967,102.0,237.0,3.3731350195861993,2.833213344056216,0.0,10.0
ACKDO1IHLYO7A,fit,B005OZC2MU,B005FU9SDU,B0009XH6TG,0d2e45e8b9c0fb6f72b2a56f42bf63c0743406d0d7d5c1a156f4ce20e5615561,5.0,309.0,61.8,83.0,1.0,1.0,297.0,59.4,712.0,142.4,0.30393402495028166,0.08970976253298153,169.0,396.0,2.7579585339917285,1.9459101490553132,0.2,10.0
A225OKW47SODNA,fit,B000UO9POI,B000TD2QXC,B001D3O18U,0d3011b4dbe2a64c4b4c6bcde61895ca41be28921cd11de7f620f77ab76af76b,3.0,224.0,74.66666666666667,82.0,1.0,1.0,220.0,73.33333333333333,230.0,76.66666666666667,0.31074354647755476,0.2845528455284553,103.0,236.0,1.8431430291704742,1.3862943611198906,0.6666666666666666,10.0
A2K3DB7X56UXLZ,fit,B001JQLNFA,B001G0ML96,B001FSK8SA,0d348e3ae8c7b4260417499aaa8f4c638bf1a73995a8433d6885a304bcf02b40,2.0,65.0,32.5,38.0,1.0,1.0,65.0,32.5,65.0,32.5,0.514799635701275,0.4722222222222222,68.0,158.0,3.438132305945383,2.833213344056216,0.0,10.0
A3AW2ZG0GP4SKN,fit,B0019AA9YM,B003E0VPA2,B000NB3VMA,0d3bde4e4143bef1af9133bc06ed2d3e331c4b91e54996818fd27016a31a52b6,10.0,731.0,73.1,83.0,1.0,1.0,703.0,70.3,1607.0,160.7,0.26339810025548793,0.0648854961832061,341.0,789.0,2.3296039353688127,1.791759469228055,0.5,10.0
AH2AI1AIP2HV,fit,B006SVCY6I,B005UL3LVY,B00132ZG3U,0d47076b52b3c3f9b948d8975cd0bbbd9a16738d38e8125cf35fd9ccd93bb764,4.0,269.0,67.25,84.0,1.0,1.0,257.0,64.25,632.0,158.0,0.28410642685544085,0.08823529411764706,134.0,318.0,3.650891959576801,3.526360524616161,0.0,10.0
A2ASY5QOIS5FD6,fit,B000O9O4YU,B0094GHKFE,B000KJRK22,0d4a65ac12df3f2c2ece019b3a9700ceeb1c2b1f4a8795a99ecd693829c7c27a,3.0,192.0,64.0,83.0,1.0,1.0,184.0,61.333333333333336,407.0,135.66666666666666,0.29748186086214257,0.11971830985915492,102.0,237.0,2.533634153180694,1.6094379124341003,0.3333333333333333,10.0
A3M1ADU4JICQR2,fit,B00DQ2I0G0,B00ELN94GS,B004Z209HS,0d4f31606039a664ef3a250eac33dd33c44806a223eb4a67d37b53d5bb7efc4c,5.0,416.0,83.2,84.0,1.0,1.0,396.0,79.2,1529.0,305.8,0.10066408338832085,0.0859375,169.0,396.0,3.509351921688944,1.791759469228055,0.2,10.0
A396B06LFY08O3,fit,B0012J30LY,B000ASDGK8,B00016XJ4M,0d51b14f62331c192576f95e262c48fec6ffc604e1e8261355ad5a35697bd76e,2.0,141.0,70.5,84.0,1.0,1.0,137.0,68.5,533.0,266.5,0.21922968976014162,0.06483300589390963,67.0,159.0,4.559112541534189,3.8712010109078907,0.0,10.0
A3T7MN2WPZ3M1O,fit,B00264NW7G,B005SHUDSO,B004BCT7B6,0d53fb5c44e2cb587feccfd0a5a2dda938deaeb03e8ee3cbeda69472dd8fc735,3.0,193.0,64.33333333333333,83.0,1.0,1.0,189.0,63.0,270.0,90.0,0.3330732035959661,0.17525773195876287,102.0,237.0,2.3549196759306006,1.6094379124341003,0.3333333333333333,10.0
A37PZJH2F13IOR,fit,B00AYSXBPO,B00AO4E9MC,B000VPPUEA,0d5667de67f2571bb1141e71bbba989f65f205dae83fd396f005dcb421e3bd59,11.0,524.0,47.63636363636363,84.0,1.0,1.0,512.0,46.54545454545455,1633.0,148.45454545454547,0.4071866007553414,0.039951573849878935,373.0,870.0,4.376185267173015,3.2188758248682006,0.0,10.0
A1WY3G0O1R8DN1,fit,B00KHGIK54,B00KCFAZTE,B00IBS9QC6,0d5c2436ef179d50bac7bd3f3adb56229442fcbf36c15104200aba9536c86468,9.0,726.0,80.66666666666667,83.0,1.0,1.0,694.0,77.11111111111111,2881.0,320.1111111111111,0.12318289725934123,0.06732673267326733,306.0,711.0,4.576699479911403,3.912023005428146,0.0,10.0
A1KBJ0GAPWMPLL,fit,B004LV82JU,B009DDGEH8,B000O7JNC0,0d5cd717505d163a5dca5a182bc2aef38a84caeccef54c4f9c636ebef67f9149,4.0,265.0,66.25,83.0,1.0,1.0,253.0,63.25,309.0,77.25,0.3642654049295775,0.23943661971830985,136.0,316.0,2.3045771354063396,1.6094379124341003,0.75,10.0
A1BVN8MWOBX48M,fit,B0000YUXGW,B005X2F7JY,B000UV3HW2,0d60347d7c41bbe82515fbaec69b8e4cd1701866290a9a9962c34e2fcb462b01,3.0,234.0,78.0,84.0,1.0,1.0,226.0,75.33333333333333,382.0,127.33333333333333,0.22801871500147364,0.15865384615384615,100.0,239.0,3.893580778520434,2.772588722239781,0.0,10.0
ACXCQJRWTQAAZ,fit,B000BH92J2,B0000YV6BI,B003CTVSKC,0d65f4d048dfc4198221f617e0d9b9e0a30ce3f316b74ab1dee1c98714c5de63,5.0,303.0,60.6,83.0,1.0,1.0,295.0,59.0,378.0,75.6,0.3682924547979677,0.18579234972677597,170.0,395.0,2.1963794267773435,1.791759469228055,0.6,10.0
A1EDK3T6KR171Z,fit,B00A0IWRT4,B0062GZB4Q,B000052WYD,0d669964a59c757af4622115c5a6ecddbb5705c24ebf8b99498814d34d0a68d6,3.0,187.0,62.333333333333336,85.0,1.0,1.0,179.0,59.666666666666664,213.0,71.0,0.3831862254621689,0.24242424242424243,100.0,239.0,3.3170447353344934,2.9444389791664403,0.0,10.0
A3A2PT2GF5L0CE,fit,B001QOGXOG,B0009ML5M6,B0009JQFF6,0d68827695bdc70c843d806349ceda924ea9aeb7aa98b3feb91fe2b8c4be1069,2.0,166.0,83.0,83.0,1.0,1.0,158.0,79.0,636.0,318.0,0.12135100331565658,0.06653620352250489,68.0,158.0,3.0816574020173206,2.9444389791664403,0.0,10.0
A1B5DMAWMAW575,fit,B0058E3XJI,B004DHYZU2,B0012C8TXU,0d6a59d2910f8020725cc71aca3c6973d3dc18cbc2d2973667182075eea65ee5,3.0,195.0,65.0,83.0,1.0,1.0,191.0,63.666666666666664,279.0,93.0,0.31279499936216354,0.1691542288557214,102.0,237.0,2.8511107460107037,2.0794415416798357,0.3333333333333333,10.0
ATXXFUSOPCB7Q,fit,B00EA5AXD0,B0019LTGBS,B0002260DW,0d6e2ffaea5b7eff3a23d5ab8edbfe72c959a9a1d8801577a8cbd134be232e3f,3.0,196.0,65.33333333333333,83.0,1.0,1.0,192.0,64.0,351.0,117.0,0.3056735306735307,0.125,102.0,237.0,1.9835475175292423,1.3862943611198906,0.6666666666666666,10.0
A21S26XYPGXJZX,fit,B00C64GX4K,B009FKNGRA,B000V2J3ZK,0d6e990d8ed0448592dd1a83fa62e83ce1d0b5a43b7eb79b909a1c6aa2b84319,9.0,407.0,45.22222222222222,84.0,1.0,1.0,403.0,44.77777777777778,938.0,104.22222222222223,0.4228238205817224,0.05092592592592592,308.0,709.0,4.238248089252863,3.58351893845611,0.0,10.0
A3OWLJ9PHWCCUZ,fit,B008OLVBEQ,B0001XQNMK,B004K0HELY,0d72cbbce8e8d5d67841bd215cfa4b22296e8ff2a27d0dd3589c26bdc7b43d27,2.0,123.0,61.5,83.0,1.0,1.0,119.0,59.5,123.0,61.5,0.37502887502887505,0.2905982905982906,68.0,158.0,2.389561746555765,1.9459101490553132,0.5,10.0
A1ILFU8IRJAC1K,fit,B003U7OYK2,B0039NMCPG,B000B7VO66,0d76b33a7e98d2f5622d06d30aa68f2ab40d6254f16b4eadbee66f2bed9ace56,13.0,848.0,65.23076923076923,83.0,1.0,1.0,816.0,62.76923076923077,1831.0,140.84615384615384,0.3069746575873213,0.06427221172022685,445.0,1024.0,2.6044052398925124,1.6094379124341003,0.3076923076923077,10.0
AMYU3ZVCKFV0F,fit,B000GEY2Q8,B00AP1BTZE,B000PILEWA,0d84fcaa75bb5e38d2d0d38dd3188c70bae3d30c9a604201fe8e41066eb89b13,12.0,858.0,71.5,84.0,1.0,1.0,822.0,68.5,2281.0,190.08333333333334,0.22173909070323142,0.0859375,399.0,954.0,2.693301406901409,1.791759469228055,0.3333333333333333,10.0
A3F5DTMDJPAQGB,fit,B00BIAKTMU,B005J5TIYK,B000GP78S6,0d88b175b4b8763b9b8c1b026edf43eb74776abb0aa8191fe1fe330ec2a4d8ce,4.0,317.0,79.25,83.0,1.0,1.0,309.0,77.25,450.0,112.5,0.25462864627584253,0.1471861471861472,136.0,316.0,3.5430653747537884,2.833213344056216,0.0,10.0
A1L283Y8MJJ1BJ,fit,B00GHXHSPY,B00AE07H0M,B000AADG8I,0d90f457df852d3d72847d8113121fa7e473b1355a73739c8534fa23cee8ab30,12.0,706.0,58.833333333333336,84.0,1.0,1.0,682.0,56.833333333333336,1467.0,122.25,0.3584211002809598,0.07157894736842105,408.0,948.0,2.4754940662724905,1.6094379124341003,0.4166666666666667,10.0
A30DIVRIMCPU9F,fit,B001HTCYPC,B00012NKGS,B004IBBQ28,0d967d9b8897c3194932c4496bf94f41b0c3c2e364fd9e5d1d5ba9f9011ed1c3,4.0,249.0,62.25,84.0,1.0,1.0,245.0,61.25,327.0,81.75,0.3336846431579136,0.16923076923076924,135.0,317.0,2.47934761442628,1.6094379124341003,0.5,10.0
A3D2YQF93MLDMI,fit,B00613KK96,B0052BHMOO,B003DKU3CY,0d97653cb5f95c502e2acd4f0de5f62a888f36652c7a5bc5871fa0a294e1625b,2.0,100.0,50.0,83.0,1.0,1.0,96.0,48.0,153.0,76.5,0.4341715976331361,0.1952662721893491,68.0,157.0,3.086893051950968,2.3025850929940455,0.0,10.0
A1ZVMTIRYZQDL4,fit,B00GTBZ7HA,B00HSNWXYI,B001LF4G7G,0d98d8f9c64aa406cd3e993f9b030110f2e70e1405071a9c8fac90a8e092c246,20.0,909.0,45.45,83.0,1.0,1.0,885.0,44.25,2497.0,124.85,0.43496631843796585,0.043373493975903614,692.0,1568.0,4.224478068714184,3.332204510175204,0.0,10.0
A2JAEZ0FMAMJVW,fit,B00GTBZ8B0,B00EYZY5VC,B000GUZ8HY,0d9e46173776971cf2c1284801210f013847377a254c144eb1911ae592329f22,17.0,595.0,35.0,84.0,1.0,1.0,587.0,34.529411764705884,2017.0,118.6470588235294,0.5080139679039134,0.039951573849878935,588.0,1333.0,4.329545584209343,1.6094379124341003,0.058823529411764705,10.0
A1OB2H416ARLFJ,fit,B000SSDTOI,B001ECQ4JE,B0056Z278M,0d9f1165bb777a8d60b94ac471bb5e543cb47fcc14dfa2a24e4892bf6eb29e17,5.0,334.0,66.8,83.0,1.0,1.0,322.0,64.4,484.0,96.8,0.31462605274994654,0.15813953488372093,170.0,395.0,2.624056242240001,1.6094379124341003,0.6,10.0
AEMV9IMH665B9,fit,B00A41G09A,B00A1Y177A,B0001433OU,0da17e7413dd7d089d0b8af8d5c583b5f449d31a2d00d8a0b60646de3ca29c93,20.0,1161.0,58.05,84.0,1.0,1.0,1141.0,57.05,1830.0,91.5,0.3719773872747652,0.096045197740113,679.0,1580.0,3.3990285388414327,1.9459101490553132,0.2,10.0
AJHVIUJC78ARE,fit,B007M0STLI,B005C5FP9Y,B0065FE488,0dac8a28ada46adce2abbe52a5bc091228e42e65d6a2b10182b4990478dda91d,4.0,247.0,61.75,83.0,1.0,1.0,239.0,59.75,336.0,84.0,0.3491526865432249,0.19540229885057472,135.0,317.0,3.3057602362894434,2.3025850929940455,0.0,10.0
A32POM4ALTYIZV,fit,B002ZTV9SG,B002UL10HO,B000YHLOC2,0db3df9607f25b7cd217b4f98e1b112a9e96c11e53bd470cd1dc3dbac6b55932,4.0,322.0,80.5,82.0,1.0,1.0,314.0,78.5,426.0,106.5,0.2599815189069521,0.1643192488262911,137.0,315.0,2.6350160954019195,1.791759469228055,0.25,10.0
A1MZBEA266BNAS,fit,B002Q6UAH4,B002D89VHK,B0017T398S,0db51590ca7cd4702cd4942ca89c800a823f7eda832831940c6996fc759da505,2.0,94.0,47.0,52.0,1.0,1.0,94.0,47.0,94.0,47.0,0.42135862913096694,0.3953488372093023,68.0,158.0,1.7005986908310775,1.6094379124341003,1.0,10.0
A2PYBH76TK4QLE,fit,B004DIXYUI,B009FIF1RU,B0046VGPHQ,0db79f4799198a63cc1059bd2c962b7ea7abe71a494546069790c6fa11b903aa,6.0,427.0,71.16666666666667,84.0,1.0,1.0,407.0,67.83333333333333,1052.0,175.33333333333334,0.2551461542878652,0.09289617486338798,203.0,475.0,3.156739012810372,1.6094379124341003,0.3333333333333333,10.0
A1EBSTR5VPYXCP,fit,B000XY9LT4,B000RL0OYE,B004AJ1MN6,0dba6d79bc4cfa5c7eafa531e20301516b53fcbbe95c2b9799d50e5da11940a2,3.0,165.0,55.0,83.0,1.0,1.0,161.0,53.666666666666664,216.0,72.0,0.38227513227513227,0.20238095238095238,102.0,237.0,2.1930837373367003,1.3862943611198906,0.3333333333333333,10.0
A3LEVUIGYYWROW,fit,B000VRTE9A,B006Y7U1TS,B0019LVG52,0dc0bc7c0dd82d30a5facea2d40f3211fd136ea9d83d9bcb6c336e87a4a308b0,3.0,192.0,64.0,84.0,1.0,1.0,188.0,62.666666666666664,359.0,119.66666666666667,0.3130913687251715,0.11619718309859155,100.0,239.0,2.7295630414814003,2.4849066497880004,0.0,10.0
A3102C5Y6A6YTI,fit,B0000535VH,B002B4EFCC,B0019GXOXY,0dc14a07c90cd6214437b3a7f8e3be27dd9756b5da0e2dea054b88c01ba9b639,9.0,617.0,68.55555555555556,84.0,1.0,1.0,593.0,65.88888888888889,984.0,109.33333333333333,0.2897140707369451,0.12363636363636364,301.0,714.0,3.478003618690396,2.5649493574615367,0.0,10.0
A9HZ1QUGDOFT6,fit,B0018P2ZEA,B002RS8MWG,B001AO0WCG,0dc87305488b0e1cc02ea8066b14ca31be91a0c88d5e9fd367fa1f96c7bbd613,5.0,412.0,82.4,84.0,1.0,1.0,396.0,79.2,647.0,129.4,0.22233130948432184,0.13127413127413126,167.0,397.0,3.006736416338005,1.9459101490553132,0.4,10.0
A3H8IE60X1L8ZY,fit,B004IV7RZS,B001MA0QY2,B003TNVSTW,0dce7e6524684ea9c026543d72f7fc7eaf144b6f3f0fdac3c0159c6d041afe18,3.0,190.0,63.333333333333336,83.0,1.0,1.0,182.0,60.666666666666664,316.0,105.33333333333333,0.3323196450702465,0.1471861471861472,102.0,237.0,3.5546398266338897,2.6390573296152584,0.0,10.0
A2B051BI40O45D,fit,B0067F8BBM,B0054GBXOW,B000I20Q72,0dcf0aedbaf46ab7af5c764a49248e704155ef7e1575f128425a00bd1e503535,2.0,166.0,83.0,83.0,1.0,1.0,158.0,79.0,195.0,97.5,0.26130917592051434,0.23448275862068965,68.0,158.0,3.573779635594727,3.4339872044851463,0.0,10.0
A20H2Q6KA5D4B3,fit,B006OMHR1S,B002MZ8BK2,B0019N6RFO,0dcffba42fc387167f313e0a495222d8fd733e43cd4d4110c310a7c4035e4301,2.0,166.0,83.0,83.0,1.0,1.0,158.0,79.0,331.0,165.5,0.20558283324240773,0.12056737588652482,68.0,158.0,4.6618345286415925,3.912023005428146,0.0,10.0
A22SFPYPRS4V6F,fit,B00A1Y177A,B0098T3D5I,B007K1OB0M,0dd187ee64e6568f981843c7d383f2ec9bc109c5ed16a46ff58a01d397d1280c,18.0,1059.0,58.833333333333336,84.0,1.0,1.0,1039.0,57.72222222222222,1479.0,82.16666666666667,0.36611720224619915,0.08831168831168831,610.0,1423.0,3.104672739843912,1.3862943611198906,0.2777777777777778,10.0
AQYY2OH4BRCZG,fit,B002PBACLY,B0020VJTDG,B003Z4OD24,0ddf6bb342ad7a0a4e55e458c24670a40426a3a274f4053a68f3692cdf826d61,5.0,414.0,82.8,83.0,1.0,1.0,394.0,78.8,1065.0,213.0,0.157311263318229,0.096045197740113,171.0,394.0,2.8031766418031205,2.3978952727983707,0.0,10.0
A3KB9YGR2GDFPY,fit,B008T85MU8,B002KMXO36,B0076H7REM,0de00e90e21951b0f02b2f4e170e6be624f941f78484851440d230f785af2e93,2.0,123.0,61.5,83.0,1.0,1.0,119.0,59.5,305.0,152.5,0.28658591702069963,0.11371237458193979,68.0,158.0,2.612873336856601,1.791759469228055,0.5,10.0
AQYYUN3T7B0WM,fit,B00A0IWTBA,B0020122ZS,B003BJZ1M4,0ded261e8bfa176fb98df82ea6f45dff66b7e36ffda14abc27a4236faa5e8091,2.0,110.0,55.0,82.0,1.0,1.0,106.0,53.0,540.0,270.0,0.30618623577283716,0.06398537477148081,69.0,157.0,4.2869757626174225,3.988984046564274,0.0,10.0
A2RT5AJE9WTA8N,fit,B001BMLJU6,B00AHF1GTM,B003RCZSJ6,0ded3364ccdd741907eae38c00aabf9796c891babd53bee74ebf86c2fee29483,4.0,230.0,57.5,84.0,1.0,1.0,222.0,55.5,293.0,73.25,0.37927467269572535,0.22077922077922077,135.0,317.0,3.6037669196163273,2.772588722239781,0.0,10.0
A17TAODH3BSDD,fit,B004LSLE0C,B004AO5D0E,B00137B2S8,0df37dd7a0535b89797ace879bef4f8948ec297304315d8bbba81d8e402520a0,2.0,166.0,83.0,83.0,1.0,1.0,158.0,79.0,203.0,101.5,0.2542494481236203,0.2251655629139073,68.0,158.0,2.4181409534757385,2.197224577336219,0.0,10.0
A2H9BO4UB2D5EO,fit,B0094DH1RE,B004EFG4BG,B000F8HWXU,0df43ba337cd195247f3cf1f60aa0d5ea3e82ed0a8ab53c9a10d92db771afa59,4.0,325.0,81.25,83.0,1.0,1.0,313.0,78.25,546.0,136.5,0.22311968983781733,0.13545816733067728,135.0,315.0,3.1124507076131924,2.3025850929940455,0.0,10.0
A33RXCY134VEBE,fit,B006U9D6D8,B005FU4DTE,B0046VGPHQ,0dfd8906dc26c32b3a7822484477d0454dbb44b7e3a57d599af70548938e91e3,3.0,250.0,83.33333333333333,84.0,1.0,1.0,238.0,79.33333333333333,523.0,174.33333333333334,0.16230378840806803,0.15246636771300448,101.0,238.0,2.863233294067662,1.791759469228055,0.6666666666666666,10.0
A3B1360JOYS0GJ,fit,B002Y26RUE,B000VOJHE0,B002XITY36,0e03bd04946cf56d28e99f6c0a733da201948eae1d04829ad3b4ac5302164c2b,2.0,153.0,76.5,83.0,1.0,1.0,149.0,74.5,190.0,95.0,0.27385114885114886,0.22077922077922077,68.0,158.0,1.6094379124341003,1.6094379124341003,1.0,10.0
A9HT0J22UER2U,fit,B00H8JPMX6,B00DQ1N1P6,B00EP2P3ME,0e0a3d923fc82613cac387c6be8ceb61a3345a5dc246e355419d0f0028fdc5da,6.0,447.0,74.5,83.0,1.0,1.0,431.0,71.83333333333333,1033.0,172.16666666666666,0.22604471246517158,0.07657657657657657,204.0,474.0,2.2719953768737366,1.3862943611198906,0.3333333333333333,10.0
A33GCCP25DXZJE,fit,B005EFYXLI,B003DVNKU0,B0068Z7MT8,0e0a6d0b419051a501f53a2781d9a395338e2ae8fe88c3528706571f17a7a4b0,4.0,288.0,72.0,83.0,1.0,1.0,276.0,69.0,942.0,235.5,0.21408387265663054,0.059130434782608696,136.0,316.0,3.7315293228701876,3.2188758248682006,0.0,10.0
A3OJAHOQKR1YO7,fit,B000X20Y4C,B000NJJFBI,B0013CSGBE,0e0fb0682741427211c7539d854d6a4c9b2b52c7f1c7bde2d71fef821a66467b,11.0,656.0,59.63636363636363,83.0,1.0,1.0,636.0,57.81818181818182,1248.0,113.45454545454545,0.33499749687689484,0.0825242718446602,374.0,869.0,2.9982358361229924,1.3862943611198906,0.2727272727272727,10.0
A1Z64J8ZZ600W2,fit,B006VYG9YU,B004WPHE3K,B002M466HI,0e186acbe86d6315a7c8aa8dede20c7bcc969929003d551c2ce6bc1ac2858b98,8.0,411.0,51.375,83.0,1.0,1.0,399.0,49.875,643.0,80.375,0.4000776437118655,0.13934426229508196,272.0,632.0,2.984563293427394,1.6094379124341003,0.125,10.0
A3GHTSDCM8B4V7,fit,B0041ERPPE,B002CL83YU,B001ET76EY,0e1c20a75b4865f0688be6255f3cb8a5acc60b1054d07a22fbdb1508907ca067,19.0,1348.0,70.94736842105263,84.0,1.0,1.0,1317.0,69.3157894736842,2329.0,122.57894736842105,0.28838715625311395,0.07252747252747253,644.0,1502.0,3.1217740016813185,1.3862943611198906,0.2631578947368421,10.0
A35JP8KSV9281K,fit,B00GYB1AQM,B00GLS55DC,B001E7BEEE,0e1c8f6ced9d81d6027e8fa1057c7e43493ffa7f479881c718d28a64e0783467,20.0,841.0,42.05,84.0,1.0,1.0,818.0,40.9,1732.0,86.6,0.46569208176894294,0.04936530324400564,681.0,1578.0,4.052782784127887,1.3862943611198906,0.1,10.0
A2PMNR76TYP9SZ,fit,B0085XS98Y,B00JGCU60W,B00CF7HBA8,0e2ecdfd2907f59a3824f1605a6fbe3134eba0463af4e8289f4c97ed42d664b6,3.0,252.0,84.0,84.0,1.0,1.0,240.0,80.0,476.0,158.66666666666666,0.17553991618413592,0.13675213675213677,98.0,240.0,3.4859441100718715,3.4657359027997265,0.0,10.0
A15R1Y3ZTUUOY8,fit,B001VII87W,B001DYLHJA,B0006OU06E,0e2f02ab1384271b6e22f2774f4dc4eb22cb09eb832aebc1ccca7c19300ab4eb,4.0,324.0,81.0,83.0,1.0,1.0,312.0,78.0,620.0,155.0,0.20734040985245863,0.11643835616438356,136.0,316.0,2.3779813373992384,1.6094379124341003,0.5,10.0
AGJXKY9XQ2BD5,fit,B00121UVU0,B000VON818,B000052WYL,0e323c4ee272c7dfef1f46a363be2436813e754d1b108c6e5fdf4f6294e76f1a,3.0,198.0,66.0,79.0,1.0,1.0,198.0,66.0,198.0,66.0,0.3466124729310383,0.29464285714285715,101.0,238.0,3.0050994169242826,2.3978952727983707,0.0,10.0
A1AJPYEH052IAT,fit,B0000UTUW4,B002PMLGOU,B0019Z8HT6,0e34300c3135ce43c56dd2b29ffabc0e9b2e4d662f9d22efa9206542c2326ee8,2.0,165.0,82.5,83.0,1.0,1.0,159.0,79.5,370.0,185.0,0.19627329192546583,0.10559006211180125,67.0,159.0,2.780340815507764,2.5649493574615367,0.0,10.0
A1F2PJKH8Z1AXE,fit,B004Z40048,B00871KNXI,B005C1C02S,0e39ac76ff92f2577c6694b692bee3d0cd57b418081f26cd78d08bc674821049,6.0,413.0,68.83333333333333,83.0,1.0,1.0,405.0,67.5,431.0,71.83333333333333,0.33092297148900923,0.2698412698412698,202.0,476.0,3.0153272201480337,2.0794415416798357,0.16666666666666666,10.0
A2T689YVOAYGGD,fit,B00HM6IXH2,B00639DLV2,B007RTR9G0,0e3d8cc98c337edce45555dae809d0f265eb66b6e620b5e75d126065a5725fe3,2.0,61.0,30.5,36.0,1.0,1.0,61.0,30.5,61.0,30.5,0.5309927360774819,0.4857142857142857,68.0,158.0,5.386186081006507,5.231108616854587,0.0,10.0
A16A7NKAXYWHRT,fit,B000PP15L8,B000O05AC4,B005ELPNLG,0e43768accc9f0e5ea861b2ef7162cd59ca5e4596220ec46f2822b2986a31bcc,7.0,405.0,57.857142857142854,83.0,1.0,1.0,397.0,56.714285714285715,659.0,94.14285714285714,0.3526632782048317,0.1027190332326284,238.0,553.0,2.705782005385802,1.0986122886681096,0.2857142857142857,10.0
A36JMSS8SPMH9D,fit,B001KYVOJQ,B001EM1BBK,B00188IFHS,0e458ab77f659bd93eb40d4897d17308068cf53c905b4c8c3d27ac5b4236ba82,2.0,129.0,64.5,83.0,1.0,1.0,125.0,62.5,470.0,235.0,0.249617903930131,0.07423580786026202,68.0,158.0,4.2421283455849865,4.07753744390572,0.0,10.0
A2LTE54PB04XZE,fit,B001BODO2A,B001MA0QY2,B0009PVV4A,0e4ce4a85351431f3aac7babb1c89b37b85db14b050afbbdf47d03f195935bfc,2.0,115.0,57.5,83.0,1.0,1.0,111.0,55.5,229.0,114.5,0.3235930735930736,0.1471861471861472,66.0,160.0,3.98016181457442,2.70805020110221,0.0,10.0
A1YMZ3PYX65PGV,fit,B0042WIHNY,B002MSN3QQ,B003YJ9YBU,0e551e718f43001f69af84d41b70dd12438e98a7ae1ca2f39dce0ebe87947311,9.0,689.0,76.55555555555556,83.0,1.0,1.0,665.0,73.88888888888889,1240.0,137.77777777777777,0.23527401055687522,0.11333333333333333,306.0,711.0,2.0928175213861073,1.3862943611198906,0.7777777777777778,10.0
A27UQW5SQS73NY,fit,B007XCB74Q,B005D19E30,B001V3TVEQ,0e5c4bc0a5adcb43dbb4d9fc959d4b218dd7c18ba6a5768c4f6d867c46fda018,3.0,158.0,52.666666666666664,83.0,1.0,1.0,154.0,51.333333333333336,228.0,76.0,0.3833194550040428,0.18181818181818182,102.0,237.0,2.633669017330807,1.6094379124341003,0.6666666666666666,10.0
AV9D00DUJBJWV,fit,B004675BIE,B0030HKJ8I,B0000531WZ,0e5d7dcbe222550ffe86c774e570b6e73a91aa8de0302e3bb6d0ae42dd2e5720,2.0,101.0,50.5,73.0,1.0,1.0,101.0,50.5,101.0,50.5,0.43307205305999397,0.3177570093457944,68.0,158.0,4.167235777300472,3.5553480614894135,0.0,10.0
A1MN175SVC6Q2I,fit,B00B1IV2A2,B004GC2LLE,B00161CBV8,0e6118c45c81fbab58eadea013103bfe40abffb3451cd55f59d33ef10ca9e175,3.0,215.0,71.66666666666667,83.0,1.0,1.0,207.0,69.0,318.0,106.0,0.2705088086901381,0.18478260869565216,101.0,237.0,2.103306092742172,1.6094379124341003,0.3333333333333333,10.0
A103ZVTCQUF348,fit,B000WNLFBI,B001G7PU4M,B0009MJE74,0e6788497dc8659a937d1fe885126df6225a27e9c07ca893850b5ae6bdb953e5,4.0,322.0,80.5,84.0,1.0,1.0,310.0,77.5,1006.0,251.5,0.17073939358239945,0.07640449438202247,134.0,318.0,1.9356005054539454,1.3862943611198906,0.75,10.0
A1CBCTJ0VF4RI1,fit,B003VMXYLG,B003VMVDM8,B003VMU63K,0e725abb053e697c4ded73fd2a65bc9709d1e271a7b211a344622b1eefce6c30,2.0,166.0,83.0,83.0,1.0,1.0,158.0,79.0,230.0,115.0,0.228229039960355,0.2251655629139073,68.0,158.0,3.118184795101852,1.9459101490553132,0.5,10.0
A22P8CW9NVJ49H,fit,B00264NW7G,B000VSG1PO,B0012R23UK,0e773a4fd067f944496bf03df756af4f3a687c377f4057aed05f23f4b7e32b45,6.0,498.0,83.0,83.0,1.0,1.0,474.0,79.0,704.0,117.33333333333333,0.2341472695455262,0.15315315315315314,204.0,474.0,2.481638359010556,1.3862943611198906,0.3333333333333333,10.0
A1FP5ZLSKR07SU,fit,B007OT1R7K,B000EVGQ0S,B000GCQV9G,0e77945bcad53b9740cd6e46f189ed4c367609cec1a22ee6c61abe73c25c029b,6.0,327.0,54.5,83.0,1.0,1.0,319.0,53.166666666666664,490.0,81.66666666666667,0.3644253186633848,0.15813953488372093,205.0,473.0,3.43365357996767,1.6094379124341003,0.16666666666666666,10.0
A2UCFWO3MZNW4F,fit,B00BC3YL2W,B003GXC0T2,B00450MNBU,0e7c8bc8b154527ffeb4e41537fd78f8e93ec1f45e09259bffe2040edac3d26d,2.0,139.0,69.5,83.0,1.0,1.0,135.0,67.5,282.0,141.0,0.25427350427350426,0.13076923076923078,68.0,158.0,1.7776740307447068,1.6094379124341003,1.0,10.0
A2V09TLBGBRKXM,fit,B006ZAPMT8,B0000YV83O,B001EDHAU0,0e7d407c4fb63b542f45b812445263e73a7151f12a6d06598b0b0a718530a11c,5.0,308.0,61.6,71.0,1.0,1.0,308.0,61.6,308.0,61.6,0.36135426670080134,0.3238095238095238,170.0,395.0,2.750539709110481,1.9459101490553132,0.2,10.0
A1HXB7J6HQMAM5,fit,B001991SHK,B0069FDR96,B004DK0UDA,0e80f81d8ab833ebd00304c4b20fd3f57fe75ea86729863d25249c8e20dc7cf8,5.0,359.0,71.8,84.0,1.0,1.0,343.0,68.6,941.0,188.2,0.2485614408888873,0.0737527114967462,169.0,396.0,4.439706122976743,2.772588722239781,0.0,10.0
A1VK6EKINVYAT7,fit,B008EKY8VK,B00AZSNW3E,B004Q8GYES,0e88b24315a13c2b2f57a0dbc6d6320430b938a2bf27f86b9f35072b3bbc3815,7.0,389.0,55.57142857142857,83.0,1.0,1.0,373.0,53.285714285714285,2384.0,340.57142857142856,0.3106502336183851,0.04326328800988875,244.0,547.0,4.013453568859906,2.833213344056216,0.0,10.0
A1X2ZLQW3I3JJ3,fit,B00187OEWO,B004OHQR1Q,B00910ZHJE,0e8a76cee3b262e9685db3ef796bb9eb19c4b001b73b1f2be164b41957467f72,2.0,133.0,66.5,84.0,1.0,1.0,129.0,64.5,190.0,95.0,0.2996468633153303,0.1896551724137931,67.0,159.0,4.401937381767217,2.8903717578961645,0.0,10.0
A2MWUX2R6XF640,fit,B003EBNLIA,B002GN6OK4,B004BCVG1U,0e8c2cabb77298b9c45a4ecb9b0ba8eb63bada6007342961ae4b29bbaf631eff,2.0,104.0,52.0,83.0,1.0,1.0,100.0,50.0,132.0,66.0,0.4263322884012539,0.23448275862068965,68.0,158.0,1.791759469228055,1.791759469228055,1.0,10.0
ADJAF7ZFZ25EG,fit,B003BIUF8A,B006V6T1X4,B000O03F4O,0e9317608dc7bceeea1dbaaecc480d8c9ae1e278ee3a63c54662a8a792c79eff,5.0,391.0,78.2,84.0,1.0,1.0,379.0,75.8,803.0,160.6,0.23172961272080714,0.07432432432432433,167.0,397.0,3.041286837493565,2.3025850929940455,0.0,10.0
A1NGDC9NJYSPOB,fit,B0013CSGBE,B0012J135O,B0000536P3,0e95381f8ba4a6b93b2d109f05889ed58d2354cc4b487a0652c006117a2ac1a3,2.0,125.0,62.5,83.0,1.0,1.0,121.0,60.5,257.0,128.5,0.2919573028957937,0.13654618473895583,68.0,158.0,3.102278881284345,2.3978952727983707,0.0,10.0
AY5EHCWHVQKNF,fit,B007BLN17K,B0019TYZ66,B00150LT40,0ea0a0ccd508a7cf374b60ac6a7b6c1c49e47a1fbb5445d3ace0456eee319957,2.0,125.0,62.5,69.0,1.0,1.0,125.0,62.5,125.0,62.5,0.3506535947712418,0.3235294117647059,67.0,158.0,4.4452741228030845,3.295836866004329,0.0,10.0
A1MF325XQFLRR9,fit,B002LM83HW,B001R1E2FK,B002K8UB9A,0ea1f5e1c277ae207f994137482ae038e5c60471936a87ade42608527112108e,2.0,166.0,83.0,83.0,1.0,1.0,158.0,79.0,267.0,133.5,0.2070607911576498,0.17801047120418848,68.0,158.0,1.9459101490553132,1.9459101490553132,1.0,10.0
A3J0O3VIVSOTH8,fit,B00A20OQYE,B008RS4LO8,B002XHJI9W,0eb04db057cd1fc4e0c87d381ebbf684cfa5901014ea5273ea6474fb30d0b9d9,4.0,242.0,60.5,83.0,1.0,1.0,238.0,59.5,341.0,85.25,0.3428440322280073,0.1574074074074074,135.0,317.0,4.35090423947752,2.6390573296152584,0.0,10.0
A15T9G38F589KM,fit,B00GLS593S,B00HD7SCLM,B00A0IWSN4,0eb45d3ecc2192104da6449da3815826193342f10bf26b14a975d0bf3329c91e,20.0,836.0,41.8,83.0,1.0,1.0,817.0,40.85,1140.0,57.0,0.47397321193549846,0.11929824561403508,683.0,1577.0,3.8910285790496224,2.3025850929940455,0.0,10.0
AEASLIN81HAOX,fit,B000E7YL3G,B000C21AC8,B0009OAI7C,0eba7305713399e937d3e1bb36a507fd627b5a3abc44cf30402a80dc27d2afa6,2.0,103.0,51.5,62.0,1.0,1.0,103.0,51.5,103.0,51.5,0.40375,0.3541666666666667,68.0,158.0,2.2386684072391034,2.0794415416798357,0.5,10.0
A2ZFJY6P72SC1U,fit,B008Q0E714,B005WTLB9S,B005C5FP9Y,0ebc99b91a13e94ab236450e838faa67bb2f4fb826bdde3e918708ff89a13d5f,11.0,750.0,68.18181818181819,84.0,1.0,1.0,722.0,65.63636363636364,1845.0,167.72727272727272,0.2650268441377397,0.07300884955752213,374.0,868.0,3.834017990119301,2.3978952727983707,0.0,10.0
A2D5Y5Q2I8M7NU,fit,B0002Z0U5I,B001FS0HAY,B001DKQ3O8,0ecfa4bf2e8d2d96c3ab7b6e1bcd80738b991ed960f06f4e212d10aaca0df8ce,2.0,121.0,60.5,83.0,1.0,1.0,117.0,58.5,165.0,82.5,0.3417011732229124,0.2111801242236025,68.0,158.0,3.5211430859698716,3.0910424533583156,0.0,10.0
A1SNUQMWMH021L,fit,B002HEW7V2,B002X9XV48,B002HEW7QM,0ed0742a7466fba2a9af0a2c32d39fc5e2e09ea3cd50e3cf45964768593a2142,2.0,166.0,83.0,83.0,1.0,1.0,158.0,79.0,554.0,277.0,0.11089437033308164,0.09770114942528736,68.0,158.0,2.920320828686699,2.0794415416798357,0.5,10.0
AANHR0DB9SZ80,fit,B00F9SWMEA,B003LYDBCG,B00150LT40,0ed3cf4017b426b9e9109e5ea58f97d7d8b7ebcf800ebc933425dd0383485350,20.0,1284.0,64.2,83.0,1.0,1.0,1248.0,62.4,2340.0,117.0,0.3293539036078408,0.06093189964157706,677.0,1582.0,2.392769452229998,1.3862943611198906,0.35,10.0
A2WW7EIN5MFNWB,fit,B0014A5P8C,B008C12ZHK,B0012UEJ1S,0ed490dcefe526ab62529a3fa6ecfd91894c1c97075fd864ccc05125df078bf4,7.0,523.0,74.71428571428571,83.0,1.0,1.0,503.0,71.85714285714286,594.0,84.85714285714286,0.300393162435221,0.2236842105263158,238.0,552.0,3.2145276799570004,1.6094379124341003,0.14285714285714285,10.0
AUE4N4XKQO2HV,fit,B006OSZ00C,B00008PC1O,B0013KYRIM,0ed8e45a515db67338515308ccfd3415d4205b40ab984867d7e3a19905fa827a,3.0,196.0,65.33333333333333,84.0,1.0,1.0,188.0,62.666666666666664,260.0,86.66666666666667,0.32815992727087706,0.2119205298013245,100.0,238.0,2.219764639894546,1.6094379124341003,0.3333333333333333,10.0
A2C27IQUH9N1Z,fit,B003O5NGJK,B008PK5NRC,B003XUROEY,0ede55e271df507962fb904f8220042b166de797dc79e866c59337b1eb99eb81,5.0,291.0,58.2,83.0,1.0,1.0,282.0,56.4,444.0,88.8,0.3714354765371708,0.16346153846153846,172.0,393.0,3.450198683518596,2.0794415416798357,0.2,10.0
A3MRF11LISAKY0,fit,B008PEXV3Q,B005L4ULCC,B005BF1M10,0ee091084fae0f5c08a6d9563935fbf8abfec9b34026b947dba95753ed02e06e,8.0,552.0,69.0,83.0,1.0,1.0,532.0,66.5,763.0,95.375,0.3064680555721495,0.1574074074074074,271.0,633.0,3.530132521181776,1.3862943611198906,0.25,10.0
A346MJ8WUSV7TT,fit,B000ORXJ3E,B000F63TW0,B000052YMR,0eecf2a7a37d74ef79a957e68ac9ee784c4555a6ce8078080813c81e00f03f21,2.0,166.0,83.0,84.0,1.0,1.0,158.0,79.0,551.0,275.5,0.142971053336907,0.07252747252747253,68.0,158.0,4.319705412070244,3.912023005428146,0.0,10.0
A231M5GVQYB9BC,fit,B0038TVH3Y,B0038TVHGG,B00127C83M,0ef69c70ae025f8e01baefd16753fd648f17e8bf897d0219b3633691c74d5895,3.0,201.0,67.0,83.0,1.0,1.0,197.0,65.66666666666667,293.0,97.66666666666667,0.30208067868886584,0.16267942583732056,102.0,237.0,3.063107001584035,2.0794415416798357,0.3333333333333333,10.0
A2FWAWRQH5ZSWA,fit,B001E96N20,B004DIUWY4,B001TVF8HY,0efb7e3719ca02a3c95631d30289d37ab71e2398d011e20c14e2bcac7044a6d7,3.0,200.0,66.66666666666667,84.0,1.0,1.0,192.0,64.0,296.0,98.66666666666667,0.30398764940342765,0.18681318681318682,100.0,238.0,2.6766946980891877,2.0794415416798357,0.3333333333333333,10.0
A3HPWCO03NENL4,fit,B003II53Z8,B002WC8E9S,B000052XZX,0f0331588e5bf6032dff2d4da9d513beb6407114740df2d9e8b7d2704a079ebf,3.0,221.0,73.66666666666667,83.0,1.0,1.0,213.0,71.0,344.0,114.66666666666667,0.2581438758257209,0.16267942583732056,102.0,237.0,3.025412462484234,2.3978952727983707,0.0,10.0
AR2JAULRP75ZE,fit,B000QSDHPG,B000HJ0ICY,B000A35L56,0f085e8274eebc3a53bec509d9b7ab40680238889a27ba442cb6c8e40fd4defe,5.0,397.0,79.4,83.0,1.0,1.0,389.0,77.8,615.0,123.0,0.25832062383738225,0.10461538461538461,170.0,395.0,2.3258214438519276,1.791759469228055,0.6,10.0
A1ZXO8OI2GCC4L,fit,B00EA5B2VW,B00EA5ASEE,B002SYXHTC,0f09ab94096bcfc92a718a0d61b78e115ac3de7267f00bb37ee333be097d6d2e,4.0,315.0,78.75,84.0,1.0,1.0,303.0,75.75,511.0,127.75,0.23093286919149889,0.15566037735849056,133.0,318.0,1.853040083736301,0.6931471805599453,0.75,10.0
A1H8Y3YQGYVX2,fit,B005C2O3PO,B0039BGHW2,B0046VGPHQ,0f0dbc61e3300be58c480d1cdd5a69fdf08de12adb8be8580ba04f9dfc931134,5.0,334.0,66.8,84.0,1.0,1.0,326.0,65.2,441.0,88.2,0.31633370915998216,0.16097560975609757,169.0,396.0,3.184824495388778,2.3025850929940455,0.0,10.0
A3MV2HWQH4C4XY,fit,B001QDDJB2,B004VM9JCS,B000VICKKO,0f11b1ee3099090f1f02e4a194c6d2bf88a5be411bbc6ecb055cabf29f50ceaf,5.0,343.0,68.6,83.0,1.0,1.0,331.0,66.2,611.0,122.2,0.28332797535224385,0.13654618473895583,170.0,395.0,2.7092593779591074,1.6094379124341003,0.4,10.0
A276QNJHOU6FO9,fit,B000HTNBB4,B003COAFPQ,B004LY0X26,0f147a5c74fc2ae738d0a9f4a01b14297c8c35a455bb5e9aef4cdc155da88ca5,2.0,166.0,83.0,83.0,1.0,1.0,158.0,79.0,573.0,286.5,0.126140350877193,0.07333333333333333,67.0,158.0,3.102278881284345,1.6094379124341003,0.5,10.0
A15W81O74T7HW4,fit,B000EBZ7XK,B0089XPUXM,B001FT3OZI,0f1ccbaa6ee381532db1a98316860bc0ec06679716fc7de9c96c31ae79f8cfda,5.0,316.0,63.2,83.0,1.0,1.0,308.0,61.6,1029.0,205.8,0.3120905115669456,0.04106280193236715,171.0,394.0,2.4470486045659903,2.197224577336219,0.0,10.0
A25330LLZWPAM2,fit,B0000CC64W,B000052YM7,B0009MSHR2,0f2335cd92a5eba9f429aa9f067ed36dee575834cd7132f71de87c93915c51ca,4.0,306.0,76.5,83.0,1.0,1.0,302.0,75.5,526.0,131.5,0.26104985147289705,0.10089020771513353,136.0,316.0,2.880936675900453,1.791759469228055,0.5,10.0
AY4QK1GJUQY5B,fit,B000TG850M,B000RTPT8M,B00099E8ZA,0f28c220108bfacc183d9412f361d65069616c4f69d5b5991dc40ab81eb6b1f4,3.0,185.0,61.666666666666664,83.0,1.0,1.0,177.0,59.0,892.0,297.3333333333333,0.30470477377374994,0.04287515762925599,102.0,237.0,3.801687273031428,2.9444389791664403,0.0,10.0
A2LSHTM5VP2A8H,fit,B004K3D0FK,B003UNPS0Q,B002QG6P9G,0f2e70c6d364410727b34a83a7686a32a102e7f332d2a1095fb0fe7f4282218d,3.0,186.0,62.0,83.0,1.0,1.0,182.0,60.666666666666664,304.0,101.33333333333333,0.3263555381846903,0.14468085106382977,102.0,237.0,2.703575860991496,2.197224577336219,0.0,10.0
A38IK70GPO2HX1,fit,B0012J30LY,B00027DMI8,B0009OAHIW,0f2f58adc75b8c1bada2b17607c0b61a213327b7cf374295e2143bdc1cc7a5a7,3.0,247.0,82.33333333333333,84.0,1.0,1.0,235.0,78.33333333333333,1309.0,436.3333333333333,0.10515908534313816,0.043373493975903614,104.0,235.0,3.600280027796677,2.833213344056216,0.0,10.0
A2MHFBVNI48X0S,fit,B003ZS6ONQ,B0063TFLG0,B003IQ1N4A,0f3073dbf5d5bd2fec9ad18c269523fac3e7d3760cada1e9a62e57dd64246643,4.0,231.0,57.75,83.0,1.0,1.0,227.0,56.75,338.0,84.5,0.3592458822686509,0.15178571428571427,134.0,318.0,2.897915676376903,1.791759469228055,0.5,10.0
A1Q0YMVAI71R20,fit,B004WC2H8A,B002D4KCPY,B001QDDJB2,0f30999d03ab0cd4d341cbfa9bd1219baabf49c35051d80e64364ac792816f6f,4.0,267.0,66.75,83.0,1.0,1.0,256.0,64.0,289.0,72.25,0.36698655389286483,0.25,136.0,316.0,2.2467992051654933,1.6094379124341003,0.5,10.0
AGD2PP0S52L82,fit,B004Y9L926,B001Q8560Y,B001SZ1NUW,0f3601f030cd46231a5becad53efcb76e21c2d45256cfefbe5f99bdf1e056a5c,6.0,402.0,67.0,83.0,1.0,1.0,386.0,64.33333333333333,796.0,132.66666666666666,0.31447484119154634,0.0709812108559499,204.0,474.0,3.247700180693688,2.5649493574615367,0.0,10.0
A3PXWLB5UH86QS,fit,B0007XFB2W,B005GQ6IPY,B002VA4FXA,0f49061f69d346d15ab9ac11e088da3a7f9855b40a5abc311cb475969e3226fb,3.0,141.0,47.0,83.0,1.0,1.0,137.0,45.666666666666664,326.0,108.66666666666667,0.3956854435022579,0.11258278145695365,101.0,238.0,1.8782632010564164,1.6094379124341003,1.0,10.0
A11EXFO14WEJM1,fit,B00BB5YHFC,B00AE07BI0,B002UUT3AG,0f5204cfab0f8f5c523052eca7050c1770a372851a9564391d168e5a758803d1,6.0,253.0,42.166666666666664,82.0,1.0,1.0,249.0,41.5,269.0,44.833333333333336,0.49098545146825984,0.2631578947368421,208.0,470.0,4.193821926719595,3.6635616461296463,0.0,10.0
A2A07LWCVDSGWM,fit,B004A7T7F8,B001F51V3E,B0009V1YR8,0f55cf39be6cea799845ac4cffca1f77544ed2dc0818d4ce9dd80383780fd5a5,4.0,252.0,63.0,84.0,1.0,1.0,244.0,61.0,332.0,83.0,0.35283198232189333,0.2088607594936709,138.0,314.0,3.5009547891505877,2.3978952727983707,0.0,10.0
A27LEATCCMJJF4,fit,B0019QU5P4,B0014568D8,B007JT7AIA,0f5c934b832eecd40f5786bd9141f85271a3ea3d1f83dedb15f452fc0099dbf0,3.0,133.0,44.333333333333336,69.0,1.0,1.0,133.0,44.333333333333336,133.0,44.333333333333336,0.4532599001272178,0.3235294117647059,101.0,238.0,3.291078169788369,1.791759469228055,0.3333333333333333,10.0
A1I8QPILZMTELT,fit,B000B9J3GM,B0080D1U1W,B000BIZSUS,0f61b20a6203f1fc122a2a45c961d673600bf803528606dff37a28f689a628e7,2.0,143.0,71.5,83.0,1.0,1.0,139.0,69.5,178.0,89.0,0.2892614601018676,0.2236842105263158,67.0,159.0,1.7005986908310775,1.6094379124341003,1.0,10.0
A3FXIIG1O671DP,fit,B008ML1M06,B002UD52WQ,B002BS43HU,0f68cc7d57a0f76552a33d6f9ad59db09be8452247be04317537007b09e0d604,2.0,167.0,83.5,84.0,1.0,1.0,159.0,79.5,852.0,426.0,0.07669866506674666,0.06017699115044248,67.0,159.0,3.235399751891301,2.833213344056216,0.0,10.0
A2W7OTBDBGJIN3,fit,B001TAIFZM,B001KYNVLU,B00005V5P6,0f6d575c89bd2a7451d397c0c8434560d2390de2b8ebe4c201f7c0d7c5b724bd,2.0,93.0,46.5,47.0,1.0,1.0,93.0,46.5,93.0,46.5,0.4223765432098765,0.41975308641975306,68.0,158.0,2.799210979499187,2.70805020110221,0.0,10.0
A3QWTB7JGLYWBG,fit,B002JDUMFO,B001FYV87O,B002CML1R0,0f6d6780bf1397982acb805d08c7ca2531d8a5974c35aa464a8ce2adc3134acd,6.0,490.0,81.66666666666667,83.0,1.0,1.0,472.0,78.66666666666667,774.0,129.0,0.23933694198873592,0.11221122112211221,204.0,474.0,2.499400508207685,1.3862943611198906,0.16666666666666666,10.0
A2YWJ984YPHOC9,fit,B001BBINYM,B0002DTV0K,B0001ZYLAO,0f7812b01447d4326daf758ecd0778b32125f8decb2a7779372e08533c1efed3,2.0,78.0,39.0,46.0,1.0,1.0,78.0,39.0,78.0,39.0,0.4700757575757576,0.425,68.0,158.0,2.9318155877990484,2.0794415416798357,0.5,10.0
AWFJPGG79S876,fit,B001H99VY4,B0087J0EQG,B005KO7NK6,0f7a8807c5f9cf5ba243b45a0380fe638daa4edb284a0bf6b38eb50909302b3f,2.0,151.0,75.5,84.0,1.0,1.0,147.0,73.5,311.0,155.5,0.22297101449275364,0.11594202898550725,65.0,160.0,2.5053176470481278,1.6094379124341003,0.5,10.0
A1G2SRMY3SCI5M,fit,B00B1DSBSI,B000UPEF88,B00021AM9G,0f8670538875a7eedc10861cb8fb4b55613fd8948f439ec98b5444b19618cf56,10.0,734.0,73.4,84.0,1.0,1.0,702.0,70.2,1153.0,115.3,0.2673459888816984,0.17616580310880828,343.0,787.0,2.3073222653169436,1.791759469228055,0.5,10.0
A2UNWFVHL0JWBH,fit,B0086LC49K,B008JWW5K4,B0017ZDH52,0f8faa79e0546c5289f305ee96d90617342f61e8aee55d575d325c2938b9e5e9,14.0,1011.0,72.21428571428571,85.0,1.0,1.0,973.0,69.5,1922.0,137.28571428571428,0.2528376032113151,0.1069182389937107,466.0,1116.0,3.0120994249383317,1.9459101490553132,0.14285714285714285,10.0
A13RP5F34M4DIB,fit,B0020MM8WO,B000JWM7FA,B000GCQV9G,0f9192f257684f533e708c1b2a2f11e61fe2d24fb2009c07f98af3e019d396d1,2.0,166.0,83.0,83.0,1.0,1.0,158.0,79.0,269.0,134.5,0.2184140297369424,0.15813953488372093,68.0,158.0,3.8267474548306266,3.526360524616161,0.0,10.0
A216NSW58Q3SCJ,fit,B00GYB17P6,B00GNA9KKM,B002AMUIBM,0f9308b3a1618685fdaa9ea60031362f224badbb6c780e83fb60fab189cfb0c8,13.0,646.0,49.69230769230769,83.0,1.0,1.0,634.0,48.76923076923077,1122.0,86.3076923076923,0.4193634300242669,0.07157464212678936,448.0,1021.0,3.9143849797807055,1.3862943611198906,0.07692307692307693,10.0
A2E8RJ7DWAWW8T,fit,B00A6AK6SK,B00D76IRXQ,B000674Z8A,0faa13c5ea9179fc181a1b1283669f169c736f17997dbbb90b5c9d0460cf7ff2,2.0,140.0,70.0,83.0,1.0,1.0,136.0,68.0,198.0,99.0,0.28395604395604396,0.19428571428571428,68.0,158.0,2.5619819897016294,2.0794415416798357,0.5,10.0
AZMMFZKJB8PV6,fit,B0065WQ0JM,B004600K00,B004D2DPNK,0fae6ac0c053996ea4a215c96964fdddf8982ea27e4b97219afa4a12c779c813,10.0,602.0,60.2,83.0,1.0,1.0,585.0,58.5,941.0,94.1,0.35618594585384766,0.09264305177111716,342.0,788.0,2.574432228965291,1.6094379124341003,0.3,10.0
A24X7HDKJBRKWP,fit,B00GCQMSVA,B00KQBR9FM,B00GFBWWWC,0fb9b11fe246e1d257f4dc92795d214da51933759e380d6808e1f2ad338154d6,18.0,1421.0,78.94444444444444,83.0,1.0,1.0,1365.0,75.83333333333333,4909.0,272.72222222222223,0.15859276822531443,0.07083333333333333,612.0,1422.0,4.451077408806018,3.4657359027997265,0.0,10.0
A3ATKSR23880M1,fit,B001CJCFE2,B001CJCFBK,B001B1831U,0fbab9cb848dd827e52c82162f8385a25eda89a1548ae432107e16c46753210f,2.0,166.0,83.0,83.0,1.0,1.0,158.0,79.0,246.0,123.0,0.21663961038961038,0.2125,68.0,158.0,2.7058230259275198,2.0794415416798357,0.5,10.0
A3QI5G5J1NHAEU,fit,B003VI0HVA,B004S9SEWK,B001TJXI5U,0fbec2d89f0c27d877522ccf67b186527411327d96f37a8b0d43978d00a4f369,3.0,206.0,68.66666666666667,84.0,1.0,1.0,198.0,66.0,280.0,93.33333333333333,0.3006428628697669,0.2085889570552147,101.0,238.0,3.9532409284708496,3.295836866004329,0.0,10.0
A1MR1VMK999I6O,fit,B00GUTLC0C,B00DD96JVY,B0072XT8BA,0fc48c7dba617894886d87bf498a8a1e0e315e5a78778c7ffd916283466b3e6a,8.0,488.0,61.0,84.0,1.0,1.0,468.0,58.5,1416.0,177.0,0.2931128263870924,0.1,271.0,633.0,3.393272253056086,1.3862943611198906,0.25,10.0
A2KHBNINW82BCO,fit,B003K9KZHG,B0017ZDH52,B000ZV1WJ2,0fca06ff4c4317129882a59e2c8ce5e3eae3f4dcc201fe6d300a9fcb9ef8d1b1,11.0,593.0,53.90909090909091,83.0,1.0,1.0,573.0,52.09090909090909,991.0,90.0909090909091,0.38629257646983955,0.12056737588652482,370.0,872.0,3.5801959720448466,2.197224577336219,0.0,10.0
A23LRGXH0BTGFZ,fit,B003CTU5MO,B001H0YT5Y,B003S5HTHG,0fce93a55f616c9b45eb6903c89ca26cac3f9efbcd83c89d56947256b599fcc4,7.0,391.0,55.857142857142854,83.0,1.0,1.0,383.0,54.714285714285715,614.0,87.71428571428571,0.3518968648273343,0.13545816733067728,237.0,554.0,2.1659974892709988,1.791759469228055,0.5714285714285714,10.0
AJPKDAFL8B7MO,fit,B000EVGQ0S,B000F35R00,B0019CU2GU,0fd0e911ec18e4e7ba75bbc45e30ab6db64dd8a91cf2218dcf6df626eba59b44,2.0,153.0,76.5,83.0,1.0,1.0,149.0,74.5,165.0,82.5,0.29524448419797256,0.26356589147286824,68.0,158.0,2.659059996922108,1.791759469228055,0.5,10.0
ATFF039E40YCS,fit,B005UBN5AQ,B009WS6MUS,B000O3OZD6,0fd3a86ee66abac7861c995ecf9525692e52891fd1cee3e86154988e900d66ec,2.0,166.0,83.0,83.0,1.0,1.0,158.0,79.0,206.0,103.0,0.2516069788797062,0.2222222222222222,68.0,158.0,3.3995279310293984,2.5649493574615367,0.0,10.0
A2NI49ELD931A,fit,B001B1831U,B00158P1E6,B000T7P0KO,0fdaf0809302bfce7d4a05b8eac37c44580476c58a7b9c23cfc0f678acbe44dc,2.0,123.0,61.5,63.0,1.0,1.0,123.0,61.5,123.0,61.5,0.35610879578855015,0.35051546391752575,68.0,158.0,2.1242476210246792,1.6094379124341003,0.5,10.0
A3Q1P2LK9IUA89,fit,B001P1ZEL8,B001P1ZC9M,B000142AZ8,0fdbdd05051d0f878961eb88b07057221ba19ffd3b4d9919c14e28efb5b919fe,2.0,165.0,82.5,83.0,1.0,1.0,159.0,79.5,192.0,96.0,0.26153381642512075,0.2361111111111111,67.0,159.0,2.178354413344796,1.791759469228055,0.5,10.0
A1DGRO0NEY1UJA,fit,B003FBG7UI,B001LF4I8I,B001D0ACUE,0fe42e283c7c3d9f35f976ec1b0132d61cdcf3d51c38282b92ae82aa721eab42,2.0,122.0,61.0,84.0,1.0,1.0,118.0,59.0,444.0,222.0,0.2736965325234118,0.07517084282460136,67.0,159.0,4.226807104886683,3.828641396489095,0.0,10.0
A7YSSL9ODBQUK,fit,B000RRKCVS,B003QUHWT8,B001E5E9W0,0fe5c0e0722505d9c8288414b687418f5a419fbb6990b507617711e0159322a4,2.0,167.0,83.5,84.0,1.0,1.0,159.0,79.5,635.0,317.5,0.10872313527180784,0.07142857142857142,67.0,159.0,2.2154083994216567,1.791759469228055,0.5,10.0
A26X9MU3DBG9XL,fit,B000S7ZT6U,B00604MRJC,B0006IJA5C,0feff08f161c677d156e01c7d617a2560e7e8ab84dcf486b1fb542edecc17c53,3.0,167.0,55.666666666666664,83.0,1.0,1.0,163.0,54.333333333333336,181.0,60.333333333333336,0.402483669648041,0.2595419847328244,102.0,237.0,1.9390370533210681,1.3862943611198906,0.6666666666666666,10.0
AZ0Z7TEMQYJMB,fit,B003PLFHC2,B003PL0AMO,B000REO5JQ,0ff6f80ea774d249e8b06dc4ad287fd2794bfbec9766702ab198f63c329f30af,3.0,241.0,80.33333333333333,83.0,1.0,1.0,233.0,77.66666666666667,347.0,115.66666666666667,0.23941239638914058,0.19767441860465115,103.0,236.0,2.599370876276596,1.9459101490553132,0.3333333333333333,10.0
AHPULYR08XCS3,fit,B006L5BPCU,B008X9KKSM,B000142FVW,101200200eb2ea4ff9e5d4e2c8d6b51b729d1a45cf8b731ae02b32433f49b1a5,7.0,351.0,50.142857142857146,84.0,1.0,1.0,347.0,49.57142857142857,368.0,52.57142857142857,0.4199797009162184,0.2462686567164179,236.0,555.0,3.079068998851272,1.3862943611198906,0.14285714285714285,10.0
A3V1HQWVKE5M8J,fit,B000052YM7,B0071900NU,B006ZUEMSA,10129291b50f8dd2ecb4170775d93844205820741c653d1ae4f4bfb59f21b15b,5.0,327.0,65.4,83.0,1.0,1.0,319.0,63.8,917.0,183.4,0.27600899789433625,0.06882591093117409,169.0,396.0,2.6681647961628308,2.197224577336219,0.0,10.0
AQVFWCBC5AXZS,fit,B001ABLKK2,B00C67E0PG,B003GDKMVK,10129e14898cb7645819b333930f459c778268feef60e4cf5d77d8f0c39d24cf,16.0,976.0,61.0,85.0,1.0,1.0,946.0,59.125,1866.0,116.625,0.3358797114682372,0.07710843373493977,534.0,1272.0,2.6826922279735355,1.6094379124341003,0.4375,10.0
A11IXJ8M1JO296,fit,B002WUVOBA,B001QTW2FK,B00547H5U2,1027c766b5dc767d4370cc98979a86e7afa3fd269ab3036f9f0706e2f9f2d1ff,8.0,574.0,71.75,83.0,1.0,1.0,550.0,68.75,1305.0,163.125,0.2740893271671538,0.0517503805175038,273.0,631.0,2.4828343346928277,1.6094379124341003,0.375,10.0
A2ZDJ0HCVZ8Y6I,fit,B008SPOKIW,B008PEXV3Q,B004F949V8,10285cb6f500f907c51882162ec8012cd4f6370b492d5226794126162484b988,3.0,140.0,46.666666666666664,83.0,1.0,1.0,136.0,45.333333333333336,149.0,49.666666666666664,0.4488330315916523,0.2698412698412698,100.0,239.0,4.289144999363537,2.9444389791664403,0.0,10.0
A2NXBJUC1F4X9C,fit,B000KQ9TPG,B000MAOWOS,B0000CC64W,1030adc8c7544d2a0a5c4d8fc504e76ab534e8e0e202f73e6db2a399457fb6bf,2.0,120.0,60.0,83.0,1.0,1.0,116.0,58.0,131.0,65.5,0.3722491197183099,0.265625,68.0,158.0,3.508753071470628,2.197224577336219,0.0,10.0
AGMK6ROKAGNMP,fit,B000UPRSKA,B000G3JVSS,B006H2Z5KK,1030f00641f2260fc82223ffbcbc317f1fb0fb9ebe574056d26fe5790a3acd86,4.0,173.0,43.25,62.0,1.0,1.0,173.0,43.25,173.0,43.25,0.4527376117833095,0.3541666666666667,136.0,316.0,2.900782933214094,1.791759469228055,0.25,10.0
A348IT6M7H8A67,fit,B000052YQN,B000Q7UKC0,B00126IXLO,103a98e05c0b29d69fd09b8466950f6ed24045097c773b5cc2b8abff70a5922a,2.0,165.0,82.5,83.0,1.0,1.0,157.0,78.5,448.0,224.0,0.17779964652956298,0.08997429305912596,69.0,157.0,3.4292825173956825,3.332204510175204,0.0,10.0
A3SJP6W1CFYSON,fit,B0014UAHQW,B000AAAWEO,B001189I3A,103df830c3ffbeafca04775fd7c5741464fb4b88c50c22b59248fccf21f21411,2.0,162.0,81.0,83.0,1.0,1.0,158.0,79.0,204.0,102.0,0.2573607168698169,0.2138364779874214,68.0,158.0,3.5516610312630563,2.772588722239781,0.0,10.0
ASNGEUJ0LCACM,fit,B0007W1R58,B00006JT6O,B000JGKG2M,1044a2d155ce5035d2f6f5874b81d5846f2b5235a453b3b7d7b36b26d583806b,6.0,479.0,79.83333333333333,84.0,1.0,1.0,459.0,76.5,1024.0,170.66666666666666,0.18795816713110444,0.12222222222222222,203.0,474.0,2.931911064492571,1.791759469228055,0.16666666666666666,10.0
A1V4GGDRXP33TR,fit,B0002Z8P1E,B0006HRCL2,B001GNBVRQ,104a2ce21538d39d8602943213cf34c5915e631691fa4bb59855aebf13166807,15.0,980.0,65.33333333333333,83.0,1.0,1.0,954.0,63.6,1524.0,101.6,0.31315186315234994,0.12363636363636364,506.0,1188.0,2.9427305264657875,1.3862943611198906,0.2,10.0
A1IU2NHZ0ANUSJ,fit,B006Z8AP6K,B005TKZS76,B00069FJUG,104d5db0868ca7132d480444ee01741f2938edef3e0fd027203c560285a4011d,10.0,659.0,65.9,83.0,1.0,1.0,642.0,64.2,970.0,97.0,0.3281419897082457,0.11805555555555555,338.0,791.0,2.6162784721357326,1.6094379124341003,0.3,10.0
A1TN2EZ7S2FTH2,fit,B00A76CPUA,B00E56I6M4,B007XX4EOK,104e433510912e50fc2f6b4a4cce0c79db539160610ef2d8fdc6f6f958682ac5,3.0,201.0,67.0,83.0,1.0,1.0,193.0,64.33333333333333,248.0,82.66666666666667,0.3263207581959656,0.22666666666666666,102.0,237.0,2.109312261243065,1.3862943611198906,0.3333333333333333,10.0
A2X3FQ8X2X14ZP,fit,B007U90J5U,B003UH0528,B003GVCU62,10509af5c352109ba83789392061695c7160215c1deb9a0699ad639a2ba325c3,2.0,154.0,77.0,78.0,1.0,1.0,154.0,77.0,154.0,77.0,0.3031618610747051,0.30275229357798167,67.0,159.0,4.020384497183789,3.295836866004329,0.0,10.0
AZ431L4HGSNUF,fit,B001ECQ51G,B00604MRN8,B0009OAHOG,106378e98c85772e9b8817ca48f083989ebda29c6e1206ab489776d6f2a44bc5,2.0,82.0,41.0,54.0,1.0,1.0,82.0,41.0,82.0,41.0,0.46737536656891493,0.38636363636363635,68.0,158.0,1.844439727056968,1.6094379124341003,1.0,10.0
AVQX6URGMHGPX,fit,B001SERK9G,B001394VAW,B000PLUZL8,106452dc703c7269e47b48689338872132726fbe4c2604caa4367a430f8f0979,4.0,301.0,75.25,84.0,1.0,1.0,289.0,72.25,830.0,207.5,0.18889185573718426,0.0859375,133.0,317.0,3.668058464749658,2.3978952727983707,0.0,10.0
AWX0G3SFIPXWD,fit,B005WTYEYW,B0069FDR96,B007K1OB0M,10655bafc82eb4fc2b4ab04b2a74ef63cfa6c94b1dcf8207c0d5d12a24f2740b,2.0,60.0,30.0,34.0,1.0,1.0,60.0,30.0,60.0,30.0,0.5333333333333333,0.5,68.0,158.0,4.0015143331923655,2.3025850929940455,0.0,10.0
A4OKPJMRDC8CI,fit,B00120IJSC,B003ZVYQRY,B000NW4I7G,1066f0da77c4cede13976e4723841c45ee99d5d75c9b14c2660427cb858db2cf,2.0,111.0,55.5,74.0,1.0,1.0,111.0,55.5,111.0,55.5,0.39684402712571726,0.3148148148148148,68.0,158.0,2.899546327230263,2.3025850929940455,0.0,10.0
A3SA0GENRKHMR9,fit,B005OTEH3S,B003Y3TX6M,B002TYF8XE,1067ef7733c8515c642097078c6bf45d2450240a7e6e9e1683d27d17c050291c,3.0,213.0,71.0,83.0,1.0,1.0,209.0,69.66666666666667,236.0,78.66666666666667,0.3139258028792912,0.24285714285714285,102.0,237.0,2.877435332838914,1.791759469228055,0.3333333333333333,10.0
A2NWLXYQJGLPG6,fit,B006WVCF18,B002G3K1TY,B005Z6K2T8,106af37652e766c280644436e422015279198215d36dc55b065282512efbb570,3.0,177.0,59.0,83.0,1.0,1.0,173.0,57.666666666666664,281.0,93.66666666666667,0.3397727272727273,0.15,101.0,237.0,3.147150697646523,2.995732273553991,0.0,10.0
A2T0W3ZME4WJBY,fit,B001CJFEJU,B006L67FKK,B002LE54P4,10760eea4e0b639f0ca34066f04d29a2457bbc37781aee1dd8ac0f3d2cdd90ec,3.0,208.0,69.33333333333333,83.0,1.0,1.0,204.0,68.0,307.0,102.33333333333333,0.2873631793305333,0.1574074074074074,102.0,237.0,2.440396185579826,1.9459101490553132,0.3333333333333333,10.0
AA0DEIFPHAB4T,fit,B00IT69F62,B00H2TZ4F8,B00ITAANDW,1079c86049b63143939b86dfe939bdd4ed3296e5fcf5a2e920b96cb73ff3c293,3.0,251.0,83.66666666666667,84.0,1.0,1.0,239.0,79.66666666666667,1177.0,392.3333333333333,0.078764036643026,0.07234042553191489,100.0,239.0,3.147150697646523,2.3025850929940455,0.0,10.0
A1L242OR8UP6BS,fit,B003TO3UG0,B000VBDWQC,B004Y9GVZG,107ce8d49b4577cb7309244188f09923df48935ed83b7910b2640d81cf2b4f83,2.0,138.0,69.0,84.0,1.0,1.0,134.0,67.0,139.0,69.5,0.33301232665639446,0.2796610169491525,67.0,159.0,3.517634299640548,2.772588722239781,0.0,10.0
A1Q5CE0RV6D80Y,fit,B000G33KEO,B003TU4CB6,B004UL0GTK,107fdba30baac5198ecdf782a9d85e458eef6760aaa87a68506463ff12079404,3.0,222.0,74.0,83.0,1.0,1.0,214.0,71.33333333333333,298.0,99.33333333333333,0.27231481481481484,0.2125,102.0,237.0,2.888307767813524,2.4849066497880004,0.0,10.0
A34TVK5J8P7XDQ,fit,B004SSFE8S,B00B83TVS0,B003VMVBVG,10803a919bff68e25884b0e3d747c4f5e09e54c6c5b55894a768345e54450a1b,20.0,1475.0,73.75,84.0,1.0,1.0,1410.0,70.5,4209.0,210.45,0.2179773769543248,0.07203389830508475,678.0,1580.0,2.6207806581709905,1.0986122886681096,0.4,10.0
A1AKU188I6NRF0,fit,B00GTC1JVM,B00GTBZHCA,B005XIM6J2,1083b5faae2e35f528434928cf0bbaba6dbd03edb4336049db6d8f2f800d9382,4.0,221.0,55.25,83.0,1.0,1.0,213.0,53.25,348.0,87.0,0.3788730070891597,0.1588785046728972,138.0,314.0,4.069573572666126,3.6375861597263857,0.0,10.0
A335GUD1YBS31U,fit,B00GTBZ8B0,B00GMZUS2M,B001J2ZXMI,1085322331ebd52e4bfea4144e61d215ee320824c0efd0871716d676d6e01ae8,10.0,644.0,64.4,83.0,1.0,1.0,621.0,62.1,994.0,99.4,0.3378641199979018,0.12056737588652482,346.0,783.0,4.174845355233515,3.2580965380214817,0.0,10.0
AWI9DWK2XPLJ3,fit,B0037MQIT0,B00113HNB4,B00279BKRY,108d631260bddfb66b62e25ba8ec7120d204355e9a376480f9922f67d29cd55b,2.0,166.0,83.0,83.0,1.0,1.0,158.0,79.0,227.0,113.5,0.2321759259259259,0.2125,68.0,158.0,2.3269801750787615,1.6094379124341003,0.5,10.0
A2GJBEDWM7V1JJ,fit,B000MANVP4,B0069UA4GK,B000IVB14A,108db6442edfb5d539137508cb453bef49e0998d9bafbd566d708b540fcf3c77,11.0,854.0,77.63636363636364,83.0,1.0,1.0,818.0,74.36363636363636,2638.0,239.8181818181818,0.20872374575228522,0.04106280193236715,374.0,869.0,2.559651794656916,1.6094379124341003,0.36363636363636365,10.0
AEM66EEI1WIJW,fit,B0055B08GA,B004VYGQCC,B005P00JRE,1095f9cb89d207ea4eff4aef8f8ed57de17444edb62561dfc8eb8078918ffff6,2.0,161.0,80.5,83.0,1.0,1.0,157.0,78.5,291.0,145.5,0.22061162521688837,0.13765182186234817,68.0,158.0,1.666102255087602,1.3862943611198906,1.0,10.0
A2PSVETZUVZUQR,fit,B00365DABC,B00014DMQE,B003X9E236,10975b69bc48a6b5b7ff8be96ce65204fb1f5168a59b25ab3bebbb4bc1fcc5ec,2.0,119.0,59.5,83.0,1.0,1.0,115.0,57.5,225.0,112.5,0.3190903267136451,0.15246636771300448,68.0,158.0,3.069942276113127,2.772588722239781,0.0,10.0
A3M3MC7577AHRW,fit,B001IMW9AS,B001IMSIYY,B000TKH6G2,109c70574add7f2174f83afac3b11963f1e0880e5149673417caa79d89cd0b95,2.0,135.0,67.5,84.0,1.0,1.0,131.0,65.5,141.0,70.5,0.3376347135564379,0.2682926829268293,68.0,158.0,4.113420445204288,3.0910424533583156,0.0,10.0
A3PWHJWGY4RF1R,fit,B001F51PXA,B0055KRIJQ,B000PLS9YS,10a44f5aaec3289f804fee69c93b696baab5ba9410310f73b8bcac1447f16a69,2.0,166.0,83.0,83.0,1.0,1.0,158.0,79.0,514.0,257.0,0.16931053955541867,0.07505518763796909,68.0,158.0,2.0715673631957663,1.9459101490553132,0.5,10.0
ASVJW38UD77AJ,fit,B000KNHJ5G,B001P93MLE,B000FPPW9O,10a4e63dab633c937f2f5253debb38f98ba0eaca03d4abd9c170501f51f18ce3,2.0,166.0,83.0,83.0,1.0,1.0,158.0,79.0,215.0,107.5,0.24596114519427403,0.2085889570552147,68.0,158.0,1.844439727056968,1.6094379124341003,1.0,10.0
A3SDBL8SJC2ME3,fit,B00GTBZHCA,B00CYDSAO4,B007K449CE,10a6c72748c1723d327b0cb30b7862b3d936de82b45ca7883e9d1904c1b6ac7f,5.0,115.0,23.0,28.0,1.0,1.0,115.0,23.0,115.0,23.0,0.6010770396572245,0.5483870967741935,172.0,393.0,4.068170907181093,3.8501476017100584,0.0,10.0
AXYNK4OZLBAB4,fit,B006WVCF18,B00022WA9K,B005TI7Q3M,10ab049225f05e5616002d76e8a582fada16906a264589d2c637a081df1e07c1,5.0,339.0,67.8,84.0,1.0,1.0,327.0,65.4,426.0,85.2,0.35463835798100873,0.19411764705882353,168.0,397.0,2.491677314828833,2.3025850929940455,0.0,10.0
A1NN7223INNJJ4,fit,B002UBF2YG,B0012K1R3G,B0054Y0PMK,10b36b9cdf6084a6bbb77ae05aa86a500dffb9e7a4dfb668eb33190fc1b7dbb5,2.0,166.0,83.0,83.0,1.0,1.0,158.0,79.0,193.0,96.5,0.26335470085470086,0.2361111111111111,68.0,158.0,2.484906649788,1.791759469228055,0.5,10.0
AI079T7UA2U00,fit,B004FQI462,B0009WY4UQ,B00005CDSP,10b58bdd7f8891bce6ec47e514f3dc29a8d75156e882c8cb29a00805d96d8885,7.0,568.0,81.14285714285714,83.0,1.0,1.0,545.0,77.85714285714286,810.0,115.71428571428571,0.24927407181336955,0.13076923076923078,238.0,553.0,2.652427425063643,1.9459101490553132,0.2857142857142857,10.0
AKY9ZOWBZD5P,fit,B0092MCO88,B000ZMBSPE,B003VUAOOI,10c14da4cdd991e61c5cb407f5b50f40142f53e88df489ca1e851639a26d923c,4.0,251.0,62.75,84.0,1.0,1.0,243.0,60.75,583.0,145.75,0.28345439444276654,0.10714285714285714,135.0,317.0,3.698000102344225,2.3025850929940455,0.0,10.0
A1YYJ2CZS1G24Q,fit,B00KHH2VOY,B00HJD8NLY,B004SPDEWE,10c150b11cff848f057b3880b833bc95912262753bce42cac1a6721702b24b7f,4.0,312.0,78.0,84.0,1.0,1.0,300.0,75.0,1086.0,271.5,0.17124866737739872,0.07083333333333333,135.0,317.0,3.0973484256643027,2.3978952727983707,0.0,10.0
A1VYGNSSRDSHZQ,fit,B005ACLU3E,B008Q0E714,B000CED0VK,10c61ebe5d0f867735f5bba70a6e3fa56e4b25e90a52c7e57aa26bb6cfb9d21c,12.0,831.0,69.25,84.0,1.0,1.0,806.0,67.16666666666667,1604.0,133.66666666666666,0.28256429206986217,0.09164420485175202,406.0,950.0,2.7082685055570828,1.6094379124341003,0.25,10.0
A2JBQJLFZPRFX0,fit,B002HEW7X0,B002UU9Q6W,B000V26BQY,10cdccc550b00ade481e0facc6d873dac0139e9ead144e15c08b473eb434edbe,2.0,166.0,83.0,83.0,1.0,1.0,158.0,79.0,265.0,132.5,0.2062295081967213,0.18579234972677597,68.0,158.0,3.4148968687562125,3.2188758248682006,0.0,10.0
A2AYAROS8PYQNG,fit,B00703QGQM,B003NXM9HS,B000V321BM,10da0d7fd6f7e0979d79f96756797cea2a58f2977be462177ef7051323efd204,2.0,62.0,31.0,44.0,1.0,1.0,62.0,31.0,62.0,31.0,0.5448717948717949,0.4358974358974359,68.0,158.0,2.6990813507588767,2.5649493574615367,0.0,10.0
A87EKDKFDHH6L,fit,B005HIHD2I,B001CS6BIY,B000FBNV1Y,10e2b3d190591224a6d97d333788cd30d89f7cc8729ffe6aefd22e90367ed757,13.0,811.0,62.38461538461539,83.0,1.0,1.0,779.0,59.92307692307692,3030.0,233.07692307692307,0.28887292434862377,0.043316831683168314,448.0,1021.0,3.5654398769795486,1.9459101490553132,0.07692307692307693,10.0
A21BVPT5YGU5YQ,fit,B004OHQR1Q,B003V57Q5I,B002FBT6M0,10e3a3a8dccb888c85e1f31384e6fe779fe36c359577095659a744daed88496a,4.0,309.0,77.25,84.0,1.0,1.0,301.0,75.25,349.0,87.25,0.2825607539226942,0.24285714285714285,134.0,318.0,2.790469379224157,2.5649493574615367,0.0,10.0
A821FM9TNOUYD,fit,B000VEN3RW,B006ZENPYS,B004NMF63W,10e3b7ac86af3bdd5cf11680fd128de3df4f57dce3edbb3bb1a7d61167a6457d,2.0,166.0,83.0,83.0,1.0,1.0,158.0,79.0,461.0,230.5,0.1761468249304658,0.0845771144278607,68.0,158.0,3.448852471564318,3.4011973816621555,0.0,10.0
A3L714OY25JG33,fit,B0002YFQ6W,B001N444KY,B006FN587Q,10e4f3b79e2ab950b249b58b9e54515e375236aa8b9ab92319351937b13dae00,3.0,249.0,83.0,83.0,1.0,1.0,237.0,79.0,311.0,103.66666666666667,0.2503328908702331,0.2111801242236025,102.0,237.0,2.224853797271475,1.791759469228055,0.6666666666666666,10.0
A11IK5T1T7OXZK,fit,B003F7WQGQ,B000S97MAY,B0019LWU2K,10e6964d9276c021c712a79620109463cbc2f94bab526b034e1961b537849274,3.0,249.0,83.0,83.0,1.0,1.0,237.0,79.0,483.0,161.0,0.19378163090693348,0.1297709923664122,101.0,237.0,3.2441539851613417,2.6390573296152584,0.0,10.0
A2HSF1ZJGUQ54J,fit,B000ZMBSPE,B005P0M69I,B000094Q6C,10e76cf89d43d280373c2c08f960587bb8ef132139272dab27a5dcb7553d4a6b,12.0,910.0,75.83333333333333,84.0,1.0,1.0,882.0,73.5,2045.0,170.41666666666666,0.24211614146297455,0.06868686868686869,404.0,951.0,3.190486556361822,1.9459101490553132,0.16666666666666666,10.0
A1NPL5Q3R58KVN,fit,B002UJ31HS,B004H53CY0,B000EY4YLS,10f183dd36ad40c5eb2209fb3375b8862e1245964911e8df36c4d01b16af3236,10.0,505.0,50.5,83.0,1.0,1.0,492.0,49.2,692.0,69.2,0.4177811694478361,0.1452991452991453,340.0,790.0,2.5636931411764143,1.3862943611198906,0.3,10.0
A20VSTDILG9K7H,fit,B00ENJN8S0,B00DUUGR72,B00FXH7YZ4,10f2bd12f62da4cc224d8ad10beffa1634e2b3fbcd23dcc3b6f5e9da4e097687,10.0,699.0,69.9,83.0,1.0,1.0,675.0,67.5,2276.0,227.6,0.23949218911932618,0.0625,339.0,790.0,2.83424768199319,1.6094379124341003,0.4,10.0
A2HYK2RG2PJUMK,fit,B0036I8BPE,B004C1VIPY,B0040YRFAK,10f4d335c4ee381db248bd57d605256836cfef18f58e86a96fda0cec1b4cf21e,2.0,146.0,73.0,83.0,1.0,1.0,142.0,71.0,204.0,102.0,0.27240058910162,0.19428571428571428,68.0,158.0,2.5152189606962176,2.197224577336219,0.0,10.0
AFRPU08UKV882,fit,B002WTC38O,B001CS6BIY,B002A9JONI,10fb7918c356a287699bd60d7f51b7c740094e7da7cb6276b57ec661e55a0057,2.0,111.0,55.5,83.0,1.0,1.0,107.0,53.5,172.0,86.0,0.36969916636462485,0.19101123595505617,68.0,158.0,3.3006150593644383,2.772588722239781,0.0,10.0
A332SF9G2IKC8G,fit,B001G2GCO4,B00176VZB4,B000ULRDJU,10fc13264e0d7d5114fc05397d4452678812e68fb98053136abd9873f559115d,5.0,367.0,73.4,84.0,1.0,1.0,351.0,70.2,738.0,147.6,0.23044133366714012,0.13636363636363635,169.0,396.0,1.8939245939812526,1.6094379124341003,0.8,10.0
A2N327YH4JTBF8,fit,B001AO0WCG,B000HRVC5I,B000C1UED0,10ffe18e21e02fd4947d6c6e6b3bf181e543554c145a0c135bc7dad56dd45b20,2.0,166.0,83.0,83.0,1.0,1.0,158.0,79.0,363.0,181.5,0.16019502383138745,0.14049586776859505,68.0,158.0,3.549600871776546,1.9459101490553132,0.5,10.0
A120DESVO4V0FX,fit,B0052FZ3CI,B005P02U8A,B000GCQ04C,110525ac54f9e4837d7bd340d1058d5ae38b0a38d5e7aa828f670ddea1b89b79,4.0,296.0,74.0,83.0,1.0,1.0,288.0,72.0,395.0,98.75,0.2745369304622831,0.19653179190751446,135.0,317.0,3.768225698710826,2.0794415416798357,0.25,10.0
A1YD0ZDQ79NBQ0,fit,B0006OU078,B004MUG8SM,B001FS0HAY,110606550f5a676ac03f3b42f91c442bda47994acae4c7774a72bf9250036a78,7.0,391.0,55.857142857142854,83.0,1.0,1.0,379.0,54.142857142857146,719.0,102.71428571428571,0.36036294218843784,0.10029498525073746,237.0,554.0,2.453840777919894,1.3862943611198906,0.2857142857142857,10.0
A1DK869GRI8SFG,fit,B00D42C9IC,B0084ETOFG,B001KYO1QO,1108584d56d43c64e1c088265d3cdfc9480231af79f31399c9ba8525031f036c,6.0,469.0,78.16666666666667,83.0,1.0,1.0,457.0,76.16666666666667,754.0,125.66666666666667,0.24123280872409314,0.13229571984435798,204.0,474.0,2.2464397068869535,1.6094379124341003,0.6666666666666666,10.0
A3E9A3UJZ12K61,fit,B002Q6UK9M,B001UREIFU,B000SA8FRM,110d000959265df3345b814286b063ccdf42e79638d1256253718940654a3140,3.0,204.0,68.0,83.0,1.0,1.0,200.0,66.66666666666667,239.0,79.66666666666667,0.32196265091001935,0.2236842105263158,102.0,237.0,3.397472948129447,2.3025850929940455,0.0,10.0
A5E55GXT5AAJS,fit,B004UL0GTK,B004J31KOO,B0043OYFKU,110d9c2fd47ca1c1cbff34b74fbe07871b4b81932485cd431c4c6a579d67189c,8.0,602.0,75.25,84.0,1.0,1.0,583.0,72.875,655.0,81.875,0.30524000150005126,0.24817518248175183,272.0,632.0,2.7576197520283854,1.6094379124341003,0.375,10.0
A100E9O4Z9BP4Q,fit,B002QI1F8A,B002QFGKUQ,B007152I9S,110fcf0c2093614eb47ce2385c78657ada73e44831bdfa315d2c3e1a63ece7ca,4.0,233.0,58.25,83.0,1.0,1.0,225.0,56.25,295.0,73.75,0.3653309364246864,0.2222222222222222,135.0,317.0,3.2733674884373367,2.3025850929940455,0.0,10.0
A2KEMWA908SG97,fit,B005TT8RPM,B0051UTN3E,B006JAVW02,1114152d8f1a78be8f7e07da6bc1e71057f442429a6c4b68e9f23a40932ff3af,2.0,148.0,74.0,83.0,1.0,1.0,144.0,72.0,192.0,96.0,0.27730723382897293,0.2111801242236025,68.0,158.0,1.4978661367769954,1.3862943611198906,1.0,10.0
AXNJFYJRDK7CJ,fit,B00FLRHYCE,B001U0OQL8,B0043OYFKU,11159cf9de6c30d253f0bf2f770e26d2b92de2a154e0b7ff40b324601e84bc63,4.0,141.0,35.25,42.0,1.0,1.0,141.0,35.25,141.0,35.25,0.4994989152990002,0.4473684210526316,139.0,313.0,4.191823127846494,3.6375861597263857,0.0,10.0
AD5LHZ19FZ8G3,fit,B001KYQO0K,B002IRIGZO,B002LFNQT4,11169e8e78f80e697424b49ffc06ce138597f91bb3685c129f17500824de775c,2.0,106.0,53.0,83.0,1.0,1.0,102.0,51.0,116.0,58.0,0.4321038817516232,0.2677165354330709,68.0,158.0,3.0056335872020807,2.0794415416798357,0.5,10.0
A1HOLE9R6WPT85,fit,B002TSA916,B00005A9WP,B000UPXU2A,1123d81ed93bf81ff262b02c04153b497d8e7cc2403f3b17c96fa60cfe433621,3.0,250.0,83.33333333333333,84.0,1.0,1.0,238.0,79.33333333333333,1484.0,494.6666666666667,0.08177175120689635,0.039951573849878935,101.0,238.0,4.062092672733997,3.7612001156935624,0.0,10.0
A1O0IQENF2G8RW,fit,B001CY87TE,B00011QVHO,B0015A807Y,11254cbc6b7543afafa869764e9d300ad17ad431ef74bebf7787cdd10b6aa8e5,3.0,139.0,46.333333333333336,58.0,1.0,1.0,139.0,46.333333333333336,139.0,46.333333333333336,0.43052458813328376,0.3695652173913043,103.0,236.0,3.868258372866702,2.4849066497880004,0.0,10.0
A1KWJKPHGF30WZ,fit,B009799H04,B00876T3W0,B007RIZ53A,1128be3b7ca7f5fdc9da2e2e4c52a398e4d1d069f02888148a08e0001606fc7c,3.0,111.0,37.0,43.0,1.0,1.0,111.0,37.0,111.0,37.0,0.4756175197351668,0.44155844155844154,100.0,239.0,2.6373522960596687,1.9459101490553132,0.3333333333333333,10.0
A3QF9WBFYZPKJZ,fit,B001CENUPU,B001KYQDEW,B001ET77NY,1148d0c2b85dc53147b360b7acda9decc38aad74e758003a6ad9120b23028712,2.0,127.0,63.5,65.0,1.0,1.0,127.0,63.5,127.0,63.5,0.3488005050505051,0.3434343434343434,68.0,158.0,2.4101407828025185,1.3862943611198906,0.5,10.0
A14ET6384AFJRH,fit,B003WHBIRC,B002IT3KD0,B006GTKSHY,11493b057bf6e1ce8e29a3b4973c703e09fb34d01346d893c8973e928846e29c,4.0,334.0,83.5,85.0,1.0,1.0,318.0,79.5,527.0,131.75,0.21863587378689156,0.12955465587044535,134.0,318.0,2.788232682726705,1.791759469228055,0.25,10.0
A2MCQBBQLI1TOV,fit,B0058P6S2Q,B004DK0UDA,B001JKTTVQ,1157e34b810aa3809c1cd9f5da4134bc9cfa18fd6e05b845db497a7cee9d2ba2,11.0,850.0,77.27272727272727,84.0,1.0,1.0,820.0,74.54545454545455,2468.0,224.36363636363637,0.2211124109037817,0.04287515762925599,373.0,870.0,3.6276804428824163,1.9459101490553132,0.2727272727272727,10.0
A26JSBOPVLOMUG,fit,B006Z8B5HS,B00260OTA4,B001F51TBI,115b16758dbec6de4cf778ab1975479aa30a3b750cccf7d4b11ce9aa7e299273,3.0,211.0,70.33333333333333,83.0,1.0,1.0,203.0,67.66666666666667,283.0,94.33333333333333,0.2897132740525555,0.22012578616352202,102.0,237.0,2.2992349810428787,1.0986122886681096,0.3333333333333333,10.0
A3QJ5JOG2C2UAV,fit,B00BPV3MH6,B00871KNHO,B005C5FP9Y,115e7951dce439b5121a854a48bbb9eeddc787581984f3b774ebfee8a5be4148,5.0,365.0,73.0,84.0,1.0,1.0,353.0,70.6,759.0,151.8,0.23633265259626873,0.10029498525073746,169.0,396.0,3.8738874234152165,1.791759469228055,0.2,10.0
A2AYYKD4OODSLY,fit,B009GEUP6A,B009GEUOZ2,B003P904EA,1161706ce275ee0dd6a495f856b3b7d9bbd5d35b7246cab040413d602f99e546,5.0,243.0,48.6,82.0,1.0,1.0,239.0,47.8,497.0,99.4,0.4175183398336236,0.09433962264150944,175.0,390.0,4.365791335489773,3.7135720667043075,0.0,10.0
AOXOR3EZY55O4,fit,B000TDBJHQ,B0014B5LM6,B003KDJ5KK,1162ecc7d885525109ac6a5f410f4b40f36cf583421d18f3c6d68434dd0cffca,12.0,760.0,63.333333333333336,84.0,1.0,1.0,732.0,61.0,1555.0,129.58333333333334,0.31098036058655415,0.0718954248366013,406.0,949.0,2.984426032817783,1.6094379124341003,0.16666666666666666,10.0
A3GMRYV7VAYK5Q,fit,B00GLS55DC,B00BB8ZJPG,B004D24818,11637dc7284ef71b86cd6bd52e712c7055f50c96db3bf7846580e463fbd2df34,20.0,1044.0,52.2,83.0,1.0,1.0,1020.0,51.0,1606.0,80.3,0.405405386938191,0.0819277108433735,686.0,1574.0,4.076017950921862,1.3862943611198906,0.05,10.0
A66PUSYYU0VPQ,fit,B003O4BWV0,B001EYFYNO,B000R80ZTQ,117a20fb5237f271d70edf4bf74c065cc888d7b2a8bd3f3b2cabfeb31fb6aeab,2.0,114.0,57.0,84.0,1.0,1.0,110.0,55.0,122.0,61.0,0.397625,0.264,67.0,159.0,3.392228531318822,2.5649493574615367,0.0,10.0
A2P2MVRYC9EMHT,fit,B006L16BHS,B004D58LWW,B001EMR902,117b032826edf83ceef7a2f668d860e021fefb5233714eeaafab6b1c7538bd02,2.0,146.0,73.0,83.0,1.0,1.0,142.0,71.0,204.0,102.0,0.27240058910162,0.19428571428571428,68.0,158.0,2.34106561356211,2.197224577336219,0.0,10.0
A1WGST9J07C093,fit,B002WE2LEU,B002B9DWBC,B002QI1F8A,1186e30c869c53222a0dabec003529da9d0f0d5aa7118c13f4137504ca742572,5.0,386.0,77.2,85.0,1.0,1.0,370.0,74.0,998.0,199.6,0.19846840598732102,0.07157894736842105,167.0,398.0,3.752148847713177,1.791759469228055,0.2,10.0
A3F1WKD8GM5E34,fit,B002MSN3QQ,B0018DAUKI,B000HRVC5I,1189fe64a2cbe0e962ca54925ee2d8b197416525cf251fda7762962374c29b7f,19.0,1369.0,72.05263157894737,83.0,1.0,1.0,1313.0,69.10526315789474,3061.0,161.10526315789474,0.2557724264748464,0.096045197740113,654.0,1493.0,2.7936681379633868,1.3862943611198906,0.2631578947368421,10.0
A1NN9TOQXVP6EF,fit,B0076J9RZW,B000ZMBSPE,B00008MOQE,118c1a67bb977735edb5cc101289eda7950a575f366e8a3ceae9eab89b684d16,3.0,251.0,83.66666666666667,84.0,1.0,1.0,239.0,79.66666666666667,503.0,167.66666666666666,0.19187827238674696,0.10714285714285714,99.0,239.0,3.7045470719790483,1.6094379124341003,0.3333333333333333,10.0
A2X2CJK2C5WZVW,fit,B00FRDPMQC,B00D18ZDM8,B005TI7LB4,118fa9431e0813a2366f68e129ee221cad6b8d245253725f0d4bf7f5ef4676d6,10.0,355.0,35.5,83.0,1.0,1.0,347.0,34.7,398.0,39.8,0.530755448201072,0.22727272727272727,343.0,787.0,4.42701279915528,3.332204510175204,0.0,10.0
AN020YF8L8ITR,fit,B000H3EO9I,B002LFLXDA,B004DIXYWG,1193c272e1dcd2b04b5f4a01fe945dd88d8473f801e08568ac26ad843d3be11d,20.0,1416.0,70.8,83.0,1.0,1.0,1375.0,68.75,1531.0,76.55,0.3258404441167042,0.2125,674.0,1581.0,3.0435909896362885,1.3862943611198906,0.25,10.0
A1MJ5OIWM844CR,fit,B001EUS8G8,B004UNH29U,B004D2DR0Q,11acde76f5d790bad6317d1477c4765dedfdd47e9a7bad8ba2667cfa854b220c,2.0,155.0,77.5,83.0,1.0,1.0,151.0,75.5,180.0,90.0,0.2768611670020121,0.23943661971830985,67.0,159.0,2.4141568686511503,1.6094379124341003,0.5,10.0
A1CSNK5UQB4XUF,fit,B000W3QDJ2,B005IUGRBI,B005F4BH8A,11afa021c593d40784236394afca5c5ca8a772332f2e6908fe7c9e6679eef697,2.0,128.0,64.0,83.0,1.0,1.0,124.0,62.0,145.0,72.5,0.33925002379366137,0.24812030075187969,67.0,158.0,3.5972184255501674,3.58351893845611,0.0,10.0
A1AHHYZZVWML3Z,fit,B001D0IWEC,B001D0IWDS,B0009I4MFW,11b0a4509901834c64e283cf00c97cbcb330d48996ff0251860254dd120f7438,4.0,270.0,67.5,83.0,1.0,1.0,261.0,65.25,1170.0,292.5,0.2591566059075725,0.04106280193236715,136.0,316.0,2.747843969460315,1.3862943611198906,0.5,10.0
AA5TL7YICI9WM,fit,B004A7OVBI,B00DV81430,B000T55RSG,11c0dc5b19f45528642e8a90fbe108a63158603e2bc95d857a6664bc7a2f948e,3.0,218.0,72.66666666666667,84.0,1.0,1.0,210.0,70.0,296.0,98.66666666666667,0.2741266317847894,0.2138364779874214,100.0,239.0,2.853736692277671,1.6094379124341003,0.3333333333333333,10.0
A1XIFSUPEFWBWG,fit,B002HM3EM0,B003FBRVAS,B005UBN3O4,11c713c5423b08ad4e7fa0e8db78eb2f722558363e799b85bb74e6c1c82ff66c,4.0,258.0,64.5,84.0,1.0,1.0,250.0,62.5,280.0,70.0,0.34701746562616126,0.256,134.0,317.0,2.5193602149148915,1.6094379124341003,0.75,10.0
A3MX44NOGGPVS4,fit,B003AYEFSG,B00127O510,B0017PUPMK,11c87ca42f03d6c0d0353cc2b8fbc0983634f6c7d2e899d821073beec12b8276,20.0,1074.0,53.7,84.0,1.0,1.0,1051.0,52.55,1436.0,71.8,0.39462745931006654,0.10714285714285714,674.0,1585.0,2.633187133030469,1.3862943611198906,0.35,10.0
ALG5BFZ9C9J4G,fit,B004GIM68G,B004L96NZW,B00021EA9Y,11c9bab30c8d33325d164149f5b4f72599fc33af32b9243b8f665aeac992d31d,4.0,332.0,83.0,84.0,1.0,1.0,317.0,79.25,445.0,111.25,0.23786647529267224,0.19428571428571428,135.0,317.0,1.7167333211154705,1.3862943611198906,1.0,10.0
A9QVUCGKTDD5N,fit,B004R6HIR6,B002GOXELA,B000AMA4DQ,11cef5a6969eebc24242e028a071610395d2d6ef2f56b7f0c8e06ae5fe60db4b,3.0,251.0,83.66666666666667,84.0,1.0,1.0,239.0,79.66666666666667,482.0,160.66666666666666,0.19384604145284526,0.11486486486486487,100.0,239.0,2.4917797455222455,1.791759469228055,0.3333333333333333,10.0
A21H6C9GT9CLV8,fit,B001OMI9VA,B000N4HZ8I,B003UTEE32,11d539db65ed0a9a5d3e440238d8f9f28d702a694f0ac3cabd91d14b3c216b6a,3.0,206.0,68.66666666666667,83.0,1.0,1.0,198.0,66.0,622.0,207.33333333333334,0.2273951956491639,0.08395061728395062,102.0,237.0,2.4592529694092904,2.0794415416798357,0.3333333333333333,10.0
A34KXKL8AA6ZY4,fit,B000NSIGE6,B001JL40V4,B001ADOV4W,11d918aade3fee414a07e7aa70bbe895350a584f64381bc07bb9c285bc45c1e6,5.0,358.0,71.6,84.0,1.0,1.0,350.0,70.0,425.0,85.0,0.30879963416157474,0.2037037037037037,169.0,396.0,2.4796292987533612,2.0794415416798357,0.2,10.0
A2SVJWQVC7ZDMT,fit,B0084FIET2,B00EYZY5VC,B001IMSIYY,11dcc43b87eaf68fbd7c659e46dc50bac14b40a91fa32b0cb2f911573ef2a8ea,11.0,703.0,63.90909090909091,83.0,1.0,1.0,683.0,62.09090909090909,1251.0,113.72727272727273,0.33298268715725404,0.06896551724137931,378.0,864.0,3.228810742936845,1.791759469228055,0.2727272727272727,10.0
AXRQW6TACXQKK,fit,B0028R4SRO,B0020HEBX8,B000XU49MW,11e577785c1bdbf15e11651a8f3ee78171d8427729c291bda26bb6a99877e97f,2.0,78.0,39.0,52.0,1.0,1.0,78.0,39.0,78.0,39.0,0.4810077519379845,0.3953488372093023,68.0,158.0,3.020127355638707,2.70805020110221,0.0,10.0
AXVGGNHWGT1I6,fit,B003VMVBVG,B003VMU63K,B00CSEIFUS,11ed447e200ad6cca7df8b243542cfc4b7231676f9142604997baa7d8d73c149,2.0,166.0,83.0,83.0,1.0,1.0,158.0,79.0,440.0,220.0,0.16020182907600128,0.09523809523809523,68.0,158.0,3.0411094551882227,1.791759469228055,0.5,10.0
A3II7VQOJ0Q1XD,fit,B00GXZS5VW,B00GTC1JVM,B008VSYO5A,11f2efc2450e26ef593eef02696c0908b8275df8199fb114559a4555c7959664,4.0,100.0,25.0,39.0,1.0,1.0,100.0,25.0,100.0,25.0,0.5956479399463958,0.4657534246575342,140.0,312.0,4.261752591004461,3.737669618283368,0.0,10.0
A371WIN4QTP8NF,fit,B003BMJGL8,B00AB4W2H4,B008JH1CB2,11f2f6434225c01e728ea052c74d4448a8edcdd47d1dbccdf55203289034bd02,6.0,413.0,68.83333333333333,84.0,1.0,1.0,401.0,66.83333333333333,558.0,93.0,0.30090065155970713,0.18085106382978725,202.0,476.0,2.9992746925498097,1.791759469228055,0.16666666666666666,10.0
A1QQB7U76YWOO4,fit,B001UREIFU,B006K26D9E,B001AATJZG,11f39924f28e3bc36f5e9a218ed59155526745f833a4224d06f3a934667dab74,3.0,213.0,71.0,84.0,1.0,1.0,209.0,69.66666666666667,258.0,86.0,0.30119973683192075,0.2037037037037037,101.0,238.0,2.2674649211081035,1.6094379124341003,0.3333333333333333,10.0
A2W1RZAZNPZOB7,fit,B003KZBI30,B000E7UF8G,B00264E23Y,11fc780638a41ee76f3c4c3161fc8150142bc8439c060f86ad3008a58936e8ea,3.0,183.0,61.0,83.0,1.0,1.0,179.0,59.666666666666664,327.0,109.0,0.3247881830557391,0.13026819923371646,102.0,237.0,2.5454232011264577,1.9459101490553132,0.6666666666666666,10.0
A3BWTK4MOKW25Y,fit,B001E8ISJW,B000FGDIAS,B002TTR3SW,11fd2d36dbf9c2227db4e4f16d8b73fca5cd23f15259ac1fcef7ed500960e28c,13.0,1033.0,79.46153846153847,84.0,1.0,1.0,993.0,76.38461538461539,2106.0,162.0,0.2120435571959588,0.06680161943319839,440.0,1029.0,2.3301050461472004,1.3862943611198906,0.5384615384615384,10.0
A3SMV35531YME,fit,B00AE07B9O,B00A0J084Y,B005TI7LB4,11fdeadc67f9093b700ab18d10b8851054a648c523c57ee0c8cbd44ce02c6fcb,3.0,100.0,33.333333333333336,63.0,1.0,1.0,100.0,33.333333333333336,100.0,33.333333333333336,0.5536683248023454,0.35051546391752575,104.0,235.0,4.553391725551752,4.025351690735149,0.0,10.0
A2DDVD6SPKZOZK,fit,B002ZNJYRA,B005TI7LD2,B001ET7IQK,11ff36d1520029abeb8cc51425e2aa88fa762cea4ca6ce97301857ad976b5a6b,3.0,128.0,42.666666666666664,83.0,1.0,1.0,124.0,41.333333333333336,134.0,44.666666666666664,0.49360382632039485,0.2764227642276423,102.0,237.0,4.2244512740876,2.6390573296152584,0.0,10.0
A69ZX7310T8KY,fit,B0068Y6CA4,B004UVRYQS,B001T8SBDK,1201075deb724162e6bf09e695eb15f4a99bc7617ab1bf9efe53babb025ed110,10.0,682.0,68.2,84.0,1.0,1.0,666.0,66.6,1245.0,124.5,0.27813119559297866,0.09798270893371758,337.0,793.0,3.387314243842117,2.197224577336219,0.0,10.0
A2TX22G8I4ZALX,fit,B0039NMCPG,B0000CC64W,B0001EKWPI,120188484b681bd2dd28ee11a1fa0be9621d3d37b41a16d2b966bba36233d9ce,2.0,121.0,60.5,84.0,1.0,1.0,117.0,58.5,202.0,101.0,0.3227699530516432,0.16666666666666666,67.0,159.0,3.692615461533287,2.5649493574615367,0.0,10.0
A37YAOD1G3W10L,fit,B0018QE1IC,B002CKYZMK,B000F8HWXU,120add59a5c673aa5f013959b332c893e1c323518b2e707cc621eccad780d967,4.0,253.0,63.25,84.0,1.0,1.0,245.0,61.25,726.0,181.5,0.27179954643434057,0.07252747252747253,135.0,316.0,3.526487705775744,2.4849066497880004,0.0,10.0
A2KY70FSFTWQMW,fit,B003COAFPQ,B000OV3ZDO,B000C1ZDTU,120e1bca4992fadb4773c88273f86352dcc3a550ab47c20986d716bfc41cb164,2.0,166.0,83.0,83.0,1.0,1.0,158.0,79.0,270.0,135.0,0.2014373356704645,0.19428571428571428,68.0,158.0,3.6498986833790803,3.6109179126442243,0.0,10.0
ABX2JH4HD5I8U,fit,B006HJRU6U,B00161CBV8,B002QI1F8A,1211383d50cb3f531a5956c13443409969b5031fc6cc35ba1be0ba1b6e43841c,4.0,266.0,66.5,83.0,1.0,1.0,258.0,64.5,435.0,108.75,0.30142397547177957,0.12186379928315412,136.0,316.0,3.158385958475238,1.6094379124341003,0.25,10.0
A3LFD7RFJHDLLJ,fit,B001A82DY2,B001IAINFU,B001A7WV0Y,1213e1d345409661e2f2f74ed1c5e5b8fb85ecd61365f9fe5791b3d1e104c2f2,2.0,166.0,83.0,83.0,1.0,1.0,158.0,79.0,256.0,128.0,0.2075656379548595,0.20359281437125748,67.0,158.0,2.8903717578961645,2.197224577336219,0.0,10.0
A1W3EROQ3VKHTH,fit,B007LANY2S,B002R278YA,B0052FZ3CI,121483efa8ec59f9aa20e3f9e6e64807a6a3f500eb2d57ee85e8c332172b2c16,3.0,200.0,66.66666666666667,83.0,1.0,1.0,192.0,64.0,258.0,86.0,0.32266052918226834,0.22297297297297297,102.0,236.0,1.8876534933786484,1.791759469228055,1.0,10.0
A2AKOKIF0S0R4Q,fit,B002DOO1VA,B000URVDIQ,B006BA3BAY,1215263a740e74990e4595d80334a92ae7c1126c64581638d6103d57f0b7c277,5.0,369.0,73.8,83.0,1.0,1.0,357.0,71.4,467.0,93.4,0.2866225704912727,0.1837837837837838,170.0,395.0,3.0227586083521905,1.6094379124341003,0.2,10.0
AMSSG5FPT8XMU,fit,B0055S4BZ2,B0060HOMHE,B0027CT5TG,121afb20577b827e25535dbb61a0f1c7e443d516f2b35f953757fc8b917264ab,4.0,160.0,40.0,82.0,1.0,1.0,156.0,39.0,181.0,45.25,0.48984978386353595,0.24817518248175183,137.0,314.0,3.951759624397501,3.1780538303479453,0.0,10.0
A3BP2X6VFUSS5R,fit,B005K1UULI,B005BF1M10,B004OHQR1Q,12229d3266835e5ec24eaed6b9877002fdb35e2ee868b5ff14d391f4766e980b,2.0,132.0,66.0,83.0,1.0,1.0,128.0,64.0,231.0,115.5,0.28352298081213745,0.1574074074074074,68.0,158.0,5.6928868396548715,5.472270673671474,0.0,10.0
A314SDYGMKZ1AG,fit,B004LJ0ZK6,B003S16H5A,B00129JSOW,122547839d1368f3029661cada43c615b9b9e8e69c7275b5b0170e1072958907,2.0,90.0,45.0,64.0,1.0,1.0,90.0,45.0,90.0,45.0,0.45680272108843534,0.3469387755102041,68.0,158.0,2.282174095733918,1.791759469228055,0.5,10.0
A2S4NGNU2V4BV2,fit,B001T8I108,B006O0APQO,B001GGX0EK,122b823c0a223ff38f07de576dab126c878ce43a6a5a557222d7b5c5811be6cc,3.0,239.0,79.66666666666667,83.0,1.0,1.0,231.0,77.0,462.0,154.0,0.2178206086536357,0.10967741935483871,101.0,237.0,2.1902943207798615,1.791759469228055,0.6666666666666666,10.0
A5QQRB2QOY96U,fit,B0012RWOB8,B008PAL9PM,B004KXKG20,122c754f365a897b13eb947cdd9b1963a587cb8ac4ee0c93504cbcd5bf2d58a6,2.0,126.0,63.0,83.0,1.0,1.0,122.0,61.0,195.0,97.5,0.31217707024158636,0.1827956989247312,68.0,158.0,1.9033312448851598,1.6094379124341003,0.5,10.0
A1SE6Y0ZM1P53T,fit,B000XZKVHE,B000UBN5S8,B0039JYPVO,122e949f459f8e03c2c4cb9591ea19aa9222ec90925fffc1b91a7fdb15e07b21,3.0,206.0,68.66666666666667,85.0,1.0,1.0,198.0,66.0,349.0,116.33333333333333,0.2729402872260015,0.16326530612244897,99.0,239.0,2.205800992658159,1.3862943611198906,0.3333333333333333,10.0
A30VYJQW4XWDQ6,fit,B00BOF34N0,B000F63TW0,B0000YUXGW,122ff9c21eb0b9c4d61263af41b8104010b808046c6fc2f54c3aa8e087bf26ad,5.0,358.0,71.6,84.0,1.0,1.0,346.0,69.2,745.0,149.0,0.27655405442511893,0.07252747252747253,169.0,396.0,3.567185619152638,1.9459101490553132,0.2,10.0
ACR4HKUT808U1,fit,B009G0E90M,B00GYB17XI,B000YZGP4G,1235091c7781709fc630540f6d09bc441e78fdcdb92fa0790045c5c1e7a51a38,20.0,805.0,40.25,83.0,1.0,1.0,788.0,39.4,1498.0,74.9,0.49006385014914355,0.07157464212678936,695.0,1565.0,4.231069971069617,3.1354942159291497,0.0,10.0
A3GHIJSCWQVNC5,fit,B00FJF5BXM,B00ISDOYV2,B00HNTBTOC,123bdca5905ded755be077747692d33a75665087841d2adefa2d085397255cdf,2.0,166.0,83.0,83.0,1.0,1.0,158.0,79.0,818.0,409.0,0.07731834398501065,0.07068607068607069,68.0,158.0,3.310036603265178,3.2188758248682006,0.0,10.0
A1PEMQ7M8J16TC,fit,B007Q0WW0S,B004CASKMO,B000UPRSKA,1240a2ea814ccf767e3530162c9e17afb19d45d215a0ad528b126f82ede0e1ba,2.0,144.0,72.0,83.0,1.0,1.0,140.0,70.0,166.0,83.0,0.30124952669443394,0.2446043165467626,68.0,158.0,3.86530703303187,3.4965075614664802,0.0,10.0
A2CXZ66RL2JC8P,fit,B001EYFYNO,B001LZFUX0,B001QOGXOG,12419240173c25822fd2494988b0d95ad01c54870049b6d70cc636f498290f7f,3.0,249.0,83.0,83.0,1.0,1.0,237.0,79.0,478.0,159.33333333333334,0.18467703913248468,0.14285714285714285,102.0,237.0,2.3111410085769046,1.791759469228055,0.3333333333333333,10.0
ADXWFVYNHNDHA,fit,B0000CNR0J,B000PHUKEE,B000A7VRYG,1245e1fb0ddbf5931da3a7bb9bea48e0448aa67013789d7c6e05f4b6d1019a8e,2.0,124.0,62.0,83.0,1.0,1.0,120.0,60.0,151.0,75.5,0.3447222222222222,0.2361111111111111,68.0,158.0,2.5375869076169133,2.3025850929940455,0.0,10.0
A3V6EX1MN4KAJ8,fit,B000VEN3RW,B000VEG964,B0009JQFF6,124a40e69b038ce2b794cc6f0215fc92108b7ea27a899036deeeecccaf2eaff6,2.0,166.0,83.0,83.0,1.0,1.0,158.0,79.0,339.0,169.5,0.16752215389085273,0.1588785046728972,68.0,158.0,2.760730458931123,2.3025850929940455,0.0,10.0
A3AVHY7LJMK0FT,fit,B005BQ7KBU,B0010K9NH0,B000MUQFTI,1252dbe125ad7123c849c2cb3a30e9398242e222095c7e67e4d0a7f8985aafc1,3.0,178.0,59.333333333333336,84.0,1.0,1.0,170.0,56.666666666666664,214.0,71.33333333333333,0.4183802518297292,0.23129251700680273,101.0,238.0,3.578073465349545,1.791759469228055,0.3333333333333333,10.0
AQI0Q36X8Z2QQ,fit,B000P22TIY,B0073SBK4M,B000G686U4,1255481b04ccf773a822747ade7d0f7d9606d9a5b2dd1ebbc4bbdf796d829629,2.0,158.0,79.0,83.0,1.0,1.0,154.0,77.0,202.0,101.0,0.258367839889579,0.2111801242236025,67.0,159.0,2.389561746555765,1.9459101490553132,0.5,10.0
A1W0TCR8JUHGW4,fit,B0092MCMM6,B005GHP5UC,B00017XWJ8,125a556c7da1418deec2375923a9fed81f5c0fe9d2dc5cad71b9593df2492013,3.0,237.0,79.0,83.0,1.0,1.0,229.0,76.33333333333333,335.0,111.66666666666667,0.25638274088978313,0.1596244131455399,102.0,237.0,3.088276185753417,2.3025850929940455,0.0,10.0
A2DI5CN136ORIV,fit,B000U4WNC4,B0007RBYA6,B003MGRT2Q,126142a89db4b8ac5f3ec9f9570723e881ca65708463f6d1a4bfbe250db206e8,5.0,327.0,65.4,83.0,1.0,1.0,315.0,63.0,809.0,161.8,0.28400331796106626,0.07456140350877193,170.0,395.0,2.6147522391130216,1.791759469228055,0.2,10.0
A236A7N781JV39,fit,B006L1DNWY,B004OHQR1Q,B000W7PKU6,12641b643110a4caee0d16ed8aafb254e899871cbb7ffe2e6cee1e3f0a659ae3,6.0,334.0,55.666666666666664,84.0,1.0,1.0,326.0,54.333333333333336,484.0,80.66666666666667,0.36385775929635794,0.15178571428571427,203.0,475.0,3.414845241574186,2.197224577336219,0.0,10.0
A1NN0A2NG50PSU,fit,B001F51TBI,B000VDUOFM,B0042WIHNY,12651d0b8806598aa0e583ab06108658ac45b2c47fe5a628baf22c312eaa7cde,2.0,135.0,67.5,83.0,1.0,1.0,131.0,65.5,167.0,83.5,0.31176837833619475,0.22818791946308725,68.0,158.0,3.678778100455176,2.6390573296152584,0.0,10.0
AOQZ84T71MF85,fit,B004BCT7G6,B002G3K1TY,B000052WYD,126ac00c193eec526b4896a119bcd19e6f253857b161afde8c7632f323a7de82,16.0,1013.0,63.3125,85.0,1.0,1.0,987.0,61.6875,1147.0,71.6875,0.35221557162032735,0.2222222222222222,540.0,1267.0,2.8022584455611286,1.3862943611198906,0.25,10.0
A2Z8OZ33BE1RVP,fit,B00HJD8NLY,B003AL01KU,B00IBS9QC6,126bbc1b1324e11e8f055e675174ac7d74b98b14f12bf8f235c67b7b4aea5aae,5.0,377.0,75.4,83.0,1.0,1.0,361.0,72.2,1044.0,208.8,0.19668542591204904,0.07472527472527472,170.0,395.0,3.8974649208721175,1.791759469228055,0.2,10.0
A18DHWNUY0CXNB,fit,B00AG4QCAM,B00CJ01QT8,B000VDUOFM,126cc704974b3af90f8d431b2a09185875c3297056c0bdfd1712f2427e09bee1,2.0,166.0,83.0,83.0,1.0,1.0,158.0,79.0,367.0,183.5,0.17353451917210305,0.11888111888111888,68.0,158.0,3.7455437967674374,2.772588722239781,0.0,10.0
A8XG4YHHLQHXZ,fit,B006L2137U,B0051OKX98,B00021B95W,126d1f2b051260de5c9123c35074b577955238185c3c0c0234eb58f04e0f975f,8.0,546.0,68.25,83.0,1.0,1.0,534.0,66.75,570.0,71.25,0.33422952445397647,0.25757575757575757,272.0,632.0,2.4184356218504277,1.3862943611198906,0.375,10.0
A31PTM0AGQPNAX,fit,B0077UHDKG,B008FMRRP6,B002CL6D56,126e37ac94407223c50794ea729a2264513621fe4c00f8cf01b1c94b66f14ee1,8.0,409.0,51.125,83.0,1.0,1.0,401.0,50.125,1108.0,138.5,0.39050334237089657,0.04287515762925599,268.0,636.0,3.3220921065598414,1.3862943611198906,0.25,10.0
A1QSLTJVVBV4VA,fit,B00A76CPUA,B004T3K54U,B000P1S0NI,127151e3242a63ce448111c4e5884b3741444009f349916ea1206516faa626a4,20.0,1426.0,71.3,84.0,1.0,1.0,1374.0,68.7,2826.0,141.3,0.2709549710537066,0.06017699115044248,678.0,1582.0,3.346691887710236,1.9459101490553132,0.05,10.0
A1P94CW9751WWM,fit,B0009XH6UU,B00195MZUI,B002VLZHLI,1274702437e1d0914e87edadfd5bd42569d375c04e5dcb2f2da12880029de812,3.0,250.0,83.33333333333333,84.0,1.0,1.0,238.0,79.33333333333333,419.0,139.66666666666666,0.20770565012989253,0.14049586776859505,101.0,238.0,2.4508137000811945,1.3862943611198906,0.3333333333333333,10.0
AJ105GCIU6C12,fit,B00EYSNWXG,B005S4H3IA,B007OT1OPU,127c7541364bd2864f0f3820a4e7db525ed3801256413badda80d5eb34458604,6.0,376.0,62.666666666666664,83.0,1.0,1.0,364.0,60.666666666666664,543.0,90.5,0.3333056840265037,0.16346153846153846,203.0,475.0,3.0685519989913774,1.6094379124341003,0.16666666666666666,10.0
A1UZ2SFZPWE3P3,fit,B001LQJBUW,B001CTI2XA,B004BHAJAE,1282eb843007ff01c205a93f7fd01344625b455cae2520fca46e25e5bcbe620e,2.0,166.0,83.0,83.0,1.0,1.0,158.0,79.0,291.0,145.5,0.19065916900968446,0.17525773195876287,68.0,158.0,2.5053176470481278,1.791759469228055,0.5,10.0
A2DPSPXFJ507C0,fit,B006ZBI33Y,B002BWOXYE,B005CRJUEI,128478a9f388ddca1be3820e4fd15dd1dc1744c950bbc44ca9f44821414553c5,2.0,106.0,53.0,83.0,1.0,1.0,102.0,51.0,817.0,408.5,0.3151742581090407,0.04106280193236715,67.0,159.0,2.810200432858575,2.4849066497880004,0.0,10.0
A290VGJR4WBDMN,fit,B001E919LU,B00147FGJ8,B001S3I57S,1287b22aed35d8399b904dd33edf271969a2c102a4c0dd4957eecb84d8069960,4.0,253.0,63.25,84.0,1.0,1.0,245.0,61.25,381.0,95.25,0.3714963991655385,0.16097560975609757,134.0,318.0,3.5509675495423743,2.197224577336219,0.0,10.0
AYLUWEE3JJ32O,fit,B0051ZOLAO,B001D0CWQG,B005T306QG,128a9d1954c004a0f9a2397f15464d88b22f477b0cce745498e4185719440338,2.0,166.0,83.0,83.0,1.0,1.0,158.0,79.0,184.0,92.0,0.2698582677165354,0.2677165354330709,68.0,158.0,2.0871936349478184,1.6094379124341003,0.5,10.0
A2AB9Q1QPWB0PC,fit,B000E3A6F2,B00120U5E8,B0039I4ENY,1295f71722cfaae5301bcd92d1c01529a3946f495b8b4f8f7a0693e56777e3cf,3.0,248.0,82.66666666666667,83.0,1.0,1.0,236.0,78.66666666666667,1007.0,335.6666666666667,0.11377938808227438,0.059233449477351915,103.0,236.0,2.5362902097304194,1.9459101490553132,0.3333333333333333,10.0
A4T4HNFXIV6L9,fit,B004Y6G910,B004FG85XE,B00243FOGG,129835eb5068bd4a068c5433abdf5163001de4b1f9b6a6ea5e8a940761da9ede,4.0,259.0,64.75,83.0,1.0,1.0,248.0,62.0,296.0,74.0,0.38951437501800473,0.2236842105263158,136.0,316.0,2.428081761768742,1.3862943611198906,0.5,10.0
A1UOR33RVT35OJ,fit,B002Y26RWM,B00067YSLO,B001UHN0I6,12a3ef16ffb7c85fbedf3347f2eaf61123e11b07725f6ec04783076130cf068f,2.0,115.0,57.5,75.0,1.0,1.0,115.0,57.5,115.0,57.5,0.38569303248202336,0.3119266055045872,68.0,158.0,3.924856878802435,3.8066624897703196,0.0,10.0
A1RT6QPJU0VSYW,fit,B000US0804,B00CHMWAY8,B000NNCA16,12a8c18ecd1f2f6fa219fd994c762a29487dc9d1fb735666dc2c3277e9f32dbb,6.0,479.0,79.83333333333333,84.0,1.0,1.0,459.0,76.5,2204.0,367.3333333333333,0.13910511545901208,0.04432855280312908,207.0,471.0,2.6253172603879573,1.791759469228055,0.3333333333333333,10.0
A3P7GV5703FUHD,fit,B007LSASW4,B004220C6E,B000QTFT2Y,12aa18e77126264684ab7422b82170a1367ba33c40e46831c96f45797d1889bf,2.0,95.0,47.5,50.0,1.0,1.0,95.0,47.5,95.0,47.5,0.4175708257986739,0.40476190476190477,68.0,158.0,3.496048213707944,3.4657359027997265,0.0,10.0
AH0A5U7QKAXWO,fit,B005BF1M10,B0076D1YF4,B003ODETES,12b1794027bfdb73d1288920163555d5d7e2cc109e0cba698bb0293e74ae8db3,5.0,351.0,70.2,83.0,1.0,1.0,339.0,67.8,491.0,98.2,0.304181766337455,0.1717171717171717,170.0,395.0,4.29086881488208,3.044522437723423,0.0,10.0
AMIP5PJGFQ9BV,fit,B0030VT7XW,B00B4YVU4G,B0061KQF2K,12b211fbff37d8bae9ff38a068a5c3bbc62ea1d98e3a1b3725896d1a11d5ce7d,2.0,126.0,63.0,84.0,1.0,1.0,122.0,61.0,193.0,96.5,0.30967391304347824,0.1793478260869565,66.0,160.0,3.1892130918257933,2.9444389791664403,0.0,10.0
AH71KRURD5VYT,fit,B000N2ZYGU,B0000CC64W,B001H9657K,12b554cbc334e90315b5d6fadc3d76c9efbc2689b120ae426691ef9777c204b6,2.0,115.0,57.5,78.0,1.0,1.0,115.0,57.5,115.0,57.5,0.3912223340040241,0.30357142857142855,68.0,158.0,3.652594107696519,2.4849066497880004,0.0,10.0
APCRE5RHGOSR,fit,B003M1PY2S,B003LS7EFC,B001841FKQ,12bd758ad205de51605f3b0467a0b66cc9d4028c00030740d682c7e712454a47,3.0,171.0,57.0,67.0,1.0,1.0,171.0,57.0,171.0,57.0,0.3763485291618593,0.33663366336633666,102.0,237.0,2.3633589452586974,1.791759469228055,0.3333333333333333,10.0
A1IYAGGRBAALQT,fit,B005V1NPZU,B005OZW3ZG,B00016XJ4M,12bfa114897af5a32efea8bdcf5a5dfd93eeb8f3249f0fe188888bcd9ed59769,6.0,369.0,61.5,84.0,1.0,1.0,365.0,60.833333333333336,761.0,126.83333333333333,0.343678513131384,0.06483300589390963,198.0,479.0,4.3524443648388,3.2188758248682006,0.0,10.0
A18K6042A1DZMB,fit,B00AJG8JOY,B003ZS6OJK,B004TSFBNK,12bfbd2a13a860365aad3c6ed3c26bece833ccf31e8f5c5fb2c75d303150e1a6,10.0,613.0,61.3,84.0,1.0,1.0,597.0,59.7,923.0,92.3,0.35532300630075003,0.12030075187969924,336.0,792.0,4.10438352052841,1.791759469228055,0.1,10.0
A3NQ92P0GJRJZ3,fit,B005D19E30,B004DIXYWG,B001HKR6WM,12c45a2dcbbd56c5dbfeee77673625f740bd78d2f89321a274804846414e277c,3.0,238.0,79.33333333333333,82.0,1.0,1.0,236.0,78.66666666666667,238.0,79.33333333333333,0.29804926126588305,0.28695652173913044,101.0,238.0,4.614647503986169,4.442651256490317,0.0,10.0
A1NVV06ZVLV7A4,fit,B001G0SBZO,B008CC4FKY,B000K5E81M,12c8c7f6e800ce22779318e3b1dfd37d8d43934ec500c74172290e82f93d2181,2.0,116.0,58.0,83.0,1.0,1.0,112.0,56.0,121.0,60.5,0.39307560557866406,0.2786885245901639,68.0,158.0,2.0715673631957663,1.9459101490553132,0.5,10.0
A74KX3LLZH4SO,fit,B002UU9Q6W,B000Q7XDR4,B000PR0KI0,12ce8a050d8d51263699a177c0351ed8b87eab70438045cf12065f97e5b94232,2.0,157.0,78.5,83.0,1.0,1.0,153.0,76.5,190.0,95.0,0.2707407407407407,0.22666666666666666,68.0,158.0,2.659059996922108,1.791759469228055,0.5,10.0
A1C05I2RE9MYMU,fit,B003VI0HVA,B0085E36EK,B001E0R2YW,12d6c09b49d3ed77b2fba5edbca820ccb09e1765c8b7a2ab7e3a03ae113d24f8,4.0,266.0,66.5,83.0,1.0,1.0,258.0,64.5,503.0,125.75,0.30352250285052246,0.11929824561403508,135.0,317.0,1.819829708853655,0.6931471805599453,0.75,10.0
A2IUX2RM7MYDFK,fit,B0012XO2W6,B009SCRSHE,B000Z65AA4,12d7319c20157f65de6fa77c0b43073ce939f8ded8bc60becb0e749d52f99c71,3.0,148.0,49.333333333333336,83.0,1.0,1.0,144.0,48.0,152.0,50.666666666666664,0.44502366320548137,0.2809917355371901,102.0,237.0,3.2518171579029076,2.0794415416798357,0.3333333333333333,10.0
A2001U1WVA2ZZF,fit,B005BTCPRG,B000ZV0D9W,B000PQDKU6,12dcf0810e3d8f2b4da6c8ca40b2af3c73f15cc9a6de43f7383fe38a597d6229,2.0,36.0,18.0,21.0,1.0,1.0,36.0,18.0,36.0,18.0,0.6560296846011131,0.6181818181818182,68.0,158.0,4.44451628593737,4.304065093204169,0.0,10.0
A1Q0UZIMGQGF0Q,fit,B004YBW5T0,B002IGQ7L0,B000BW4U58,12dfa2ba4f1ae957a438b35333a486d47545514e25dcf9197cfb1f8e26b71709,3.0,143.0,47.666666666666664,83.0,1.0,1.0,139.0,46.333333333333336,288.0,96.0,0.3982035760379681,0.1297709923664122,102.0,237.0,2.782055864788045,1.9459101490553132,0.6666666666666666,10.0
AXOFEMBEUTUFU,fit,B004YRTZG0,B005H95F7M,B002XREW0C,12e0cc27b6b00bcd9694136bcdfb52f4a2b74fe13d8b2ad26c1b5e412e92afec,2.0,159.0,79.5,84.0,1.0,1.0,155.0,77.5,324.0,162.0,0.21447394105016593,0.11702127659574468,67.0,159.0,1.7005986908310775,1.6094379124341003,1.0,10.0
A221NRMMPUADLO,fit,B0006BDO5G,B0001MC06Y,B0024WDWU2,12ebabdf2af0fc76dd86c41de4026cdacdbb2b6467ba857a5475203966a693ad,2.0,166.0,83.0,83.0,1.0,1.0,158.0,79.0,355.0,177.5,0.1761377553519816,0.12408759124087591,68.0,158.0,2.04717228111105,1.6094379124341003,0.5,10.0
A3BZHI48MZWE7D,fit,B0018CQKXK,B000142C1A,B000C1UFM0,12ebe4aa2957f775a898678d42d3918e688e3252ccc8acde3abe3634029cefd0,2.0,166.0,83.0,83.0,1.0,1.0,158.0,79.0,316.0,158.0,0.1792274112511325,0.1596244131455399,68.0,158.0,3.285441481169792,1.9459101490553132,0.5,10.0
A3SXO5CFZ28FGO,fit,B005HIH7YM,B0057NE7NQ,B001U6FIVE,12f5fd0013f45d39c94c3237e29fb636c14ee43a9ed3f8e1d96b4285fd65ea95,3.0,195.0,65.0,83.0,1.0,1.0,187.0,62.333333333333336,340.0,113.33333333333333,0.3157364738009899,0.13333333333333333,102.0,237.0,2.8066002818025293,2.4849066497880004,0.0,10.0
A1CDCV4GU7Z493,fit,B000UVZU1S,B000SSNSAS,B001E23YV0,12fedcdf442702214fb3707715f6873e338df492311ab963228bfb976f56adf3,2.0,161.0,80.5,84.0,1.0,1.0,157.0,78.5,215.0,107.5,0.24964438122332858,0.19298245614035087,67.0,159.0,2.6287476860138907,2.4849066497880004,0.0,10.0
A146H6A41B26QT,fit,B004CCP764,B001C2E10A,B001E96L9K,12ff71d91a1b4f1344f457f34477f362426089152ef409d8b4d67ca389bdb299,17.0,1082.0,63.64705882352941,84.0,1.0,1.0,1042.0,61.294117647058826,2985.0,175.58823529411765,0.30133160321120733,0.039951573849878935,578.0,1343.0,3.5545333881170187,1.6094379124341003,0.11764705882352941,10.0
A1URXSRV6WDHVY,fit,B00G3HM9ZI,B00AFCP6F2,B007K449CE,1301d308ba796d71faee86dd9ea284dcbdf9e6d22b0b05a8542824932598af62,11.0,277.0,25.181818181818183,42.0,1.0,1.0,277.0,25.181818181818183,277.0,25.181818181818183,0.5814975660322436,0.4473684210526316,376.0,867.0,4.2300782264244,3.4011973816621555,0.0,10.0
A3FE8W8UV95U6B,fit,B005XIDZHO,9759091062,B001MP471K,1304fc2a0af3329558258d562203b3ee774384025eff557d3687b6406e9d5c13,6.0,349.0,58.166666666666664,84.0,1.0,1.0,345.0,57.5,385.0,64.16666666666667,0.3675156716458344,0.21568627450980393,202.0,475.0,3.129452914047082,2.3025850929940455,0.0,10.0
A2QUBM6PYYLHA2,fit,B004WPHFE8,B0048O2R1E,B00188IFHS,1308fa46def54fd2f5c5553a86daf7cf09971ce8f9d1c7d2d13237ac401dd34d,2.0,129.0,64.5,83.0,1.0,1.0,125.0,62.5,135.0,67.5,0.35071138211382114,0.2764227642276423,68.0,158.0,4.475007014767129,4.406719247264253,0.0,10.0
A1S1B0TWZEG4VJ,fit,B002XHJI9W,B000052WYL,B000C1UBFG,130ee381655bf9f336a6f3c74222437118f6e3ce4384b0f2522e8e49b86e34ba,4.0,294.0,73.5,83.0,1.0,1.0,282.0,70.5,422.0,105.5,0.26785997148047447,0.19883040935672514,136.0,316.0,2.644554036893014,1.9459101490553132,0.25,10.0
A2P2QJXEQU5BIM,fit,B001MP471K,B000K9NZJE,B004BIZBF6,1311c2d216e155c825d918757885698cf36c00b0b313e7eb672cf21efa0549c5,4.0,216.0,54.0,83.0,1.0,1.0,212.0,53.0,347.0,86.75,0.36187300379238796,0.13709677419354838,136.0,316.0,2.345652898229159,1.791759469228055,0.25,10.0
A2LTQGGBQYT1T7,fit,B005LZT9FG,B001DSG9GC,B0002NIAC0,131e444ecd219a1f573c4ea5bbf22f0040f286bdc64b6b784a3df4cdee0d053c,3.0,249.0,83.0,83.0,1.0,1.0,237.0,79.0,509.0,169.66666666666666,0.19466299036554188,0.10759493670886076,102.0,237.0,1.8945265891128937,1.791759469228055,1.0,10.0
AHPJ8VG427LTP,fit,B001441QE0,B0009J6ER0,B000PLUZL8,1320181e86a2b78bbcfaf755c73a57706eef9c95bb1f5c3c6de48145c457a75f,3.0,206.0,68.66666666666667,83.0,1.0,1.0,198.0,66.0,737.0,245.66666666666666,0.21045869883040935,0.0859375,102.0,236.0,3.101155449988555,1.9459101490553132,0.3333333333333333,10.0
A1FPDYGW2DGG3C,fit,B000ELP5KA,B003CYWTQY,B000J3ZMQA,1321e23523a9c254f7da57c9483ccedbe2855b164335dbc129ea08dc0055b878,2.0,166.0,83.0,83.0,1.0,1.0,158.0,79.0,344.0,172.0,0.1895021645021645,0.12142857142857143,68.0,158.0,1.9356005054539454,1.791759469228055,1.0,10.0
AV2JR4DFN550Z,fit,B002AQX3NS,B000BPMB2Y,B002PBCABY,13220105105d47d2b118f7307a3c4ae74db2a8da6b379c198405608452b457e6,8.0,496.0,62.0,83.0,1.0,1.0,483.0,60.375,829.0,103.625,0.3375549476805991,0.10059171597633136,272.0,632.0,2.968330040093434,1.9459101490553132,0.125,10.0
A1LCR6NDF1PMYH,fit,B00DEG8N9W,B004DBUAKM,B004SS8WWS,1322a415824282e7eb51e68550251a10713a8e5056595be35294feac3f331dc9,9.0,611.0,67.88888888888889,85.0,1.0,1.0,591.0,65.66666666666667,1000.0,111.11111111111111,0.30275029780748713,0.09659090909090909,303.0,713.0,3.467233442047701,2.0794415416798357,0.1111111111111111,10.0
A2N55ZLHU1PW9P,fit,B004S2FY7K,B004RJ6Y7I,B00397XUIK,132663f884886c6e639201d5772405ecbc44392fd9ca30affb14de47ea5fd40d,2.0,115.0,57.5,85.0,1.0,1.0,111.0,55.5,259.0,129.5,0.3269276819923372,0.12260536398467432,66.0,160.0,2.838376901134141,1.3862943611198906,0.5,10.0
ABO8BD2C0ENYY,fit,B006ZAPMT8,B002LB75AO,B0002VJIH8,132a87a7f22f788cd888f5c8d8c4501830b570fd93362e022886477c6aab96be,4.0,332.0,83.0,83.0,1.0,1.0,316.0,79.0,931.0,232.75,0.15597859486152119,0.07692307692307693,136.0,316.0,3.3790442170730044,2.197224577336219,0.0,10.0
A1NFAC62WZZ3Z6,fit,B0006NYCT6,B0050PZ0SW,B003BJZ1M4,133545df9aa8777629cd72e1e1963bf7865fbf95c769fca578e1bd47e9f71184,2.0,133.0,66.5,82.0,1.0,1.0,129.0,64.5,563.0,281.5,0.23199268738574041,0.06398537477148081,69.0,157.0,2.687639203842082,1.3862943611198906,0.5,10.0
A3AD0UYY36QBY0,fit,B004BHAJAE,B0038QLU66,B000A4094I,1338762fd2535649fe91318ab4a26d5438f83976c79e18d35d7b0c12124584f6,3.0,176.0,58.666666666666664,70.0,1.0,1.0,176.0,58.666666666666664,176.0,58.666666666666664,0.36903015905804587,0.32038834951456313,101.0,238.0,2.286188344930455,1.9459101490553132,0.6666666666666666,10.0
A2SW5JZXT9LCUK,fit,B00B9QUDZG,B006U1WT66,B00CPISW7S,13392dd00476df8d50e1b9f03aef593ebb8121327cdf7f42d2ad4a425f3afcf9,2.0,166.0,83.0,83.0,1.0,1.0,158.0,79.0,772.0,386.0,0.08119587652313343,0.07674943566591422,68.0,158.0,1.791759469228055,1.3862943611198906,0.5,10.0
A2A2SUY3IOQKY1,fit,B00AV1IJME,B002B4O7XE,B000FFI228,133c05081cd34ed16c9d7a618284c912bf24b15c71a2d8fbe2edb25ca277b747,6.0,416.0,69.33333333333333,83.0,1.0,1.0,404.0,67.33333333333333,1052.0,175.33333333333334,0.2875247852827801,0.049786628733997154,205.0,473.0,2.753242724580232,1.6094379124341003,0.3333333333333333,10.0
AJ7NR31ZL4CBI,fit,B000052WY7,B004A8LFJI,B001DZGYSS,133c6931a4aa8b54833a0b4cd7d651d639d4b344e879f50b21fb2fde0ddc0e0d,5.0,298.0,59.6,83.0,1.0,1.0,294.0,58.8,343.0,68.6,0.37838021754530426,0.20987654320987653,169.0,396.0,3.043787463564893,1.6094379124341003,0.2,10.0
A2TOGQUYQKPENK,fit,B005NOPAAS,B006Z8B5HS,B00016XJ8S,13486ed1e93dc04e385e789eb2c7fdc4beedfeca4971cb3b070852081f36c1a0,6.0,452.0,75.33333333333333,83.0,1.0,1.0,436.0,72.66666666666667,623.0,103.83333333333333,0.27216319423728424,0.1619047619047619,208.0,470.0,3.129978167809552,2.0794415416798357,0.16666666666666666,10.0
A3AF7N2N36PMA0,fit,B004BCTAYU,B00368R3JY,B0012UEJ1S,134ca6998e9ace0d8ae6e6a754cd3f981def32484c66d3fa62d759f3a12bdbfa,4.0,277.0,69.25,84.0,1.0,1.0,265.0,66.25,710.0,177.5,0.2598134071633655,0.096045197740113,135.0,317.0,3.315131009603128,1.6094379124341003,0.25,10.0
A351BI2N240KS8,fit,B001D06VSG,B0019X2C3A,B002WLWX82,135009bf395ce31bbf411391e2b3149a9d3a50f8c81079d7ef8053e520583840,3.0,185.0,61.666666666666664,83.0,1.0,1.0,181.0,60.333333333333336,269.0,89.66666666666667,0.3441187134815766,0.1691542288557214,102.0,237.0,2.633669017330807,1.6094379124341003,0.3333333333333333,10.0
A3C6BVUW5J5FBS,fit,B003S516XO,B001FE16QC,B00006598X,135321debd32ef0703db4e3772bde0e097b4f40efa1acb7b41fe600725c8b972,2.0,166.0,83.0,83.0,1.0,1.0,158.0,79.0,240.0,120.0,0.2208630362340237,0.21656050955414013,68.0,158.0,2.6441335153472676,1.791759469228055,0.5,10.0
AW11HI7QV40VV,fit,B004ZNEMK2,B00KAL5JAU,B00HJD8NLY,13546bd805f5b45db9bbccb50ed9883a6e6931f82df05e50fa2e63be8050bf21,2.0,145.0,72.5,83.0,1.0,1.0,141.0,70.5,281.0,140.5,0.2442770092226614,0.13438735177865613,68.0,158.0,4.868716484103023,4.795790545596741,0.0,10.0
A10HPK4B1CL4TA,fit,B001ESIZA4,B0089AA8RS,B006L6U0JI,135ffeecea9ef89992f604ffc81b48398a459c7c80dd245c1ea30a9c1ba60e9c,2.0,167.0,83.5,84.0,1.0,1.0,159.0,79.5,293.0,146.5,0.20393318965517243,0.14224137931034483,67.0,159.0,2.1242476210246792,1.9459101490553132,0.5,10.0
A6T1RHMQ9NSE4,fit,B000Q6V1UG,B000V1BDIG,B00070QF20,1362fd3b40c5c32bf79834e44cd72e99f748f28c9493cb0f1eee0ba9388e7392,3.0,249.0,83.0,83.0,1.0,1.0,237.0,79.0,1659.0,553.0,0.06548796156138645,0.046511627906976744,102.0,237.0,3.5450767502851455,2.5649493574615367,0.0,10.0
A256WHA1VQPI8A,fit,B009DDGHFC,B00B0QJC6Q,B005E0NDEG,136300c8880b872c27b6067d9205e26fbd0bb42f2d70f33208cb033f1b2549e2,2.0,139.0,69.5,83.0,1.0,1.0,135.0,67.5,217.0,108.5,0.2760683760683761,0.17435897435897435,68.0,158.0,3.0376730155443417,2.70805020110221,0.0,10.0
A38IXYR8DNAI75,fit,B003PFBCTU,B0036LMFYO,B003C1K4FU,13636142bfd97d71eb5f2f5389528122c64705578f87fe6f43b76c9b14cc56d5,5.0,330.0,66.0,85.0,1.0,1.0,318.0,63.6,492.0,98.4,0.31421813351386113,0.1493212669683258,167.0,397.0,3.600968322249103,1.6094379124341003,0.2,10.0
A2EI3JRON9L7A9,fit,B009WLX83Y,B008VSY4LO,B0086LC0WG,136fd20efa7179d3c5b8899590f212850fad33a9d0a20001f36d7b38a8f9996e,10.0,590.0,59.0,84.0,1.0,1.0,576.0,57.6,676.0,67.6,0.3637261550184422,0.2073170731707317,335.0,795.0,3.0740056299707366,2.0794415416798357,0.1,10.0
A2HIDTJ9QWY7YQ,fit,B008Y9J17C,B0035RF85C,B006R3CORG,13783c2a7993a8eff1d97ec592074c0eb9137aa0d5681e7470573b92aa4ed0cb,2.0,123.0,61.5,83.0,1.0,1.0,119.0,59.5,148.0,74.0,0.34944803958888465,0.23943661971830985,68.0,158.0,2.7444688630783434,2.3978952727983707,0.0,10.0
A1WLVR8F7C8X9Q,fit,B00181XMGO,B008VHRVQK,B004BCTB9E,137ce7fea5a4ef0b5bdb445321fbc76fea2297624b3233be29180c68c8e2042c,20.0,1326.0,66.3,85.0,1.0,1.0,1302.0,65.1,1492.0,74.6,0.3398444555446664,0.16267942583732056,675.0,1584.0,3.0526894988446744,1.3862943611198906,0.2,10.0
A3D09Y601GQ8W2,fit,B001HKR6WM,B0009WY4UQ,B0033PSM6S,137f8fd278327cd5188cb3d2277cd341f2dcf52b0f98e7c75c99fb46604b4c77,3.0,249.0,83.0,83.0,1.0,1.0,237.0,79.0,304.0,101.33333333333333,0.25152937828994165,0.23943661971830985,102.0,237.0,2.3796223333151745,1.9459101490553132,0.3333333333333333,10.0
AV1BNRU8LVHOI,fit,B009SCRSHE,B006KXA7EU,B005GQ1PD4,138976ba6a37cdf943e2f1ad510038478ef5244386be392bee9c0c7387a28db3,2.0,144.0,72.0,83.0,1.0,1.0,140.0,70.0,284.0,142.0,0.2450952283432316,0.13229571984435798,68.0,158.0,2.0715673631957663,1.9459101490553132,0.5,10.0
A3KRO2PEBHQ5JL,fit,B009L0YD6M,B0002Z8HAI,B000XSBTM2,138b2480cdc067f4e98989ca4cc11ca70d14f36475f720f3e3fda49d47b24946,8.0,467.0,58.375,83.0,1.0,1.0,459.0,57.375,564.0,70.5,0.37156051921439254,0.1596244131455399,270.0,633.0,2.7603180956645956,1.6094379124341003,0.25,10.0
A2AS25C268NUW4,fit,B006ZBP8NM,B00703EITY,B004BHAJAE,1394840e38fe6926118bd9ebd43cb302b93a94827c3cba3afffb00e5f43fc6c7,4.0,297.0,74.25,83.0,1.0,1.0,289.0,72.25,434.0,108.5,0.2646078441217563,0.1650485436893204,136.0,316.0,2.0015918919125615,1.3862943611198906,0.75,10.0
A1Y51LLK1BEPG2,fit,B007H590U2,B00AACC02Y,B0013TM9UQ,139830391dc77670174be413c59b0ca2aa6051c859b60026b76465a008fec9f9,3.0,185.0,61.666666666666664,83.0,1.0,1.0,177.0,59.0,409.0,136.33333333333334,0.3233442135711063,0.11333333333333333,102.0,237.0,2.8117050267935433,1.9459101490553132,0.6666666666666666,10.0
A3GR9OL2ZDSPIT,fit,B00CQGUSZ8,B008Y9B0MG,B005JVFP0U,139937986f99cae805741564056962b051d9b9767432d19ea44b93415d3360aa,9.0,707.0,78.55555555555556,85.0,1.0,1.0,679.0,75.44444444444444,2066.0,229.55555555555554,0.16403222972155046,0.09365558912386707,294.0,719.0,2.2470670304140126,1.791759469228055,0.5555555555555556,10.0
A3JNJVZMEQJTJY,fit,B001ADOV4W,B0009VDBWY,B00284W03Q,139f858b1697fbc7f2d14a4dc8e5db6481d3b85a585b79de7255a4d9e4eb9c58,7.0,467.0,66.71428571428571,84.0,1.0,1.0,451.0,64.42857142857143,998.0,142.57142857142858,0.3004235133124436,0.06841046277665996,236.0,555.0,3.1827968243337277,1.9459101490553132,0.42857142857142855,10.0
A24J2U46E90H5R,fit,B0071900NU,B00166KXTU,B0009MMK5M,13a0c9c9ad4e79f2dc0cb55791f552a1a37d54b389b6ed161a2616c10aaa9121,2.0,133.0,66.5,83.0,1.0,1.0,129.0,64.5,574.0,287.0,0.23284690220174092,0.06093189964157706,68.0,158.0,1.9356005054539454,1.0986122886681096,0.5,10.0
A39UU3WKDDX73A,fit,B00GYB1ECW,B00FLRHYCE,B000R46I1O,13afd63dbba99db44aaa84ae45ae4999a7e2fd021f0746c5e618beee362f6742,20.0,991.0,49.55,84.0,1.0,1.0,963.0,48.15,1864.0,93.2,0.4229917484973142,0.07327586206896551,688.0,1572.0,4.046259998474483,3.1780538303479453,0.0,10.0
A71KXV5IIW7EY,fit,B001G7OCSM,B000142FVW,B0017QKAFG,13b23d53dd10a27332c11c6927bdc757ba8cce973a2adc29c7ed0e78df4ea61a,2.0,95.0,47.5,73.0,1.0,1.0,95.0,47.5,95.0,47.5,0.45887850467289715,0.3177570093457944,67.0,159.0,3.996303326200105,2.3978952727983707,0.0,10.0
AFE2VJKGRJZ48,fit,B000URVDJU,B004CQ710U,B00120VWTK,13b465efcc8c2242d776064201bf0418fdb91f18428a4285b4c710e1c750de73,2.0,166.0,83.0,83.0,1.0,1.0,158.0,79.0,578.0,289.0,0.1482991911198736,0.06841046277665996,68.0,158.0,3.4782727215757845,3.044522437723423,0.0,10.0
A222W9OFZ65R5U,fit,B003GDK6F2,B00021B8L2,B000K7JLGM,13b85005537389061e6c0531dc632479f60980f885319493f84aa70baa3ee16b,7.0,485.0,69.28571428571429,83.0,1.0,1.0,469.0,67.0,678.0,96.85714285714286,0.295426610662293,0.16666666666666666,238.0,553.0,2.552961668900243,1.6094379124341003,0.42857142857142855,10.0
AD69CIEGCRUFE,fit,B000NPAK0W,B000F63TW0,B000PLUZL8,13bb0deed9eacfec2ea1965519a85440174eded1d0384c13b4a54303ef4ba7b2,2.0,167.0,83.5,84.0,1.0,1.0,159.0,79.5,773.0,386.5,0.07923248626373627,0.07252747252747253,66.0,159.0,4.656177648691456,4.584967478670571,0.0,10.0
A27ATS7F8V7CPX,fit,B0017BGQR2,B000HHOPDE,B0069SC0OQ,13bc2118d79d914824bf7dfb0a2e423583dd53c2f9362d749c17245d4a38c593,3.0,231.0,77.0,83.0,1.0,1.0,223.0,74.33333333333333,354.0,118.0,0.2567425307931637,0.14345991561181434,102.0,237.0,2.584684213011919,1.9459101490553132,0.3333333333333333,10.0
A1HTG0D6C66HGN,fit,B005REYEXS,B00502NMTE,B000GCQ04C,13c03ca163f0e9be7e67d1f34084d98251491a3e9497f3789df534189aead382,5.0,370.0,74.0,85.0,1.0,1.0,354.0,70.8,634.0,126.8,0.2518276672967809,0.12260536398467432,168.0,397.0,3.240378506731857,1.6094379124341003,0.2,10.0
A2FRWNZML00RMR,fit,B001MP7HYY,B001CJFEX6,B008QZUHZE,13c349815cff5f6c1b69dbc7f6cc034be7e32069c7057dda1d14bd64a8ca0766,2.0,97.0,48.5,74.0,1.0,1.0,97.0,48.5,97.0,48.5,0.4556530214424951,0.3148148148148148,68.0,158.0,2.1910133173369406,2.0794415416798357,0.5,10.0
A3VYZVMDEZ1GES,fit,B007BJ3KQ4,B00483XNQ8,B0019CS6VI,13c4a369af8dc1805079a782340ec67eb32c67c75fdd0808eaa280527c65bef3,5.0,328.0,65.6,84.0,1.0,1.0,316.0,63.2,517.0,103.4,0.3100405408484309,0.1553398058252427,167.0,396.0,1.9429490855878497,1.0986122886681096,0.8,10.0
A1QK4BPVNERUDM,fit,B0045WDQFA,B007IUPZJG,B004MPZLVC,13c6f0817be398241cc44b2425dceb1297b762f1a6accc3de656e4111d48f979,3.0,197.0,65.66666666666667,83.0,1.0,1.0,193.0,64.33333333333333,908.0,302.6666666666667,0.26646537842190016,0.04106280193236715,102.0,237.0,2.0846096038584907,1.6094379124341003,0.6666666666666666,10.0
A1ACY0I0D10D5B,fit,B004DN8F7K,B003HG4VLS,B002C0338W,13c9f3d395b3e924f196828e024c8b2ae7845c4a70ef837aa71bca8fb3a5a6ad,7.0,456.0,65.14285714285714,83.0,1.0,1.0,440.0,62.857142857142854,761.0,108.71428571428571,0.3267734605408513,0.10397553516819572,238.0,553.0,2.5223512179573064,1.6094379124341003,0.42857142857142855,10.0
AUVGWRYWA0L63,fit,B002CPRK9U,B007NXZ0T8,B00016XJ4M,13dbe1e8fad108cc3ef1bdcbdb9fb29ef754bf42b3cab3bdea52ddd28bb4c92c,2.0,167.0,83.5,84.0,1.0,1.0,159.0,79.5,661.0,330.5,0.11004207372321051,0.06483300589390963,67.0,159.0,3.7221243247483526,2.197224577336219,0.0,10.0
A2DS00ODE6H4BU,fit,B008T85MU8,B008RS4LO8,B001G3VA22,13dcd949511238815940b5f496884867068e3bdd5518241d283a907fc763c5ad,5.0,316.0,63.2,83.0,1.0,1.0,308.0,61.6,644.0,128.8,0.2936544216130465,0.09826589595375723,169.0,396.0,3.781206920653598,1.791759469228055,0.2,10.0
A2DVBJ5C100RSX,fit,B000SJ9G0I,B000R80ZTQ,B0019TX4MW,13e86f994e019323a42c396c1de2315c896ba207d7cdcac5c36db88be8df14aa,4.0,271.0,67.75,84.0,1.0,1.0,267.0,66.75,279.0,69.75,0.3357350039265917,0.264,135.0,317.0,2.9383003537561847,1.6094379124341003,0.25,10.0
A5GPH59NDWJRB,fit,B00H93NJLS,B00HM6IVXI,B00GEG0FRM,13e8f67d9b152f6a9517aea06034da205679abc77fdef169dc78262c9ec0d08b,20.0,1068.0,53.4,84.0,1.0,1.0,1036.0,51.8,2241.0,112.05,0.3997991790029097,0.06896551724137931,685.0,1574.0,3.401674006496564,1.9459101490553132,0.05,10.0
A1QPNURE0KKNGQ,fit,B002WTC37A,B0000YUX4O,B008GOR6O0,13f224911b910dcac0533bf3d8dcc486eceeec3d422db71c5445717d01189634,2.0,117.0,58.5,83.0,1.0,1.0,113.0,56.5,260.0,130.0,0.3153846153846154,0.13076923076923078,68.0,158.0,3.921532008346027,3.8918202981106265,0.0,10.0
A19UQJJSU4IIRU,fit,B00AWCNF9O,B004J28YDK,B000R9C0PW,13f654c60f3bb9ec47bd9085cfeedd64f5137b6c6b402c3b6d2f2b6b4d962489,2.0,144.0,72.0,81.0,1.0,1.0,142.0,71.0,144.0,72.0,0.3230838189152846,0.2956521739130435,68.0,158.0,2.138333059508027,2.0794415416798357,0.5,10.0
A2K44SAXICTN30,fit,B006ER6KB6,B0046VESH0,B006ZN1B1S,13fa5b2b06533938cacec4ec697b1e18d0adf7714bb9ccd6d8e4f36b2b5a73a0,3.0,249.0,83.0,85.0,1.0,1.0,240.0,80.0,311.0,103.66666666666667,0.24471768176297068,0.19411764705882353,97.0,240.0,1.9620346771500519,1.791759469228055,0.6666666666666666,10.0
A1BB5K2J76RTZB,fit,B000VNIZGM,B000NYL3NQ,B00C4R3HV6,13ff0c1a3e388e219447d13b311d689a5fc1f107f8a1c8bb9b9c55c7792a3c9c,2.0,117.0,58.5,73.0,1.0,1.0,117.0,58.5,117.0,58.5,0.37682722262161517,0.3177570093457944,68.0,158.0,2.84686606940135,2.3978952727983707,0.0,10.0
A3ITZNXSWH8T2N,fit,B004076PYE,B002WTC37A,B000NSQM6U,13fff53f6d9ced42bf23f7d763fc6cb3745393c49f9243ed88eab0fa60532e0c,3.0,248.0,82.66666666666667,83.0,1.0,1.0,238.0,79.33333333333333,401.0,133.66666666666666,0.22457633617053907,0.1349206349206349,101.0,238.0,2.960612101668049,1.3862943611198906,0.3333333333333333,10.0
AVNBJ84PI3TLB,fit,B0092MCO88,B002G3K1TY,B000TBW0NA,1401c42857ddec2a9cf06ef3c7d8cb9508468f7143ed78840285e9d5572e7352,4.0,215.0,53.75,70.0,1.0,1.0,215.0,53.75,215.0,53.75,0.3996629804504159,0.3269230769230769,136.0,316.0,3.829175949890171,3.4011973816621555,0.0,10.0
A19JQDF4EJ5FLL,fit,B00BPDFQK0,B0017ZDH52,B0089XPUXM,140759a4a50c3fc9a939eb11dcf7a3b976af38e2b1ea4d287be96d4a9a3f073b,3.0,163.0,54.333333333333336,70.0,1.0,1.0,163.0,54.333333333333336,163.0,54.333333333333336,0.3918684158219042,0.3269230769230769,102.0,237.0,2.685052577273226,1.9459101490553132,0.3333333333333333,10.0
A4L7YHAXVLJVD,fit,B000142OZY,B00449W12S,B0009MHJS0,140b0109aed4fe99062ed67afb4f64990815fc6f5994edf18d8f0e6ab0a1bd76,6.0,410.0,68.33333333333333,84.0,1.0,1.0,394.0,65.66666666666667,759.0,126.5,0.2869864389648533,0.09659090909090909,202.0,475.0,3.1164269234069573,1.9459101490553132,0.16666666666666666,10.0
A31YYF2ECRUI9Y,fit,B009L0YD6M,B008PEXV3Q,B0062MAAAK,1412ecb9a563c53ce022b5311d53013635a792a79facaf0f56711fbebe740fde,6.0,294.0,49.0,83.0,1.0,1.0,290.0,48.333333333333336,295.0,49.166666666666664,0.4342622613141088,0.288135593220339,203.0,475.0,3.6201186668643826,2.9444389791664403,0.0,10.0
A3SRU53ECEUR85,fit,B005Z446JC,B004DTM8VI,B004INUWX0,1416cee16f179591172cb2bc0e29d1c6966401d8a6b9823e550f4afdb90945f8,3.0,186.0,62.0,83.0,1.0,1.0,178.0,59.333333333333336,484.0,161.33333333333334,0.30223765432098765,0.1,102.0,237.0,3.2377650337872015,1.791759469228055,0.3333333333333333,10.0
A3QV7QF7O4BIEB,fit,B000ORV3NC,B005FYJB92,B002XHFIM8,141a08305e07d6bd3c514a6b4149ec1466d6fba4c2241c836cd56bb947e80ae6,2.0,139.0,69.5,77.0,1.0,1.0,139.0,69.5,139.0,69.5,0.3302364864864865,0.3063063063063063,68.0,158.0,3.5408542930527878,2.3025850929940455,0.0,10.0
A3N6N2W0UYJQVG,fit,B000T55RSG,B000052YM7,B001B7PVRS,142270af3e5e97ad10d9411bc0825b6c567f1eabbf16bf107986c9f6e423af84,2.0,122.0,61.0,83.0,1.0,1.0,118.0,59.0,342.0,171.0,0.2833218161863339,0.10089020771513353,68.0,158.0,3.895348015587369,3.4339872044851463,0.0,10.0
A2CUWCJHUPGL9W,fit,B00ALV8EL0,B00ALV8EJW,B000FBNV1Y,14264c228b9c1ceda177ae466900bc3c1ffcc32f70a23407b0734e3955c4b7d7,10.0,444.0,44.4,83.0,1.0,1.0,432.0,43.2,1156.0,115.6,0.4292075994578095,0.06786427145708583,343.0,787.0,4.267356303570023,3.4011973816621555,0.0,10.0
A3A978HCZT5TXA,fit,B001DBPZQE,B000H88QOM,B000A3I2X4,142dd0550fd283ad18a28e172f32f62c138c4c044a60e0b49326fe0f4d4ea037,2.0,166.0,83.0,83.0,1.0,1.0,158.0,79.0,231.0,115.5,0.22902586284581417,0.20987654320987653,68.0,158.0,3.6076199893650487,2.833213344056216,0.0,10.0
A16MHMVUD5X4I7,fit,B005I2MP62,B00387F42Q,B002MZM8O2,1434a99dc2c2a4b4ce8bdfdca8ea391ac8292d5130c73c553fb84a56aec06d81,4.0,330.0,82.5,83.0,1.0,1.0,314.0,78.5,2486.0,621.5,0.08447169634756024,0.04106280193236715,138.0,314.0,3.221185126206321,2.3025850929940455,0.0,10.0
A1FKGHZYT64TYG,fit,B00G052NFE,B00G4SDPHC,B001QXKDRA,1434b19840bc0510d5467b3b814beeeba84efa9c1b5961013a0d39c1ac983d85,17.0,1270.0,74.70588235294117,84.0,1.0,1.0,1214.0,71.41176470588235,4211.0,247.7058823529412,0.20010686489149165,0.061224489795918366,571.0,1349.0,2.7184800572923282,1.791759469228055,0.29411764705882354,10.0
A17RN0P9J4B11T,fit,B006X1KROY,B005I2MP62,B00027DMI8,1435493751373e6a43f19c35447062e958df96da6895f0bc3cbb0c594881fb88,3.0,244.0,81.33333333333333,82.0,1.0,1.0,232.0,77.33333333333333,1732.0,577.3333333333334,0.08804590435720072,0.043373493975903614,107.0,232.0,4.2357916890701715,3.9318256327243257,0.0,10.0
ADO1ZPAH7DJ5R,fit,B004GJCN8I,B004SXTF38,B0034E4YEC,1436caa7e7b38fea66c284b1b8b702cb0bc3f5b73115455d9fc6b8ac58ca86ce,6.0,400.0,66.66666666666667,83.0,1.0,1.0,388.0,64.66666666666667,519.0,86.5,0.3178802398645853,0.19653179190751446,204.0,474.0,3.1579770436414023,2.5649493574615367,0.0,10.0
A3NNQRCHLJ6KC0,fit,B004BCVAOI,B002XHA5A8,B00021AM9G,14380eee8320871313e810ed539a2ed157c62f07bd66e57d4b228a01e58598fc,3.0,231.0,77.0,82.0,1.0,1.0,227.0,75.66666666666667,285.0,95.0,0.27735310498468396,0.2046783625730994,103.0,236.0,3.130303465243777,2.3978952727983707,0.0,10.0
A2I3BWIY35O2SX,fit,B002RS6JPI,B0009EXONC,B0002Z0U5I,14388bdf42b8cb04175083226dab7da62b468360fc841632408a32431935dae4,5.0,379.0,75.8,84.0,1.0,1.0,367.0,73.4,833.0,166.6,0.22231139426802532,0.08168316831683169,167.0,397.0,2.6841733376975383,1.3862943611198906,0.2,10.0
A2J7BE98ABAQBP,fit,B000FS05VG,B0001TQ9WI,B004VMGTY4,143b6287f6ef52b0744d55642a733b9295759a6d2ddc9b799ff30be9de0c7208,2.0,166.0,83.0,83.0,1.0,1.0,158.0,79.0,296.0,148.0,0.18717483363581366,0.17894736842105263,68.0,158.0,3.0523966162074925,2.772588722239781,0.0,10.0
A9PV2X6AGD74A,fit,B00AH4THVM,B0083QNBCM,B001B488WG,143c8838f72cdb25c77452bcad04b1fcdd4b97c81393da6d2ad355191534828f,2.0,106.0,53.0,83.0,1.0,1.0,102.0,51.0,238.0,119.0,0.36651870640456563,0.13654618473895583,68.0,158.0,4.114755559482228,3.4011973816621555,0.0,10.0
AL8IDHJPCE00K,fit,B0009F3OR2,B0012M65M2,B0007CXX82,1445882cca83455d53fda9bbf2b739b0b342604e740dbfb700fb3de3dbeb2fd3,4.0,233.0,58.25,83.0,1.0,1.0,225.0,56.25,312.0,78.0,0.3608251090735167,0.21656050955414013,136.0,316.0,2.5458473594172366,1.791759469228055,0.5,10.0
AW2GSGLMMH2C5,fit,B001TSB9MA,B001P5TC8U,B000H88PCU,1447d875a4dff7e4d66d37ba67e1e0102900d0650f7a9234640d934c3bffc55c,3.0,145.0,48.333333333333336,79.0,1.0,1.0,145.0,48.333333333333336,145.0,48.333333333333336,0.4377328787540055,0.29464285714285715,101.0,238.0,2.806600281802529,2.197224577336219,0.0,10.0
A1HRYC60VTMYC0,fit,B000X040QW,B00AE0790U,B001A5S3BM,144cab4a8b3620d01f8909783bb6fa7a63f2d2d2883e3f1409fd16100456eab2,13.0,461.0,35.46153846153846,83.0,1.0,1.0,449.0,34.53846153846154,778.0,59.84615384615385,0.52323133431297,0.1111111111111111,448.0,1021.0,4.497246141125783,3.4339872044851463,0.0,10.0
AIDA598PBMNXF,fit,B00DQL2TCW,B00ADR6L08,B001BBB18C,144cfd4d5dfd5ed87b87c2da6455c438328e72e94916478aa4253f4c54de976a,13.0,893.0,68.6923076923077,85.0,1.0,1.0,869.0,66.84615384615384,976.0,75.07692307692308,0.32618998660843934,0.21656050955414013,437.0,1031.0,2.4141087781501827,1.0986122886681096,0.46153846153846156,10.0
ANV1D84GKHLB9,fit,B001MWV40U,B000ZMBSPE,B0006Q3NTS,144f1fd413b4516b46ad5b2f0d501775b895c1dd03a00bf7a0c396f65a13e87e,9.0,551.0,61.22222222222222,84.0,1.0,1.0,531.0,59.0,1736.0,192.88888888888889,0.31045215712199953,0.04106280193236715,304.0,713.0,3.366216018720364,1.3862943611198906,0.2222222222222222,10.0
A1FU1UY55LM8FA,fit,B0002FBOLW,B004YVDIAU,B0019IC2N0,146237378bbb6a8514f032bcac728fbb5be4171a109696becaf90b5f1a492da1,4.0,317.0,79.25,83.0,1.0,1.0,305.0,76.25,728.0,182.0,0.2042904953961504,0.0794392523364486,135.0,316.0,2.6716074330530715,2.197224577336219,0.0,10.0
AFG1FHHPPE2N2,fit,B0023AV2UM,B0023ASBSS,B0009OAIE0,1469fe9a4dd701f8eb74cca96847457f65a7d6876293d9e17cc3883d14e5d792,4.0,327.0,81.75,83.0,1.0,1.0,315.0,78.75,405.0,101.25,0.2590831771512386,0.18681318681318682,135.0,316.0,2.5792302075733673,1.791759469228055,0.5,10.0
A13WOT3RSXKRD5,fit,B00GTC1KZ2,B00AE07932,B00AAJTDLI,146c0d1fdca15c72ffd00965392150e5a7bebdc0c881c0719450a1cb0b6577a6,20.0,625.0,31.25,72.0,1.0,1.0,625.0,31.25,625.0,31.25,0.5511826784578293,0.32075471698113206,689.0,1571.0,4.41430551640277,3.8501476017100584,0.0,10.0
A1YNOLPAF4I0PJ,fit,B005UBN5AQ,B003V265QW,B0032DHP6O,147693293d23926b7bd8efef2d7b26901ad2f00b3628ed7c7f0e0db52d9765f8,7.0,525.0,75.0,84.0,1.0,1.0,505.0,72.14285714285714,2142.0,306.0,0.19551631388370794,0.04287515762925599,237.0,554.0,4.0645841405854135,3.2580965380214817,0.0,10.0
A1FRCHCH4RNKIJ,fit,B000KEOQR4,B000HVD5ZE,B0000531NU,1476d3eb90f9675fa1e30277b700f7d3030345f4f3444808779573a961e040e5,2.0,166.0,83.0,83.0,1.0,1.0,158.0,79.0,219.0,109.5,0.23742092457420924,0.22666666666666666,68.0,158.0,2.2499048351651325,1.791759469228055,0.5,10.0
A7898VK8ADQFH,fit,B002HPBF32,B00006FRW7,B0011MJSD6,147a249096634f55b0d82ce07123e3d1cc57e762232b6afd475e8ca5cda02afc,6.0,327.0,54.5,83.0,1.0,1.0,319.0,53.166666666666664,516.0,86.0,0.38579081279298877,0.11643835616438356,201.0,477.0,2.981849830854356,2.0794415416798357,0.3333333333333333,10.0
A380S0FSWNY6QK,fit,B004BCXAM8,B0000632EN,B0000533CC,147af0a5a5a92048c671581f5258ddfe4ba4b68379460a9c447e6f65fda3c62a,2.0,167.0,83.5,84.0,1.0,1.0,159.0,79.5,767.0,383.5,0.14042091430391845,0.04796511627906977,67.0,159.0,3.7256208424938375,2.6390573296152584,0.0,10.0
A2H0ENHKFWN43W,fit,B000VEMWB0,B000VEN3RW,B0019IC2N0,148a905dcec963676db0a3e4a90ccda518eafae58d7eb802eadb60503f599f89,2.0,148.0,74.0,83.0,1.0,1.0,144.0,72.0,459.0,229.5,0.21143679788539602,0.0794392523364486,68.0,158.0,3.594961085372904,3.526360524616161,0.0,10.0
A3HOD1TA2I0C8O,fit,B001Q88FO8,B0000531II,B0000531SW,148c6342a16883a19942b262cc01492b0c218207ecb79c395a3979d2b7a88a5a,2.0,85.0,42.5,47.0,1.0,1.0,85.0,42.5,85.0,42.5,0.44598765432098764,0.41975308641975306,68.0,158.0,2.9753212762938634,2.772588722239781,0.0,10.0
A1F8TACOG0O2P2,fit,B0061YRVNS,B005UL1B34,B000O3OZD6,148f0a9de13f5747748783148bd7cf1615695acc48924c1556eeecbf86186ee8,5.0,418.0,83.6,85.0,1.0,1.0,398.0,79.6,1404.0,280.8,0.15429294832219936,0.04287515762925599,167.0,398.0,4.242106574478675,3.526360524616161,0.0,10.0
A3ABNQ6KXWDEL4,fit,B000052YQ2,B003V27RB4,B003S516XO,14a1caab60ae8342110213cf57b975e10977bd7106788657324a95ad4a2d0f6d,2.0,108.0,54.0,84.0,1.0,1.0,104.0,52.0,144.0,72.0,0.400946585530764,0.21568627450980393,67.0,159.0,3.6935451178283785,2.833213344056216,0.0,10.0
A3EPAXTO9HONW3,fit,B001G3VA22,B008SPOKIW,B004B0U57S,14a2e7bcc4cc395a8e5af7da5b6941594d55e49ee1dd873a826af2f1868c2f15,4.0,286.0,71.5,83.0,1.0,1.0,274.0,68.5,329.0,82.25,0.31490500803155536,0.23448275862068965,136.0,316.0,4.615798814338532,3.4011973816621555,0.0,10.0
A20P0ODMO0CLPG,fit,B008SPOKIW,B0052D4EIE,B009L0YD6M,14a32ca3c0bf42d3dc6649a7f6365175b675a4cd358e5a240fc0c55f08120481,2.0,71.0,35.5,45.0,1.0,1.0,71.0,35.5,71.0,35.5,0.4985232067510549,0.43037974683544306,68.0,158.0,2.34106561356211,1.791759469228055,0.5,10.0
ALF8VV929IDSD,fit,B00CE2JC9W,B00C7DYBX0,B00CNWY1YY,14a6f9197bb64d498617de77a00de3c2ee2197931a97ee2af32ad22b7a7da1a7,4.0,332.0,83.0,83.0,1.0,1.0,316.0,79.0,1499.0,374.75,0.11864103895251243,0.04479578392621871,136.0,316.0,2.7507748353843304,1.9459101490553132,0.25,10.0
A10207079F09W5HTL0Q6,fit,B003UAAITA,B002KMXO36,B0030HKJ8I,14aedd73fa215a961a1bcb1003d3a2c98ad0e1119dfd4cb0d07192a5c556d832,3.0,240.0,80.0,84.0,1.0,1.0,232.0,77.33333333333333,426.0,142.0,0.23473221888500231,0.11371237458193979,101.0,238.0,4.295313177352861,3.4339872044851463,0.0,10.0
A39BXW6I58U7OL,fit,B000NNDNYY,B005U10WK2,B000H88PCU,14bac725b13f276524837c2231e10305ca8bc38cc3ffdb33961837b5ca582740,8.0,555.0,69.375,84.0,1.0,1.0,539.0,67.375,1124.0,140.5,0.2821360393086333,0.06398537477148081,270.0,634.0,2.845201265934545,1.6094379124341003,0.25,10.0
A2PN65B6BSTIYZ,fit,B00021DUM2,B0009V1YR8,B00021C49W,14bdc8ea080723000255c47f522205dc2ca1d9f0cb97999c8beb0c0d9d6ba5b2,2.0,128.0,64.0,83.0,1.0,1.0,124.0,62.0,167.0,83.5,0.3241642323920805,0.21794871794871795,68.0,158.0,3.425592463746871,2.70805020110221,0.0,10.0
A3Q1943KWQYLH3,fit,B0046797WK,B0043OYFKU,B000TKH6G2,14bfe4475524a68d565f6fef78fda11367650abae6513e135d32a1e67e54921d,4.0,269.0,67.25,84.0,1.0,1.0,265.0,66.25,275.0,68.75,0.3462245748831115,0.2682926829268293,136.0,316.0,3.7239260652770914,1.6094379124341003,0.25,10.0
A339AFX8OG0WZR,fit,B000HGFGKG,B000L9FBTA,B004HFBC9W,14c314a2a9483b9194446bc43f5a08cb6d7a466117ef8aa8f425d83d79880c01,5.0,267.0,53.4,83.0,1.0,1.0,263.0,52.6,943.0,188.6,0.3459532643907449,0.04287515762925599,166.0,399.0,3.0235726741599276,1.9459101490553132,0.2,10.0
A36O2KTLZXX2CO,fit,B007UUE824,B003RBQYR2,B003FODWVC,14c711bb6aec7cb499ea6dee5204147c463f230c655fff889ec77544983110cc,2.0,166.0,83.0,83.0,1.0,1.0,158.0,79.0,454.0,227.0,0.14268716233599177,0.10059171597633136,68.0,158.0,1.844439727056968,1.6094379124341003,1.0,10.0
AOL2XN4AD0100,fit,B009VD3KUE,B006Z96OI2,B005C5FP9Y,14d0ec86a95f37d3db59d5a5954930f00d0d0b9ed5603a3f8138581462b33982,6.0,356.0,59.333333333333336,83.0,1.0,1.0,348.0,58.0,512.0,85.33333333333333,0.3447302079193761,0.1574074074074074,203.0,475.0,3.939016297279258,2.3978952727983707,0.0,10.0
A1S5DWH7D6FVGF,fit,B007XOAKK6,B0077CNO1G,B000ALDK1A,14dad31da5cd9f52f62f88dfd3f12ad99d2e370c323c790df602b4c5014f3a40,9.0,706.0,78.44444444444444,84.0,1.0,1.0,674.0,74.88888888888889,1322.0,146.88888888888889,0.233103690177214,0.07205240174672489,304.0,713.0,2.4681265676008284,1.3862943611198906,0.4444444444444444,10.0
A7UGOWUH54BME,fit,B001DKK7Y0,B000142P12,B0023A7JF4,14dc3c7b8521fb27394e209214bf53d99acd3591e1b30c3173c1341312fdd0c2,4.0,321.0,80.25,83.0,1.0,1.0,309.0,77.25,497.0,124.25,0.23290624600483079,0.1493212669683258,138.0,313.0,3.149866293101017,2.3025850929940455,0.0,10.0
A2R0CA7D6XYB0B,fit,B001TJXI5U,B0058L24O6,B0047WWDNO,14dc623d65f8cb4831f58d5be554150f3e2858bf2e263954cc4fc90b0b3e6cdc,2.0,166.0,83.0,83.0,1.0,1.0,158.0,79.0,744.0,372.0,0.08375654537621882,0.0827250608272506,68.0,158.0,3.3989702064874647,2.772588722239781,0.0,10.0
A2VYLXYG3H6TYN,fit,B008Y9JRQM,B007BLN17K,B000GCUO30,14ddb362f69d9f6b580bd9f6ee1f111f980ce378c63b388c682e886b1f2e97c3,12.0,654.0,54.5,84.0,1.0,1.0,642.0,53.5,746.0,62.166666666666664,0.39182918840288217,0.20496894409937888,405.0,951.0,3.180691327202714,1.791759469228055,0.3333333333333333,10.0
A1F4PPPGS3AY0Y,fit,B00K7ER6LU,B00IP42FBA,B000PB26Q0,14e975b93acd71c25f77b34518c3bb681b2c8969d05a5c1c9b481eb01d389139,7.0,562.0,80.28571428571429,83.0,1.0,1.0,538.0,76.85714285714286,1984.0,283.42857142857144,0.13938443064389833,0.07083333333333333,237.0,553.0,3.736764863454608,2.3025850929940455,0.0,10.0
A3VEIONA2J9KND,fit,B0001M7D7A,B002N5MKMG,B00028F0NM,14ed5dda19f2665b964df92fb499273e1f22bd442f8f501a819ea91bb4d817c1,2.0,167.0,83.5,84.0,1.0,1.0,159.0,79.5,383.0,191.5,0.14957601453664446,0.12992125984251968,66.0,159.0,3.0307284594640085,2.3978952727983707,0.0,10.0
A3JIC0P4UFN8BA,fit,B005I2MP62,B001F0R25A,B0000CC64W,14ee03722f18c2efb6e395840444abd14e8bde64f4500799154a899f3443b2d5,4.0,268.0,67.0,84.0,1.0,1.0,260.0,65.0,323.0,80.75,0.3295804582838122,0.20481927710843373,138.0,314.0,3.9425526336200907,1.6094379124341003,0.25,10.0
APBJ135CHWW2G,fit,B002XQ1VAM,B007SZCG0C,B005OTEH3S,15010d6b3b3879345eee69a730fa8ebca80014aab13a99645ddc47a03cd9421e,2.0,117.0,58.5,83.0,1.0,1.0,113.0,56.5,357.0,178.5,0.2976190476190476,0.09523809523809523,68.0,158.0,2.1383330595080277,1.791759469228055,0.5,10.0
A3F9HC4FDZ6TG4,fit,B003RF82RI,B001E96LB8,B002QI1E9K,1504a94104619191d3a4edc1787e179bfbbfb71cf7fe2232bc4d945f6f243e5b,2.0,163.0,81.5,83.0,1.0,1.0,158.0,79.0,252.0,126.0,0.23164707886220404,0.1650485436893204,68.0,158.0,3.30669210918978,1.6094379124341003,0.5,10.0
AECWTNWVMV5S3,fit,B002JPJ2ZS,B001DBC8K0,B000H6P7HS,15050e54c80a25a0720fa9427e1bd1d8d95c53be568ab65ee6c43654db552360,2.0,167.0,83.5,84.0,1.0,1.0,159.0,79.5,310.0,155.0,0.19544249969185257,0.13524590163934427,67.0,159.0,2.350240182896208,2.3025850929940455,0.0,10.0
AKY2MJ46YSAP0,fit,B005KCAGEI,B004DJUHMA,B002MZ8BK2,150ddf775a4f4af49a5307f1519cb5058231394b1e37693db0ff2f33dccfe3f3,2.0,135.0,67.5,83.0,1.0,1.0,131.0,65.5,135.0,67.5,0.34297356390379646,0.2905982905982906,68.0,158.0,4.3719252810151215,3.332204510175204,0.0,10.0
AN0VWI73UXPWK,fit,B008AMKZUU,B007RS4R4I,B0009F3R7E,1511f55b8169da80c28bf684d5a13eb7652abfc79c646d1644f5b61096f7ffa4,2.0,127.0,63.5,83.0,1.0,1.0,123.0,61.5,135.0,67.5,0.35394871794871796,0.272,68.0,158.0,2.4414009612931853,2.3978952727983707,0.0,10.0
A20S3T50ZJH7L8,fit,B0067F8BBM,B0065DLADM,B005G9E98O,1514c15452366a2833b998334b472395fda02b84eccf4ab1ae49a58f7978b17a,2.0,156.0,78.0,83.0,1.0,1.0,152.0,76.0,181.0,90.5,0.27537868721764547,0.23943661971830985,67.0,159.0,3.319937916913268,2.833213344056216,0.0,10.0
A1RFZGWX46N8H7,fit,B00GLS55DC,B00GTBZXTC,B001OMI93S,1518546c9a04329450662f12c95eb0b63d47c57e5a526a11790ed59ab7183102,20.0,893.0,44.65,83.0,1.0,1.0,873.0,43.65,1696.0,84.8,0.44125835699379345,0.07327586206896551,689.0,1571.0,4.066863794649129,1.6094379124341003,0.05,10.0
A2WJTGGZGDHB1Z,fit,B0042PE8LQ,B003XUMQWO,B004SZ4KTK,151a505a1b282182574588f5f6677088f3dba40cdd747db5d8bdd153898dc892,3.0,249.0,83.0,84.0,1.0,1.0,237.0,79.0,431.0,143.66666666666666,0.1982803846466212,0.15418502202643172,102.0,237.0,1.9175242129418777,1.6094379124341003,0.6666666666666666,10.0
A3VOIVX8YYT2J1,fit,B000142P12,B0062W4T98,B000HJ4IPW,152360872f4fe5be18222fcb7ce7176e15cca7b2ecd438b499ae49f95fb4c55d,4.0,270.0,67.5,84.0,1.0,1.0,258.0,64.5,832.0,208.0,0.25953430507345787,0.0637065637065637,135.0,317.0,3.307123698960059,2.5649493574615367,0.0,10.0
A20IBS8B28T5VV,fit,B00DTQ0AYS,B003XKW8RM,B00394DVS2,152531d6b8562fa28fec69775ac96bb136bb02caca45cf2d1c42d6b4e267bf76,2.0,166.0,83.0,83.0,1.0,1.0,158.0,79.0,329.0,164.5,0.18122986036519872,0.13877551020408163,68.0,158.0,2.3680992241972474,1.791759469228055,0.5,10.0
A2JQBPKTB1WG94,fit,B001DQEGPA,B00117VR1M,B007IAE5WY,152d319451eb4ccdaaa38dfdcbf03f84ebd8766d5bcb68a268df5d6336ae300c,2.0,97.0,48.5,56.0,1.0,1.0,97.0,48.5,97.0,48.5,0.41555555555555557,0.37777777777777777,68.0,158.0,2.470821211304652,2.3025850929940455,0.0,10.0
A2KVDECWN2M83G,fit,B003RF82UK,B00ATY942M,B001SXPSD2,153d1aab54437ef5c96bcbe087b548b47e6a69185e8f704047629915512eacbf,7.0,477.0,68.14285714285714,84.0,1.0,1.0,463.0,66.14285714285714,599.0,85.57142857142857,0.3160115510964995,0.17346938775510204,237.0,554.0,2.9659436550344287,1.9459101490553132,0.14285714285714285,10.0
A3LDZ2GFPBMOY8,fit,B008VHGW7Y,B00016WXEY,B000ELP5KA,153d368610609d9aa1314b1c7b870d80669ef650dee5f5a3df1f042573033bf6,8.0,571.0,71.375,83.0,1.0,1.0,551.0,68.875,960.0,120.0,0.28571350390794836,0.11447811447811448,272.0,632.0,3.07768982954688,1.9459101490553132,0.125,10.0
A2XIN3RG37AX9V,fit,B007MNYY14,B000052YP6,B000NLHXEC,153e8d118bb96c936b8559a4b0ae5ac6b770d2c48110b2edb690114c5795665c,4.0,209.0,52.25,84.0,1.0,1.0,205.0,51.25,547.0,136.75,0.3650938384038479,0.07252747252747253,134.0,318.0,3.216195912192248,1.3862943611198906,0.25,10.0
A1IU7O0EQGX9IN,fit,B001DYM62C,B0013N5XAU,B0000Y3D4Q,153f1e83e953c9a6642f14b76f9e5d0e1e668697afb8b5f4fe2bd26fa62855d1,2.0,166.0,83.0,83.0,1.0,1.0,158.0,79.0,322.0,161.0,0.191281267130204,0.13438735177865613,68.0,158.0,1.7005986908310775,1.6094379124341003,1.0,10.0
AJAHMJOB3BRAP,fit,B0006PJSES,B003N21THK,B00014DIKE,15421b5e84d857091e6c23c055fb3cc20407aa6f36155820afb0f26e5fe26daa,2.0,166.0,83.0,83.0,1.0,1.0,158.0,79.0,261.0,130.5,0.2186644772851669,0.16748768472906403,68.0,158.0,2.3680992241972474,1.791759469228055,0.5,10.0
A31FSZ5PHE3K8G,fit,B0000530ED,B003OS9UR4,B002DPUY60,15473298ef646814bed70b7ccda5d7ed1b65f80864f70d53658b924c4383f803,6.0,487.0,81.16666666666667,84.0,1.0,1.0,471.0,78.5,627.0,104.5,0.2614117690620423,0.14102564102564102,202.0,476.0,2.870257702711113,1.6094379124341003,0.3333333333333333,10.0
A2B7BUH8834Y6M,fit,B00CBD0M8Y,B0060HOMHE,B000052XZP,154a276d35fd55514d77b90cc934f491dccb7dd21c3a318ea20cc207ecfd716c,7.0,344.0,49.142857142857146,84.0,1.0,1.0,332.0,47.42857142857143,1151.0,164.42857142857142,0.3789997684141719,0.06601941747572816,236.0,555.0,3.441287936636823,2.0794415416798357,0.14285714285714285,10.0
A19FIMFMV2BYV4,fit,B005VX8S4G,B001B1T2SS,B0056GIKI2,15537456424ce69d46afe4c50a7ebad5a07fd148adf123a4307a8ef91ab0f6f3,5.0,313.0,62.6,83.0,1.0,1.0,308.0,61.6,478.0,95.6,0.3312246130933964,0.12056737588652482,169.0,395.0,3.5955348383857517,2.3978952727983707,0.0,10.0
ANOAFB0GOMU5C,fit,B005382C2I,B003A8GG8E,B00006IV22,1554cd41409c6c396977c477cfc0bbfec89c43d461c68563ee78fc6c209dfa17,8.0,527.0,65.875,84.0,1.0,1.0,511.0,63.875,615.0,76.875,0.34393904745052983,0.17894736842105263,271.0,633.0,2.328352059855697,1.6094379124341003,0.375,10.0
A3GHJ7MQ57PJFV,fit,B007Q22HMY,B00631JA8S,B004TSFE28,15617378b45988aac6fe94ffe244ae9757d01d9036e91401cb71c8eeba488a91,5.0,415.0,83.0,83.0,1.0,1.0,395.0,79.0,669.0,133.8,0.2202001491635524,0.12452830188679245,169.0,395.0,4.271114231219022,2.3978952727983707,0.0,10.0
A34EQAIKKUWYYW,fit,B003LDJ43W,B002JF6GMA,B0009VD8YU,156b1b95377c135039c123d24c38601cfc3a794631d8f7c3d03118ff0442b965,12.0,762.0,63.5,84.0,1.0,1.0,742.0,61.833333333333336,1164.0,97.0,0.3245387226537402,0.13545816733067728,406.0,950.0,2.8573411453621502,1.9459101490553132,0.08333333333333333,10.0
A1Q3JXO59XR1RX,fit,B008GOR6O0,B008B4FKLG,B001BAN0FK,156c75e37e4739e6aa21c161ce63554e6c9efed891016cc8f6bf59742b9d0d9f,3.0,197.0,65.66666666666667,84.0,1.0,1.0,189.0,63.0,478.0,159.33333333333334,0.2948053205021846,0.08418367346938775,100.0,239.0,3.2118693691268425,2.833213344056216,0.0,10.0
A340T3DDR0ZTZ6,fit,B0001ZYLAO,B000Q30NDA,B0002JKPA4,156f0e27f51c66c442c30d1316f2bf45b05b01fd3c91c2d583c52a1e44650afd,5.0,389.0,77.8,84.0,1.0,1.0,373.0,74.6,659.0,131.8,0.23957515103346058,0.11827956989247312,169.0,396.0,3.0163011190456723,1.9459101490553132,0.4,10.0
ABW1LGKF1KIE2,fit,B006H2Z5KK,B0057JCYYE,B00150LT40,1570ecc0266e9341647096616d58286ffd00ca69ceef82a610e0df423f0d12e4,12.0,729.0,60.75,85.0,1.0,1.0,705.0,58.75,1668.0,139.0,0.3246273068952638,0.07600950118764846,401.0,953.0,3.5664114987852273,2.197224577336219,0.0,10.0
A1LWQYVFYKMUZ7,fit,B0094GHGQM,B003UI3M86,B0000632EN,1576d579949e1257768ce7828c175c58e7125beb9acdd4b976862a5cbe538251,2.0,105.0,52.5,83.0,1.0,1.0,101.0,50.5,134.0,67.0,0.4200097847358121,0.2328767123287671,68.0,158.0,3.445812948526126,2.0794415416798357,0.5,10.0
A173IUQXKXRBYL,fit,B000ALBJ40,B004W24LQ6,B004VMGTY4,15830157a08a870f50bc64ae6ffa5e6a5d338f61f5595907e0acebdc268d927e,2.0,166.0,83.0,83.0,1.0,1.0,158.0,79.0,323.0,161.5,0.17405079863838702,0.1691542288557214,68.0,158.0,3.020127355638707,2.70805020110221,0.0,10.0
ALR0HX7VGSJCH,fit,B0026P3HI4,B001JKTTVQ,B0030O3VRW,158be9355bcc9df254709572823bfc139458cff1e91d3f2c313895170f919046,2.0,157.0,78.5,83.0,1.0,1.0,153.0,76.5,705.0,352.5,0.1829713171818435,0.05112781954887218,68.0,158.0,5.402494733468421,5.332718793265369,0.0,10.0
A3SXVPZEPNBNKB,fit,B00171ARH2,B00387F42Q,B0000YUWY0,158dd77cc6c21fbf95be7275d714f64c76a862c9d6896a7a898c754717c2f797,5.0,411.0,82.2,83.0,1.0,1.0,394.0,78.8,1880.0,376.0,0.16633997476552578,0.04106280193236715,171.0,394.0,3.6295938817401647,2.4849066497880004,0.0,10.0
AHJECXSNL8KN9,fit,B00CJ3MDJW,B009CS493U,B001AD0HL8,15959044cd1fa1cf39bf960642f471e8ac220f431781aecb5a06c84a072ac7fe,3.0,237.0,79.0,83.0,1.0,1.0,229.0,76.33333333333333,352.0,117.33333333333333,0.2462885452020727,0.17258883248730963,105.0,234.0,3.2341166938281773,2.4849066497880004,0.0,10.0
A14Z6D3IRJ23F7,fit,B008CZBZMM,B007WA4EJY,B0046MDK32,1597d1c11ec81fafaed75788f642eea03f88af648dd079155c5d9f94ff1bce5b,6.0,400.0,66.66666666666667,84.0,1.0,1.0,388.0,64.66666666666667,644.0,107.33333333333333,0.3098298789524919,0.14473684210526316,204.0,474.0,2.523202749211701,1.9459101490553132,0.5,10.0
A2QH1P7F49KJN8,fit,B006ZCQD30,B0036BI56G,B000ALDK1A,15a45137f72276fbd53ac691ae1f1de96c16c8bce8b08fcccac8fe8ee5634338,2.0,123.0,61.5,83.0,1.0,1.0,119.0,59.5,229.0,114.5,0.30596291358623195,0.15246636771300448,68.0,158.0,3.790604913098173,3.6109179126442243,0.0,10.0
A2A6TRCCA1O07V,fit,B004Q0NVU6,B001AO0WCG,B002BAOMAG,15a5a936e4afb2f3f4e249f98a7965aa4be69026f8b47f821ad0dfa42da7361e,2.0,167.0,83.5,84.0,1.0,1.0,159.0,79.5,243.0,121.5,0.21957364341085273,0.18333333333333332,66.0,159.0,3.4121868350215427,2.3025850929940455,0.0,10.0
AX9PG16VF2EET,fit,B003MJG19K,B004IQA0DE,B003W5YCVI,15a90f18f98649161234dbb9361c7bb8a957e99012e16e1e5a41ac68f080c8f6,5.0,416.0,83.2,84.0,1.0,1.0,396.0,79.2,648.0,129.6,0.24031816830211117,0.10526315789473684,169.0,396.0,2.357674599950733,1.791759469228055,0.4,10.0
A1XYZSOYCTW4CG,fit,B002PBJIPK,B002PBESOQ,B000E8O8UQ,15ae9915b805d1c0070a983ba6e18b859841ac6bff7c233f4f5db5fd571d94f3,2.0,161.0,80.5,83.0,1.0,1.0,157.0,78.5,164.0,82.0,0.2934523809523809,0.2833333333333333,68.0,158.0,2.5249280036247685,2.4849066497880004,0.0,10.0
A3N3CLV6EBSY53,fit,B005TI7LHS,B001GGX0EK,B000OUTTP8,15b04ef7a9a2931c4b372ee8a93e49a8bb9529f1ce80ae79bd619b43929325a4,15.0,999.0,66.6,84.0,1.0,1.0,971.0,64.73333333333333,2118.0,141.2,0.29768717057493094,0.039951573849878935,508.0,1186.0,3.892082839122416,2.0794415416798357,0.06666666666666667,10.0
A2L0BZABLRIAWG,fit,B003VMJ01Y,B000C1Z1UG,B003VMF5S6,15b0b490c43abbdbbd265d5e7142ec1ae696e836fe006c050ea39523eaa26662,11.0,749.0,68.0909090909091,84.0,1.0,1.0,721.0,65.54545454545455,996.0,90.54545454545455,0.3122779397910221,0.18857142857142858,373.0,870.0,2.574987788289657,1.3862943611198906,0.2727272727272727,10.0
A3LC19UA1XR0UH,fit,B007TL60IE,B0018BTA2Y,B006ZAPMT8,15b203c2d4d3212f82197bb5aed76d474103de59417f7449e789e55964b8ee4a,3.0,207.0,69.0,83.0,1.0,1.0,199.0,66.33333333333333,779.0,259.6666666666667,0.2169736035704758,0.06104129263913824,102.0,237.0,4.334338873257255,3.912023005428146,0.0,10.0
AIO4HX0KOLM73,fit,B0030GFXMQ,B0009V8N5E,B000ZMBSPE,15b24e7fe9aeed7c62f5e076db6dd053856c4d741b4aff22b9ff63d1217c4eea,2.0,167.0,83.5,84.0,1.0,1.0,159.0,79.5,410.0,205.0,0.15416314454775992,0.10714285714285714,67.0,159.0,4.837414410266904,3.9318256327243257,0.0,10.0
APUOWITTVFT2W,fit,B0059NA3MI,B008J54PQ8,B0018ZRTZA,15b2ba764a315e2295da88e2221d8b2e751143247a089bbb83012c1599a4f726,4.0,319.0,79.75,83.0,1.0,1.0,307.0,76.75,912.0,228.0,0.18484999908228256,0.06692913385826772,136.0,316.0,2.6672853559707055,2.0794415416798357,0.5,10.0
A1E80M6BKJSMRG,fit,B004S2G4FG,B004Z209HS,B00ATFJ8NQ,15b5d6e9e7fbd18796320dd6b0dd7d4714c692d0c3f03f621ad4d374ba4becbd,2.0,166.0,83.0,83.0,1.0,1.0,158.0,79.0,484.0,242.0,0.13018867924528302,0.1,68.0,158.0,3.6605942783697394,3.044522437723423,0.0,10.0
A24WQJG79PHVQ6,fit,B006CD6616,B003ODETES,B0065FE488,15b6f2abe7f18469037a8c2f573ec447016ebd004229f1f0f4257b7973865101,3.0,226.0,75.33333333333333,83.0,1.0,1.0,218.0,72.66666666666667,374.0,124.66666666666667,0.23885701964413256,0.15813953488372093,101.0,238.0,3.501689179856861,2.3025850929940455,0.0,10.0
A1XUBAZHHWNZDS,fit,B00KAL5JAU,B00C8YCFU4,B004B9C8MO,15bc60fe795f4ffa1a0cba5af9bafa84ca3b0fea2b62ef50a5b3bc8b6dab6663,5.0,360.0,72.0,84.0,1.0,1.0,344.0,68.8,1086.0,217.2,0.20816879128685817,0.081145584725537,169.0,396.0,4.2554353485887315,3.332204510175204,0.0,10.0
A1W5AVGSCRD8NL,fit,B0007W1R58,B00008ZPGA,B001F51TNQ,15c1ca2e8142128ad8b96c04e27eee6b2dc098d8bffe2183d6f28f54a42a9ad4,3.0,143.0,47.666666666666664,83.0,1.0,1.0,139.0,46.333333333333336,294.0,98.0,0.39723513579642766,0.12686567164179105,102.0,237.0,3.3430795859472298,2.8903717578961645,0.0,10.0
A2QHIB1WRGPSFT,fit,B000O3UCTC,B00027C9CS,B000053L6W,15c9ad4eeaf6a048eaf8233a583b1ebe46e9647eefa43c47f3ed807ef85427d9,2.0,163.0,81.5,83.0,1.0,1.0,158.0,79.0,165.0,82.5,0.2919799498746867,0.2857142857142857,68.0,158.0,1.7776740307447068,1.6094379124341003,1.0,10.0
A2HJNXE3S1NCNM,fit,B005X2F7KI,B003TXO7XQ,B0019RO78E,15d1dd57f9bce33571671ffa5fdc3226e1e7a9c5d5af24ad079d1905f0970de0,2.0,120.0,60.0,83.0,1.0,1.0,116.0,58.0,160.0,80.0,0.3477168744953799,0.21656050955414013,68.0,158.0,2.8872757727722043,2.6390573296152584,0.0,10.0
A9ZLGJ8Z3QRUG,fit,B004P2LL2K,B004OFI54K,B001NP8JRM,15d212c4f434ea44c71fca3c540ff93434d84d92ef4b5e3e8fd5d1c3397267b3,2.0,166.0,83.0,83.0,1.0,1.0,158.0,79.0,243.0,121.5,0.21883278145695365,0.2125,68.0,158.0,1.5890269151739727,1.3862943611198906,1.0,10.0
A3QWY0H77RF2PF,fit,B00BKUHJ0S,B0076J9RZW,B002UUT38I,15d26e51c15c1d8fc10e7b60fc1b092e14ad02ec540653813fea4dc1dee579b7,2.0,109.0,54.5,83.0,1.0,1.0,105.0,52.5,228.0,114.0,0.3553672316384181,0.1440677966101695,68.0,158.0,3.268345798795653,2.70805020110221,0.0,10.0
A1BZM68Z5NSSR0,fit,B0048F38DY,B000N758A2,B000ZZU97O,15d28d89893af3b21232a5bc4b59cde38d82fc103e7ccba55b0ea4ca6d96c52a,2.0,85.0,42.5,47.0,1.0,1.0,85.0,42.5,85.0,42.5,0.4495257452574526,0.4268292682926829,69.0,157.0,2.4563274428680257,2.0794415416798357,0.5,10.0
A2RUQDLC0RHJQ2,fit,B007Q22HMY,B006U98T08,B000BKXGXW,15d4baa845d4c1fb1a8d65c97fd36837c00ec5c923c4c664f6a654d5957be1a0,3.0,210.0,70.0,83.0,1.0,1.0,202.0,67.33333333333333,431.0,143.66666666666666,0.261221616682297,0.1069182389937107,101.0,238.0,2.967485197402294,2.3025850929940455,0.0,10.0
A18R9VW929LL70,fit,B00KAL5JAU,B00C8YCFU4,B00JX979CQ,15ddb5bef20ce8c77265338dd53f0aa6d465827e8498b2afeb24c661bff1ecd3,5.0,415.0,83.0,83.0,1.0,1.0,395.0,79.0,1298.0,259.6,0.13630173375420523,0.07472527472527472,170.0,395.0,4.467784177373458,3.951243718581427,0.0,10.0
A2FA5X33KWV3O6,fit,B002KFOX38,B001NG0TXI,B000B63Y1K,15e58b7b8094fd243f71b0dc57c064cbcef587287e26cd3422142eb7509d9521,8.0,575.0,71.875,83.0,1.0,1.0,559.0,69.875,838.0,104.75,0.3030431643813658,0.09264305177111716,272.0,632.0,2.633236608168332,1.3862943611198906,0.125,10.0
A35R32TA60XD57,fit,B00604MTQI,B00604MRN8,B001OMI93S,15f69d1ff37fd255bc29568fe0a426e435066f4524dc9539c787b13ee04cabba,4.0,124.0,31.0,42.0,1.0,1.0,124.0,31.0,124.0,31.0,0.5352912186379928,0.44,136.0,316.0,3.427224815101199,1.6094379124341003,0.25,10.0
AKZAVF7VFVNA0,fit,B0000YUX4O,B0089XPUXM,B000V96R1G,15f82341030b74203dbe9242782cb5110c2e030e760be73a72c8fa05e14df2f2,3.0,187.0,62.333333333333336,79.0,1.0,1.0,186.0,62.0,187.0,62.333333333333336,0.365661513519773,0.30701754385964913,103.0,236.0,2.3156586640451393,2.0794415416798357,0.3333333333333333,10.0
A23O8T3LNL9YY8,fit,B00I6CRX04,B00GYB13OQ,B000UPXU2A,15f895b07bf406fef50e234258cdf5bcaee1c68cec0b66fea0b5a9ce678293c0,12.0,815.0,67.91666666666667,83.0,1.0,1.0,784.0,65.33333333333333,2161.0,180.08333333333334,0.2785868472251299,0.04899135446685879,412.0,944.0,3.5300518849704745,1.9459101490553132,0.08333333333333333,10.0
A3P28WZ0XPSN9D,fit,B0002VQ0WO,B003ZS8MNG,B000GFSVOQ,15f96cd348598c34556f6e080d5ce9244fc103ee2299f7e84a254626c511e727,2.0,166.0,83.0,83.0,1.0,1.0,158.0,79.0,281.0,140.5,0.19339356295878035,0.18181818181818182,67.0,158.0,2.3221954495706862,2.0794415416798357,0.5,10.0
AQDKKTFH5XREM,fit,B004KPYWM8,B0076J9RZW,B002HPFILC,15ff34c593e5da4e198db98b90023590a28197da180fc2735c85a2ed9b3c7067,6.0,400.0,66.66666666666667,85.0,1.0,1.0,390.0,65.0,720.0,120.0,0.31640294165636607,0.08056872037914692,202.0,476.0,3.3717402030883292,1.6094379124341003,0.16666666666666666,10.0
AAGDIYOGCYXT4,fit,B008DGDQ3Q,B002NBF8SI,B0049OLZ84,160cac3f0864ab7c19e8f897116c7d2ae8b02717b0a06822b45054b61c54c5d1,6.0,386.0,64.33333333333333,84.0,1.0,1.0,382.0,63.666666666666664,713.0,118.83333333333333,0.31656275127199324,0.07432432432432433,203.0,475.0,2.862814240906543,1.9459101490553132,0.16666666666666666,10.0
A3AX5O6JRFDGQ1,fit,B002GCKVJA,B007FLIHES,B001RMP7M6,1616b84efbc3d45bee6d1888c2364e1ccf554d345de6990fbfa8ac6ce3eba65e,2.0,149.0,74.5,83.0,1.0,1.0,145.0,72.5,266.0,133.0,0.24264957264957265,0.1452991452991453,68.0,158.0,2.9907071056272403,1.3862943611198906,0.5,10.0
A3DLKMRBA3VD6O,fit,B005R3IPJI,B001B7GJ2E,B000I20Q72,161cf8e2cab76bcc35e09158e30a87d135f218f193854f8cc2ae79e77a2a6589,4.0,293.0,73.25,83.0,1.0,1.0,281.0,70.25,498.0,124.5,0.24983189073479456,0.15,135.0,316.0,3.326496022482476,2.833213344056216,0.0,10.0
A241QIZHHMQUI7,fit,B005GQ6IPY,B000UVZU1S,B007L5H7XK,16252c28d115d02244a492c1ac7df017849093f1de7f644f190a0e821fdd7510,3.0,181.0,60.333333333333336,83.0,1.0,1.0,177.0,59.0,315.0,105.0,0.31918499647583315,0.13545816733067728,101.0,238.0,3.9448580289950943,2.4849066497880004,0.0,10.0
AQXHC3TZRJ6N9,fit,B001UG6JZ8,B003ZX32ZO,B001UREIFU,1628e6cf572c97816a43d8c1803a699b7440791e73ea8c8b68246f4f4f2e9370,4.0,265.0,66.25,83.0,1.0,1.0,257.0,64.25,952.0,238.0,0.26533836280704753,0.0709812108559499,136.0,316.0,3.780605592114751,2.3978952727983707,0.0,10.0
A2I8DPUY5YIPZ9,fit,B009HULKLW,B007JLUL1G,B00387F42G,164252032da1a020acf5477b0341783eb40118a8b7667a518c62e96a0f72b47a,3.0,248.0,82.66666666666667,84.0,1.0,1.0,236.0,78.66666666666667,1238.0,412.6666666666667,0.11214663377202454,0.04221954161640531,102.0,236.0,2.533634153180694,2.0794415416798357,0.3333333333333333,10.0
