dataset,user,split,sample_hash,depth,child_count,history_length,donor_overlap_max,lp_clean,lp_corrupt,lp_no_cf,cf_utility,cf_margin,helpful,sensitivity_deficit,visible_length_identity,metadata_start_identity
Beauty,A38ZYYY2V1PSQV,fit,00002dbad52e81a28a6398e8e2fb70fbe98fa67ff4f96599b9543cbf67781eef,0,108,3,0.0,-7.703035831451416,-6.140413761138916,-5.816554069519043,-1.886481761932373,-1.5626220703125,False,False,True,True
Beauty,A38ZYYY2V1PSQV,fit,00002dbad52e81a28a6398e8e2fb70fbe98fa67ff4f96599b9543cbf67781eef,1,27,3,0.0,-1.8291397094726562,-4.664979934692383,-3.8742878437042236,2.0451481342315674,2.8358402252197266,True,False,True,True
Beauty,A38ZYYY2V1PSQV,fit,00002dbad52e81a28a6398e8e2fb70fbe98fa67ff4f96599b9543cbf67781eef,2,1,3,0.0,0.0,0.0,0.0,0.0,0.0,False,False,True,True
Beauty,A38ZYYY2V1PSQV,fit,00002dbad52e81a28a6398e8e2fb70fbe98fa67ff4f96599b9543cbf67781eef,3,1,3,0.0,0.0,0.0,0.0,0.0,0.0,False,False,True,True
Beauty,A38ZYYY2V1PSQV,fit,00002dbad52e81a28a6398e8e2fb70fbe98fa67ff4f96599b9543cbf67781eef,4,1,3,0.0,0.0,0.0,0.0,0.0,0.0,False,False,True,True
Beauty,A38ZYYY2V1PSQV,fit,00002dbad52e81a28a6398e8e2fb70fbe98fa67ff4f96599b9543cbf67781eef,5,1,3,0.0,0.0,0.0,0.0,0.0,0.0,False,False,True,True
Beauty,A38ZYYY2V1PSQV,fit,00002dbad52e81a28a6398e8e2fb70fbe98fa67ff4f96599b9543cbf67781eef,6,1,3,0.0,0.0,0.0,0.0,0.0,0.0,False,False,True,True
Beauty,A2WO1ORBH33R2I,fit,0000ad7a4c51470109f7b7cd1f801b7c78471d96e102a266b1d25dd3b214ea8e,0,108,3,0.0,-1.5556273460388184,-2.346942901611328,-4.149386405944824,2.593759059906006,0.7913155555725098,True,False,True,True
Beauty,A2WO1ORBH33R2I,fit,0000ad7a4c51470109f7b7cd1f801b7c78471d96e102a266b1d25dd3b214ea8e,1,104,3,0.0,-1.4305104514278355e-06,-13.01879596710205,-1.525949478149414,1.5259480476389626,13.0187945365916,True,False,True,True
Beauty,A2WO1ORBH33R2I,fit,0000ad7a4c51470109f7b7cd1f801b7c78471d96e102a266b1d25dd3b214ea8e,2,1,3,0.0,0.0,0.0,0.0,0.0,0.0,False,False,True,True
Beauty,A2WO1ORBH33R2I,fit,0000ad7a4c51470109f7b7cd1f801b7c78471d96e102a266b1d25dd3b214ea8e,3,1,3,0.0,0.0,0.0,0.0,0.0,0.0,False,False,True,True
Beauty,A2WO1ORBH33R2I,fit,0000ad7a4c51470109f7b7cd1f801b7c78471d96e102a266b1d25dd3b214ea8e,4,1,3,0.0,0.0,0.0,0.0,0.0,0.0,False,False,True,True
Beauty,A2WO1ORBH33R2I,fit,0000ad7a4c51470109f7b7cd1f801b7c78471d96e102a266b1d25dd3b214ea8e,5,1,3,0.0,0.0,0.0,0.0,0.0,0.0,False,False,True,True
Beauty,A2WO1ORBH33R2I,fit,0000ad7a4c51470109f7b7cd1f801b7c78471d96e102a266b1d25dd3b214ea8e,6,1,3,0.0,0.0,0.0,0.0,0.0,0.0,False,False,True,True
Beauty,A3JKZ9V4UUSG24,fit,00021e3798ad916f5079a9ca4f149a98095bc57fa678bbfb70a715531dad0930,0,108,2,0.0,-3.0696892738342285,-3.9333548545837402,-3.9577627182006836,0.8880734443664551,0.8636655807495117,True,False,True,True
Beauty,A3JKZ9V4UUSG24,fit,00021e3798ad916f5079a9ca4f149a98095bc57fa678bbfb70a715531dad0930,1,42,2,0.0,-2.83630108833313,-4.297801494598389,-4.793572425842285,1.9572713375091553,1.4615004062652588,True,False,True,True
Beauty,A3JKZ9V4UUSG24,fit,00021e3798ad916f5079a9ca4f149a98095bc57fa678bbfb70a715531dad0930,2,2,2,0.0,-1.4803434610366821,-2.2386350631713867,-1.2642191648483276,-0.2161242961883545,0.7582916021347046,False,False,True,True
Beauty,A3JKZ9V4UUSG24,fit,00021e3798ad916f5079a9ca4f149a98095bc57fa678bbfb70a715531dad0930,3,1,2,0.0,0.0,0.0,0.0,0.0,0.0,False,False,True,True
Beauty,A3JKZ9V4UUSG24,fit,00021e3798ad916f5079a9ca4f149a98095bc57fa678bbfb70a715531dad0930,4,1,2,0.0,0.0,0.0,0.0,0.0,0.0,False,False,True,True
Beauty,A3JKZ9V4UUSG24,fit,00021e3798ad916f5079a9ca4f149a98095bc57fa678bbfb70a715531dad0930,5,1,2,0.0,0.0,0.0,0.0,0.0,0.0,False,False,True,True
Beauty,A3JKZ9V4UUSG24,fit,00021e3798ad916f5079a9ca4f149a98095bc57fa678bbfb70a715531dad0930,6,1,2,0.0,0.0,0.0,0.0,0.0,0.0,False,False,True,True
Beauty,A3SGQSJP17J1JU,fit,00087c7874a5f14f3c66023db69ced3f6cc8e57ea2a67471f7b8e2c154000bcc,0,108,5,0.05263157894736842,-0.8342498540878296,-5.770528793334961,-1.8786165714263916,1.044366717338562,4.936278939247131,True,False,True,True
Beauty,A3SGQSJP17J1JU,fit,00087c7874a5f14f3c66023db69ced3f6cc8e57ea2a67471f7b8e2c154000bcc,1,30,5,0.05263157894736842,-0.011243200860917568,-2.0212690830230713,-2.116565465927124,2.1053222650662065,2.0100258821621537,True,False,True,True
Beauty,A3SGQSJP17J1JU,fit,00087c7874a5f14f3c66023db69ced3f6cc8e57ea2a67471f7b8e2c154000bcc,2,2,5,0.05263157894736842,0.0,-1.9927434921264648,-1.5568788051605225,1.5568788051605225,1.9927434921264648,True,False,True,True
Beauty,A3SGQSJP17J1JU,fit,00087c7874a5f14f3c66023db69ced3f6cc8e57ea2a67471f7b8e2c154000bcc,3,1,5,0.05263157894736842,0.0,0.0,0.0,0.0,0.0,False,False,True,True
Beauty,A3SGQSJP17J1JU,fit,00087c7874a5f14f3c66023db69ced3f6cc8e57ea2a67471f7b8e2c154000bcc,4,1,5,0.05263157894736842,0.0,0.0,0.0,0.0,0.0,False,False,True,True
Beauty,A3SGQSJP17J1JU,fit,00087c7874a5f14f3c66023db69ced3f6cc8e57ea2a67471f7b8e2c154000bcc,5,1,5,0.05263157894736842,0.0,0.0,0.0,0.0,0.0,False,False,True,True
Beauty,A3SGQSJP17J1JU,fit,00087c7874a5f14f3c66023db69ced3f6cc8e57ea2a67471f7b8e2c154000bcc,6,1,5,0.05263157894736842,0.0,0.0,0.0,0.0,0.0,False,False,True,True
Beauty,A2WUMZ4XTOYVG2,fit,0008c1f2b1917160844d165f02ca9aa6f82e4fc4548f1ed07940e5b74eb5c0f6,0,108,12,0.1111111111111111,-1.6280189752578735,-4.214323997497559,-4.524791240692139,2.896772265434265,2.586305022239685,True,False,True,True
Beauty,A2WUMZ4XTOYVG2,fit,0008c1f2b1917160844d165f02ca9aa6f82e4fc4548f1ed07940e5b74eb5c0f6,1,83,12,0.1111111111111111,-0.0011654258705675602,-9.044143676757812,-8.113201141357422,8.112035715486854,9.042978250887245,True,False,True,True
Beauty,A2WUMZ4XTOYVG2,fit,0008c1f2b1917160844d165f02ca9aa6f82e4fc4548f1ed07940e5b74eb5c0f6,2,1,12,0.1111111111111111,0.0,0.0,0.0,0.0,0.0,False,False,True,True
Beauty,A2WUMZ4XTOYVG2,fit,0008c1f2b1917160844d165f02ca9aa6f82e4fc4548f1ed07940e5b74eb5c0f6,3,1,12,0.1111111111111111,0.0,0.0,0.0,0.0,0.0,False,False,True,True
Beauty,A2WUMZ4XTOYVG2,fit,0008c1f2b1917160844d165f02ca9aa6f82e4fc4548f1ed07940e5b74eb5c0f6,4,1,12,0.1111111111111111,0.0,0.0,0.0,0.0,0.0,False,False,True,True
Beauty,A2WUMZ4XTOYVG2,fit,0008c1f2b1917160844d165f02ca9aa6f82e4fc4548f1ed07940e5b74eb5c0f6,5,1,12,0.1111111111111111,0.0,0.0,0.0,0.0,0.0,False,False,True,True
Beauty,A2WUMZ4XTOYVG2,fit,0008c1f2b1917160844d165f02ca9aa6f82e4fc4548f1ed07940e5b74eb5c0f6,6,1,12,0.1111111111111111,0.0,0.0,0.0,0.0,0.0,False,False,True,True
Beauty,A36OFDASTEW6EV,fit,000fa69667287ea28f65729b2e3b0c56d4224e36b012183cd9e53220b4475af3,0,108,2,0.0,-3.8241937160491943,-4.665167808532715,-4.08574104309082,0.261547327041626,0.8409740924835205,True,False,True,True
Beauty,A36OFDASTEW6EV,fit,000fa69667287ea28f65729b2e3b0c56d4224e36b012183cd9e53220b4475af3,1,54,2,0.0,-0.7822170853614807,-3.099604606628418,-2.549154758453369,1.7669376730918884,2.3173875212669373,True,False,True,True
Beauty,A36OFDASTEW6EV,fit,000fa69667287ea28f65729b2e3b0c56d4224e36b012183cd9e53220b4475af3,2,5,2,0.0,-2.5116162300109863,-4.089141845703125,-3.782890796661377,1.2712745666503906,1.5775256156921387,True,False,True,True
Beauty,A36OFDASTEW6EV,fit,000fa69667287ea28f65729b2e3b0c56d4224e36b012183cd9e53220b4475af3,3,1,2,0.0,0.0,0.0,0.0,0.0,0.0,False,False,True,True
Beauty,A36OFDASTEW6EV,fit,000fa69667287ea28f65729b2e3b0c56d4224e36b012183cd9e53220b4475af3,4,1,2,0.0,0.0,0.0,0.0,0.0,0.0,False,False,True,True
Beauty,A36OFDASTEW6EV,fit,000fa69667287ea28f65729b2e3b0c56d4224e36b012183cd9e53220b4475af3,5,1,2,0.0,0.0,0.0,0.0,0.0,0.0,False,False,True,True
Beauty,A36OFDASTEW6EV,fit,000fa69667287ea28f65729b2e3b0c56d4224e36b012183cd9e53220b4475af3,6,1,2,0.0,0.0,0.0,0.0,0.0,0.0,False,False,True,True
Beauty,A35JFJJWOUNDQT,fit,001dd7005ce7da6290da18a2f751232b0a88a493987ac35c37c7143afb6ba653,0,108,6,0.05263157894736842,-0.8806623220443726,-1.8065458536148071,-0.6153838038444519,-0.26527851819992065,0.9258835315704346,False,False,True,True
Beauty,A35JFJJWOUNDQT,fit,001dd7005ce7da6290da18a2f751232b0a88a493987ac35c37c7143afb6ba653,1,64,6,0.05263157894736842,-4.379261493682861,-5.185847759246826,-4.6281585693359375,0.24889707565307617,0.8065862655639648,True,False,True,True
Beauty,A35JFJJWOUNDQT,fit,001dd7005ce7da6290da18a2f751232b0a88a493987ac35c37c7143afb6ba653,2,2,6,0.05263157894736842,-0.10234594345092773,-0.316698282957077,-0.571800947189331,0.4694550037384033,0.2143523395061493,True,False,True,True
Beauty,A35JFJJWOUNDQT,fit,001dd7005ce7da6290da18a2f751232b0a88a493987ac35c37c7143afb6ba653,3,1,6,0.05263157894736842,0.0,0.0,0.0,0.0,0.0,False,False,True,True
Beauty,A35JFJJWOUNDQT,fit,001dd7005ce7da6290da18a2f751232b0a88a493987ac35c37c7143afb6ba653,4,1,6,0.05263157894736842,0.0,0.0,0.0,0.0,0.0,False,False,True,True
Beauty,A35JFJJWOUNDQT,fit,001dd7005ce7da6290da18a2f751232b0a88a493987ac35c37c7143afb6ba653,5,1,6,0.05263157894736842,0.0,0.0,0.0,0.0,0.0,False,False,True,True
Beauty,A35JFJJWOUNDQT,fit,001dd7005ce7da6290da18a2f751232b0a88a493987ac35c37c7143afb6ba653,6,1,6,0.05263157894736842,0.0,0.0,0.0,0.0,0.0,False,False,True,True
Beauty,A38S2ELFQMNEHP,fit,0025fe510e0f3b41fa140dfba316a460310d64634bc98a7a5ca69fce4fb0f45b,0,108,6,0.0,-2.301926851272583,-2.25988507270813,-1.7786505222320557,-0.5232763290405273,-0.042041778564453125,False,False,True,True
Beauty,A38S2ELFQMNEHP,fit,0025fe510e0f3b41fa140dfba316a460310d64634bc98a7a5ca69fce4fb0f45b,1,106,6,0.0,-2.92366361618042,-3.822227954864502,-4.130461692810059,1.2067980766296387,0.898564338684082,True,False,True,True
Beauty,A38S2ELFQMNEHP,fit,0025fe510e0f3b41fa140dfba316a460310d64634bc98a7a5ca69fce4fb0f45b,2,2,6,0.0,-0.032083168625831604,-0.027466721832752228,-0.03535657003521919,0.0032734014093875885,-0.004616446793079376,True,True,True,True
Beauty,A38S2ELFQMNEHP,fit,0025fe510e0f3b41fa140dfba316a460310d64634bc98a7a5ca69fce4fb0f45b,3,1,6,0.0,0.0,0.0,0.0,0.0,0.0,False,False,True,True
Beauty,A38S2ELFQMNEHP,fit,0025fe510e0f3b41fa140dfba316a460310d64634bc98a7a5ca69fce4fb0f45b,4,1,6,0.0,0.0,0.0,0.0,0.0,0.0,False,False,True,True
Beauty,A38S2ELFQMNEHP,fit,0025fe510e0f3b41fa140dfba316a460310d64634bc98a7a5ca69fce4fb0f45b,5,1,6,0.0,0.0,0.0,0.0,0.0,0.0,False,False,True,True
Beauty,A38S2ELFQMNEHP,fit,0025fe510e0f3b41fa140dfba316a460310d64634bc98a7a5ca69fce4fb0f45b,6,1,6,0.0,0.0,0.0,0.0,0.0,0.0,False,False,True,True
Beauty,A13U975DFXBU44,fit,0029290738b5a9ea2842c9efc8c54a868a72819f86de77213ae5e27b93b26306,0,108,2,0.0,-3.9942235946655273,-3.9058620929718018,-4.6811981201171875,0.6869745254516602,-0.08836150169372559,True,True,True,True
Beauty,A13U975DFXBU44,fit,0029290738b5a9ea2842c9efc8c54a868a72819f86de77213ae5e27b93b26306,1,93,2,0.0,-0.8063476085662842,-5.5867719650268555,-4.654784202575684,3.8484365940093994,4.780424356460571,True,False,True,True
Beauty,A13U975DFXBU44,fit,0029290738b5a9ea2842c9efc8c54a868a72819f86de77213ae5e27b93b26306,2,1,2,0.0,0.0,0.0,0.0,0.0,0.0,False,False,True,True
Beauty,A13U975DFXBU44,fit,0029290738b5a9ea2842c9efc8c54a868a72819f86de77213ae5e27b93b26306,3,1,2,0.0,0.0,0.0,0.0,0.0,0.0,False,False,True,True
Beauty,A13U975DFXBU44,fit,0029290738b5a9ea2842c9efc8c54a868a72819f86de77213ae5e27b93b26306,4,1,2,0.0,0.0,0.0,0.0,0.0,0.0,False,False,True,True
Beauty,A13U975DFXBU44,fit,0029290738b5a9ea2842c9efc8c54a868a72819f86de77213ae5e27b93b26306,5,1,2,0.0,0.0,0.0,0.0,0.0,0.0,False,False,True,True
Beauty,A13U975DFXBU44,fit,0029290738b5a9ea2842c9efc8c54a868a72819f86de77213ae5e27b93b26306,6,1,2,0.0,0.0,0.0,0.0,0.0,0.0,False,False,True,True
Beauty,A111RSHNLH2EHN,fit,002ca95f72cfcea96293c990fcedc3aac0444b35f86e2d035d7332a739736a97,0,108,2,0.05263157894736842,-3.872218132019043,-4.294132709503174,-4.677339553833008,0.8051214218139648,0.42191457748413086,True,False,True,True
Beauty,A111RSHNLH2EHN,fit,002ca95f72cfcea96293c990fcedc3aac0444b35f86e2d035d7332a739736a97,1,139,2,0.05263157894736842,-8.538461685180664,-7.547501087188721,-9.184978485107422,0.6465167999267578,-0.9909605979919434,True,True,True,True
Beauty,A111RSHNLH2EHN,fit,002ca95f72cfcea96293c990fcedc3aac0444b35f86e2d035d7332a739736a97,2,1,2,0.05263157894736842,0.0,0.0,0.0,0.0,0.0,False,False,True,True
Beauty,A111RSHNLH2EHN,fit,002ca95f72cfcea96293c990fcedc3aac0444b35f86e2d035d7332a739736a97,3,1,2,0.05263157894736842,0.0,0.0,0.0,0.0,0.0,False,False,True,True
Beauty,A111RSHNLH2EHN,fit,002ca95f72cfcea96293c990fcedc3aac0444b35f86e2d035d7332a739736a97,4,1,2,0.05263157894736842,0.0,0.0,0.0,0.0,0.0,False,False,True,True
Beauty,A111RSHNLH2EHN,fit,002ca95f72cfcea96293c990fcedc3aac0444b35f86e2d035d7332a739736a97,5,1,2,0.05263157894736842,0.0,0.0,0.0,0.0,0.0,False,False,True,True
Beauty,A111RSHNLH2EHN,fit,002ca95f72cfcea96293c990fcedc3aac0444b35f86e2d035d7332a739736a97,6,1,2,0.05263157894736842,0.0,0.0,0.0,0.0,0.0,False,False,True,True
Beauty,A37D55NJF1DW9R,fit,0037a07aabac43a22942f4dfbe8f50f9212d51d775e6b10d27a66686a4f72ec0,0,108,14,0.0,-2.9207520484924316,-2.580185890197754,-3.191972255706787,0.27122020721435547,-0.34056615829467773,True,True,True,True
Beauty,A37D55NJF1DW9R,fit,0037a07aabac43a22942f4dfbe8f50f9212d51d775e6b10d27a66686a4f72ec0,1,83,14,0.0,-1.6939616203308105,-2.0367064476013184,-2.6459803581237793,0.9520187377929688,0.3427448272705078,True,False,True,True
Beauty,A37D55NJF1DW9R,fit,0037a07aabac43a22942f4dfbe8f50f9212d51d775e6b10d27a66686a4f72ec0,2,2,14,0.0,-0.1361047476530075,-0.000727508042473346,-0.0051564318127930164,-0.1309483158402145,-0.13537723961053416,False,False,True,True
Beauty,A37D55NJF1DW9R,fit,0037a07aabac43a22942f4dfbe8f50f9212d51d775e6b10d27a66686a4f72ec0,3,18,14,0.0,-0.03799344226717949,-6.043139457702637,-0.22399549186229706,0.18600204959511757,6.005146015435457,True,False,True,True
Beauty,A37D55NJF1DW9R,fit,0037a07aabac43a22942f4dfbe8f50f9212d51d775e6b10d27a66686a4f72ec0,4,2,14,0.0,-0.006397363729774952,-0.05961332842707634,-0.052173227071762085,0.04577586334198713,0.05321596469730139,True,True,True,True
Beauty,A37D55NJF1DW9R,fit,0037a07aabac43a22942f4dfbe8f50f9212d51d775e6b10d27a66686a4f72ec0,5,1,14,0.0,0.0,0.0,0.0,0.0,0.0,False,False,True,True
Beauty,A37D55NJF1DW9R,fit,0037a07aabac43a22942f4dfbe8f50f9212d51d775e6b10d27a66686a4f72ec0,6,1,14,0.0,0.0,0.0,0.0,0.0,0.0,False,False,True,True
Beauty,A37D55NJF1DW9R,fit,0037a07aabac43a22942f4dfbe8f50f9212d51d775e6b10d27a66686a4f72ec0,7,2,14,0.0,-1.7453745603561401,-1.9323630332946777,-2.2722883224487305,0.5269137620925903,0.1869884729385376,True,False,True,True
Beauty,A1X5T0I0AL2608,fit,003ae31a5033b2c71cd9599bb409c802caa08ef9bcc15be04b61e55f3e07e7bd,0,108,9,0.17647058823529413,-4.281251907348633,-4.750704765319824,-4.132588863372803,-0.14866304397583008,0.4694528579711914,False,False,True,True
Beauty,A1X5T0I0AL2608,fit,003ae31a5033b2c71cd9599bb409c802caa08ef9bcc15be04b61e55f3e07e7bd,1,90,9,0.17647058823529413,-4.85497522354126,-2.9193572998046875,-4.110236167907715,-0.7447390556335449,-1.9356179237365723,False,False,True,True
Beauty,A1X5T0I0AL2608,fit,003ae31a5033b2c71cd9599bb409c802caa08ef9bcc15be04b61e55f3e07e7bd,2,2,9,0.17647058823529413,-0.23588024079799652,-0.38418254256248474,-0.4474494457244873,0.21156920492649078,0.14830230176448822,True,False,True,True
Beauty,A1X5T0I0AL2608,fit,003ae31a5033b2c71cd9599bb409c802caa08ef9bcc15be04b61e55f3e07e7bd,3,1,9,0.17647058823529413,0.0,0.0,0.0,0.0,0.0,False,False,True,True
Beauty,A1X5T0I0AL2608,fit,003ae31a5033b2c71cd9599bb409c802caa08ef9bcc15be04b61e55f3e07e7bd,4,1,9,0.17647058823529413,0.0,0.0,0.0,0.0,0.0,False,False,True,True
Beauty,A1X5T0I0AL2608,fit,003ae31a5033b2c71cd9599bb409c802caa08ef9bcc15be04b61e55f3e07e7bd,5,1,9,0.17647058823529413,0.0,0.0,0.0,0.0,0.0,False,False,True,True
Beauty,A1X5T0I0AL2608,fit,003ae31a5033b2c71cd9599bb409c802caa08ef9bcc15be04b61e55f3e07e7bd,6,1,9,0.17647058823529413,0.0,0.0,0.0,0.0,0.0,False,False,True,True
Beauty,A18X9ZWXOEAEFY,fit,003ae792312bb2a11b13b6171cdcae55b206287b26f5479499ae03a8bd2ce895,0,108,3,0.0,-3.00042986869812,-3.700479507446289,-2.3000612258911133,-0.7003686428070068,0.700049638748169,False,False,True,True
Beauty,A18X9ZWXOEAEFY,fit,003ae792312bb2a11b13b6171cdcae55b206287b26f5479499ae03a8bd2ce895,1,96,3,0.0,-1.1626873016357422,-4.608390808105469,-2.6406149864196777,1.4779276847839355,3.4457035064697266,True,False,True,True
Beauty,A18X9ZWXOEAEFY,fit,003ae792312bb2a11b13b6171cdcae55b206287b26f5479499ae03a8bd2ce895,2,4,3,0.0,-0.20460112392902374,-0.3410334885120392,-0.5699686408042908,0.36536751687526703,0.13643236458301544,True,False,True,True
Beauty,A18X9ZWXOEAEFY,fit,003ae792312bb2a11b13b6171cdcae55b206287b26f5479499ae03a8bd2ce895,3,1,3,0.0,0.0,0.0,0.0,0.0,0.0,False,False,True,True
Beauty,A18X9ZWXOEAEFY,fit,003ae792312bb2a11b13b6171cdcae55b206287b26f5479499ae03a8bd2ce895,4,1,3,0.0,0.0,0.0,0.0,0.0,0.0,False,False,True,True
Beauty,A18X9ZWXOEAEFY,fit,003ae792312bb2a11b13b6171cdcae55b206287b26f5479499ae03a8bd2ce895,5,1,3,0.0,0.0,0.0,0.0,0.0,0.0,False,False,True,True
Beauty,A18X9ZWXOEAEFY,fit,003ae792312bb2a11b13b6171cdcae55b206287b26f5479499ae03a8bd2ce895,6,1,3,0.0,0.0,0.0,0.0,0.0,0.0,False,False,True,True
Beauty,A1MSLHCISXDB79,fit,0043f6d8b3eff98ed4288527dfe4b6b8c5e8a05fb157269ac68fc9c9035b0e00,0,108,2,0.0,-0.4482800364494324,-0.4010944962501526,-0.32188668847084045,-0.12639334797859192,-0.047185540199279785,False,False,True,True
Beauty,A1MSLHCISXDB79,fit,0043f6d8b3eff98ed4288527dfe4b6b8c5e8a05fb157269ac68fc9c9035b0e00,1,30,2,0.0,-0.3442201018333435,-0.4260728657245636,-0.5050343871116638,0.1608142852783203,0.08185276389122009,True,True,True,True
Beauty,A1MSLHCISXDB79,fit,0043f6d8b3eff98ed4288527dfe4b6b8c5e8a05fb157269ac68fc9c9035b0e00,2,17,2,0.0,-0.9693230390548706,-1.2373371124267578,-0.9746890068054199,0.005365967750549316,0.2680140733718872,True,False,True,True
Beauty,A1MSLHCISXDB79,fit,0043f6d8b3eff98ed4288527dfe4b6b8c5e8a05fb157269ac68fc9c9035b0e00,3,8,2,0.0,-1.5000486373901367,-2.329338312149048,-1.859548568725586,0.3594999313354492,0.8292896747589111,True,False,True,True
Beauty,A1MSLHCISXDB79,fit,0043f6d8b3eff98ed4288527dfe4b6b8c5e8a05fb157269ac68fc9c9035b0e00,4,1,2,0.0,0.0,0.0,0.0,0.0,0.0,False,False,True,True
Beauty,A1MSLHCISXDB79,fit,0043f6d8b3eff98ed4288527dfe4b6b8c5e8a05fb157269ac68fc9c9035b0e00,5,1,2,0.0,0.0,0.0,0.0,0.0,0.0,False,False,True,True
Beauty,A1MSLHCISXDB79,fit,0043f6d8b3eff98ed4288527dfe4b6b8c5e8a05fb157269ac68fc9c9035b0e00,6,1,2,0.0,0.0,0.0,0.0,0.0,0.0,False,False,True,True
Beauty,A3VZU08ZP7X8LY,fit,0059fd6986681e24ffe270eb0a73e80c2540e2df50cb8c26afdd785f708cf613,0,108,5,0.0,-1.1203749179840088,-2.3686201572418213,-1.2288641929626465,0.1084892749786377,1.2482452392578125,True,False,True,True
Beauty,A3VZU08ZP7X8LY,fit,0059fd6986681e24ffe270eb0a73e80c2540e2df50cb8c26afdd785f708cf613,1,255,5,0.0,-1.9962881803512573,-3.2801785469055176,-2.7908174991607666,0.7945293188095093,1.2838903665542603,True,False,True,True
Beauty,A3VZU08ZP7X8LY,fit,0059fd6986681e24ffe270eb0a73e80c2540e2df50cb8c26afdd785f708cf613,2,8,5,0.0,-0.7191874980926514,-0.13154584169387817,-0.2565824091434479,-0.4626050889492035,-0.5876416563987732,False,False,True,True
Beauty,A3VZU08ZP7X8LY,fit,0059fd6986681e24ffe270eb0a73e80c2540e2df50cb8c26afdd785f708cf613,3,1,5,0.0,0.0,0.0,0.0,0.0,0.0,False,False,True,True
Beauty,A3VZU08ZP7X8LY,fit,0059fd6986681e24ffe270eb0a73e80c2540e2df50cb8c26afdd785f708cf613,4,1,5,0.0,0.0,0.0,0.0,0.0,0.0,False,False,True,True
Beauty,A3VZU08ZP7X8LY,fit,0059fd6986681e24ffe270eb0a73e80c2540e2df50cb8c26afdd785f708cf613,5,1,5,0.0,0.0,0.0,0.0,0.0,0.0,False,False,True,True
Beauty,A3VZU08ZP7X8LY,fit,0059fd6986681e24ffe270eb0a73e80c2540e2df50cb8c26afdd785f708cf613,6,1,5,0.0,0.0,0.0,0.0,0.0,0.0,False,False,True,True
Beauty,A2H667ZUNLNTF1,fit,005acad645dcf3cd0b65d5828fd64f5e2577ddda87757bdd2ffe2ce9a4de355c,0,108,9,0.0,-4.082818031311035,-4.57304573059082,-4.1888556480407715,0.10603761672973633,0.49022769927978516,True,False,True,True
Beauty,A2H667ZUNLNTF1,fit,005acad645dcf3cd0b65d5828fd64f5e2577ddda87757bdd2ffe2ce9a4de355c,1,87,9,0.0,-0.6113222241401672,-6.580550670623779,-6.178382396697998,5.567060172557831,5.969228446483612,True,False,True,True
Beauty,A2H667ZUNLNTF1,fit,005acad645dcf3cd0b65d5828fd64f5e2577ddda87757bdd2ffe2ce9a4de355c,2,1,9,0.0,0.0,0.0,0.0,0.0,0.0,False,False,True,True
Beauty,A2H667ZUNLNTF1,fit,005acad645dcf3cd0b65d5828fd64f5e2577ddda87757bdd2ffe2ce9a4de355c,3,1,9,0.0,0.0,0.0,0.0,0.0,0.0,False,False,True,True
Beauty,A2H667ZUNLNTF1,fit,005acad645dcf3cd0b65d5828fd64f5e2577ddda87757bdd2ffe2ce9a4de355c,4,1,9,0.0,0.0,0.0,0.0,0.0,0.0,False,False,True,True
Beauty,A2H667ZUNLNTF1,fit,005acad645dcf3cd0b65d5828fd64f5e2577ddda87757bdd2ffe2ce9a4de355c,5,1,9,0.0,0.0,0.0,0.0,0.0,0.0,False,False,True,True
Beauty,A2H667ZUNLNTF1,fit,005acad645dcf3cd0b65d5828fd64f5e2577ddda87757bdd2ffe2ce9a4de355c,6,1,9,0.0,0.0,0.0,0.0,0.0,0.0,False,False,True,True
Beauty,AB80AB1IVEPVK,fit,0068f9fc5d6ad6b7907978dca5c1cf1d8126bf978c63c59d919b9aedea0de896,0,108,11,0.17647058823529413,-2.519862413406372,-2.2964861392974854,-1.3471312522888184,-1.1727311611175537,-0.22337627410888672,False,False,True,True
Beauty,AB80AB1IVEPVK,fit,0068f9fc5d6ad6b7907978dca5c1cf1d8126bf978c63c59d919b9aedea0de896,1,78,11,0.17647058823529413,-3.072009563446045,-3.465059995651245,-3.7619733810424805,0.6899638175964355,0.3930504322052002,True,False,True,True
Beauty,AB80AB1IVEPVK,fit,0068f9fc5d6ad6b7907978dca5c1cf1d8126bf978c63c59d919b9aedea0de896,2,1,11,0.17647058823529413,0.0,0.0,0.0,0.0,0.0,False,False,True,True
Beauty,AB80AB1IVEPVK,fit,0068f9fc5d6ad6b7907978dca5c1cf1d8126bf978c63c59d919b9aedea0de896,3,1,11,0.17647058823529413,0.0,0.0,0.0,0.0,0.0,False,False,True,True
Beauty,AB80AB1IVEPVK,fit,0068f9fc5d6ad6b7907978dca5c1cf1d8126bf978c63c59d919b9aedea0de896,4,1,11,0.17647058823529413,0.0,0.0,0.0,0.0,0.0,False,False,True,True
Beauty,AB80AB1IVEPVK,fit,0068f9fc5d6ad6b7907978dca5c1cf1d8126bf978c63c59d919b9aedea0de896,5,1,11,0.17647058823529413,0.0,0.0,0.0,0.0,0.0,False,False,True,True
Beauty,AB80AB1IVEPVK,fit,0068f9fc5d6ad6b7907978dca5c1cf1d8126bf978c63c59d919b9aedea0de896,6,1,11,0.17647058823529413,0.0,0.0,0.0,0.0,0.0,False,False,True,True
Beauty,A1F9PMSJNNEYKI,fit,006968d8cc588d8decf0b2adb07e40f531bf56bdce54b67768603ced70728e96,0,108,4,0.05263157894736842,-0.7134475708007812,-1.4820040464401245,-0.9041707515716553,0.19072318077087402,0.7685564756393433,True,False,True,True
Beauty,A1F9PMSJNNEYKI,fit,006968d8cc588d8decf0b2adb07e40f531bf56bdce54b67768603ced70728e96,1,82,4,0.05263157894736842,-0.7069463133811951,-3.3219809532165527,-3.6233108043670654,2.9163644909858704,2.6150346398353577,True,False,True,True
Beauty,A1F9PMSJNNEYKI,fit,006968d8cc588d8decf0b2adb07e40f531bf56bdce54b67768603ced70728e96,2,5,4,0.05263157894736842,-0.1614089161157608,-1.027838110923767,-0.9727762341499329,0.8113673180341721,0.8664291948080063,True,False,True,True
Beauty,A1F9PMSJNNEYKI,fit,006968d8cc588d8decf0b2adb07e40f531bf56bdce54b67768603ced70728e96,3,1,4,0.05263157894736842,0.0,0.0,0.0,0.0,0.0,False,False,True,True
Beauty,A1F9PMSJNNEYKI,fit,006968d8cc588d8decf0b2adb07e40f531bf56bdce54b67768603ced70728e96,4,1,4,0.05263157894736842,0.0,0.0,0.0,0.0,0.0,False,False,True,True
Beauty,A1F9PMSJNNEYKI,fit,006968d8cc588d8decf0b2adb07e40f531bf56bdce54b67768603ced70728e96,5,2,4,0.05263157894736842,-1.688124418258667,-8.640193939208984,-9.627639770507812,7.9395153522491455,6.952069520950317,True,False,True,True
Beauty,A1F9PMSJNNEYKI,fit,006968d8cc588d8decf0b2adb07e40f531bf56bdce54b67768603ced70728e96,6,1,4,0.05263157894736842,0.0,0.0,0.0,0.0,0.0,False,False,True,True
Beauty,A3I3UFU02JGQ2T,fit,006ca32532754221d31ac5277e88083f0a06a735b97956efcaee7c3d9cc2670b,0,108,2,0.0,-4.697135925292969,-6.873913764953613,-4.717268943786621,0.020133018493652344,2.1767778396606445,True,False,True,True
Beauty,A3I3UFU02JGQ2T,fit,006ca32532754221d31ac5277e88083f0a06a735b97956efcaee7c3d9cc2670b,1,30,2,0.0,-2.6815006732940674,-2.908397912979126,-3.210686445236206,0.5291857719421387,0.2268972396850586,True,False,True,True
Beauty,A3I3UFU02JGQ2T,fit,006ca32532754221d31ac5277e88083f0a06a735b97956efcaee7c3d9cc2670b,2,3,2,0.0,-1.0884042978286743,-3.4413857460021973,-0.6688081622123718,-0.4195961356163025,2.352981448173523,False,False,True,True
Beauty,A3I3UFU02JGQ2T,fit,006ca32532754221d31ac5277e88083f0a06a735b97956efcaee7c3d9cc2670b,3,1,2,0.0,0.0,0.0,0.0,0.0,0.0,False,False,True,True
Beauty,A3I3UFU02JGQ2T,fit,006ca32532754221d31ac5277e88083f0a06a735b97956efcaee7c3d9cc2670b,4,1,2,0.0,0.0,0.0,0.0,0.0,0.0,False,False,True,True
Beauty,A3I3UFU02JGQ2T,fit,006ca32532754221d31ac5277e88083f0a06a735b97956efcaee7c3d9cc2670b,5,1,2,0.0,0.0,0.0,0.0,0.0,0.0,False,False,True,True
Beauty,A3I3UFU02JGQ2T,fit,006ca32532754221d31ac5277e88083f0a06a735b97956efcaee7c3d9cc2670b,6,1,2,0.0,0.0,0.0,0.0,0.0,0.0,False,False,True,True
Beauty,A1IZT8R23F819J,fit,006f73f7357740e97262d859f6b84ec4e37b76deb121de56a16fc36555d52154,0,108,2,0.0,-1.6922131776809692,-3.824688673019409,-3.1640141010284424,1.4718009233474731,2.13247549533844,True,False,True,True
Beauty,A1IZT8R23F819J,fit,006f73f7357740e97262d859f6b84ec4e37b76deb121de56a16fc36555d52154,1,97,2,0.0,-2.438143014907837,-3.076097249984741,-3.0564887523651123,0.6183457374572754,0.6379542350769043,True,False,True,True
Beauty,A1IZT8R23F819J,fit,006f73f7357740e97262d859f6b84ec4e37b76deb121de56a16fc36555d52154,2,1,2,0.0,0.0,0.0,0.0,0.0,0.0,False,False,True,True
Beauty,A1IZT8R23F819J,fit,006f73f7357740e97262d859f6b84ec4e37b76deb121de56a16fc36555d52154,3,5,2,0.0,-0.5800814032554626,-1.0308001041412354,-1.089834213256836,0.5097528100013733,0.4507187008857727,True,False,True,True
Beauty,A1IZT8R23F819J,fit,006f73f7357740e97262d859f6b84ec4e37b76deb121de56a16fc36555d52154,4,1,2,0.0,0.0,0.0,0.0,0.0,0.0,False,False,True,True
Beauty,A1IZT8R23F819J,fit,006f73f7357740e97262d859f6b84ec4e37b76deb121de56a16fc36555d52154,5,1,2,0.0,0.0,0.0,0.0,0.0,0.0,False,False,True,True
Beauty,A1IZT8R23F819J,fit,006f73f7357740e97262d859f6b84ec4e37b76deb121de56a16fc36555d52154,6,1,2,0.0,0.0,0.0,0.0,0.0,0.0,False,False,True,True
Beauty,AN8SOD4WPVJ25,fit,007069c6d53baa93d804cb8fbf9684d55372bd31535982f0495912447a8ce279,0,108,2,0.0,-0.6302377581596375,-0.23850490152835846,-3.2492222785949707,2.6189845204353333,-0.391732856631279,True,True,True,True
Beauty,AN8SOD4WPVJ25,fit,007069c6d53baa93d804cb8fbf9684d55372bd31535982f0495912447a8ce279,1,40,2,0.0,-0.004424781538546085,-9.360834121704102,-0.6229020357131958,0.6184772541746497,9.356409340165555,True,False,True,True
Beauty,AN8SOD4WPVJ25,fit,007069c6d53baa93d804cb8fbf9684d55372bd31535982f0495912447a8ce279,2,3,2,0.0,-0.14687450230121613,-3.047276496887207,-1.6315171718597412,1.484642669558525,2.900401994585991,True,False,True,True
Beauty,AN8SOD4WPVJ25,fit,007069c6d53baa93d804cb8fbf9684d55372bd31535982f0495912447a8ce279,3,1,2,0.0,0.0,0.0,0.0,0.0,0.0,False,False,True,True
Beauty,AN8SOD4WPVJ25,fit,007069c6d53baa93d804cb8fbf9684d55372bd31535982f0495912447a8ce279,4,1,2,0.0,0.0,0.0,0.0,0.0,0.0,False,False,True,True
Beauty,AN8SOD4WPVJ25,fit,007069c6d53baa93d804cb8fbf9684d55372bd31535982f0495912447a8ce279,5,1,2,0.0,0.0,0.0,0.0,0.0,0.0,False,False,True,True
Beauty,AN8SOD4WPVJ25,fit,007069c6d53baa93d804cb8fbf9684d55372bd31535982f0495912447a8ce279,6,1,2,0.0,0.0,0.0,0.0,0.0,0.0,False,False,True,True
Beauty,A1LB3NB6L5DT1Y,fit,00761eb5c5a8a879677666487e494bed054d0225af1e2d794f7400c9561710f2,0,108,4,0.1111111111111111,-1.2420076131820679,-1.5493922233581543,-1.1384191513061523,-0.10358846187591553,0.3073846101760864,False,False,True,True
Beauty,A1LB3NB6L5DT1Y,fit,00761eb5c5a8a879677666487e494bed054d0225af1e2d794f7400c9561710f2,1,87,4,0.1111111111111111,-4.451708793640137,-3.4827051162719727,-5.690465927124023,1.2387571334838867,-0.9690036773681641,True,True,True,True
Beauty,A1LB3NB6L5DT1Y,fit,00761eb5c5a8a879677666487e494bed054d0225af1e2d794f7400c9561710f2,2,2,4,0.1111111111111111,-1.034628987312317,-1.6808973550796509,-2.5234460830688477,1.4888170957565308,0.646268367767334,True,False,True,True
Beauty,A1LB3NB6L5DT1Y,fit,00761eb5c5a8a879677666487e494bed054d0225af1e2d794f7400c9561710f2,3,1,4,0.1111111111111111,0.0,0.0,0.0,0.0,0.0,False,False,True,True
Beauty,A1LB3NB6L5DT1Y,fit,00761eb5c5a8a879677666487e494bed054d0225af1e2d794f7400c9561710f2,4,1,4,0.1111111111111111,0.0,0.0,0.0,0.0,0.0,False,False,True,True
Beauty,A1LB3NB6L5DT1Y,fit,00761eb5c5a8a879677666487e494bed054d0225af1e2d794f7400c9561710f2,5,1,4,0.1111111111111111,0.0,0.0,0.0,0.0,0.0,False,False,True,True
Beauty,A1LB3NB6L5DT1Y,fit,00761eb5c5a8a879677666487e494bed054d0225af1e2d794f7400c9561710f2,6,1,4,0.1111111111111111,0.0,0.0,0.0,0.0,0.0,False,False,True,True
Beauty,A2VDNJOYCLVHVA,fit,00776c5d39c9fe254e4f0f24b5dc2b7b9a8cfcbfed25f92e2f48adb83f6f2e37,0,108,2,0.0,-3.736070394515991,-4.625669479370117,-4.154899597167969,0.41882920265197754,0.889599084854126,True,False,True,True
Beauty,A2VDNJOYCLVHVA,fit,00776c5d39c9fe254e4f0f24b5dc2b7b9a8cfcbfed25f92e2f48adb83f6f2e37,1,139,2,0.0,-4.8674468994140625,-5.089953899383545,-4.754998683929443,-0.11244821548461914,0.22250699996948242,False,False,True,True
Beauty,A2VDNJOYCLVHVA,fit,00776c5d39c9fe254e4f0f24b5dc2b7b9a8cfcbfed25f92e2f48adb83f6f2e37,2,1,2,0.0,0.0,0.0,0.0,0.0,0.0,False,False,True,True
Beauty,A2VDNJOYCLVHVA,fit,00776c5d39c9fe254e4f0f24b5dc2b7b9a8cfcbfed25f92e2f48adb83f6f2e37,3,2,2,0.0,-0.013661222532391548,-0.13740980625152588,-0.18039889633655548,0.16673767380416393,0.12374858371913433,True,False,True,True
Beauty,A2VDNJOYCLVHVA,fit,00776c5d39c9fe254e4f0f24b5dc2b7b9a8cfcbfed25f92e2f48adb83f6f2e37,4,1,2,0.0,0.0,0.0,0.0,0.0,0.0,False,False,True,True
Beauty,A2VDNJOYCLVHVA,fit,00776c5d39c9fe254e4f0f24b5dc2b7b9a8cfcbfed25f92e2f48adb83f6f2e37,5,1,2,0.0,0.0,0.0,0.0,0.0,0.0,False,False,True,True
Beauty,A2VDNJOYCLVHVA,fit,00776c5d39c9fe254e4f0f24b5dc2b7b9a8cfcbfed25f92e2f48adb83f6f2e37,6,1,2,0.0,0.0,0.0,0.0,0.0,0.0,False,False,True,True
Beauty,A3S9Z2Q2PVECBG,fit,007bcd67e9ba7728a23189ddfcc133246fec100f31f8cb453b476386277c5bae,0,108,5,0.0,-5.236988067626953,-5.153694152832031,-5.488639831542969,0.2516517639160156,-0.08329391479492188,True,True,True,True
Beauty,A3S9Z2Q2PVECBG,fit,007bcd67e9ba7728a23189ddfcc133246fec100f31f8cb453b476386277c5bae,1,97,5,0.0,-3.8466544151306152,-4.4051513671875,-3.934328079223633,0.08767366409301758,0.5584969520568848,True,False,True,True
Beauty,A3S9Z2Q2PVECBG,fit,007bcd67e9ba7728a23189ddfcc133246fec100f31f8cb453b476386277c5bae,2,1,5,0.0,0.0,0.0,0.0,0.0,0.0,False,False,True,True
Beauty,A3S9Z2Q2PVECBG,fit,007bcd67e9ba7728a23189ddfcc133246fec100f31f8cb453b476386277c5bae,3,2,5,0.0,-0.00025459862081333995,-0.00014494798961095512,-0.0002441108226776123,-1.0487798135727644e-05,-0.00010965063120238483,False,False,True,True
Beauty,A3S9Z2Q2PVECBG,fit,007bcd67e9ba7728a23189ddfcc133246fec100f31f8cb453b476386277c5bae,4,3,5,0.0,-3.521899700164795,-3.1927971839904785,-3.4944772720336914,-0.027422428131103516,-0.3291025161743164,False,False,True,True
Beauty,A3S9Z2Q2PVECBG,fit,007bcd67e9ba7728a23189ddfcc133246fec100f31f8cb453b476386277c5bae,5,1,5,0.0,0.0,0.0,0.0,0.0,0.0,False,False,True,True
Beauty,A3S9Z2Q2PVECBG,fit,007bcd67e9ba7728a23189ddfcc133246fec100f31f8cb453b476386277c5bae,6,1,5,0.0,0.0,0.0,0.0,0.0,0.0,False,False,True,True
Beauty,A3RBLRVHL0R6LA,fit,007beea062c5343541b7e94c5fc7c9d70e9563a85261d6e4706e32e9d13664c6,0,108,8,0.0,-5.610795021057129,-4.528580665588379,-4.582439422607422,-1.028355598449707,-1.08221435546875,False,False,True,True
Beauty,A3RBLRVHL0R6LA,fit,007beea062c5343541b7e94c5fc7c9d70e9563a85261d6e4706e32e9d13664c6,1,212,8,0.0,-4.303435802459717,-3.9125545024871826,-4.53638219833374,0.23294639587402344,-0.3908812999725342,True,True,True,True
Beauty,A3RBLRVHL0R6LA,fit,007beea062c5343541b7e94c5fc7c9d70e9563a85261d6e4706e32e9d13664c6,2,1,8,0.0,0.0,0.0,0.0,0.0,0.0,False,False,True,True
Beauty,A3RBLRVHL0R6LA,fit,007beea062c5343541b7e94c5fc7c9d70e9563a85261d6e4706e32e9d13664c6,3,1,8,0.0,0.0,0.0,0.0,0.0,0.0,False,False,True,True
Beauty,A3RBLRVHL0R6LA,fit,007beea062c5343541b7e94c5fc7c9d70e9563a85261d6e4706e32e9d13664c6,4,1,8,0.0,0.0,0.0,0.0,0.0,0.0,False,False,True,True
Beauty,A3RBLRVHL0R6LA,fit,007beea062c5343541b7e94c5fc7c9d70e9563a85261d6e4706e32e9d13664c6,5,1,8,0.0,0.0,0.0,0.0,0.0,0.0,False,False,True,True
Beauty,A3RBLRVHL0R6LA,fit,007beea062c5343541b7e94c5fc7c9d70e9563a85261d6e4706e32e9d13664c6,6,1,8,0.0,0.0,0.0,0.0,0.0,0.0,False,False,True,True
Beauty,AXKMBF44YYS6T,fit,007cab9d641b1f3499858152c4a000a10092d63952ca7108ae4108b485d8b1a8,0,108,3,0.0,-3.541168451309204,-4.140789985656738,-4.454869270324707,0.9137008190155029,0.5996215343475342,True,False,True,True
Beauty,AXKMBF44YYS6T,fit,007cab9d641b1f3499858152c4a000a10092d63952ca7108ae4108b485d8b1a8,1,81,3,0.0,-2.975768566131592,-4.342396259307861,-3.7264556884765625,0.7506871223449707,1.3666276931762695,True,False,True,True
Beauty,AXKMBF44YYS6T,fit,007cab9d641b1f3499858152c4a000a10092d63952ca7108ae4108b485d8b1a8,2,2,3,0.0,-0.0039016089867800474,-0.0029002055525779724,-0.04371689260005951,0.03981528361327946,-0.001001403434202075,True,True,True,True
Beauty,AXKMBF44YYS6T,fit,007cab9d641b1f3499858152c4a000a10092d63952ca7108ae4108b485d8b1a8,3,1,3,0.0,0.0,0.0,0.0,0.0,0.0,False,False,True,True
Beauty,AXKMBF44YYS6T,fit,007cab9d641b1f3499858152c4a000a10092d63952ca7108ae4108b485d8b1a8,4,1,3,0.0,0.0,0.0,0.0,0.0,0.0,False,False,True,True
Beauty,AXKMBF44YYS6T,fit,007cab9d641b1f3499858152c4a000a10092d63952ca7108ae4108b485d8b1a8,5,1,3,0.0,0.0,0.0,0.0,0.0,0.0,False,False,True,True
Beauty,AXKMBF44YYS6T,fit,007cab9d641b1f3499858152c4a000a10092d63952ca7108ae4108b485d8b1a8,6,1,3,0.0,0.0,0.0,0.0,0.0,0.0,False,False,True,True
Beauty,A1ZUQ5ONG7CVSV,fit,008583505838c2129fb862dac3ef45e2cee17a89686fe9837023800ecaa85b61,0,108,2,0.0,-4.7506303787231445,-4.99945068359375,-4.335885524749756,-0.41474485397338867,0.24882030487060547,False,False,True,True
Beauty,A1ZUQ5ONG7CVSV,fit,008583505838c2129fb862dac3ef45e2cee17a89686fe9837023800ecaa85b61,1,69,2,0.0,-0.9811030626296997,-7.753115177154541,-0.8108460903167725,-0.17025697231292725,6.772012114524841,False,False,True,True
Beauty,A1ZUQ5ONG7CVSV,fit,008583505838c2129fb862dac3ef45e2cee17a89686fe9837023800ecaa85b61,2,16,2,0.0,-3.614696979522705,-3.8160042762756348,-3.9528934955596924,0.3381965160369873,0.2013072967529297,True,False,True,True
Beauty,A1ZUQ5ONG7CVSV,fit,008583505838c2129fb862dac3ef45e2cee17a89686fe9837023800ecaa85b61,3,2,2,0.0,-4.401968479156494,-6.12350606918335,-4.044939994812012,-0.3570284843444824,1.7215375900268555,False,False,True,True
Beauty,A1ZUQ5ONG7CVSV,fit,008583505838c2129fb862dac3ef45e2cee17a89686fe9837023800ecaa85b61,4,1,2,0.0,0.0,0.0,0.0,0.0,0.0,False,False,True,True
Beauty,A1ZUQ5ONG7CVSV,fit,008583505838c2129fb862dac3ef45e2cee17a89686fe9837023800ecaa85b61,5,1,2,0.0,0.0,0.0,0.0,0.0,0.0,False,False,True,True
Beauty,A1ZUQ5ONG7CVSV,fit,008583505838c2129fb862dac3ef45e2cee17a89686fe9837023800ecaa85b61,6,1,2,0.0,0.0,0.0,0.0,0.0,0.0,False,False,True,True
Beauty,AOKQZPTW1243H,fit,00865187c3240e07096f512a46d637ad58a10037d2615134e440424a19ba5b2e,0,108,20,0.1111111111111111,-4.183144569396973,-4.6201982498168945,-4.587186813354492,0.40404224395751953,0.4370536804199219,True,False,True,True
Beauty,AOKQZPTW1243H,fit,00865187c3240e07096f512a46d637ad58a10037d2615134e440424a19ba5b2e,1,110,20,0.1111111111111111,-0.7573927044868469,-1.5097919702529907,-2.1027698516845703,1.3453771471977234,0.7523992657661438,True,False,True,True
Beauty,AOKQZPTW1243H,fit,00865187c3240e07096f512a46d637ad58a10037d2615134e440424a19ba5b2e,2,5,20,0.1111111111111111,-0.17059282958507538,-0.5167707204818726,-0.18799127638339996,0.017398446798324585,0.3461778908967972,True,False,True,True
Beauty,AOKQZPTW1243H,fit,00865187c3240e07096f512a46d637ad58a10037d2615134e440424a19ba5b2e,3,10,20,0.1111111111111111,-1.507663607597351,-1.6524815559387207,-2.1321303844451904,0.6244667768478394,0.14481794834136963,True,False,True,True
Beauty,AOKQZPTW1243H,fit,00865187c3240e07096f512a46d637ad58a10037d2615134e440424a19ba5b2e,4,1,20,0.1111111111111111,0.0,0.0,0.0,0.0,0.0,False,False,True,True
Beauty,AOKQZPTW1243H,fit,00865187c3240e07096f512a46d637ad58a10037d2615134e440424a19ba5b2e,5,1,20,0.1111111111111111,0.0,0.0,0.0,0.0,0.0,False,False,True,True
Beauty,AOKQZPTW1243H,fit,00865187c3240e07096f512a46d637ad58a10037d2615134e440424a19ba5b2e,6,1,20,0.1111111111111111,0.0,0.0,0.0,0.0,0.0,False,False,True,True
Beauty,A11JI4CX8C84OT,fit,008c9b0274ffaee3abcb32e6eaa028ad3202bf7b91ea8d142bc6271695c52e5b,0,108,3,0.0,-2.1877527236938477,-3.1345059871673584,-2.778048038482666,0.5902953147888184,0.9467532634735107,True,False,True,True
Beauty,A11JI4CX8C84OT,fit,008c9b0274ffaee3abcb32e6eaa028ad3202bf7b91ea8d142bc6271695c52e5b,1,126,3,0.0,-3.9879188537597656,-8.124484062194824,-4.051020622253418,0.06310176849365234,4.136565208435059,True,False,True,True
Beauty,A11JI4CX8C84OT,fit,008c9b0274ffaee3abcb32e6eaa028ad3202bf7b91ea8d142bc6271695c52e5b,2,2,3,0.0,-0.2025597095489502,-0.021059593185782433,-0.3598492443561554,0.1572895348072052,-0.18150011636316776,True,True,True,True
Beauty,A11JI4CX8C84OT,fit,008c9b0274ffaee3abcb32e6eaa028ad3202bf7b91ea8d142bc6271695c52e5b,3,1,3,0.0,0.0,0.0,0.0,0.0,0.0,False,False,True,True
Beauty,A11JI4CX8C84OT,fit,008c9b0274ffaee3abcb32e6eaa028ad3202bf7b91ea8d142bc6271695c52e5b,4,1,3,0.0,0.0,0.0,0.0,0.0,0.0,False,False,True,True
Beauty,A11JI4CX8C84OT,fit,008c9b0274ffaee3abcb32e6eaa028ad3202bf7b91ea8d142bc6271695c52e5b,5,1,3,0.0,0.0,0.0,0.0,0.0,0.0,False,False,True,True
Beauty,A11JI4CX8C84OT,fit,008c9b0274ffaee3abcb32e6eaa028ad3202bf7b91ea8d142bc6271695c52e5b,6,1,3,0.0,0.0,0.0,0.0,0.0,0.0,False,False,True,True
Beauty,AOZDKNYG4DRKU,fit,00908d1d36427144e0d3af5dccab21f250a3aaab29906db24bc12ae5226d75c0,0,108,2,0.0,-2.649202823638916,-3.8116745948791504,-2.729851245880127,0.08064842224121094,1.1624717712402344,True,False,True,True
Beauty,AOZDKNYG4DRKU,fit,00908d1d36427144e0d3af5dccab21f250a3aaab29906db24bc12ae5226d75c0,1,105,2,0.0,-0.03236135467886925,-1.3975900411605835,-1.0970196723937988,1.0646583177149296,1.3652286864817142,True,False,True,True
Beauty,AOZDKNYG4DRKU,fit,00908d1d36427144e0d3af5dccab21f250a3aaab29906db24bc12ae5226d75c0,2,4,2,0.0,-0.014420812949538231,-0.04482736811041832,-0.03315485268831253,0.0187340397387743,0.03040655516088009,True,True,True,True
Beauty,AOZDKNYG4DRKU,fit,00908d1d36427144e0d3af5dccab21f250a3aaab29906db24bc12ae5226d75c0,3,1,2,0.0,0.0,0.0,0.0,0.0,0.0,False,False,True,True
Beauty,AOZDKNYG4DRKU,fit,00908d1d36427144e0d3af5dccab21f250a3aaab29906db24bc12ae5226d75c0,4,1,2,0.0,0.0,0.0,0.0,0.0,0.0,False,False,True,True
Beauty,AOZDKNYG4DRKU,fit,00908d1d36427144e0d3af5dccab21f250a3aaab29906db24bc12ae5226d75c0,5,1,2,0.0,0.0,0.0,0.0,0.0,0.0,False,False,True,True
Beauty,AOZDKNYG4DRKU,fit,00908d1d36427144e0d3af5dccab21f250a3aaab29906db24bc12ae5226d75c0,6,1,2,0.0,0.0,0.0,0.0,0.0,0.0,False,False,True,True
Beauty,A28MKDFKWNO2IM,fit,0092fc81ad3e5b46fdf805c944f46070f7d6070f5093566ff02bf273c18ecbc0,0,108,3,0.0,-4.469388484954834,-5.279129981994629,-3.761556625366211,-0.707831859588623,0.8097414970397949,False,False,True,True
Beauty,A28MKDFKWNO2IM,fit,0092fc81ad3e5b46fdf805c944f46070f7d6070f5093566ff02bf273c18ecbc0,1,14,3,0.0,-1.3397586345672607,-1.6657354831695557,-1.603959083557129,0.26420044898986816,0.3259768486022949,True,False,True,True
Beauty,A28MKDFKWNO2IM,fit,0092fc81ad3e5b46fdf805c944f46070f7d6070f5093566ff02bf273c18ecbc0,2,9,3,0.0,-5.254045486450195,-4.621830940246582,-5.316710948944092,0.06266546249389648,-0.6322145462036133,True,True,True,True
Beauty,A28MKDFKWNO2IM,fit,0092fc81ad3e5b46fdf805c944f46070f7d6070f5093566ff02bf273c18ecbc0,3,1,3,0.0,0.0,0.0,0.0,0.0,0.0,False,False,True,True
Beauty,A28MKDFKWNO2IM,fit,0092fc81ad3e5b46fdf805c944f46070f7d6070f5093566ff02bf273c18ecbc0,4,1,3,0.0,0.0,0.0,0.0,0.0,0.0,False,False,True,True
Beauty,A28MKDFKWNO2IM,fit,0092fc81ad3e5b46fdf805c944f46070f7d6070f5093566ff02bf273c18ecbc0,5,1,3,0.0,0.0,0.0,0.0,0.0,0.0,False,False,True,True
Beauty,A28MKDFKWNO2IM,fit,0092fc81ad3e5b46fdf805c944f46070f7d6070f5093566ff02bf273c18ecbc0,6,1,3,0.0,0.0,0.0,0.0,0.0,0.0,False,False,True,True
Beauty,A2NQWPJ8EBWM3L,fit,009f5bd170d7847297f055a0c21544322690c087717a44f7965651ff9c275982,0,108,4,0.0,-3.3345460891723633,-4.489592552185059,-4.53937292098999,1.204826831817627,1.1550464630126953,True,False,True,True
Beauty,A2NQWPJ8EBWM3L,fit,009f5bd170d7847297f055a0c21544322690c087717a44f7965651ff9c275982,1,142,4,0.0,-0.002622500527650118,-6.2808427810668945,-6.772190093994141,6.7695675934664905,6.278220280539244,True,False,True,True
Beauty,A2NQWPJ8EBWM3L,fit,009f5bd170d7847297f055a0c21544322690c087717a44f7965651ff9c275982,2,2,4,0.0,0.0,-7.396224498748779,-7.399849891662598,7.399849891662598,7.396224498748779,True,False,True,True
Beauty,A2NQWPJ8EBWM3L,fit,009f5bd170d7847297f055a0c21544322690c087717a44f7965651ff9c275982,3,1,4,0.0,0.0,0.0,0.0,0.0,0.0,False,False,True,True
Beauty,A2NQWPJ8EBWM3L,fit,009f5bd170d7847297f055a0c21544322690c087717a44f7965651ff9c275982,4,1,4,0.0,0.0,0.0,0.0,0.0,0.0,False,False,True,True
Beauty,A2NQWPJ8EBWM3L,fit,009f5bd170d7847297f055a0c21544322690c087717a44f7965651ff9c275982,5,1,4,0.0,0.0,0.0,0.0,0.0,0.0,False,False,True,True
Beauty,A2NQWPJ8EBWM3L,fit,009f5bd170d7847297f055a0c21544322690c087717a44f7965651ff9c275982,6,1,4,0.0,0.0,0.0,0.0,0.0,0.0,False,False,True,True
Beauty,A2RU3JWVQHGQ44,fit,00a01980cede5035c8af1f1723491b3ecff180a781fb3505019c2e51d94ed618,0,108,2,0.0,-6.7586870193481445,-4.121912479400635,-6.948955535888672,0.19026851654052734,-2.6367745399475098,True,True,True,True
Beauty,A2RU3JWVQHGQ44,fit,00a01980cede5035c8af1f1723491b3ecff180a781fb3505019c2e51d94ed618,1,51,2,0.0,-5.702250003814697,-10.952204704284668,-9.463419914245605,3.761169910430908,5.249954700469971,True,False,True,True
Beauty,A2RU3JWVQHGQ44,fit,00a01980cede5035c8af1f1723491b3ecff180a781fb3505019c2e51d94ed618,2,1,2,0.0,0.0,0.0,0.0,0.0,0.0,False,False,True,True
Beauty,A2RU3JWVQHGQ44,fit,00a01980cede5035c8af1f1723491b3ecff180a781fb3505019c2e51d94ed618,3,1,2,0.0,0.0,0.0,0.0,0.0,0.0,False,False,True,True
Beauty,A2RU3JWVQHGQ44,fit,00a01980cede5035c8af1f1723491b3ecff180a781fb3505019c2e51d94ed618,4,1,2,0.0,0.0,0.0,0.0,0.0,0.0,False,False,True,True
Beauty,A2RU3JWVQHGQ44,fit,00a01980cede5035c8af1f1723491b3ecff180a781fb3505019c2e51d94ed618,5,2,2,0.0,0.0,0.0,0.0,0.0,0.0,False,False,True,True
Beauty,A2RU3JWVQHGQ44,fit,00a01980cede5035c8af1f1723491b3ecff180a781fb3505019c2e51d94ed618,6,1,2,0.0,0.0,0.0,0.0,0.0,0.0,False,False,True,True
Beauty,A3CKLLCH0MDTGH,fit,00a418c6f6ecb124d59321e91b10610b7711509287e1366448eed74d1acde348,0,108,3,0.17647058823529413,-4.902074813842773,-4.803463935852051,-5.4812421798706055,0.579167366027832,-0.09861087799072266,True,True,True,True
Beauty,A3CKLLCH0MDTGH,fit,00a418c6f6ecb124d59321e91b10610b7711509287e1366448eed74d1acde348,1,48,3,0.17647058823529413,-1.8721882104873657,-2.107119083404541,-2.3492071628570557,0.47701895236968994,0.2349308729171753,True,False,True,True
Beauty,A3CKLLCH0MDTGH,fit,00a418c6f6ecb124d59321e91b10610b7711509287e1366448eed74d1acde348,2,3,3,0.17647058823529413,-0.5874654054641724,-1.1884037256240845,-0.947382390499115,0.3599169850349426,0.6009383201599121,True,False,True,True
Beauty,A3CKLLCH0MDTGH,fit,00a418c6f6ecb124d59321e91b10610b7711509287e1366448eed74d1acde348,3,1,3,0.17647058823529413,0.0,0.0,0.0,0.0,0.0,False,False,True,True
Beauty,A3CKLLCH0MDTGH,fit,00a418c6f6ecb124d59321e91b10610b7711509287e1366448eed74d1acde348,4,1,3,0.17647058823529413,0.0,0.0,0.0,0.0,0.0,False,False,True,True
Beauty,A3CKLLCH0MDTGH,fit,00a418c6f6ecb124d59321e91b10610b7711509287e1366448eed74d1acde348,5,1,3,0.17647058823529413,0.0,0.0,0.0,0.0,0.0,False,False,True,True
Beauty,A3CKLLCH0MDTGH,fit,00a418c6f6ecb124d59321e91b10610b7711509287e1366448eed74d1acde348,6,1,3,0.17647058823529413,0.0,0.0,0.0,0.0,0.0,False,False,True,True
Beauty,A1105ZFMT1RC46,fit,00a6c6d1aff3fb0f6eed7020f95b41cf572fc0893fad74a686d349c9b82bfb33,0,108,3,0.0,-6.49568510055542,-6.709641456604004,-5.762009620666504,-0.733675479888916,0.21395635604858398,False,False,True,True
Beauty,A1105ZFMT1RC46,fit,00a6c6d1aff3fb0f6eed7020f95b41cf572fc0893fad74a686d349c9b82bfb33,1,60,3,0.0,-2.1707773208618164,-2.183671474456787,-2.6703529357910156,0.4995756149291992,0.012894153594970703,True,True,True,True
Beauty,A1105ZFMT1RC46,fit,00a6c6d1aff3fb0f6eed7020f95b41cf572fc0893fad74a686d349c9b82bfb33,2,2,3,0.0,0.0,0.0,0.0,0.0,0.0,False,False,True,True
Beauty,A1105ZFMT1RC46,fit,00a6c6d1aff3fb0f6eed7020f95b41cf572fc0893fad74a686d349c9b82bfb33,3,3,3,0.0,-0.9771231412887573,-1.2541874647140503,-1.4856033325195312,0.5084801912307739,0.27706432342529297,True,False,True,True
Beauty,A1105ZFMT1RC46,fit,00a6c6d1aff3fb0f6eed7020f95b41cf572fc0893fad74a686d349c9b82bfb33,4,2,3,0.0,-1.1920928244535389e-07,0.0,0.0,-1.1920928244535389e-07,-1.1920928244535389e-07,False,False,True,True
Beauty,A1105ZFMT1RC46,fit,00a6c6d1aff3fb0f6eed7020f95b41cf572fc0893fad74a686d349c9b82bfb33,5,1,3,0.0,0.0,0.0,0.0,0.0,0.0,False,False,True,True
Beauty,A1105ZFMT1RC46,fit,00a6c6d1aff3fb0f6eed7020f95b41cf572fc0893fad74a686d349c9b82bfb33,6,1,3,0.0,0.0,0.0,0.0,0.0,0.0,False,False,True,True
Beauty,A1DMP09QE7JD6X,fit,00a7baa841cdf4d3049f7719bd8f30386c935c7bd1b303fa034b7cfe8914861e,0,108,2,0.0,-2.0504984855651855,-5.197142124176025,-2.7932097911834717,0.7427113056182861,3.14664363861084,True,False,True,True
Beauty,A1DMP09QE7JD6X,fit,00a7baa841cdf4d3049f7719bd8f30386c935c7bd1b303fa034b7cfe8914861e,1,73,2,0.0,-0.346922904253006,-3.891247510910034,-3.1348023414611816,2.7878794372081757,3.544324606657028,True,False,True,True
Beauty,A1DMP09QE7JD6X,fit,00a7baa841cdf4d3049f7719bd8f30386c935c7bd1b303fa034b7cfe8914861e,2,2,2,0.0,-1.1920928244535389e-07,-7.390948667307384e-06,-3.707340147229843e-05,3.6954192189853075e-05,7.27173938486203e-06,True,True,True,True
Beauty,A1DMP09QE7JD6X,fit,00a7baa841cdf4d3049f7719bd8f30386c935c7bd1b303fa034b7cfe8914861e,3,1,2,0.0,0.0,0.0,0.0,0.0,0.0,False,False,True,True
Beauty,A1DMP09QE7JD6X,fit,00a7baa841cdf4d3049f7719bd8f30386c935c7bd1b303fa034b7cfe8914861e,4,1,2,0.0,0.0,0.0,0.0,0.0,0.0,False,False,True,True
Beauty,A1DMP09QE7JD6X,fit,00a7baa841cdf4d3049f7719bd8f30386c935c7bd1b303fa034b7cfe8914861e,5,1,2,0.0,0.0,0.0,0.0,0.0,0.0,False,False,True,True
Beauty,A1DMP09QE7JD6X,fit,00a7baa841cdf4d3049f7719bd8f30386c935c7bd1b303fa034b7cfe8914861e,6,1,2,0.0,0.0,0.0,0.0,0.0,0.0,False,False,True,True
Beauty,A18AO5KXCW5P3Z,fit,00b44bcfa30cbe6e347c225a82c206a2554564e8c00872ec2021b2d15e5a6f4d,0,108,3,0.0,-4.741790771484375,-4.185741424560547,-4.453051567077637,-0.2887392044067383,-0.5560493469238281,False,False,True,True
Beauty,A18AO5KXCW5P3Z,fit,00b44bcfa30cbe6e347c225a82c206a2554564e8c00872ec2021b2d15e5a6f4d,1,81,3,0.0,-2.840437412261963,-3.854201078414917,-4.795419692993164,1.9549822807312012,1.013763666152954,True,False,True,True
Beauty,A18AO5KXCW5P3Z,fit,00b44bcfa30cbe6e347c225a82c206a2554564e8c00872ec2021b2d15e5a6f4d,2,2,3,0.0,-0.10200012475252151,-1.8617793321609497,-2.2749810218811035,2.172980897128582,1.7597792074084282,True,False,True,True
Beauty,A18AO5KXCW5P3Z,fit,00b44bcfa30cbe6e347c225a82c206a2554564e8c00872ec2021b2d15e5a6f4d,3,1,3,0.0,0.0,0.0,0.0,0.0,0.0,False,False,True,True
Beauty,A18AO5KXCW5P3Z,fit,00b44bcfa30cbe6e347c225a82c206a2554564e8c00872ec2021b2d15e5a6f4d,4,2,3,0.0,-0.6898078322410583,-1.0413517951965332,-1.8895838260650635,1.1997759938240051,0.35154396295547485,True,False,True,True
Beauty,A18AO5KXCW5P3Z,fit,00b44bcfa30cbe6e347c225a82c206a2554564e8c00872ec2021b2d15e5a6f4d,5,1,3,0.0,0.0,0.0,0.0,0.0,0.0,False,False,True,True
Beauty,A18AO5KXCW5P3Z,fit,00b44bcfa30cbe6e347c225a82c206a2554564e8c00872ec2021b2d15e5a6f4d,6,1,3,0.0,0.0,0.0,0.0,0.0,0.0,False,False,True,True
Beauty,AS8SNGQLHL0OE,fit,00bb309f56009afe1376f178cfeff5cf5b7258f8e817fc374247aefcd027ce42,0,108,3,0.0,-3.8263204097747803,-4.458008766174316,-5.365085124969482,1.5387647151947021,0.6316883563995361,True,False,True,True
Beauty,AS8SNGQLHL0OE,fit,00bb309f56009afe1376f178cfeff5cf5b7258f8e817fc374247aefcd027ce42,1,59,3,0.0,-0.7060595154762268,-1.1739156246185303,-0.8988426923751831,0.1927831768989563,0.46785610914230347,True,False,True,True
Beauty,AS8SNGQLHL0OE,fit,00bb309f56009afe1376f178cfeff5cf5b7258f8e817fc374247aefcd027ce42,2,7,3,0.0,-1.4460768699645996,-1.3300096988677979,-1.5345065593719482,0.08842968940734863,-0.11606717109680176,True,True,True,True
Beauty,AS8SNGQLHL0OE,fit,00bb309f56009afe1376f178cfeff5cf5b7258f8e817fc374247aefcd027ce42,3,1,3,0.0,0.0,0.0,0.0,0.0,0.0,False,False,True,True
Beauty,AS8SNGQLHL0OE,fit,00bb309f56009afe1376f178cfeff5cf5b7258f8e817fc374247aefcd027ce42,4,1,3,0.0,0.0,0.0,0.0,0.0,0.0,False,False,True,True
Beauty,AS8SNGQLHL0OE,fit,00bb309f56009afe1376f178cfeff5cf5b7258f8e817fc374247aefcd027ce42,5,1,3,0.0,0.0,0.0,0.0,0.0,0.0,False,False,True,True
Beauty,AS8SNGQLHL0OE,fit,00bb309f56009afe1376f178cfeff5cf5b7258f8e817fc374247aefcd027ce42,6,1,3,0.0,0.0,0.0,0.0,0.0,0.0,False,False,True,True
Beauty,A10M94ASQEBL56,fit,00bb7a623dd2b5c1579a43448ee9bbd502e02525180f4e8e8b1d8baae9912a65,0,108,9,0.0,-2.5861716270446777,-4.150307655334473,-2.997464895248413,0.41129326820373535,1.564136028289795,True,False,True,True
Beauty,A10M94ASQEBL56,fit,00bb7a623dd2b5c1579a43448ee9bbd502e02525180f4e8e8b1d8baae9912a65,1,46,9,0.0,-0.00010632903286023065,-1.8723957538604736,-0.7679849863052368,0.7678786572723766,1.8722894248276134,True,False,True,True
Beauty,A10M94ASQEBL56,fit,00bb7a623dd2b5c1579a43448ee9bbd502e02525180f4e8e8b1d8baae9912a65,2,2,9,0.0,-0.805246114730835,-2.9972145557403564,-2.680408000946045,1.87516188621521,2.1919684410095215,True,False,True,True
Beauty,A10M94ASQEBL56,fit,00bb7a623dd2b5c1579a43448ee9bbd502e02525180f4e8e8b1d8baae9912a65,3,1,9,0.0,0.0,0.0,0.0,0.0,0.0,False,False,True,True
Beauty,A10M94ASQEBL56,fit,00bb7a623dd2b5c1579a43448ee9bbd502e02525180f4e8e8b1d8baae9912a65,4,1,9,0.0,0.0,0.0,0.0,0.0,0.0,False,False,True,True
Beauty,A10M94ASQEBL56,fit,00bb7a623dd2b5c1579a43448ee9bbd502e02525180f4e8e8b1d8baae9912a65,5,1,9,0.0,0.0,0.0,0.0,0.0,0.0,False,False,True,True
Beauty,A10M94ASQEBL56,fit,00bb7a623dd2b5c1579a43448ee9bbd502e02525180f4e8e8b1d8baae9912a65,6,1,9,0.0,0.0,0.0,0.0,0.0,0.0,False,False,True,True
Beauty,A3QVAKVRAH657N,fit,00c3ce89769e35e877da89cc5aab2316d0abbdc506630fd5fcc07db56db51417,0,108,6,0.1111111111111111,-3.050826072692871,-4.2770819664001465,-4.68519401550293,1.6343679428100586,1.2262558937072754,True,False,True,True
Beauty,A3QVAKVRAH657N,fit,00c3ce89769e35e877da89cc5aab2316d0abbdc506630fd5fcc07db56db51417,1,53,6,0.1111111111111111,-0.4551565647125244,-2.121523857116699,-2.3947176933288574,1.939561128616333,1.6663672924041748,True,False,True,True
Beauty,A3QVAKVRAH657N,fit,00c3ce89769e35e877da89cc5aab2316d0abbdc506630fd5fcc07db56db51417,2,1,6,0.1111111111111111,0.0,0.0,0.0,0.0,0.0,False,False,True,True
Beauty,A3QVAKVRAH657N,fit,00c3ce89769e35e877da89cc5aab2316d0abbdc506630fd5fcc07db56db51417,3,1,6,0.1111111111111111,0.0,0.0,0.0,0.0,0.0,False,False,True,True
Beauty,A3QVAKVRAH657N,fit,00c3ce89769e35e877da89cc5aab2316d0abbdc506630fd5fcc07db56db51417,4,1,6,0.1111111111111111,0.0,0.0,0.0,0.0,0.0,False,False,True,True
Beauty,A3QVAKVRAH657N,fit,00c3ce89769e35e877da89cc5aab2316d0abbdc506630fd5fcc07db56db51417,5,1,6,0.1111111111111111,0.0,0.0,0.0,0.0,0.0,False,False,True,True
Beauty,A3QVAKVRAH657N,fit,00c3ce89769e35e877da89cc5aab2316d0abbdc506630fd5fcc07db56db51417,6,1,6,0.1111111111111111,0.0,0.0,0.0,0.0,0.0,False,False,True,True
Beauty,A1RZ0J2CZZJOTX,fit,00cbca100e9b61e188b307eb2305b59272eaf494f2c29828489cf4d19f99442e,0,108,20,0.1111111111111111,-1.8228223323822021,-3.5509450435638428,-3.0447940826416016,1.2219717502593994,1.7281227111816406,True,False,True,True
Beauty,A1RZ0J2CZZJOTX,fit,00cbca100e9b61e188b307eb2305b59272eaf494f2c29828489cf4d19f99442e,1,27,20,0.1111111111111111,-0.0055153584107756615,-1.1085460186004639,-2.8698830604553223,2.8643677020445466,1.1030306601896882,True,False,True,True
Beauty,A1RZ0J2CZZJOTX,fit,00cbca100e9b61e188b307eb2305b59272eaf494f2c29828489cf4d19f99442e,2,1,20,0.1111111111111111,0.0,0.0,0.0,0.0,0.0,False,False,True,True
Beauty,A1RZ0J2CZZJOTX,fit,00cbca100e9b61e188b307eb2305b59272eaf494f2c29828489cf4d19f99442e,3,1,20,0.1111111111111111,0.0,0.0,0.0,0.0,0.0,False,False,True,True
Beauty,A1RZ0J2CZZJOTX,fit,00cbca100e9b61e188b307eb2305b59272eaf494f2c29828489cf4d19f99442e,4,1,20,0.1111111111111111,0.0,0.0,0.0,0.0,0.0,False,False,True,True
Beauty,A1RZ0J2CZZJOTX,fit,00cbca100e9b61e188b307eb2305b59272eaf494f2c29828489cf4d19f99442e,5,1,20,0.1111111111111111,0.0,0.0,0.0,0.0,0.0,False,False,True,True
Beauty,A1RZ0J2CZZJOTX,fit,00cbca100e9b61e188b307eb2305b59272eaf494f2c29828489cf4d19f99442e,6,1,20,0.1111111111111111,0.0,0.0,0.0,0.0,0.0,False,False,True,True
Beauty,A3V1A3C9DTLPME,fit,00cc16f8326c1a188bb1d505a6630ec4fe24a6da375fe2dbf955131cb7078414,0,108,4,0.0,-0.6647077202796936,-2.1475284099578857,-1.5589373111724854,0.8942295908927917,1.4828206896781921,True,False,True,True
Beauty,A3V1A3C9DTLPME,fit,00cc16f8326c1a188bb1d505a6630ec4fe24a6da375fe2dbf955131cb7078414,1,151,4,0.0,-0.2616424858570099,-3.4527382850646973,-3.630422353744507,3.368779867887497,3.1910957992076874,True,False,True,True
Beauty,A3V1A3C9DTLPME,fit,00cc16f8326c1a188bb1d505a6630ec4fe24a6da375fe2dbf955131cb7078414,2,6,4,0.0,-1.1920928244535389e-07,-1.0587291717529297,-0.8594763278961182,0.8594762086868357,1.0587290525436472,True,False,True,True
Beauty,A3V1A3C9DTLPME,fit,00cc16f8326c1a188bb1d505a6630ec4fe24a6da375fe2dbf955131cb7078414,3,1,4,0.0,0.0,0.0,0.0,0.0,0.0,False,False,True,True
Beauty,A3V1A3C9DTLPME,fit,00cc16f8326c1a188bb1d505a6630ec4fe24a6da375fe2dbf955131cb7078414,4,1,4,0.0,0.0,0.0,0.0,0.0,0.0,False,False,True,True
Beauty,A3V1A3C9DTLPME,fit,00cc16f8326c1a188bb1d505a6630ec4fe24a6da375fe2dbf955131cb7078414,5,1,4,0.0,0.0,0.0,0.0,0.0,0.0,False,False,True,True
Beauty,A3V1A3C9DTLPME,fit,00cc16f8326c1a188bb1d505a6630ec4fe24a6da375fe2dbf955131cb7078414,6,1,4,0.0,0.0,0.0,0.0,0.0,0.0,False,False,True,True
Beauty,A13FMYPPKHS7U4,fit,00cc9cd7f61bc3a97db96e6c799b3e78787ac0481d565be3d8fcd906137c29e4,0,108,5,0.0,-2.313526153564453,-4.541450500488281,-3.6390931606292725,1.3255670070648193,2.227924346923828,True,False,True,True
Beauty,A13FMYPPKHS7U4,fit,00cc9cd7f61bc3a97db96e6c799b3e78787ac0481d565be3d8fcd906137c29e4,1,73,5,0.0,-7.990550994873047,-8.829618453979492,-8.925625801086426,0.9350748062133789,0.8390674591064453,True,False,True,True
Beauty,A13FMYPPKHS7U4,fit,00cc9cd7f61bc3a97db96e6c799b3e78787ac0481d565be3d8fcd906137c29e4,2,2,5,0.0,-4.925394535064697,-4.854168891906738,-4.645114898681641,-0.28027963638305664,-0.07122564315795898,False,False,True,True
Beauty,A13FMYPPKHS7U4,fit,00cc9cd7f61bc3a97db96e6c799b3e78787ac0481d565be3d8fcd906137c29e4,3,1,5,0.0,0.0,0.0,0.0,0.0,0.0,False,False,True,True
Beauty,A13FMYPPKHS7U4,fit,00cc9cd7f61bc3a97db96e6c799b3e78787ac0481d565be3d8fcd906137c29e4,4,1,5,0.0,0.0,0.0,0.0,0.0,0.0,False,False,True,True
Beauty,A13FMYPPKHS7U4,fit,00cc9cd7f61bc3a97db96e6c799b3e78787ac0481d565be3d8fcd906137c29e4,5,1,5,0.0,0.0,0.0,0.0,0.0,0.0,False,False,True,True
Beauty,A13FMYPPKHS7U4,fit,00cc9cd7f61bc3a97db96e6c799b3e78787ac0481d565be3d8fcd906137c29e4,6,1,5,0.0,0.0,0.0,0.0,0.0,0.0,False,False,True,True
Beauty,A2CVXUY1EYQGGA,fit,00d221502af36ddadd3340ec1e7b9335f607e59af6b1a300057456c65e4d94f9,0,108,4,0.0,-1.5287753343582153,-4.423041343688965,-3.1104326248168945,1.5816572904586792,2.8942660093307495,True,False,True,True
Beauty,A2CVXUY1EYQGGA,fit,00d221502af36ddadd3340ec1e7b9335f607e59af6b1a300057456c65e4d94f9,1,59,4,0.0,-2.5901737213134766,-6.093193054199219,-5.629305839538574,3.0391321182250977,3.503019332885742,True,False,True,True
Beauty,A2CVXUY1EYQGGA,fit,00d221502af36ddadd3340ec1e7b9335f607e59af6b1a300057456c65e4d94f9,2,1,4,0.0,0.0,0.0,0.0,0.0,0.0,False,False,True,True
Beauty,A2CVXUY1EYQGGA,fit,00d221502af36ddadd3340ec1e7b9335f607e59af6b1a300057456c65e4d94f9,3,1,4,0.0,0.0,0.0,0.0,0.0,0.0,False,False,True,True
Beauty,A2CVXUY1EYQGGA,fit,00d221502af36ddadd3340ec1e7b9335f607e59af6b1a300057456c65e4d94f9,4,1,4,0.0,0.0,0.0,0.0,0.0,0.0,False,False,True,True
Beauty,A2CVXUY1EYQGGA,fit,00d221502af36ddadd3340ec1e7b9335f607e59af6b1a300057456c65e4d94f9,5,1,4,0.0,0.0,0.0,0.0,0.0,0.0,False,False,True,True
Beauty,A2CVXUY1EYQGGA,fit,00d221502af36ddadd3340ec1e7b9335f607e59af6b1a300057456c65e4d94f9,6,1,4,0.0,0.0,0.0,0.0,0.0,0.0,False,False,True,True
Beauty,AAKR4DL4GBINL,fit,00dc207fab9e6fd2f46fbf55d8125fa4f45fd6ca7514b3dd0ef89d4608efeee1,0,108,3,0.0,-4.489446640014648,-4.757297515869141,-5.039724349975586,0.5502777099609375,0.2678508758544922,True,False,True,True
Beauty,AAKR4DL4GBINL,fit,00dc207fab9e6fd2f46fbf55d8125fa4f45fd6ca7514b3dd0ef89d4608efeee1,1,126,3,0.0,-4.75424337387085,-5.009059906005859,-4.808624744415283,0.054381370544433594,0.25481653213500977,True,False,True,True
Beauty,AAKR4DL4GBINL,fit,00dc207fab9e6fd2f46fbf55d8125fa4f45fd6ca7514b3dd0ef89d4608efeee1,2,1,3,0.0,0.0,0.0,0.0,0.0,0.0,False,False,True,True
Beauty,AAKR4DL4GBINL,fit,00dc207fab9e6fd2f46fbf55d8125fa4f45fd6ca7514b3dd0ef89d4608efeee1,3,1,3,0.0,0.0,0.0,0.0,0.0,0.0,False,False,True,True
Beauty,AAKR4DL4GBINL,fit,00dc207fab9e6fd2f46fbf55d8125fa4f45fd6ca7514b3dd0ef89d4608efeee1,4,1,3,0.0,0.0,0.0,0.0,0.0,0.0,False,False,True,True
Beauty,AAKR4DL4GBINL,fit,00dc207fab9e6fd2f46fbf55d8125fa4f45fd6ca7514b3dd0ef89d4608efeee1,5,1,3,0.0,0.0,0.0,0.0,0.0,0.0,False,False,True,True
Beauty,AAKR4DL4GBINL,fit,00dc207fab9e6fd2f46fbf55d8125fa4f45fd6ca7514b3dd0ef89d4608efeee1,6,1,3,0.0,0.0,0.0,0.0,0.0,0.0,False,False,True,True
Beauty,A1I92SYJD5QION,fit,00edcc7837ab9875e41e76de5fb1ead25010b74586c219600f90836483a1445d,0,108,3,0.0,-4.91726541519165,-4.628111839294434,-5.311206340789795,0.39394092559814453,-0.2891535758972168,True,True,True,True
Beauty,A1I92SYJD5QION,fit,00edcc7837ab9875e41e76de5fb1ead25010b74586c219600f90836483a1445d,1,78,3,0.0,-2.453341484069824,-2.7538039684295654,-2.2269539833068848,-0.22638750076293945,0.3004624843597412,False,False,True,True
Beauty,A1I92SYJD5QION,fit,00edcc7837ab9875e41e76de5fb1ead25010b74586c219600f90836483a1445d,2,2,3,0.0,-0.11829216778278351,-0.25824540853500366,-0.08244553208351135,-0.035846635699272156,0.13995324075222015,False,False,True,True
Beauty,A1I92SYJD5QION,fit,00edcc7837ab9875e41e76de5fb1ead25010b74586c219600f90836483a1445d,3,2,3,0.0,-0.0006331584881991148,-0.0008831891464069486,-0.0010933857411146164,0.0004602272529155016,0.00025003065820783377,True,True,True,True
Beauty,A1I92SYJD5QION,fit,00edcc7837ab9875e41e76de5fb1ead25010b74586c219600f90836483a1445d,4,1,3,0.0,0.0,0.0,0.0,0.0,0.0,False,False,True,True
Beauty,A1I92SYJD5QION,fit,00edcc7837ab9875e41e76de5fb1ead25010b74586c219600f90836483a1445d,5,1,3,0.0,0.0,0.0,0.0,0.0,0.0,False,False,True,True
Beauty,A1I92SYJD5QION,fit,00edcc7837ab9875e41e76de5fb1ead25010b74586c219600f90836483a1445d,6,1,3,0.0,0.0,0.0,0.0,0.0,0.0,False,False,True,True
Beauty,A2G4F1QTM00GQX,fit,00f10669ca2098701326b511007c18d9fa4576dfa22bede0587de7e279e0f405,0,108,3,0.0,-3.0891709327697754,-4.240440368652344,-3.4049384593963623,0.3157675266265869,1.1512694358825684,True,False,True,True
Beauty,A2G4F1QTM00GQX,fit,00f10669ca2098701326b511007c18d9fa4576dfa22bede0587de7e279e0f405,1,212,3,0.0,-6.68129301071167,-6.996987342834473,-6.473633766174316,-0.20765924453735352,0.31569433212280273,False,False,True,True
Beauty,A2G4F1QTM00GQX,fit,00f10669ca2098701326b511007c18d9fa4576dfa22bede0587de7e279e0f405,2,3,3,0.0,-1.2730180025100708,-1.0100481510162354,-1.0442771911621094,-0.22874081134796143,-0.26296985149383545,False,False,True,True
Beauty,A2G4F1QTM00GQX,fit,00f10669ca2098701326b511007c18d9fa4576dfa22bede0587de7e279e0f405,3,1,3,0.0,0.0,0.0,0.0,0.0,0.0,False,False,True,True
Beauty,A2G4F1QTM00GQX,fit,00f10669ca2098701326b511007c18d9fa4576dfa22bede0587de7e279e0f405,4,1,3,0.0,0.0,0.0,0.0,0.0,0.0,False,False,True,True
Beauty,A2G4F1QTM00GQX,fit,00f10669ca2098701326b511007c18d9fa4576dfa22bede0587de7e279e0f405,5,1,3,0.0,0.0,0.0,0.0,0.0,0.0,False,False,True,True
Beauty,A2G4F1QTM00GQX,fit,00f10669ca2098701326b511007c18d9fa4576dfa22bede0587de7e279e0f405,6,1,3,0.0,0.0,0.0,0.0,0.0,0.0,False,False,True,True
Beauty,A39M37UYOQ7O8I,fit,00f4dcbb111d00d4994f1d70e66416169b3ea6ac01ee559baafae31d5e4aff11,0,108,3,0.0,-5.263869285583496,-5.268589496612549,-5.365297317504883,0.10142803192138672,0.004720211029052734,True,True,True,True
Beauty,A39M37UYOQ7O8I,fit,00f4dcbb111d00d4994f1d70e66416169b3ea6ac01ee559baafae31d5e4aff11,1,112,3,0.0,-3.863415241241455,-3.715925931930542,-3.4929394721984863,-0.37047576904296875,-0.14748930931091309,False,False,True,True
Beauty,A39M37UYOQ7O8I,fit,00f4dcbb111d00d4994f1d70e66416169b3ea6ac01ee559baafae31d5e4aff11,2,1,3,0.0,0.0,0.0,0.0,0.0,0.0,False,False,True,True
Beauty,A39M37UYOQ7O8I,fit,00f4dcbb111d00d4994f1d70e66416169b3ea6ac01ee559baafae31d5e4aff11,3,2,3,0.0,-0.39023977518081665,-0.5479146838188171,-0.5516612529754639,0.16142147779464722,0.1576749086380005,True,False,True,True
Beauty,A39M37UYOQ7O8I,fit,00f4dcbb111d00d4994f1d70e66416169b3ea6ac01ee559baafae31d5e4aff11,4,1,3,0.0,0.0,0.0,0.0,0.0,0.0,False,False,True,True
Beauty,A39M37UYOQ7O8I,fit,00f4dcbb111d00d4994f1d70e66416169b3ea6ac01ee559baafae31d5e4aff11,5,1,3,0.0,0.0,0.0,0.0,0.0,0.0,False,False,True,True
Beauty,A39M37UYOQ7O8I,fit,00f4dcbb111d00d4994f1d70e66416169b3ea6ac01ee559baafae31d5e4aff11,6,1,3,0.0,0.0,0.0,0.0,0.0,0.0,False,False,True,True
Beauty,A2BLRRNYU9XO9R,fit,00f5c2259e34070739c058b052f8c6b623395022814aa2a51de229f3563f7fc6,0,108,7,0.0,-5.862513065338135,-5.753878593444824,-6.264151096343994,0.4016380310058594,-0.10863447189331055,True,True,True,True
Beauty,A2BLRRNYU9XO9R,fit,00f5c2259e34070739c058b052f8c6b623395022814aa2a51de229f3563f7fc6,1,53,7,0.0,-4.94260311126709,-4.146067142486572,-6.645249366760254,1.702646255493164,-0.7965359687805176,True,True,True,True
Beauty,A2BLRRNYU9XO9R,fit,00f5c2259e34070739c058b052f8c6b623395022814aa2a51de229f3563f7fc6,2,1,7,0.0,0.0,0.0,0.0,0.0,0.0,False,False,True,True
Beauty,A2BLRRNYU9XO9R,fit,00f5c2259e34070739c058b052f8c6b623395022814aa2a51de229f3563f7fc6,3,1,7,0.0,0.0,0.0,0.0,0.0,0.0,False,False,True,True
Beauty,A2BLRRNYU9XO9R,fit,00f5c2259e34070739c058b052f8c6b623395022814aa2a51de229f3563f7fc6,4,1,7,0.0,0.0,0.0,0.0,0.0,0.0,False,False,True,True
Beauty,A2BLRRNYU9XO9R,fit,00f5c2259e34070739c058b052f8c6b623395022814aa2a51de229f3563f7fc6,5,1,7,0.0,0.0,0.0,0.0,0.0,0.0,False,False,True,True
Beauty,A2BLRRNYU9XO9R,fit,00f5c2259e34070739c058b052f8c6b623395022814aa2a51de229f3563f7fc6,6,1,7,0.0,0.0,0.0,0.0,0.0,0.0,False,False,True,True
Beauty,A25330LLZWPAM2,fit,01031f3719c27ec2703268301cec06b2421fd6016a1fbb726e93535d7ee66cb3,0,108,4,0.0,-3.798999786376953,-4.418501377105713,-4.22867488861084,0.4296751022338867,0.6195015907287598,True,False,True,True
Beauty,A25330LLZWPAM2,fit,01031f3719c27ec2703268301cec06b2421fd6016a1fbb726e93535d7ee66cb3,1,64,4,0.0,-1.8119295835494995,-2.267681121826172,-3.596130609512329,1.7842010259628296,0.45575153827667236,True,False,True,True
Beauty,A25330LLZWPAM2,fit,01031f3719c27ec2703268301cec06b2421fd6016a1fbb726e93535d7ee66cb3,2,2,4,0.0,-0.03158905729651451,-0.04905642941594124,-0.017498750239610672,-0.014090307056903839,0.017467372119426727,False,False,True,True
Beauty,A25330LLZWPAM2,fit,01031f3719c27ec2703268301cec06b2421fd6016a1fbb726e93535d7ee66cb3,3,1,4,0.0,0.0,0.0,0.0,0.0,0.0,False,False,True,True
Beauty,A25330LLZWPAM2,fit,01031f3719c27ec2703268301cec06b2421fd6016a1fbb726e93535d7ee66cb3,4,1,4,0.0,0.0,0.0,0.0,0.0,0.0,False,False,True,True
Beauty,A25330LLZWPAM2,fit,01031f3719c27ec2703268301cec06b2421fd6016a1fbb726e93535d7ee66cb3,5,1,4,0.0,0.0,0.0,0.0,0.0,0.0,False,False,True,True
Beauty,A25330LLZWPAM2,fit,01031f3719c27ec2703268301cec06b2421fd6016a1fbb726e93535d7ee66cb3,6,1,4,0.0,0.0,0.0,0.0,0.0,0.0,False,False,True,True
Beauty,A1V5S8J026YL8B,fit,01055efa9ce75c859addd6f5e65b903ad6baf5410b7acd5d91660a260c95b789,0,108,2,0.17647058823529413,-6.23939323425293,-6.818338871002197,-5.9236907958984375,-0.3157024383544922,0.5789456367492676,False,False,True,True
Beauty,A1V5S8J026YL8B,fit,01055efa9ce75c859addd6f5e65b903ad6baf5410b7acd5d91660a260c95b789,1,21,2,0.17647058823529413,-3.2933974266052246,-4.486586570739746,-3.9740684032440186,0.680670976638794,1.1931891441345215,True,False,True,True
Beauty,A1V5S8J026YL8B,fit,01055efa9ce75c859addd6f5e65b903ad6baf5410b7acd5d91660a260c95b789,2,1,2,0.17647058823529413,0.0,0.0,0.0,0.0,0.0,False,False,True,True
Beauty,A1V5S8J026YL8B,fit,01055efa9ce75c859addd6f5e65b903ad6baf5410b7acd5d91660a260c95b789,3,1,2,0.17647058823529413,0.0,0.0,0.0,0.0,0.0,False,False,True,True
Beauty,A1V5S8J026YL8B,fit,01055efa9ce75c859addd6f5e65b903ad6baf5410b7acd5d91660a260c95b789,4,2,2,0.17647058823529413,-4.708655978902243e-05,-1.3947389561508317e-05,-7.438383181579411e-05,2.729727202677168e-05,-3.3139170227514114e-05,True,True,True,True
Beauty,A1V5S8J026YL8B,fit,01055efa9ce75c859addd6f5e65b903ad6baf5410b7acd5d91660a260c95b789,5,1,2,0.17647058823529413,0.0,0.0,0.0,0.0,0.0,False,False,True,True
Beauty,A1V5S8J026YL8B,fit,01055efa9ce75c859addd6f5e65b903ad6baf5410b7acd5d91660a260c95b789,6,1,2,0.17647058823529413,0.0,0.0,0.0,0.0,0.0,False,False,True,True
Beauty,A3SIH7QQNDCFIB,fit,010cd2f703da2ecd106c0e17e63ed38646953db78924018390893b35626d7430,0,108,3,0.0,-0.20498265326023102,-1.1382108926773071,-0.3871111273765564,0.18212847411632538,0.9332282394170761,True,False,True,True
Beauty,A3SIH7QQNDCFIB,fit,010cd2f703da2ecd106c0e17e63ed38646953db78924018390893b35626d7430,1,30,3,0.0,-3.284916400909424,-0.5886582732200623,-2.208176612854004,-1.07673978805542,-2.6962581276893616,False,False,True,True
Beauty,A3SIH7QQNDCFIB,fit,010cd2f703da2ecd106c0e17e63ed38646953db78924018390893b35626d7430,2,6,3,0.0,-1.706113338470459,-2.5087060928344727,-1.989100694656372,0.2829873561859131,0.8025927543640137,True,False,True,True
Beauty,A3SIH7QQNDCFIB,fit,010cd2f703da2ecd106c0e17e63ed38646953db78924018390893b35626d7430,3,1,3,0.0,0.0,0.0,0.0,0.0,0.0,False,False,True,True
Beauty,A3SIH7QQNDCFIB,fit,010cd2f703da2ecd106c0e17e63ed38646953db78924018390893b35626d7430,4,1,3,0.0,0.0,0.0,0.0,0.0,0.0,False,False,True,True
Beauty,A3SIH7QQNDCFIB,fit,010cd2f703da2ecd106c0e17e63ed38646953db78924018390893b35626d7430,5,1,3,0.0,0.0,0.0,0.0,0.0,0.0,False,False,True,True
Beauty,A3SIH7QQNDCFIB,fit,010cd2f703da2ecd106c0e17e63ed38646953db78924018390893b35626d7430,6,1,3,0.0,0.0,0.0,0.0,0.0,0.0,False,False,True,True
Beauty,A1JKVK3MC5VRLU,fit,010ffc71720f876ea8378179215cfe661341aa4134fcbd474df6c4b03fb701a6,0,108,3,0.0,-2.9903476238250732,-2.3266005516052246,-2.686387062072754,-0.30396056175231934,-0.6637470722198486,False,False,True,True
Beauty,A1JKVK3MC5VRLU,fit,010ffc71720f876ea8378179215cfe661341aa4134fcbd474df6c4b03fb701a6,1,255,3,0.0,-2.5599589347839355,-4.628458023071289,-3.4168944358825684,0.8569355010986328,2.0684990882873535,True,False,True,True
Beauty,A1JKVK3MC5VRLU,fit,010ffc71720f876ea8378179215cfe661341aa4134fcbd474df6c4b03fb701a6,2,1,3,0.0,0.0,0.0,0.0,0.0,0.0,False,False,True,True
Beauty,A1JKVK3MC5VRLU,fit,010ffc71720f876ea8378179215cfe661341aa4134fcbd474df6c4b03fb701a6,3,1,3,0.0,0.0,0.0,0.0,0.0,0.0,False,False,True,True
Beauty,A1JKVK3MC5VRLU,fit,010ffc71720f876ea8378179215cfe661341aa4134fcbd474df6c4b03fb701a6,4,1,3,0.0,0.0,0.0,0.0,0.0,0.0,False,False,True,True
Beauty,A1JKVK3MC5VRLU,fit,010ffc71720f876ea8378179215cfe661341aa4134fcbd474df6c4b03fb701a6,5,1,3,0.0,0.0,0.0,0.0,0.0,0.0,False,False,True,True
Beauty,A1JKVK3MC5VRLU,fit,010ffc71720f876ea8378179215cfe661341aa4134fcbd474df6c4b03fb701a6,6,1,3,0.0,0.0,0.0,0.0,0.0,0.0,False,False,True,True
Beauty,A34H90POFYRHGT,fit,011128de95e762c22edf9d14d752f90a0f385e581005e0bbb13d7b88b5c44674,0,108,2,0.0,-2.85683536529541,-3.361614942550659,-1.526378870010376,-1.3304564952850342,0.504779577255249,False,False,True,True
Beauty,A34H90POFYRHGT,fit,011128de95e762c22edf9d14d752f90a0f385e581005e0bbb13d7b88b5c44674,1,53,2,0.0,-1.2231276035308838,-2.4023795127868652,-2.56760835647583,1.3444807529449463,1.1792519092559814,True,False,True,True
Beauty,A34H90POFYRHGT,fit,011128de95e762c22edf9d14d752f90a0f385e581005e0bbb13d7b88b5c44674,2,19,2,0.0,-1.5620291233062744,-5.145415306091309,-5.897275924682617,4.335246801376343,3.583386182785034,True,False,True,True
Beauty,A34H90POFYRHGT,fit,011128de95e762c22edf9d14d752f90a0f385e581005e0bbb13d7b88b5c44674,3,1,2,0.0,0.0,0.0,0.0,0.0,0.0,False,False,True,True
Beauty,A34H90POFYRHGT,fit,011128de95e762c22edf9d14d752f90a0f385e581005e0bbb13d7b88b5c44674,4,1,2,0.0,0.0,0.0,0.0,0.0,0.0,False,False,True,True
Beauty,A34H90POFYRHGT,fit,011128de95e762c22edf9d14d752f90a0f385e581005e0bbb13d7b88b5c44674,5,1,2,0.0,0.0,0.0,0.0,0.0,0.0,False,False,True,True
Beauty,A34H90POFYRHGT,fit,011128de95e762c22edf9d14d752f90a0f385e581005e0bbb13d7b88b5c44674,6,1,2,0.0,0.0,0.0,0.0,0.0,0.0,False,False,True,True
Beauty,ATCO1MR1GTK1T,fit,0122591183182852fc320e233c0ba06b80d66c391ea168aa4f2c578b495f63d1,0,108,2,0.0,-2.8486998081207275,-3.1426219940185547,-2.5890579223632812,-0.2596418857574463,0.29392218589782715,False,False,True,True
Beauty,ATCO1MR1GTK1T,fit,0122591183182852fc320e233c0ba06b80d66c391ea168aa4f2c578b495f63d1,1,90,2,0.0,-1.6324589252471924,-2.364168643951416,-4.5208892822265625,2.88843035697937,0.7317097187042236,True,False,True,True
Beauty,ATCO1MR1GTK1T,fit,0122591183182852fc320e233c0ba06b80d66c391ea168aa4f2c578b495f63d1,2,2,2,0.0,-0.00868814904242754,-0.007272201124578714,-0.053831636905670166,0.045143487863242626,-0.0014159479178488255,True,True,True,True
Beauty,ATCO1MR1GTK1T,fit,0122591183182852fc320e233c0ba06b80d66c391ea168aa4f2c578b495f63d1,3,1,2,0.0,0.0,0.0,0.0,0.0,0.0,False,False,True,True
Beauty,ATCO1MR1GTK1T,fit,0122591183182852fc320e233c0ba06b80d66c391ea168aa4f2c578b495f63d1,4,1,2,0.0,0.0,0.0,0.0,0.0,0.0,False,False,True,True
Beauty,ATCO1MR1GTK1T,fit,0122591183182852fc320e233c0ba06b80d66c391ea168aa4f2c578b495f63d1,5,1,2,0.0,0.0,0.0,0.0,0.0,0.0,False,False,True,True
Beauty,ATCO1MR1GTK1T,fit,0122591183182852fc320e233c0ba06b80d66c391ea168aa4f2c578b495f63d1,6,1,2,0.0,0.0,0.0,0.0,0.0,0.0,False,False,True,True
Beauty,A2RGE6WNAYPSD5,fit,012418a9a6f7f1f1c08b2dce99d226444a915708963b0e85a586cb8e8253abcf,0,108,2,0.0,-0.3609127402305603,-2.3540432453155518,-1.0944398641586304,0.7335271239280701,1.9931305050849915,True,False,True,True
Beauty,A2RGE6WNAYPSD5,fit,012418a9a6f7f1f1c08b2dce99d226444a915708963b0e85a586cb8e8253abcf,1,133,2,0.0,-0.06809376925230026,-0.6887943148612976,-0.942975640296936,0.8748818710446358,0.6207005456089973,True,False,True,True
Beauty,A2RGE6WNAYPSD5,fit,012418a9a6f7f1f1c08b2dce99d226444a915708963b0e85a586cb8e8253abcf,2,3,2,0.0,-1.2594057321548462,-0.10394980013370514,-0.39729049801826477,-0.8621152341365814,-1.155455932021141,False,False,True,True
Beauty,A2RGE6WNAYPSD5,fit,012418a9a6f7f1f1c08b2dce99d226444a915708963b0e85a586cb8e8253abcf,3,2,2,0.0,-0.0010244365548714995,-0.00012027494085486978,-0.0010381315369158983,1.3694982044398785e-05,-0.0009041616140166298,True,True,True,True
Beauty,A2RGE6WNAYPSD5,fit,012418a9a6f7f1f1c08b2dce99d226444a915708963b0e85a586cb8e8253abcf,4,1,2,0.0,0.0,0.0,0.0,0.0,0.0,False,False,True,True
Beauty,A2RGE6WNAYPSD5,fit,012418a9a6f7f1f1c08b2dce99d226444a915708963b0e85a586cb8e8253abcf,5,1,2,0.0,0.0,0.0,0.0,0.0,0.0,False,False,True,True
Beauty,A2RGE6WNAYPSD5,fit,012418a9a6f7f1f1c08b2dce99d226444a915708963b0e85a586cb8e8253abcf,6,2,2,0.0,-0.037029869854450226,-0.013333558104932308,-0.017126990482211113,-0.019902879372239113,-0.023696311749517918,False,False,True,True
Beauty,A2RGE6WNAYPSD5,fit,012418a9a6f7f1f1c08b2dce99d226444a915708963b0e85a586cb8e8253abcf,7,6,2,0.0,-3.864086627960205,-3.610602378845215,-3.2900896072387695,-0.5739970207214355,-0.25348424911499023,False,False,True,True
Beauty,A2L9OPJAAEK08Q,fit,012be8820825dbd86277c218909816cc8a0a66c963f7eddebcf6fb17c22cc6e2,0,108,4,0.0,-4.230502128601074,-7.888480186462402,-6.722484588623047,2.4919824600219727,3.657978057861328,True,False,True,True
Beauty,A2L9OPJAAEK08Q,fit,012be8820825dbd86277c218909816cc8a0a66c963f7eddebcf6fb17c22cc6e2,1,8,4,0.0,-0.0023581574205309153,-4.709334373474121,-6.212646007537842,6.210287850117311,4.70697621605359,True,False,True,True
Beauty,A2L9OPJAAEK08Q,fit,012be8820825dbd86277c218909816cc8a0a66c963f7eddebcf6fb17c22cc6e2,2,1,4,0.0,0.0,0.0,0.0,0.0,0.0,False,False,True,True
Beauty,A2L9OPJAAEK08Q,fit,012be8820825dbd86277c218909816cc8a0a66c963f7eddebcf6fb17c22cc6e2,3,1,4,0.0,0.0,0.0,0.0,0.0,0.0,False,False,True,True
Beauty,A2L9OPJAAEK08Q,fit,012be8820825dbd86277c218909816cc8a0a66c963f7eddebcf6fb17c22cc6e2,4,1,4,0.0,0.0,0.0,0.0,0.0,0.0,False,False,True,True
Beauty,A2L9OPJAAEK08Q,fit,012be8820825dbd86277c218909816cc8a0a66c963f7eddebcf6fb17c22cc6e2,5,1,4,0.0,0.0,0.0,0.0,0.0,0.0,False,False,True,True
Beauty,A2L9OPJAAEK08Q,fit,012be8820825dbd86277c218909816cc8a0a66c963f7eddebcf6fb17c22cc6e2,6,1,4,0.0,0.0,0.0,0.0,0.0,0.0,False,False,True,True
Beauty,ARVD852Y0IZVL,fit,012da5845b04f9423cd0c6fc6ae5425199e80b784cba47306d3811a33c0698cc,0,108,6,0.0,-4.431765556335449,-5.869823455810547,-5.294458866119385,0.8626933097839355,1.4380578994750977,True,False,True,True
Beauty,ARVD852Y0IZVL,fit,012da5845b04f9423cd0c6fc6ae5425199e80b784cba47306d3811a33c0698cc,1,38,6,0.0,-1.2628365755081177,-1.2404320240020752,-2.238166332244873,0.9753297567367554,-0.02240455150604248,True,True,True,True
Beauty,ARVD852Y0IZVL,fit,012da5845b04f9423cd0c6fc6ae5425199e80b784cba47306d3811a33c0698cc,2,6,6,0.0,-1.9351742267608643,-2.342318534851074,-1.760852336883545,-0.17432188987731934,0.40714430809020996,False,False,True,True
Beauty,ARVD852Y0IZVL,fit,012da5845b04f9423cd0c6fc6ae5425199e80b784cba47306d3811a33c0698cc,3,1,6,0.0,0.0,0.0,0.0,0.0,0.0,False,False,True,True
Beauty,ARVD852Y0IZVL,fit,012da5845b04f9423cd0c6fc6ae5425199e80b784cba47306d3811a33c0698cc,4,1,6,0.0,0.0,0.0,0.0,0.0,0.0,False,False,True,True
Beauty,ARVD852Y0IZVL,fit,012da5845b04f9423cd0c6fc6ae5425199e80b784cba47306d3811a33c0698cc,5,1,6,0.0,0.0,0.0,0.0,0.0,0.0,False,False,True,True
Beauty,ARVD852Y0IZVL,fit,012da5845b04f9423cd0c6fc6ae5425199e80b784cba47306d3811a33c0698cc,6,1,6,0.0,0.0,0.0,0.0,0.0,0.0,False,False,True,True
Beauty,AFL8SPKMGCBR8,fit,0137d4ee6b6841bc8ed197da254e8998333b5b16b6f97b4c679cd313f5a121c2,0,108,2,0.0,-4.001192092895508,-4.369389533996582,-4.6329498291015625,0.6317577362060547,0.3681974411010742,True,False,True,True
Beauty,AFL8SPKMGCBR8,fit,0137d4ee6b6841bc8ed197da254e8998333b5b16b6f97b4c679cd313f5a121c2,1,89,2,0.0,-0.560508131980896,-1.190433382987976,-0.3068627715110779,-0.2536453604698181,0.6299252510070801,False,False,True,True
Beauty,AFL8SPKMGCBR8,fit,0137d4ee6b6841bc8ed197da254e8998333b5b16b6f97b4c679cd313f5a121c2,2,9,2,0.0,-0.017747879028320312,-0.02192998304963112,-0.03331974893808365,0.015571869909763336,0.004182104021310806,True,True,True,True
Beauty,AFL8SPKMGCBR8,fit,0137d4ee6b6841bc8ed197da254e8998333b5b16b6f97b4c679cd313f5a121c2,3,2,2,0.0,-0.002391575602814555,-0.0035531502217054367,-0.0012367465533316135,-0.0011548290494829416,0.0011615746188908815,False,False,True,True
Beauty,AFL8SPKMGCBR8,fit,0137d4ee6b6841bc8ed197da254e8998333b5b16b6f97b4c679cd313f5a121c2,4,2,2,0.0,0.0,0.0,0.0,0.0,0.0,False,False,True,True
Beauty,AFL8SPKMGCBR8,fit,0137d4ee6b6841bc8ed197da254e8998333b5b16b6f97b4c679cd313f5a121c2,5,1,2,0.0,0.0,0.0,0.0,0.0,0.0,False,False,True,True
Beauty,AFL8SPKMGCBR8,fit,0137d4ee6b6841bc8ed197da254e8998333b5b16b6f97b4c679cd313f5a121c2,6,1,2,0.0,0.0,0.0,0.0,0.0,0.0,False,False,True,True
Beauty,A3G7H4SFOOP044,fit,013d0b6b15ba725cc6be8f01fbf98cf90260c76ee0e5a100d4d492b65c3d5cc7,0,108,4,0.17647058823529413,-3.5546789169311523,-4.121971130371094,-4.103236675262451,0.5485577583312988,0.5672922134399414,True,False,True,True
Beauty,A3G7H4SFOOP044,fit,013d0b6b15ba725cc6be8f01fbf98cf90260c76ee0e5a100d4d492b65c3d5cc7,1,40,4,0.17647058823529413,-1.7028956413269043,-2.199535608291626,-2.915590524673462,1.2126948833465576,0.4966399669647217,True,False,True,True
Beauty,A3G7H4SFOOP044,fit,013d0b6b15ba725cc6be8f01fbf98cf90260c76ee0e5a100d4d492b65c3d5cc7,2,1,4,0.17647058823529413,0.0,0.0,0.0,0.0,0.0,False,False,True,True
Beauty,A3G7H4SFOOP044,fit,013d0b6b15ba725cc6be8f01fbf98cf90260c76ee0e5a100d4d492b65c3d5cc7,3,1,4,0.17647058823529413,0.0,0.0,0.0,0.0,0.0,False,False,True,True
Beauty,A3G7H4SFOOP044,fit,013d0b6b15ba725cc6be8f01fbf98cf90260c76ee0e5a100d4d492b65c3d5cc7,4,1,4,0.17647058823529413,0.0,0.0,0.0,0.0,0.0,False,False,True,True
Beauty,A3G7H4SFOOP044,fit,013d0b6b15ba725cc6be8f01fbf98cf90260c76ee0e5a100d4d492b65c3d5cc7,5,1,4,0.17647058823529413,0.0,0.0,0.0,0.0,0.0,False,False,True,True
Beauty,A3G7H4SFOOP044,fit,013d0b6b15ba725cc6be8f01fbf98cf90260c76ee0e5a100d4d492b65c3d5cc7,6,1,4,0.17647058823529413,0.0,0.0,0.0,0.0,0.0,False,False,True,True
Beauty,A3KJUDG3PKRBB4,fit,014a30a6f9f8817b35fd2cc23fdf68777bcfaed7cbab9e0732b3a71f094729eb,0,108,2,0.0,-1.9620072841644287,-4.562472343444824,-2.6866350173950195,0.7246277332305908,2.6004650592803955,True,False,True,True
Beauty,A3KJUDG3PKRBB4,fit,014a30a6f9f8817b35fd2cc23fdf68777bcfaed7cbab9e0732b3a71f094729eb,1,133,2,0.0,-0.5213244557380676,-1.310922622680664,-2.2152204513549805,1.6938959956169128,0.7895981669425964,True,False,True,True
Beauty,A3KJUDG3PKRBB4,fit,014a30a6f9f8817b35fd2cc23fdf68777bcfaed7cbab9e0732b3a71f094729eb,2,3,2,0.0,-0.1520792692899704,-0.4209320545196533,-0.30135393142700195,0.14927466213703156,0.2688527852296829,True,False,True,True
Beauty,A3KJUDG3PKRBB4,fit,014a30a6f9f8817b35fd2cc23fdf68777bcfaed7cbab9e0732b3a71f094729eb,3,2,2,0.0,-0.00016819016309455037,-0.0002575780963525176,-0.00012468514614738524,-4.350501694716513e-05,8.938793325796723e-05,False,False,True,True
Beauty,A3KJUDG3PKRBB4,fit,014a30a6f9f8817b35fd2cc23fdf68777bcfaed7cbab9e0732b3a71f094729eb,4,1,2,0.0,0.0,0.0,0.0,0.0,0.0,False,False,True,True
Beauty,A3KJUDG3PKRBB4,fit,014a30a6f9f8817b35fd2cc23fdf68777bcfaed7cbab9e0732b3a71f094729eb,5,1,2,0.0,0.0,0.0,0.0,0.0,0.0,False,False,True,True
Beauty,A3KJUDG3PKRBB4,fit,014a30a6f9f8817b35fd2cc23fdf68777bcfaed7cbab9e0732b3a71f094729eb,6,2,2,0.0,-0.0787493884563446,-0.03851870074868202,-0.06052105873823166,-0.018228329718112946,-0.04023068770766258,False,False,True,True
Beauty,A3KJUDG3PKRBB4,fit,014a30a6f9f8817b35fd2cc23fdf68777bcfaed7cbab9e0732b3a71f094729eb,7,6,2,0.0,-1.7087583541870117,-1.9350478649139404,-1.6319787502288818,-0.07677960395812988,0.2262895107269287,False,False,True,True
Beauty,A2T146POE1RZTX,fit,014ddc29a978b874ea4894547fcb59e4a9b66911184e72dd704f563e7b696ed8,0,108,2,0.0,-3.6484546661376953,-3.227137804031372,-2.993293523788452,-0.6551611423492432,-0.42131686210632324,False,False,True,True
Beauty,A2T146POE1RZTX,fit,014ddc29a978b874ea4894547fcb59e4a9b66911184e72dd704f563e7b696ed8,1,87,2,0.0,-1.2136638164520264,-0.9477168321609497,-1.106858253479004,-0.10680556297302246,-0.26594698429107666,False,False,True,True
Beauty,A2T146POE1RZTX,fit,014ddc29a978b874ea4894547fcb59e4a9b66911184e72dd704f563e7b696ed8,2,7,2,0.0,-3.010692596435547,-4.87883186340332,-4.81613302230835,1.8054404258728027,1.8681392669677734,True,False,True,True
Beauty,A2T146POE1RZTX,fit,014ddc29a978b874ea4894547fcb59e4a9b66911184e72dd704f563e7b696ed8,3,1,2,0.0,0.0,0.0,0.0,0.0,0.0,False,False,True,True
Beauty,A2T146POE1RZTX,fit,014ddc29a978b874ea4894547fcb59e4a9b66911184e72dd704f563e7b696ed8,4,1,2,0.0,0.0,0.0,0.0,0.0,0.0,False,False,True,True
Beauty,A2T146POE1RZTX,fit,014ddc29a978b874ea4894547fcb59e4a9b66911184e72dd704f563e7b696ed8,5,1,2,0.0,0.0,0.0,0.0,0.0,0.0,False,False,True,True
Beauty,A2T146POE1RZTX,fit,014ddc29a978b874ea4894547fcb59e4a9b66911184e72dd704f563e7b696ed8,6,1,2,0.0,0.0,0.0,0.0,0.0,0.0,False,False,True,True
Beauty,A116K2CNNDQ1LF,fit,0159e24567a66af71e329d05b2e5ad2de89a38de1b169e353b92f02886811f0c,0,108,5,0.0,-0.2864634394645691,-2.1586549282073975,-0.6653779149055481,0.378914475440979,1.8721914887428284,True,False,True,True
Beauty,A116K2CNNDQ1LF,fit,0159e24567a66af71e329d05b2e5ad2de89a38de1b169e353b92f02886811f0c,1,58,5,0.0,-0.30164235830307007,-3.5941131114959717,-4.053281784057617,3.751639425754547,3.2924707531929016,True,False,True,True
Beauty,A116K2CNNDQ1LF,fit,0159e24567a66af71e329d05b2e5ad2de89a38de1b169e353b92f02886811f0c,2,1,5,0.0,0.0,0.0,0.0,0.0,0.0,False,False,True,True
Beauty,A116K2CNNDQ1LF,fit,0159e24567a66af71e329d05b2e5ad2de89a38de1b169e353b92f02886811f0c,3,1,5,0.0,0.0,0.0,0.0,0.0,0.0,False,False,True,True
Beauty,A116K2CNNDQ1LF,fit,0159e24567a66af71e329d05b2e5ad2de89a38de1b169e353b92f02886811f0c,4,1,5,0.0,0.0,0.0,0.0,0.0,0.0,False,False,True,True
Beauty,A116K2CNNDQ1LF,fit,0159e24567a66af71e329d05b2e5ad2de89a38de1b169e353b92f02886811f0c,5,1,5,0.0,0.0,0.0,0.0,0.0,0.0,False,False,True,True
Beauty,A116K2CNNDQ1LF,fit,0159e24567a66af71e329d05b2e5ad2de89a38de1b169e353b92f02886811f0c,6,1,5,0.0,0.0,0.0,0.0,0.0,0.0,False,False,True,True
Beauty,A3GHB5Y5LU9M2L,fit,016900d48616682768eec623c6e32b33a074789d771e61fa55e3ed25707cf643,0,108,9,0.0,-2.2302675247192383,-3.602285385131836,-2.7109689712524414,0.4807014465332031,1.3720178604125977,True,False,True,True
Beauty,A3GHB5Y5LU9M2L,fit,016900d48616682768eec623c6e32b33a074789d771e61fa55e3ed25707cf643,1,98,9,0.0,-5.779601097106934,-5.835781574249268,-5.661989212036133,-0.11761188507080078,0.056180477142333984,False,False,True,True
Beauty,A3GHB5Y5LU9M2L,fit,016900d48616682768eec623c6e32b33a074789d771e61fa55e3ed25707cf643,2,1,9,0.0,0.0,0.0,0.0,0.0,0.0,False,False,True,True
Beauty,A3GHB5Y5LU9M2L,fit,016900d48616682768eec623c6e32b33a074789d771e61fa55e3ed25707cf643,3,1,9,0.0,0.0,0.0,0.0,0.0,0.0,False,False,True,True
Beauty,A3GHB5Y5LU9M2L,fit,016900d48616682768eec623c6e32b33a074789d771e61fa55e3ed25707cf643,4,1,9,0.0,0.0,0.0,0.0,0.0,0.0,False,False,True,True
Beauty,A3GHB5Y5LU9M2L,fit,016900d48616682768eec623c6e32b33a074789d771e61fa55e3ed25707cf643,5,1,9,0.0,0.0,0.0,0.0,0.0,0.0,False,False,True,True
Beauty,A3GHB5Y5LU9M2L,fit,016900d48616682768eec623c6e32b33a074789d771e61fa55e3ed25707cf643,6,1,9,0.0,0.0,0.0,0.0,0.0,0.0,False,False,True,True
Beauty,A21DFMX3J51CQ4,fit,016953813869f3814f97f697128c3ed2b81fa6ddabd8e85552db2d4d2566368a,0,108,5,0.0,-4.41716194152832,-5.915712356567383,-4.273871421813965,-0.14329051971435547,1.4985504150390625,False,False,True,True
Beauty,A21DFMX3J51CQ4,fit,016953813869f3814f97f697128c3ed2b81fa6ddabd8e85552db2d4d2566368a,1,69,5,0.0,-4.039862632751465,-4.359373569488525,-3.990321397781372,-0.04954123497009277,0.31951093673706055,False,False,True,True
Beauty,A21DFMX3J51CQ4,fit,016953813869f3814f97f697128c3ed2b81fa6ddabd8e85552db2d4d2566368a,2,2,5,0.0,-0.0038020957726985216,-0.028798438608646393,-0.03636888787150383,0.03256679209880531,0.02499634283594787,True,True,True,True
Beauty,A21DFMX3J51CQ4,fit,016953813869f3814f97f697128c3ed2b81fa6ddabd8e85552db2d4d2566368a,3,1,5,0.0,0.0,0.0,0.0,0.0,0.0,False,False,True,True
Beauty,A21DFMX3J51CQ4,fit,016953813869f3814f97f697128c3ed2b81fa6ddabd8e85552db2d4d2566368a,4,2,5,0.0,-2.1718640327453613,-1.9049932956695557,-1.430141568183899,-0.7417224645614624,-0.26687073707580566,False,False,True,True
Beauty,A21DFMX3J51CQ4,fit,016953813869f3814f97f697128c3ed2b81fa6ddabd8e85552db2d4d2566368a,5,1,5,0.0,0.0,0.0,0.0,0.0,0.0,False,False,True,True
Beauty,A21DFMX3J51CQ4,fit,016953813869f3814f97f697128c3ed2b81fa6ddabd8e85552db2d4d2566368a,6,1,5,0.0,0.0,0.0,0.0,0.0,0.0,False,False,True,True
Beauty,A1XCSX5F6N8AYK,fit,016a872d91f44637a4805d4388d1b1ad68ad58424a2688fc482841be61f59a0d,0,108,9,0.0,-2.8642282485961914,-3.0241870880126953,-2.767073392868042,-0.09715485572814941,0.1599588394165039,False,False,True,True
Beauty,A1XCSX5F6N8AYK,fit,016a872d91f44637a4805d4388d1b1ad68ad58424a2688fc482841be61f59a0d,1,126,9,0.0,-2.0544044971466064,-1.9881649017333984,-2.4011917114257812,0.3467872142791748,-0.06623959541320801,True,True,True,True
Beauty,A1XCSX5F6N8AYK,fit,016a872d91f44637a4805d4388d1b1ad68ad58424a2688fc482841be61f59a0d,2,3,9,0.0,-0.09907294809818268,-0.07641565799713135,-0.06839574128389359,-0.030677206814289093,-0.02265729010105133,False,False,True,True
Beauty,A1XCSX5F6N8AYK,fit,016a872d91f44637a4805d4388d1b1ad68ad58424a2688fc482841be61f59a0d,3,1,9,0.0,0.0,0.0,0.0,0.0,0.0,False,False,True,True
Beauty,A1XCSX5F6N8AYK,fit,016a872d91f44637a4805d4388d1b1ad68ad58424a2688fc482841be61f59a0d,4,1,9,0.0,0.0,0.0,0.0,0.0,0.0,False,False,True,True
Beauty,A1XCSX5F6N8AYK,fit,016a872d91f44637a4805d4388d1b1ad68ad58424a2688fc482841be61f59a0d,5,1,9,0.0,0.0,0.0,0.0,0.0,0.0,False,False,True,True
Beauty,A1XCSX5F6N8AYK,fit,016a872d91f44637a4805d4388d1b1ad68ad58424a2688fc482841be61f59a0d,6,1,9,0.0,0.0,0.0,0.0,0.0,0.0,False,False,True,True
Beauty,A2CP7VAQRC55D7,fit,016e9394e2dbba0a8827c6a71284cfa728178e22fc42ff79d681ec5c4452d8a3,0,108,2,0.0,-1.6731979846954346,-3.436915874481201,-2.7211954593658447,1.0479974746704102,1.7637178897857666,True,False,True,True
Beauty,A2CP7VAQRC55D7,fit,016e9394e2dbba0a8827c6a71284cfa728178e22fc42ff79d681ec5c4452d8a3,1,106,2,0.0,-0.030179396271705627,-3.8506712913513184,-0.33570653200149536,0.30552713572978973,3.8204918950796127,True,False,True,True
Beauty,A2CP7VAQRC55D7,fit,016e9394e2dbba0a8827c6a71284cfa728178e22fc42ff79d681ec5c4452d8a3,2,7,2,0.0,-2.1965508460998535,-2.6548261642456055,-3.714193344116211,1.5176424980163574,0.45827531814575195,True,False,True,True
Beauty,A2CP7VAQRC55D7,fit,016e9394e2dbba0a8827c6a71284cfa728178e22fc42ff79d681ec5c4452d8a3,3,1,2,0.0,0.0,0.0,0.0,0.0,0.0,False,False,True,True
Beauty,A2CP7VAQRC55D7,fit,016e9394e2dbba0a8827c6a71284cfa728178e22fc42ff79d681ec5c4452d8a3,4,1,2,0.0,0.0,0.0,0.0,0.0,0.0,False,False,True,True
Beauty,A2CP7VAQRC55D7,fit,016e9394e2dbba0a8827c6a71284cfa728178e22fc42ff79d681ec5c4452d8a3,5,1,2,0.0,0.0,0.0,0.0,0.0,0.0,False,False,True,True
Beauty,A2CP7VAQRC55D7,fit,016e9394e2dbba0a8827c6a71284cfa728178e22fc42ff79d681ec5c4452d8a3,6,1,2,0.0,0.0,0.0,0.0,0.0,0.0,False,False,True,True
Beauty,A13C02EJ1EC07T,fit,0184c74d4b3f888108582783289ec6f72936b5d17b03afec23baef1ee46782a5,0,108,2,0.0,-3.2118473052978516,-3.822824478149414,-3.1064398288726807,-0.1054074764251709,0.6109771728515625,False,False,True,True
Beauty,A13C02EJ1EC07T,fit,0184c74d4b3f888108582783289ec6f72936b5d17b03afec23baef1ee46782a5,1,105,2,0.0,-0.004708156455308199,-3.481563091278076,-4.908658504486084,4.903950348030776,3.476854934822768,True,False,True,True
Beauty,A13C02EJ1EC07T,fit,0184c74d4b3f888108582783289ec6f72936b5d17b03afec23baef1ee46782a5,2,4,2,0.0,-4.0531076592742465e-06,-11.803393363952637,-12.647844314575195,12.647840261467536,11.803389310844977,True,False,True,True
Beauty,A13C02EJ1EC07T,fit,0184c74d4b3f888108582783289ec6f72936b5d17b03afec23baef1ee46782a5,3,1,2,0.0,0.0,0.0,0.0,0.0,0.0,False,False,True,True
Beauty,A13C02EJ1EC07T,fit,0184c74d4b3f888108582783289ec6f72936b5d17b03afec23baef1ee46782a5,4,1,2,0.0,0.0,0.0,0.0,0.0,0.0,False,False,True,True
Beauty,A13C02EJ1EC07T,fit,0184c74d4b3f888108582783289ec6f72936b5d17b03afec23baef1ee46782a5,5,1,2,0.0,0.0,0.0,0.0,0.0,0.0,False,False,True,True
Beauty,A13C02EJ1EC07T,fit,0184c74d4b3f888108582783289ec6f72936b5d17b03afec23baef1ee46782a5,6,1,2,0.0,0.0,0.0,0.0,0.0,0.0,False,False,True,True
Beauty,A2SJA9ATJISL8B,fit,0194ac2c81e8cf6968eab6b7642b4d3f55678992719cf27bcf7ca2fb04bcfeed,0,108,2,0.0,-2.1514158248901367,-5.975629806518555,-3.5382041931152344,1.3867883682250977,3.824213981628418,True,False,True,True
Beauty,A2SJA9ATJISL8B,fit,0194ac2c81e8cf6968eab6b7642b4d3f55678992719cf27bcf7ca2fb04bcfeed,1,118,2,0.0,-0.009257841855287552,-5.300873756408691,-4.939295768737793,4.930037926882505,5.291615914553404,True,False,True,True
Beauty,A2SJA9ATJISL8B,fit,0194ac2c81e8cf6968eab6b7642b4d3f55678992719cf27bcf7ca2fb04bcfeed,2,3,2,0.0,-0.8641972541809082,-14.17779541015625,-10.962126731872559,10.09792947769165,13.313598155975342,True,False,True,True
Beauty,A2SJA9ATJISL8B,fit,0194ac2c81e8cf6968eab6b7642b4d3f55678992719cf27bcf7ca2fb04bcfeed,3,1,2,0.0,0.0,0.0,0.0,0.0,0.0,False,False,True,True
Beauty,A2SJA9ATJISL8B,fit,0194ac2c81e8cf6968eab6b7642b4d3f55678992719cf27bcf7ca2fb04bcfeed,4,1,2,0.0,0.0,0.0,0.0,0.0,0.0,False,False,True,True
Beauty,A2SJA9ATJISL8B,fit,0194ac2c81e8cf6968eab6b7642b4d3f55678992719cf27bcf7ca2fb04bcfeed,5,1,2,0.0,0.0,0.0,0.0,0.0,0.0,False,False,True,True
Beauty,A2SJA9ATJISL8B,fit,0194ac2c81e8cf6968eab6b7642b4d3f55678992719cf27bcf7ca2fb04bcfeed,6,1,2,0.0,0.0,0.0,0.0,0.0,0.0,False,False,True,True
Beauty,A4ZGDN3SEMB7T,fit,019543f1e34a3680153bc4984f9593ef123a2270a44b4395e6ba6837c6fa1430,0,108,6,0.0,-1.1958826780319214,-1.8171560764312744,-0.9136998653411865,-0.28218281269073486,0.621273398399353,False,False,True,True
Beauty,A4ZGDN3SEMB7T,fit,019543f1e34a3680153bc4984f9593ef123a2270a44b4395e6ba6837c6fa1430,1,43,6,0.0,-3.4371111392974854,-4.06298828125,-4.426470756530762,0.9893596172332764,0.6258771419525146,True,False,True,True
Beauty,A4ZGDN3SEMB7T,fit,019543f1e34a3680153bc4984f9593ef123a2270a44b4395e6ba6837c6fa1430,2,1,6,0.0,0.0,0.0,0.0,0.0,0.0,False,False,True,True
Beauty,A4ZGDN3SEMB7T,fit,019543f1e34a3680153bc4984f9593ef123a2270a44b4395e6ba6837c6fa1430,3,1,6,0.0,0.0,0.0,0.0,0.0,0.0,False,False,True,True
Beauty,A4ZGDN3SEMB7T,fit,019543f1e34a3680153bc4984f9593ef123a2270a44b4395e6ba6837c6fa1430,4,1,6,0.0,0.0,0.0,0.0,0.0,0.0,False,False,True,True
Beauty,A4ZGDN3SEMB7T,fit,019543f1e34a3680153bc4984f9593ef123a2270a44b4395e6ba6837c6fa1430,5,1,6,0.0,0.0,0.0,0.0,0.0,0.0,False,False,True,True
Beauty,A4ZGDN3SEMB7T,fit,019543f1e34a3680153bc4984f9593ef123a2270a44b4395e6ba6837c6fa1430,6,1,6,0.0,0.0,0.0,0.0,0.0,0.0,False,False,True,True
Beauty,AQ4ASMIR56Y3D,fit,0199187ac796ae53ee637717ee7fb424698a6cf8a217d96e58c41d6239500ffc,0,108,3,0.0,-2.1574535369873047,-4.036895751953125,-5.046620845794678,2.889167308807373,1.8794422149658203,True,False,True,True
Beauty,AQ4ASMIR56Y3D,fit,0199187ac796ae53ee637717ee7fb424698a6cf8a217d96e58c41d6239500ffc,1,98,3,0.0,-0.00027176024741493165,-18.787702560424805,-14.114322662353516,14.1140509021061,18.78743080017739,True,False,True,True
Beauty,AQ4ASMIR56Y3D,fit,0199187ac796ae53ee637717ee7fb424698a6cf8a217d96e58c41d6239500ffc,2,1,3,0.0,0.0,0.0,0.0,0.0,0.0,False,False,True,True
Beauty,AQ4ASMIR56Y3D,fit,0199187ac796ae53ee637717ee7fb424698a6cf8a217d96e58c41d6239500ffc,3,1,3,0.0,0.0,0.0,0.0,0.0,0.0,False,False,True,True
Beauty,AQ4ASMIR56Y3D,fit,0199187ac796ae53ee637717ee7fb424698a6cf8a217d96e58c41d6239500ffc,4,1,3,0.0,0.0,0.0,0.0,0.0,0.0,False,False,True,True
Beauty,AQ4ASMIR56Y3D,fit,0199187ac796ae53ee637717ee7fb424698a6cf8a217d96e58c41d6239500ffc,5,1,3,0.0,0.0,0.0,0.0,0.0,0.0,False,False,True,True
Beauty,AQ4ASMIR56Y3D,fit,0199187ac796ae53ee637717ee7fb424698a6cf8a217d96e58c41d6239500ffc,6,1,3,0.0,0.0,0.0,0.0,0.0,0.0,False,False,True,True
Beauty,A1S2HCN6WF93MF,fit,01a4e6961f3cc1d2271bed087b00c6da385404f3d70796887b86c8033b448357,0,108,4,0.05263157894736842,-5.621355056762695,-4.535863876342773,-4.818548202514648,-0.8028068542480469,-1.0854911804199219,False,False,True,True
Beauty,A1S2HCN6WF93MF,fit,01a4e6961f3cc1d2271bed087b00c6da385404f3d70796887b86c8033b448357,1,98,4,0.05263157894736842,-2.6623740196228027,-3.5278992652893066,-2.2196803092956543,-0.44269371032714844,0.8655252456665039,False,False,True,True
Beauty,A1S2HCN6WF93MF,fit,01a4e6961f3cc1d2271bed087b00c6da385404f3d70796887b86c8033b448357,2,2,4,0.05263157894736842,-0.0032991524785757065,-0.008421622216701508,-0.0017133570509031415,-0.001585795427672565,0.005122469738125801,False,False,True,True
Beauty,A1S2HCN6WF93MF,fit,01a4e6961f3cc1d2271bed087b00c6da385404f3d70796887b86c8033b448357,3,2,4,0.05263157894736842,-0.1049700677394867,-0.11292446404695511,-0.06054215505719185,-0.044427912682294846,0.007954396307468414,False,False,True,True
Beauty,A1S2HCN6WF93MF,fit,01a4e6961f3cc1d2271bed087b00c6da385404f3d70796887b86c8033b448357,4,1,4,0.05263157894736842,0.0,0.0,0.0,0.0,0.0,False,False,True,True
Beauty,A1S2HCN6WF93MF,fit,01a4e6961f3cc1d2271bed087b00c6da385404f3d70796887b86c8033b448357,5,1,4,0.05263157894736842,0.0,0.0,0.0,0.0,0.0,False,False,True,True
Beauty,A1S2HCN6WF93MF,fit,01a4e6961f3cc1d2271bed087b00c6da385404f3d70796887b86c8033b448357,6,1,4,0.05263157894736842,0.0,0.0,0.0,0.0,0.0,False,False,True,True
Beauty,A1PVGOY677Z8PQ,fit,01af17c3d5ef8829d98ddc9b8e94d46a6ff7ca04ff6ae2762b2f073e67224ab8,0,108,4,0.0,-3.2418570518493652,-4.774190425872803,-4.850598335266113,1.608741283416748,1.5323333740234375,True,False,True,True
Beauty,A1PVGOY677Z8PQ,fit,01af17c3d5ef8829d98ddc9b8e94d46a6ff7ca04ff6ae2762b2f073e67224ab8,1,104,4,0.0,-0.0021046886686235666,-2.3302371501922607,-0.44814056158065796,0.4460358729120344,2.328132461523637,True,False,True,True
Beauty,A1PVGOY677Z8PQ,fit,01af17c3d5ef8829d98ddc9b8e94d46a6ff7ca04ff6ae2762b2f073e67224ab8,2,3,4,0.0,-3.6954195820726454e-05,-0.4065658450126648,-0.1670703887939453,0.16703343459812459,0.40652889081684407,True,False,True,True
Beauty,A1PVGOY677Z8PQ,fit,01af17c3d5ef8829d98ddc9b8e94d46a6ff7ca04ff6ae2762b2f073e67224ab8,3,2,4,0.0,-8.67805938469246e-05,-0.07024320214986801,-0.07922294735908508,0.07913616676523816,0.07015642155602109,True,True,True,True
Beauty,A1PVGOY677Z8PQ,fit,01af17c3d5ef8829d98ddc9b8e94d46a6ff7ca04ff6ae2762b2f073e67224ab8,4,2,4,0.0,-0.3452478349208832,-3.576278118089249e-07,-3.576278118089249e-07,-0.34524747729307137,-0.34524747729307137,False,False,True,True
Beauty,A1PVGOY677Z8PQ,fit,01af17c3d5ef8829d98ddc9b8e94d46a6ff7ca04ff6ae2762b2f073e67224ab8,5,1,4,0.0,0.0,0.0,0.0,0.0,0.0,False,False,True,True
Beauty,A1PVGOY677Z8PQ,fit,01af17c3d5ef8829d98ddc9b8e94d46a6ff7ca04ff6ae2762b2f073e67224ab8,6,1,4,0.0,0.0,0.0,0.0,0.0,0.0,False,False,True,True
Beauty,A3VI2VETB90ZG5,fit,01b03b7dd527d72957fb7c579f711b5356bd685a461d64295a4978a40742aa35,0,108,20,0.1111111111111111,-3.7573084831237793,-3.7664120197296143,-4.5594353675842285,0.8021268844604492,0.009103536605834961,True,True,True,True
Beauty,A3VI2VETB90ZG5,fit,01b03b7dd527d72957fb7c579f711b5356bd685a461d64295a4978a40742aa35,1,105,20,0.1111111111111111,-2.241075038909912,-1.8814259767532349,-1.1060500144958496,-1.1350250244140625,-0.35964906215667725,False,False,True,True
Beauty,A3VI2VETB90ZG5,fit,01b03b7dd527d72957fb7c579f711b5356bd685a461d64295a4978a40742aa35,2,9,20,0.1111111111111111,-1.3118994235992432,-3.198927879333496,-2.849292039871216,1.5373926162719727,1.887028455734253,True,False,True,True
Beauty,A3VI2VETB90ZG5,fit,01b03b7dd527d72957fb7c579f711b5356bd685a461d64295a4978a40742aa35,3,1,20,0.1111111111111111,0.0,0.0,0.0,0.0,0.0,False,False,True,True
Beauty,A3VI2VETB90ZG5,fit,01b03b7dd527d72957fb7c579f711b5356bd685a461d64295a4978a40742aa35,4,1,20,0.1111111111111111,0.0,0.0,0.0,0.0,0.0,False,False,True,True
Beauty,A3VI2VETB90ZG5,fit,01b03b7dd527d72957fb7c579f711b5356bd685a461d64295a4978a40742aa35,5,1,20,0.1111111111111111,0.0,0.0,0.0,0.0,0.0,False,False,True,True
Beauty,A3VI2VETB90ZG5,fit,01b03b7dd527d72957fb7c579f711b5356bd685a461d64295a4978a40742aa35,6,1,20,0.1111111111111111,0.0,0.0,0.0,0.0,0.0,False,False,True,True
Beauty,A2SSV6KM3W1VFD,fit,01b49e5983f4d0ade696adc99ffab4001b5547ba60546254c9327503f3ebb0de,0,108,20,0.05263157894736842,-1.0163935422897339,-4.804798126220703,-4.411962509155273,3.3955689668655396,3.7884045839309692,True,False,True,True
Beauty,A2SSV6KM3W1VFD,fit,01b49e5983f4d0ade696adc99ffab4001b5547ba60546254c9327503f3ebb0de,1,14,20,0.05263157894736842,-0.1802510768175125,-0.3736719489097595,-3.681936740875244,3.5016856640577316,0.193420872092247,True,False,True,True
Beauty,A2SSV6KM3W1VFD,fit,01b49e5983f4d0ade696adc99ffab4001b5547ba60546254c9327503f3ebb0de,2,2,20,0.05263157894736842,-1.6861697435379028,-3.4072518348693848,-3.0777649879455566,1.3915952444076538,1.721082091331482,True,False,True,True
Beauty,A2SSV6KM3W1VFD,fit,01b49e5983f4d0ade696adc99ffab4001b5547ba60546254c9327503f3ebb0de,3,1,20,0.05263157894736842,0.0,0.0,0.0,0.0,0.0,False,False,True,True
Beauty,A2SSV6KM3W1VFD,fit,01b49e5983f4d0ade696adc99ffab4001b5547ba60546254c9327503f3ebb0de,4,1,20,0.05263157894736842,0.0,0.0,0.0,0.0,0.0,False,False,True,True
Beauty,A2SSV6KM3W1VFD,fit,01b49e5983f4d0ade696adc99ffab4001b5547ba60546254c9327503f3ebb0de,5,1,20,0.05263157894736842,0.0,0.0,0.0,0.0,0.0,False,False,True,True
Beauty,A2SSV6KM3W1VFD,fit,01b49e5983f4d0ade696adc99ffab4001b5547ba60546254c9327503f3ebb0de,6,1,20,0.05263157894736842,0.0,0.0,0.0,0.0,0.0,False,False,True,True
Beauty,A2SSV6KM3W1VFD,fit,01b49e5983f4d0ade696adc99ffab4001b5547ba60546254c9327503f3ebb0de,7,2,20,0.05263157894736842,-0.031029406934976578,-0.9751619100570679,-1.515210747718811,1.4841813407838345,0.9441325031220913,True,False,True,True
Beauty,A2UAFZ5ORUMOBB,fit,01bb7b3ad42a68540ff67d069ebfd1538678af13462ff49637059cc5a694f930,0,108,3,0.0,-0.5458446741104126,-0.3653857111930847,-0.6921740174293518,0.1463293433189392,-0.18045896291732788,True,True,True,True
Beauty,A2UAFZ5ORUMOBB,fit,01bb7b3ad42a68540ff67d069ebfd1538678af13462ff49637059cc5a694f930,1,255,3,0.0,-2.2106032371520996,-3.8760485649108887,-4.9751129150390625,2.764509677886963,1.665445327758789,True,False,True,True
Beauty,A2UAFZ5ORUMOBB,fit,01bb7b3ad42a68540ff67d069ebfd1538678af13462ff49637059cc5a694f930,2,9,3,0.0,-0.004594246856868267,-2.713365077972412,-3.539086103439331,3.534491856582463,2.708770831115544,True,False,True,True
Beauty,A2UAFZ5ORUMOBB,fit,01bb7b3ad42a68540ff67d069ebfd1538678af13462ff49637059cc5a694f930,3,2,3,0.0,-0.0008156548719853163,-0.18504658341407776,-1.1183313131332397,1.1175156582612544,0.18423092854209244,True,False,True,True
Beauty,A2UAFZ5ORUMOBB,fit,01bb7b3ad42a68540ff67d069ebfd1538678af13462ff49637059cc5a694f930,4,1,3,0.0,0.0,0.0,0.0,0.0,0.0,False,False,True,True
Beauty,A2UAFZ5ORUMOBB,fit,01bb7b3ad42a68540ff67d069ebfd1538678af13462ff49637059cc5a694f930,5,1,3,0.0,0.0,0.0,0.0,0.0,0.0,False,False,True,True
Beauty,A2UAFZ5ORUMOBB,fit,01bb7b3ad42a68540ff67d069ebfd1538678af13462ff49637059cc5a694f930,6,1,3,0.0,0.0,0.0,0.0,0.0,0.0,False,False,True,True
Beauty,A22M5Q26POVZN,fit,01bd21b1fae2dd269aec9d856af9c2cdef652f26d1ab885ace6d61d5ba3ce6c7,0,108,5,0.0,-0.4704151153564453,-1.3587923049926758,-0.26922687888145447,-0.20118823647499084,0.8883771896362305,False,False,True,True
Beauty,A22M5Q26POVZN,fit,01bd21b1fae2dd269aec9d856af9c2cdef652f26d1ab885ace6d61d5ba3ce6c7,1,139,5,0.0,-6.867528915405273,-6.5991530418396,-7.304838180541992,0.43730926513671875,-0.26837587356567383,True,True,True,True
Beauty,A22M5Q26POVZN,fit,01bd21b1fae2dd269aec9d856af9c2cdef652f26d1ab885ace6d61d5ba3ce6c7,2,1,5,0.0,0.0,0.0,0.0,0.0,0.0,False,False,True,True
Beauty,A22M5Q26POVZN,fit,01bd21b1fae2dd269aec9d856af9c2cdef652f26d1ab885ace6d61d5ba3ce6c7,3,1,5,0.0,0.0,0.0,0.0,0.0,0.0,False,False,True,True
Beauty,A22M5Q26POVZN,fit,01bd21b1fae2dd269aec9d856af9c2cdef652f26d1ab885ace6d61d5ba3ce6c7,4,1,5,0.0,0.0,0.0,0.0,0.0,0.0,False,False,True,True
Beauty,A22M5Q26POVZN,fit,01bd21b1fae2dd269aec9d856af9c2cdef652f26d1ab885ace6d61d5ba3ce6c7,5,1,5,0.0,0.0,0.0,0.0,0.0,0.0,False,False,True,True
Beauty,A22M5Q26POVZN,fit,01bd21b1fae2dd269aec9d856af9c2cdef652f26d1ab885ace6d61d5ba3ce6c7,6,1,5,0.0,0.0,0.0,0.0,0.0,0.0,False,False,True,True
Beauty,AMXWBZYARV4H1,fit,01cbc0b694df34336ba71fed835961267ddaed1395a594c3c5eab6a034397a32,0,108,2,0.05263157894736842,-3.325141429901123,-3.818194627761841,-4.276523590087891,0.9513821601867676,0.4930531978607178,True,False,True,True
Beauty,AMXWBZYARV4H1,fit,01cbc0b694df34336ba71fed835961267ddaed1395a594c3c5eab6a034397a32,1,59,2,0.05263157894736842,-9.385703086853027,-11.439061164855957,-10.40228271484375,1.0165796279907227,2.0533580780029297,True,False,True,True
Beauty,AMXWBZYARV4H1,fit,01cbc0b694df34336ba71fed835961267ddaed1395a594c3c5eab6a034397a32,2,2,2,0.05263157894736842,-0.017312360927462578,-0.07278834283351898,-0.03286558389663696,0.015553222969174385,0.055475981906056404,True,True,True,True
Beauty,AMXWBZYARV4H1,fit,01cbc0b694df34336ba71fed835961267ddaed1395a594c3c5eab6a034397a32,3,1,2,0.05263157894736842,0.0,0.0,0.0,0.0,0.0,False,False,True,True
Beauty,AMXWBZYARV4H1,fit,01cbc0b694df34336ba71fed835961267ddaed1395a594c3c5eab6a034397a32,4,1,2,0.05263157894736842,0.0,0.0,0.0,0.0,0.0,False,False,True,True
Beauty,AMXWBZYARV4H1,fit,01cbc0b694df34336ba71fed835961267ddaed1395a594c3c5eab6a034397a32,5,1,2,0.05263157894736842,0.0,0.0,0.0,0.0,0.0,False,False,True,True
Beauty,AMXWBZYARV4H1,fit,01cbc0b694df34336ba71fed835961267ddaed1395a594c3c5eab6a034397a32,6,1,2,0.05263157894736842,0.0,0.0,0.0,0.0,0.0,False,False,True,True
Beauty,A1L283Y8MJJ1BJ,fit,01cee275fedef77adcf3828ad7ab8e52e64aaec2b327e008de0b4c0d745eb000,0,108,12,0.1111111111111111,-4.96446418762207,-5.256145000457764,-5.277227878570557,0.31276369094848633,0.29168081283569336,True,False,True,True
Beauty,A1L283Y8MJJ1BJ,fit,01cee275fedef77adcf3828ad7ab8e52e64aaec2b327e008de0b4c0d745eb000,1,104,12,0.1111111111111111,-3.0537736415863037,-6.93361759185791,-5.4854559898376465,2.4316823482513428,3.8798439502716064,True,False,True,True
Beauty,A1L283Y8MJJ1BJ,fit,01cee275fedef77adcf3828ad7ab8e52e64aaec2b327e008de0b4c0d745eb000,2,1,12,0.1111111111111111,0.0,0.0,0.0,0.0,0.0,False,False,True,True
Beauty,A1L283Y8MJJ1BJ,fit,01cee275fedef77adcf3828ad7ab8e52e64aaec2b327e008de0b4c0d745eb000,3,1,12,0.1111111111111111,0.0,0.0,0.0,0.0,0.0,False,False,True,True
Beauty,A1L283Y8MJJ1BJ,fit,01cee275fedef77adcf3828ad7ab8e52e64aaec2b327e008de0b4c0d745eb000,4,1,12,0.1111111111111111,0.0,0.0,0.0,0.0,0.0,False,False,True,True
Beauty,A1L283Y8MJJ1BJ,fit,01cee275fedef77adcf3828ad7ab8e52e64aaec2b327e008de0b4c0d745eb000,5,1,12,0.1111111111111111,0.0,0.0,0.0,0.0,0.0,False,False,True,True
Beauty,A1L283Y8MJJ1BJ,fit,01cee275fedef77adcf3828ad7ab8e52e64aaec2b327e008de0b4c0d745eb000,6,1,12,0.1111111111111111,0.0,0.0,0.0,0.0,0.0,False,False,True,True
Beauty,A1ZH9LWMX5UCFJ,fit,01d2bd28a95af2a723fb624832c0de52bb77887a15c0f38955af5564d521b0a3,0,108,6,0.17647058823529413,-1.3572138547897339,-2.773918628692627,-1.836023211479187,0.4788093566894531,1.416704773902893,True,False,True,True
Beauty,A1ZH9LWMX5UCFJ,fit,01d2bd28a95af2a723fb624832c0de52bb77887a15c0f38955af5564d521b0a3,1,212,6,0.17647058823529413,-0.38101524114608765,-1.4905462265014648,-0.9428848028182983,0.5618695616722107,1.1095309853553772,True,False,True,True
Beauty,A1ZH9LWMX5UCFJ,fit,01d2bd28a95af2a723fb624832c0de52bb77887a15c0f38955af5564d521b0a3,2,12,6,0.17647058823529413,-0.2086411863565445,-2.9817752838134766,-1.5237153768539429,1.3150741904973984,2.773134097456932,True,False,True,True
Beauty,A1ZH9LWMX5UCFJ,fit,01d2bd28a95af2a723fb624832c0de52bb77887a15c0f38955af5564d521b0a3,3,1,6,0.17647058823529413,0.0,0.0,0.0,0.0,0.0,False,False,True,True
Beauty,A1ZH9LWMX5UCFJ,fit,01d2bd28a95af2a723fb624832c0de52bb77887a15c0f38955af5564d521b0a3,4,1,6,0.17647058823529413,0.0,0.0,0.0,0.0,0.0,False,False,True,True
Beauty,A1ZH9LWMX5UCFJ,fit,01d2bd28a95af2a723fb624832c0de52bb77887a15c0f38955af5564d521b0a3,5,2,6,0.17647058823529413,-0.6756584048271179,-1.560995101928711,-2.265012502670288,1.5893540978431702,0.885336697101593,True,False,True,True
Beauty,A1ZH9LWMX5UCFJ,fit,01d2bd28a95af2a723fb624832c0de52bb77887a15c0f38955af5564d521b0a3,6,1,6,0.17647058823529413,0.0,0.0,0.0,0.0,0.0,False,False,True,True
Beauty,A388X9B2K05JPW,fit,01d4b102b18903958e8f896e340cf6d44937c47e4ad67b44bc015682f08bcedd,0,108,5,0.0,-4.0052642822265625,-4.607050895690918,-4.254550933837891,0.24928665161132812,0.6017866134643555,True,False,True,True
Beauty,A388X9B2K05JPW,fit,01d4b102b18903958e8f896e340cf6d44937c47e4ad67b44bc015682f08bcedd,1,53,5,0.0,-0.9536555409431458,-1.765125036239624,-1.954087734222412,1.0004321932792664,0.8114694952964783,True,False,True,True
Beauty,A388X9B2K05JPW,fit,01d4b102b18903958e8f896e340cf6d44937c47e4ad67b44bc015682f08bcedd,2,5,5,0.0,-1.3358992338180542,-0.9905797839164734,-1.090486764907837,-0.24541246891021729,-0.3453194499015808,False,False,True,True
Beauty,A388X9B2K05JPW,fit,01d4b102b18903958e8f896e340cf6d44937c47e4ad67b44bc015682f08bcedd,3,1,5,0.0,0.0,0.0,0.0,0.0,0.0,False,False,True,True
Beauty,A388X9B2K05JPW,fit,01d4b102b18903958e8f896e340cf6d44937c47e4ad67b44bc015682f08bcedd,4,1,5,0.0,0.0,0.0,0.0,0.0,0.0,False,False,True,True
Beauty,A388X9B2K05JPW,fit,01d4b102b18903958e8f896e340cf6d44937c47e4ad67b44bc015682f08bcedd,5,1,5,0.0,0.0,0.0,0.0,0.0,0.0,False,False,True,True
Beauty,A388X9B2K05JPW,fit,01d4b102b18903958e8f896e340cf6d44937c47e4ad67b44bc015682f08bcedd,6,2,5,0.0,-0.003584034275263548,-0.005377945024520159,-0.0026347467210143805,-0.0009492875542491674,0.0017939107492566109,False,False,True,True
Beauty,AE7QQO1GC7WY4,fit,01da24ca3f2592616ad82ce68ef3efa992df57d976b96efc2201fc663f0cfa7e,0,108,3,0.0,-1.9477804899215698,-3.544973850250244,-3.734055519104004,1.786275029182434,1.5971933603286743,True,False,True,True
Beauty,AE7QQO1GC7WY4,fit,01da24ca3f2592616ad82ce68ef3efa992df57d976b96efc2201fc663f0cfa7e,1,59,3,0.0,-2.6403071880340576,-2.548067808151245,-1.9091265201568604,-0.7311806678771973,-0.0922393798828125,False,False,True,True
Beauty,AE7QQO1GC7WY4,fit,01da24ca3f2592616ad82ce68ef3efa992df57d976b96efc2201fc663f0cfa7e,2,2,3,0.0,-0.0002506657037883997,-0.0008582960581406951,-0.0019025574438273907,0.001651891740038991,0.0006076303543522954,True,True,True,True
Beauty,AE7QQO1GC7WY4,fit,01da24ca3f2592616ad82ce68ef3efa992df57d976b96efc2201fc663f0cfa7e,3,1,3,0.0,0.0,0.0,0.0,0.0,0.0,False,False,True,True
Beauty,AE7QQO1GC7WY4,fit,01da24ca3f2592616ad82ce68ef3efa992df57d976b96efc2201fc663f0cfa7e,4,1,3,0.0,0.0,0.0,0.0,0.0,0.0,False,False,True,True
Beauty,AE7QQO1GC7WY4,fit,01da24ca3f2592616ad82ce68ef3efa992df57d976b96efc2201fc663f0cfa7e,5,1,3,0.0,0.0,0.0,0.0,0.0,0.0,False,False,True,True
Beauty,AE7QQO1GC7WY4,fit,01da24ca3f2592616ad82ce68ef3efa992df57d976b96efc2201fc663f0cfa7e,6,1,3,0.0,0.0,0.0,0.0,0.0,0.0,False,False,True,True
Beauty,A1UQ2YP76IWKS1,fit,01db2b2c1d736300c3c88d0dbc8394bdaf4af20a380a4f5cf47e9f342fb51d6b,0,108,2,0.0,-6.596570014953613,-4.855368614196777,-4.47983455657959,-2.1167354583740234,-1.741201400756836,False,False,True,True
Beauty,A1UQ2YP76IWKS1,fit,01db2b2c1d736300c3c88d0dbc8394bdaf4af20a380a4f5cf47e9f342fb51d6b,1,89,2,0.0,-2.002852439880371,-3.1374406814575195,-2.2555480003356934,0.25269556045532227,1.1345882415771484,True,False,True,True
Beauty,A1UQ2YP76IWKS1,fit,01db2b2c1d736300c3c88d0dbc8394bdaf4af20a380a4f5cf47e9f342fb51d6b,2,6,2,0.0,-4.074789047241211,-4.303776264190674,-4.298367500305176,0.22357845306396484,0.2289872169494629,True,False,True,True
Beauty,A1UQ2YP76IWKS1,fit,01db2b2c1d736300c3c88d0dbc8394bdaf4af20a380a4f5cf47e9f342fb51d6b,3,1,2,0.0,0.0,0.0,0.0,0.0,0.0,False,False,True,True
Beauty,A1UQ2YP76IWKS1,fit,01db2b2c1d736300c3c88d0dbc8394bdaf4af20a380a4f5cf47e9f342fb51d6b,4,1,2,0.0,0.0,0.0,0.0,0.0,0.0,False,False,True,True
Beauty,A1UQ2YP76IWKS1,fit,01db2b2c1d736300c3c88d0dbc8394bdaf4af20a380a4f5cf47e9f342fb51d6b,5,1,2,0.0,0.0,0.0,0.0,0.0,0.0,False,False,True,True
Beauty,A1UQ2YP76IWKS1,fit,01db2b2c1d736300c3c88d0dbc8394bdaf4af20a380a4f5cf47e9f342fb51d6b,6,1,2,0.0,0.0,0.0,0.0,0.0,0.0,False,False,True,True
Beauty,A16NSDWLKBAQZ5,fit,01dedecff300486c221586c46f79e51825829d83a78c8bba9f9e978771155368,0,108,2,0.0,-1.3404383659362793,-3.444737672805786,-3.3201849460601807,1.9797465801239014,2.104299306869507,True,False,True,True
Beauty,A16NSDWLKBAQZ5,fit,01dedecff300486c221586c46f79e51825829d83a78c8bba9f9e978771155368,1,118,2,0.0,-0.0020535350777208805,-4.180482864379883,-5.021039962768555,5.018986427690834,4.178429329302162,True,False,True,True
Beauty,A16NSDWLKBAQZ5,fit,01dedecff300486c221586c46f79e51825829d83a78c8bba9f9e978771155368,2,3,2,0.0,-0.049698419868946075,-10.803112983703613,-10.843893051147461,10.794194631278515,10.753414563834667,True,False,True,True
Beauty,A16NSDWLKBAQZ5,fit,01dedecff300486c221586c46f79e51825829d83a78c8bba9f9e978771155368,3,1,2,0.0,0.0,0.0,0.0,0.0,0.0,False,False,True,True
Beauty,A16NSDWLKBAQZ5,fit,01dedecff300486c221586c46f79e51825829d83a78c8bba9f9e978771155368,4,1,2,0.0,0.0,0.0,0.0,0.0,0.0,False,False,True,True
Beauty,A16NSDWLKBAQZ5,fit,01dedecff300486c221586c46f79e51825829d83a78c8bba9f9e978771155368,5,1,2,0.0,0.0,0.0,0.0,0.0,0.0,False,False,True,True
Beauty,A16NSDWLKBAQZ5,fit,01dedecff300486c221586c46f79e51825829d83a78c8bba9f9e978771155368,6,1,2,0.0,0.0,0.0,0.0,0.0,0.0,False,False,True,True
Beauty,ARJPOGZNRUIO,fit,01e17d195edb23da971998dc8b6d36dac3b0700d57217b7ec58f5381f2751640,0,108,7,0.0,-4.978944778442383,-2.5038323402404785,-5.322810173034668,0.34386539459228516,-2.4751124382019043,True,True,True,True
Beauty,ARJPOGZNRUIO,fit,01e17d195edb23da971998dc8b6d36dac3b0700d57217b7ec58f5381f2751640,1,15,7,0.0,-2.3540198802948,-15.136002540588379,-3.32431960105896,0.9702997207641602,12.781982660293579,True,False,True,True
Beauty,ARJPOGZNRUIO,fit,01e17d195edb23da971998dc8b6d36dac3b0700d57217b7ec58f5381f2751640,2,1,7,0.0,0.0,0.0,0.0,0.0,0.0,False,False,True,True
Beauty,ARJPOGZNRUIO,fit,01e17d195edb23da971998dc8b6d36dac3b0700d57217b7ec58f5381f2751640,3,1,7,0.0,0.0,0.0,0.0,0.0,0.0,False,False,True,True
Beauty,ARJPOGZNRUIO,fit,01e17d195edb23da971998dc8b6d36dac3b0700d57217b7ec58f5381f2751640,4,1,7,0.0,0.0,0.0,0.0,0.0,0.0,False,False,True,True
Beauty,ARJPOGZNRUIO,fit,01e17d195edb23da971998dc8b6d36dac3b0700d57217b7ec58f5381f2751640,5,1,7,0.0,0.0,0.0,0.0,0.0,0.0,False,False,True,True
Beauty,ARJPOGZNRUIO,fit,01e17d195edb23da971998dc8b6d36dac3b0700d57217b7ec58f5381f2751640,6,1,7,0.0,0.0,0.0,0.0,0.0,0.0,False,False,True,True
Beauty,A3F9HC4FDZ6TG4,fit,01e2ff7070a9c4c555ca583a5582f6b89c9ee95f05c4f468d5e98a04dc9b37a6,0,108,2,0.0,-4.943998336791992,-4.1841888427734375,-4.484345436096191,-0.4596529006958008,-0.7598094940185547,False,False,True,True
Beauty,A3F9HC4FDZ6TG4,fit,01e2ff7070a9c4c555ca583a5582f6b89c9ee95f05c4f468d5e98a04dc9b37a6,1,112,2,0.0,-1.4974638223648071,-3.5461130142211914,-2.5497164726257324,1.0522526502609253,2.0486491918563843,True,False,True,True
Beauty,A3F9HC4FDZ6TG4,fit,01e2ff7070a9c4c555ca583a5582f6b89c9ee95f05c4f468d5e98a04dc9b37a6,2,2,2,0.0,-0.9021859765052795,-1.3672378063201904,-0.9601860046386719,0.058000028133392334,0.4650518298149109,True,False,True,True
Beauty,A3F9HC4FDZ6TG4,fit,01e2ff7070a9c4c555ca583a5582f6b89c9ee95f05c4f468d5e98a04dc9b37a6,3,1,2,0.0,0.0,0.0,0.0,0.0,0.0,False,False,True,True
Beauty,A3F9HC4FDZ6TG4,fit,01e2ff7070a9c4c555ca583a5582f6b89c9ee95f05c4f468d5e98a04dc9b37a6,4,1,2,0.0,0.0,0.0,0.0,0.0,0.0,False,False,True,True
Beauty,A3F9HC4FDZ6TG4,fit,01e2ff7070a9c4c555ca583a5582f6b89c9ee95f05c4f468d5e98a04dc9b37a6,5,1,2,0.0,0.0,0.0,0.0,0.0,0.0,False,False,True,True
Beauty,A3F9HC4FDZ6TG4,fit,01e2ff7070a9c4c555ca583a5582f6b89c9ee95f05c4f468d5e98a04dc9b37a6,6,1,2,0.0,0.0,0.0,0.0,0.0,0.0,False,False,True,True
Beauty,AZGK12P6XWY27,fit,01e611a22305dff3bdff223dac0ccac47ff779de4ab2ad502b255693d53f398d,0,108,5,0.0,-4.567882537841797,-5.173898220062256,-4.29158878326416,-0.2762937545776367,0.606015682220459,False,False,True,True
Beauty,AZGK12P6XWY27,fit,01e611a22305dff3bdff223dac0ccac47ff779de4ab2ad502b255693d53f398d,1,30,5,0.0,-1.4662139415740967,-4.939052104949951,-3.424405097961426,1.958191156387329,3.4728381633758545,True,False,True,True
Beauty,AZGK12P6XWY27,fit,01e611a22305dff3bdff223dac0ccac47ff779de4ab2ad502b255693d53f398d,2,2,5,0.0,-5.98412734689191e-05,-0.00013791563105769455,-0.00028534632292576134,0.00022550504945684224,7.807435758877546e-05,True,True,True,True
Beauty,AZGK12P6XWY27,fit,01e611a22305dff3bdff223dac0ccac47ff779de4ab2ad502b255693d53f398d,3,2,5,0.0,-0.0007130940794013441,-0.0075422292575240135,-0.01149141788482666,0.010778323805425316,0.0068291351781226695,True,True,True,True
Beauty,AZGK12P6XWY27,fit,01e611a22305dff3bdff223dac0ccac47ff779de4ab2ad502b255693d53f398d,4,1,5,0.0,0.0,0.0,0.0,0.0,0.0,False,False,True,True
Beauty,AZGK12P6XWY27,fit,01e611a22305dff3bdff223dac0ccac47ff779de4ab2ad502b255693d53f398d,5,1,5,0.0,0.0,0.0,0.0,0.0,0.0,False,False,True,True
Beauty,AZGK12P6XWY27,fit,01e611a22305dff3bdff223dac0ccac47ff779de4ab2ad502b255693d53f398d,6,1,5,0.0,0.0,0.0,0.0,0.0,0.0,False,False,True,True
Beauty,AW7BIYHXUIZ62,fit,01e623ea61c5028326f79e37bcf4302242b33ac3659414c1ec9bfe14de023a3d,0,108,18,0.0,-2.654785633087158,-3.542116403579712,-3.772047996520996,1.117262363433838,0.8873307704925537,True,False,True,True
Beauty,AW7BIYHXUIZ62,fit,01e623ea61c5028326f79e37bcf4302242b33ac3659414c1ec9bfe14de023a3d,1,118,18,0.0,-0.8850173950195312,-6.507329940795898,-4.7865400314331055,3.901522636413574,5.622312545776367,True,False,True,True
Beauty,AW7BIYHXUIZ62,fit,01e623ea61c5028326f79e37bcf4302242b33ac3659414c1ec9bfe14de023a3d,2,3,18,0.0,-0.1485157459974289,-2.0421533584594727,-3.9462666511535645,3.7977509051561356,1.8936376124620438,True,False,True,True
Beauty,AW7BIYHXUIZ62,fit,01e623ea61c5028326f79e37bcf4302242b33ac3659414c1ec9bfe14de023a3d,3,1,18,0.0,0.0,0.0,0.0,0.0,0.0,False,False,True,True
Beauty,AW7BIYHXUIZ62,fit,01e623ea61c5028326f79e37bcf4302242b33ac3659414c1ec9bfe14de023a3d,4,1,18,0.0,0.0,0.0,0.0,0.0,0.0,False,False,True,True
Beauty,AW7BIYHXUIZ62,fit,01e623ea61c5028326f79e37bcf4302242b33ac3659414c1ec9bfe14de023a3d,5,1,18,0.0,0.0,0.0,0.0,0.0,0.0,False,False,True,True
Beauty,AW7BIYHXUIZ62,fit,01e623ea61c5028326f79e37bcf4302242b33ac3659414c1ec9bfe14de023a3d,6,1,18,0.0,0.0,0.0,0.0,0.0,0.0,False,False,True,True
Beauty,A2DFO9V3HMXZMD,fit,01e6d32ef40a1938cfd1a859e24efe543d4ec8f2c096a0b0ee972ef5ae5f9bca,0,108,3,0.0,-1.0951204299926758,-2.691260576248169,-1.230367660522461,0.13524723052978516,1.5961401462554932,True,False,True,True
Beauty,A2DFO9V3HMXZMD,fit,01e6d32ef40a1938cfd1a859e24efe543d4ec8f2c096a0b0ee972ef5ae5f9bca,1,54,3,0.0,-2.464779853820801,-4.36289644241333,-4.295022487640381,1.83024263381958,1.8981165885925293,True,False,True,True
Beauty,A2DFO9V3HMXZMD,fit,01e6d32ef40a1938cfd1a859e24efe543d4ec8f2c096a0b0ee972ef5ae5f9bca,2,1,3,0.0,0.0,0.0,0.0,0.0,0.0,False,False,True,True
Beauty,A2DFO9V3HMXZMD,fit,01e6d32ef40a1938cfd1a859e24efe543d4ec8f2c096a0b0ee972ef5ae5f9bca,3,1,3,0.0,0.0,0.0,0.0,0.0,0.0,False,False,True,True
Beauty,A2DFO9V3HMXZMD,fit,01e6d32ef40a1938cfd1a859e24efe543d4ec8f2c096a0b0ee972ef5ae5f9bca,4,1,3,0.0,0.0,0.0,0.0,0.0,0.0,False,False,True,True
Beauty,A2DFO9V3HMXZMD,fit,01e6d32ef40a1938cfd1a859e24efe543d4ec8f2c096a0b0ee972ef5ae5f9bca,5,1,3,0.0,0.0,0.0,0.0,0.0,0.0,False,False,True,True
Beauty,A2DFO9V3HMXZMD,fit,01e6d32ef40a1938cfd1a859e24efe543d4ec8f2c096a0b0ee972ef5ae5f9bca,6,1,3,0.0,0.0,0.0,0.0,0.0,0.0,False,False,True,True
Beauty,AJXB8N23GMST4,fit,01e6e96da32524ba04594efe40c1f8b224850db27c2108402cfa7501a2184232,0,108,2,0.0,-1.6956281661987305,-3.189408302307129,-3.6346888542175293,1.9390606880187988,1.4937801361083984,True,False,True,True
Beauty,AJXB8N23GMST4,fit,01e6e96da32524ba04594efe40c1f8b224850db27c2108402cfa7501a2184232,1,151,2,0.0,-0.00019298121333122253,-7.919366836547852,-8.987826347351074,8.987633366137743,7.91917385533452,True,False,True,True
Beauty,AJXB8N23GMST4,fit,01e6e96da32524ba04594efe40c1f8b224850db27c2108402cfa7501a2184232,2,1,2,0.0,0.0,0.0,0.0,0.0,0.0,False,False,True,True
Beauty,AJXB8N23GMST4,fit,01e6e96da32524ba04594efe40c1f8b224850db27c2108402cfa7501a2184232,3,1,2,0.0,0.0,0.0,0.0,0.0,0.0,False,False,True,True
Beauty,AJXB8N23GMST4,fit,01e6e96da32524ba04594efe40c1f8b224850db27c2108402cfa7501a2184232,4,1,2,0.0,0.0,0.0,0.0,0.0,0.0,False,False,True,True
Beauty,AJXB8N23GMST4,fit,01e6e96da32524ba04594efe40c1f8b224850db27c2108402cfa7501a2184232,5,1,2,0.0,0.0,0.0,0.0,0.0,0.0,False,False,True,True
Beauty,AJXB8N23GMST4,fit,01e6e96da32524ba04594efe40c1f8b224850db27c2108402cfa7501a2184232,6,1,2,0.0,0.0,0.0,0.0,0.0,0.0,False,False,True,True
Beauty,A3SYJB7D8UMZGL,fit,01e6ede848f009e026b0a287553a55579c4703a34b920ec65e178df3195b13f8,0,108,5,0.0,-0.19947780668735504,-1.7953553199768066,-0.8145533204078674,0.6150755137205124,1.5958775132894516,True,False,True,True
Beauty,A3SYJB7D8UMZGL,fit,01e6ede848f009e026b0a287553a55579c4703a34b920ec65e178df3195b13f8,1,126,5,0.0,-0.3217724561691284,-3.706603527069092,-2.3305068016052246,2.008734345436096,3.3848310708999634,True,False,True,True
Beauty,A3SYJB7D8UMZGL,fit,01e6ede848f009e026b0a287553a55579c4703a34b920ec65e178df3195b13f8,2,12,5,0.0,-0.6667389273643494,-1.7758058309555054,-1.1318048238754272,0.4650658965110779,1.109066903591156,True,False,True,True
Beauty,A3SYJB7D8UMZGL,fit,01e6ede848f009e026b0a287553a55579c4703a34b920ec65e178df3195b13f8,3,1,5,0.0,0.0,0.0,0.0,0.0,0.0,False,False,True,True
Beauty,A3SYJB7D8UMZGL,fit,01e6ede848f009e026b0a287553a55579c4703a34b920ec65e178df3195b13f8,4,1,5,0.0,0.0,0.0,0.0,0.0,0.0,False,False,True,True
Beauty,A3SYJB7D8UMZGL,fit,01e6ede848f009e026b0a287553a55579c4703a34b920ec65e178df3195b13f8,5,1,5,0.0,0.0,0.0,0.0,0.0,0.0,False,False,True,True
Beauty,A3SYJB7D8UMZGL,fit,01e6ede848f009e026b0a287553a55579c4703a34b920ec65e178df3195b13f8,6,1,5,0.0,0.0,0.0,0.0,0.0,0.0,False,False,True,True
Beauty,A3RXQF95VPGXI4,fit,01e77d13ab7c624b55eb88fe22ad2dc7d8d7bfa705f28a89e9b78a9c523bce0b,0,108,4,0.0,-2.7859177589416504,-3.2246336936950684,-2.5351169109344482,-0.25080084800720215,0.43871593475341797,False,False,True,True
Beauty,A3RXQF95VPGXI4,fit,01e77d13ab7c624b55eb88fe22ad2dc7d8d7bfa705f28a89e9b78a9c523bce0b,1,106,4,0.0,-0.048155270516872406,-0.6592291593551636,-5.787941932678223,5.73978666216135,0.6110738888382912,True,False,True,True
Beauty,A3RXQF95VPGXI4,fit,01e77d13ab7c624b55eb88fe22ad2dc7d8d7bfa705f28a89e9b78a9c523bce0b,2,5,4,0.0,0.0,-16.061824798583984,-2.7716879844665527,2.7716879844665527,16.061824798583984,True,False,True,True
Beauty,A3RXQF95VPGXI4,fit,01e77d13ab7c624b55eb88fe22ad2dc7d8d7bfa705f28a89e9b78a9c523bce0b,3,1,4,0.0,0.0,0.0,0.0,0.0,0.0,False,False,True,True
Beauty,A3RXQF95VPGXI4,fit,01e77d13ab7c624b55eb88fe22ad2dc7d8d7bfa705f28a89e9b78a9c523bce0b,4,1,4,0.0,0.0,0.0,0.0,0.0,0.0,False,False,True,True
Beauty,A3RXQF95VPGXI4,fit,01e77d13ab7c624b55eb88fe22ad2dc7d8d7bfa705f28a89e9b78a9c523bce0b,5,1,4,0.0,0.0,0.0,0.0,0.0,0.0,False,False,True,True
Beauty,A3RXQF95VPGXI4,fit,01e77d13ab7c624b55eb88fe22ad2dc7d8d7bfa705f28a89e9b78a9c523bce0b,6,1,4,0.0,0.0,0.0,0.0,0.0,0.0,False,False,True,True
Beauty,A2IVN0NCHQEZZN,fit,01f17c10cb8d6b4b054979e2911e1b3123a87fc2c7a9687f389ce5b47432c984,0,108,4,0.0,-4.222177505493164,-5.459012031555176,-6.2207183837890625,1.9985408782958984,1.2368345260620117,True,False,True,True
Beauty,A2IVN0NCHQEZZN,fit,01f17c10cb8d6b4b054979e2911e1b3123a87fc2c7a9687f389ce5b47432c984,1,46,4,0.0,-0.9844338297843933,-1.9192808866500854,-1.469659686088562,0.4852258563041687,0.9348470568656921,True,False,True,True
Beauty,A2IVN0NCHQEZZN,fit,01f17c10cb8d6b4b054979e2911e1b3123a87fc2c7a9687f389ce5b47432c984,2,2,4,0.0,-0.0023645793553441763,-0.0025366530753672123,-0.0062543852254748344,0.003889805870130658,0.000172073720023036,True,True,True,True
Beauty,A2IVN0NCHQEZZN,fit,01f17c10cb8d6b4b054979e2911e1b3123a87fc2c7a9687f389ce5b47432c984,3,2,4,0.0,-0.020927101373672485,-0.02458128146827221,-0.030044520273804665,0.00911741890013218,0.003654180094599724,True,True,True,True
Beauty,A2IVN0NCHQEZZN,fit,01f17c10cb8d6b4b054979e2911e1b3123a87fc2c7a9687f389ce5b47432c984,4,1,4,0.0,0.0,0.0,0.0,0.0,0.0,False,False,True,True
Beauty,A2IVN0NCHQEZZN,fit,01f17c10cb8d6b4b054979e2911e1b3123a87fc2c7a9687f389ce5b47432c984,5,1,4,0.0,0.0,0.0,0.0,0.0,0.0,False,False,True,True
Beauty,A2IVN0NCHQEZZN,fit,01f17c10cb8d6b4b054979e2911e1b3123a87fc2c7a9687f389ce5b47432c984,6,1,4,0.0,0.0,0.0,0.0,0.0,0.0,False,False,True,True
Beauty,A2S4RNDKQO1G0U,fit,01f532d7fe13be842fefcdb4f74079b15a3069533670ffa76df6ba6842f2a312,0,108,3,0.0,-2.69728946685791,-3.54579496383667,-1.5758122205734253,-1.1214772462844849,0.8485054969787598,False,False,True,True
Beauty,A2S4RNDKQO1G0U,fit,01f532d7fe13be842fefcdb4f74079b15a3069533670ffa76df6ba6842f2a312,1,31,3,0.0,-0.7256112694740295,-0.7968583106994629,-1.0203509330749512,0.29473966360092163,0.07124704122543335,True,True,True,True
Beauty,A2S4RNDKQO1G0U,fit,01f532d7fe13be842fefcdb4f74079b15a3069533670ffa76df6ba6842f2a312,2,2,3,0.0,-1.5127300024032593,-2.677960157394409,-2.896683692932129,1.3839536905288696,1.16523015499115,True,False,True,True
Beauty,A2S4RNDKQO1G0U,fit,01f532d7fe13be842fefcdb4f74079b15a3069533670ffa76df6ba6842f2a312,3,1,3,0.0,0.0,0.0,0.0,0.0,0.0,False,False,True,True
Beauty,A2S4RNDKQO1G0U,fit,01f532d7fe13be842fefcdb4f74079b15a3069533670ffa76df6ba6842f2a312,4,1,3,0.0,0.0,0.0,0.0,0.0,0.0,False,False,True,True
Beauty,A2S4RNDKQO1G0U,fit,01f532d7fe13be842fefcdb4f74079b15a3069533670ffa76df6ba6842f2a312,5,1,3,0.0,0.0,0.0,0.0,0.0,0.0,False,False,True,True
Beauty,A2S4RNDKQO1G0U,fit,01f532d7fe13be842fefcdb4f74079b15a3069533670ffa76df6ba6842f2a312,6,1,3,0.0,0.0,0.0,0.0,0.0,0.0,False,False,True,True
Beauty,A3TN08MUCXIA01,fit,01f9cf1cb7c9dfdf7e39cf59068d6424260db6a7927314e63731ad80fa52540d,0,108,4,0.05263157894736842,-5.14716100692749,-3.99891996383667,-5.346044540405273,0.1988835334777832,-1.1482410430908203,True,True,True,True
Beauty,A3TN08MUCXIA01,fit,01f9cf1cb7c9dfdf7e39cf59068d6424260db6a7927314e63731ad80fa52540d,1,87,4,0.05263157894736842,-0.3921181261539459,-0.4974040687084198,-0.554112434387207,0.1619943082332611,0.10528594255447388,True,False,True,True
Beauty,A3TN08MUCXIA01,fit,01f9cf1cb7c9dfdf7e39cf59068d6424260db6a7927314e63731ad80fa52540d,2,18,4,0.05263157894736842,-1.4359989166259766,-3.7240653038024902,-2.099540948867798,0.6635420322418213,2.2880663871765137,True,False,True,True
Beauty,A3TN08MUCXIA01,fit,01f9cf1cb7c9dfdf7e39cf59068d6424260db6a7927314e63731ad80fa52540d,3,1,4,0.05263157894736842,0.0,0.0,0.0,0.0,0.0,False,False,True,True
Beauty,A3TN08MUCXIA01,fit,01f9cf1cb7c9dfdf7e39cf59068d6424260db6a7927314e63731ad80fa52540d,4,1,4,0.05263157894736842,0.0,0.0,0.0,0.0,0.0,False,False,True,True
Beauty,A3TN08MUCXIA01,fit,01f9cf1cb7c9dfdf7e39cf59068d6424260db6a7927314e63731ad80fa52540d,5,1,4,0.05263157894736842,0.0,0.0,0.0,0.0,0.0,False,False,True,True
Beauty,A3TN08MUCXIA01,fit,01f9cf1cb7c9dfdf7e39cf59068d6424260db6a7927314e63731ad80fa52540d,6,1,4,0.05263157894736842,0.0,0.0,0.0,0.0,0.0,False,False,True,True
Beauty,A1OFNPJKUYOWY7,fit,01fb8b8f9701b05281059d8320a09e08e3a84a3196bc4a0048f1fd282f1345b0,0,108,3,0.0,-2.7735960483551025,-2.908780336380005,-2.572784900665283,-0.20081114768981934,0.13518428802490234,False,False,True,True
Beauty,A1OFNPJKUYOWY7,fit,01fb8b8f9701b05281059d8320a09e08e3a84a3196bc4a0048f1fd282f1345b0,1,48,3,0.0,-3.003847360610962,-2.502462863922119,-1.5607054233551025,-1.4431419372558594,-0.5013844966888428,False,False,True,True
Beauty,A1OFNPJKUYOWY7,fit,01fb8b8f9701b05281059d8320a09e08e3a84a3196bc4a0048f1fd282f1345b0,2,3,3,0.0,-0.7740453481674194,-1.0497392416000366,-0.5120684504508972,-0.2619768977165222,0.2756938934326172,False,False,True,True
Beauty,A1OFNPJKUYOWY7,fit,01fb8b8f9701b05281059d8320a09e08e3a84a3196bc4a0048f1fd282f1345b0,3,1,3,0.0,0.0,0.0,0.0,0.0,0.0,False,False,True,True
Beauty,A1OFNPJKUYOWY7,fit,01fb8b8f9701b05281059d8320a09e08e3a84a3196bc4a0048f1fd282f1345b0,4,1,3,0.0,0.0,0.0,0.0,0.0,0.0,False,False,True,True
Beauty,A1OFNPJKUYOWY7,fit,01fb8b8f9701b05281059d8320a09e08e3a84a3196bc4a0048f1fd282f1345b0,5,1,3,0.0,0.0,0.0,0.0,0.0,0.0,False,False,True,True
Beauty,A1OFNPJKUYOWY7,fit,01fb8b8f9701b05281059d8320a09e08e3a84a3196bc4a0048f1fd282f1345b0,6,1,3,0.0,0.0,0.0,0.0,0.0,0.0,False,False,True,True
Beauty,A2ZRBJ4HBJHMT1,fit,0204b3b8b7386320fcc4140f7d112b7c8a2a4636f25a31103bc3cbc31f8766c9,0,108,3,0.0,-1.8385307788848877,-4.316226482391357,-3.7020647525787354,1.8635339736938477,2.4776957035064697,True,False,True,True
Beauty,A2ZRBJ4HBJHMT1,fit,0204b3b8b7386320fcc4140f7d112b7c8a2a4636f25a31103bc3cbc31f8766c9,1,104,3,0.0,-5.317760467529297,-7.743494033813477,-6.969522476196289,1.6517620086669922,2.4257335662841797,True,False,True,True
Beauty,A2ZRBJ4HBJHMT1,fit,0204b3b8b7386320fcc4140f7d112b7c8a2a4636f25a31103bc3cbc31f8766c9,2,1,3,0.0,0.0,0.0,0.0,0.0,0.0,False,False,True,True
Beauty,A2ZRBJ4HBJHMT1,fit,0204b3b8b7386320fcc4140f7d112b7c8a2a4636f25a31103bc3cbc31f8766c9,3,1,3,0.0,0.0,0.0,0.0,0.0,0.0,False,False,True,True
Beauty,A2ZRBJ4HBJHMT1,fit,0204b3b8b7386320fcc4140f7d112b7c8a2a4636f25a31103bc3cbc31f8766c9,4,1,3,0.0,0.0,0.0,0.0,0.0,0.0,False,False,True,True
Beauty,A2ZRBJ4HBJHMT1,fit,0204b3b8b7386320fcc4140f7d112b7c8a2a4636f25a31103bc3cbc31f8766c9,5,1,3,0.0,0.0,0.0,0.0,0.0,0.0,False,False,True,True
Beauty,A2ZRBJ4HBJHMT1,fit,0204b3b8b7386320fcc4140f7d112b7c8a2a4636f25a31103bc3cbc31f8766c9,6,1,3,0.0,0.0,0.0,0.0,0.0,0.0,False,False,True,True
Beauty,A7T81EL84RWER,fit,02077b6e62ab133cf0354060fe31970dadd92980b4f4cf8c7a66ef36ec7cad52,0,108,3,0.0,-0.1084580048918724,-2.3550872802734375,-0.6398763656616211,0.5314183607697487,2.246629275381565,True,False,True,True
Beauty,A7T81EL84RWER,fit,02077b6e62ab133cf0354060fe31970dadd92980b4f4cf8c7a66ef36ec7cad52,1,53,3,0.0,-2.709425449371338,-4.157467365264893,-4.757818222045898,2.0483927726745605,1.4480419158935547,True,False,True,True
Beauty,A7T81EL84RWER,fit,02077b6e62ab133cf0354060fe31970dadd92980b4f4cf8c7a66ef36ec7cad52,2,2,3,0.0,-0.3677266538143158,-0.007755525875836611,-0.001679201959632337,-0.36604745185468346,-0.3599711279384792,False,False,True,True
Beauty,A7T81EL84RWER,fit,02077b6e62ab133cf0354060fe31970dadd92980b4f4cf8c7a66ef36ec7cad52,3,1,3,0.0,0.0,0.0,0.0,0.0,0.0,False,False,True,True
Beauty,A7T81EL84RWER,fit,02077b6e62ab133cf0354060fe31970dadd92980b4f4cf8c7a66ef36ec7cad52,4,1,3,0.0,0.0,0.0,0.0,0.0,0.0,False,False,True,True
Beauty,A7T81EL84RWER,fit,02077b6e62ab133cf0354060fe31970dadd92980b4f4cf8c7a66ef36ec7cad52,5,1,3,0.0,0.0,0.0,0.0,0.0,0.0,False,False,True,True
Beauty,A7T81EL84RWER,fit,02077b6e62ab133cf0354060fe31970dadd92980b4f4cf8c7a66ef36ec7cad52,6,1,3,0.0,0.0,0.0,0.0,0.0,0.0,False,False,True,True
Beauty,A7T81EL84RWER,fit,02077b6e62ab133cf0354060fe31970dadd92980b4f4cf8c7a66ef36ec7cad52,7,2,3,0.0,-0.27152445912361145,-0.715099036693573,-0.6898115873336792,0.41828712821006775,0.44357457756996155,True,False,True,True
Beauty,A3BAA7HP1CIWRR,fit,020f70445fac678497d3e2189c7784f3b39ce9888c436715c146414aca07cdf9,0,108,2,0.1111111111111111,-0.40346771478652954,-2.5211832523345947,-0.9063029885292053,0.5028352737426758,2.117715537548065,True,False,True,True
Beauty,A3BAA7HP1CIWRR,fit,020f70445fac678497d3e2189c7784f3b39ce9888c436715c146414aca07cdf9,1,98,2,0.1111111111111111,-5.712323188781738,-4.825967311859131,-5.061197280883789,-0.6511259078979492,-0.8863558769226074,False,False,True,True
Beauty,A3BAA7HP1CIWRR,fit,020f70445fac678497d3e2189c7784f3b39ce9888c436715c146414aca07cdf9,2,3,2,0.1111111111111111,-0.18590901792049408,-0.25492435693740845,-0.28408586978912354,0.09817685186862946,0.06901533901691437,True,True,True,True
Beauty,A3BAA7HP1CIWRR,fit,020f70445fac678497d3e2189c7784f3b39ce9888c436715c146414aca07cdf9,3,2,2,0.1111111111111111,-0.010687259025871754,-0.014523504301905632,-0.0021175360307097435,-0.00856972299516201,0.0038362452760338783,False,False,True,True
Beauty,A3BAA7HP1CIWRR,fit,020f70445fac678497d3e2189c7784f3b39ce9888c436715c146414aca07cdf9,4,1,2,0.1111111111111111,0.0,0.0,0.0,0.0,0.0,False,False,True,True
Beauty,A3BAA7HP1CIWRR,fit,020f70445fac678497d3e2189c7784f3b39ce9888c436715c146414aca07cdf9,5,1,2,0.1111111111111111,0.0,0.0,0.0,0.0,0.0,False,False,True,True
Beauty,A3BAA7HP1CIWRR,fit,020f70445fac678497d3e2189c7784f3b39ce9888c436715c146414aca07cdf9,6,1,2,0.1111111111111111,0.0,0.0,0.0,0.0,0.0,False,False,True,True
Beauty,AHK6FJP078EXJ,fit,020f9264dcdad16acf29c25be65608555b11f77992afd1fe62c8384fc1d4548c,0,108,3,0.17647058823529413,-1.9115805625915527,-3.638861656188965,-3.6577060222625732,1.7461254596710205,1.727281093597412,True,False,True,True
Beauty,AHK6FJP078EXJ,fit,020f9264dcdad16acf29c25be65608555b11f77992afd1fe62c8384fc1d4548c,1,96,3,0.17647058823529413,-0.0003873551613651216,-7.94291877746582,-7.002099514007568,7.001712158846203,7.942531422304455,True,False,True,True
Beauty,AHK6FJP078EXJ,fit,020f9264dcdad16acf29c25be65608555b11f77992afd1fe62c8384fc1d4548c,2,1,3,0.17647058823529413,0.0,0.0,0.0,0.0,0.0,False,False,True,True
Beauty,AHK6FJP078EXJ,fit,020f9264dcdad16acf29c25be65608555b11f77992afd1fe62c8384fc1d4548c,3,1,3,0.17647058823529413,0.0,0.0,0.0,0.0,0.0,False,False,True,True
Beauty,AHK6FJP078EXJ,fit,020f9264dcdad16acf29c25be65608555b11f77992afd1fe62c8384fc1d4548c,4,1,3,0.17647058823529413,0.0,0.0,0.0,0.0,0.0,False,False,True,True
Beauty,AHK6FJP078EXJ,fit,020f9264dcdad16acf29c25be65608555b11f77992afd1fe62c8384fc1d4548c,5,1,3,0.17647058823529413,0.0,0.0,0.0,0.0,0.0,False,False,True,True
Beauty,AHK6FJP078EXJ,fit,020f9264dcdad16acf29c25be65608555b11f77992afd1fe62c8384fc1d4548c,6,1,3,0.17647058823529413,0.0,0.0,0.0,0.0,0.0,False,False,True,True
Beauty,A2II54B3VA45LN,fit,021248e61dd8f144ced94b86d8cf48083e0c7932bb3810b7d030b386b2af4525,0,108,9,0.17647058823529413,-2.741426467895508,-3.1818530559539795,-1.399169921875,-1.3422565460205078,0.4404265880584717,False,False,True,True
Beauty,A2II54B3VA45LN,fit,021248e61dd8f144ced94b86d8cf48083e0c7932bb3810b7d030b386b2af4525,1,212,9,0.17647058823529413,-7.7064595222473145,-6.870085716247559,-7.8032145500183105,0.0967550277709961,-0.8363738059997559,True,True,True,True
Beauty,A2II54B3VA45LN,fit,021248e61dd8f144ced94b86d8cf48083e0c7932bb3810b7d030b386b2af4525,2,1,9,0.17647058823529413,0.0,0.0,0.0,0.0,0.0,False,False,True,True
Beauty,A2II54B3VA45LN,fit,021248e61dd8f144ced94b86d8cf48083e0c7932bb3810b7d030b386b2af4525,3,1,9,0.17647058823529413,0.0,0.0,0.0,0.0,0.0,False,False,True,True
Beauty,A2II54B3VA45LN,fit,021248e61dd8f144ced94b86d8cf48083e0c7932bb3810b7d030b386b2af4525,4,1,9,0.17647058823529413,0.0,0.0,0.0,0.0,0.0,False,False,True,True
Beauty,A2II54B3VA45LN,fit,021248e61dd8f144ced94b86d8cf48083e0c7932bb3810b7d030b386b2af4525,5,1,9,0.17647058823529413,0.0,0.0,0.0,0.0,0.0,False,False,True,True
Beauty,A2II54B3VA45LN,fit,021248e61dd8f144ced94b86d8cf48083e0c7932bb3810b7d030b386b2af4525,6,1,9,0.17647058823529413,0.0,0.0,0.0,0.0,0.0,False,False,True,True
Beauty,A2TNC7MGMYQ7Y2,fit,0212789e16a8758ab450b606419f56d967967323ca143fc645130bbc693c2450,0,108,2,0.0,-1.3878953456878662,-4.857169151306152,-1.6481759548187256,0.2602806091308594,3.469273805618286,True,False,True,True
Beauty,A2TNC7MGMYQ7Y2,fit,0212789e16a8758ab450b606419f56d967967323ca143fc645130bbc693c2450,1,255,2,0.0,-2.8848822116851807,-5.807566165924072,-4.022711753845215,1.1378295421600342,2.9226839542388916,True,False,True,True
Beauty,A2TNC7MGMYQ7Y2,fit,0212789e16a8758ab450b606419f56d967967323ca143fc645130bbc693c2450,2,4,2,0.0,-0.00010573305189609528,-0.0002388668799540028,-0.00019786784832831472,9.213479643221945e-05,0.00013313382805790752,True,True,True,True
Beauty,A2TNC7MGMYQ7Y2,fit,0212789e16a8758ab450b606419f56d967967323ca143fc645130bbc693c2450,3,1,2,0.0,0.0,0.0,0.0,0.0,0.0,False,False,True,True
Beauty,A2TNC7MGMYQ7Y2,fit,0212789e16a8758ab450b606419f56d967967323ca143fc645130bbc693c2450,4,1,2,0.0,0.0,0.0,0.0,0.0,0.0,False,False,True,True
Beauty,A2TNC7MGMYQ7Y2,fit,0212789e16a8758ab450b606419f56d967967323ca143fc645130bbc693c2450,5,1,2,0.0,0.0,0.0,0.0,0.0,0.0,False,False,True,True
Beauty,A2TNC7MGMYQ7Y2,fit,0212789e16a8758ab450b606419f56d967967323ca143fc645130bbc693c2450,6,1,2,0.0,0.0,0.0,0.0,0.0,0.0,False,False,True,True
Beauty,A8PXGH2UM15TE,fit,02145474db3c975c0b712ccd476a55c3012416fb958473d1decf1646a204871f,0,108,3,0.0,-4.411202907562256,-4.6175713539123535,-3.3009822368621826,-1.1102206707000732,0.20636844635009766,False,False,True,True
Beauty,A8PXGH2UM15TE,fit,02145474db3c975c0b712ccd476a55c3012416fb958473d1decf1646a204871f,1,212,3,0.0,-3.984992265701294,-5.795590877532959,-3.58516788482666,-0.3998243808746338,1.810598611831665,False,False,True,True
Beauty,A8PXGH2UM15TE,fit,02145474db3c975c0b712ccd476a55c3012416fb958473d1decf1646a204871f,2,3,3,0.0,-0.024001169949769974,-0.004462284967303276,-0.004897146951407194,-0.01910402299836278,-0.019538884982466698,False,False,True,True
Beauty,A8PXGH2UM15TE,fit,02145474db3c975c0b712ccd476a55c3012416fb958473d1decf1646a204871f,3,3,3,0.0,-1.5097696781158447,-1.7706525325775146,-1.6027530431747437,0.09298336505889893,0.2608828544616699,True,False,True,True
Beauty,A8PXGH2UM15TE,fit,02145474db3c975c0b712ccd476a55c3012416fb958473d1decf1646a204871f,4,1,3,0.0,0.0,0.0,0.0,0.0,0.0,False,False,True,True
Beauty,A8PXGH2UM15TE,fit,02145474db3c975c0b712ccd476a55c3012416fb958473d1decf1646a204871f,5,1,3,0.0,0.0,0.0,0.0,0.0,0.0,False,False,True,True
Beauty,A8PXGH2UM15TE,fit,02145474db3c975c0b712ccd476a55c3012416fb958473d1decf1646a204871f,6,1,3,0.0,0.0,0.0,0.0,0.0,0.0,False,False,True,True
Beauty,A8PXGH2UM15TE,fit,02145474db3c975c0b712ccd476a55c3012416fb958473d1decf1646a204871f,7,2,3,0.0,-0.053123340010643005,-0.11505775153636932,-0.06352631002664566,0.010402970016002655,0.06193441152572632,True,True,True,True
Beauty,A5XF76PK1PEYO,fit,021bf5aad966b274fb508558d373d876a781f77f45f00fef133388bd4acaf328,0,108,2,0.0,-7.236301422119141,-6.63933801651001,-7.133335590362549,-0.1029658317565918,-0.5969634056091309,False,False,True,True
Beauty,A5XF76PK1PEYO,fit,021bf5aad966b274fb508558d373d876a781f77f45f00fef133388bd4acaf328,1,14,2,0.0,-1.369214653968811,-1.3805452585220337,-1.8916715383529663,0.5224568843841553,0.011330604553222656,True,True,True,True
Beauty,A5XF76PK1PEYO,fit,021bf5aad966b274fb508558d373d876a781f77f45f00fef133388bd4acaf328,2,2,2,0.0,-1.4650380611419678,-1.799520492553711,-2.386795997619629,0.9217579364776611,0.33448243141174316,True,False,True,True
Beauty,A5XF76PK1PEYO,fit,021bf5aad966b274fb508558d373d876a781f77f45f00fef133388bd4acaf328,3,4,2,0.0,-0.047177791595458984,-0.05488693341612816,-0.07971719652414322,0.032539404928684235,0.007709141820669174,True,True,True,True
Beauty,A5XF76PK1PEYO,fit,021bf5aad966b274fb508558d373d876a781f77f45f00fef133388bd4acaf328,4,1,2,0.0,0.0,0.0,0.0,0.0,0.0,False,False,True,True
Beauty,A5XF76PK1PEYO,fit,021bf5aad966b274fb508558d373d876a781f77f45f00fef133388bd4acaf328,5,1,2,0.0,0.0,0.0,0.0,0.0,0.0,False,False,True,True
Beauty,A5XF76PK1PEYO,fit,021bf5aad966b274fb508558d373d876a781f77f45f00fef133388bd4acaf328,6,1,2,0.0,0.0,0.0,0.0,0.0,0.0,False,False,True,True
Beauty,A39SZKOCGCPP16,fit,021f641e40ddbed312e96dbe7c0ef61b8d37ac8595b31bee43e850bb97362e33,0,108,2,0.0,-0.43568429350852966,-5.137723922729492,-2.5477778911590576,2.112093597650528,4.7020396292209625,True,False,True,True
Beauty,A39SZKOCGCPP16,fit,021f641e40ddbed312e96dbe7c0ef61b8d37ac8595b31bee43e850bb97362e33,1,33,2,0.0,-0.9211584329605103,-4.805068016052246,-4.801729202270508,3.8805707693099976,3.883909583091736,True,False,True,True
Beauty,A39SZKOCGCPP16,fit,021f641e40ddbed312e96dbe7c0ef61b8d37ac8595b31bee43e850bb97362e33,2,1,2,0.0,0.0,0.0,0.0,0.0,0.0,False,False,True,True
Beauty,A39SZKOCGCPP16,fit,021f641e40ddbed312e96dbe7c0ef61b8d37ac8595b31bee43e850bb97362e33,3,1,2,0.0,0.0,0.0,0.0,0.0,0.0,False,False,True,True
Beauty,A39SZKOCGCPP16,fit,021f641e40ddbed312e96dbe7c0ef61b8d37ac8595b31bee43e850bb97362e33,4,1,2,0.0,0.0,0.0,0.0,0.0,0.0,False,False,True,True
Beauty,A39SZKOCGCPP16,fit,021f641e40ddbed312e96dbe7c0ef61b8d37ac8595b31bee43e850bb97362e33,5,1,2,0.0,0.0,0.0,0.0,0.0,0.0,False,False,True,True
Beauty,A39SZKOCGCPP16,fit,021f641e40ddbed312e96dbe7c0ef61b8d37ac8595b31bee43e850bb97362e33,6,1,2,0.0,0.0,0.0,0.0,0.0,0.0,False,False,True,True
Beauty,A2SKAPQXBU5PJ7,fit,022062a03e1aa3220bca5f6edc7d047e3933b15ba3616aa072f5ff0caf3058e4,0,108,2,0.0,-5.15726900100708,-4.526665687561035,-5.310585975646973,0.15331697463989258,-0.6306033134460449,True,True,True,True
Beauty,A2SKAPQXBU5PJ7,fit,022062a03e1aa3220bca5f6edc7d047e3933b15ba3616aa072f5ff0caf3058e4,1,41,2,0.0,-1.106397271156311,-2.3982760906219482,-2.9572958946228027,1.8508986234664917,1.2918788194656372,True,False,True,True
Beauty,A2SKAPQXBU5PJ7,fit,022062a03e1aa3220bca5f6edc7d047e3933b15ba3616aa072f5ff0caf3058e4,2,6,2,0.0,-0.8045008778572083,-1.4005765914916992,-1.4034278392791748,0.5989269614219666,0.596075713634491,True,False,True,True
Beauty,A2SKAPQXBU5PJ7,fit,022062a03e1aa3220bca5f6edc7d047e3933b15ba3616aa072f5ff0caf3058e4,3,1,2,0.0,0.0,0.0,0.0,0.0,0.0,False,False,True,True
Beauty,A2SKAPQXBU5PJ7,fit,022062a03e1aa3220bca5f6edc7d047e3933b15ba3616aa072f5ff0caf3058e4,4,1,2,0.0,0.0,0.0,0.0,0.0,0.0,False,False,True,True
Beauty,A2SKAPQXBU5PJ7,fit,022062a03e1aa3220bca5f6edc7d047e3933b15ba3616aa072f5ff0caf3058e4,5,1,2,0.0,0.0,0.0,0.0,0.0,0.0,False,False,True,True
Beauty,A2SKAPQXBU5PJ7,fit,022062a03e1aa3220bca5f6edc7d047e3933b15ba3616aa072f5ff0caf3058e4,6,1,2,0.0,0.0,0.0,0.0,0.0,0.0,False,False,True,True
Beauty,A249WJKFOGN7BL,fit,0227eb449d80a3b0fc3465993994b2a61dc483c9ec12840020ff89095981a5ac,0,108,2,0.0,-5.387091636657715,-4.966438293457031,-5.235349655151367,-0.15174198150634766,-0.4206533432006836,False,False,True,True
Beauty,A249WJKFOGN7BL,fit,0227eb449d80a3b0fc3465993994b2a61dc483c9ec12840020ff89095981a5ac,1,78,2,0.0,-4.281365394592285,-4.720760822296143,-5.132798194885254,0.8514328002929688,0.4393954277038574,True,False,True,True
Beauty,A249WJKFOGN7BL,fit,0227eb449d80a3b0fc3465993994b2a61dc483c9ec12840020ff89095981a5ac,2,1,2,0.0,0.0,0.0,0.0,0.0,0.0,False,False,True,True
Beauty,A249WJKFOGN7BL,fit,0227eb449d80a3b0fc3465993994b2a61dc483c9ec12840020ff89095981a5ac,3,1,2,0.0,0.0,0.0,0.0,0.0,0.0,False,False,True,True
Beauty,A249WJKFOGN7BL,fit,0227eb449d80a3b0fc3465993994b2a61dc483c9ec12840020ff89095981a5ac,4,1,2,0.0,0.0,0.0,0.0,0.0,0.0,False,False,True,True
Beauty,A249WJKFOGN7BL,fit,0227eb449d80a3b0fc3465993994b2a61dc483c9ec12840020ff89095981a5ac,5,1,2,0.0,0.0,0.0,0.0,0.0,0.0,False,False,True,True
Beauty,A249WJKFOGN7BL,fit,0227eb449d80a3b0fc3465993994b2a61dc483c9ec12840020ff89095981a5ac,6,1,2,0.0,0.0,0.0,0.0,0.0,0.0,False,False,True,True
Beauty,A1MRSECOAO128E,fit,022aa6b84f80b722b682f55f76b5bfe5c3eeba45a9daaef4720c89ec717cf488,0,108,6,0.0,-1.9763212203979492,-6.819734573364258,-6.032222270965576,4.055901050567627,4.843413352966309,True,False,True,True
Beauty,A1MRSECOAO128E,fit,022aa6b84f80b722b682f55f76b5bfe5c3eeba45a9daaef4720c89ec717cf488,1,31,6,0.0,-0.009294101037085056,-9.362813949584961,-9.723617553710938,9.714323452673852,9.353519848547876,True,False,True,True
Beauty,A1MRSECOAO128E,fit,022aa6b84f80b722b682f55f76b5bfe5c3eeba45a9daaef4720c89ec717cf488,2,1,6,0.0,0.0,0.0,0.0,0.0,0.0,False,False,True,True
Beauty,A1MRSECOAO128E,fit,022aa6b84f80b722b682f55f76b5bfe5c3eeba45a9daaef4720c89ec717cf488,3,1,6,0.0,0.0,0.0,0.0,0.0,0.0,False,False,True,True
Beauty,A1MRSECOAO128E,fit,022aa6b84f80b722b682f55f76b5bfe5c3eeba45a9daaef4720c89ec717cf488,4,1,6,0.0,0.0,0.0,0.0,0.0,0.0,False,False,True,True
Beauty,A1MRSECOAO128E,fit,022aa6b84f80b722b682f55f76b5bfe5c3eeba45a9daaef4720c89ec717cf488,5,1,6,0.0,0.0,0.0,0.0,0.0,0.0,False,False,True,True
Beauty,A1MRSECOAO128E,fit,022aa6b84f80b722b682f55f76b5bfe5c3eeba45a9daaef4720c89ec717cf488,6,1,6,0.0,0.0,0.0,0.0,0.0,0.0,False,False,True,True
Beauty,ACBWPUNYF6FJL,fit,022b68e20433c20c439be8dbdbd28a529c8d9dc9ad1210ef857bacb07ea051e8,0,108,4,0.1111111111111111,-2.849991798400879,-3.979975938796997,-3.8397717475891113,0.9897799491882324,1.1299841403961182,True,False,True,True
Beauty,ACBWPUNYF6FJL,fit,022b68e20433c20c439be8dbdbd28a529c8d9dc9ad1210ef857bacb07ea051e8,1,110,4,0.1111111111111111,-0.2823670506477356,-1.394628882408142,-1.7845569849014282,1.5021899342536926,1.1122618317604065,True,False,True,True
Beauty,ACBWPUNYF6FJL,fit,022b68e20433c20c439be8dbdbd28a529c8d9dc9ad1210ef857bacb07ea051e8,2,3,4,0.1111111111111111,-0.19937536120414734,-0.8612638115882874,-0.44249221682548523,0.2431168556213379,0.66188845038414,True,False,True,True
Beauty,ACBWPUNYF6FJL,fit,022b68e20433c20c439be8dbdbd28a529c8d9dc9ad1210ef857bacb07ea051e8,3,1,4,0.1111111111111111,0.0,0.0,0.0,0.0,0.0,False,False,True,True
Beauty,ACBWPUNYF6FJL,fit,022b68e20433c20c439be8dbdbd28a529c8d9dc9ad1210ef857bacb07ea051e8,4,1,4,0.1111111111111111,0.0,0.0,0.0,0.0,0.0,False,False,True,True
Beauty,ACBWPUNYF6FJL,fit,022b68e20433c20c439be8dbdbd28a529c8d9dc9ad1210ef857bacb07ea051e8,5,1,4,0.1111111111111111,0.0,0.0,0.0,0.0,0.0,False,False,True,True
Beauty,ACBWPUNYF6FJL,fit,022b68e20433c20c439be8dbdbd28a529c8d9dc9ad1210ef857bacb07ea051e8,6,1,4,0.1111111111111111,0.0,0.0,0.0,0.0,0.0,False,False,True,True
Beauty,A34FZXTTECSKJ4,fit,0235bd94cd7aa3e8f786d341ffcbfa2eae3bd08207f1b32b075d59add23a203c,0,108,2,0.0,-5.11119270324707,-5.775443077087402,-5.405787467956543,0.29459476470947266,0.664250373840332,True,False,True,True
Beauty,A34FZXTTECSKJ4,fit,0235bd94cd7aa3e8f786d341ffcbfa2eae3bd08207f1b32b075d59add23a203c,1,63,2,0.0,-3.351560592651367,-3.269533634185791,-2.2108192443847656,-1.1407413482666016,-0.08202695846557617,False,False,True,True
Beauty,A34FZXTTECSKJ4,fit,0235bd94cd7aa3e8f786d341ffcbfa2eae3bd08207f1b32b075d59add23a203c,2,3,2,0.0,-0.15941748023033142,-0.3525160253047943,-0.2511973977088928,0.0917799174785614,0.1930985450744629,True,False,True,True
Beauty,A34FZXTTECSKJ4,fit,0235bd94cd7aa3e8f786d341ffcbfa2eae3bd08207f1b32b075d59add23a203c,3,1,2,0.0,0.0,0.0,0.0,0.0,0.0,False,False,True,True
Beauty,A34FZXTTECSKJ4,fit,0235bd94cd7aa3e8f786d341ffcbfa2eae3bd08207f1b32b075d59add23a203c,4,3,2,0.0,-0.19309452176094055,-0.20493341982364655,-0.09862381964921951,-0.09447070211172104,0.011838898062705994,False,False,True,True
Beauty,A34FZXTTECSKJ4,fit,0235bd94cd7aa3e8f786d341ffcbfa2eae3bd08207f1b32b075d59add23a203c,5,1,2,0.0,0.0,0.0,0.0,0.0,0.0,False,False,True,True
Beauty,A34FZXTTECSKJ4,fit,0235bd94cd7aa3e8f786d341ffcbfa2eae3bd08207f1b32b075d59add23a203c,6,1,2,0.0,0.0,0.0,0.0,0.0,0.0,False,False,True,True
Beauty,A1C9NYUS3MTA6F,fit,023ba6df8e94321fe175bc06e894ab55a4164bcfa489182c12eca31580ca0edd,0,108,4,0.0,-1.3657268285751343,-3.0248169898986816,-1.3242524862289429,-0.041474342346191406,1.6590901613235474,False,False,True,True
Beauty,A1C9NYUS3MTA6F,fit,023ba6df8e94321fe175bc06e894ab55a4164bcfa489182c12eca31580ca0edd,1,30,4,0.0,-2.5970406532287598,-5.366322994232178,-4.309504508972168,1.7124638557434082,2.769282341003418,True,False,True,True
Beauty,A1C9NYUS3MTA6F,fit,023ba6df8e94321fe175bc06e894ab55a4164bcfa489182c12eca31580ca0edd,2,2,4,0.0,-4.5060096454108134e-05,-0.00010227633902104571,-0.00019000156316906214,0.000144941466714954,5.721624256693758e-05,True,True,True,True
Beauty,A1C9NYUS3MTA6F,fit,023ba6df8e94321fe175bc06e894ab55a4164bcfa489182c12eca31580ca0edd,3,3,4,0.0,-0.08145596832036972,-0.30928272008895874,-0.4726695418357849,0.3912135735154152,0.22782675176858902,True,False,True,True
Beauty,A1C9NYUS3MTA6F,fit,023ba6df8e94321fe175bc06e894ab55a4164bcfa489182c12eca31580ca0edd,4,1,4,0.0,0.0,0.0,0.0,0.0,0.0,False,False,True,True
Beauty,A1C9NYUS3MTA6F,fit,023ba6df8e94321fe175bc06e894ab55a4164bcfa489182c12eca31580ca0edd,5,1,4,0.0,0.0,0.0,0.0,0.0,0.0,False,False,True,True
Beauty,A1C9NYUS3MTA6F,fit,023ba6df8e94321fe175bc06e894ab55a4164bcfa489182c12eca31580ca0edd,6,1,4,0.0,0.0,0.0,0.0,0.0,0.0,False,False,True,True
Beauty,A1C9NYUS3MTA6F,fit,023ba6df8e94321fe175bc06e894ab55a4164bcfa489182c12eca31580ca0edd,7,5,4,0.0,-0.7333074808120728,-0.7716424465179443,-0.6783753037452698,-0.05493217706680298,0.03833496570587158,False,False,True,True
Beauty,A2M4JAYE4B7UQ4,fit,0240e7f667e6e8b9d3461fea92203b488a42df6d23c9f80de76ee8621c00e5e2,0,108,3,0.0,-1.6700249910354614,-3.6831605434417725,-2.181976318359375,0.5119513273239136,2.013135552406311,True,False,True,True
Beauty,A2M4JAYE4B7UQ4,fit,0240e7f667e6e8b9d3461fea92203b488a42df6d23c9f80de76ee8621c00e5e2,1,89,3,0.0,-0.006811139173805714,-3.751312494277954,-3.816678285598755,3.809867146424949,3.7445013551041484,True,False,True,True
Beauty,A2M4JAYE4B7UQ4,fit,0240e7f667e6e8b9d3461fea92203b488a42df6d23c9f80de76ee8621c00e5e2,2,1,3,0.0,0.0,0.0,0.0,0.0,0.0,False,False,True,True
Beauty,A2M4JAYE4B7UQ4,fit,0240e7f667e6e8b9d3461fea92203b488a42df6d23c9f80de76ee8621c00e5e2,3,1,3,0.0,0.0,0.0,0.0,0.0,0.0,False,False,True,True
Beauty,A2M4JAYE4B7UQ4,fit,0240e7f667e6e8b9d3461fea92203b488a42df6d23c9f80de76ee8621c00e5e2,4,2,3,0.0,0.0,-0.00012337400403339416,-5.411955135059543e-05,5.411955135059543e-05,0.00012337400403339416,True,True,True,True
Beauty,A2M4JAYE4B7UQ4,fit,0240e7f667e6e8b9d3461fea92203b488a42df6d23c9f80de76ee8621c00e5e2,5,1,3,0.0,0.0,0.0,0.0,0.0,0.0,False,False,True,True
Beauty,A2M4JAYE4B7UQ4,fit,0240e7f667e6e8b9d3461fea92203b488a42df6d23c9f80de76ee8621c00e5e2,6,1,3,0.0,0.0,0.0,0.0,0.0,0.0,False,False,True,True
Beauty,A3MZGKSFYS9NYO,fit,02467b084de559873191ea4743f7ad360703b47ca08832dd5d107576cf939bbd,0,108,5,0.0,-3.9666664600372314,-3.658949375152588,-3.7217869758605957,-0.24487948417663574,-0.30771708488464355,False,False,True,True
Beauty,A3MZGKSFYS9NYO,fit,02467b084de559873191ea4743f7ad360703b47ca08832dd5d107576cf939bbd,1,81,5,0.0,-4.013158798217773,-4.253395080566406,-4.133537292480469,0.12037849426269531,0.2402362823486328,True,False,True,True
Beauty,A3MZGKSFYS9NYO,fit,02467b084de559873191ea4743f7ad360703b47ca08832dd5d107576cf939bbd,2,1,5,0.0,0.0,0.0,0.0,0.0,0.0,False,False,True,True
Beauty,A3MZGKSFYS9NYO,fit,02467b084de559873191ea4743f7ad360703b47ca08832dd5d107576cf939bbd,3,1,5,0.0,0.0,0.0,0.0,0.0,0.0,False,False,True,True
Beauty,A3MZGKSFYS9NYO,fit,02467b084de559873191ea4743f7ad360703b47ca08832dd5d107576cf939bbd,4,1,5,0.0,0.0,0.0,0.0,0.0,0.0,False,False,True,True
Beauty,A3MZGKSFYS9NYO,fit,02467b084de559873191ea4743f7ad360703b47ca08832dd5d107576cf939bbd,5,1,5,0.0,0.0,0.0,0.0,0.0,0.0,False,False,True,True
Beauty,A3MZGKSFYS9NYO,fit,02467b084de559873191ea4743f7ad360703b47ca08832dd5d107576cf939bbd,6,1,5,0.0,0.0,0.0,0.0,0.0,0.0,False,False,True,True
Beauty,A32985CJ5GJDDO,fit,024ab499dce6161671d89316a83ff049abae36706e1243b8bf186501adf18746,0,108,4,0.0,-1.2253187894821167,-2.8756113052368164,-2.2314651012420654,1.0061463117599487,1.6502925157546997,True,False,True,True
Beauty,A32985CJ5GJDDO,fit,024ab499dce6161671d89316a83ff049abae36706e1243b8bf186501adf18746,1,255,4,0.0,-7.310009002685547,-7.289283752441406,-5.765228271484375,-1.5447807312011719,-0.020725250244140625,False,False,True,True
Beauty,A32985CJ5GJDDO,fit,024ab499dce6161671d89316a83ff049abae36706e1243b8bf186501adf18746,2,2,4,0.0,-0.1967228800058365,-0.23050649464130402,-0.24732933938503265,0.05060645937919617,0.03378361463546753,True,True,True,True
Beauty,A32985CJ5GJDDO,fit,024ab499dce6161671d89316a83ff049abae36706e1243b8bf186501adf18746,3,1,4,0.0,0.0,0.0,0.0,0.0,0.0,False,False,True,True
Beauty,A32985CJ5GJDDO,fit,024ab499dce6161671d89316a83ff049abae36706e1243b8bf186501adf18746,4,1,4,0.0,0.0,0.0,0.0,0.0,0.0,False,False,True,True
Beauty,A32985CJ5GJDDO,fit,024ab499dce6161671d89316a83ff049abae36706e1243b8bf186501adf18746,5,1,4,0.0,0.0,0.0,0.0,0.0,0.0,False,False,True,True
Beauty,A32985CJ5GJDDO,fit,024ab499dce6161671d89316a83ff049abae36706e1243b8bf186501adf18746,6,1,4,0.0,0.0,0.0,0.0,0.0,0.0,False,False,True,True
Beauty,AH9LSSANHH484,fit,024ce924b80623527db2cc9fb54c177ce2c0b68db5b880a70412c5d5c20a3181,0,108,20,0.05263157894736842,-4.2108845710754395,-4.8937788009643555,-4.74503231048584,0.5341477394104004,0.682894229888916,True,False,True,True
Beauty,AH9LSSANHH484,fit,024ce924b80623527db2cc9fb54c177ce2c0b68db5b880a70412c5d5c20a3181,1,83,20,0.05263157894736842,-5.551983833312988,-7.746060848236084,-6.482669353485107,0.9306855201721191,2.1940770149230957,True,False,True,True
Beauty,AH9LSSANHH484,fit,024ce924b80623527db2cc9fb54c177ce2c0b68db5b880a70412c5d5c20a3181,2,1,20,0.05263157894736842,0.0,0.0,0.0,0.0,0.0,False,False,True,True
Beauty,AH9LSSANHH484,fit,024ce924b80623527db2cc9fb54c177ce2c0b68db5b880a70412c5d5c20a3181,3,2,20,0.05263157894736842,0.0,0.0,0.0,0.0,0.0,False,False,True,True
Beauty,AH9LSSANHH484,fit,024ce924b80623527db2cc9fb54c177ce2c0b68db5b880a70412c5d5c20a3181,4,1,20,0.05263157894736842,0.0,0.0,0.0,0.0,0.0,False,False,True,True
Beauty,AH9LSSANHH484,fit,024ce924b80623527db2cc9fb54c177ce2c0b68db5b880a70412c5d5c20a3181,5,1,20,0.05263157894736842,0.0,0.0,0.0,0.0,0.0,False,False,True,True
Beauty,AH9LSSANHH484,fit,024ce924b80623527db2cc9fb54c177ce2c0b68db5b880a70412c5d5c20a3181,6,1,20,0.05263157894736842,0.0,0.0,0.0,0.0,0.0,False,False,True,True
Beauty,A3FJG1X65YU2L8,fit,02529257696a825a3a2ac503c738e2962005a47251161fe02d6efa8fce75d79d,0,108,2,0.0,-4.131856918334961,-4.140124797821045,-3.991178512573242,-0.14067840576171875,0.008267879486083984,False,False,True,True
Beauty,A3FJG1X65YU2L8,fit,02529257696a825a3a2ac503c738e2962005a47251161fe02d6efa8fce75d79d,1,48,2,0.0,-1.4244661331176758,-1.8083338737487793,-1.6419799327850342,0.2175137996673584,0.3838677406311035,True,False,True,True
Beauty,A3FJG1X65YU2L8,fit,02529257696a825a3a2ac503c738e2962005a47251161fe02d6efa8fce75d79d,2,12,2,0.0,-0.3559204936027527,-0.6418464779853821,-1.1893712282180786,0.8334507346153259,0.2859259843826294,True,False,True,True
Beauty,A3FJG1X65YU2L8,fit,02529257696a825a3a2ac503c738e2962005a47251161fe02d6efa8fce75d79d,3,4,2,0.0,-1.9263708591461182,-2.014138698577881,-1.8837436437606812,-0.04262721538543701,0.0877678394317627,False,False,True,True
Beauty,A3FJG1X65YU2L8,fit,02529257696a825a3a2ac503c738e2962005a47251161fe02d6efa8fce75d79d,4,1,2,0.0,0.0,0.0,0.0,0.0,0.0,False,False,True,True
Beauty,A3FJG1X65YU2L8,fit,02529257696a825a3a2ac503c738e2962005a47251161fe02d6efa8fce75d79d,5,1,2,0.0,0.0,0.0,0.0,0.0,0.0,False,False,True,True
Beauty,A3FJG1X65YU2L8,fit,02529257696a825a3a2ac503c738e2962005a47251161fe02d6efa8fce75d79d,6,1,2,0.0,0.0,0.0,0.0,0.0,0.0,False,False,True,True
Beauty,A27JLRNUFP3KLJ,fit,02567117701224d8550aea83bef5bfe8a732c2f6a2c4524834f057b4264b7949,0,108,2,0.0,-5.7118611335754395,-5.914223670959473,-5.063107490539551,-0.6487536430358887,0.2023625373840332,False,False,True,True
Beauty,A27JLRNUFP3KLJ,fit,02567117701224d8550aea83bef5bfe8a732c2f6a2c4524834f057b4264b7949,1,112,2,0.0,-2.737450122833252,-4.21992301940918,-3.020020008087158,0.28256988525390625,1.4824728965759277,True,False,True,True
Beauty,A27JLRNUFP3KLJ,fit,02567117701224d8550aea83bef5bfe8a732c2f6a2c4524834f057b4264b7949,2,1,2,0.0,0.0,0.0,0.0,0.0,0.0,False,False,True,True
Beauty,A27JLRNUFP3KLJ,fit,02567117701224d8550aea83bef5bfe8a732c2f6a2c4524834f057b4264b7949,3,1,2,0.0,0.0,0.0,0.0,0.0,0.0,False,False,True,True
Beauty,A27JLRNUFP3KLJ,fit,02567117701224d8550aea83bef5bfe8a732c2f6a2c4524834f057b4264b7949,4,3,2,0.0,-0.16624301671981812,-0.09754807502031326,-0.2591553032398224,0.09291228652000427,-0.06869494169950485,True,True,True,True
Beauty,A27JLRNUFP3KLJ,fit,02567117701224d8550aea83bef5bfe8a732c2f6a2c4524834f057b4264b7949,5,1,2,0.0,0.0,0.0,0.0,0.0,0.0,False,False,True,True
Beauty,A27JLRNUFP3KLJ,fit,02567117701224d8550aea83bef5bfe8a732c2f6a2c4524834f057b4264b7949,6,1,2,0.0,0.0,0.0,0.0,0.0,0.0,False,False,True,True
Beauty,A339AFX8OG0WZR,fit,025995c67a47a2560410f92bf076586200dedaef228ddebc9350b5539eaccb19,0,108,5,0.0,-7.285223007202148,-5.611894607543945,-7.339966773986816,0.05474376678466797,-1.6733283996582031,True,True,True,True
Beauty,A339AFX8OG0WZR,fit,025995c67a47a2560410f92bf076586200dedaef228ddebc9350b5539eaccb19,1,31,5,0.0,-2.6729252338409424,-2.8324131965637207,-3.178596019744873,0.5056707859039307,0.15948796272277832,True,False,True,True
Beauty,A339AFX8OG0WZR,fit,025995c67a47a2560410f92bf076586200dedaef228ddebc9350b5539eaccb19,2,1,5,0.0,0.0,0.0,0.0,0.0,0.0,False,False,True,True
Beauty,A339AFX8OG0WZR,fit,025995c67a47a2560410f92bf076586200dedaef228ddebc9350b5539eaccb19,3,1,5,0.0,0.0,0.0,0.0,0.0,0.0,False,False,True,True
Beauty,A339AFX8OG0WZR,fit,025995c67a47a2560410f92bf076586200dedaef228ddebc9350b5539eaccb19,4,1,5,0.0,0.0,0.0,0.0,0.0,0.0,False,False,True,True
Beauty,A339AFX8OG0WZR,fit,025995c67a47a2560410f92bf076586200dedaef228ddebc9350b5539eaccb19,5,1,5,0.0,0.0,0.0,0.0,0.0,0.0,False,False,True,True
Beauty,A339AFX8OG0WZR,fit,025995c67a47a2560410f92bf076586200dedaef228ddebc9350b5539eaccb19,6,1,5,0.0,0.0,0.0,0.0,0.0,0.0,False,False,True,True
Beauty,AZWZF1F7QCPSE,fit,0262fc03628724605551db72dc71efe4dc054762406b50b6ed2cb0fe65e5e414,0,108,2,0.0,-2.744194507598877,-4.329176902770996,-3.2056150436401367,0.46142053604125977,1.5849823951721191,True,False,True,True
Beauty,AZWZF1F7QCPSE,fit,0262fc03628724605551db72dc71efe4dc054762406b50b6ed2cb0fe65e5e414,1,40,2,0.0,-4.3935933113098145,-2.974452495574951,-3.9098219871520996,-0.48377132415771484,-1.4191408157348633,False,False,True,True
Beauty,AZWZF1F7QCPSE,fit,0262fc03628724605551db72dc71efe4dc054762406b50b6ed2cb0fe65e5e414,2,3,2,0.0,-2.2286994457244873,-2.7718207836151123,-2.714259386062622,0.48555994033813477,0.543121337890625,True,False,True,True
Beauty,AZWZF1F7QCPSE,fit,0262fc03628724605551db72dc71efe4dc054762406b50b6ed2cb0fe65e5e414,3,1,2,0.0,0.0,0.0,0.0,0.0,0.0,False,False,True,True
Beauty,AZWZF1F7QCPSE,fit,0262fc03628724605551db72dc71efe4dc054762406b50b6ed2cb0fe65e5e414,4,1,2,0.0,0.0,0.0,0.0,0.0,0.0,False,False,True,True
Beauty,AZWZF1F7QCPSE,fit,0262fc03628724605551db72dc71efe4dc054762406b50b6ed2cb0fe65e5e414,5,1,2,0.0,0.0,0.0,0.0,0.0,0.0,False,False,True,True
Beauty,AZWZF1F7QCPSE,fit,0262fc03628724605551db72dc71efe4dc054762406b50b6ed2cb0fe65e5e414,6,1,2,0.0,0.0,0.0,0.0,0.0,0.0,False,False,True,True
Beauty,A3PWHJWGY4RF1R,fit,026aea013fd2a6d77420dbe4a7c055f5950c27065d38e3619daeeb0ea941b2be,0,108,2,0.1111111111111111,-4.055334568023682,-3.8951046466827393,-4.639678001403809,0.584343433380127,-0.16022992134094238,True,True,True,True
Beauty,A3PWHJWGY4RF1R,fit,026aea013fd2a6d77420dbe4a7c055f5950c27065d38e3619daeeb0ea941b2be,1,110,2,0.1111111111111111,-2.4424333572387695,-2.394551992416382,-2.1885197162628174,-0.25391364097595215,-0.047881364822387695,False,False,True,True
Beauty,A3PWHJWGY4RF1R,fit,026aea013fd2a6d77420dbe4a7c055f5950c27065d38e3619daeeb0ea941b2be,2,7,2,0.1111111111111111,-0.8405617475509644,-0.6480640172958374,-0.6540390253067017,-0.1865227222442627,-0.19249773025512695,False,False,True,True
Beauty,A3PWHJWGY4RF1R,fit,026aea013fd2a6d77420dbe4a7c055f5950c27065d38e3619daeeb0ea941b2be,3,1,2,0.1111111111111111,0.0,0.0,0.0,0.0,0.0,False,False,True,True
Beauty,A3PWHJWGY4RF1R,fit,026aea013fd2a6d77420dbe4a7c055f5950c27065d38e3619daeeb0ea941b2be,4,1,2,0.1111111111111111,0.0,0.0,0.0,0.0,0.0,False,False,True,True
Beauty,A3PWHJWGY4RF1R,fit,026aea013fd2a6d77420dbe4a7c055f5950c27065d38e3619daeeb0ea941b2be,5,1,2,0.1111111111111111,0.0,0.0,0.0,0.0,0.0,False,False,True,True
Beauty,A3PWHJWGY4RF1R,fit,026aea013fd2a6d77420dbe4a7c055f5950c27065d38e3619daeeb0ea941b2be,6,1,2,0.1111111111111111,0.0,0.0,0.0,0.0,0.0,False,False,True,True
Beauty,A1YZ8KOTNU1BEU,fit,0277c00f1c5892de1ee69fea7d728dbf509dd9b98a6d43c8cf479966807f30c1,0,108,3,0.0,-2.894113302230835,-1.9953861236572266,-1.5413388013839722,-1.3527745008468628,-0.8987271785736084,False,False,True,True
Beauty,A1YZ8KOTNU1BEU,fit,0277c00f1c5892de1ee69fea7d728dbf509dd9b98a6d43c8cf479966807f30c1,1,87,3,0.0,-6.388550758361816,-5.865809440612793,-7.4991936683654785,1.110642910003662,-0.5227413177490234,True,True,True,True
Beauty,A1YZ8KOTNU1BEU,fit,0277c00f1c5892de1ee69fea7d728dbf509dd9b98a6d43c8cf479966807f30c1,2,2,3,0.0,-1.286799430847168,-2.1423325538635254,-1.277573823928833,-0.009225606918334961,0.8555331230163574,False,False,True,True
Beauty,A1YZ8KOTNU1BEU,fit,0277c00f1c5892de1ee69fea7d728dbf509dd9b98a6d43c8cf479966807f30c1,3,1,3,0.0,0.0,0.0,0.0,0.0,0.0,False,False,True,True
Beauty,A1YZ8KOTNU1BEU,fit,0277c00f1c5892de1ee69fea7d728dbf509dd9b98a6d43c8cf479966807f30c1,4,1,3,0.0,0.0,0.0,0.0,0.0,0.0,False,False,True,True
Beauty,A1YZ8KOTNU1BEU,fit,0277c00f1c5892de1ee69fea7d728dbf509dd9b98a6d43c8cf479966807f30c1,5,1,3,0.0,0.0,0.0,0.0,0.0,0.0,False,False,True,True
Beauty,A1YZ8KOTNU1BEU,fit,0277c00f1c5892de1ee69fea7d728dbf509dd9b98a6d43c8cf479966807f30c1,6,1,3,0.0,0.0,0.0,0.0,0.0,0.0,False,False,True,True
Beauty,A1BJOHHLG0D965,fit,02824f88f1d7850b301f821a2198885ff750fbeb81ae93d339ecdb90a5a79c78,0,108,8,0.0,-0.43267521262168884,-3.872270107269287,-1.5733791589736938,1.140703946352005,3.4395948946475983,True,False,True,True
Beauty,A1BJOHHLG0D965,fit,02824f88f1d7850b301f821a2198885ff750fbeb81ae93d339ecdb90a5a79c78,1,98,8,0.0,-4.574520111083984,-5.105645656585693,-3.431896686553955,-1.1426234245300293,0.531125545501709,False,False,True,True
Beauty,A1BJOHHLG0D965,fit,02824f88f1d7850b301f821a2198885ff750fbeb81ae93d339ecdb90a5a79c78,2,1,8,0.0,0.0,0.0,0.0,0.0,0.0,False,False,True,True
Beauty,A1BJOHHLG0D965,fit,02824f88f1d7850b301f821a2198885ff750fbeb81ae93d339ecdb90a5a79c78,3,1,8,0.0,0.0,0.0,0.0,0.0,0.0,False,False,True,True
Beauty,A1BJOHHLG0D965,fit,02824f88f1d7850b301f821a2198885ff750fbeb81ae93d339ecdb90a5a79c78,4,1,8,0.0,0.0,0.0,0.0,0.0,0.0,False,False,True,True
Beauty,A1BJOHHLG0D965,fit,02824f88f1d7850b301f821a2198885ff750fbeb81ae93d339ecdb90a5a79c78,5,1,8,0.0,0.0,0.0,0.0,0.0,0.0,False,False,True,True
Beauty,A1BJOHHLG0D965,fit,02824f88f1d7850b301f821a2198885ff750fbeb81ae93d339ecdb90a5a79c78,6,1,8,0.0,0.0,0.0,0.0,0.0,0.0,False,False,True,True
Beauty,A20V1GGVO9I49F,fit,0287770ccd8a479950f255e701d126f76fe0db396969c3d8e1a7b2d662a7556b,0,108,2,0.05263157894736842,-1.6136960983276367,-5.7657470703125,-6.035265922546387,4.42156982421875,4.152050971984863,True,False,True,True
Beauty,A20V1GGVO9I49F,fit,0287770ccd8a479950f255e701d126f76fe0db396969c3d8e1a7b2d662a7556b,1,77,2,0.05263157894736842,-7.271740287251305e-06,-2.3824610710144043,-2.2982265949249268,2.2982193231846395,2.382453799274117,True,False,True,True
Beauty,A20V1GGVO9I49F,fit,0287770ccd8a479950f255e701d126f76fe0db396969c3d8e1a7b2d662a7556b,2,1,2,0.05263157894736842,0.0,0.0,0.0,0.0,0.0,False,False,True,True
Beauty,A20V1GGVO9I49F,fit,0287770ccd8a479950f255e701d126f76fe0db396969c3d8e1a7b2d662a7556b,3,11,2,0.05263157894736842,-1.1920928244535389e-07,-4.212139129638672,-4.025062084197998,4.025061964988716,4.212139010429389,True,False,True,True
Beauty,A20V1GGVO9I49F,fit,0287770ccd8a479950f255e701d126f76fe0db396969c3d8e1a7b2d662a7556b,4,1,2,0.05263157894736842,0.0,0.0,0.0,0.0,0.0,False,False,True,True
Beauty,A20V1GGVO9I49F,fit,0287770ccd8a479950f255e701d126f76fe0db396969c3d8e1a7b2d662a7556b,5,1,2,0.05263157894736842,0.0,0.0,0.0,0.0,0.0,False,False,True,True
Beauty,A20V1GGVO9I49F,fit,0287770ccd8a479950f255e701d126f76fe0db396969c3d8e1a7b2d662a7556b,6,1,2,0.05263157894736842,0.0,0.0,0.0,0.0,0.0,False,False,True,True
Beauty,A2YVRLXX2U5BDJ,fit,0287afdac8fede882b687fb20838c6c0fc6fdcf95fffc9ecaba615a737f4e636,0,108,6,0.0,-0.8875459432601929,-4.819764137268066,-3.1335935592651367,2.246047616004944,3.9322181940078735,True,False,True,True
Beauty,A2YVRLXX2U5BDJ,fit,0287afdac8fede882b687fb20838c6c0fc6fdcf95fffc9ecaba615a737f4e636,1,58,6,0.0,-3.1369826793670654,-7.720253944396973,-5.833414077758789,2.6964313983917236,4.583271265029907,True,False,True,True
Beauty,A2YVRLXX2U5BDJ,fit,0287afdac8fede882b687fb20838c6c0fc6fdcf95fffc9ecaba615a737f4e636,2,1,6,0.0,0.0,0.0,0.0,0.0,0.0,False,False,True,True
Beauty,A2YVRLXX2U5BDJ,fit,0287afdac8fede882b687fb20838c6c0fc6fdcf95fffc9ecaba615a737f4e636,3,1,6,0.0,0.0,0.0,0.0,0.0,0.0,False,False,True,True
Beauty,A2YVRLXX2U5BDJ,fit,0287afdac8fede882b687fb20838c6c0fc6fdcf95fffc9ecaba615a737f4e636,4,1,6,0.0,0.0,0.0,0.0,0.0,0.0,False,False,True,True
Beauty,A2YVRLXX2U5BDJ,fit,0287afdac8fede882b687fb20838c6c0fc6fdcf95fffc9ecaba615a737f4e636,5,1,6,0.0,0.0,0.0,0.0,0.0,0.0,False,False,True,True
Beauty,A2YVRLXX2U5BDJ,fit,0287afdac8fede882b687fb20838c6c0fc6fdcf95fffc9ecaba615a737f4e636,6,1,6,0.0,0.0,0.0,0.0,0.0,0.0,False,False,True,True
Beauty,A221NRMMPUADLO,fit,028b3ba483ec0069f2892e8ffe6731701d09df1d128231414b3645bb25f73e3c,0,108,2,0.0,-0.2000216692686081,-4.655281066894531,-3.5218591690063477,3.3218374997377396,4.455259397625923,True,False,True,True
Beauty,A221NRMMPUADLO,fit,028b3ba483ec0069f2892e8ffe6731701d09df1d128231414b3645bb25f73e3c,1,89,2,0.0,0.0,-9.020998001098633,-6.901483058929443,6.901483058929443,9.020998001098633,True,False,True,True
Beauty,A221NRMMPUADLO,fit,028b3ba483ec0069f2892e8ffe6731701d09df1d128231414b3645bb25f73e3c,2,1,2,0.0,0.0,0.0,0.0,0.0,0.0,False,False,True,True
Beauty,A221NRMMPUADLO,fit,028b3ba483ec0069f2892e8ffe6731701d09df1d128231414b3645bb25f73e3c,3,1,2,0.0,0.0,0.0,0.0,0.0,0.0,False,False,True,True
Beauty,A221NRMMPUADLO,fit,028b3ba483ec0069f2892e8ffe6731701d09df1d128231414b3645bb25f73e3c,4,1,2,0.0,0.0,0.0,0.0,0.0,0.0,False,False,True,True
Beauty,A221NRMMPUADLO,fit,028b3ba483ec0069f2892e8ffe6731701d09df1d128231414b3645bb25f73e3c,5,1,2,0.0,0.0,0.0,0.0,0.0,0.0,False,False,True,True
Beauty,A221NRMMPUADLO,fit,028b3ba483ec0069f2892e8ffe6731701d09df1d128231414b3645bb25f73e3c,6,1,2,0.0,0.0,0.0,0.0,0.0,0.0,False,False,True,True
Beauty,A3AE2IM2KQ9ROH,fit,028d901f53644cfc07f4b1ac037996c4c2afeff2578442ed2edb2d07c0e007bc,0,108,8,0.0,-3.8597841262817383,-4.972650527954102,-4.618531227111816,0.7587471008300781,1.1128664016723633,True,False,True,True
Beauty,A3AE2IM2KQ9ROH,fit,028d901f53644cfc07f4b1ac037996c4c2afeff2578442ed2edb2d07c0e007bc,1,53,8,0.0,-1.8866603374481201,-3.725426197052002,-3.137834072113037,1.251173734664917,1.8387658596038818,True,False,True,True
Beauty,A3AE2IM2KQ9ROH,fit,028d901f53644cfc07f4b1ac037996c4c2afeff2578442ed2edb2d07c0e007bc,2,1,8,0.0,0.0,0.0,0.0,0.0,0.0,False,False,True,True
Beauty,A3AE2IM2KQ9ROH,fit,028d901f53644cfc07f4b1ac037996c4c2afeff2578442ed2edb2d07c0e007bc,3,1,8,0.0,0.0,0.0,0.0,0.0,0.0,False,False,True,True
Beauty,A3AE2IM2KQ9ROH,fit,028d901f53644cfc07f4b1ac037996c4c2afeff2578442ed2edb2d07c0e007bc,4,1,8,0.0,0.0,0.0,0.0,0.0,0.0,False,False,True,True
Beauty,A3AE2IM2KQ9ROH,fit,028d901f53644cfc07f4b1ac037996c4c2afeff2578442ed2edb2d07c0e007bc,5,1,8,0.0,0.0,0.0,0.0,0.0,0.0,False,False,True,True
Beauty,A3AE2IM2KQ9ROH,fit,028d901f53644cfc07f4b1ac037996c4c2afeff2578442ed2edb2d07c0e007bc,6,1,8,0.0,0.0,0.0,0.0,0.0,0.0,False,False,True,True
Beauty,A3G4RALIPTMVMI,fit,028ed710d7cbadfa5316ea748060cdc9a22bc84f7470bf28647b05ad56fc9e78,0,108,5,0.0,-5.136518478393555,-5.336408615112305,-5.295356273651123,0.15883779525756836,0.19989013671875,True,False,True,True
Beauty,A3G4RALIPTMVMI,fit,028ed710d7cbadfa5316ea748060cdc9a22bc84f7470bf28647b05ad56fc9e78,1,48,5,0.0,-2.2544381618499756,-2.226975679397583,-1.766963005065918,-0.4874751567840576,-0.027462482452392578,False,False,True,True
Beauty,A3G4RALIPTMVMI,fit,028ed710d7cbadfa5316ea748060cdc9a22bc84f7470bf28647b05ad56fc9e78,2,5,5,0.0,-4.502145290374756,-4.764183521270752,-5.147606372833252,0.6454610824584961,0.2620382308959961,True,False,True,True
Beauty,A3G4RALIPTMVMI,fit,028ed710d7cbadfa5316ea748060cdc9a22bc84f7470bf28647b05ad56fc9e78,3,1,5,0.0,0.0,0.0,0.0,0.0,0.0,False,False,True,True
Beauty,A3G4RALIPTMVMI,fit,028ed710d7cbadfa5316ea748060cdc9a22bc84f7470bf28647b05ad56fc9e78,4,1,5,0.0,0.0,0.0,0.0,0.0,0.0,False,False,True,True
Beauty,A3G4RALIPTMVMI,fit,028ed710d7cbadfa5316ea748060cdc9a22bc84f7470bf28647b05ad56fc9e78,5,1,5,0.0,0.0,0.0,0.0,0.0,0.0,False,False,True,True
Beauty,A3G4RALIPTMVMI,fit,028ed710d7cbadfa5316ea748060cdc9a22bc84f7470bf28647b05ad56fc9e78,6,1,5,0.0,0.0,0.0,0.0,0.0,0.0,False,False,True,True
Beauty,A3RZBKI5PDO1WA,fit,0290d955e750f17d79381721dedc2f9b5d0d38659baeb52ca8ac7391bb8a3761,0,108,2,0.0,-6.263394832611084,-5.452083587646484,-5.8657426834106445,-0.39765214920043945,-0.8113112449645996,False,False,True,True
Beauty,A3RZBKI5PDO1WA,fit,0290d955e750f17d79381721dedc2f9b5d0d38659baeb52ca8ac7391bb8a3761,1,82,2,0.0,-1.1746141910552979,-1.507861614227295,-1.2738585472106934,0.09924435615539551,0.33324742317199707,True,False,True,True
Beauty,A3RZBKI5PDO1WA,fit,0290d955e750f17d79381721dedc2f9b5d0d38659baeb52ca8ac7391bb8a3761,2,4,2,0.0,-0.06763763725757599,-0.11834554374217987,-0.07530523836612701,0.007667601108551025,0.05070790648460388,True,True,True,True
Beauty,A3RZBKI5PDO1WA,fit,0290d955e750f17d79381721dedc2f9b5d0d38659baeb52ca8ac7391bb8a3761,3,1,2,0.0,0.0,0.0,0.0,0.0,0.0,False,False,True,True
Beauty,A3RZBKI5PDO1WA,fit,0290d955e750f17d79381721dedc2f9b5d0d38659baeb52ca8ac7391bb8a3761,4,1,2,0.0,0.0,0.0,0.0,0.0,0.0,False,False,True,True
Beauty,A3RZBKI5PDO1WA,fit,0290d955e750f17d79381721dedc2f9b5d0d38659baeb52ca8ac7391bb8a3761,5,1,2,0.0,0.0,0.0,0.0,0.0,0.0,False,False,True,True
Beauty,A3RZBKI5PDO1WA,fit,0290d955e750f17d79381721dedc2f9b5d0d38659baeb52ca8ac7391bb8a3761,6,1,2,0.0,0.0,0.0,0.0,0.0,0.0,False,False,True,True
Beauty,A4PRNH6HAMQIR,fit,0290f1a8aebe6ed8696ef6b483a03782f6e69a5aae4737489da8954fdaf0114f,0,108,3,0.0,-2.8434338569641113,-2.4435176849365234,-2.158039093017578,-0.6853947639465332,-0.3999161720275879,False,False,True,True
Beauty,A4PRNH6HAMQIR,fit,0290f1a8aebe6ed8696ef6b483a03782f6e69a5aae4737489da8954fdaf0114f,1,133,3,0.0,-4.273748874664307,-5.562731742858887,-4.459521770477295,0.18577289581298828,1.28898286819458,True,False,True,True
Beauty,A4PRNH6HAMQIR,fit,0290f1a8aebe6ed8696ef6b483a03782f6e69a5aae4737489da8954fdaf0114f,2,1,3,0.0,0.0,0.0,0.0,0.0,0.0,False,False,True,True
Beauty,A4PRNH6HAMQIR,fit,0290f1a8aebe6ed8696ef6b483a03782f6e69a5aae4737489da8954fdaf0114f,3,5,3,0.0,-0.017224133014678955,-0.05504817143082619,-0.038042791187763214,0.02081865817308426,0.03782403841614723,True,True,True,True
Beauty,A4PRNH6HAMQIR,fit,0290f1a8aebe6ed8696ef6b483a03782f6e69a5aae4737489da8954fdaf0114f,4,1,3,0.0,0.0,0.0,0.0,0.0,0.0,False,False,True,True
Beauty,A4PRNH6HAMQIR,fit,0290f1a8aebe6ed8696ef6b483a03782f6e69a5aae4737489da8954fdaf0114f,5,1,3,0.0,0.0,0.0,0.0,0.0,0.0,False,False,True,True
Beauty,A4PRNH6HAMQIR,fit,0290f1a8aebe6ed8696ef6b483a03782f6e69a5aae4737489da8954fdaf0114f,6,1,3,0.0,0.0,0.0,0.0,0.0,0.0,False,False,True,True
Beauty,A3TU2IGQH5K2KV,fit,0296e53bc09e05de67af121242b007a0013662d5ab110690ab3e67d6c918f934,0,108,2,0.0,-2.0429811477661133,-1.9621943235397339,-1.8625540733337402,-0.18042707443237305,-0.0807868242263794,False,False,True,True
Beauty,A3TU2IGQH5K2KV,fit,0296e53bc09e05de67af121242b007a0013662d5ab110690ab3e67d6c918f934,1,255,2,0.0,-1.7409112453460693,-1.8842997550964355,-1.8149590492248535,0.07404780387878418,0.1433885097503662,True,False,True,True
Beauty,A3TU2IGQH5K2KV,fit,0296e53bc09e05de67af121242b007a0013662d5ab110690ab3e67d6c918f934,2,5,2,0.0,-0.033647846430540085,-0.07271041721105576,-0.09347855299711227,0.05983070656657219,0.03906257078051567,True,True,True,True
Beauty,A3TU2IGQH5K2KV,fit,0296e53bc09e05de67af121242b007a0013662d5ab110690ab3e67d6c918f934,3,1,2,0.0,0.0,0.0,0.0,0.0,0.0,False,False,True,True
Beauty,A3TU2IGQH5K2KV,fit,0296e53bc09e05de67af121242b007a0013662d5ab110690ab3e67d6c918f934,4,2,2,0.0,-1.4305104514278355e-06,-4.410734163684538e-06,-3.576278118089249e-07,-1.0728826396189106e-06,2.980223712256702e-06,False,False,True,True
Beauty,A3TU2IGQH5K2KV,fit,0296e53bc09e05de67af121242b007a0013662d5ab110690ab3e67d6c918f934,5,1,2,0.0,0.0,0.0,0.0,0.0,0.0,False,False,True,True
Beauty,A3TU2IGQH5K2KV,fit,0296e53bc09e05de67af121242b007a0013662d5ab110690ab3e67d6c918f934,6,1,2,0.0,0.0,0.0,0.0,0.0,0.0,False,False,True,True
Beauty,A1BQAWEOE72IDW,fit,029d38217afa44288a3e181851ad545051547d7dcaf017548271cbf6a2fdc9c4,0,108,3,0.0,-0.5002691745758057,-1.4990187883377075,-0.8979827165603638,0.3977135419845581,0.9987496137619019,True,False,True,True
Beauty,A1BQAWEOE72IDW,fit,029d38217afa44288a3e181851ad545051547d7dcaf017548271cbf6a2fdc9c4,1,255,3,0.0,-0.6794819831848145,-2.0727391242980957,-2.698065757751465,2.0185837745666504,1.3932571411132812,True,False,True,True
Beauty,A1BQAWEOE72IDW,fit,029d38217afa44288a3e181851ad545051547d7dcaf017548271cbf6a2fdc9c4,2,8,3,0.0,-0.9393826723098755,-1.8570913076400757,-1.508772373199463,0.5693897008895874,0.9177086353302002,True,False,True,True
Beauty,A1BQAWEOE72IDW,fit,029d38217afa44288a3e181851ad545051547d7dcaf017548271cbf6a2fdc9c4,3,1,3,0.0,0.0,0.0,0.0,0.0,0.0,False,False,True,True
Beauty,A1BQAWEOE72IDW,fit,029d38217afa44288a3e181851ad545051547d7dcaf017548271cbf6a2fdc9c4,4,1,3,0.0,0.0,0.0,0.0,0.0,0.0,False,False,True,True
Beauty,A1BQAWEOE72IDW,fit,029d38217afa44288a3e181851ad545051547d7dcaf017548271cbf6a2fdc9c4,5,1,3,0.0,0.0,0.0,0.0,0.0,0.0,False,False,True,True
Beauty,A1BQAWEOE72IDW,fit,029d38217afa44288a3e181851ad545051547d7dcaf017548271cbf6a2fdc9c4,6,1,3,0.0,0.0,0.0,0.0,0.0,0.0,False,False,True,True
Beauty,AHZ5IUWC57SVH,fit,029df19b672b99df190f106b244e10722fc97729a2f5a2e5b177a9593c9fcc9d,0,108,2,0.05263157894736842,-1.0225894451141357,-5.176908016204834,-3.373178482055664,2.3505890369415283,4.154318571090698,True,False,True,True
Beauty,AHZ5IUWC57SVH,fit,029df19b672b99df190f106b244e10722fc97729a2f5a2e5b177a9593c9fcc9d,1,83,2,0.05263157894736842,-0.009827681817114353,-7.12423849105835,-6.7916388511657715,6.781811169348657,7.114410809241235,True,False,True,True
Beauty,AHZ5IUWC57SVH,fit,029df19b672b99df190f106b244e10722fc97729a2f5a2e5b177a9593c9fcc9d,2,2,2,0.05263157894736842,0.0,-40.56842041015625,-39.49311065673828,39.49311065673828,40.56842041015625,True,False,True,True
Beauty,AHZ5IUWC57SVH,fit,029df19b672b99df190f106b244e10722fc97729a2f5a2e5b177a9593c9fcc9d,3,1,2,0.05263157894736842,0.0,0.0,0.0,0.0,0.0,False,False,True,True
Beauty,AHZ5IUWC57SVH,fit,029df19b672b99df190f106b244e10722fc97729a2f5a2e5b177a9593c9fcc9d,4,1,2,0.05263157894736842,0.0,0.0,0.0,0.0,0.0,False,False,True,True
Beauty,AHZ5IUWC57SVH,fit,029df19b672b99df190f106b244e10722fc97729a2f5a2e5b177a9593c9fcc9d,5,1,2,0.05263157894736842,0.0,0.0,0.0,0.0,0.0,False,False,True,True
Beauty,AHZ5IUWC57SVH,fit,029df19b672b99df190f106b244e10722fc97729a2f5a2e5b177a9593c9fcc9d,6,1,2,0.05263157894736842,0.0,0.0,0.0,0.0,0.0,False,False,True,True
Beauty,A2KNUAZQR44L2,fit,02a02929fe3f99f8967e6d348b77f0efcdf705bc32131f3a707bcf9692957a2a,0,108,3,0.0,-2.595978021621704,-1.521529197692871,-2.8474719524383545,0.2514939308166504,-1.074448823928833,True,True,True,True
Beauty,A2KNUAZQR44L2,fit,02a02929fe3f99f8967e6d348b77f0efcdf705bc32131f3a707bcf9692957a2a,1,255,3,0.0,-4.520394325256348,-5.783965110778809,-4.468790054321289,-0.051604270935058594,1.263570785522461,False,False,True,True
Beauty,A2KNUAZQR44L2,fit,02a02929fe3f99f8967e6d348b77f0efcdf705bc32131f3a707bcf9692957a2a,2,4,3,0.0,-0.05360851064324379,-0.0699198916554451,-0.14648805558681488,0.09287954494357109,0.01631138101220131,True,True,True,True
Beauty,A2KNUAZQR44L2,fit,02a02929fe3f99f8967e6d348b77f0efcdf705bc32131f3a707bcf9692957a2a,3,1,3,0.0,0.0,0.0,0.0,0.0,0.0,False,False,True,True
Beauty,A2KNUAZQR44L2,fit,02a02929fe3f99f8967e6d348b77f0efcdf705bc32131f3a707bcf9692957a2a,4,1,3,0.0,0.0,0.0,0.0,0.0,0.0,False,False,True,True
Beauty,A2KNUAZQR44L2,fit,02a02929fe3f99f8967e6d348b77f0efcdf705bc32131f3a707bcf9692957a2a,5,1,3,0.0,0.0,0.0,0.0,0.0,0.0,False,False,True,True
Beauty,A2KNUAZQR44L2,fit,02a02929fe3f99f8967e6d348b77f0efcdf705bc32131f3a707bcf9692957a2a,6,1,3,0.0,0.0,0.0,0.0,0.0,0.0,False,False,True,True
Beauty,A140VVUBCJVV7O,fit,02a18ec5e933edc3a2174674adac842b3400343b725c485cf7cf4121314e98f6,0,108,2,0.0,-6.078555583953857,-5.099043846130371,-5.108407974243164,-0.9701476097106934,-0.9795117378234863,False,False,True,True
Beauty,A140VVUBCJVV7O,fit,02a18ec5e933edc3a2174674adac842b3400343b725c485cf7cf4121314e98f6,1,59,2,0.0,-0.8901991248130798,-2.30177903175354,-1.8657822608947754,0.9755831360816956,1.4115799069404602,True,False,True,True
Beauty,A140VVUBCJVV7O,fit,02a18ec5e933edc3a2174674adac842b3400343b725c485cf7cf4121314e98f6,2,6,2,0.0,-0.014115847647190094,-0.0044141001999378204,-0.00615546153858304,-0.007960386108607054,-0.009701747447252274,False,False,True,True
Beauty,A140VVUBCJVV7O,fit,02a18ec5e933edc3a2174674adac842b3400343b725c485cf7cf4121314e98f6,3,1,2,0.0,0.0,0.0,0.0,0.0,0.0,False,False,True,True
Beauty,A140VVUBCJVV7O,fit,02a18ec5e933edc3a2174674adac842b3400343b725c485cf7cf4121314e98f6,4,1,2,0.0,0.0,0.0,0.0,0.0,0.0,False,False,True,True
Beauty,A140VVUBCJVV7O,fit,02a18ec5e933edc3a2174674adac842b3400343b725c485cf7cf4121314e98f6,5,1,2,0.0,0.0,0.0,0.0,0.0,0.0,False,False,True,True
Beauty,A140VVUBCJVV7O,fit,02a18ec5e933edc3a2174674adac842b3400343b725c485cf7cf4121314e98f6,6,1,2,0.0,0.0,0.0,0.0,0.0,0.0,False,False,True,True
Beauty,AUFYGX6HQALNC,fit,02a190dba3855998e9e0e028fbd7cf2a95549d70c54ad351ca17295c59d57398,0,108,3,0.05263157894736842,-1.223039984703064,-1.6757665872573853,-0.6952908635139465,-0.5277491211891174,0.4527266025543213,False,False,True,True
Beauty,AUFYGX6HQALNC,fit,02a190dba3855998e9e0e028fbd7cf2a95549d70c54ad351ca17295c59d57398,1,38,3,0.05263157894736842,-3.521662712097168,-2.4716978073120117,-3.362253427505493,-0.1594092845916748,-1.0499649047851562,False,False,True,True
Beauty,AUFYGX6HQALNC,fit,02a190dba3855998e9e0e028fbd7cf2a95549d70c54ad351ca17295c59d57398,2,1,3,0.05263157894736842,0.0,0.0,0.0,0.0,0.0,False,False,True,True
Beauty,AUFYGX6HQALNC,fit,02a190dba3855998e9e0e028fbd7cf2a95549d70c54ad351ca17295c59d57398,3,1,3,0.05263157894736842,0.0,0.0,0.0,0.0,0.0,False,False,True,True
Beauty,AUFYGX6HQALNC,fit,02a190dba3855998e9e0e028fbd7cf2a95549d70c54ad351ca17295c59d57398,4,1,3,0.05263157894736842,0.0,0.0,0.0,0.0,0.0,False,False,True,True
Beauty,AUFYGX6HQALNC,fit,02a190dba3855998e9e0e028fbd7cf2a95549d70c54ad351ca17295c59d57398,5,1,3,0.05263157894736842,0.0,0.0,0.0,0.0,0.0,False,False,True,True
Beauty,AUFYGX6HQALNC,fit,02a190dba3855998e9e0e028fbd7cf2a95549d70c54ad351ca17295c59d57398,6,1,3,0.05263157894736842,0.0,0.0,0.0,0.0,0.0,False,False,True,True
Beauty,AVSM76EX7ATBD,fit,02a84291525375c2d68f9512a0c73445e7d01748180910dc28e8b4c35363c7e2,0,108,7,0.0,-2.7868027687072754,-3.1797261238098145,-2.1472957134246826,-0.6395070552825928,0.39292335510253906,False,False,True,True
Beauty,AVSM76EX7ATBD,fit,02a84291525375c2d68f9512a0c73445e7d01748180910dc28e8b4c35363c7e2,1,81,7,0.0,-3.7712082862854004,-3.5169785022735596,-3.614502429962158,-0.1567058563232422,-0.2542297840118408,False,False,True,True
Beauty,AVSM76EX7ATBD,fit,02a84291525375c2d68f9512a0c73445e7d01748180910dc28e8b4c35363c7e2,2,2,7,0.0,0.0,0.0,0.0,0.0,0.0,False,False,True,True
Beauty,AVSM76EX7ATBD,fit,02a84291525375c2d68f9512a0c73445e7d01748180910dc28e8b4c35363c7e2,3,1,7,0.0,0.0,0.0,0.0,0.0,0.0,False,False,True,True
Beauty,AVSM76EX7ATBD,fit,02a84291525375c2d68f9512a0c73445e7d01748180910dc28e8b4c35363c7e2,4,1,7,0.0,0.0,0.0,0.0,0.0,0.0,False,False,True,True
Beauty,AVSM76EX7ATBD,fit,02a84291525375c2d68f9512a0c73445e7d01748180910dc28e8b4c35363c7e2,5,1,7,0.0,0.0,0.0,0.0,0.0,0.0,False,False,True,True
Beauty,AVSM76EX7ATBD,fit,02a84291525375c2d68f9512a0c73445e7d01748180910dc28e8b4c35363c7e2,6,1,7,0.0,0.0,0.0,0.0,0.0,0.0,False,False,True,True
Beauty,A16IGJ2PJ8W1KK,fit,02a86d0f0c0782792d83f89b60e054d3b4897398e38579414c34815a07373502,0,108,2,0.17647058823529413,-1.2257533073425293,-1.4450337886810303,-1.2445242404937744,0.018770933151245117,0.21928048133850098,True,False,True,True
Beauty,A16IGJ2PJ8W1KK,fit,02a86d0f0c0782792d83f89b60e054d3b4897398e38579414c34815a07373502,1,104,2,0.17647058823529413,-6.807353496551514,-6.864981651306152,-4.612111568450928,-2.195241928100586,0.05762815475463867,False,False,True,True
Beauty,A16IGJ2PJ8W1KK,fit,02a86d0f0c0782792d83f89b60e054d3b4897398e38579414c34815a07373502,2,2,2,0.17647058823529413,-0.06559134274721146,-0.13228167593479156,-0.08843501657247543,0.022843673825263977,0.06669033318758011,True,True,True,True
Beauty,A16IGJ2PJ8W1KK,fit,02a86d0f0c0782792d83f89b60e054d3b4897398e38579414c34815a07373502,3,2,2,0.17647058823529413,-0.00466200103983283,-0.018731605261564255,-0.02316903881728649,0.01850703777745366,0.014069604221731424,True,True,True,True
Beauty,A16IGJ2PJ8W1KK,fit,02a86d0f0c0782792d83f89b60e054d3b4897398e38579414c34815a07373502,4,1,2,0.17647058823529413,0.0,0.0,0.0,0.0,0.0,False,False,True,True
Beauty,A16IGJ2PJ8W1KK,fit,02a86d0f0c0782792d83f89b60e054d3b4897398e38579414c34815a07373502,5,1,2,0.17647058823529413,0.0,0.0,0.0,0.0,0.0,False,False,True,True
Beauty,A16IGJ2PJ8W1KK,fit,02a86d0f0c0782792d83f89b60e054d3b4897398e38579414c34815a07373502,6,1,2,0.17647058823529413,0.0,0.0,0.0,0.0,0.0,False,False,True,True
Beauty,A29NNYBMVN3DDB,fit,02a8eb81d930f0617dc649f33edf203540bc9e218ac283c1defe6238644545ff,0,108,9,0.0,-2.777642250061035,-4.986318588256836,-3.715034008026123,0.9373917579650879,2.208676338195801,True,False,True,True
Beauty,A29NNYBMVN3DDB,fit,02a8eb81d930f0617dc649f33edf203540bc9e218ac283c1defe6238644545ff,1,112,9,0.0,-1.2956690788269043,-6.076943397521973,-2.242774724960327,0.9471056461334229,4.781274318695068,True,False,True,True
Beauty,A29NNYBMVN3DDB,fit,02a8eb81d930f0617dc649f33edf203540bc9e218ac283c1defe6238644545ff,2,8,9,0.0,-0.0017602439038455486,-3.1320102214813232,-1.0777989625930786,1.076038718689233,3.1302499775774777,True,False,True,True
Beauty,A29NNYBMVN3DDB,fit,02a8eb81d930f0617dc649f33edf203540bc9e218ac283c1defe6238644545ff,3,1,9,0.0,0.0,0.0,0.0,0.0,0.0,False,False,True,True
Beauty,A29NNYBMVN3DDB,fit,02a8eb81d930f0617dc649f33edf203540bc9e218ac283c1defe6238644545ff,4,1,9,0.0,0.0,0.0,0.0,0.0,0.0,False,False,True,True
Beauty,A29NNYBMVN3DDB,fit,02a8eb81d930f0617dc649f33edf203540bc9e218ac283c1defe6238644545ff,5,1,9,0.0,0.0,0.0,0.0,0.0,0.0,False,False,True,True
Beauty,A29NNYBMVN3DDB,fit,02a8eb81d930f0617dc649f33edf203540bc9e218ac283c1defe6238644545ff,6,1,9,0.0,0.0,0.0,0.0,0.0,0.0,False,False,True,True
Beauty,A2K1A96U617B4Z,fit,02ac2ae399bfb716e030bf657b9dfecf3cbac46bf26bf5fe25a3ba6d7f57488f,0,108,2,0.0,-3.7671470642089844,-4.028011322021484,-2.5451886653900146,-1.2219583988189697,0.2608642578125,False,False,True,True
Beauty,A2K1A96U617B4Z,fit,02ac2ae399bfb716e030bf657b9dfecf3cbac46bf26bf5fe25a3ba6d7f57488f,1,96,2,0.0,-1.6503902673721313,-4.893866062164307,-5.27446174621582,3.624071478843689,3.2434757947921753,True,False,True,True
Beauty,A2K1A96U617B4Z,fit,02ac2ae399bfb716e030bf657b9dfecf3cbac46bf26bf5fe25a3ba6d7f57488f,2,1,2,0.0,0.0,0.0,0.0,0.0,0.0,False,False,True,True
Beauty,A2K1A96U617B4Z,fit,02ac2ae399bfb716e030bf657b9dfecf3cbac46bf26bf5fe25a3ba6d7f57488f,3,1,2,0.0,0.0,0.0,0.0,0.0,0.0,False,False,True,True
Beauty,A2K1A96U617B4Z,fit,02ac2ae399bfb716e030bf657b9dfecf3cbac46bf26bf5fe25a3ba6d7f57488f,4,1,2,0.0,0.0,0.0,0.0,0.0,0.0,False,False,True,True
Beauty,A2K1A96U617B4Z,fit,02ac2ae399bfb716e030bf657b9dfecf3cbac46bf26bf5fe25a3ba6d7f57488f,5,1,2,0.0,0.0,0.0,0.0,0.0,0.0,False,False,True,True
Beauty,A2K1A96U617B4Z,fit,02ac2ae399bfb716e030bf657b9dfecf3cbac46bf26bf5fe25a3ba6d7f57488f,6,1,2,0.0,0.0,0.0,0.0,0.0,0.0,False,False,True,True
Beauty,A6DKL1OVYNXV8,fit,02ae542a206dd23d2d8e323642a1e2814d735e944eb4d7e97cd630d0cf779940,0,108,5,0.0,-6.343395233154297,-6.509997367858887,-6.3401780128479,-0.0032172203063964844,0.16660213470458984,False,False,True,True
Beauty,A6DKL1OVYNXV8,fit,02ae542a206dd23d2d8e323642a1e2814d735e944eb4d7e97cd630d0cf779940,1,48,5,0.0,-3.3070764541625977,-3.9372189044952393,-4.446601390838623,1.1395249366760254,0.6301424503326416,True,False,True,True
Beauty,A6DKL1OVYNXV8,fit,02ae542a206dd23d2d8e323642a1e2814d735e944eb4d7e97cd630d0cf779940,2,2,5,0.0,-2.0854909420013428,-2.351832866668701,-1.54022216796875,-0.5452687740325928,0.2663419246673584,False,False,True,True
Beauty,A6DKL1OVYNXV8,fit,02ae542a206dd23d2d8e323642a1e2814d735e944eb4d7e97cd630d0cf779940,3,1,5,0.0,0.0,0.0,0.0,0.0,0.0,False,False,True,True
Beauty,A6DKL1OVYNXV8,fit,02ae542a206dd23d2d8e323642a1e2814d735e944eb4d7e97cd630d0cf779940,4,1,5,0.0,0.0,0.0,0.0,0.0,0.0,False,False,True,True
Beauty,A6DKL1OVYNXV8,fit,02ae542a206dd23d2d8e323642a1e2814d735e944eb4d7e97cd630d0cf779940,5,1,5,0.0,0.0,0.0,0.0,0.0,0.0,False,False,True,True
Beauty,A6DKL1OVYNXV8,fit,02ae542a206dd23d2d8e323642a1e2814d735e944eb4d7e97cd630d0cf779940,6,1,5,0.0,0.0,0.0,0.0,0.0,0.0,False,False,True,True
Beauty,A2BGDV09HCHX8E,fit,02b0c733cea76637c33846245f7a5f20f264ce7fce8f4c4185c701d51ca797cc,0,108,5,0.0,-4.472590446472168,-4.916177749633789,-4.314873218536377,-0.15771722793579102,0.4435873031616211,False,False,True,True
Beauty,A2BGDV09HCHX8E,fit,02b0c733cea76637c33846245f7a5f20f264ce7fce8f4c4185c701d51ca797cc,1,48,5,0.0,-0.7638466358184814,-1.807551383972168,-1.591430902481079,0.8275842666625977,1.0437047481536865,True,False,True,True
Beauty,A2BGDV09HCHX8E,fit,02b0c733cea76637c33846245f7a5f20f264ce7fce8f4c4185c701d51ca797cc,2,12,5,0.0,-1.2497243881225586,-1.986098051071167,-1.4601949453353882,0.2104705572128296,0.7363736629486084,True,False,True,True
Beauty,A2BGDV09HCHX8E,fit,02b0c733cea76637c33846245f7a5f20f264ce7fce8f4c4185c701d51ca797cc,3,1,5,0.0,0.0,0.0,0.0,0.0,0.0,False,False,True,True
Beauty,A2BGDV09HCHX8E,fit,02b0c733cea76637c33846245f7a5f20f264ce7fce8f4c4185c701d51ca797cc,4,1,5,0.0,0.0,0.0,0.0,0.0,0.0,False,False,True,True
Beauty,A2BGDV09HCHX8E,fit,02b0c733cea76637c33846245f7a5f20f264ce7fce8f4c4185c701d51ca797cc,5,1,5,0.0,0.0,0.0,0.0,0.0,0.0,False,False,True,True
Beauty,A2BGDV09HCHX8E,fit,02b0c733cea76637c33846245f7a5f20f264ce7fce8f4c4185c701d51ca797cc,6,1,5,0.0,0.0,0.0,0.0,0.0,0.0,False,False,True,True
Beauty,A1MHTW6DDWF488,fit,02b37d0c6871b42c33f63ea3ad6d961a069c29a745fdf7dc5e140a8936ff820f,0,108,3,0.0,-3.8875646591186523,-4.679076671600342,-4.1275434494018555,0.23997879028320312,0.7915120124816895,True,False,True,True
Beauty,A1MHTW6DDWF488,fit,02b37d0c6871b42c33f63ea3ad6d961a069c29a745fdf7dc5e140a8936ff820f,1,48,3,0.0,-2.0058648586273193,-1.826992154121399,-1.7939647436141968,-0.21190011501312256,-0.1788727045059204,False,False,True,True
Beauty,A1MHTW6DDWF488,fit,02b37d0c6871b42c33f63ea3ad6d961a069c29a745fdf7dc5e140a8936ff820f,2,5,3,0.0,-2.3093225955963135,-4.287960052490234,-3.1564600467681885,0.847137451171875,1.978637456893921,True,False,True,True
Beauty,A1MHTW6DDWF488,fit,02b37d0c6871b42c33f63ea3ad6d961a069c29a745fdf7dc5e140a8936ff820f,3,1,3,0.0,0.0,0.0,0.0,0.0,0.0,False,False,True,True
Beauty,A1MHTW6DDWF488,fit,02b37d0c6871b42c33f63ea3ad6d961a069c29a745fdf7dc5e140a8936ff820f,4,3,3,0.0,-0.07972291857004166,-0.07445266842842102,-0.10391982644796371,0.024196907877922058,-0.005270250141620636,True,True,True,True
Beauty,A1MHTW6DDWF488,fit,02b37d0c6871b42c33f63ea3ad6d961a069c29a745fdf7dc5e140a8936ff820f,5,1,3,0.0,0.0,0.0,0.0,0.0,0.0,False,False,True,True
Beauty,A1MHTW6DDWF488,fit,02b37d0c6871b42c33f63ea3ad6d961a069c29a745fdf7dc5e140a8936ff820f,6,1,3,0.0,0.0,0.0,0.0,0.0,0.0,False,False,True,True
Beauty,AKT6XM733F970,fit,02bbdd252248b9000ecab506ee3ffcda85adb09e811db7c103b98fe10edbc9dd,0,108,7,0.05263157894736842,-4.388932228088379,-4.61696720123291,-5.7216477394104,1.3327155113220215,0.22803497314453125,True,False,True,True
Beauty,AKT6XM733F970,fit,02bbdd252248b9000ecab506ee3ffcda85adb09e811db7c103b98fe10edbc9dd,1,42,7,0.05263157894736842,-1.1943254470825195,-2.533684253692627,-0.738869845867157,-0.45545560121536255,1.3393588066101074,False,False,True,True
Beauty,AKT6XM733F970,fit,02bbdd252248b9000ecab506ee3ffcda85adb09e811db7c103b98fe10edbc9dd,2,9,7,0.05263157894736842,-0.5893236398696899,-2.4964683055877686,-0.8993957042694092,0.31007206439971924,1.9071446657180786,True,False,True,True
Beauty,AKT6XM733F970,fit,02bbdd252248b9000ecab506ee3ffcda85adb09e811db7c103b98fe10edbc9dd,3,1,7,0.05263157894736842,0.0,0.0,0.0,0.0,0.0,False,False,True,True
Beauty,AKT6XM733F970,fit,02bbdd252248b9000ecab506ee3ffcda85adb09e811db7c103b98fe10edbc9dd,4,1,7,0.05263157894736842,0.0,0.0,0.0,0.0,0.0,False,False,True,True
Beauty,AKT6XM733F970,fit,02bbdd252248b9000ecab506ee3ffcda85adb09e811db7c103b98fe10edbc9dd,5,1,7,0.05263157894736842,0.0,0.0,0.0,0.0,0.0,False,False,True,True
Beauty,AKT6XM733F970,fit,02bbdd252248b9000ecab506ee3ffcda85adb09e811db7c103b98fe10edbc9dd,6,1,7,0.05263157894736842,0.0,0.0,0.0,0.0,0.0,False,False,True,True
Beauty,A1HH4N2GMNVA53,fit,02bc6203e99b5e0fa285f7596f71626fb3712c4c0c952cfa979d45243415ba21,0,108,2,0.0,-1.6581008434295654,-3.458132743835449,-2.5537147521972656,0.8956139087677002,1.8000319004058838,True,False,True,True
Beauty,A1HH4N2GMNVA53,fit,02bc6203e99b5e0fa285f7596f71626fb3712c4c0c952cfa979d45243415ba21,1,98,2,0.0,-3.067938804626465,-2.891505479812622,-2.5134758949279785,-0.5544629096984863,-0.17643332481384277,False,False,True,True
Beauty,A1HH4N2GMNVA53,fit,02bc6203e99b5e0fa285f7596f71626fb3712c4c0c952cfa979d45243415ba21,2,12,2,0.0,-0.1928127259016037,-2.764866828918457,-1.656237006187439,1.4634242802858353,2.5720541030168533,True,False,True,True
Beauty,A1HH4N2GMNVA53,fit,02bc6203e99b5e0fa285f7596f71626fb3712c4c0c952cfa979d45243415ba21,3,1,2,0.0,0.0,0.0,0.0,0.0,0.0,False,False,True,True
Beauty,A1HH4N2GMNVA53,fit,02bc6203e99b5e0fa285f7596f71626fb3712c4c0c952cfa979d45243415ba21,4,1,2,0.0,0.0,0.0,0.0,0.0,0.0,False,False,True,True
Beauty,A1HH4N2GMNVA53,fit,02bc6203e99b5e0fa285f7596f71626fb3712c4c0c952cfa979d45243415ba21,5,1,2,0.0,0.0,0.0,0.0,0.0,0.0,False,False,True,True
Beauty,A1HH4N2GMNVA53,fit,02bc6203e99b5e0fa285f7596f71626fb3712c4c0c952cfa979d45243415ba21,6,1,2,0.0,0.0,0.0,0.0,0.0,0.0,False,False,True,True
Beauty,AFQAVOPM6G63U,fit,02cab27725214145def987076e11cc3da6bf51dac05c9cd2b53442132fa96c22,0,108,16,0.1111111111111111,-2.626866579055786,-4.5499491691589355,-4.196486949920654,1.5696203708648682,1.9230825901031494,True,False,True,True
Beauty,AFQAVOPM6G63U,fit,02cab27725214145def987076e11cc3da6bf51dac05c9cd2b53442132fa96c22,1,40,16,0.1111111111111111,-0.005499590653926134,-7.485233306884766,-7.01593017578125,7.010430585127324,7.4797337162308395,True,False,True,True
Beauty,AFQAVOPM6G63U,fit,02cab27725214145def987076e11cc3da6bf51dac05c9cd2b53442132fa96c22,2,2,16,0.1111111111111111,0.0,-9.142934868577868e-05,-4.7444173105759546e-05,4.7444173105759546e-05,9.142934868577868e-05,True,True,True,True
Beauty,AFQAVOPM6G63U,fit,02cab27725214145def987076e11cc3da6bf51dac05c9cd2b53442132fa96c22,3,1,16,0.1111111111111111,0.0,0.0,0.0,0.0,0.0,False,False,True,True
Beauty,AFQAVOPM6G63U,fit,02cab27725214145def987076e11cc3da6bf51dac05c9cd2b53442132fa96c22,4,1,16,0.1111111111111111,0.0,0.0,0.0,0.0,0.0,False,False,True,True
Beauty,AFQAVOPM6G63U,fit,02cab27725214145def987076e11cc3da6bf51dac05c9cd2b53442132fa96c22,5,1,16,0.1111111111111111,0.0,0.0,0.0,0.0,0.0,False,False,True,True
Beauty,AFQAVOPM6G63U,fit,02cab27725214145def987076e11cc3da6bf51dac05c9cd2b53442132fa96c22,6,1,16,0.1111111111111111,0.0,0.0,0.0,0.0,0.0,False,False,True,True
Beauty,A14YZDOMHMHQNQ,fit,02ce8cf2c985311db0f79b79b4eded58a7dd433e355ac546c3e7be66d79359b9,0,108,7,0.05263157894736842,-1.9262381792068481,-3.598660469055176,-4.184256553649902,2.258018374443054,1.6724222898483276,True,False,True,True
Beauty,A14YZDOMHMHQNQ,fit,02ce8cf2c985311db0f79b79b4eded58a7dd433e355ac546c3e7be66d79359b9,1,105,7,0.05263157894736842,-0.0002489972102921456,-4.664071083068848,-3.537822961807251,3.537573964596959,4.6638220858585555,True,False,True,True
Beauty,A14YZDOMHMHQNQ,fit,02ce8cf2c985311db0f79b79b4eded58a7dd433e355ac546c3e7be66d79359b9,2,5,7,0.05263157894736842,0.0,-10.748710632324219,-10.352226257324219,10.352226257324219,10.748710632324219,True,False,True,True
Beauty,A14YZDOMHMHQNQ,fit,02ce8cf2c985311db0f79b79b4eded58a7dd433e355ac546c3e7be66d79359b9,3,1,7,0.05263157894736842,0.0,0.0,0.0,0.0,0.0,False,False,True,True
Beauty,A14YZDOMHMHQNQ,fit,02ce8cf2c985311db0f79b79b4eded58a7dd433e355ac546c3e7be66d79359b9,4,1,7,0.05263157894736842,0.0,0.0,0.0,0.0,0.0,False,False,True,True
Beauty,A14YZDOMHMHQNQ,fit,02ce8cf2c985311db0f79b79b4eded58a7dd433e355ac546c3e7be66d79359b9,5,1,7,0.05263157894736842,0.0,0.0,0.0,0.0,0.0,False,False,True,True
Beauty,A14YZDOMHMHQNQ,fit,02ce8cf2c985311db0f79b79b4eded58a7dd433e355ac546c3e7be66d79359b9,6,1,7,0.05263157894736842,0.0,0.0,0.0,0.0,0.0,False,False,True,True
Beauty,A3VT0BJTKYSSTX,fit,02d8b6caa6882026a07a495c12293344c0e1eddfa5337dac93448b20e1b5543b,0,108,6,0.0,-0.4192412793636322,-4.86967658996582,-2.3338050842285156,1.9145638048648834,4.450435310602188,True,False,True,True
Beauty,A3VT0BJTKYSSTX,fit,02d8b6caa6882026a07a495c12293344c0e1eddfa5337dac93448b20e1b5543b,1,16,6,0.0,-0.07090971618890762,-4.1140828132629395,-2.8427393436431885,2.771829627454281,4.043173097074032,True,False,True,True
Beauty,A3VT0BJTKYSSTX,fit,02d8b6caa6882026a07a495c12293344c0e1eddfa5337dac93448b20e1b5543b,2,1,6,0.0,0.0,0.0,0.0,0.0,0.0,False,False,True,True
Beauty,A3VT0BJTKYSSTX,fit,02d8b6caa6882026a07a495c12293344c0e1eddfa5337dac93448b20e1b5543b,3,2,6,0.0,-0.0006410212954506278,-0.010240748524665833,-0.0009002208826132119,0.00025919958716258407,0.009599727229215205,True,True,True,True
Beauty,A3VT0BJTKYSSTX,fit,02d8b6caa6882026a07a495c12293344c0e1eddfa5337dac93448b20e1b5543b,4,2,6,0.0,-0.004251014906913042,-0.199501633644104,-0.25397902727127075,0.2497280123643577,0.19525061873719096,True,False,True,True
Beauty,A3VT0BJTKYSSTX,fit,02d8b6caa6882026a07a495c12293344c0e1eddfa5337dac93448b20e1b5543b,5,1,6,0.0,0.0,0.0,0.0,0.0,0.0,False,False,True,True
Beauty,A3VT0BJTKYSSTX,fit,02d8b6caa6882026a07a495c12293344c0e1eddfa5337dac93448b20e1b5543b,6,1,6,0.0,0.0,0.0,0.0,0.0,0.0,False,False,True,True
Beauty,A3VT0BJTKYSSTX,fit,02d8b6caa6882026a07a495c12293344c0e1eddfa5337dac93448b20e1b5543b,7,6,6,0.0,-0.041147030889987946,-3.5425314903259277,-3.580758810043335,3.539611779153347,3.50138445943594,True,False,True,True
Beauty,A3I7C71GA9EV05,fit,02ddde4cfbc1a94258c264dc17eeb156de7bc5a906da8b7bc9fa3246d3503e20,0,108,5,0.0,-1.5858837366104126,-4.151750087738037,-3.5215444564819336,1.935660719871521,2.5658663511276245,True,False,True,True
Beauty,A3I7C71GA9EV05,fit,02ddde4cfbc1a94258c264dc17eeb156de7bc5a906da8b7bc9fa3246d3503e20,1,112,5,0.0,-0.18081097304821014,-6.2106828689575195,-3.5615487098693848,3.3807377368211746,6.029871895909309,True,False,True,True
Beauty,A3I7C71GA9EV05,fit,02ddde4cfbc1a94258c264dc17eeb156de7bc5a906da8b7bc9fa3246d3503e20,2,8,5,0.0,-0.01878577470779419,-2.2819502353668213,-1.6430134773254395,1.6242277026176453,2.263164460659027,True,False,True,True
Beauty,A3I7C71GA9EV05,fit,02ddde4cfbc1a94258c264dc17eeb156de7bc5a906da8b7bc9fa3246d3503e20,3,1,5,0.0,0.0,0.0,0.0,0.0,0.0,False,False,True,True
Beauty,A3I7C71GA9EV05,fit,02ddde4cfbc1a94258c264dc17eeb156de7bc5a906da8b7bc9fa3246d3503e20,4,1,5,0.0,0.0,0.0,0.0,0.0,0.0,False,False,True,True
Beauty,A3I7C71GA9EV05,fit,02ddde4cfbc1a94258c264dc17eeb156de7bc5a906da8b7bc9fa3246d3503e20,5,1,5,0.0,0.0,0.0,0.0,0.0,0.0,False,False,True,True
Beauty,A3I7C71GA9EV05,fit,02ddde4cfbc1a94258c264dc17eeb156de7bc5a906da8b7bc9fa3246d3503e20,6,1,5,0.0,0.0,0.0,0.0,0.0,0.0,False,False,True,True
Beauty,A2570XS9HDC0LO,fit,02e0293fecf7b3b996f00188dfc7bee6fafb8d177eb83ca2234feb37c534d6e6,0,108,3,0.0,-0.9555738568305969,-2.5922980308532715,-2.176682472229004,1.221108615398407,1.6367241740226746,True,False,True,True
Beauty,A2570XS9HDC0LO,fit,02e0293fecf7b3b996f00188dfc7bee6fafb8d177eb83ca2234feb37c534d6e6,1,255,3,0.0,-2.8778398036956787,-2.7665953636169434,-2.5850911140441895,-0.29274868965148926,-0.11124444007873535,False,False,True,True
Beauty,A2570XS9HDC0LO,fit,02e0293fecf7b3b996f00188dfc7bee6fafb8d177eb83ca2234feb37c534d6e6,2,3,3,0.0,-0.6262320876121521,-0.0052771554328501225,-0.01909259334206581,-0.6071394942700863,-0.620954932179302,False,False,True,True
Beauty,A2570XS9HDC0LO,fit,02e0293fecf7b3b996f00188dfc7bee6fafb8d177eb83ca2234feb37c534d6e6,3,1,3,0.0,0.0,0.0,0.0,0.0,0.0,False,False,True,True
Beauty,A2570XS9HDC0LO,fit,02e0293fecf7b3b996f00188dfc7bee6fafb8d177eb83ca2234feb37c534d6e6,4,1,3,0.0,0.0,0.0,0.0,0.0,0.0,False,False,True,True
Beauty,A2570XS9HDC0LO,fit,02e0293fecf7b3b996f00188dfc7bee6fafb8d177eb83ca2234feb37c534d6e6,5,1,3,0.0,0.0,0.0,0.0,0.0,0.0,False,False,True,True
Beauty,A2570XS9HDC0LO,fit,02e0293fecf7b3b996f00188dfc7bee6fafb8d177eb83ca2234feb37c534d6e6,6,1,3,0.0,0.0,0.0,0.0,0.0,0.0,False,False,True,True
Beauty,AUF0N5SPOYWD,fit,02e9a3feaaa9e3cfa2d081af88622d5899e7f63ff22e7cd8095e5a4df318308d,0,108,3,0.0,-2.128575325012207,-3.5247199535369873,-2.4497976303100586,0.32122230529785156,1.3961446285247803,True,False,True,True
Beauty,AUF0N5SPOYWD,fit,02e9a3feaaa9e3cfa2d081af88622d5899e7f63ff22e7cd8095e5a4df318308d,1,126,3,0.0,-8.165801048278809,-6.808328151702881,-6.831418514251709,-1.3343825340270996,-1.3574728965759277,False,False,True,True
Beauty,AUF0N5SPOYWD,fit,02e9a3feaaa9e3cfa2d081af88622d5899e7f63ff22e7cd8095e5a4df318308d,2,1,3,0.0,0.0,0.0,0.0,0.0,0.0,False,False,True,True
Beauty,AUF0N5SPOYWD,fit,02e9a3feaaa9e3cfa2d081af88622d5899e7f63ff22e7cd8095e5a4df318308d,3,1,3,0.0,0.0,0.0,0.0,0.0,0.0,False,False,True,True
Beauty,AUF0N5SPOYWD,fit,02e9a3feaaa9e3cfa2d081af88622d5899e7f63ff22e7cd8095e5a4df318308d,4,1,3,0.0,0.0,0.0,0.0,0.0,0.0,False,False,True,True
Beauty,AUF0N5SPOYWD,fit,02e9a3feaaa9e3cfa2d081af88622d5899e7f63ff22e7cd8095e5a4df318308d,5,1,3,0.0,0.0,0.0,0.0,0.0,0.0,False,False,True,True
Beauty,AUF0N5SPOYWD,fit,02e9a3feaaa9e3cfa2d081af88622d5899e7f63ff22e7cd8095e5a4df318308d,6,1,3,0.0,0.0,0.0,0.0,0.0,0.0,False,False,True,True
Beauty,AUF0N5SPOYWD,fit,02e9a3feaaa9e3cfa2d081af88622d5899e7f63ff22e7cd8095e5a4df318308d,7,2,3,0.0,-0.9120385050773621,-1.0681424140930176,-0.9795911312103271,0.06755262613296509,0.15610390901565552,True,False,True,True
Beauty,A3CRA7EPM4EI2Z,fit,02eb24446f22fc1db6a68fcdb643d05f57df53aea8907111dd8d62c1bb489006,0,108,3,0.0,-3.2927021980285645,-3.183649778366089,-4.817038059234619,1.5243358612060547,-0.10905241966247559,True,True,True,True
Beauty,A3CRA7EPM4EI2Z,fit,02eb24446f22fc1db6a68fcdb643d05f57df53aea8907111dd8d62c1bb489006,1,81,3,0.0,-0.0018931577214971185,-5.65681791305542,-4.455694198608398,4.453801040886901,5.654924755333923,True,False,True,True
Beauty,A3CRA7EPM4EI2Z,fit,02eb24446f22fc1db6a68fcdb643d05f57df53aea8907111dd8d62c1bb489006,2,2,3,0.0,-1.1920928244535389e-07,-8.035552978515625,-7.031595230102539,7.031595110893257,8.035552859306343,True,False,True,True
Beauty,A3CRA7EPM4EI2Z,fit,02eb24446f22fc1db6a68fcdb643d05f57df53aea8907111dd8d62c1bb489006,3,1,3,0.0,0.0,0.0,0.0,0.0,0.0,False,False,True,True
Beauty,A3CRA7EPM4EI2Z,fit,02eb24446f22fc1db6a68fcdb643d05f57df53aea8907111dd8d62c1bb489006,4,1,3,0.0,0.0,0.0,0.0,0.0,0.0,False,False,True,True
Beauty,A3CRA7EPM4EI2Z,fit,02eb24446f22fc1db6a68fcdb643d05f57df53aea8907111dd8d62c1bb489006,5,1,3,0.0,0.0,0.0,0.0,0.0,0.0,False,False,True,True
Beauty,A3CRA7EPM4EI2Z,fit,02eb24446f22fc1db6a68fcdb643d05f57df53aea8907111dd8d62c1bb489006,6,1,3,0.0,0.0,0.0,0.0,0.0,0.0,False,False,True,True
Beauty,A338UPHHM27Q0F,fit,02ef1a2b895d6c2f3691e9b260d4a28f9f2b4aa0579f343fa205cddd783020ca,0,108,5,0.17647058823529413,-2.2931456565856934,-5.985759258270264,-4.329906463623047,2.0367608070373535,3.6926136016845703,True,False,True,True
Beauty,A338UPHHM27Q0F,fit,02ef1a2b895d6c2f3691e9b260d4a28f9f2b4aa0579f343fa205cddd783020ca,1,21,5,0.17647058823529413,-2.3841855067985307e-07,-18.063678741455078,-19.29720687866211,19.29720664024356,18.063678503036527,True,False,True,True
Beauty,A338UPHHM27Q0F,fit,02ef1a2b895d6c2f3691e9b260d4a28f9f2b4aa0579f343fa205cddd783020ca,2,1,5,0.17647058823529413,0.0,0.0,0.0,0.0,0.0,False,False,True,True
Beauty,A338UPHHM27Q0F,fit,02ef1a2b895d6c2f3691e9b260d4a28f9f2b4aa0579f343fa205cddd783020ca,3,1,5,0.17647058823529413,0.0,0.0,0.0,0.0,0.0,False,False,True,True
Beauty,A338UPHHM27Q0F,fit,02ef1a2b895d6c2f3691e9b260d4a28f9f2b4aa0579f343fa205cddd783020ca,4,1,5,0.17647058823529413,0.0,0.0,0.0,0.0,0.0,False,False,True,True
Beauty,A338UPHHM27Q0F,fit,02ef1a2b895d6c2f3691e9b260d4a28f9f2b4aa0579f343fa205cddd783020ca,5,1,5,0.17647058823529413,0.0,0.0,0.0,0.0,0.0,False,False,True,True
Beauty,A338UPHHM27Q0F,fit,02ef1a2b895d6c2f3691e9b260d4a28f9f2b4aa0579f343fa205cddd783020ca,6,1,5,0.17647058823529413,0.0,0.0,0.0,0.0,0.0,False,False,True,True
Beauty,A3H5FUA3ILLOBD,fit,02f4873268a529ff1d518dc773ccf0dcf2e66d7a07a4483de2e4fb2464e57077,0,108,5,0.05263157894736842,-4.661917209625244,-4.834171772003174,-4.934183597564697,0.2722663879394531,0.1722545623779297,True,False,True,True
Beauty,A3H5FUA3ILLOBD,fit,02f4873268a529ff1d518dc773ccf0dcf2e66d7a07a4483de2e4fb2464e57077,1,151,5,0.05263157894736842,-11.843775749206543,-13.792586326599121,-13.014839172363281,1.1710634231567383,1.9488105773925781,True,False,True,True
Beauty,A3H5FUA3ILLOBD,fit,02f4873268a529ff1d518dc773ccf0dcf2e66d7a07a4483de2e4fb2464e57077,2,1,5,0.05263157894736842,0.0,0.0,0.0,0.0,0.0,False,False,True,True
Beauty,A3H5FUA3ILLOBD,fit,02f4873268a529ff1d518dc773ccf0dcf2e66d7a07a4483de2e4fb2464e57077,3,1,5,0.05263157894736842,0.0,0.0,0.0,0.0,0.0,False,False,True,True
Beauty,A3H5FUA3ILLOBD,fit,02f4873268a529ff1d518dc773ccf0dcf2e66d7a07a4483de2e4fb2464e57077,4,1,5,0.05263157894736842,0.0,0.0,0.0,0.0,0.0,False,False,True,True
Beauty,A3H5FUA3ILLOBD,fit,02f4873268a529ff1d518dc773ccf0dcf2e66d7a07a4483de2e4fb2464e57077,5,1,5,0.05263157894736842,0.0,0.0,0.0,0.0,0.0,False,False,True,True
Beauty,A3H5FUA3ILLOBD,fit,02f4873268a529ff1d518dc773ccf0dcf2e66d7a07a4483de2e4fb2464e57077,6,1,5,0.05263157894736842,0.0,0.0,0.0,0.0,0.0,False,False,True,True
Beauty,A1QW9ZCEC2T2QQ,fit,02f7fffa6426b56916877195b66227ff64ae121ce80992bf5162ab1d5af555f9,0,108,4,0.0,-4.1329731941223145,-4.0240020751953125,-4.162446975708008,0.02947378158569336,-0.10897111892700195,True,True,True,True
Beauty,A1QW9ZCEC2T2QQ,fit,02f7fffa6426b56916877195b66227ff64ae121ce80992bf5162ab1d5af555f9,1,78,4,0.0,-2.19370698928833,-3.7089805603027344,-2.07039737701416,-0.12330961227416992,1.5152735710144043,False,False,True,True
Beauty,A1QW9ZCEC2T2QQ,fit,02f7fffa6426b56916877195b66227ff64ae121ce80992bf5162ab1d5af555f9,2,7,4,0.0,-1.1821281909942627,-1.371228814125061,-0.8923879861831665,-0.2897402048110962,0.18910062313079834,False,False,True,True
Beauty,A1QW9ZCEC2T2QQ,fit,02f7fffa6426b56916877195b66227ff64ae121ce80992bf5162ab1d5af555f9,3,2,4,0.0,-0.7987409234046936,-0.869656503200531,-1.1157342195510864,0.3169932961463928,0.0709155797958374,True,True,True,True
Beauty,A1QW9ZCEC2T2QQ,fit,02f7fffa6426b56916877195b66227ff64ae121ce80992bf5162ab1d5af555f9,4,1,4,0.0,0.0,0.0,0.0,0.0,0.0,False,False,True,True
Beauty,A1QW9ZCEC2T2QQ,fit,02f7fffa6426b56916877195b66227ff64ae121ce80992bf5162ab1d5af555f9,5,1,4,0.0,0.0,0.0,0.0,0.0,0.0,False,False,True,True
Beauty,A1QW9ZCEC2T2QQ,fit,02f7fffa6426b56916877195b66227ff64ae121ce80992bf5162ab1d5af555f9,6,1,4,0.0,0.0,0.0,0.0,0.0,0.0,False,False,True,True
Beauty,A1BFEKGDUKP5ZT,fit,02fc59afe29f57135595ffd1ee4082de3a3316932ffba747ff5a2e06b19e267a,0,108,2,0.0,-4.375629425048828,-6.207108974456787,-4.9224748611450195,0.5468454360961914,1.831479549407959,True,False,True,True
Beauty,A1BFEKGDUKP5ZT,fit,02fc59afe29f57135595ffd1ee4082de3a3316932ffba747ff5a2e06b19e267a,1,83,2,0.0,-2.5473344326019287,-4.112324237823486,-2.4236109256744385,-0.12372350692749023,1.5649898052215576,False,False,True,True
Beauty,A1BFEKGDUKP5ZT,fit,02fc59afe29f57135595ffd1ee4082de3a3316932ffba747ff5a2e06b19e267a,2,5,2,0.0,-0.637162446975708,-2.524592876434326,-1.7551350593566895,1.1179726123809814,1.8874304294586182,True,False,True,True
Beauty,A1BFEKGDUKP5ZT,fit,02fc59afe29f57135595ffd1ee4082de3a3316932ffba747ff5a2e06b19e267a,3,2,2,0.0,-0.14375872910022736,-0.11217264831066132,-0.04018145427107811,-0.10357727482914925,-0.03158608078956604,False,False,True,True
Beauty,A1BFEKGDUKP5ZT,fit,02fc59afe29f57135595ffd1ee4082de3a3316932ffba747ff5a2e06b19e267a,4,1,2,0.0,0.0,0.0,0.0,0.0,0.0,False,False,True,True
Beauty,A1BFEKGDUKP5ZT,fit,02fc59afe29f57135595ffd1ee4082de3a3316932ffba747ff5a2e06b19e267a,5,1,2,0.0,0.0,0.0,0.0,0.0,0.0,False,False,True,True
Beauty,A1BFEKGDUKP5ZT,fit,02fc59afe29f57135595ffd1ee4082de3a3316932ffba747ff5a2e06b19e267a,6,1,2,0.0,0.0,0.0,0.0,0.0,0.0,False,False,True,True
Beauty,A3F2VVIQIY6U64,fit,02fd5b5b291905bf9c2e4c7264c97b757e1b8519e875b5176f846ac42b52e6f3,0,108,8,0.0,-6.101323127746582,-4.984157562255859,-5.1359124183654785,-0.9654107093811035,-1.1171655654907227,False,False,True,True
Beauty,A3F2VVIQIY6U64,fit,02fd5b5b291905bf9c2e4c7264c97b757e1b8519e875b5176f846ac42b52e6f3,1,89,8,0.0,-0.11316284537315369,-3.524348735809326,-7.341296195983887,7.228133350610733,3.4111858904361725,True,False,True,True
Beauty,A3F2VVIQIY6U64,fit,02fd5b5b291905bf9c2e4c7264c97b757e1b8519e875b5176f846ac42b52e6f3,2,1,8,0.0,0.0,0.0,0.0,0.0,0.0,False,False,True,True
Beauty,A3F2VVIQIY6U64,fit,02fd5b5b291905bf9c2e4c7264c97b757e1b8519e875b5176f846ac42b52e6f3,3,1,8,0.0,0.0,0.0,0.0,0.0,0.0,False,False,True,True
Beauty,A3F2VVIQIY6U64,fit,02fd5b5b291905bf9c2e4c7264c97b757e1b8519e875b5176f846ac42b52e6f3,4,1,8,0.0,0.0,0.0,0.0,0.0,0.0,False,False,True,True
Beauty,A3F2VVIQIY6U64,fit,02fd5b5b291905bf9c2e4c7264c97b757e1b8519e875b5176f846ac42b52e6f3,5,1,8,0.0,0.0,0.0,0.0,0.0,0.0,False,False,True,True
Beauty,A3F2VVIQIY6U64,fit,02fd5b5b291905bf9c2e4c7264c97b757e1b8519e875b5176f846ac42b52e6f3,6,1,8,0.0,0.0,0.0,0.0,0.0,0.0,False,False,True,True
Beauty,AAH8M8ULI36DE,fit,02fecfd18b74fb55508c28248729b280a357aa4ea1a96dd861fb586e8a29805d,0,108,6,0.0,-3.3303470611572266,-3.924654006958008,-3.2262325286865234,-0.10411453247070312,0.5943069458007812,False,False,True,True
Beauty,AAH8M8ULI36DE,fit,02fecfd18b74fb55508c28248729b280a357aa4ea1a96dd861fb586e8a29805d,1,96,6,0.0,-4.224192142486572,-5.687121868133545,-4.702507972717285,0.4783158302307129,1.4629297256469727,True,False,True,True
Beauty,AAH8M8ULI36DE,fit,02fecfd18b74fb55508c28248729b280a357aa4ea1a96dd861fb586e8a29805d,2,1,6,0.0,0.0,0.0,0.0,0.0,0.0,False,False,True,True
Beauty,AAH8M8ULI36DE,fit,02fecfd18b74fb55508c28248729b280a357aa4ea1a96dd861fb586e8a29805d,3,1,6,0.0,0.0,0.0,0.0,0.0,0.0,False,False,True,True
Beauty,AAH8M8ULI36DE,fit,02fecfd18b74fb55508c28248729b280a357aa4ea1a96dd861fb586e8a29805d,4,1,6,0.0,0.0,0.0,0.0,0.0,0.0,False,False,True,True
Beauty,AAH8M8ULI36DE,fit,02fecfd18b74fb55508c28248729b280a357aa4ea1a96dd861fb586e8a29805d,5,1,6,0.0,0.0,0.0,0.0,0.0,0.0,False,False,True,True
Beauty,AAH8M8ULI36DE,fit,02fecfd18b74fb55508c28248729b280a357aa4ea1a96dd861fb586e8a29805d,6,1,6,0.0,0.0,0.0,0.0,0.0,0.0,False,False,True,True
Beauty,A250RIBFHPUQLI,fit,03085d4a381eef2f858be5899e1724362c1efb6882dd4027318540dc4068e68d,0,108,4,0.0,-4.116744041442871,-5.0636444091796875,-4.817037105560303,0.7002930641174316,0.9469003677368164,True,False,True,True
Beauty,A250RIBFHPUQLI,fit,03085d4a381eef2f858be5899e1724362c1efb6882dd4027318540dc4068e68d,1,59,4,0.0,-0.0011451836908236146,-4.015697002410889,-3.5291826725006104,3.5280374888097867,4.014551818720065,True,False,True,True
Beauty,A250RIBFHPUQLI,fit,03085d4a381eef2f858be5899e1724362c1efb6882dd4027318540dc4068e68d,2,1,4,0.0,0.0,0.0,0.0,0.0,0.0,False,False,True,True
Beauty,A250RIBFHPUQLI,fit,03085d4a381eef2f858be5899e1724362c1efb6882dd4027318540dc4068e68d,3,1,4,0.0,0.0,0.0,0.0,0.0,0.0,False,False,True,True
Beauty,A250RIBFHPUQLI,fit,03085d4a381eef2f858be5899e1724362c1efb6882dd4027318540dc4068e68d,4,1,4,0.0,0.0,0.0,0.0,0.0,0.0,False,False,True,True
Beauty,A250RIBFHPUQLI,fit,03085d4a381eef2f858be5899e1724362c1efb6882dd4027318540dc4068e68d,5,1,4,0.0,0.0,0.0,0.0,0.0,0.0,False,False,True,True
Beauty,A250RIBFHPUQLI,fit,03085d4a381eef2f858be5899e1724362c1efb6882dd4027318540dc4068e68d,6,1,4,0.0,0.0,0.0,0.0,0.0,0.0,False,False,True,True
Beauty,A3BSJ3J674PB2K,fit,030e5a210dd33550d9f65eea467544e9b73a1d177a321546fe61744c44c92ceb,0,108,2,0.0,-5.822735786437988,-5.154297351837158,-3.8267343044281006,-1.9960014820098877,-0.6684384346008301,False,False,True,True
Beauty,A3BSJ3J674PB2K,fit,030e5a210dd33550d9f65eea467544e9b73a1d177a321546fe61744c44c92ceb,1,104,2,0.0,-1.338814377784729,-1.238660454750061,-2.136068344116211,0.7972539663314819,-0.10015392303466797,True,True,True,True
Beauty,A3BSJ3J674PB2K,fit,030e5a210dd33550d9f65eea467544e9b73a1d177a321546fe61744c44c92ceb,2,15,2,0.0,-1.5886417627334595,-1.896665334701538,-2.1825549602508545,0.593913197517395,0.3080235719680786,True,False,True,True
Beauty,A3BSJ3J674PB2K,fit,030e5a210dd33550d9f65eea467544e9b73a1d177a321546fe61744c44c92ceb,3,2,2,0.0,-4.887569048150908e-06,-1.7762025890988298e-05,-5.304672595229931e-05,4.8159156904148404e-05,1.287445684283739e-05,True,True,True,True
Beauty,A3BSJ3J674PB2K,fit,030e5a210dd33550d9f65eea467544e9b73a1d177a321546fe61744c44c92ceb,4,1,2,0.0,0.0,0.0,0.0,0.0,0.0,False,False,True,True
Beauty,A3BSJ3J674PB2K,fit,030e5a210dd33550d9f65eea467544e9b73a1d177a321546fe61744c44c92ceb,5,1,2,0.0,0.0,0.0,0.0,0.0,0.0,False,False,True,True
Beauty,A3BSJ3J674PB2K,fit,030e5a210dd33550d9f65eea467544e9b73a1d177a321546fe61744c44c92ceb,6,1,2,0.0,0.0,0.0,0.0,0.0,0.0,False,False,True,True
Beauty,A2PM49X61MWZJV,fit,031461773f9c24e453ce50fc706b4622916fe16e66a24b014deb5f5fd1c49a3b,0,108,2,0.0,-3.8389270305633545,-4.5058488845825195,-4.475759983062744,0.6368329524993896,0.666921854019165,True,False,True,True
Beauty,A2PM49X61MWZJV,fit,031461773f9c24e453ce50fc706b4622916fe16e66a24b014deb5f5fd1c49a3b,1,89,2,0.0,-3.9219577312469482,-21.879470825195312,-4.069287300109863,0.14732956886291504,17.957513093948364,True,False,True,True
Beauty,A2PM49X61MWZJV,fit,031461773f9c24e453ce50fc706b4622916fe16e66a24b014deb5f5fd1c49a3b,2,5,2,0.0,-0.827844500541687,-0.14133983850479126,-0.8642163276672363,0.036371827125549316,-0.6865046620368958,True,True,True,True
Beauty,A2PM49X61MWZJV,fit,031461773f9c24e453ce50fc706b4622916fe16e66a24b014deb5f5fd1c49a3b,3,1,2,0.0,0.0,0.0,0.0,0.0,0.0,False,False,True,True
Beauty,A2PM49X61MWZJV,fit,031461773f9c24e453ce50fc706b4622916fe16e66a24b014deb5f5fd1c49a3b,4,1,2,0.0,0.0,0.0,0.0,0.0,0.0,False,False,True,True
Beauty,A2PM49X61MWZJV,fit,031461773f9c24e453ce50fc706b4622916fe16e66a24b014deb5f5fd1c49a3b,5,1,2,0.0,0.0,0.0,0.0,0.0,0.0,False,False,True,True
Beauty,A2PM49X61MWZJV,fit,031461773f9c24e453ce50fc706b4622916fe16e66a24b014deb5f5fd1c49a3b,6,1,2,0.0,0.0,0.0,0.0,0.0,0.0,False,False,True,True
Beauty,A2IB4W6GC889Q1,fit,031a05e5dfa2b7b2abd8cf04a92863d3e57059fdd35abc423a7d29e2f67b9965,0,108,2,0.0,-5.179804801940918,-6.5863542556762695,-4.849918365478516,-0.32988643646240234,1.4065494537353516,False,False,True,True
Beauty,A2IB4W6GC889Q1,fit,031a05e5dfa2b7b2abd8cf04a92863d3e57059fdd35abc423a7d29e2f67b9965,1,48,2,0.0,-2.988600492477417,-4.161248207092285,-2.835799217224121,-0.1528012752532959,1.1726477146148682,False,False,True,True
Beauty,A2IB4W6GC889Q1,fit,031a05e5dfa2b7b2abd8cf04a92863d3e57059fdd35abc423a7d29e2f67b9965,2,1,2,0.0,0.0,0.0,0.0,0.0,0.0,False,False,True,True
Beauty,A2IB4W6GC889Q1,fit,031a05e5dfa2b7b2abd8cf04a92863d3e57059fdd35abc423a7d29e2f67b9965,3,1,2,0.0,0.0,0.0,0.0,0.0,0.0,False,False,True,True
Beauty,A2IB4W6GC889Q1,fit,031a05e5dfa2b7b2abd8cf04a92863d3e57059fdd35abc423a7d29e2f67b9965,4,1,2,0.0,0.0,0.0,0.0,0.0,0.0,False,False,True,True
Beauty,A2IB4W6GC889Q1,fit,031a05e5dfa2b7b2abd8cf04a92863d3e57059fdd35abc423a7d29e2f67b9965,5,1,2,0.0,0.0,0.0,0.0,0.0,0.0,False,False,True,True
Beauty,A2IB4W6GC889Q1,fit,031a05e5dfa2b7b2abd8cf04a92863d3e57059fdd35abc423a7d29e2f67b9965,6,1,2,0.0,0.0,0.0,0.0,0.0,0.0,False,False,True,True
Beauty,A2K0OGC1NNO73F,fit,031b0570cedb87bbf6e95fa858954c7caba3a0b940cdbe3aa789079fdd79d820,0,108,2,0.0,-5.277749538421631,-5.452096462249756,-5.415609359741211,0.13785982131958008,0.174346923828125,True,False,True,True
Beauty,A2K0OGC1NNO73F,fit,031b0570cedb87bbf6e95fa858954c7caba3a0b940cdbe3aa789079fdd79d820,1,58,2,0.0,-5.304765701293945,-5.392062664031982,-6.1064934730529785,0.8017277717590332,0.08729696273803711,True,True,True,True
Beauty,A2K0OGC1NNO73F,fit,031b0570cedb87bbf6e95fa858954c7caba3a0b940cdbe3aa789079fdd79d820,2,1,2,0.0,0.0,0.0,0.0,0.0,0.0,False,False,True,True
Beauty,A2K0OGC1NNO73F,fit,031b0570cedb87bbf6e95fa858954c7caba3a0b940cdbe3aa789079fdd79d820,3,1,2,0.0,0.0,0.0,0.0,0.0,0.0,False,False,True,True
Beauty,A2K0OGC1NNO73F,fit,031b0570cedb87bbf6e95fa858954c7caba3a0b940cdbe3aa789079fdd79d820,4,1,2,0.0,0.0,0.0,0.0,0.0,0.0,False,False,True,True
Beauty,A2K0OGC1NNO73F,fit,031b0570cedb87bbf6e95fa858954c7caba3a0b940cdbe3aa789079fdd79d820,5,1,2,0.0,0.0,0.0,0.0,0.0,0.0,False,False,True,True
Beauty,A2K0OGC1NNO73F,fit,031b0570cedb87bbf6e95fa858954c7caba3a0b940cdbe3aa789079fdd79d820,6,1,2,0.0,0.0,0.0,0.0,0.0,0.0,False,False,True,True
Beauty,ADI6PGLLK3CU3,fit,0323b5f4e767fe3129d553435acd10ed6e945b4fe62f0c54bc1ad59802738050,0,108,6,0.05263157894736842,-4.532214641571045,-3.9671716690063477,-4.245989799499512,-0.2862248420715332,-0.5650429725646973,False,False,True,True
Beauty,ADI6PGLLK3CU3,fit,0323b5f4e767fe3129d553435acd10ed6e945b4fe62f0c54bc1ad59802738050,1,255,6,0.05263157894736842,-1.8510204553604126,-3.428696632385254,-2.633385419845581,0.7823649644851685,1.5776761770248413,True,False,True,True
Beauty,ADI6PGLLK3CU3,fit,0323b5f4e767fe3129d553435acd10ed6e945b4fe62f0c54bc1ad59802738050,2,10,6,0.05263157894736842,-1.7590885162353516,-2.5010602474212646,-2.23826265335083,0.4791741371154785,0.7419717311859131,True,False,True,True
Beauty,ADI6PGLLK3CU3,fit,0323b5f4e767fe3129d553435acd10ed6e945b4fe62f0c54bc1ad59802738050,3,1,6,0.05263157894736842,0.0,0.0,0.0,0.0,0.0,False,False,True,True
Beauty,ADI6PGLLK3CU3,fit,0323b5f4e767fe3129d553435acd10ed6e945b4fe62f0c54bc1ad59802738050,4,1,6,0.05263157894736842,0.0,0.0,0.0,0.0,0.0,False,False,True,True
Beauty,ADI6PGLLK3CU3,fit,0323b5f4e767fe3129d553435acd10ed6e945b4fe62f0c54bc1ad59802738050,5,1,6,0.05263157894736842,0.0,0.0,0.0,0.0,0.0,False,False,True,True
Beauty,ADI6PGLLK3CU3,fit,0323b5f4e767fe3129d553435acd10ed6e945b4fe62f0c54bc1ad59802738050,6,1,6,0.05263157894736842,0.0,0.0,0.0,0.0,0.0,False,False,True,True
Beauty,A2O77EBAON9AXS,fit,032d9550abb92e1299fcdca5bffea2b8024d1af6bb1fe392d6113a38358d051a,0,108,2,0.0,-7.132480621337891,-6.85911750793457,-7.478673934936523,0.3461933135986328,-0.2733631134033203,True,True,True,True
Beauty,A2O77EBAON9AXS,fit,032d9550abb92e1299fcdca5bffea2b8024d1af6bb1fe392d6113a38358d051a,1,7,2,0.0,-0.9372474551200867,-1.154686450958252,-0.7256836295127869,-0.2115638256072998,0.21743899583816528,False,False,True,True
Beauty,A2O77EBAON9AXS,fit,032d9550abb92e1299fcdca5bffea2b8024d1af6bb1fe392d6113a38358d051a,2,1,2,0.0,0.0,0.0,0.0,0.0,0.0,False,False,True,True
Beauty,A2O77EBAON9AXS,fit,032d9550abb92e1299fcdca5bffea2b8024d1af6bb1fe392d6113a38358d051a,3,1,2,0.0,0.0,0.0,0.0,0.0,0.0,False,False,True,True
Beauty,A2O77EBAON9AXS,fit,032d9550abb92e1299fcdca5bffea2b8024d1af6bb1fe392d6113a38358d051a,4,1,2,0.0,0.0,0.0,0.0,0.0,0.0,False,False,True,True
Beauty,A2O77EBAON9AXS,fit,032d9550abb92e1299fcdca5bffea2b8024d1af6bb1fe392d6113a38358d051a,5,1,2,0.0,0.0,0.0,0.0,0.0,0.0,False,False,True,True
Beauty,A2O77EBAON9AXS,fit,032d9550abb92e1299fcdca5bffea2b8024d1af6bb1fe392d6113a38358d051a,6,1,2,0.0,0.0,0.0,0.0,0.0,0.0,False,False,True,True
Beauty,A1SL7D2AEMLXI7,fit,032f51ebe4db99c37f855eeeb00e069d64296cf95250b4af0dfb013da7112035,0,108,6,0.0,-4.851438522338867,-4.055294990539551,-4.699948310852051,-0.1514902114868164,-0.7961435317993164,False,False,True,True
Beauty,A1SL7D2AEMLXI7,fit,032f51ebe4db99c37f855eeeb00e069d64296cf95250b4af0dfb013da7112035,1,87,6,0.0,-4.188339710235596,-3.5003662109375,-4.993932247161865,0.8055925369262695,-0.6879734992980957,True,True,True,True
Beauty,A1SL7D2AEMLXI7,fit,032f51ebe4db99c37f855eeeb00e069d64296cf95250b4af0dfb013da7112035,2,4,6,0.0,-0.062056686729192734,-2.094019651412964,-0.04211258888244629,-0.019944097846746445,2.031962964683771,False,False,True,True
Beauty,A1SL7D2AEMLXI7,fit,032f51ebe4db99c37f855eeeb00e069d64296cf95250b4af0dfb013da7112035,3,2,6,0.0,-1.4398996829986572,-1.750439167022705,-2.2420079708099365,0.8021082878112793,0.31053948402404785,True,False,True,True
Beauty,A1SL7D2AEMLXI7,fit,032f51ebe4db99c37f855eeeb00e069d64296cf95250b4af0dfb013da7112035,4,1,6,0.0,0.0,0.0,0.0,0.0,0.0,False,False,True,True
Beauty,A1SL7D2AEMLXI7,fit,032f51ebe4db99c37f855eeeb00e069d64296cf95250b4af0dfb013da7112035,5,1,6,0.0,0.0,0.0,0.0,0.0,0.0,False,False,True,True
Beauty,A1SL7D2AEMLXI7,fit,032f51ebe4db99c37f855eeeb00e069d64296cf95250b4af0dfb013da7112035,6,1,6,0.0,0.0,0.0,0.0,0.0,0.0,False,False,True,True
Beauty,A26MBVPPXZN1YM,fit,03315bec4d43c930506b9bae144b5d5909f87c448b0663e675a896f587bb17ff,0,108,16,0.17647058823529413,-1.0657967329025269,-2.726675033569336,-1.1489524841308594,0.08315575122833252,1.660878300666809,True,False,True,True
Beauty,A26MBVPPXZN1YM,fit,03315bec4d43c930506b9bae144b5d5909f87c448b0663e675a896f587bb17ff,1,212,16,0.17647058823529413,-0.16998402774333954,-1.7936910390853882,-2.024670362472534,1.8546863347291946,1.6237070113420486,True,False,True,True
Beauty,A26MBVPPXZN1YM,fit,03315bec4d43c930506b9bae144b5d5909f87c448b0663e675a896f587bb17ff,2,13,16,0.17647058823529413,-0.6688241362571716,-0.546468198299408,-0.39029455184936523,-0.2785295844078064,-0.12235593795776367,False,False,True,True
Beauty,A26MBVPPXZN1YM,fit,03315bec4d43c930506b9bae144b5d5909f87c448b0663e675a896f587bb17ff,3,2,16,0.17647058823529413,-0.15293222665786743,-0.24118882417678833,-1.9973669052124023,1.844434678554535,0.0882565975189209,True,True,True,True
Beauty,A26MBVPPXZN1YM,fit,03315bec4d43c930506b9bae144b5d5909f87c448b0663e675a896f587bb17ff,4,1,16,0.17647058823529413,0.0,0.0,0.0,0.0,0.0,False,False,True,True
Beauty,A26MBVPPXZN1YM,fit,03315bec4d43c930506b9bae144b5d5909f87c448b0663e675a896f587bb17ff,5,1,16,0.17647058823529413,0.0,0.0,0.0,0.0,0.0,False,False,True,True
Beauty,A26MBVPPXZN1YM,fit,03315bec4d43c930506b9bae144b5d5909f87c448b0663e675a896f587bb17ff,6,1,16,0.17647058823529413,0.0,0.0,0.0,0.0,0.0,False,False,True,True
Beauty,A1ZV5F3ZH0LRQ9,fit,033623691f3543e2f730a68ff60816b237542385943d8da9c473fbfc900e814e,0,108,2,0.0,-4.8200907707214355,-4.8631792068481445,-4.863863468170166,0.04377269744873047,0.043088436126708984,True,True,True,True
Beauty,A1ZV5F3ZH0LRQ9,fit,033623691f3543e2f730a68ff60816b237542385943d8da9c473fbfc900e814e,1,54,2,0.0,-5.04438591003418,-4.331273078918457,-4.334829330444336,-0.7095565795898438,-0.7131128311157227,False,False,True,True
Beauty,A1ZV5F3ZH0LRQ9,fit,033623691f3543e2f730a68ff60816b237542385943d8da9c473fbfc900e814e,2,1,2,0.0,0.0,0.0,0.0,0.0,0.0,False,False,True,True
Beauty,A1ZV5F3ZH0LRQ9,fit,033623691f3543e2f730a68ff60816b237542385943d8da9c473fbfc900e814e,3,1,2,0.0,0.0,0.0,0.0,0.0,0.0,False,False,True,True
Beauty,A1ZV5F3ZH0LRQ9,fit,033623691f3543e2f730a68ff60816b237542385943d8da9c473fbfc900e814e,4,1,2,0.0,0.0,0.0,0.0,0.0,0.0,False,False,True,True
Beauty,A1ZV5F3ZH0LRQ9,fit,033623691f3543e2f730a68ff60816b237542385943d8da9c473fbfc900e814e,5,1,2,0.0,0.0,0.0,0.0,0.0,0.0,False,False,True,True
Beauty,A1ZV5F3ZH0LRQ9,fit,033623691f3543e2f730a68ff60816b237542385943d8da9c473fbfc900e814e,6,1,2,0.0,0.0,0.0,0.0,0.0,0.0,False,False,True,True
Beauty,AZS4UNYSAZVG8,fit,033bcce809e4692738d296fa6ec7af9111dc3fa58bbbdadb5918929362326f9f,0,108,2,0.0,-0.6443083882331848,-2.0323784351348877,-0.9373336434364319,0.29302525520324707,1.3880700469017029,True,False,True,True
Beauty,AZS4UNYSAZVG8,fit,033bcce809e4692738d296fa6ec7af9111dc3fa58bbbdadb5918929362326f9f,1,42,2,0.0,-0.027685899287462234,-7.00974178314209,-7.587518692016602,7.559832792729139,6.982055883854628,True,False,True,True
Beauty,AZS4UNYSAZVG8,fit,033bcce809e4692738d296fa6ec7af9111dc3fa58bbbdadb5918929362326f9f,2,1,2,0.0,0.0,0.0,0.0,0.0,0.0,False,False,True,True
Beauty,AZS4UNYSAZVG8,fit,033bcce809e4692738d296fa6ec7af9111dc3fa58bbbdadb5918929362326f9f,3,1,2,0.0,0.0,0.0,0.0,0.0,0.0,False,False,True,True
Beauty,AZS4UNYSAZVG8,fit,033bcce809e4692738d296fa6ec7af9111dc3fa58bbbdadb5918929362326f9f,4,1,2,0.0,0.0,0.0,0.0,0.0,0.0,False,False,True,True
Beauty,AZS4UNYSAZVG8,fit,033bcce809e4692738d296fa6ec7af9111dc3fa58bbbdadb5918929362326f9f,5,1,2,0.0,0.0,0.0,0.0,0.0,0.0,False,False,True,True
Beauty,AZS4UNYSAZVG8,fit,033bcce809e4692738d296fa6ec7af9111dc3fa58bbbdadb5918929362326f9f,6,1,2,0.0,0.0,0.0,0.0,0.0,0.0,False,False,True,True
Beauty,A5A3C6XVDYUND,fit,033d6d60dfa8e1ee6b81f43bd22efeab3960f6997758aff1af216003ad912b68,0,108,20,0.17647058823529413,-2.5214507579803467,-1.7761900424957275,-3.60330867767334,1.0818579196929932,-0.7452607154846191,True,True,True,True
Beauty,A5A3C6XVDYUND,fit,033d6d60dfa8e1ee6b81f43bd22efeab3960f6997758aff1af216003ad912b68,1,212,20,0.17647058823529413,-0.5985015034675598,-1.7675559520721436,-6.347452163696289,5.748950660228729,1.1690544486045837,True,False,True,True
Beauty,A5A3C6XVDYUND,fit,033d6d60dfa8e1ee6b81f43bd22efeab3960f6997758aff1af216003ad912b68,2,1,20,0.17647058823529413,0.0,0.0,0.0,0.0,0.0,False,False,True,True
Beauty,A5A3C6XVDYUND,fit,033d6d60dfa8e1ee6b81f43bd22efeab3960f6997758aff1af216003ad912b68,3,4,20,0.17647058823529413,-0.43766599893569946,-1.0194792747497559,-1.2692112922668457,0.8315452933311462,0.5818132758140564,True,False,True,True
Beauty,A5A3C6XVDYUND,fit,033d6d60dfa8e1ee6b81f43bd22efeab3960f6997758aff1af216003ad912b68,4,1,20,0.17647058823529413,0.0,0.0,0.0,0.0,0.0,False,False,True,True
Beauty,A5A3C6XVDYUND,fit,033d6d60dfa8e1ee6b81f43bd22efeab3960f6997758aff1af216003ad912b68,5,1,20,0.17647058823529413,0.0,0.0,0.0,0.0,0.0,False,False,True,True
Beauty,A5A3C6XVDYUND,fit,033d6d60dfa8e1ee6b81f43bd22efeab3960f6997758aff1af216003ad912b68,6,1,20,0.17647058823529413,0.0,0.0,0.0,0.0,0.0,False,False,True,True
Beauty,A149I93AGD8XQV,fit,0341365d37e23d47624d7ee6fb6199c42fa95f87a95d64c3e2e8e45efa1bd36a,0,108,3,0.0,-2.10371732711792,-2.9692540168762207,-2.35261869430542,0.2489013671875,0.8655366897583008,True,False,True,True
Beauty,A149I93AGD8XQV,fit,0341365d37e23d47624d7ee6fb6199c42fa95f87a95d64c3e2e8e45efa1bd36a,1,64,3,0.0,-3.60939884185791,-2.8567912578582764,-2.9103078842163086,-0.6990909576416016,-0.7526075839996338,False,False,True,True
Beauty,A149I93AGD8XQV,fit,0341365d37e23d47624d7ee6fb6199c42fa95f87a95d64c3e2e8e45efa1bd36a,2,4,3,0.0,-0.9996156096458435,-0.9195683598518372,-0.9162470102310181,-0.08336859941482544,-0.08004724979400635,False,False,True,True
Beauty,A149I93AGD8XQV,fit,0341365d37e23d47624d7ee6fb6199c42fa95f87a95d64c3e2e8e45efa1bd36a,3,1,3,0.0,0.0,0.0,0.0,0.0,0.0,False,False,True,True
Beauty,A149I93AGD8XQV,fit,0341365d37e23d47624d7ee6fb6199c42fa95f87a95d64c3e2e8e45efa1bd36a,4,1,3,0.0,0.0,0.0,0.0,0.0,0.0,False,False,True,True
Beauty,A149I93AGD8XQV,fit,0341365d37e23d47624d7ee6fb6199c42fa95f87a95d64c3e2e8e45efa1bd36a,5,1,3,0.0,0.0,0.0,0.0,0.0,0.0,False,False,True,True
Beauty,A149I93AGD8XQV,fit,0341365d37e23d47624d7ee6fb6199c42fa95f87a95d64c3e2e8e45efa1bd36a,6,1,3,0.0,0.0,0.0,0.0,0.0,0.0,False,False,True,True
Beauty,A15DJHT9VECM95,fit,0346cc71fcf151a5d344576218deddcc49e4797f811061be4484d7e136920804,0,108,2,0.0,-3.5672008991241455,-5.060812950134277,-3.762352466583252,0.19515156745910645,1.4936120510101318,True,False,True,True
Beauty,A15DJHT9VECM95,fit,0346cc71fcf151a5d344576218deddcc49e4797f811061be4484d7e136920804,1,42,2,0.0,-1.073410153388977,-1.1020450592041016,-2.309027671813965,1.2356175184249878,0.02863490581512451,True,True,True,True
Beauty,A15DJHT9VECM95,fit,0346cc71fcf151a5d344576218deddcc49e4797f811061be4484d7e136920804,2,5,2,0.0,-0.2828688323497772,-0.8481245636940002,-1.2722519636154175,0.9893831312656403,0.565255731344223,True,False,True,True
Beauty,A15DJHT9VECM95,fit,0346cc71fcf151a5d344576218deddcc49e4797f811061be4484d7e136920804,3,1,2,0.0,0.0,0.0,0.0,0.0,0.0,False,False,True,True
Beauty,A15DJHT9VECM95,fit,0346cc71fcf151a5d344576218deddcc49e4797f811061be4484d7e136920804,4,1,2,0.0,0.0,0.0,0.0,0.0,0.0,False,False,True,True
Beauty,A15DJHT9VECM95,fit,0346cc71fcf151a5d344576218deddcc49e4797f811061be4484d7e136920804,5,1,2,0.0,0.0,0.0,0.0,0.0,0.0,False,False,True,True
Beauty,A15DJHT9VECM95,fit,0346cc71fcf151a5d344576218deddcc49e4797f811061be4484d7e136920804,6,1,2,0.0,0.0,0.0,0.0,0.0,0.0,False,False,True,True
Beauty,A3QOFN2B82EQID,fit,03492a992bd063fda168083a31102975459614a1598d7924d15db5aa3a1dc544,0,108,8,0.17647058823529413,-6.056917190551758,-4.1034159660339355,-5.984163761138916,-0.0727534294128418,-1.9535012245178223,False,False,True,True
Beauty,A3QOFN2B82EQID,fit,03492a992bd063fda168083a31102975459614a1598d7924d15db5aa3a1dc544,1,63,8,0.17647058823529413,-5.595824241638184,-7.748117923736572,-5.7303972244262695,0.13457298278808594,2.1522936820983887,True,False,True,True
Beauty,A3QOFN2B82EQID,fit,03492a992bd063fda168083a31102975459614a1598d7924d15db5aa3a1dc544,2,1,8,0.17647058823529413,0.0,0.0,0.0,0.0,0.0,False,False,True,True
Beauty,A3QOFN2B82EQID,fit,03492a992bd063fda168083a31102975459614a1598d7924d15db5aa3a1dc544,3,1,8,0.17647058823529413,0.0,0.0,0.0,0.0,0.0,False,False,True,True
Beauty,A3QOFN2B82EQID,fit,03492a992bd063fda168083a31102975459614a1598d7924d15db5aa3a1dc544,4,1,8,0.17647058823529413,0.0,0.0,0.0,0.0,0.0,False,False,True,True
Beauty,A3QOFN2B82EQID,fit,03492a992bd063fda168083a31102975459614a1598d7924d15db5aa3a1dc544,5,1,8,0.17647058823529413,0.0,0.0,0.0,0.0,0.0,False,False,True,True
Beauty,A3QOFN2B82EQID,fit,03492a992bd063fda168083a31102975459614a1598d7924d15db5aa3a1dc544,6,1,8,0.17647058823529413,0.0,0.0,0.0,0.0,0.0,False,False,True,True
Beauty,AA1ZYCEKJGG3A,fit,0356701f01fb67112f7e6af2a43234ef01aa419aec37ec74d1ba14e84212c33e,0,108,11,0.05263157894736842,-0.4282331168651581,-1.13978910446167,-0.1826099455356598,-0.2456231713294983,0.7115559875965118,False,False,True,True
Beauty,AA1ZYCEKJGG3A,fit,0356701f01fb67112f7e6af2a43234ef01aa419aec37ec74d1ba14e84212c33e,1,212,11,0.05263157894736842,-6.709602355957031,-6.352619647979736,-7.543187141418457,0.8335847854614258,-0.3569827079772949,True,True,True,True
Beauty,AA1ZYCEKJGG3A,fit,0356701f01fb67112f7e6af2a43234ef01aa419aec37ec74d1ba14e84212c33e,2,1,11,0.05263157894736842,0.0,0.0,0.0,0.0,0.0,False,False,True,True
Beauty,AA1ZYCEKJGG3A,fit,0356701f01fb67112f7e6af2a43234ef01aa419aec37ec74d1ba14e84212c33e,3,1,11,0.05263157894736842,0.0,0.0,0.0,0.0,0.0,False,False,True,True
Beauty,AA1ZYCEKJGG3A,fit,0356701f01fb67112f7e6af2a43234ef01aa419aec37ec74d1ba14e84212c33e,4,1,11,0.05263157894736842,0.0,0.0,0.0,0.0,0.0,False,False,True,True
Beauty,AA1ZYCEKJGG3A,fit,0356701f01fb67112f7e6af2a43234ef01aa419aec37ec74d1ba14e84212c33e,5,1,11,0.05263157894736842,0.0,0.0,0.0,0.0,0.0,False,False,True,True
Beauty,AA1ZYCEKJGG3A,fit,0356701f01fb67112f7e6af2a43234ef01aa419aec37ec74d1ba14e84212c33e,6,1,11,0.05263157894736842,0.0,0.0,0.0,0.0,0.0,False,False,True,True
Beauty,A284F70PTVG7Z1,fit,035b26d400bfcce9090a5bcdb55e7c315295b169c014a148278392578ea64419,0,108,5,0.0,-4.678457260131836,-4.4652204513549805,-6.012317657470703,1.3338603973388672,-0.21323680877685547,True,True,True,True
Beauty,A284F70PTVG7Z1,fit,035b26d400bfcce9090a5bcdb55e7c315295b169c014a148278392578ea64419,1,81,5,0.0,-1.744343638420105,-2.016951084136963,-1.7370339632034302,-0.007309675216674805,0.2726074457168579,False,False,True,True
Beauty,A284F70PTVG7Z1,fit,035b26d400bfcce9090a5bcdb55e7c315295b169c014a148278392578ea64419,2,1,5,0.0,0.0,0.0,0.0,0.0,0.0,False,False,True,True
Beauty,A284F70PTVG7Z1,fit,035b26d400bfcce9090a5bcdb55e7c315295b169c014a148278392578ea64419,3,5,5,0.0,-1.7063190937042236,-2.9364893436431885,-1.9919184446334839,0.28559935092926025,1.2301702499389648,True,False,True,True
Beauty,A284F70PTVG7Z1,fit,035b26d400bfcce9090a5bcdb55e7c315295b169c014a148278392578ea64419,4,1,5,0.0,0.0,0.0,0.0,0.0,0.0,False,False,True,True
Beauty,A284F70PTVG7Z1,fit,035b26d400bfcce9090a5bcdb55e7c315295b169c014a148278392578ea64419,5,1,5,0.0,0.0,0.0,0.0,0.0,0.0,False,False,True,True
Beauty,A284F70PTVG7Z1,fit,035b26d400bfcce9090a5bcdb55e7c315295b169c014a148278392578ea64419,6,1,5,0.0,0.0,0.0,0.0,0.0,0.0,False,False,True,True
Beauty,A2QQVIV0XO465S,fit,035fc0cd937af47b0b85faf132eb3c41bea008129854ced6f51fa1b97ebfca02,0,108,9,0.0,-3.9123427867889404,-4.067741870880127,-4.198369979858398,0.286027193069458,0.15539908409118652,True,False,True,True
Beauty,A2QQVIV0XO465S,fit,035fc0cd937af47b0b85faf132eb3c41bea008129854ced6f51fa1b97ebfca02,1,151,9,0.0,-2.7491610050201416,-2.857184410095215,-2.599353313446045,-0.14980769157409668,0.10802340507507324,False,False,True,True
Beauty,A2QQVIV0XO465S,fit,035fc0cd937af47b0b85faf132eb3c41bea008129854ced6f51fa1b97ebfca02,2,3,9,0.0,-0.2149648666381836,-0.1586608737707138,-0.2260669618844986,0.011102095246315002,-0.05630399286746979,True,True,True,True
Beauty,A2QQVIV0XO465S,fit,035fc0cd937af47b0b85faf132eb3c41bea008129854ced6f51fa1b97ebfca02,3,1,9,0.0,0.0,0.0,0.0,0.0,0.0,False,False,True,True
Beauty,A2QQVIV0XO465S,fit,035fc0cd937af47b0b85faf132eb3c41bea008129854ced6f51fa1b97ebfca02,4,1,9,0.0,0.0,0.0,0.0,0.0,0.0,False,False,True,True
Beauty,A2QQVIV0XO465S,fit,035fc0cd937af47b0b85faf132eb3c41bea008129854ced6f51fa1b97ebfca02,5,1,9,0.0,0.0,0.0,0.0,0.0,0.0,False,False,True,True
Beauty,A2QQVIV0XO465S,fit,035fc0cd937af47b0b85faf132eb3c41bea008129854ced6f51fa1b97ebfca02,6,1,9,0.0,0.0,0.0,0.0,0.0,0.0,False,False,True,True
Beauty,A2QQVIV0XO465S,fit,035fc0cd937af47b0b85faf132eb3c41bea008129854ced6f51fa1b97ebfca02,7,2,9,0.0,-0.3200755715370178,-0.31071731448173523,-0.24669547379016876,-0.07338009774684906,-0.009358257055282593,False,False,True,True
Beauty,A1MQT9DYCXXXK2,fit,03614c49ebef945efd4ebd438284bc56c63a93d10372f743d67ebebd7bf712b1,0,108,6,0.0,-4.172731399536133,-4.618914604187012,-2.9903159141540527,-1.18241548538208,0.4461832046508789,False,False,True,True
Beauty,A1MQT9DYCXXXK2,fit,03614c49ebef945efd4ebd438284bc56c63a93d10372f743d67ebebd7bf712b1,1,104,6,0.0,-4.576141357421875,-7.16691255569458,-8.891620635986328,4.315479278564453,2.590771198272705,True,False,True,True
Beauty,A1MQT9DYCXXXK2,fit,03614c49ebef945efd4ebd438284bc56c63a93d10372f743d67ebebd7bf712b1,2,2,6,0.0,0.0,0.0,0.0,0.0,0.0,False,False,True,True
Beauty,A1MQT9DYCXXXK2,fit,03614c49ebef945efd4ebd438284bc56c63a93d10372f743d67ebebd7bf712b1,3,1,6,0.0,0.0,0.0,0.0,0.0,0.0,False,False,True,True
Beauty,A1MQT9DYCXXXK2,fit,03614c49ebef945efd4ebd438284bc56c63a93d10372f743d67ebebd7bf712b1,4,1,6,0.0,0.0,0.0,0.0,0.0,0.0,False,False,True,True
Beauty,A1MQT9DYCXXXK2,fit,03614c49ebef945efd4ebd438284bc56c63a93d10372f743d67ebebd7bf712b1,5,1,6,0.0,0.0,0.0,0.0,0.0,0.0,False,False,True,True
Beauty,A1MQT9DYCXXXK2,fit,03614c49ebef945efd4ebd438284bc56c63a93d10372f743d67ebebd7bf712b1,6,1,6,0.0,0.0,0.0,0.0,0.0,0.0,False,False,True,True
Beauty,A3CQG5K5180SKH,fit,036a2f885eef90375daff873c83e5e65852f336444aa2ac295ab318e44953b10,0,108,2,0.0,-2.67844295501709,-2.3158633708953857,-1.6605610847473145,-1.0178818702697754,-0.3625795841217041,False,False,True,True
Beauty,A3CQG5K5180SKH,fit,036a2f885eef90375daff873c83e5e65852f336444aa2ac295ab318e44953b10,1,97,2,0.0,-0.2275390923023224,-0.4137548804283142,-0.3407575488090515,0.11321845650672913,0.18621578812599182,True,False,True,True
Beauty,A3CQG5K5180SKH,fit,036a2f885eef90375daff873c83e5e65852f336444aa2ac295ab318e44953b10,2,18,2,0.0,-1.645556092262268,-2.2661292552948,-1.516255497932434,-0.12930059432983398,0.6205731630325317,False,False,True,True
Beauty,A3CQG5K5180SKH,fit,036a2f885eef90375daff873c83e5e65852f336444aa2ac295ab318e44953b10,3,1,2,0.0,0.0,0.0,0.0,0.0,0.0,False,False,True,True
Beauty,A3CQG5K5180SKH,fit,036a2f885eef90375daff873c83e5e65852f336444aa2ac295ab318e44953b10,4,3,2,0.0,-1.1580830812454224,-0.9546654224395752,-1.6493232250213623,0.49124014377593994,-0.20341765880584717,True,True,True,True
Beauty,A3CQG5K5180SKH,fit,036a2f885eef90375daff873c83e5e65852f336444aa2ac295ab318e44953b10,5,1,2,0.0,0.0,0.0,0.0,0.0,0.0,False,False,True,True
Beauty,A3CQG5K5180SKH,fit,036a2f885eef90375daff873c83e5e65852f336444aa2ac295ab318e44953b10,6,1,2,0.0,0.0,0.0,0.0,0.0,0.0,False,False,True,True
Beauty,A9NFFAZF3LIB2,fit,036ca7f2f012c0fadcd67d3e48c717167783012fdd74bda88f63786b5fc342fa,0,108,5,0.1111111111111111,-1.6982090473175049,-1.7170424461364746,-1.5901621580123901,-0.10804688930511475,0.018833398818969727,False,False,True,True
Beauty,A9NFFAZF3LIB2,fit,036ca7f2f012c0fadcd67d3e48c717167783012fdd74bda88f63786b5fc342fa,1,96,5,0.1111111111111111,-0.006097405683249235,-2.389695644378662,-1.0428502559661865,1.0367528502829373,2.383598238695413,True,False,True,True
Beauty,A9NFFAZF3LIB2,fit,036ca7f2f012c0fadcd67d3e48c717167783012fdd74bda88f63786b5fc342fa,2,2,5,0.1111111111111111,-8.583032467868179e-06,-0.0018209319096058607,-0.09158001840114594,0.09157143536867807,0.0018123488771379925,True,True,True,True
Beauty,A9NFFAZF3LIB2,fit,036ca7f2f012c0fadcd67d3e48c717167783012fdd74bda88f63786b5fc342fa,3,8,5,0.1111111111111111,-0.015495969913899899,-7.637303829193115,-2.157405138015747,2.141909168101847,7.621807859279215,True,False,True,True
Beauty,A9NFFAZF3LIB2,fit,036ca7f2f012c0fadcd67d3e48c717167783012fdd74bda88f63786b5fc342fa,4,1,5,0.1111111111111111,0.0,0.0,0.0,0.0,0.0,False,False,True,True
Beauty,A9NFFAZF3LIB2,fit,036ca7f2f012c0fadcd67d3e48c717167783012fdd74bda88f63786b5fc342fa,5,1,5,0.1111111111111111,0.0,0.0,0.0,0.0,0.0,False,False,True,True
Beauty,A9NFFAZF3LIB2,fit,036ca7f2f012c0fadcd67d3e48c717167783012fdd74bda88f63786b5fc342fa,6,1,5,0.1111111111111111,0.0,0.0,0.0,0.0,0.0,False,False,True,True
Beauty,AIO99JBZ3BJM7,fit,036db8ddb5ecfb00221be9f033bf48d517cce5dfd08d07636c3a07e5e71c8d3f,0,108,3,0.0,-4.148939609527588,-4.062925338745117,-4.311521053314209,0.1625814437866211,-0.0860142707824707,True,True,True,True
Beauty,AIO99JBZ3BJM7,fit,036db8ddb5ecfb00221be9f033bf48d517cce5dfd08d07636c3a07e5e71c8d3f,1,81,3,0.0,-1.9153648614883423,-2.7852284908294678,-3.619382381439209,1.7040175199508667,0.8698636293411255,True,False,True,True
Beauty,AIO99JBZ3BJM7,fit,036db8ddb5ecfb00221be9f033bf48d517cce5dfd08d07636c3a07e5e71c8d3f,2,2,3,0.0,-0.0031272100750356913,-0.0022182876709848642,-0.002258371328935027,-0.0008688387461006641,-0.000908922404050827,False,False,True,True
Beauty,AIO99JBZ3BJM7,fit,036db8ddb5ecfb00221be9f033bf48d517cce5dfd08d07636c3a07e5e71c8d3f,3,1,3,0.0,0.0,0.0,0.0,0.0,0.0,False,False,True,True
Beauty,AIO99JBZ3BJM7,fit,036db8ddb5ecfb00221be9f033bf48d517cce5dfd08d07636c3a07e5e71c8d3f,4,1,3,0.0,0.0,0.0,0.0,0.0,0.0,False,False,True,True
Beauty,AIO99JBZ3BJM7,fit,036db8ddb5ecfb00221be9f033bf48d517cce5dfd08d07636c3a07e5e71c8d3f,5,1,3,0.0,0.0,0.0,0.0,0.0,0.0,False,False,True,True
Beauty,AIO99JBZ3BJM7,fit,036db8ddb5ecfb00221be9f033bf48d517cce5dfd08d07636c3a07e5e71c8d3f,6,1,3,0.0,0.0,0.0,0.0,0.0,0.0,False,False,True,True
Beauty,A3AN76R1NX19FY,fit,0371321400ab8f44176dbbe62b2de55cdfef4dd8e02230cc0156ae7e4f72c16e,0,108,5,0.0,-4.237616062164307,-5.482867240905762,-4.2483367919921875,0.01072072982788086,1.245251178741455,True,False,True,True
Beauty,A3AN76R1NX19FY,fit,0371321400ab8f44176dbbe62b2de55cdfef4dd8e02230cc0156ae7e4f72c16e,1,105,5,0.0,-2.3694207668304443,-3.316457748413086,-2.854651689529419,0.4852309226989746,0.9470369815826416,True,False,True,True
Beauty,A3AN76R1NX19FY,fit,0371321400ab8f44176dbbe62b2de55cdfef4dd8e02230cc0156ae7e4f72c16e,2,7,5,0.0,-2.1937222480773926,-2.201753616333008,-2.1765241622924805,-0.01719808578491211,0.008031368255615234,False,False,True,True
Beauty,A3AN76R1NX19FY,fit,0371321400ab8f44176dbbe62b2de55cdfef4dd8e02230cc0156ae7e4f72c16e,3,1,5,0.0,0.0,0.0,0.0,0.0,0.0,False,False,True,True
Beauty,A3AN76R1NX19FY,fit,0371321400ab8f44176dbbe62b2de55cdfef4dd8e02230cc0156ae7e4f72c16e,4,1,5,0.0,0.0,0.0,0.0,0.0,0.0,False,False,True,True
Beauty,A3AN76R1NX19FY,fit,0371321400ab8f44176dbbe62b2de55cdfef4dd8e02230cc0156ae7e4f72c16e,5,1,5,0.0,0.0,0.0,0.0,0.0,0.0,False,False,True,True
Beauty,A3AN76R1NX19FY,fit,0371321400ab8f44176dbbe62b2de55cdfef4dd8e02230cc0156ae7e4f72c16e,6,1,5,0.0,0.0,0.0,0.0,0.0,0.0,False,False,True,True
Beauty,A1JF6SRUNDLD15,fit,0375ef2153caabd9efb5a192843b54ab1155b71685ab97b56e1bbe3da4bd83fa,0,108,2,0.0,-1.8119202852249146,-4.546262264251709,-3.3040554523468018,1.4921351671218872,2.7343419790267944,True,False,True,True
Beauty,A1JF6SRUNDLD15,fit,0375ef2153caabd9efb5a192843b54ab1155b71685ab97b56e1bbe3da4bd83fa,1,43,2,0.0,-0.7489262819290161,-5.57950496673584,-4.476510524749756,3.7275842428207397,4.830578684806824,True,False,True,True
Beauty,A1JF6SRUNDLD15,fit,0375ef2153caabd9efb5a192843b54ab1155b71685ab97b56e1bbe3da4bd83fa,2,5,2,0.0,-2.349271535873413,-3.814689989667386e-06,-4.887569048150908e-06,-2.349266648304365,-2.3492677211834234,False,False,True,True
Beauty,A1JF6SRUNDLD15,fit,0375ef2153caabd9efb5a192843b54ab1155b71685ab97b56e1bbe3da4bd83fa,3,1,2,0.0,0.0,0.0,0.0,0.0,0.0,False,False,True,True
Beauty,A1JF6SRUNDLD15,fit,0375ef2153caabd9efb5a192843b54ab1155b71685ab97b56e1bbe3da4bd83fa,4,1,2,0.0,0.0,0.0,0.0,0.0,0.0,False,False,True,True
Beauty,A1JF6SRUNDLD15,fit,0375ef2153caabd9efb5a192843b54ab1155b71685ab97b56e1bbe3da4bd83fa,5,2,2,0.0,-7.891343557275832e-05,-0.0013304438907653093,-0.0034465931821614504,0.003367679746588692,0.001251530455192551,True,True,True,True
Beauty,A1JF6SRUNDLD15,fit,0375ef2153caabd9efb5a192843b54ab1155b71685ab97b56e1bbe3da4bd83fa,6,1,2,0.0,0.0,0.0,0.0,0.0,0.0,False,False,True,True
Beauty,A19JOZSZ6M9NTV,fit,037605a6172a2157a35cca91c23c9e0909d32feb5d1f2df8a45e82d547b76348,0,108,2,0.0,-3.068075656890869,-4.537939548492432,-2.7154948711395264,-0.3525807857513428,1.4698638916015625,False,False,True,True
Beauty,A19JOZSZ6M9NTV,fit,037605a6172a2157a35cca91c23c9e0909d32feb5d1f2df8a45e82d547b76348,1,59,2,0.0,-1.7425349950790405,-4.234925270080566,-3.817897319793701,2.0753623247146606,2.492390275001526,True,False,True,True
Beauty,A19JOZSZ6M9NTV,fit,037605a6172a2157a35cca91c23c9e0909d32feb5d1f2df8a45e82d547b76348,2,2,2,0.0,-0.6010891199111938,-0.5997210741043091,-0.3326101303100586,-0.26847898960113525,-0.0013680458068847656,False,False,True,True
Beauty,A19JOZSZ6M9NTV,fit,037605a6172a2157a35cca91c23c9e0909d32feb5d1f2df8a45e82d547b76348,3,2,2,0.0,-0.03278287127614021,-0.025873633101582527,-0.019650546833872795,-0.013132324442267418,-0.006909238174557686,False,False,True,True
Beauty,A19JOZSZ6M9NTV,fit,037605a6172a2157a35cca91c23c9e0909d32feb5d1f2df8a45e82d547b76348,4,1,2,0.0,0.0,0.0,0.0,0.0,0.0,False,False,True,True
Beauty,A19JOZSZ6M9NTV,fit,037605a6172a2157a35cca91c23c9e0909d32feb5d1f2df8a45e82d547b76348,5,1,2,0.0,0.0,0.0,0.0,0.0,0.0,False,False,True,True
Beauty,A19JOZSZ6M9NTV,fit,037605a6172a2157a35cca91c23c9e0909d32feb5d1f2df8a45e82d547b76348,6,1,2,0.0,0.0,0.0,0.0,0.0,0.0,False,False,True,True
Beauty,A1NPWZ8SAWHA6P,fit,0378e60aefbc626e78d4da00ddbd472dbaa6a2363ea636e61f96f31bedf34326,0,108,2,0.0,-3.7761926651000977,-4.2368903160095215,-4.381021499633789,0.6048288345336914,0.46069765090942383,True,False,True,True
Beauty,A1NPWZ8SAWHA6P,fit,0378e60aefbc626e78d4da00ddbd472dbaa6a2363ea636e61f96f31bedf34326,1,255,2,0.0,-5.5280656814575195,-7.783407211303711,-7.751214027404785,2.2231483459472656,2.2553415298461914,True,False,True,True
Beauty,A1NPWZ8SAWHA6P,fit,0378e60aefbc626e78d4da00ddbd472dbaa6a2363ea636e61f96f31bedf34326,2,1,2,0.0,0.0,0.0,0.0,0.0,0.0,False,False,True,True
Beauty,A1NPWZ8SAWHA6P,fit,0378e60aefbc626e78d4da00ddbd472dbaa6a2363ea636e61f96f31bedf34326,3,1,2,0.0,0.0,0.0,0.0,0.0,0.0,False,False,True,True
Beauty,A1NPWZ8SAWHA6P,fit,0378e60aefbc626e78d4da00ddbd472dbaa6a2363ea636e61f96f31bedf34326,4,1,2,0.0,0.0,0.0,0.0,0.0,0.0,False,False,True,True
Beauty,A1NPWZ8SAWHA6P,fit,0378e60aefbc626e78d4da00ddbd472dbaa6a2363ea636e61f96f31bedf34326,5,1,2,0.0,0.0,0.0,0.0,0.0,0.0,False,False,True,True
Beauty,A1NPWZ8SAWHA6P,fit,0378e60aefbc626e78d4da00ddbd472dbaa6a2363ea636e61f96f31bedf34326,6,1,2,0.0,0.0,0.0,0.0,0.0,0.0,False,False,True,True
Beauty,A2OJE9T10KAN9U,fit,037c1182c20dbba50f92a0c9b8e4aa3649218c4001d2a7e50719e97076aac3e3,0,108,3,0.0,-3.038834810256958,-1.7952098846435547,-2.8589987754821777,-0.17983603477478027,-1.2436249256134033,False,False,True,True
Beauty,A2OJE9T10KAN9U,fit,037c1182c20dbba50f92a0c9b8e4aa3649218c4001d2a7e50719e97076aac3e3,1,126,3,0.0,-3.012214183807373,-2.8330256938934326,-3.9016754627227783,0.8894612789154053,-0.17918848991394043,True,True,True,True
Beauty,A2OJE9T10KAN9U,fit,037c1182c20dbba50f92a0c9b8e4aa3649218c4001d2a7e50719e97076aac3e3,2,5,3,0.0,-0.21530787646770477,-0.06251570582389832,-0.11323864012956619,-0.10206923633813858,-0.15279217064380646,False,False,True,True
Beauty,A2OJE9T10KAN9U,fit,037c1182c20dbba50f92a0c9b8e4aa3649218c4001d2a7e50719e97076aac3e3,3,1,3,0.0,0.0,0.0,0.0,0.0,0.0,False,False,True,True
Beauty,A2OJE9T10KAN9U,fit,037c1182c20dbba50f92a0c9b8e4aa3649218c4001d2a7e50719e97076aac3e3,4,1,3,0.0,0.0,0.0,0.0,0.0,0.0,False,False,True,True
Beauty,A2OJE9T10KAN9U,fit,037c1182c20dbba50f92a0c9b8e4aa3649218c4001d2a7e50719e97076aac3e3,5,1,3,0.0,0.0,0.0,0.0,0.0,0.0,False,False,True,True
Beauty,A2OJE9T10KAN9U,fit,037c1182c20dbba50f92a0c9b8e4aa3649218c4001d2a7e50719e97076aac3e3,6,1,3,0.0,0.0,0.0,0.0,0.0,0.0,False,False,True,True
Beauty,A94IFOBEK4NJ7,fit,038584ba608e2db69017eb6aba800c8696856d9e04e88376eee46f88aad06957,0,108,4,0.0,-4.089058876037598,-4.885988235473633,-4.794527053833008,0.7054681777954102,0.7969293594360352,True,False,True,True
Beauty,A94IFOBEK4NJ7,fit,038584ba608e2db69017eb6aba800c8696856d9e04e88376eee46f88aad06957,1,96,4,0.0,-0.8889325261116028,-1.3272334337234497,-1.3681033849716187,0.47917085886001587,0.4383009076118469,True,False,True,True
Beauty,A94IFOBEK4NJ7,fit,038584ba608e2db69017eb6aba800c8696856d9e04e88376eee46f88aad06957,2,4,4,0.0,-0.06533274799585342,-0.06495121121406555,-0.1531926691532135,0.08785992115736008,-0.0003815367817878723,True,True,True,True
Beauty,A94IFOBEK4NJ7,fit,038584ba608e2db69017eb6aba800c8696856d9e04e88376eee46f88aad06957,3,2,4,0.0,0.0,0.0,0.0,0.0,0.0,False,False,True,True
Beauty,A94IFOBEK4NJ7,fit,038584ba608e2db69017eb6aba800c8696856d9e04e88376eee46f88aad06957,4,1,4,0.0,0.0,0.0,0.0,0.0,0.0,False,False,True,True
Beauty,A94IFOBEK4NJ7,fit,038584ba608e2db69017eb6aba800c8696856d9e04e88376eee46f88aad06957,5,1,4,0.0,0.0,0.0,0.0,0.0,0.0,False,False,True,True
Beauty,A94IFOBEK4NJ7,fit,038584ba608e2db69017eb6aba800c8696856d9e04e88376eee46f88aad06957,6,1,4,0.0,0.0,0.0,0.0,0.0,0.0,False,False,True,True
Beauty,A29OOP3MMUNTXG,fit,038d2f29b327373e69f52750555cee5e75436e1aeddca9c803036edf2d21c025,0,108,2,0.0,-3.765860080718994,-4.466492652893066,-4.113488674163818,0.3476285934448242,0.7006325721740723,True,False,True,True
Beauty,A29OOP3MMUNTXG,fit,038d2f29b327373e69f52750555cee5e75436e1aeddca9c803036edf2d21c025,1,110,2,0.0,-0.0031179406214505434,-9.226829528808594,-9.391474723815918,9.388356783194467,9.223711588187143,True,False,True,True
Beauty,A29OOP3MMUNTXG,fit,038d2f29b327373e69f52750555cee5e75436e1aeddca9c803036edf2d21c025,2,1,2,0.0,0.0,0.0,0.0,0.0,0.0,False,False,True,True
Beauty,A29OOP3MMUNTXG,fit,038d2f29b327373e69f52750555cee5e75436e1aeddca9c803036edf2d21c025,3,1,2,0.0,0.0,0.0,0.0,0.0,0.0,False,False,True,True
Beauty,A29OOP3MMUNTXG,fit,038d2f29b327373e69f52750555cee5e75436e1aeddca9c803036edf2d21c025,4,1,2,0.0,0.0,0.0,0.0,0.0,0.0,False,False,True,True
Beauty,A29OOP3MMUNTXG,fit,038d2f29b327373e69f52750555cee5e75436e1aeddca9c803036edf2d21c025,5,1,2,0.0,0.0,0.0,0.0,0.0,0.0,False,False,True,True
Beauty,A29OOP3MMUNTXG,fit,038d2f29b327373e69f52750555cee5e75436e1aeddca9c803036edf2d21c025,6,1,2,0.0,0.0,0.0,0.0,0.0,0.0,False,False,True,True
Beauty,A2CYOVL1NLWUFI,fit,039711c895644f99681f67625b58bbb79ba91eb42317facab0bc51cad22c9405,0,108,2,0.17647058823529413,-4.931683540344238,-5.823216438293457,-5.109256267547607,0.17757272720336914,0.8915328979492188,True,False,True,True
Beauty,A2CYOVL1NLWUFI,fit,039711c895644f99681f67625b58bbb79ba91eb42317facab0bc51cad22c9405,1,78,2,0.17647058823529413,-3.92683744430542,-6.0835723876953125,-4.917631149291992,0.9907937049865723,2.1567349433898926,True,False,True,True
Beauty,A2CYOVL1NLWUFI,fit,039711c895644f99681f67625b58bbb79ba91eb42317facab0bc51cad22c9405,2,1,2,0.17647058823529413,0.0,0.0,0.0,0.0,0.0,False,False,True,True
Beauty,A2CYOVL1NLWUFI,fit,039711c895644f99681f67625b58bbb79ba91eb42317facab0bc51cad22c9405,3,1,2,0.17647058823529413,0.0,0.0,0.0,0.0,0.0,False,False,True,True
Beauty,A2CYOVL1NLWUFI,fit,039711c895644f99681f67625b58bbb79ba91eb42317facab0bc51cad22c9405,4,1,2,0.17647058823529413,0.0,0.0,0.0,0.0,0.0,False,False,True,True
Beauty,A2CYOVL1NLWUFI,fit,039711c895644f99681f67625b58bbb79ba91eb42317facab0bc51cad22c9405,5,1,2,0.17647058823529413,0.0,0.0,0.0,0.0,0.0,False,False,True,True
Beauty,A2CYOVL1NLWUFI,fit,039711c895644f99681f67625b58bbb79ba91eb42317facab0bc51cad22c9405,6,1,2,0.17647058823529413,0.0,0.0,0.0,0.0,0.0,False,False,True,True
Beauty,A2N2O466IM4FCL,fit,039f599df2a390a2a54cdd60bac3b9809f4468c00350f33c2bd60b3606f008c9,0,108,9,0.0,-4.950530052185059,-5.729874610900879,-4.784209251403809,-0.16632080078125,0.7793445587158203,False,False,True,True
Beauty,A2N2O466IM4FCL,fit,039f599df2a390a2a54cdd60bac3b9809f4468c00350f33c2bd60b3606f008c9,1,69,9,0.0,-1.111928939819336,-3.626697540283203,-3.5417532920837402,2.4298243522644043,2.514768600463867,True,False,True,True
Beauty,A2N2O466IM4FCL,fit,039f599df2a390a2a54cdd60bac3b9809f4468c00350f33c2bd60b3606f008c9,2,1,9,0.0,0.0,0.0,0.0,0.0,0.0,False,False,True,True
Beauty,A2N2O466IM4FCL,fit,039f599df2a390a2a54cdd60bac3b9809f4468c00350f33c2bd60b3606f008c9,3,3,9,0.0,-0.01441282220184803,-0.27943021059036255,-0.2230672538280487,0.20865443162620068,0.2650173883885145,True,False,True,True
Beauty,A2N2O466IM4FCL,fit,039f599df2a390a2a54cdd60bac3b9809f4468c00350f33c2bd60b3606f008c9,4,1,9,0.0,0.0,0.0,0.0,0.0,0.0,False,False,True,True
Beauty,A2N2O466IM4FCL,fit,039f599df2a390a2a54cdd60bac3b9809f4468c00350f33c2bd60b3606f008c9,5,1,9,0.0,0.0,0.0,0.0,0.0,0.0,False,False,True,True
Beauty,A2N2O466IM4FCL,fit,039f599df2a390a2a54cdd60bac3b9809f4468c00350f33c2bd60b3606f008c9,6,1,9,0.0,0.0,0.0,0.0,0.0,0.0,False,False,True,True
Beauty,A1UG1AQGYFAV8,fit,03aab3854516cda55a134dbeb1c9017520449590868a7a199ce6133606c9cb33,0,108,2,0.0,-1.5168213844299316,-2.0562868118286133,-1.480791687965393,-0.036029696464538574,0.5394654273986816,False,False,True,True
Beauty,A1UG1AQGYFAV8,fit,03aab3854516cda55a134dbeb1c9017520449590868a7a199ce6133606c9cb33,1,133,2,0.0,-5.9786057472229,-6.070147514343262,-6.3644795417785645,0.38587379455566406,0.09154176712036133,True,True,True,True
Beauty,A1UG1AQGYFAV8,fit,03aab3854516cda55a134dbeb1c9017520449590868a7a199ce6133606c9cb33,2,1,2,0.0,0.0,0.0,0.0,0.0,0.0,False,False,True,True
Beauty,A1UG1AQGYFAV8,fit,03aab3854516cda55a134dbeb1c9017520449590868a7a199ce6133606c9cb33,3,1,2,0.0,0.0,0.0,0.0,0.0,0.0,False,False,True,True
Beauty,A1UG1AQGYFAV8,fit,03aab3854516cda55a134dbeb1c9017520449590868a7a199ce6133606c9cb33,4,1,2,0.0,0.0,0.0,0.0,0.0,0.0,False,False,True,True
Beauty,A1UG1AQGYFAV8,fit,03aab3854516cda55a134dbeb1c9017520449590868a7a199ce6133606c9cb33,5,1,2,0.0,0.0,0.0,0.0,0.0,0.0,False,False,True,True
Beauty,A1UG1AQGYFAV8,fit,03aab3854516cda55a134dbeb1c9017520449590868a7a199ce6133606c9cb33,6,1,2,0.0,0.0,0.0,0.0,0.0,0.0,False,False,True,True
Beauty,AZBHJDI49LKDK,fit,03aba19580b61355bdcd391e36e1040ff994acab62170bcf704d5a82de9f288c,0,108,2,0.05263157894736842,-1.177790880203247,-4.442615985870361,-4.408836364746094,3.2310454845428467,3.2648251056671143,True,False,True,True
Beauty,AZBHJDI49LKDK,fit,03aba19580b61355bdcd391e36e1040ff994acab62170bcf704d5a82de9f288c,1,48,2,0.05263157894736842,-0.19730211794376373,-1.679496169090271,-2.5798659324645996,2.382563814520836,1.4821940511465073,True,False,True,True
Beauty,AZBHJDI49LKDK,fit,03aba19580b61355bdcd391e36e1040ff994acab62170bcf704d5a82de9f288c,2,1,2,0.05263157894736842,0.0,0.0,0.0,0.0,0.0,False,False,True,True
Beauty,AZBHJDI49LKDK,fit,03aba19580b61355bdcd391e36e1040ff994acab62170bcf704d5a82de9f288c,3,1,2,0.05263157894736842,0.0,0.0,0.0,0.0,0.0,False,False,True,True
Beauty,AZBHJDI49LKDK,fit,03aba19580b61355bdcd391e36e1040ff994acab62170bcf704d5a82de9f288c,4,1,2,0.05263157894736842,0.0,0.0,0.0,0.0,0.0,False,False,True,True
Beauty,AZBHJDI49LKDK,fit,03aba19580b61355bdcd391e36e1040ff994acab62170bcf704d5a82de9f288c,5,1,2,0.05263157894736842,0.0,0.0,0.0,0.0,0.0,False,False,True,True
Beauty,AZBHJDI49LKDK,fit,03aba19580b61355bdcd391e36e1040ff994acab62170bcf704d5a82de9f288c,6,1,2,0.05263157894736842,0.0,0.0,0.0,0.0,0.0,False,False,True,True
Beauty,A20OBCQWBKCGZT,fit,03ae679fd7afd4399a1671fd152d715a666ce90251f44bf47cda2f9a6767b9c3,0,108,5,0.0,-2.6870813369750977,-3.9872729778289795,-2.64310884475708,-0.04397249221801758,1.3001916408538818,False,False,True,True
Beauty,A20OBCQWBKCGZT,fit,03ae679fd7afd4399a1671fd152d715a666ce90251f44bf47cda2f9a6767b9c3,1,89,5,0.0,-0.34371480345726013,-1.8108065128326416,-1.378873348236084,1.0351585447788239,1.4670917093753815,True,False,True,True
Beauty,A20OBCQWBKCGZT,fit,03ae679fd7afd4399a1671fd152d715a666ce90251f44bf47cda2f9a6767b9c3,2,2,5,0.0,-0.021178411319851875,-0.702801525592804,-1.027647614479065,1.006469203159213,0.6816231142729521,True,False,True,True
Beauty,A20OBCQWBKCGZT,fit,03ae679fd7afd4399a1671fd152d715a666ce90251f44bf47cda2f9a6767b9c3,3,5,5,0.0,-0.846363365650177,-1.3721137046813965,-2.2339844703674316,1.3876211047172546,0.5257503390312195,True,False,True,True
Beauty,A20OBCQWBKCGZT,fit,03ae679fd7afd4399a1671fd152d715a666ce90251f44bf47cda2f9a6767b9c3,4,1,5,0.0,0.0,0.0,0.0,0.0,0.0,False,False,True,True
Beauty,A20OBCQWBKCGZT,fit,03ae679fd7afd4399a1671fd152d715a666ce90251f44bf47cda2f9a6767b9c3,5,1,5,0.0,0.0,0.0,0.0,0.0,0.0,False,False,True,True
Beauty,A20OBCQWBKCGZT,fit,03ae679fd7afd4399a1671fd152d715a666ce90251f44bf47cda2f9a6767b9c3,6,1,5,0.0,0.0,0.0,0.0,0.0,0.0,False,False,True,True
Beauty,A1GHC98NVV1262,fit,03c37b3a7c241c1d03cf21767ede34be726cd0ea64c621acf2aa005683d7942d,0,108,2,0.0,-5.7574968338012695,-4.341773986816406,-3.531989097595215,-2.2255077362060547,-1.4157228469848633,False,False,True,True
Beauty,A1GHC98NVV1262,fit,03c37b3a7c241c1d03cf21767ede34be726cd0ea64c621acf2aa005683d7942d,1,51,2,0.0,-2.6310977935791016,-2.8344178199768066,-3.3495543003082275,0.718456506729126,0.20332002639770508,True,False,True,True
Beauty,A1GHC98NVV1262,fit,03c37b3a7c241c1d03cf21767ede34be726cd0ea64c621acf2aa005683d7942d,2,2,2,0.0,-0.5789582133293152,-0.7575711011886597,-0.719342827796936,0.14038461446762085,0.17861288785934448,True,False,True,True
Beauty,A1GHC98NVV1262,fit,03c37b3a7c241c1d03cf21767ede34be726cd0ea64c621acf2aa005683d7942d,3,1,2,0.0,0.0,0.0,0.0,0.0,0.0,False,False,True,True
Beauty,A1GHC98NVV1262,fit,03c37b3a7c241c1d03cf21767ede34be726cd0ea64c621acf2aa005683d7942d,4,1,2,0.0,0.0,0.0,0.0,0.0,0.0,False,False,True,True
Beauty,A1GHC98NVV1262,fit,03c37b3a7c241c1d03cf21767ede34be726cd0ea64c621acf2aa005683d7942d,5,1,2,0.0,0.0,0.0,0.0,0.0,0.0,False,False,True,True
Beauty,A1GHC98NVV1262,fit,03c37b3a7c241c1d03cf21767ede34be726cd0ea64c621acf2aa005683d7942d,6,1,2,0.0,0.0,0.0,0.0,0.0,0.0,False,False,True,True
Beauty,A3RG0QCNOOB6AX,fit,03cd8b7c1f7c37d5b26a89b1a076f1b2ad991567ef1af3e64565283ca97b68e8,0,108,2,0.0,-4.198102951049805,-4.588452339172363,-5.060975074768066,0.8628721237182617,0.3903493881225586,True,False,True,True
Beauty,A3RG0QCNOOB6AX,fit,03cd8b7c1f7c37d5b26a89b1a076f1b2ad991567ef1af3e64565283ca97b68e8,1,42,2,0.0,-2.228710889816284,-4.577776908874512,-2.510908603668213,0.2821977138519287,2.3490660190582275,True,False,True,True
Beauty,A3RG0QCNOOB6AX,fit,03cd8b7c1f7c37d5b26a89b1a076f1b2ad991567ef1af3e64565283ca97b68e8,2,9,2,0.0,-4.428379535675049,-3.8720343112945557,-4.168939590454102,-0.25943994522094727,-0.5563452243804932,False,False,True,True
Beauty,A3RG0QCNOOB6AX,fit,03cd8b7c1f7c37d5b26a89b1a076f1b2ad991567ef1af3e64565283ca97b68e8,3,1,2,0.0,0.0,0.0,0.0,0.0,0.0,False,False,True,True
Beauty,A3RG0QCNOOB6AX,fit,03cd8b7c1f7c37d5b26a89b1a076f1b2ad991567ef1af3e64565283ca97b68e8,4,1,2,0.0,0.0,0.0,0.0,0.0,0.0,False,False,True,True
Beauty,A3RG0QCNOOB6AX,fit,03cd8b7c1f7c37d5b26a89b1a076f1b2ad991567ef1af3e64565283ca97b68e8,5,1,2,0.0,0.0,0.0,0.0,0.0,0.0,False,False,True,True
Beauty,A3RG0QCNOOB6AX,fit,03cd8b7c1f7c37d5b26a89b1a076f1b2ad991567ef1af3e64565283ca97b68e8,6,1,2,0.0,0.0,0.0,0.0,0.0,0.0,False,False,True,True
Beauty,A3VBF1J95ROAYF,fit,03d6148f7b99c97a9c7be379cdc3515737b01878a8066ae1418e847d77093c58,0,108,20,0.05263157894736842,-4.481766223907471,-5.866511344909668,-5.7699737548828125,1.2882075309753418,1.3847451210021973,True,False,True,True
Beauty,A3VBF1J95ROAYF,fit,03d6148f7b99c97a9c7be379cdc3515737b01878a8066ae1418e847d77093c58,1,93,20,0.05263157894736842,-3.3186798095703125,-5.355874061584473,-4.378261566162109,1.0595817565917969,2.03719425201416,True,False,True,True
Beauty,A3VBF1J95ROAYF,fit,03d6148f7b99c97a9c7be379cdc3515737b01878a8066ae1418e847d77093c58,2,1,20,0.05263157894736842,0.0,0.0,0.0,0.0,0.0,False,False,True,True
Beauty,A3VBF1J95ROAYF,fit,03d6148f7b99c97a9c7be379cdc3515737b01878a8066ae1418e847d77093c58,3,1,20,0.05263157894736842,0.0,0.0,0.0,0.0,0.0,False,False,True,True
Beauty,A3VBF1J95ROAYF,fit,03d6148f7b99c97a9c7be379cdc3515737b01878a8066ae1418e847d77093c58,4,1,20,0.05263157894736842,0.0,0.0,0.0,0.0,0.0,False,False,True,True
Beauty,A3VBF1J95ROAYF,fit,03d6148f7b99c97a9c7be379cdc3515737b01878a8066ae1418e847d77093c58,5,1,20,0.05263157894736842,0.0,0.0,0.0,0.0,0.0,False,False,True,True
Beauty,A3VBF1J95ROAYF,fit,03d6148f7b99c97a9c7be379cdc3515737b01878a8066ae1418e847d77093c58,6,1,20,0.05263157894736842,0.0,0.0,0.0,0.0,0.0,False,False,True,True
Beauty,A1C02Z83O2MJHO,fit,03d960990893e0ba2e37d82ef5059e2e95af5c0637b2a834c7f425f8208448c2,0,108,4,0.0,-5.376433372497559,-4.604658603668213,-5.4599456787109375,0.0835123062133789,-0.7717747688293457,True,True,True,True
Beauty,A1C02Z83O2MJHO,fit,03d960990893e0ba2e37d82ef5059e2e95af5c0637b2a834c7f425f8208448c2,1,49,4,0.0,-1.5724034309387207,-3.0062217712402344,-1.6840400695800781,0.11163663864135742,1.4338183403015137,True,False,True,True
Beauty,A1C02Z83O2MJHO,fit,03d960990893e0ba2e37d82ef5059e2e95af5c0637b2a834c7f425f8208448c2,2,1,4,0.0,0.0,0.0,0.0,0.0,0.0,False,False,True,True
Beauty,A1C02Z83O2MJHO,fit,03d960990893e0ba2e37d82ef5059e2e95af5c0637b2a834c7f425f8208448c2,3,1,4,0.0,0.0,0.0,0.0,0.0,0.0,False,False,True,True
Beauty,A1C02Z83O2MJHO,fit,03d960990893e0ba2e37d82ef5059e2e95af5c0637b2a834c7f425f8208448c2,4,1,4,0.0,0.0,0.0,0.0,0.0,0.0,False,False,True,True
Beauty,A1C02Z83O2MJHO,fit,03d960990893e0ba2e37d82ef5059e2e95af5c0637b2a834c7f425f8208448c2,5,1,4,0.0,0.0,0.0,0.0,0.0,0.0,False,False,True,True
Beauty,A1C02Z83O2MJHO,fit,03d960990893e0ba2e37d82ef5059e2e95af5c0637b2a834c7f425f8208448c2,6,1,4,0.0,0.0,0.0,0.0,0.0,0.0,False,False,True,True
Beauty,AQG46REBK2I2H,fit,03d9eff9e269fb7116b93c03af00f90f787e9541c4a711e928e02787d24c796f,0,108,2,0.17647058823529413,-2.8854541778564453,-4.469300270080566,-4.615370750427246,1.7299165725708008,1.583846092224121,True,False,True,True
Beauty,AQG46REBK2I2H,fit,03d9eff9e269fb7116b93c03af00f90f787e9541c4a711e928e02787d24c796f,1,105,2,0.17647058823529413,-5.392602443695068,-4.322696685791016,-3.5200037956237793,-1.872598648071289,-1.0699057579040527,False,False,True,True
Beauty,AQG46REBK2I2H,fit,03d9eff9e269fb7116b93c03af00f90f787e9541c4a711e928e02787d24c796f,2,2,2,0.17647058823529413,-0.0017802356742322445,-0.02176308073103428,-0.008131966926157475,0.00635173125192523,0.019982845056802034,True,True,True,True
Beauty,AQG46REBK2I2H,fit,03d9eff9e269fb7116b93c03af00f90f787e9541c4a711e928e02787d24c796f,3,2,2,0.17647058823529413,-0.0021343089174479246,-0.010912738740444183,-0.008986268192529678,0.006851959275081754,0.008778429822996259,True,True,True,True
Beauty,AQG46REBK2I2H,fit,03d9eff9e269fb7116b93c03af00f90f787e9541c4a711e928e02787d24c796f,4,1,2,0.17647058823529413,0.0,0.0,0.0,0.0,0.0,False,False,True,True
Beauty,AQG46REBK2I2H,fit,03d9eff9e269fb7116b93c03af00f90f787e9541c4a711e928e02787d24c796f,5,1,2,0.17647058823529413,0.0,0.0,0.0,0.0,0.0,False,False,True,True
Beauty,AQG46REBK2I2H,fit,03d9eff9e269fb7116b93c03af00f90f787e9541c4a711e928e02787d24c796f,6,1,2,0.17647058823529413,0.0,0.0,0.0,0.0,0.0,False,False,True,True
Beauty,A1U0131NE06V15,fit,03db1b204cce5103d694b2ea482553fb2ada09d87014f403c9f9ecd5704a35a2,0,108,6,0.0,-2.174064874649048,-3.5625925064086914,-3.042294979095459,0.8682301044464111,1.3885276317596436,True,False,True,True
Beauty,A1U0131NE06V15,fit,03db1b204cce5103d694b2ea482553fb2ada09d87014f403c9f9ecd5704a35a2,1,118,6,0.0,-0.00913299061357975,-5.58719539642334,-4.87690544128418,4.8677724506706,5.57806240580976,True,False,True,True
Beauty,A1U0131NE06V15,fit,03db1b204cce5103d694b2ea482553fb2ada09d87014f403c9f9ecd5704a35a2,2,1,6,0.0,0.0,0.0,0.0,0.0,0.0,False,False,True,True
Beauty,A1U0131NE06V15,fit,03db1b204cce5103d694b2ea482553fb2ada09d87014f403c9f9ecd5704a35a2,3,1,6,0.0,0.0,0.0,0.0,0.0,0.0,False,False,True,True
Beauty,A1U0131NE06V15,fit,03db1b204cce5103d694b2ea482553fb2ada09d87014f403c9f9ecd5704a35a2,4,2,6,0.0,0.0,-2.9090375900268555,-2.8799712657928467,2.8799712657928467,2.9090375900268555,True,False,True,True
Beauty,A1U0131NE06V15,fit,03db1b204cce5103d694b2ea482553fb2ada09d87014f403c9f9ecd5704a35a2,5,1,6,0.0,0.0,0.0,0.0,0.0,0.0,False,False,True,True
Beauty,A1U0131NE06V15,fit,03db1b204cce5103d694b2ea482553fb2ada09d87014f403c9f9ecd5704a35a2,6,1,6,0.0,0.0,0.0,0.0,0.0,0.0,False,False,True,True
Beauty,A2FM0GJWDCQNFD,fit,03de593cf84488df4453b9d954dce9bc9cf9517ae476a046002cc4f84a94722f,0,108,2,0.0,-3.9752423763275146,-4.036890983581543,-3.969975233078003,-0.005267143249511719,0.06164860725402832,False,False,True,True
Beauty,A2FM0GJWDCQNFD,fit,03de593cf84488df4453b9d954dce9bc9cf9517ae476a046002cc4f84a94722f,1,255,2,0.0,-3.4363791942596436,-3.8147642612457275,-4.391323566436768,0.954944372177124,0.378385066986084,True,False,True,True
Beauty,A2FM0GJWDCQNFD,fit,03de593cf84488df4453b9d954dce9bc9cf9517ae476a046002cc4f84a94722f,2,2,2,0.0,-0.07655657082796097,-0.07269744575023651,-0.07005415856838226,-0.006502412259578705,-0.003859125077724457,False,False,True,True
Beauty,A2FM0GJWDCQNFD,fit,03de593cf84488df4453b9d954dce9bc9cf9517ae476a046002cc4f84a94722f,3,1,2,0.0,0.0,0.0,0.0,0.0,0.0,False,False,True,True
Beauty,A2FM0GJWDCQNFD,fit,03de593cf84488df4453b9d954dce9bc9cf9517ae476a046002cc4f84a94722f,4,1,2,0.0,0.0,0.0,0.0,0.0,0.0,False,False,True,True
Beauty,A2FM0GJWDCQNFD,fit,03de593cf84488df4453b9d954dce9bc9cf9517ae476a046002cc4f84a94722f,5,1,2,0.0,0.0,0.0,0.0,0.0,0.0,False,False,True,True
Beauty,A2FM0GJWDCQNFD,fit,03de593cf84488df4453b9d954dce9bc9cf9517ae476a046002cc4f84a94722f,6,1,2,0.0,0.0,0.0,0.0,0.0,0.0,False,False,True,True
Beauty,A2FM0GJWDCQNFD,fit,03de593cf84488df4453b9d954dce9bc9cf9517ae476a046002cc4f84a94722f,7,3,2,0.0,-0.015189336612820625,-0.015133211389183998,-0.008184820413589478,-0.007004516199231148,-5.61252236366272e-05,False,False,True,True
Beauty,ALQ5H21XVQLSI,fit,03e18e8468f23491524031edc7d8aa0e4f7b0a572d62e3f2fd6b26e778563b64,0,108,2,0.0,-3.630462408065796,-5.885590553283691,-4.931260108947754,1.300797700881958,2.2551281452178955,True,False,True,True
Beauty,ALQ5H21XVQLSI,fit,03e18e8468f23491524031edc7d8aa0e4f7b0a572d62e3f2fd6b26e778563b64,1,110,2,0.0,-0.05859404057264328,-6.934572219848633,-6.518486022949219,6.4598919823765755,6.8759781792759895,True,False,True,True
Beauty,ALQ5H21XVQLSI,fit,03e18e8468f23491524031edc7d8aa0e4f7b0a572d62e3f2fd6b26e778563b64,2,1,2,0.0,0.0,0.0,0.0,0.0,0.0,False,False,True,True
Beauty,ALQ5H21XVQLSI,fit,03e18e8468f23491524031edc7d8aa0e4f7b0a572d62e3f2fd6b26e778563b64,3,1,2,0.0,0.0,0.0,0.0,0.0,0.0,False,False,True,True
Beauty,ALQ5H21XVQLSI,fit,03e18e8468f23491524031edc7d8aa0e4f7b0a572d62e3f2fd6b26e778563b64,4,1,2,0.0,0.0,0.0,0.0,0.0,0.0,False,False,True,True
Beauty,ALQ5H21XVQLSI,fit,03e18e8468f23491524031edc7d8aa0e4f7b0a572d62e3f2fd6b26e778563b64,5,1,2,0.0,0.0,0.0,0.0,0.0,0.0,False,False,True,True
Beauty,ALQ5H21XVQLSI,fit,03e18e8468f23491524031edc7d8aa0e4f7b0a572d62e3f2fd6b26e778563b64,6,1,2,0.0,0.0,0.0,0.0,0.0,0.0,False,False,True,True
Beauty,A21CHESC77W3XI,fit,03e26b750e0029ba22e7e333d62eeb32dda4584e8c0d7e40fd6cd17f28052e40,0,108,3,0.1111111111111111,-1.6372730731964111,-2.770000457763672,-2.353610038757324,0.7163369655609131,1.1327273845672607,True,False,True,True
Beauty,A21CHESC77W3XI,fit,03e26b750e0029ba22e7e333d62eeb32dda4584e8c0d7e40fd6cd17f28052e40,1,110,3,0.1111111111111111,-0.03330487385392189,-4.35175895690918,-4.475980758666992,4.44267588481307,4.318454083055258,True,False,True,True
Beauty,A21CHESC77W3XI,fit,03e26b750e0029ba22e7e333d62eeb32dda4584e8c0d7e40fd6cd17f28052e40,2,2,3,0.1111111111111111,-4.172316494077677e-06,-0.036205872893333435,-0.05333719402551651,0.05333302170902243,0.03620170057683936,True,True,True,True
Beauty,A21CHESC77W3XI,fit,03e26b750e0029ba22e7e333d62eeb32dda4584e8c0d7e40fd6cd17f28052e40,3,4,3,0.1111111111111111,-3.576278118089249e-07,-25.596155166625977,-26.56256866455078,26.56256830692297,25.596154808998165,True,False,True,True
Beauty,A21CHESC77W3XI,fit,03e26b750e0029ba22e7e333d62eeb32dda4584e8c0d7e40fd6cd17f28052e40,4,1,3,0.1111111111111111,0.0,0.0,0.0,0.0,0.0,False,False,True,True
Beauty,A21CHESC77W3XI,fit,03e26b750e0029ba22e7e333d62eeb32dda4584e8c0d7e40fd6cd17f28052e40,5,1,3,0.1111111111111111,0.0,0.0,0.0,0.0,0.0,False,False,True,True
Beauty,A21CHESC77W3XI,fit,03e26b750e0029ba22e7e333d62eeb32dda4584e8c0d7e40fd6cd17f28052e40,6,1,3,0.1111111111111111,0.0,0.0,0.0,0.0,0.0,False,False,True,True
Beauty,A48IIPXCUT1QS,fit,03e5610b8d58f0948689cb55a53bff3f2bcb91708f6ab87d0945dad2dc33c19a,0,108,6,0.1111111111111111,-2.6041007041931152,-3.991122245788574,-3.3098983764648438,0.7057976722717285,1.387021541595459,True,False,True,True
Beauty,A48IIPXCUT1QS,fit,03e5610b8d58f0948689cb55a53bff3f2bcb91708f6ab87d0945dad2dc33c19a,1,90,6,0.1111111111111111,-8.427505493164062,-10.052217483520508,-8.839881896972656,0.41237640380859375,1.6247119903564453,True,False,True,True
Beauty,A48IIPXCUT1QS,fit,03e5610b8d58f0948689cb55a53bff3f2bcb91708f6ab87d0945dad2dc33c19a,2,1,6,0.1111111111111111,0.0,0.0,0.0,0.0,0.0,False,False,True,True
Beauty,A48IIPXCUT1QS,fit,03e5610b8d58f0948689cb55a53bff3f2bcb91708f6ab87d0945dad2dc33c19a,3,1,6,0.1111111111111111,0.0,0.0,0.0,0.0,0.0,False,False,True,True
Beauty,A48IIPXCUT1QS,fit,03e5610b8d58f0948689cb55a53bff3f2bcb91708f6ab87d0945dad2dc33c19a,4,1,6,0.1111111111111111,0.0,0.0,0.0,0.0,0.0,False,False,True,True
Beauty,A48IIPXCUT1QS,fit,03e5610b8d58f0948689cb55a53bff3f2bcb91708f6ab87d0945dad2dc33c19a,5,1,6,0.1111111111111111,0.0,0.0,0.0,0.0,0.0,False,False,True,True
Beauty,A48IIPXCUT1QS,fit,03e5610b8d58f0948689cb55a53bff3f2bcb91708f6ab87d0945dad2dc33c19a,6,1,6,0.1111111111111111,0.0,0.0,0.0,0.0,0.0,False,False,True,True
Beauty,ABJM5JJP6E63J,fit,03f8dbbd6fa0c87eb45a7f383ae8f834c8aea152dc8d393c0e2d5c4ad45e359d,0,108,2,0.0,-3.47168231010437,-3.4851441383361816,-2.8288228511810303,-0.6428594589233398,0.013461828231811523,False,False,True,True
Beauty,ABJM5JJP6E63J,fit,03f8dbbd6fa0c87eb45a7f383ae8f834c8aea152dc8d393c0e2d5c4ad45e359d,1,118,2,0.0,-5.0402679443359375,-4.689528942108154,-6.306942462921143,1.266674518585205,-0.3507390022277832,True,True,True,True
Beauty,ABJM5JJP6E63J,fit,03f8dbbd6fa0c87eb45a7f383ae8f834c8aea152dc8d393c0e2d5c4ad45e359d,2,4,2,0.0,-0.02437433786690235,-0.21812495589256287,-0.06551229953765869,0.04113796167075634,0.19375061802566051,True,False,True,True
Beauty,ABJM5JJP6E63J,fit,03f8dbbd6fa0c87eb45a7f383ae8f834c8aea152dc8d393c0e2d5c4ad45e359d,3,1,2,0.0,0.0,0.0,0.0,0.0,0.0,False,False,True,True
Beauty,ABJM5JJP6E63J,fit,03f8dbbd6fa0c87eb45a7f383ae8f834c8aea152dc8d393c0e2d5c4ad45e359d,4,1,2,0.0,0.0,0.0,0.0,0.0,0.0,False,False,True,True
Beauty,ABJM5JJP6E63J,fit,03f8dbbd6fa0c87eb45a7f383ae8f834c8aea152dc8d393c0e2d5c4ad45e359d,5,1,2,0.0,0.0,0.0,0.0,0.0,0.0,False,False,True,True
Beauty,ABJM5JJP6E63J,fit,03f8dbbd6fa0c87eb45a7f383ae8f834c8aea152dc8d393c0e2d5c4ad45e359d,6,1,2,0.0,0.0,0.0,0.0,0.0,0.0,False,False,True,True
Beauty,A37S5QYD4NYDI0,fit,03fedb7c2f5c76a25decd7afbc83b779c36659b71a2eed6c464fd8797d31cb98,0,108,3,0.0,-3.702284812927246,-3.612576484680176,-3.55148983001709,-0.15079498291015625,-0.08970832824707031,False,False,True,True
Beauty,A37S5QYD4NYDI0,fit,03fedb7c2f5c76a25decd7afbc83b779c36659b71a2eed6c464fd8797d31cb98,1,78,3,0.0,-3.057694435119629,-5.4910078048706055,-4.845544815063477,1.7878503799438477,2.4333133697509766,True,False,True,True
Beauty,A37S5QYD4NYDI0,fit,03fedb7c2f5c76a25decd7afbc83b779c36659b71a2eed6c464fd8797d31cb98,2,1,3,0.0,0.0,0.0,0.0,0.0,0.0,False,False,True,True
Beauty,A37S5QYD4NYDI0,fit,03fedb7c2f5c76a25decd7afbc83b779c36659b71a2eed6c464fd8797d31cb98,3,1,3,0.0,0.0,0.0,0.0,0.0,0.0,False,False,True,True
Beauty,A37S5QYD4NYDI0,fit,03fedb7c2f5c76a25decd7afbc83b779c36659b71a2eed6c464fd8797d31cb98,4,1,3,0.0,0.0,0.0,0.0,0.0,0.0,False,False,True,True
Beauty,A37S5QYD4NYDI0,fit,03fedb7c2f5c76a25decd7afbc83b779c36659b71a2eed6c464fd8797d31cb98,5,1,3,0.0,0.0,0.0,0.0,0.0,0.0,False,False,True,True
Beauty,A37S5QYD4NYDI0,fit,03fedb7c2f5c76a25decd7afbc83b779c36659b71a2eed6c464fd8797d31cb98,6,1,3,0.0,0.0,0.0,0.0,0.0,0.0,False,False,True,True
Beauty,A56AUIA2KJ3KQ,fit,0406d978265cc5aa2f9cc02a776f6247b3b7e4b886b5476cb593fa937b95775c,0,108,9,0.0,-2.7317683696746826,-2.488846778869629,-3.9188992977142334,1.1871309280395508,-0.2429215908050537,True,True,True,True
Beauty,A56AUIA2KJ3KQ,fit,0406d978265cc5aa2f9cc02a776f6247b3b7e4b886b5476cb593fa937b95775c,1,255,9,0.0,-3.5046699047088623,-4.796475887298584,-3.6909351348876953,0.186265230178833,1.2918059825897217,True,False,True,True
Beauty,A56AUIA2KJ3KQ,fit,0406d978265cc5aa2f9cc02a776f6247b3b7e4b886b5476cb593fa937b95775c,2,1,9,0.0,0.0,0.0,0.0,0.0,0.0,False,False,True,True
Beauty,A56AUIA2KJ3KQ,fit,0406d978265cc5aa2f9cc02a776f6247b3b7e4b886b5476cb593fa937b95775c,3,1,9,0.0,0.0,0.0,0.0,0.0,0.0,False,False,True,True
Beauty,A56AUIA2KJ3KQ,fit,0406d978265cc5aa2f9cc02a776f6247b3b7e4b886b5476cb593fa937b95775c,4,1,9,0.0,0.0,0.0,0.0,0.0,0.0,False,False,True,True
Beauty,A56AUIA2KJ3KQ,fit,0406d978265cc5aa2f9cc02a776f6247b3b7e4b886b5476cb593fa937b95775c,5,1,9,0.0,0.0,0.0,0.0,0.0,0.0,False,False,True,True
Beauty,A56AUIA2KJ3KQ,fit,0406d978265cc5aa2f9cc02a776f6247b3b7e4b886b5476cb593fa937b95775c,6,1,9,0.0,0.0,0.0,0.0,0.0,0.0,False,False,True,True
Beauty,A1550Q7HA8WXVR,fit,041391a19ceb463b9ca0d07f1e64e926a64d8e40c11440ceb8e04e01ac483436,0,108,2,0.0,-3.328477382659912,-3.3748154640197754,-4.167881011962891,0.8394036293029785,0.04633808135986328,True,True,True,True
Beauty,A1550Q7HA8WXVR,fit,041391a19ceb463b9ca0d07f1e64e926a64d8e40c11440ceb8e04e01ac483436,1,142,2,0.0,-4.753411293029785,-3.991185188293457,-5.161258220672607,0.40784692764282227,-0.7622261047363281,True,True,True,True
Beauty,A1550Q7HA8WXVR,fit,041391a19ceb463b9ca0d07f1e64e926a64d8e40c11440ceb8e04e01ac483436,2,1,2,0.0,0.0,0.0,0.0,0.0,0.0,False,False,True,True
Beauty,A1550Q7HA8WXVR,fit,041391a19ceb463b9ca0d07f1e64e926a64d8e40c11440ceb8e04e01ac483436,3,2,2,0.0,-0.008743691258132458,-0.007073479238897562,-0.0028839209116995335,-0.005859770346432924,-0.0016702120192348957,False,False,True,True
Beauty,A1550Q7HA8WXVR,fit,041391a19ceb463b9ca0d07f1e64e926a64d8e40c11440ceb8e04e01ac483436,4,1,2,0.0,0.0,0.0,0.0,0.0,0.0,False,False,True,True
Beauty,A1550Q7HA8WXVR,fit,041391a19ceb463b9ca0d07f1e64e926a64d8e40c11440ceb8e04e01ac483436,5,1,2,0.0,0.0,0.0,0.0,0.0,0.0,False,False,True,True
Beauty,A1550Q7HA8WXVR,fit,041391a19ceb463b9ca0d07f1e64e926a64d8e40c11440ceb8e04e01ac483436,6,1,2,0.0,0.0,0.0,0.0,0.0,0.0,False,False,True,True
Beauty,A2V0I904FH7ABY,fit,0422dabe50b69c94351152923a48c3125f9898c277bedb128a5ea28429d974be,0,108,17,0.0,-2.2593438625335693,-3.441621780395508,-5.553961753845215,3.2946178913116455,1.1822779178619385,True,False,True,True
Beauty,A2V0I904FH7ABY,fit,0422dabe50b69c94351152923a48c3125f9898c277bedb128a5ea28429d974be,1,77,17,0.0,-0.00010692501382436603,-21.090055465698242,-2.119070291519165,2.1189633665053407,21.089948540684418,True,False,True,True
Beauty,A2V0I904FH7ABY,fit,0422dabe50b69c94351152923a48c3125f9898c277bedb128a5ea28429d974be,2,2,17,0.0,-0.09594906866550446,-0.2852496802806854,-0.1656702607870102,0.06972119212150574,0.18930061161518097,True,False,True,True
Beauty,A2V0I904FH7ABY,fit,0422dabe50b69c94351152923a48c3125f9898c277bedb128a5ea28429d974be,3,1,17,0.0,0.0,0.0,0.0,0.0,0.0,False,False,True,True
Beauty,A2V0I904FH7ABY,fit,0422dabe50b69c94351152923a48c3125f9898c277bedb128a5ea28429d974be,4,1,17,0.0,0.0,0.0,0.0,0.0,0.0,False,False,True,True
Beauty,A2V0I904FH7ABY,fit,0422dabe50b69c94351152923a48c3125f9898c277bedb128a5ea28429d974be,5,1,17,0.0,0.0,0.0,0.0,0.0,0.0,False,False,True,True
Beauty,A2V0I904FH7ABY,fit,0422dabe50b69c94351152923a48c3125f9898c277bedb128a5ea28429d974be,6,1,17,0.0,0.0,0.0,0.0,0.0,0.0,False,False,True,True
Beauty,A3EQQHULDUZ216,fit,04288762f3aebc00f02c8b4eb036ead21d2b2cfe461e63b71c15898ca2c39a56,0,108,2,0.0,-2.7216601371765137,-2.7379589080810547,-2.869506597518921,0.14784646034240723,0.016298770904541016,True,True,True,True
Beauty,A3EQQHULDUZ216,fit,04288762f3aebc00f02c8b4eb036ead21d2b2cfe461e63b71c15898ca2c39a56,1,43,2,0.0,-7.110950469970703,-7.658973217010498,-7.8303422927856445,0.7193918228149414,0.5480227470397949,True,False,True,True
Beauty,A3EQQHULDUZ216,fit,04288762f3aebc00f02c8b4eb036ead21d2b2cfe461e63b71c15898ca2c39a56,2,1,2,0.0,0.0,0.0,0.0,0.0,0.0,False,False,True,True
Beauty,A3EQQHULDUZ216,fit,04288762f3aebc00f02c8b4eb036ead21d2b2cfe461e63b71c15898ca2c39a56,3,1,2,0.0,0.0,0.0,0.0,0.0,0.0,False,False,True,True
Beauty,A3EQQHULDUZ216,fit,04288762f3aebc00f02c8b4eb036ead21d2b2cfe461e63b71c15898ca2c39a56,4,1,2,0.0,0.0,0.0,0.0,0.0,0.0,False,False,True,True
Beauty,A3EQQHULDUZ216,fit,04288762f3aebc00f02c8b4eb036ead21d2b2cfe461e63b71c15898ca2c39a56,5,1,2,0.0,0.0,0.0,0.0,0.0,0.0,False,False,True,True
Beauty,A3EQQHULDUZ216,fit,04288762f3aebc00f02c8b4eb036ead21d2b2cfe461e63b71c15898ca2c39a56,6,1,2,0.0,0.0,0.0,0.0,0.0,0.0,False,False,True,True
Beauty,ABSEE3YH0AR8N,fit,042c8f7a2c7088ff7a8460a14cb4f5476c1df68e6855014e5058f6d1bfdc781f,0,108,3,0.0,-0.7096145749092102,-0.9582843780517578,-0.9657760262489319,0.2561614513397217,0.2486698031425476,True,False,True,True
Beauty,ABSEE3YH0AR8N,fit,042c8f7a2c7088ff7a8460a14cb4f5476c1df68e6855014e5058f6d1bfdc781f,1,255,3,0.0,-5.7086639404296875,-6.526659965515137,-5.98616886138916,0.27750492095947266,0.8179960250854492,True,False,True,True
Beauty,ABSEE3YH0AR8N,fit,042c8f7a2c7088ff7a8460a14cb4f5476c1df68e6855014e5058f6d1bfdc781f,2,1,3,0.0,0.0,0.0,0.0,0.0,0.0,False,False,True,True
Beauty,ABSEE3YH0AR8N,fit,042c8f7a2c7088ff7a8460a14cb4f5476c1df68e6855014e5058f6d1bfdc781f,3,1,3,0.0,0.0,0.0,0.0,0.0,0.0,False,False,True,True
Beauty,ABSEE3YH0AR8N,fit,042c8f7a2c7088ff7a8460a14cb4f5476c1df68e6855014e5058f6d1bfdc781f,4,1,3,0.0,0.0,0.0,0.0,0.0,0.0,False,False,True,True
Beauty,ABSEE3YH0AR8N,fit,042c8f7a2c7088ff7a8460a14cb4f5476c1df68e6855014e5058f6d1bfdc781f,5,1,3,0.0,0.0,0.0,0.0,0.0,0.0,False,False,True,True
Beauty,ABSEE3YH0AR8N,fit,042c8f7a2c7088ff7a8460a14cb4f5476c1df68e6855014e5058f6d1bfdc781f,6,1,3,0.0,0.0,0.0,0.0,0.0,0.0,False,False,True,True
Beauty,AB24Z8PTNQ33I,fit,0434e3b5f6effbc0d1928a0d22c857915a8b78a43e33e8656b92918a876447f6,0,108,17,0.17647058823529413,-5.071707725524902,-6.212995529174805,-5.141589164733887,0.06988143920898438,1.1412878036499023,True,False,True,True
Beauty,AB24Z8PTNQ33I,fit,0434e3b5f6effbc0d1928a0d22c857915a8b78a43e33e8656b92918a876447f6,1,69,17,0.17647058823529413,-2.9524178504943848,-2.8535666465759277,-3.1108880043029785,0.15847015380859375,-0.09885120391845703,True,True,True,True
Beauty,AB24Z8PTNQ33I,fit,0434e3b5f6effbc0d1928a0d22c857915a8b78a43e33e8656b92918a876447f6,2,1,17,0.17647058823529413,0.0,0.0,0.0,0.0,0.0,False,False,True,True
Beauty,AB24Z8PTNQ33I,fit,0434e3b5f6effbc0d1928a0d22c857915a8b78a43e33e8656b92918a876447f6,3,1,17,0.17647058823529413,0.0,0.0,0.0,0.0,0.0,False,False,True,True
Beauty,AB24Z8PTNQ33I,fit,0434e3b5f6effbc0d1928a0d22c857915a8b78a43e33e8656b92918a876447f6,4,1,17,0.17647058823529413,0.0,0.0,0.0,0.0,0.0,False,False,True,True
Beauty,AB24Z8PTNQ33I,fit,0434e3b5f6effbc0d1928a0d22c857915a8b78a43e33e8656b92918a876447f6,5,1,17,0.17647058823529413,0.0,0.0,0.0,0.0,0.0,False,False,True,True
Beauty,AB24Z8PTNQ33I,fit,0434e3b5f6effbc0d1928a0d22c857915a8b78a43e33e8656b92918a876447f6,6,1,17,0.17647058823529413,0.0,0.0,0.0,0.0,0.0,False,False,True,True
Beauty,A2WJXM4PSJI0ZU,fit,043531c80b8ff6388a935c32088585096323cf9440867b3a191ed7ff675dcd98,0,108,4,0.0,-6.154852867126465,-6.41278600692749,-6.641090393066406,0.4862375259399414,0.2579331398010254,True,False,True,True
Beauty,A2WJXM4PSJI0ZU,fit,043531c80b8ff6388a935c32088585096323cf9440867b3a191ed7ff675dcd98,1,23,4,0.0,-1.6713454723358154,-1.7515226602554321,-2.666898727416992,0.9955532550811768,0.0801771879196167,True,True,True,True
Beauty,A2WJXM4PSJI0ZU,fit,043531c80b8ff6388a935c32088585096323cf9440867b3a191ed7ff675dcd98,2,2,4,0.0,-4.7667083740234375,-4.898386478424072,-4.278695106506348,-0.48801326751708984,0.13167810440063477,False,False,True,True
Beauty,A2WJXM4PSJI0ZU,fit,043531c80b8ff6388a935c32088585096323cf9440867b3a191ed7ff675dcd98,3,1,4,0.0,0.0,0.0,0.0,0.0,0.0,False,False,True,True
Beauty,A2WJXM4PSJI0ZU,fit,043531c80b8ff6388a935c32088585096323cf9440867b3a191ed7ff675dcd98,4,1,4,0.0,0.0,0.0,0.0,0.0,0.0,False,False,True,True
Beauty,A2WJXM4PSJI0ZU,fit,043531c80b8ff6388a935c32088585096323cf9440867b3a191ed7ff675dcd98,5,1,4,0.0,0.0,0.0,0.0,0.0,0.0,False,False,True,True
Beauty,A2WJXM4PSJI0ZU,fit,043531c80b8ff6388a935c32088585096323cf9440867b3a191ed7ff675dcd98,6,1,4,0.0,0.0,0.0,0.0,0.0,0.0,False,False,True,True
Beauty,AJWD2KH4ARL8E,fit,043c9b12880193cb71f44c36f0a72bc4ca6523c8e8c38eb81986d4b5be27fc0e,0,108,3,0.0,-7.8275861740112305,-6.125763893127441,-6.141469955444336,-1.6861162185668945,-1.701822280883789,False,False,True,True
Beauty,AJWD2KH4ARL8E,fit,043c9b12880193cb71f44c36f0a72bc4ca6523c8e8c38eb81986d4b5be27fc0e,1,29,3,0.0,-8.494609832763672,-9.280889511108398,-8.553262710571289,0.05865287780761719,0.7862796783447266,True,False,True,True
Beauty,AJWD2KH4ARL8E,fit,043c9b12880193cb71f44c36f0a72bc4ca6523c8e8c38eb81986d4b5be27fc0e,2,1,3,0.0,0.0,0.0,0.0,0.0,0.0,False,False,True,True
Beauty,AJWD2KH4ARL8E,fit,043c9b12880193cb71f44c36f0a72bc4ca6523c8e8c38eb81986d4b5be27fc0e,3,1,3,0.0,0.0,0.0,0.0,0.0,0.0,False,False,True,True
Beauty,AJWD2KH4ARL8E,fit,043c9b12880193cb71f44c36f0a72bc4ca6523c8e8c38eb81986d4b5be27fc0e,4,1,3,0.0,0.0,0.0,0.0,0.0,0.0,False,False,True,True
Beauty,AJWD2KH4ARL8E,fit,043c9b12880193cb71f44c36f0a72bc4ca6523c8e8c38eb81986d4b5be27fc0e,5,1,3,0.0,0.0,0.0,0.0,0.0,0.0,False,False,True,True
Beauty,AJWD2KH4ARL8E,fit,043c9b12880193cb71f44c36f0a72bc4ca6523c8e8c38eb81986d4b5be27fc0e,6,1,3,0.0,0.0,0.0,0.0,0.0,0.0,False,False,True,True
Beauty,A106MNO7PYG1WL,fit,043cfc7c03882c817f1fbabeb475ba6f5be8fb75994f07d4ea5aa174aecf45a2,0,108,2,0.0,-5.741990089416504,-5.374861717224121,-4.6934309005737305,-1.0485591888427734,-0.3671283721923828,False,False,True,True
Beauty,A106MNO7PYG1WL,fit,043cfc7c03882c817f1fbabeb475ba6f5be8fb75994f07d4ea5aa174aecf45a2,1,83,2,0.0,-1.8599672317504883,-4.354043483734131,-4.379966735839844,2.5199995040893555,2.4940762519836426,True,False,True,True
Beauty,A106MNO7PYG1WL,fit,043cfc7c03882c817f1fbabeb475ba6f5be8fb75994f07d4ea5aa174aecf45a2,2,1,2,0.0,0.0,0.0,0.0,0.0,0.0,False,False,True,True
Beauty,A106MNO7PYG1WL,fit,043cfc7c03882c817f1fbabeb475ba6f5be8fb75994f07d4ea5aa174aecf45a2,3,1,2,0.0,0.0,0.0,0.0,0.0,0.0,False,False,True,True
Beauty,A106MNO7PYG1WL,fit,043cfc7c03882c817f1fbabeb475ba6f5be8fb75994f07d4ea5aa174aecf45a2,4,1,2,0.0,0.0,0.0,0.0,0.0,0.0,False,False,True,True
Beauty,A106MNO7PYG1WL,fit,043cfc7c03882c817f1fbabeb475ba6f5be8fb75994f07d4ea5aa174aecf45a2,5,1,2,0.0,0.0,0.0,0.0,0.0,0.0,False,False,True,True
Beauty,A106MNO7PYG1WL,fit,043cfc7c03882c817f1fbabeb475ba6f5be8fb75994f07d4ea5aa174aecf45a2,6,1,2,0.0,0.0,0.0,0.0,0.0,0.0,False,False,True,True
Beauty,A1TDBVZXIQ8W73,fit,0442b40bead9b897974a45fbfc5b912cd09eef67acf0cf3878e7b6535327a106,0,108,5,0.0,-3.7658350467681885,-3.410210132598877,-3.1507434844970703,-0.6150915622711182,-0.3556249141693115,False,False,True,True
Beauty,A1TDBVZXIQ8W73,fit,0442b40bead9b897974a45fbfc5b912cd09eef67acf0cf3878e7b6535327a106,1,126,5,0.0,-2.458271026611328,-2.2341866493225098,-2.0678796768188477,-0.39039134979248047,-0.22408437728881836,False,False,True,True
Beauty,A1TDBVZXIQ8W73,fit,0442b40bead9b897974a45fbfc5b912cd09eef67acf0cf3878e7b6535327a106,2,3,5,0.0,-1.4296622276306152,-2.0469937324523926,-2.8129794597625732,1.383317232131958,0.6173315048217773,True,False,True,True
Beauty,A1TDBVZXIQ8W73,fit,0442b40bead9b897974a45fbfc5b912cd09eef67acf0cf3878e7b6535327a106,3,1,5,0.0,0.0,0.0,0.0,0.0,0.0,False,False,True,True
Beauty,A1TDBVZXIQ8W73,fit,0442b40bead9b897974a45fbfc5b912cd09eef67acf0cf3878e7b6535327a106,4,1,5,0.0,0.0,0.0,0.0,0.0,0.0,False,False,True,True
Beauty,A1TDBVZXIQ8W73,fit,0442b40bead9b897974a45fbfc5b912cd09eef67acf0cf3878e7b6535327a106,5,1,5,0.0,0.0,0.0,0.0,0.0,0.0,False,False,True,True
Beauty,A1TDBVZXIQ8W73,fit,0442b40bead9b897974a45fbfc5b912cd09eef67acf0cf3878e7b6535327a106,6,1,5,0.0,0.0,0.0,0.0,0.0,0.0,False,False,True,True
Beauty,A2BE5T72BOTI97,fit,044804dc3129395ba821da8bbb26a71e333f6194d4f5dbb09610147cf2895244,0,108,2,0.05263157894736842,-4.087356090545654,-5.659607887268066,-3.87227201461792,-0.21508407592773438,1.572251796722412,False,False,True,True
Beauty,A2BE5T72BOTI97,fit,044804dc3129395ba821da8bbb26a71e333f6194d4f5dbb09610147cf2895244,1,83,2,0.05263157894736842,-0.7410085201263428,-2.4255621433258057,-2.192810535430908,1.4518020153045654,1.684553623199463,True,False,True,True
Beauty,A2BE5T72BOTI97,fit,044804dc3129395ba821da8bbb26a71e333f6194d4f5dbb09610147cf2895244,2,2,2,0.05263157894736842,-0.0006288696313276887,-0.0007614573696628213,-0.00023052419419400394,-0.00039834543713368475,0.0001325877383351326,False,False,True,True
Beauty,A2BE5T72BOTI97,fit,044804dc3129395ba821da8bbb26a71e333f6194d4f5dbb09610147cf2895244,3,18,2,0.05263157894736842,-0.511801540851593,-0.9326140880584717,-0.5397725105285645,0.027970969676971436,0.42081254720687866,True,False,True,True
Beauty,A2BE5T72BOTI97,fit,044804dc3129395ba821da8bbb26a71e333f6194d4f5dbb09610147cf2895244,4,2,2,0.05263157894736842,-0.013160980306565762,-0.022869177162647247,-0.03450240194797516,0.021341421641409397,0.009708196856081486,True,True,True,True
Beauty,A2BE5T72BOTI97,fit,044804dc3129395ba821da8bbb26a71e333f6194d4f5dbb09610147cf2895244,5,1,2,0.05263157894736842,0.0,0.0,0.0,0.0,0.0,False,False,True,True
Beauty,A2BE5T72BOTI97,fit,044804dc3129395ba821da8bbb26a71e333f6194d4f5dbb09610147cf2895244,6,1,2,0.05263157894736842,0.0,0.0,0.0,0.0,0.0,False,False,True,True
Beauty,A2BE5T72BOTI97,fit,044804dc3129395ba821da8bbb26a71e333f6194d4f5dbb09610147cf2895244,7,2,2,0.05263157894736842,-2.028068780899048,-1.9899877309799194,-2.3686304092407227,0.3405616283416748,-0.03808104991912842,True,True,True,True
Beauty,A1MBFUV5DZNEZQ,fit,0450ee73f77c40ddb9f01bc1178863c62aefb607eb280cbbd4522493375542ab,0,108,5,0.0,-2.894979238510132,-4.290063858032227,-3.3545684814453125,0.45958924293518066,1.3950846195220947,True,False,True,True
Beauty,A1MBFUV5DZNEZQ,fit,0450ee73f77c40ddb9f01bc1178863c62aefb607eb280cbbd4522493375542ab,1,81,5,0.0,-0.015192624181509018,-5.939805030822754,-6.267271995544434,6.252079371362925,5.924612406641245,True,False,True,True
Beauty,A1MBFUV5DZNEZQ,fit,0450ee73f77c40ddb9f01bc1178863c62aefb607eb280cbbd4522493375542ab,2,2,5,0.0,0.0,-7.187670707702637,-6.712369441986084,6.712369441986084,7.187670707702637,True,False,True,True
Beauty,A1MBFUV5DZNEZQ,fit,0450ee73f77c40ddb9f01bc1178863c62aefb607eb280cbbd4522493375542ab,3,1,5,0.0,0.0,0.0,0.0,0.0,0.0,False,False,True,True
Beauty,A1MBFUV5DZNEZQ,fit,0450ee73f77c40ddb9f01bc1178863c62aefb607eb280cbbd4522493375542ab,4,1,5,0.0,0.0,0.0,0.0,0.0,0.0,False,False,True,True
Beauty,A1MBFUV5DZNEZQ,fit,0450ee73f77c40ddb9f01bc1178863c62aefb607eb280cbbd4522493375542ab,5,1,5,0.0,0.0,0.0,0.0,0.0,0.0,False,False,True,True
Beauty,A1MBFUV5DZNEZQ,fit,0450ee73f77c40ddb9f01bc1178863c62aefb607eb280cbbd4522493375542ab,6,1,5,0.0,0.0,0.0,0.0,0.0,0.0,False,False,True,True
Beauty,A1J5IPVDBG9L5U,fit,045a75c95cb40805f2739788e31f880ab5d85396d14eae143ef6a63d30d6aca2,0,108,5,0.0,-0.7735561728477478,-1.8092114925384521,-2.024570941925049,1.251014769077301,1.0356553196907043,True,False,True,True
Beauty,A1J5IPVDBG9L5U,fit,045a75c95cb40805f2739788e31f880ab5d85396d14eae143ef6a63d30d6aca2,1,98,5,0.0,-8.344646857949556e-07,-12.215306282043457,-12.743341445922852,12.743340611458166,12.215305447578771,True,False,True,True
Beauty,A1J5IPVDBG9L5U,fit,045a75c95cb40805f2739788e31f880ab5d85396d14eae143ef6a63d30d6aca2,2,1,5,0.0,0.0,0.0,0.0,0.0,0.0,False,False,True,True
Beauty,A1J5IPVDBG9L5U,fit,045a75c95cb40805f2739788e31f880ab5d85396d14eae143ef6a63d30d6aca2,3,1,5,0.0,0.0,0.0,0.0,0.0,0.0,False,False,True,True
Beauty,A1J5IPVDBG9L5U,fit,045a75c95cb40805f2739788e31f880ab5d85396d14eae143ef6a63d30d6aca2,4,1,5,0.0,0.0,0.0,0.0,0.0,0.0,False,False,True,True
Beauty,A1J5IPVDBG9L5U,fit,045a75c95cb40805f2739788e31f880ab5d85396d14eae143ef6a63d30d6aca2,5,1,5,0.0,0.0,0.0,0.0,0.0,0.0,False,False,True,True
Beauty,A1J5IPVDBG9L5U,fit,045a75c95cb40805f2739788e31f880ab5d85396d14eae143ef6a63d30d6aca2,6,1,5,0.0,0.0,0.0,0.0,0.0,0.0,False,False,True,True
Beauty,AEY62S6LDG8QV,fit,045ab460024500caee12dd0c7deb02aa3c06d3e12b88b51eee0d62c9028c28fd,0,108,3,0.0,-2.2163846492767334,-4.122602462768555,-3.386227607727051,1.1698429584503174,1.9062178134918213,True,False,True,True
Beauty,AEY62S6LDG8QV,fit,045ab460024500caee12dd0c7deb02aa3c06d3e12b88b51eee0d62c9028c28fd,1,142,3,0.0,-0.023176027461886406,-9.592793464660645,-5.81079626083374,5.787620233371854,9.569617437198758,True,False,True,True
Beauty,AEY62S6LDG8QV,fit,045ab460024500caee12dd0c7deb02aa3c06d3e12b88b51eee0d62c9028c28fd,2,5,3,0.0,0.0,-5.248161792755127,-5.31687068939209,5.31687068939209,5.248161792755127,True,False,True,True
Beauty,AEY62S6LDG8QV,fit,045ab460024500caee12dd0c7deb02aa3c06d3e12b88b51eee0d62c9028c28fd,3,1,3,0.0,0.0,0.0,0.0,0.0,0.0,False,False,True,True
Beauty,AEY62S6LDG8QV,fit,045ab460024500caee12dd0c7deb02aa3c06d3e12b88b51eee0d62c9028c28fd,4,1,3,0.0,0.0,0.0,0.0,0.0,0.0,False,False,True,True
Beauty,AEY62S6LDG8QV,fit,045ab460024500caee12dd0c7deb02aa3c06d3e12b88b51eee0d62c9028c28fd,5,1,3,0.0,0.0,0.0,0.0,0.0,0.0,False,False,True,True
Beauty,AEY62S6LDG8QV,fit,045ab460024500caee12dd0c7deb02aa3c06d3e12b88b51eee0d62c9028c28fd,6,1,3,0.0,0.0,0.0,0.0,0.0,0.0,False,False,True,True
Beauty,A2WHCG43ODIPMT,fit,045acf35fb8775a13e4c7f83bac2c5825b83abea0af9b41a9ad1a3384dca01b6,0,108,9,0.05263157894736842,-0.8892160654067993,-4.312427520751953,-5.800875186920166,4.911659121513367,3.423211455345154,True,False,True,True
Beauty,A2WHCG43ODIPMT,fit,045acf35fb8775a13e4c7f83bac2c5825b83abea0af9b41a9ad1a3384dca01b6,1,89,9,0.05263157894736842,0.0,-12.183232307434082,-14.252641677856445,14.252641677856445,12.183232307434082,True,False,True,True
Beauty,A2WHCG43ODIPMT,fit,045acf35fb8775a13e4c7f83bac2c5825b83abea0af9b41a9ad1a3384dca01b6,2,1,9,0.05263157894736842,0.0,0.0,0.0,0.0,0.0,False,False,True,True
Beauty,A2WHCG43ODIPMT,fit,045acf35fb8775a13e4c7f83bac2c5825b83abea0af9b41a9ad1a3384dca01b6,3,1,9,0.05263157894736842,0.0,0.0,0.0,0.0,0.0,False,False,True,True
Beauty,A2WHCG43ODIPMT,fit,045acf35fb8775a13e4c7f83bac2c5825b83abea0af9b41a9ad1a3384dca01b6,4,1,9,0.05263157894736842,0.0,0.0,0.0,0.0,0.0,False,False,True,True
Beauty,A2WHCG43ODIPMT,fit,045acf35fb8775a13e4c7f83bac2c5825b83abea0af9b41a9ad1a3384dca01b6,5,1,9,0.05263157894736842,0.0,0.0,0.0,0.0,0.0,False,False,True,True
Beauty,A2WHCG43ODIPMT,fit,045acf35fb8775a13e4c7f83bac2c5825b83abea0af9b41a9ad1a3384dca01b6,6,1,9,0.05263157894736842,0.0,0.0,0.0,0.0,0.0,False,False,True,True
Beauty,A14HUUH6ZAXQ2,fit,045ed5465e86894947cf4a25cbfcd1a597392c01a232d7450b821a2ab0cffc68,0,108,13,0.0,-2.539132833480835,-3.123852252960205,-2.0542478561401367,-0.48488497734069824,0.5847194194793701,False,False,True,True
Beauty,A14HUUH6ZAXQ2,fit,045ed5465e86894947cf4a25cbfcd1a597392c01a232d7450b821a2ab0cffc68,1,75,13,0.0,-2.254981517791748,-3.610032081604004,-3.439053535461426,1.1840720176696777,1.3550505638122559,True,False,True,True
Beauty,A14HUUH6ZAXQ2,fit,045ed5465e86894947cf4a25cbfcd1a597392c01a232d7450b821a2ab0cffc68,2,2,13,0.0,-0.4268993139266968,-0.292660653591156,-0.1336725503206253,-0.29322676360607147,-0.13423866033554077,False,False,True,True
Beauty,A14HUUH6ZAXQ2,fit,045ed5465e86894947cf4a25cbfcd1a597392c01a232d7450b821a2ab0cffc68,3,1,13,0.0,0.0,0.0,0.0,0.0,0.0,False,False,True,True
Beauty,A14HUUH6ZAXQ2,fit,045ed5465e86894947cf4a25cbfcd1a597392c01a232d7450b821a2ab0cffc68,4,1,13,0.0,0.0,0.0,0.0,0.0,0.0,False,False,True,True
Beauty,A14HUUH6ZAXQ2,fit,045ed5465e86894947cf4a25cbfcd1a597392c01a232d7450b821a2ab0cffc68,5,1,13,0.0,0.0,0.0,0.0,0.0,0.0,False,False,True,True
Beauty,A14HUUH6ZAXQ2,fit,045ed5465e86894947cf4a25cbfcd1a597392c01a232d7450b821a2ab0cffc68,6,1,13,0.0,0.0,0.0,0.0,0.0,0.0,False,False,True,True
Beauty,A2LKSE0TZVDUMX,fit,045eed925d1cfc06168ead81b76fab3ec495b433c32e9cecd2d65380628f9b75,0,108,4,0.0,-4.895546913146973,-3.893561840057373,-4.767348289489746,-0.12819862365722656,-1.0019850730895996,False,False,True,True
Beauty,A2LKSE0TZVDUMX,fit,045eed925d1cfc06168ead81b76fab3ec495b433c32e9cecd2d65380628f9b75,1,142,4,0.0,-2.954054832458496,-3.5173685550689697,-2.264594554901123,-0.689460277557373,0.5633137226104736,False,False,True,True
Beauty,A2LKSE0TZVDUMX,fit,045eed925d1cfc06168ead81b76fab3ec495b433c32e9cecd2d65380628f9b75,2,2,4,0.0,0.0,0.0,0.0,0.0,0.0,False,False,True,True
Beauty,A2LKSE0TZVDUMX,fit,045eed925d1cfc06168ead81b76fab3ec495b433c32e9cecd2d65380628f9b75,3,1,4,0.0,0.0,0.0,0.0,0.0,0.0,False,False,True,True
Beauty,A2LKSE0TZVDUMX,fit,045eed925d1cfc06168ead81b76fab3ec495b433c32e9cecd2d65380628f9b75,4,1,4,0.0,0.0,0.0,0.0,0.0,0.0,False,False,True,True
Beauty,A2LKSE0TZVDUMX,fit,045eed925d1cfc06168ead81b76fab3ec495b433c32e9cecd2d65380628f9b75,5,1,4,0.0,0.0,0.0,0.0,0.0,0.0,False,False,True,True
Beauty,A2LKSE0TZVDUMX,fit,045eed925d1cfc06168ead81b76fab3ec495b433c32e9cecd2d65380628f9b75,6,1,4,0.0,0.0,0.0,0.0,0.0,0.0,False,False,True,True
Beauty,AVLALLFRML1D4,fit,0467cce9c9eb11f16f6c214f3b0bf3e9f5804edfe5d7867e1cdddbf8a0852ac5,0,108,11,0.1111111111111111,-2.410853862762451,-3.4147212505340576,-2.9797847270965576,0.5689308643341064,1.0038673877716064,True,False,True,True
Beauty,AVLALLFRML1D4,fit,0467cce9c9eb11f16f6c214f3b0bf3e9f5804edfe5d7867e1cdddbf8a0852ac5,1,126,11,0.1111111111111111,-0.020687170326709747,-0.2986816465854645,-0.24810408055782318,0.22741691023111343,0.27799447625875473,True,False,True,True
Beauty,AVLALLFRML1D4,fit,0467cce9c9eb11f16f6c214f3b0bf3e9f5804edfe5d7867e1cdddbf8a0852ac5,2,3,11,0.1111111111111111,-0.1946496218442917,-15.926241874694824,-16.899621963500977,16.704972341656685,15.731592252850533,True,False,True,True
Beauty,AVLALLFRML1D4,fit,0467cce9c9eb11f16f6c214f3b0bf3e9f5804edfe5d7867e1cdddbf8a0852ac5,3,1,11,0.1111111111111111,0.0,0.0,0.0,0.0,0.0,False,False,True,True
Beauty,AVLALLFRML1D4,fit,0467cce9c9eb11f16f6c214f3b0bf3e9f5804edfe5d7867e1cdddbf8a0852ac5,4,1,11,0.1111111111111111,0.0,0.0,0.0,0.0,0.0,False,False,True,True
Beauty,AVLALLFRML1D4,fit,0467cce9c9eb11f16f6c214f3b0bf3e9f5804edfe5d7867e1cdddbf8a0852ac5,5,1,11,0.1111111111111111,0.0,0.0,0.0,0.0,0.0,False,False,True,True
Beauty,AVLALLFRML1D4,fit,0467cce9c9eb11f16f6c214f3b0bf3e9f5804edfe5d7867e1cdddbf8a0852ac5,6,1,11,0.1111111111111111,0.0,0.0,0.0,0.0,0.0,False,False,True,True
Beauty,A1A5AYEZ8N1039,fit,046a9dbe958ad726f83ff73b8a52b7a16a76fb5a92303fabf6a908ab74c29da0,0,108,2,0.0,-3.841956615447998,-4.303257942199707,-2.2361068725585938,-1.6058497428894043,0.461301326751709,False,False,True,True
Beauty,A1A5AYEZ8N1039,fit,046a9dbe958ad726f83ff73b8a52b7a16a76fb5a92303fabf6a908ab74c29da0,1,106,2,0.0,-2.0272903442382812,-3.6074013710021973,-4.5492095947265625,2.5219192504882812,1.580111026763916,True,False,True,True
Beauty,A1A5AYEZ8N1039,fit,046a9dbe958ad726f83ff73b8a52b7a16a76fb5a92303fabf6a908ab74c29da0,2,6,2,0.0,-0.9798833131790161,-1.0902862548828125,-0.2943471372127533,-0.6855361759662628,0.11040294170379639,False,False,True,True
Beauty,A1A5AYEZ8N1039,fit,046a9dbe958ad726f83ff73b8a52b7a16a76fb5a92303fabf6a908ab74c29da0,3,1,2,0.0,0.0,0.0,0.0,0.0,0.0,False,False,True,True
Beauty,A1A5AYEZ8N1039,fit,046a9dbe958ad726f83ff73b8a52b7a16a76fb5a92303fabf6a908ab74c29da0,4,1,2,0.0,0.0,0.0,0.0,0.0,0.0,False,False,True,True
Beauty,A1A5AYEZ8N1039,fit,046a9dbe958ad726f83ff73b8a52b7a16a76fb5a92303fabf6a908ab74c29da0,5,1,2,0.0,0.0,0.0,0.0,0.0,0.0,False,False,True,True
Beauty,A1A5AYEZ8N1039,fit,046a9dbe958ad726f83ff73b8a52b7a16a76fb5a92303fabf6a908ab74c29da0,6,1,2,0.0,0.0,0.0,0.0,0.0,0.0,False,False,True,True
Beauty,A2IT5J4H9MHB2Z,fit,046ca00cddbd161b5c68c81e8422df024f47ee8f5269ce162fede3c6f910250c,0,108,2,0.0,-3.799778461456299,-4.49017333984375,-4.962281227111816,1.1625027656555176,0.6903948783874512,True,False,True,True
Beauty,A2IT5J4H9MHB2Z,fit,046ca00cddbd161b5c68c81e8422df024f47ee8f5269ce162fede3c6f910250c,1,78,2,0.0,-4.932071208953857,-3.5937376022338867,-3.735928773880005,-1.1961424350738525,-1.3383336067199707,False,False,True,True
Beauty,A2IT5J4H9MHB2Z,fit,046ca00cddbd161b5c68c81e8422df024f47ee8f5269ce162fede3c6f910250c,2,1,2,0.0,0.0,0.0,0.0,0.0,0.0,False,False,True,True
Beauty,A2IT5J4H9MHB2Z,fit,046ca00cddbd161b5c68c81e8422df024f47ee8f5269ce162fede3c6f910250c,3,1,2,0.0,0.0,0.0,0.0,0.0,0.0,False,False,True,True
Beauty,A2IT5J4H9MHB2Z,fit,046ca00cddbd161b5c68c81e8422df024f47ee8f5269ce162fede3c6f910250c,4,1,2,0.0,0.0,0.0,0.0,0.0,0.0,False,False,True,True
Beauty,A2IT5J4H9MHB2Z,fit,046ca00cddbd161b5c68c81e8422df024f47ee8f5269ce162fede3c6f910250c,5,1,2,0.0,0.0,0.0,0.0,0.0,0.0,False,False,True,True
Beauty,A2IT5J4H9MHB2Z,fit,046ca00cddbd161b5c68c81e8422df024f47ee8f5269ce162fede3c6f910250c,6,1,2,0.0,0.0,0.0,0.0,0.0,0.0,False,False,True,True
Beauty,A3UYTPUQC58FUE,fit,046d0ed5daf5ce7a34934df73cb61addbcf63f247b2d50dd61183f1d1c2a83fc,0,108,2,0.0,-5.5294036865234375,-6.005751609802246,-5.650990962982178,0.12158727645874023,0.4763479232788086,True,False,True,True
Beauty,A3UYTPUQC58FUE,fit,046d0ed5daf5ce7a34934df73cb61addbcf63f247b2d50dd61183f1d1c2a83fc,1,29,2,0.0,-0.820960283279419,-1.4571020603179932,-2.0154755115509033,1.1945152282714844,0.6361417770385742,True,False,True,True
Beauty,A3UYTPUQC58FUE,fit,046d0ed5daf5ce7a34934df73cb61addbcf63f247b2d50dd61183f1d1c2a83fc,2,3,2,0.0,-0.04520481079816818,-0.026615764945745468,-0.10746870189905167,0.062263891100883484,-0.018589045852422714,True,True,True,True
Beauty,A3UYTPUQC58FUE,fit,046d0ed5daf5ce7a34934df73cb61addbcf63f247b2d50dd61183f1d1c2a83fc,3,3,2,0.0,0.0,0.0,0.0,0.0,0.0,False,False,True,True
Beauty,A3UYTPUQC58FUE,fit,046d0ed5daf5ce7a34934df73cb61addbcf63f247b2d50dd61183f1d1c2a83fc,4,1,2,0.0,0.0,0.0,0.0,0.0,0.0,False,False,True,True
Beauty,A3UYTPUQC58FUE,fit,046d0ed5daf5ce7a34934df73cb61addbcf63f247b2d50dd61183f1d1c2a83fc,5,1,2,0.0,0.0,0.0,0.0,0.0,0.0,False,False,True,True
Beauty,A3UYTPUQC58FUE,fit,046d0ed5daf5ce7a34934df73cb61addbcf63f247b2d50dd61183f1d1c2a83fc,6,1,2,0.0,0.0,0.0,0.0,0.0,0.0,False,False,True,True
Beauty,A10Y098YW7HDZJ,fit,047e24366dbdf2f15fcdb545a8273cf1c626281b63878c20946ea14037e29c82,0,108,5,0.0,-0.004808647558093071,-2.5016565322875977,-1.6337966918945312,1.6289880443364382,2.4968478847295046,True,False,True,True
Beauty,A10Y098YW7HDZJ,fit,047e24366dbdf2f15fcdb545a8273cf1c626281b63878c20946ea14037e29c82,1,112,5,0.0,-0.04415064677596092,-5.4233198165893555,-5.2216572761535645,5.1775066293776035,5.3791691698133945,True,False,True,True
Beauty,A10Y098YW7HDZJ,fit,047e24366dbdf2f15fcdb545a8273cf1c626281b63878c20946ea14037e29c82,2,8,5,0.0,-1.1686930656433105,-25.885025024414062,-27.488067626953125,26.319374561309814,24.716331958770752,True,False,True,True
Beauty,A10Y098YW7HDZJ,fit,047e24366dbdf2f15fcdb545a8273cf1c626281b63878c20946ea14037e29c82,3,1,5,0.0,0.0,0.0,0.0,0.0,0.0,False,False,True,True
Beauty,A10Y098YW7HDZJ,fit,047e24366dbdf2f15fcdb545a8273cf1c626281b63878c20946ea14037e29c82,4,1,5,0.0,0.0,0.0,0.0,0.0,0.0,False,False,True,True
Beauty,A10Y098YW7HDZJ,fit,047e24366dbdf2f15fcdb545a8273cf1c626281b63878c20946ea14037e29c82,5,1,5,0.0,0.0,0.0,0.0,0.0,0.0,False,False,True,True
Beauty,A10Y098YW7HDZJ,fit,047e24366dbdf2f15fcdb545a8273cf1c626281b63878c20946ea14037e29c82,6,1,5,0.0,0.0,0.0,0.0,0.0,0.0,False,False,True,True
Beauty,A2S377GRNZKJE4,fit,0486c06224c4812061904a170a75b4c28e84d00dd28e26f5bcdf0a077ec7032a,0,108,2,0.0,-0.9344638586044312,-4.252737045288086,-1.5335553884506226,0.5990915298461914,3.318273186683655,True,False,True,True
Beauty,A2S377GRNZKJE4,fit,0486c06224c4812061904a170a75b4c28e84d00dd28e26f5bcdf0a077ec7032a,1,133,2,0.0,-2.4354734420776367,-4.573391914367676,-3.7196147441864014,1.2841413021087646,2.137918472290039,True,False,True,True
Beauty,A2S377GRNZKJE4,fit,0486c06224c4812061904a170a75b4c28e84d00dd28e26f5bcdf0a077ec7032a,2,1,2,0.0,0.0,0.0,0.0,0.0,0.0,False,False,True,True
Beauty,A2S377GRNZKJE4,fit,0486c06224c4812061904a170a75b4c28e84d00dd28e26f5bcdf0a077ec7032a,3,1,2,0.0,0.0,0.0,0.0,0.0,0.0,False,False,True,True
Beauty,A2S377GRNZKJE4,fit,0486c06224c4812061904a170a75b4c28e84d00dd28e26f5bcdf0a077ec7032a,4,1,2,0.0,0.0,0.0,0.0,0.0,0.0,False,False,True,True
Beauty,A2S377GRNZKJE4,fit,0486c06224c4812061904a170a75b4c28e84d00dd28e26f5bcdf0a077ec7032a,5,1,2,0.0,0.0,0.0,0.0,0.0,0.0,False,False,True,True
Beauty,A2S377GRNZKJE4,fit,0486c06224c4812061904a170a75b4c28e84d00dd28e26f5bcdf0a077ec7032a,6,1,2,0.0,0.0,0.0,0.0,0.0,0.0,False,False,True,True
Beauty,A2B6I0N8RNAQXJ,fit,0487647bef5aa0d0a8e33102d7028c46b19e6316171fd47fadfff26d97924a77,0,108,3,0.0,-3.596518039703369,-4.563982009887695,-3.6628873348236084,0.06636929512023926,0.9674639701843262,True,False,True,True
Beauty,A2B6I0N8RNAQXJ,fit,0487647bef5aa0d0a8e33102d7028c46b19e6316171fd47fadfff26d97924a77,1,78,3,0.0,-1.5452440977096558,-2.7924373149871826,-2.1805834770202637,0.6353393793106079,1.2471932172775269,True,False,True,True
Beauty,A2B6I0N8RNAQXJ,fit,0487647bef5aa0d0a8e33102d7028c46b19e6316171fd47fadfff26d97924a77,2,4,3,0.0,-2.212317943572998,-3.737271785736084,-3.299370527267456,1.087052583694458,1.524953842163086,True,False,True,True
Beauty,A2B6I0N8RNAQXJ,fit,0487647bef5aa0d0a8e33102d7028c46b19e6316171fd47fadfff26d97924a77,3,1,3,0.0,0.0,0.0,0.0,0.0,0.0,False,False,True,True
Beauty,A2B6I0N8RNAQXJ,fit,0487647bef5aa0d0a8e33102d7028c46b19e6316171fd47fadfff26d97924a77,4,1,3,0.0,0.0,0.0,0.0,0.0,0.0,False,False,True,True
Beauty,A2B6I0N8RNAQXJ,fit,0487647bef5aa0d0a8e33102d7028c46b19e6316171fd47fadfff26d97924a77,5,1,3,0.0,0.0,0.0,0.0,0.0,0.0,False,False,True,True
Beauty,A2B6I0N8RNAQXJ,fit,0487647bef5aa0d0a8e33102d7028c46b19e6316171fd47fadfff26d97924a77,6,1,3,0.0,0.0,0.0,0.0,0.0,0.0,False,False,True,True
Beauty,A1KLKBOWMTCTK,fit,0487a1a2de9d4b9bb02da7a2f8898015b4e53a747d9b5accaaea5014fe805066,0,108,11,0.0,-1.3938636779785156,-2.089007616043091,-2.425182342529297,1.0313186645507812,0.6951439380645752,True,False,True,True
Beauty,A1KLKBOWMTCTK,fit,0487a1a2de9d4b9bb02da7a2f8898015b4e53a747d9b5accaaea5014fe805066,1,139,11,0.0,-2.1428656578063965,-8.535553932189941,-7.924353122711182,5.781487464904785,6.392688274383545,True,False,True,True
Beauty,A1KLKBOWMTCTK,fit,0487a1a2de9d4b9bb02da7a2f8898015b4e53a747d9b5accaaea5014fe805066,2,1,11,0.0,0.0,0.0,0.0,0.0,0.0,False,False,True,True
Beauty,A1KLKBOWMTCTK,fit,0487a1a2de9d4b9bb02da7a2f8898015b4e53a747d9b5accaaea5014fe805066,3,2,11,0.0,0.0,-0.044520020484924316,-0.16278795897960663,0.16278795897960663,0.044520020484924316,True,True,True,True
Beauty,A1KLKBOWMTCTK,fit,0487a1a2de9d4b9bb02da7a2f8898015b4e53a747d9b5accaaea5014fe805066,4,1,11,0.0,0.0,0.0,0.0,0.0,0.0,False,False,True,True
Beauty,A1KLKBOWMTCTK,fit,0487a1a2de9d4b9bb02da7a2f8898015b4e53a747d9b5accaaea5014fe805066,5,1,11,0.0,0.0,0.0,0.0,0.0,0.0,False,False,True,True
Beauty,A1KLKBOWMTCTK,fit,0487a1a2de9d4b9bb02da7a2f8898015b4e53a747d9b5accaaea5014fe805066,6,1,11,0.0,0.0,0.0,0.0,0.0,0.0,False,False,True,True
Beauty,A40WOJQ9UBUJO,fit,049468ac5ee6facec2bbf03f8681cef9d96fc282c363dc0e43683a65e4b306f6,0,108,3,0.05263157894736842,-0.22330184280872345,-1.9344820976257324,-0.6537285447120667,0.4304267019033432,1.711180254817009,True,False,True,True
Beauty,A40WOJQ9UBUJO,fit,049468ac5ee6facec2bbf03f8681cef9d96fc282c363dc0e43683a65e4b306f6,1,98,3,0.05263157894736842,-2.450284719467163,-6.7258148193359375,-5.25625467300415,2.8059699535369873,4.275530099868774,True,False,True,True
Beauty,A40WOJQ9UBUJO,fit,049468ac5ee6facec2bbf03f8681cef9d96fc282c363dc0e43683a65e4b306f6,2,1,3,0.05263157894736842,0.0,0.0,0.0,0.0,0.0,False,False,True,True
Beauty,A40WOJQ9UBUJO,fit,049468ac5ee6facec2bbf03f8681cef9d96fc282c363dc0e43683a65e4b306f6,3,1,3,0.05263157894736842,0.0,0.0,0.0,0.0,0.0,False,False,True,True
Beauty,A40WOJQ9UBUJO,fit,049468ac5ee6facec2bbf03f8681cef9d96fc282c363dc0e43683a65e4b306f6,4,1,3,0.05263157894736842,0.0,0.0,0.0,0.0,0.0,False,False,True,True
Beauty,A40WOJQ9UBUJO,fit,049468ac5ee6facec2bbf03f8681cef9d96fc282c363dc0e43683a65e4b306f6,5,1,3,0.05263157894736842,0.0,0.0,0.0,0.0,0.0,False,False,True,True
Beauty,A40WOJQ9UBUJO,fit,049468ac5ee6facec2bbf03f8681cef9d96fc282c363dc0e43683a65e4b306f6,6,1,3,0.05263157894736842,0.0,0.0,0.0,0.0,0.0,False,False,True,True
Beauty,A3N4R18KX9VISZ,fit,0494fb23f89b3706e1e38a4078ee425275d16d442388c3d3612b740ba41eb2da,0,108,9,0.1111111111111111,-5.465421199798584,-5.394913673400879,-5.082465171813965,-0.38295602798461914,-0.07050752639770508,False,False,True,True
Beauty,A3N4R18KX9VISZ,fit,0494fb23f89b3706e1e38a4078ee425275d16d442388c3d3612b740ba41eb2da,1,28,9,0.1111111111111111,-5.391551494598389,-6.736310958862305,-5.844877243041992,0.4533257484436035,1.344759464263916,True,False,True,True
Beauty,A3N4R18KX9VISZ,fit,0494fb23f89b3706e1e38a4078ee425275d16d442388c3d3612b740ba41eb2da,2,1,9,0.1111111111111111,0.0,0.0,0.0,0.0,0.0,False,False,True,True
Beauty,A3N4R18KX9VISZ,fit,0494fb23f89b3706e1e38a4078ee425275d16d442388c3d3612b740ba41eb2da,3,1,9,0.1111111111111111,0.0,0.0,0.0,0.0,0.0,False,False,True,True
Beauty,A3N4R18KX9VISZ,fit,0494fb23f89b3706e1e38a4078ee425275d16d442388c3d3612b740ba41eb2da,4,1,9,0.1111111111111111,0.0,0.0,0.0,0.0,0.0,False,False,True,True
Beauty,A3N4R18KX9VISZ,fit,0494fb23f89b3706e1e38a4078ee425275d16d442388c3d3612b740ba41eb2da,5,1,9,0.1111111111111111,0.0,0.0,0.0,0.0,0.0,False,False,True,True
Beauty,A3N4R18KX9VISZ,fit,0494fb23f89b3706e1e38a4078ee425275d16d442388c3d3612b740ba41eb2da,6,1,9,0.1111111111111111,0.0,0.0,0.0,0.0,0.0,False,False,True,True
Beauty,A3HK49P9VGHVGK,fit,049c8d688e9767278d7c04165cfe332306fac3c35508c399f40e31b3f876788c,0,108,2,0.0,-3.6498560905456543,-4.142611980438232,-4.694813251495361,1.044957160949707,0.4927558898925781,True,False,True,True
Beauty,A3HK49P9VGHVGK,fit,049c8d688e9767278d7c04165cfe332306fac3c35508c399f40e31b3f876788c,1,59,2,0.0,-0.422310471534729,-2.2782959938049316,-1.032049298286438,0.609738826751709,1.8559855222702026,True,False,True,True
Beauty,A3HK49P9VGHVGK,fit,049c8d688e9767278d7c04165cfe332306fac3c35508c399f40e31b3f876788c,2,1,2,0.0,0.0,0.0,0.0,0.0,0.0,False,False,True,True
Beauty,A3HK49P9VGHVGK,fit,049c8d688e9767278d7c04165cfe332306fac3c35508c399f40e31b3f876788c,3,1,2,0.0,0.0,0.0,0.0,0.0,0.0,False,False,True,True
Beauty,A3HK49P9VGHVGK,fit,049c8d688e9767278d7c04165cfe332306fac3c35508c399f40e31b3f876788c,4,1,2,0.0,0.0,0.0,0.0,0.0,0.0,False,False,True,True
Beauty,A3HK49P9VGHVGK,fit,049c8d688e9767278d7c04165cfe332306fac3c35508c399f40e31b3f876788c,5,1,2,0.0,0.0,0.0,0.0,0.0,0.0,False,False,True,True
Beauty,A3HK49P9VGHVGK,fit,049c8d688e9767278d7c04165cfe332306fac3c35508c399f40e31b3f876788c,6,1,2,0.0,0.0,0.0,0.0,0.0,0.0,False,False,True,True
Beauty,A22R9BCC0CAGM7,fit,04a19e3ba167c64df76de061c99fff6a564651b3a2bc1c6168472364cfe2f671,0,108,6,0.17647058823529413,-1.5693663358688354,-2.4701004028320312,-1.9220685958862305,0.352702260017395,0.9007340669631958,True,False,True,True
Beauty,A22R9BCC0CAGM7,fit,04a19e3ba167c64df76de061c99fff6a564651b3a2bc1c6168472364cfe2f671,1,42,6,0.17647058823529413,-0.8584994077682495,-1.28147292137146,-2.6276910305023193,1.7691916227340698,0.42297351360321045,True,False,True,True
Beauty,A22R9BCC0CAGM7,fit,04a19e3ba167c64df76de061c99fff6a564651b3a2bc1c6168472364cfe2f671,2,5,6,0.17647058823529413,-0.0018543682526797056,-0.027526913210749626,-0.018857721239328384,0.01700335298664868,0.02567254495806992,True,True,True,True
Beauty,A22R9BCC0CAGM7,fit,04a19e3ba167c64df76de061c99fff6a564651b3a2bc1c6168472364cfe2f671,3,10,6,0.17647058823529413,-0.25323304533958435,-0.5833241939544678,-0.43859386444091797,0.18536081910133362,0.3300911486148834,True,False,True,True
Beauty,A22R9BCC0CAGM7,fit,04a19e3ba167c64df76de061c99fff6a564651b3a2bc1c6168472364cfe2f671,4,5,6,0.17647058823529413,-1.3117096424102783,-1.5013556480407715,-1.3078360557556152,-0.003873586654663086,0.18964600563049316,False,False,True,True
Beauty,A22R9BCC0CAGM7,fit,04a19e3ba167c64df76de061c99fff6a564651b3a2bc1c6168472364cfe2f671,5,1,6,0.17647058823529413,0.0,0.0,0.0,0.0,0.0,False,False,True,True
Beauty,A22R9BCC0CAGM7,fit,04a19e3ba167c64df76de061c99fff6a564651b3a2bc1c6168472364cfe2f671,6,1,6,0.17647058823529413,0.0,0.0,0.0,0.0,0.0,False,False,True,True
Beauty,A22R9BCC0CAGM7,fit,04a19e3ba167c64df76de061c99fff6a564651b3a2bc1c6168472364cfe2f671,7,3,6,0.17647058823529413,-3.1616806983947754,-1.3185696601867676,-1.1607818603515625,-2.000898838043213,-1.8431110382080078,False,False,True,True
Beauty,AEVM3MCCZPDOQ,fit,04a9548dd731ade19afb83a9885d664882ff870dbe7276719642785c8beb04f0,0,108,4,0.05263157894736842,-0.19391989707946777,-3.8951802253723145,-0.8549515604972839,0.6610316634178162,3.7012603282928467,True,False,True,True
Beauty,AEVM3MCCZPDOQ,fit,04a9548dd731ade19afb83a9885d664882ff870dbe7276719642785c8beb04f0,1,112,4,0.05263157894736842,-1.1451374292373657,-4.114262580871582,-2.4433388710021973,1.2982014417648315,2.9691251516342163,True,False,True,True
Beauty,AEVM3MCCZPDOQ,fit,04a9548dd731ade19afb83a9885d664882ff870dbe7276719642785c8beb04f0,2,1,4,0.05263157894736842,0.0,0.0,0.0,0.0,0.0,False,False,True,True
Beauty,AEVM3MCCZPDOQ,fit,04a9548dd731ade19afb83a9885d664882ff870dbe7276719642785c8beb04f0,3,6,4,0.05263157894736842,-0.159870907664299,-0.002185577293857932,-0.004355231299996376,-0.15551567636430264,-0.15768533037044108,False,False,True,True
Beauty,AEVM3MCCZPDOQ,fit,04a9548dd731ade19afb83a9885d664882ff870dbe7276719642785c8beb04f0,4,1,4,0.05263157894736842,0.0,0.0,0.0,0.0,0.0,False,False,True,True
Beauty,AEVM3MCCZPDOQ,fit,04a9548dd731ade19afb83a9885d664882ff870dbe7276719642785c8beb04f0,5,2,4,0.05263157894736842,-0.5462177991867065,-31.777589797973633,-28.82063865661621,28.274420857429504,31.231371998786926,True,False,True,True
Beauty,AEVM3MCCZPDOQ,fit,04a9548dd731ade19afb83a9885d664882ff870dbe7276719642785c8beb04f0,6,1,4,0.05263157894736842,0.0,0.0,0.0,0.0,0.0,False,False,True,True
Beauty,AOYLTUSFMTEBQ,fit,04a9779a3b16702fbccecd94982193a00fda07df00a407cfd93a9a522b25e8ef,0,108,2,0.0,-3.420619487762451,-4.150662422180176,-4.3555684089660645,0.9349489212036133,0.7300429344177246,True,False,True,True
Beauty,AOYLTUSFMTEBQ,fit,04a9779a3b16702fbccecd94982193a00fda07df00a407cfd93a9a522b25e8ef,1,94,2,0.0,-2.627277374267578,-3.478543758392334,-2.8053088188171387,0.17803144454956055,0.8512663841247559,True,False,True,True
Beauty,AOYLTUSFMTEBQ,fit,04a9779a3b16702fbccecd94982193a00fda07df00a407cfd93a9a522b25e8ef,2,1,2,0.0,0.0,0.0,0.0,0.0,0.0,False,False,True,True
Beauty,AOYLTUSFMTEBQ,fit,04a9779a3b16702fbccecd94982193a00fda07df00a407cfd93a9a522b25e8ef,3,1,2,0.0,0.0,0.0,0.0,0.0,0.0,False,False,True,True
Beauty,AOYLTUSFMTEBQ,fit,04a9779a3b16702fbccecd94982193a00fda07df00a407cfd93a9a522b25e8ef,4,2,2,0.0,-0.2450958788394928,-0.29026734828948975,-0.12164082378149033,-0.12345505505800247,0.04517146944999695,False,False,True,True
Beauty,AOYLTUSFMTEBQ,fit,04a9779a3b16702fbccecd94982193a00fda07df00a407cfd93a9a522b25e8ef,5,1,2,0.0,0.0,0.0,0.0,0.0,0.0,False,False,True,True
Beauty,AOYLTUSFMTEBQ,fit,04a9779a3b16702fbccecd94982193a00fda07df00a407cfd93a9a522b25e8ef,6,1,2,0.0,0.0,0.0,0.0,0.0,0.0,False,False,True,True
Beauty,A2KQRUKXGEIPJ8,fit,04c09ec49564f10422e2559dfaf97d770106fe3bcdcc7026681c987320d40755,0,108,6,0.05263157894736842,-1.753880262374878,-2.261597156524658,-1.344049096107483,-0.409831166267395,0.5077168941497803,False,False,True,True
Beauty,A2KQRUKXGEIPJ8,fit,04c09ec49564f10422e2559dfaf97d770106fe3bcdcc7026681c987320d40755,1,89,6,0.05263157894736842,-4.79248046875,-5.556297779083252,-7.423146724700928,2.6306662559509277,0.763817310333252,True,False,True,True
Beauty,A2KQRUKXGEIPJ8,fit,04c09ec49564f10422e2559dfaf97d770106fe3bcdcc7026681c987320d40755,2,2,6,0.05263157894736842,-0.5139805674552917,-0.6181675791740417,-0.8861957788467407,0.372215211391449,0.10418701171875,True,False,True,True
Beauty,A2KQRUKXGEIPJ8,fit,04c09ec49564f10422e2559dfaf97d770106fe3bcdcc7026681c987320d40755,3,3,6,0.05263157894736842,-0.01772129349410534,-0.08962927013635635,-0.02460559271275997,0.006884299218654633,0.07190797664225101,True,True,True,True
Beauty,A2KQRUKXGEIPJ8,fit,04c09ec49564f10422e2559dfaf97d770106fe3bcdcc7026681c987320d40755,4,1,6,0.05263157894736842,0.0,0.0,0.0,0.0,0.0,False,False,True,True
Beauty,A2KQRUKXGEIPJ8,fit,04c09ec49564f10422e2559dfaf97d770106fe3bcdcc7026681c987320d40755,5,1,6,0.05263157894736842,0.0,0.0,0.0,0.0,0.0,False,False,True,True
Beauty,A2KQRUKXGEIPJ8,fit,04c09ec49564f10422e2559dfaf97d770106fe3bcdcc7026681c987320d40755,6,1,6,0.05263157894736842,0.0,0.0,0.0,0.0,0.0,False,False,True,True
Beauty,A50L19N0HMBG4,fit,04c7d7f893e765086197bf056ce632b16a4f6fdf1ff1b4894192b19567707aa3,0,108,4,0.05263157894736842,-3.7526426315307617,-3.8281097412109375,-3.9133737087249756,0.16073107719421387,0.07546710968017578,True,True,True,True
Beauty,A50L19N0HMBG4,fit,04c7d7f893e765086197bf056ce632b16a4f6fdf1ff1b4894192b19567707aa3,1,78,4,0.05263157894736842,-4.276090621948242,-4.227296829223633,-4.53058385848999,0.25449323654174805,-0.048793792724609375,True,True,True,True
Beauty,A50L19N0HMBG4,fit,04c7d7f893e765086197bf056ce632b16a4f6fdf1ff1b4894192b19567707aa3,2,1,4,0.05263157894736842,0.0,0.0,0.0,0.0,0.0,False,False,True,True
Beauty,A50L19N0HMBG4,fit,04c7d7f893e765086197bf056ce632b16a4f6fdf1ff1b4894192b19567707aa3,3,1,4,0.05263157894736842,0.0,0.0,0.0,0.0,0.0,False,False,True,True
Beauty,A50L19N0HMBG4,fit,04c7d7f893e765086197bf056ce632b16a4f6fdf1ff1b4894192b19567707aa3,4,1,4,0.05263157894736842,0.0,0.0,0.0,0.0,0.0,False,False,True,True
Beauty,A50L19N0HMBG4,fit,04c7d7f893e765086197bf056ce632b16a4f6fdf1ff1b4894192b19567707aa3,5,1,4,0.05263157894736842,0.0,0.0,0.0,0.0,0.0,False,False,True,True
Beauty,A50L19N0HMBG4,fit,04c7d7f893e765086197bf056ce632b16a4f6fdf1ff1b4894192b19567707aa3,6,1,4,0.05263157894736842,0.0,0.0,0.0,0.0,0.0,False,False,True,True
Beauty,A27FZGNMKJ1VEP,fit,04ca2ea47071b03918fe5b5a5f7b5f6c25c5e46f9c152d673031e530f8f0bc08,0,108,8,0.0,-0.5598166584968567,-0.9675205945968628,-0.7162508964538574,0.15643423795700073,0.4077039361000061,True,False,True,True
Beauty,A27FZGNMKJ1VEP,fit,04ca2ea47071b03918fe5b5a5f7b5f6c25c5e46f9c152d673031e530f8f0bc08,1,255,8,0.0,-4.606797218322754,-4.359193801879883,-4.149592399597168,-0.45720481872558594,-0.2476034164428711,False,False,True,True
Beauty,A27FZGNMKJ1VEP,fit,04ca2ea47071b03918fe5b5a5f7b5f6c25c5e46f9c152d673031e530f8f0bc08,2,4,8,0.0,-0.3097619116306305,-3.8742269680369645e-05,-6.365573790390044e-05,-0.3096982558927266,-0.3097231693609501,False,False,True,True
Beauty,A27FZGNMKJ1VEP,fit,04ca2ea47071b03918fe5b5a5f7b5f6c25c5e46f9c152d673031e530f8f0bc08,3,1,8,0.0,0.0,0.0,0.0,0.0,0.0,False,False,True,True
Beauty,A27FZGNMKJ1VEP,fit,04ca2ea47071b03918fe5b5a5f7b5f6c25c5e46f9c152d673031e530f8f0bc08,4,1,8,0.0,0.0,0.0,0.0,0.0,0.0,False,False,True,True
Beauty,A27FZGNMKJ1VEP,fit,04ca2ea47071b03918fe5b5a5f7b5f6c25c5e46f9c152d673031e530f8f0bc08,5,1,8,0.0,0.0,0.0,0.0,0.0,0.0,False,False,True,True
Beauty,A27FZGNMKJ1VEP,fit,04ca2ea47071b03918fe5b5a5f7b5f6c25c5e46f9c152d673031e530f8f0bc08,6,1,8,0.0,0.0,0.0,0.0,0.0,0.0,False,False,True,True
Beauty,A2D2M8D7Y3WXSS,fit,04d20b7da3217028502db3627919c0755f4f11ec2ebc2a9f7284a2a6b6f8dd62,0,108,7,0.1111111111111111,-3.9842545986175537,-3.574244499206543,-4.057293891906738,0.07303929328918457,-0.41001009941101074,True,True,True,True
Beauty,A2D2M8D7Y3WXSS,fit,04d20b7da3217028502db3627919c0755f4f11ec2ebc2a9f7284a2a6b6f8dd62,1,89,7,0.1111111111111111,-3.1352765560150146,-7.045221328735352,-4.157365798950195,1.0220892429351807,3.909944772720337,True,False,True,True
Beauty,A2D2M8D7Y3WXSS,fit,04d20b7da3217028502db3627919c0755f4f11ec2ebc2a9f7284a2a6b6f8dd62,2,5,7,0.1111111111111111,-4.924858093261719,-5.3953537940979,-5.523737907409668,0.5988798141479492,0.47049570083618164,True,False,True,True
Beauty,A2D2M8D7Y3WXSS,fit,04d20b7da3217028502db3627919c0755f4f11ec2ebc2a9f7284a2a6b6f8dd62,3,1,7,0.1111111111111111,0.0,0.0,0.0,0.0,0.0,False,False,True,True
Beauty,A2D2M8D7Y3WXSS,fit,04d20b7da3217028502db3627919c0755f4f11ec2ebc2a9f7284a2a6b6f8dd62,4,1,7,0.1111111111111111,0.0,0.0,0.0,0.0,0.0,False,False,True,True
Beauty,A2D2M8D7Y3WXSS,fit,04d20b7da3217028502db3627919c0755f4f11ec2ebc2a9f7284a2a6b6f8dd62,5,1,7,0.1111111111111111,0.0,0.0,0.0,0.0,0.0,False,False,True,True
Beauty,A2D2M8D7Y3WXSS,fit,04d20b7da3217028502db3627919c0755f4f11ec2ebc2a9f7284a2a6b6f8dd62,6,1,7,0.1111111111111111,0.0,0.0,0.0,0.0,0.0,False,False,True,True
Beauty,A2Q0ZUKI9F47A7,fit,04d2858e4ba9b6ae98e21aa4dce48bfcf0889b431706449b14c8c942237647c8,0,108,2,0.1111111111111111,-1.995376467704773,-3.6730751991271973,-1.9167536497116089,-0.07862281799316406,1.6776987314224243,False,False,True,True
Beauty,A2Q0ZUKI9F47A7,fit,04d2858e4ba9b6ae98e21aa4dce48bfcf0889b431706449b14c8c942237647c8,1,51,2,0.1111111111111111,-3.3261659145355225,-2.9873299598693848,-1.9102271795272827,-1.4159387350082397,-0.3388359546661377,False,False,True,True
Beauty,A2Q0ZUKI9F47A7,fit,04d2858e4ba9b6ae98e21aa4dce48bfcf0889b431706449b14c8c942237647c8,2,3,2,0.1111111111111111,-0.010222931392490864,-0.009962950833141804,-0.014833983965218067,0.004611052572727203,-0.00025998055934906006,True,True,True,True
Beauty,A2Q0ZUKI9F47A7,fit,04d2858e4ba9b6ae98e21aa4dce48bfcf0889b431706449b14c8c942237647c8,3,1,2,0.1111111111111111,0.0,0.0,0.0,0.0,0.0,False,False,True,True
Beauty,A2Q0ZUKI9F47A7,fit,04d2858e4ba9b6ae98e21aa4dce48bfcf0889b431706449b14c8c942237647c8,4,1,2,0.1111111111111111,0.0,0.0,0.0,0.0,0.0,False,False,True,True
Beauty,A2Q0ZUKI9F47A7,fit,04d2858e4ba9b6ae98e21aa4dce48bfcf0889b431706449b14c8c942237647c8,5,1,2,0.1111111111111111,0.0,0.0,0.0,0.0,0.0,False,False,True,True
Beauty,A2Q0ZUKI9F47A7,fit,04d2858e4ba9b6ae98e21aa4dce48bfcf0889b431706449b14c8c942237647c8,6,1,2,0.1111111111111111,0.0,0.0,0.0,0.0,0.0,False,False,True,True
Beauty,A2RPVYLTOWGGRP,fit,04d73f444d8d25b2a6670db85e9487a999e9f8abf992863dd72204db8351b957,0,108,7,0.0,-3.4968929290771484,-3.5181362628936768,-3.955066442489624,0.4581735134124756,0.02124333381652832,True,True,True,True
Beauty,A2RPVYLTOWGGRP,fit,04d73f444d8d25b2a6670db85e9487a999e9f8abf992863dd72204db8351b957,1,105,7,0.0,-2.4830613136291504,-4.568331241607666,-5.641963958740234,3.158902645111084,2.0852699279785156,True,False,True,True
Beauty,A2RPVYLTOWGGRP,fit,04d73f444d8d25b2a6670db85e9487a999e9f8abf992863dd72204db8351b957,2,2,7,0.0,-0.0030714739114046097,-0.04617772996425629,-0.6988443732261658,0.6957728993147612,0.04310625605285168,True,True,True,True
Beauty,A2RPVYLTOWGGRP,fit,04d73f444d8d25b2a6670db85e9487a999e9f8abf992863dd72204db8351b957,3,1,7,0.0,0.0,0.0,0.0,0.0,0.0,False,False,True,True
Beauty,A2RPVYLTOWGGRP,fit,04d73f444d8d25b2a6670db85e9487a999e9f8abf992863dd72204db8351b957,4,1,7,0.0,0.0,0.0,0.0,0.0,0.0,False,False,True,True
Beauty,A2RPVYLTOWGGRP,fit,04d73f444d8d25b2a6670db85e9487a999e9f8abf992863dd72204db8351b957,5,1,7,0.0,0.0,0.0,0.0,0.0,0.0,False,False,True,True
Beauty,A2RPVYLTOWGGRP,fit,04d73f444d8d25b2a6670db85e9487a999e9f8abf992863dd72204db8351b957,6,1,7,0.0,0.0,0.0,0.0,0.0,0.0,False,False,True,True
Beauty,A38KK0SZYEH5UD,fit,04d7675f9061d74c2edaecec5f43a44d260e537bba6a0d45e7b956dfcb133bb2,0,108,20,0.0,-0.2557983100414276,-3.4561643600463867,-4.330597877502441,4.074799567461014,3.200366050004959,True,False,True,True
Beauty,A38KK0SZYEH5UD,fit,04d7675f9061d74c2edaecec5f43a44d260e537bba6a0d45e7b956dfcb133bb2,1,110,20,0.0,-0.0005853846669197083,-6.078543186187744,-9.25137996673584,9.25079458206892,6.077957801520824,True,False,True,True
Beauty,A38KK0SZYEH5UD,fit,04d7675f9061d74c2edaecec5f43a44d260e537bba6a0d45e7b956dfcb133bb2,2,2,20,0.0,-0.0027853762730956078,-0.05804109200835228,-0.03670092672109604,0.03391555044800043,0.05525571573525667,True,True,True,True
Beauty,A38KK0SZYEH5UD,fit,04d7675f9061d74c2edaecec5f43a44d260e537bba6a0d45e7b956dfcb133bb2,3,1,20,0.0,0.0,0.0,0.0,0.0,0.0,False,False,True,True
Beauty,A38KK0SZYEH5UD,fit,04d7675f9061d74c2edaecec5f43a44d260e537bba6a0d45e7b956dfcb133bb2,4,1,20,0.0,0.0,0.0,0.0,0.0,0.0,False,False,True,True
Beauty,A38KK0SZYEH5UD,fit,04d7675f9061d74c2edaecec5f43a44d260e537bba6a0d45e7b956dfcb133bb2,5,1,20,0.0,0.0,0.0,0.0,0.0,0.0,False,False,True,True
Beauty,A38KK0SZYEH5UD,fit,04d7675f9061d74c2edaecec5f43a44d260e537bba6a0d45e7b956dfcb133bb2,6,1,20,0.0,0.0,0.0,0.0,0.0,0.0,False,False,True,True
Beauty,AT8TS7XTO8TIE,fit,04dda3982b57ec5e5060e5315e2238dc4cad39e12e798943ddfd2e275a122442,0,108,3,0.0,-2.113203525543213,-2.291020154953003,-1.5090129375457764,-0.6041905879974365,0.17781662940979004,False,False,True,True
Beauty,AT8TS7XTO8TIE,fit,04dda3982b57ec5e5060e5315e2238dc4cad39e12e798943ddfd2e275a122442,1,255,3,0.0,-2.7631113529205322,-3.376645088195801,-3.44443416595459,0.6813228130340576,0.6135337352752686,True,False,True,True
Beauty,AT8TS7XTO8TIE,fit,04dda3982b57ec5e5060e5315e2238dc4cad39e12e798943ddfd2e275a122442,2,1,3,0.0,0.0,0.0,0.0,0.0,0.0,False,False,True,True
Beauty,AT8TS7XTO8TIE,fit,04dda3982b57ec5e5060e5315e2238dc4cad39e12e798943ddfd2e275a122442,3,1,3,0.0,0.0,0.0,0.0,0.0,0.0,False,False,True,True
Beauty,AT8TS7XTO8TIE,fit,04dda3982b57ec5e5060e5315e2238dc4cad39e12e798943ddfd2e275a122442,4,2,3,0.0,-0.7593512535095215,-0.6246528625488281,-0.9175034761428833,0.15815222263336182,-0.13469839096069336,True,True,True,True
Beauty,AT8TS7XTO8TIE,fit,04dda3982b57ec5e5060e5315e2238dc4cad39e12e798943ddfd2e275a122442,5,1,3,0.0,0.0,0.0,0.0,0.0,0.0,False,False,True,True
Beauty,AT8TS7XTO8TIE,fit,04dda3982b57ec5e5060e5315e2238dc4cad39e12e798943ddfd2e275a122442,6,1,3,0.0,0.0,0.0,0.0,0.0,0.0,False,False,True,True
Beauty,A3NGLUTI9066QS,fit,04e460807fa9ee84e5f20ebd989f9d5f441289bb9e97b64a9bab0bc8b00dcfce,0,108,3,0.05263157894736842,-0.7402280569076538,-2.05143404006958,-2.040379524230957,1.3001514673233032,1.3112059831619263,True,False,True,True
Beauty,A3NGLUTI9066QS,fit,04e460807fa9ee84e5f20ebd989f9d5f441289bb9e97b64a9bab0bc8b00dcfce,1,98,3,0.05263157894736842,-0.030275508761405945,-2.9818477630615234,-1.5172442197799683,1.4869687110185623,2.9515722543001175,True,False,True,True
Beauty,A3NGLUTI9066QS,fit,04e460807fa9ee84e5f20ebd989f9d5f441289bb9e97b64a9bab0bc8b00dcfce,2,9,3,0.05263157894736842,0.0,-0.6510571837425232,-0.5324304103851318,0.5324304103851318,0.6510571837425232,True,False,True,True
Beauty,A3NGLUTI9066QS,fit,04e460807fa9ee84e5f20ebd989f9d5f441289bb9e97b64a9bab0bc8b00dcfce,3,6,3,0.05263157894736842,0.0,-20.007217407226562,-19.168485641479492,19.168485641479492,20.007217407226562,True,False,True,True
Beauty,A3NGLUTI9066QS,fit,04e460807fa9ee84e5f20ebd989f9d5f441289bb9e97b64a9bab0bc8b00dcfce,4,1,3,0.05263157894736842,0.0,0.0,0.0,0.0,0.0,False,False,True,True
Beauty,A3NGLUTI9066QS,fit,04e460807fa9ee84e5f20ebd989f9d5f441289bb9e97b64a9bab0bc8b00dcfce,5,1,3,0.05263157894736842,0.0,0.0,0.0,0.0,0.0,False,False,True,True
Beauty,A3NGLUTI9066QS,fit,04e460807fa9ee84e5f20ebd989f9d5f441289bb9e97b64a9bab0bc8b00dcfce,6,1,3,0.05263157894736842,0.0,0.0,0.0,0.0,0.0,False,False,True,True
Beauty,A19X7WG27WF5XZ,fit,04e88ddbdf95e6e57a4f29fe281c82a1447b7c693e35b34eb44887d7f17db97f,0,108,8,0.0,-5.85066556930542,-4.612350940704346,-5.686591148376465,-0.16407442092895508,-1.2383146286010742,False,False,True,True
Beauty,A19X7WG27WF5XZ,fit,04e88ddbdf95e6e57a4f29fe281c82a1447b7c693e35b34eb44887d7f17db97f,1,151,8,0.0,-4.326390266418457,-6.777706623077393,-5.395323276519775,1.0689330101013184,2.4513163566589355,True,False,True,True
Beauty,A19X7WG27WF5XZ,fit,04e88ddbdf95e6e57a4f29fe281c82a1447b7c693e35b34eb44887d7f17db97f,2,1,8,0.0,0.0,0.0,0.0,0.0,0.0,False,False,True,True
Beauty,A19X7WG27WF5XZ,fit,04e88ddbdf95e6e57a4f29fe281c82a1447b7c693e35b34eb44887d7f17db97f,3,1,8,0.0,0.0,0.0,0.0,0.0,0.0,False,False,True,True
Beauty,A19X7WG27WF5XZ,fit,04e88ddbdf95e6e57a4f29fe281c82a1447b7c693e35b34eb44887d7f17db97f,4,1,8,0.0,0.0,0.0,0.0,0.0,0.0,False,False,True,True
Beauty,A19X7WG27WF5XZ,fit,04e88ddbdf95e6e57a4f29fe281c82a1447b7c693e35b34eb44887d7f17db97f,5,1,8,0.0,0.0,0.0,0.0,0.0,0.0,False,False,True,True
Beauty,A19X7WG27WF5XZ,fit,04e88ddbdf95e6e57a4f29fe281c82a1447b7c693e35b34eb44887d7f17db97f,6,1,8,0.0,0.0,0.0,0.0,0.0,0.0,False,False,True,True
Beauty,A101E37WFPUEII,fit,04e9fc0a3884759a7848cb083f385fa90a4ab33a12f8193f283291d723b16172,0,108,2,0.0,-8.140216827392578,-5.00563907623291,-6.2978692054748535,-1.8423476219177246,-3.134577751159668,False,False,True,True
Beauty,A101E37WFPUEII,fit,04e9fc0a3884759a7848cb083f385fa90a4ab33a12f8193f283291d723b16172,1,89,2,0.0,-2.5285582542419434,-2.0051870346069336,-2.613823413848877,0.0852651596069336,-0.5233712196350098,True,True,True,True
Beauty,A101E37WFPUEII,fit,04e9fc0a3884759a7848cb083f385fa90a4ab33a12f8193f283291d723b16172,2,1,2,0.0,0.0,0.0,0.0,0.0,0.0,False,False,True,True
Beauty,A101E37WFPUEII,fit,04e9fc0a3884759a7848cb083f385fa90a4ab33a12f8193f283291d723b16172,3,1,2,0.0,0.0,0.0,0.0,0.0,0.0,False,False,True,True
Beauty,A101E37WFPUEII,fit,04e9fc0a3884759a7848cb083f385fa90a4ab33a12f8193f283291d723b16172,4,1,2,0.0,0.0,0.0,0.0,0.0,0.0,False,False,True,True
Beauty,A101E37WFPUEII,fit,04e9fc0a3884759a7848cb083f385fa90a4ab33a12f8193f283291d723b16172,5,1,2,0.0,0.0,0.0,0.0,0.0,0.0,False,False,True,True
Beauty,A101E37WFPUEII,fit,04e9fc0a3884759a7848cb083f385fa90a4ab33a12f8193f283291d723b16172,6,1,2,0.0,0.0,0.0,0.0,0.0,0.0,False,False,True,True
Beauty,A101E37WFPUEII,fit,04e9fc0a3884759a7848cb083f385fa90a4ab33a12f8193f283291d723b16172,7,2,2,0.0,-0.10406636446714401,-0.12664955854415894,-0.08981300890445709,-0.01425335556268692,0.022583194077014923,False,False,True,True
Beauty,A1ZTRCYKAI19O6,fit,04ea2bb750a482dcaab6e39dc4a1865ee01173a6c4f5e02fddb612f36d7ed107,0,108,2,0.0,-5.888609886169434,-5.158203125,-4.610779762268066,-1.2778301239013672,-0.7304067611694336,False,False,True,True
Beauty,A1ZTRCYKAI19O6,fit,04ea2bb750a482dcaab6e39dc4a1865ee01173a6c4f5e02fddb612f36d7ed107,1,69,2,0.0,-4.126784324645996,-4.225695610046387,-4.285754203796387,0.15896987915039062,0.09891128540039062,True,True,True,True
Beauty,A1ZTRCYKAI19O6,fit,04ea2bb750a482dcaab6e39dc4a1865ee01173a6c4f5e02fddb612f36d7ed107,2,1,2,0.0,0.0,0.0,0.0,0.0,0.0,False,False,True,True
Beauty,A1ZTRCYKAI19O6,fit,04ea2bb750a482dcaab6e39dc4a1865ee01173a6c4f5e02fddb612f36d7ed107,3,1,2,0.0,0.0,0.0,0.0,0.0,0.0,False,False,True,True
Beauty,A1ZTRCYKAI19O6,fit,04ea2bb750a482dcaab6e39dc4a1865ee01173a6c4f5e02fddb612f36d7ed107,4,1,2,0.0,0.0,0.0,0.0,0.0,0.0,False,False,True,True
Beauty,A1ZTRCYKAI19O6,fit,04ea2bb750a482dcaab6e39dc4a1865ee01173a6c4f5e02fddb612f36d7ed107,5,1,2,0.0,0.0,0.0,0.0,0.0,0.0,False,False,True,True
Beauty,A1ZTRCYKAI19O6,fit,04ea2bb750a482dcaab6e39dc4a1865ee01173a6c4f5e02fddb612f36d7ed107,6,1,2,0.0,0.0,0.0,0.0,0.0,0.0,False,False,True,True
Beauty,A2XSC45K6EDTJV,fit,04eb40782a1fc2d8817b7841ae22c44e5224242cf8bec5b2d47b2beeb395e735,0,108,2,0.0,-5.612791538238525,-5.711536407470703,-5.157793998718262,-0.45499753952026367,0.09874486923217773,False,False,True,True
Beauty,A2XSC45K6EDTJV,fit,04eb40782a1fc2d8817b7841ae22c44e5224242cf8bec5b2d47b2beeb395e735,1,97,2,0.0,-3.4779529571533203,-5.201956748962402,-4.574629783630371,1.0966768264770508,1.724003791809082,True,False,True,True
Beauty,A2XSC45K6EDTJV,fit,04eb40782a1fc2d8817b7841ae22c44e5224242cf8bec5b2d47b2beeb395e735,2,4,2,0.0,-3.1443800926208496,-4.477470874786377,-3.5177671909332275,0.37338709831237793,1.3330907821655273,True,False,True,True
Beauty,A2XSC45K6EDTJV,fit,04eb40782a1fc2d8817b7841ae22c44e5224242cf8bec5b2d47b2beeb395e735,3,1,2,0.0,0.0,0.0,0.0,0.0,0.0,False,False,True,True
Beauty,A2XSC45K6EDTJV,fit,04eb40782a1fc2d8817b7841ae22c44e5224242cf8bec5b2d47b2beeb395e735,4,3,2,0.0,-0.0734235867857933,-0.2199772149324417,-0.09103021770715714,0.01760663092136383,0.1465536281466484,True,False,True,True
Beauty,A2XSC45K6EDTJV,fit,04eb40782a1fc2d8817b7841ae22c44e5224242cf8bec5b2d47b2beeb395e735,5,1,2,0.0,0.0,0.0,0.0,0.0,0.0,False,False,True,True
Beauty,A2XSC45K6EDTJV,fit,04eb40782a1fc2d8817b7841ae22c44e5224242cf8bec5b2d47b2beeb395e735,6,1,2,0.0,0.0,0.0,0.0,0.0,0.0,False,False,True,True
Beauty,A240W3C2Z3WQCQ,fit,04ed795679b117eecc3f5a11ba2938f3eabb2aad99ae298753df03f2ddffbe7f,0,108,12,0.1111111111111111,-0.3961854577064514,-0.5345793962478638,-0.14317192137241364,-0.2530135363340378,0.13839393854141235,False,False,True,True
Beauty,A240W3C2Z3WQCQ,fit,04ed795679b117eecc3f5a11ba2938f3eabb2aad99ae298753df03f2ddffbe7f,1,96,12,0.1111111111111111,-1.2005999088287354,-1.3278120756149292,-1.657787799835205,0.4571878910064697,0.12721216678619385,True,False,True,True
Beauty,A240W3C2Z3WQCQ,fit,04ed795679b117eecc3f5a11ba2938f3eabb2aad99ae298753df03f2ddffbe7f,2,2,12,0.1111111111111111,-0.01039141695946455,-0.008004610426723957,-0.00637118611484766,-0.00402023084461689,-0.002386806532740593,False,False,True,True
Beauty,A240W3C2Z3WQCQ,fit,04ed795679b117eecc3f5a11ba2938f3eabb2aad99ae298753df03f2ddffbe7f,3,1,12,0.1111111111111111,0.0,0.0,0.0,0.0,0.0,False,False,True,True
Beauty,A240W3C2Z3WQCQ,fit,04ed795679b117eecc3f5a11ba2938f3eabb2aad99ae298753df03f2ddffbe7f,4,1,12,0.1111111111111111,0.0,0.0,0.0,0.0,0.0,False,False,True,True
Beauty,A240W3C2Z3WQCQ,fit,04ed795679b117eecc3f5a11ba2938f3eabb2aad99ae298753df03f2ddffbe7f,5,1,12,0.1111111111111111,0.0,0.0,0.0,0.0,0.0,False,False,True,True
Beauty,A240W3C2Z3WQCQ,fit,04ed795679b117eecc3f5a11ba2938f3eabb2aad99ae298753df03f2ddffbe7f,6,1,12,0.1111111111111111,0.0,0.0,0.0,0.0,0.0,False,False,True,True
Beauty,A205I2954VFOPL,fit,04ef39a76c22aa240f3b1019ffaccbefb9a650de937e5ffaf30f463c3012c84f,0,108,4,0.0,-1.7038991451263428,-4.8335185050964355,-4.8288469314575195,3.1249477863311768,3.1296193599700928,True,False,True,True
Beauty,A205I2954VFOPL,fit,04ef39a76c22aa240f3b1019ffaccbefb9a650de937e5ffaf30f463c3012c84f,1,19,4,0.0,-0.14350780844688416,-6.176202774047852,-4.185114860534668,4.041607052087784,6.032694965600967,True,False,True,True
Beauty,A205I2954VFOPL,fit,04ef39a76c22aa240f3b1019ffaccbefb9a650de937e5ffaf30f463c3012c84f,2,3,4,0.0,-0.08078248798847198,-4.532451152801514,-3.753380298614502,3.67259781062603,4.451668664813042,True,False,True,True
Beauty,A205I2954VFOPL,fit,04ef39a76c22aa240f3b1019ffaccbefb9a650de937e5ffaf30f463c3012c84f,3,1,4,0.0,0.0,0.0,0.0,0.0,0.0,False,False,True,True
Beauty,A205I2954VFOPL,fit,04ef39a76c22aa240f3b1019ffaccbefb9a650de937e5ffaf30f463c3012c84f,4,1,4,0.0,0.0,0.0,0.0,0.0,0.0,False,False,True,True
Beauty,A205I2954VFOPL,fit,04ef39a76c22aa240f3b1019ffaccbefb9a650de937e5ffaf30f463c3012c84f,5,1,4,0.0,0.0,0.0,0.0,0.0,0.0,False,False,True,True
Beauty,A205I2954VFOPL,fit,04ef39a76c22aa240f3b1019ffaccbefb9a650de937e5ffaf30f463c3012c84f,6,1,4,0.0,0.0,0.0,0.0,0.0,0.0,False,False,True,True
Beauty,AGNXI2OEOANZ8,fit,04f298f77fa82fdc9b0d7d9f275a0f038e2aac792b4afe6ef35d5b77b73d6a42,0,108,3,0.0,-2.8275818824768066,-3.757704734802246,-2.400434970855713,-0.42714691162109375,0.9301228523254395,False,False,True,True
Beauty,AGNXI2OEOANZ8,fit,04f298f77fa82fdc9b0d7d9f275a0f038e2aac792b4afe6ef35d5b77b73d6a42,1,96,3,0.0,-4.062246322631836,-5.080789566040039,-4.550578594207764,0.48833227157592773,1.0185432434082031,True,False,True,True
Beauty,AGNXI2OEOANZ8,fit,04f298f77fa82fdc9b0d7d9f275a0f038e2aac792b4afe6ef35d5b77b73d6a42,2,1,3,0.0,0.0,0.0,0.0,0.0,0.0,False,False,True,True
Beauty,AGNXI2OEOANZ8,fit,04f298f77fa82fdc9b0d7d9f275a0f038e2aac792b4afe6ef35d5b77b73d6a42,3,1,3,0.0,0.0,0.0,0.0,0.0,0.0,False,False,True,True
Beauty,AGNXI2OEOANZ8,fit,04f298f77fa82fdc9b0d7d9f275a0f038e2aac792b4afe6ef35d5b77b73d6a42,4,1,3,0.0,0.0,0.0,0.0,0.0,0.0,False,False,True,True
Beauty,AGNXI2OEOANZ8,fit,04f298f77fa82fdc9b0d7d9f275a0f038e2aac792b4afe6ef35d5b77b73d6a42,5,1,3,0.0,0.0,0.0,0.0,0.0,0.0,False,False,True,True
Beauty,AGNXI2OEOANZ8,fit,04f298f77fa82fdc9b0d7d9f275a0f038e2aac792b4afe6ef35d5b77b73d6a42,6,1,3,0.0,0.0,0.0,0.0,0.0,0.0,False,False,True,True
Beauty,A1WKQ94M45D8MG,fit,04f3226c9e20403e5882669bf0831a80cc55fd7694bf121b04cbc366d38f8e51,0,108,20,0.0,-4.095498085021973,-3.4311277866363525,-4.565157413482666,0.46965932846069336,-0.6643702983856201,True,True,True,True
Beauty,A1WKQ94M45D8MG,fit,04f3226c9e20403e5882669bf0831a80cc55fd7694bf121b04cbc366d38f8e51,1,14,20,0.0,-0.6737396121025085,-0.12840397655963898,-2.769693613052368,2.0959540009498596,-0.5453356355428696,True,True,True,True
Beauty,A1WKQ94M45D8MG,fit,04f3226c9e20403e5882669bf0831a80cc55fd7694bf121b04cbc366d38f8e51,2,2,20,0.0,-0.2226749062538147,-0.03275679796934128,-0.03197856992483139,-0.1906963363289833,-0.18991810828447342,False,False,True,True
Beauty,A1WKQ94M45D8MG,fit,04f3226c9e20403e5882669bf0831a80cc55fd7694bf121b04cbc366d38f8e51,3,1,20,0.0,0.0,0.0,0.0,0.0,0.0,False,False,True,True
Beauty,A1WKQ94M45D8MG,fit,04f3226c9e20403e5882669bf0831a80cc55fd7694bf121b04cbc366d38f8e51,4,1,20,0.0,0.0,0.0,0.0,0.0,0.0,False,False,True,True
Beauty,A1WKQ94M45D8MG,fit,04f3226c9e20403e5882669bf0831a80cc55fd7694bf121b04cbc366d38f8e51,5,1,20,0.0,0.0,0.0,0.0,0.0,0.0,False,False,True,True
Beauty,A1WKQ94M45D8MG,fit,04f3226c9e20403e5882669bf0831a80cc55fd7694bf121b04cbc366d38f8e51,6,1,20,0.0,0.0,0.0,0.0,0.0,0.0,False,False,True,True
Beauty,A1WKQ94M45D8MG,fit,04f3226c9e20403e5882669bf0831a80cc55fd7694bf121b04cbc366d38f8e51,7,2,20,0.0,-0.29098451137542725,-0.29569971561431885,-0.3946927487850189,0.10370823740959167,0.0047152042388916016,True,True,True,True
Beauty,ACMR2X2LRR1ZF,fit,04f775fcb6f8fac76052936fbf98dc4c6f2f5a597e4f685813fb9ccd94aa1d71,0,108,8,0.0,-3.6456732749938965,-3.456360101699829,-2.024103879928589,-1.6215693950653076,-0.18931317329406738,False,False,True,True
Beauty,ACMR2X2LRR1ZF,fit,04f775fcb6f8fac76052936fbf98dc4c6f2f5a597e4f685813fb9ccd94aa1d71,1,58,8,0.0,-3.460487127304077,-3.623929977416992,-4.326220989227295,0.8657338619232178,0.16344285011291504,True,False,True,True
Beauty,ACMR2X2LRR1ZF,fit,04f775fcb6f8fac76052936fbf98dc4c6f2f5a597e4f685813fb9ccd94aa1d71,2,1,8,0.0,0.0,0.0,0.0,0.0,0.0,False,False,True,True
Beauty,ACMR2X2LRR1ZF,fit,04f775fcb6f8fac76052936fbf98dc4c6f2f5a597e4f685813fb9ccd94aa1d71,3,1,8,0.0,0.0,0.0,0.0,0.0,0.0,False,False,True,True
Beauty,ACMR2X2LRR1ZF,fit,04f775fcb6f8fac76052936fbf98dc4c6f2f5a597e4f685813fb9ccd94aa1d71,4,1,8,0.0,0.0,0.0,0.0,0.0,0.0,False,False,True,True
Beauty,ACMR2X2LRR1ZF,fit,04f775fcb6f8fac76052936fbf98dc4c6f2f5a597e4f685813fb9ccd94aa1d71,5,1,8,0.0,0.0,0.0,0.0,0.0,0.0,False,False,True,True
Beauty,ACMR2X2LRR1ZF,fit,04f775fcb6f8fac76052936fbf98dc4c6f2f5a597e4f685813fb9ccd94aa1d71,6,1,8,0.0,0.0,0.0,0.0,0.0,0.0,False,False,True,True
Beauty,A239I83OASPLIS,fit,04fdd446383909445abe09d326c092ca2be5a920e990004034c41fc8aecf1277,0,108,3,0.0,-0.9324214458465576,-2.768030881881714,-1.2380105257034302,0.30558907985687256,1.8356094360351562,True,False,True,True
Beauty,A239I83OASPLIS,fit,04fdd446383909445abe09d326c092ca2be5a920e990004034c41fc8aecf1277,1,73,3,0.0,-4.712962627410889,-10.302481651306152,-6.4246015548706055,1.7116389274597168,5.589519023895264,True,False,True,True
Beauty,A239I83OASPLIS,fit,04fdd446383909445abe09d326c092ca2be5a920e990004034c41fc8aecf1277,2,1,3,0.0,0.0,0.0,0.0,0.0,0.0,False,False,True,True
Beauty,A239I83OASPLIS,fit,04fdd446383909445abe09d326c092ca2be5a920e990004034c41fc8aecf1277,3,1,3,0.0,0.0,0.0,0.0,0.0,0.0,False,False,True,True
Beauty,A239I83OASPLIS,fit,04fdd446383909445abe09d326c092ca2be5a920e990004034c41fc8aecf1277,4,1,3,0.0,0.0,0.0,0.0,0.0,0.0,False,False,True,True
Beauty,A239I83OASPLIS,fit,04fdd446383909445abe09d326c092ca2be5a920e990004034c41fc8aecf1277,5,1,3,0.0,0.0,0.0,0.0,0.0,0.0,False,False,True,True
Beauty,A239I83OASPLIS,fit,04fdd446383909445abe09d326c092ca2be5a920e990004034c41fc8aecf1277,6,1,3,0.0,0.0,0.0,0.0,0.0,0.0,False,False,True,True
Beauty,A2H4JOAAC6GH77,fit,04fe98e217b183347010fff223fac82defab4e5bf4e582d99ba7ebf1d8cee8d1,0,108,2,0.1111111111111111,-0.8804121613502502,-2.7034173011779785,-1.0932164192199707,0.21280425786972046,1.8230051398277283,True,False,True,True
Beauty,A2H4JOAAC6GH77,fit,04fe98e217b183347010fff223fac82defab4e5bf4e582d99ba7ebf1d8cee8d1,1,255,2,0.1111111111111111,-2.39089035987854,-1.9154908657073975,-2.1950788497924805,-0.19581151008605957,-0.4753994941711426,False,False,True,True
Beauty,A2H4JOAAC6GH77,fit,04fe98e217b183347010fff223fac82defab4e5bf4e582d99ba7ebf1d8cee8d1,2,8,2,0.1111111111111111,-0.00023016665363684297,-2.0426931381225586,-1.8575631380081177,1.8573329713544808,2.0424629714689218,True,False,True,True
Beauty,A2H4JOAAC6GH77,fit,04fe98e217b183347010fff223fac82defab4e5bf4e582d99ba7ebf1d8cee8d1,3,1,2,0.1111111111111111,0.0,0.0,0.0,0.0,0.0,False,False,True,True
Beauty,A2H4JOAAC6GH77,fit,04fe98e217b183347010fff223fac82defab4e5bf4e582d99ba7ebf1d8cee8d1,4,1,2,0.1111111111111111,0.0,0.0,0.0,0.0,0.0,False,False,True,True
Beauty,A2H4JOAAC6GH77,fit,04fe98e217b183347010fff223fac82defab4e5bf4e582d99ba7ebf1d8cee8d1,5,1,2,0.1111111111111111,0.0,0.0,0.0,0.0,0.0,False,False,True,True
Beauty,A2H4JOAAC6GH77,fit,04fe98e217b183347010fff223fac82defab4e5bf4e582d99ba7ebf1d8cee8d1,6,1,2,0.1111111111111111,0.0,0.0,0.0,0.0,0.0,False,False,True,True
Beauty,A32NEDX6UVV8DE,fit,0503ca8b1014d527b51e4e455d38b525135ed3dc04e883385fb0bdf88696bbc1,0,108,10,0.05263157894736842,-1.1208007335662842,-2.1559903621673584,-1.2765825986862183,0.15578186511993408,1.0351896286010742,True,False,True,True
Beauty,A32NEDX6UVV8DE,fit,0503ca8b1014d527b51e4e455d38b525135ed3dc04e883385fb0bdf88696bbc1,1,212,10,0.05263157894736842,-2.8233304023742676,-1.7260684967041016,-4.761157989501953,1.9378275871276855,-1.097261905670166,True,True,True,True
Beauty,A32NEDX6UVV8DE,fit,0503ca8b1014d527b51e4e455d38b525135ed3dc04e883385fb0bdf88696bbc1,2,1,10,0.05263157894736842,0.0,0.0,0.0,0.0,0.0,False,False,True,True
Beauty,A32NEDX6UVV8DE,fit,0503ca8b1014d527b51e4e455d38b525135ed3dc04e883385fb0bdf88696bbc1,3,4,10,0.05263157894736842,-0.4950018525123596,-1.0794095993041992,-0.9432418942451477,0.4482400417327881,0.5844077467918396,True,False,True,True
Beauty,A32NEDX6UVV8DE,fit,0503ca8b1014d527b51e4e455d38b525135ed3dc04e883385fb0bdf88696bbc1,4,1,10,0.05263157894736842,0.0,0.0,0.0,0.0,0.0,False,False,True,True
Beauty,A32NEDX6UVV8DE,fit,0503ca8b1014d527b51e4e455d38b525135ed3dc04e883385fb0bdf88696bbc1,5,1,10,0.05263157894736842,0.0,0.0,0.0,0.0,0.0,False,False,True,True
Beauty,A32NEDX6UVV8DE,fit,0503ca8b1014d527b51e4e455d38b525135ed3dc04e883385fb0bdf88696bbc1,6,1,10,0.05263157894736842,0.0,0.0,0.0,0.0,0.0,False,False,True,True
Beauty,A1TLMKTISOXX3Y,fit,050e33cee5ea083149503a37964ec98f37fd2a351f1cc0ec79c2ea0dc3618887,0,108,3,0.0,-2.219938278198242,-4.847886085510254,-4.196402072906494,1.976463794708252,2.6279478073120117,True,False,True,True
Beauty,A1TLMKTISOXX3Y,fit,050e33cee5ea083149503a37964ec98f37fd2a351f1cc0ec79c2ea0dc3618887,1,40,3,0.0,-1.0236862897872925,-1.070565104484558,-0.8165271282196045,-0.207159161567688,0.046878814697265625,False,False,True,True
Beauty,A1TLMKTISOXX3Y,fit,050e33cee5ea083149503a37964ec98f37fd2a351f1cc0ec79c2ea0dc3618887,2,2,3,0.0,-0.015219041146337986,-0.02281569503247738,-0.028125964105129242,0.012906922958791256,0.007596653886139393,True,True,True,True
Beauty,A1TLMKTISOXX3Y,fit,050e33cee5ea083149503a37964ec98f37fd2a351f1cc0ec79c2ea0dc3618887,3,1,3,0.0,0.0,0.0,0.0,0.0,0.0,False,False,True,True
Beauty,A1TLMKTISOXX3Y,fit,050e33cee5ea083149503a37964ec98f37fd2a351f1cc0ec79c2ea0dc3618887,4,1,3,0.0,0.0,0.0,0.0,0.0,0.0,False,False,True,True
Beauty,A1TLMKTISOXX3Y,fit,050e33cee5ea083149503a37964ec98f37fd2a351f1cc0ec79c2ea0dc3618887,5,1,3,0.0,0.0,0.0,0.0,0.0,0.0,False,False,True,True
Beauty,A1TLMKTISOXX3Y,fit,050e33cee5ea083149503a37964ec98f37fd2a351f1cc0ec79c2ea0dc3618887,6,1,3,0.0,0.0,0.0,0.0,0.0,0.0,False,False,True,True
Beauty,A1TLMKTISOXX3Y,fit,050e33cee5ea083149503a37964ec98f37fd2a351f1cc0ec79c2ea0dc3618887,7,2,3,0.0,-0.05571947619318962,-0.06281208992004395,-0.0496920682489872,-0.006027407944202423,0.007092613726854324,False,False,True,True
Beauty,AFGR776Y0VS15,fit,050e6dd4b14170d3e2103d505fb4284bdbe91cbd99416fde276d6496000ed86f,0,108,2,0.0,-1.3217748403549194,-1.8307175636291504,-1.404099702835083,0.08232486248016357,0.508942723274231,True,False,True,True
Beauty,AFGR776Y0VS15,fit,050e6dd4b14170d3e2103d505fb4284bdbe91cbd99416fde276d6496000ed86f,1,82,2,0.0,-3.6463236808776855,-3.657838821411133,-4.069694519042969,0.4233708381652832,0.011515140533447266,True,True,True,True
Beauty,AFGR776Y0VS15,fit,050e6dd4b14170d3e2103d505fb4284bdbe91cbd99416fde276d6496000ed86f,2,2,2,0.0,-1.0728830375228426e-06,-2.0265558760002023e-06,-1.0609570381348021e-05,9.536687343825179e-06,9.536728384773596e-07,True,True,True,True
Beauty,AFGR776Y0VS15,fit,050e6dd4b14170d3e2103d505fb4284bdbe91cbd99416fde276d6496000ed86f,3,1,2,0.0,0.0,0.0,0.0,0.0,0.0,False,False,True,True
Beauty,AFGR776Y0VS15,fit,050e6dd4b14170d3e2103d505fb4284bdbe91cbd99416fde276d6496000ed86f,4,1,2,0.0,0.0,0.0,0.0,0.0,0.0,False,False,True,True
Beauty,AFGR776Y0VS15,fit,050e6dd4b14170d3e2103d505fb4284bdbe91cbd99416fde276d6496000ed86f,5,1,2,0.0,0.0,0.0,0.0,0.0,0.0,False,False,True,True
Beauty,AFGR776Y0VS15,fit,050e6dd4b14170d3e2103d505fb4284bdbe91cbd99416fde276d6496000ed86f,6,1,2,0.0,0.0,0.0,0.0,0.0,0.0,False,False,True,True
Beauty,AWU8B9JFO1BIE,fit,050eb893d31826a5ee03456bfaccf810f449888a5d20e432d25225d02278df2b,0,108,3,0.1111111111111111,-3.564669370651245,-3.201878070831299,-3.1883535385131836,-0.3763158321380615,-0.3627912998199463,False,False,True,True
Beauty,AWU8B9JFO1BIE,fit,050eb893d31826a5ee03456bfaccf810f449888a5d20e432d25225d02278df2b,1,142,3,0.1111111111111111,-3.3711352348327637,-3.196692705154419,-3.174306869506836,-0.19682836532592773,-0.17444252967834473,False,False,True,True
Beauty,AWU8B9JFO1BIE,fit,050eb893d31826a5ee03456bfaccf810f449888a5d20e432d25225d02278df2b,2,1,3,0.1111111111111111,0.0,0.0,0.0,0.0,0.0,False,False,True,True
Beauty,AWU8B9JFO1BIE,fit,050eb893d31826a5ee03456bfaccf810f449888a5d20e432d25225d02278df2b,3,1,3,0.1111111111111111,0.0,0.0,0.0,0.0,0.0,False,False,True,True
Beauty,AWU8B9JFO1BIE,fit,050eb893d31826a5ee03456bfaccf810f449888a5d20e432d25225d02278df2b,4,1,3,0.1111111111111111,0.0,0.0,0.0,0.0,0.0,False,False,True,True
Beauty,AWU8B9JFO1BIE,fit,050eb893d31826a5ee03456bfaccf810f449888a5d20e432d25225d02278df2b,5,1,3,0.1111111111111111,0.0,0.0,0.0,0.0,0.0,False,False,True,True
Beauty,AWU8B9JFO1BIE,fit,050eb893d31826a5ee03456bfaccf810f449888a5d20e432d25225d02278df2b,6,1,3,0.1111111111111111,0.0,0.0,0.0,0.0,0.0,False,False,True,True
Beauty,A14EK7CK43XIIE,fit,051e24760255277e3bd899948d4799e9697589d9afe172588956633eeb27de26,0,108,4,0.0,-5.085070610046387,-6.321893215179443,-4.670110702514648,-0.4149599075317383,1.2368226051330566,False,False,True,True
Beauty,A14EK7CK43XIIE,fit,051e24760255277e3bd899948d4799e9697589d9afe172588956633eeb27de26,1,58,4,0.0,-2.169445276260376,-2.463040828704834,-2.113104820251465,-0.05634045600891113,0.293595552444458,False,False,True,True
Beauty,A14EK7CK43XIIE,fit,051e24760255277e3bd899948d4799e9697589d9afe172588956633eeb27de26,2,1,4,0.0,0.0,0.0,0.0,0.0,0.0,False,False,True,True
Beauty,A14EK7CK43XIIE,fit,051e24760255277e3bd899948d4799e9697589d9afe172588956633eeb27de26,3,1,4,0.0,0.0,0.0,0.0,0.0,0.0,False,False,True,True
Beauty,A14EK7CK43XIIE,fit,051e24760255277e3bd899948d4799e9697589d9afe172588956633eeb27de26,4,1,4,0.0,0.0,0.0,0.0,0.0,0.0,False,False,True,True
Beauty,A14EK7CK43XIIE,fit,051e24760255277e3bd899948d4799e9697589d9afe172588956633eeb27de26,5,1,4,0.0,0.0,0.0,0.0,0.0,0.0,False,False,True,True
Beauty,A14EK7CK43XIIE,fit,051e24760255277e3bd899948d4799e9697589d9afe172588956633eeb27de26,6,1,4,0.0,0.0,0.0,0.0,0.0,0.0,False,False,True,True
Beauty,A1A31FTEQDJULZ,fit,0521793aa26d2589a911f2fe1acb133e84622ad17522a8d8b6697938a02e0fe4,0,108,6,0.05263157894736842,-0.9168033599853516,-2.7853052616119385,-3.7063703536987305,2.789566993713379,1.868501901626587,True,False,True,True
Beauty,A1A31FTEQDJULZ,fit,0521793aa26d2589a911f2fe1acb133e84622ad17522a8d8b6697938a02e0fe4,1,77,6,0.05263157894736842,-0.154336079955101,-6.127191066741943,-6.577663421630859,6.423327341675758,5.972854986786842,True,False,True,True
Beauty,A1A31FTEQDJULZ,fit,0521793aa26d2589a911f2fe1acb133e84622ad17522a8d8b6697938a02e0fe4,2,2,6,0.05263157894736842,0.0,-0.0011641160817816854,-0.00043072958942502737,0.00043072958942502737,0.0011641160817816854,True,True,True,True
Beauty,A1A31FTEQDJULZ,fit,0521793aa26d2589a911f2fe1acb133e84622ad17522a8d8b6697938a02e0fe4,3,1,6,0.05263157894736842,0.0,0.0,0.0,0.0,0.0,False,False,True,True
Beauty,A1A31FTEQDJULZ,fit,0521793aa26d2589a911f2fe1acb133e84622ad17522a8d8b6697938a02e0fe4,4,1,6,0.05263157894736842,0.0,0.0,0.0,0.0,0.0,False,False,True,True
Beauty,A1A31FTEQDJULZ,fit,0521793aa26d2589a911f2fe1acb133e84622ad17522a8d8b6697938a02e0fe4,5,1,6,0.05263157894736842,0.0,0.0,0.0,0.0,0.0,False,False,True,True
Beauty,A1A31FTEQDJULZ,fit,0521793aa26d2589a911f2fe1acb133e84622ad17522a8d8b6697938a02e0fe4,6,1,6,0.05263157894736842,0.0,0.0,0.0,0.0,0.0,False,False,True,True
Beauty,A18K5RTT7D8T1S,fit,05294b494da23966e25477942c6508c4c2dfceb8bfdfe113886e63868de6245b,0,108,5,0.0,-4.412650108337402,-3.8559255599975586,-3.9736287593841553,-0.43902134895324707,-0.5567245483398438,False,False,True,True
Beauty,A18K5RTT7D8T1S,fit,05294b494da23966e25477942c6508c4c2dfceb8bfdfe113886e63868de6245b,1,64,5,0.0,-5.161534309387207,-6.872139930725098,-5.508584976196289,0.34705066680908203,1.7106056213378906,True,False,True,True
Beauty,A18K5RTT7D8T1S,fit,05294b494da23966e25477942c6508c4c2dfceb8bfdfe113886e63868de6245b,2,1,5,0.0,0.0,0.0,0.0,0.0,0.0,False,False,True,True
Beauty,A18K5RTT7D8T1S,fit,05294b494da23966e25477942c6508c4c2dfceb8bfdfe113886e63868de6245b,3,1,5,0.0,0.0,0.0,0.0,0.0,0.0,False,False,True,True
Beauty,A18K5RTT7D8T1S,fit,05294b494da23966e25477942c6508c4c2dfceb8bfdfe113886e63868de6245b,4,1,5,0.0,0.0,0.0,0.0,0.0,0.0,False,False,True,True
Beauty,A18K5RTT7D8T1S,fit,05294b494da23966e25477942c6508c4c2dfceb8bfdfe113886e63868de6245b,5,1,5,0.0,0.0,0.0,0.0,0.0,0.0,False,False,True,True
Beauty,A18K5RTT7D8T1S,fit,05294b494da23966e25477942c6508c4c2dfceb8bfdfe113886e63868de6245b,6,1,5,0.0,0.0,0.0,0.0,0.0,0.0,False,False,True,True
Beauty,AH59DZ5AXO8PR,fit,052ae284850119ecdeeb82c11b28f8b799cc61d7be78d205ce980106e789cd0d,0,108,20,0.1111111111111111,-0.31508469581604004,-3.8156468868255615,-1.9727602005004883,1.6576755046844482,3.5005621910095215,True,False,True,True
Beauty,AH59DZ5AXO8PR,fit,052ae284850119ecdeeb82c11b28f8b799cc61d7be78d205ce980106e789cd0d,1,98,20,0.1111111111111111,-0.010734198614954948,-3.819934844970703,-2.293397903442383,2.282663704827428,3.809200646355748,True,False,True,True
Beauty,AH59DZ5AXO8PR,fit,052ae284850119ecdeeb82c11b28f8b799cc61d7be78d205ce980106e789cd0d,2,9,20,0.1111111111111111,-0.006582956295460463,-1.0462019443511963,-0.8118563294410706,0.8052733731456101,1.0396189880557358,True,False,True,True
Beauty,AH59DZ5AXO8PR,fit,052ae284850119ecdeeb82c11b28f8b799cc61d7be78d205ce980106e789cd0d,3,6,20,0.1111111111111111,-0.10562360286712646,-5.152054309844971,-4.501140594482422,4.395516991615295,5.046430706977844,True,False,True,True
Beauty,AH59DZ5AXO8PR,fit,052ae284850119ecdeeb82c11b28f8b799cc61d7be78d205ce980106e789cd0d,4,1,20,0.1111111111111111,0.0,0.0,0.0,0.0,0.0,False,False,True,True
Beauty,AH59DZ5AXO8PR,fit,052ae284850119ecdeeb82c11b28f8b799cc61d7be78d205ce980106e789cd0d,5,1,20,0.1111111111111111,0.0,0.0,0.0,0.0,0.0,False,False,True,True
Beauty,AH59DZ5AXO8PR,fit,052ae284850119ecdeeb82c11b28f8b799cc61d7be78d205ce980106e789cd0d,6,1,20,0.1111111111111111,0.0,0.0,0.0,0.0,0.0,False,False,True,True
Beauty,ADKSJLDL1KKA3,fit,052d7357811a7faf8b93189017267d9fb7fc23e699af2f57b067880e0f22cbc3,0,108,5,0.0,-2.1025736331939697,-4.246243476867676,-3.438049793243408,1.3354761600494385,2.143669843673706,True,False,True,True
Beauty,ADKSJLDL1KKA3,fit,052d7357811a7faf8b93189017267d9fb7fc23e699af2f57b067880e0f22cbc3,1,90,5,0.0,-0.0006987990345805883,-8.447482109069824,-9.21861457824707,9.21791577921249,8.446783310035244,True,False,True,True
Beauty,ADKSJLDL1KKA3,fit,052d7357811a7faf8b93189017267d9fb7fc23e699af2f57b067880e0f22cbc3,2,1,5,0.0,0.0,0.0,0.0,0.0,0.0,False,False,True,True
Beauty,ADKSJLDL1KKA3,fit,052d7357811a7faf8b93189017267d9fb7fc23e699af2f57b067880e0f22cbc3,3,1,5,0.0,0.0,0.0,0.0,0.0,0.0,False,False,True,True
Beauty,ADKSJLDL1KKA3,fit,052d7357811a7faf8b93189017267d9fb7fc23e699af2f57b067880e0f22cbc3,4,1,5,0.0,0.0,0.0,0.0,0.0,0.0,False,False,True,True
Beauty,ADKSJLDL1KKA3,fit,052d7357811a7faf8b93189017267d9fb7fc23e699af2f57b067880e0f22cbc3,5,1,5,0.0,0.0,0.0,0.0,0.0,0.0,False,False,True,True
Beauty,ADKSJLDL1KKA3,fit,052d7357811a7faf8b93189017267d9fb7fc23e699af2f57b067880e0f22cbc3,6,1,5,0.0,0.0,0.0,0.0,0.0,0.0,False,False,True,True
Beauty,AIXIVACE0LHLE,fit,05302e2c67ca001cf18900e0c6da15309f5f8082006bee260a515b0994e5524b,0,108,6,0.0,-0.8083570599555969,-1.196875810623169,-1.442647933959961,0.634290874004364,0.388518750667572,True,False,True,True
Beauty,AIXIVACE0LHLE,fit,05302e2c67ca001cf18900e0c6da15309f5f8082006bee260a515b0994e5524b,1,255,6,0.0,-2.1843740940093994,-10.649214744567871,-10.275863647460938,8.091489553451538,8.464840650558472,True,False,True,True
Beauty,AIXIVACE0LHLE,fit,05302e2c67ca001cf18900e0c6da15309f5f8082006bee260a515b0994e5524b,2,1,6,0.0,0.0,0.0,0.0,0.0,0.0,False,False,True,True
Beauty,AIXIVACE0LHLE,fit,05302e2c67ca001cf18900e0c6da15309f5f8082006bee260a515b0994e5524b,3,1,6,0.0,0.0,0.0,0.0,0.0,0.0,False,False,True,True
Beauty,AIXIVACE0LHLE,fit,05302e2c67ca001cf18900e0c6da15309f5f8082006bee260a515b0994e5524b,4,1,6,0.0,0.0,0.0,0.0,0.0,0.0,False,False,True,True
Beauty,AIXIVACE0LHLE,fit,05302e2c67ca001cf18900e0c6da15309f5f8082006bee260a515b0994e5524b,5,1,6,0.0,0.0,0.0,0.0,0.0,0.0,False,False,True,True
Beauty,AIXIVACE0LHLE,fit,05302e2c67ca001cf18900e0c6da15309f5f8082006bee260a515b0994e5524b,6,1,6,0.0,0.0,0.0,0.0,0.0,0.0,False,False,True,True
Beauty,AP9AOB84YBDQD,fit,0531ed72fb985c186246c0e9c9329d347fc68ad431efba45b1d32ca79cf73ec4,0,108,2,0.0,-3.131939172744751,-2.383566379547119,-3.9975996017456055,0.8656604290008545,-0.7483727931976318,True,True,True,True
Beauty,AP9AOB84YBDQD,fit,0531ed72fb985c186246c0e9c9329d347fc68ad431efba45b1d32ca79cf73ec4,1,40,2,0.0,-1.2388205528259277,-7.181582927703857,-1.7237968444824219,0.48497629165649414,5.94276237487793,True,False,True,True
Beauty,AP9AOB84YBDQD,fit,0531ed72fb985c186246c0e9c9329d347fc68ad431efba45b1d32ca79cf73ec4,2,3,2,0.0,-0.8494241833686829,-0.7453717589378357,-0.57105553150177,-0.27836865186691284,-0.10405242443084717,False,False,True,True
Beauty,AP9AOB84YBDQD,fit,0531ed72fb985c186246c0e9c9329d347fc68ad431efba45b1d32ca79cf73ec4,3,1,2,0.0,0.0,0.0,0.0,0.0,0.0,False,False,True,True
Beauty,AP9AOB84YBDQD,fit,0531ed72fb985c186246c0e9c9329d347fc68ad431efba45b1d32ca79cf73ec4,4,1,2,0.0,0.0,0.0,0.0,0.0,0.0,False,False,True,True
Beauty,AP9AOB84YBDQD,fit,0531ed72fb985c186246c0e9c9329d347fc68ad431efba45b1d32ca79cf73ec4,5,1,2,0.0,0.0,0.0,0.0,0.0,0.0,False,False,True,True
Beauty,AP9AOB84YBDQD,fit,0531ed72fb985c186246c0e9c9329d347fc68ad431efba45b1d32ca79cf73ec4,6,1,2,0.0,0.0,0.0,0.0,0.0,0.0,False,False,True,True
Beauty,AKXSZXF5UJJOA,fit,0536c35477e67eb097b599a27c84a47fe5ae9c086c0749d611cecb968f0e1af4,0,108,4,0.0,-4.240086555480957,-3.7468252182006836,-4.530445098876953,0.2903585433959961,-0.49326133728027344,True,True,True,True
Beauty,AKXSZXF5UJJOA,fit,0536c35477e67eb097b599a27c84a47fe5ae9c086c0749d611cecb968f0e1af4,1,110,4,0.0,-3.4393346309661865,-3.5448269844055176,-3.0577871799468994,-0.3815474510192871,0.10549235343933105,False,False,True,True
Beauty,AKXSZXF5UJJOA,fit,0536c35477e67eb097b599a27c84a47fe5ae9c086c0749d611cecb968f0e1af4,2,2,4,0.0,-0.10181214660406113,-0.9030784368515015,-0.33259645104408264,0.23078430444002151,0.8012662902474403,True,False,True,True
Beauty,AKXSZXF5UJJOA,fit,0536c35477e67eb097b599a27c84a47fe5ae9c086c0749d611cecb968f0e1af4,3,2,4,0.0,-1.2766358852386475,-0.9343688488006592,-0.9763557314872742,-0.3002801537513733,-0.3422670364379883,False,False,True,True
Beauty,AKXSZXF5UJJOA,fit,0536c35477e67eb097b599a27c84a47fe5ae9c086c0749d611cecb968f0e1af4,4,1,4,0.0,0.0,0.0,0.0,0.0,0.0,False,False,True,True
Beauty,AKXSZXF5UJJOA,fit,0536c35477e67eb097b599a27c84a47fe5ae9c086c0749d611cecb968f0e1af4,5,1,4,0.0,0.0,0.0,0.0,0.0,0.0,False,False,True,True
Beauty,AKXSZXF5UJJOA,fit,0536c35477e67eb097b599a27c84a47fe5ae9c086c0749d611cecb968f0e1af4,6,1,4,0.0,0.0,0.0,0.0,0.0,0.0,False,False,True,True
Beauty,AFQSRY04WVAQY,fit,05373f0b99a7e400716aab50d5249244a2cff73f05c420b13820aa762f4538e4,0,108,3,0.0,-3.7244317531585693,-4.8613786697387695,-4.288612365722656,0.5641806125640869,1.1369469165802002,True,False,True,True
Beauty,AFQSRY04WVAQY,fit,05373f0b99a7e400716aab50d5249244a2cff73f05c420b13820aa762f4538e4,1,151,3,0.0,-7.162660121917725,-8.840557098388672,-8.73599910736084,1.5733389854431152,1.6778969764709473,True,False,True,True
Beauty,AFQSRY04WVAQY,fit,05373f0b99a7e400716aab50d5249244a2cff73f05c420b13820aa762f4538e4,2,1,3,0.0,0.0,0.0,0.0,0.0,0.0,False,False,True,True
Beauty,AFQSRY04WVAQY,fit,05373f0b99a7e400716aab50d5249244a2cff73f05c420b13820aa762f4538e4,3,1,3,0.0,0.0,0.0,0.0,0.0,0.0,False,False,True,True
Beauty,AFQSRY04WVAQY,fit,05373f0b99a7e400716aab50d5249244a2cff73f05c420b13820aa762f4538e4,4,1,3,0.0,0.0,0.0,0.0,0.0,0.0,False,False,True,True
Beauty,AFQSRY04WVAQY,fit,05373f0b99a7e400716aab50d5249244a2cff73f05c420b13820aa762f4538e4,5,1,3,0.0,0.0,0.0,0.0,0.0,0.0,False,False,True,True
Beauty,AFQSRY04WVAQY,fit,05373f0b99a7e400716aab50d5249244a2cff73f05c420b13820aa762f4538e4,6,1,3,0.0,0.0,0.0,0.0,0.0,0.0,False,False,True,True
Beauty,A25FJ8W6WCBFEC,fit,0537d0b6d2fd76027698eeff13862db41dcb43d3aed1e7bc609747f27db9993e,0,108,3,0.0,-5.121344566345215,-6.173686504364014,-5.2050065994262695,0.08366203308105469,1.0523419380187988,True,False,True,True
Beauty,A25FJ8W6WCBFEC,fit,0537d0b6d2fd76027698eeff13862db41dcb43d3aed1e7bc609747f27db9993e,1,97,3,0.0,-3.264176368713379,-3.682051181793213,-3.6986100673675537,0.4344336986541748,0.417874813079834,True,False,True,True
Beauty,A25FJ8W6WCBFEC,fit,0537d0b6d2fd76027698eeff13862db41dcb43d3aed1e7bc609747f27db9993e,2,4,3,0.0,-0.1711530238389969,-0.26464805006980896,-0.6365665197372437,0.46541349589824677,0.09349502623081207,True,True,True,True
Beauty,A25FJ8W6WCBFEC,fit,0537d0b6d2fd76027698eeff13862db41dcb43d3aed1e7bc609747f27db9993e,3,1,3,0.0,0.0,0.0,0.0,0.0,0.0,False,False,True,True
Beauty,A25FJ8W6WCBFEC,fit,0537d0b6d2fd76027698eeff13862db41dcb43d3aed1e7bc609747f27db9993e,4,2,3,0.0,-0.8896417021751404,-1.0344114303588867,-0.9239180684089661,0.034276366233825684,0.14476972818374634,True,False,True,True
Beauty,A25FJ8W6WCBFEC,fit,0537d0b6d2fd76027698eeff13862db41dcb43d3aed1e7bc609747f27db9993e,5,1,3,0.0,0.0,0.0,0.0,0.0,0.0,False,False,True,True
Beauty,A25FJ8W6WCBFEC,fit,0537d0b6d2fd76027698eeff13862db41dcb43d3aed1e7bc609747f27db9993e,6,1,3,0.0,0.0,0.0,0.0,0.0,0.0,False,False,True,True
Beauty,A32P1J924BM882,fit,053cd237f3c769e2c2492650857bd0ec17ee471f7e1e5fd3de92310486150125,0,108,4,0.17647058823529413,-0.8461360931396484,-5.366941928863525,-6.011356830596924,5.165220737457275,4.520805835723877,True,False,True,True
Beauty,A32P1J924BM882,fit,053cd237f3c769e2c2492650857bd0ec17ee471f7e1e5fd3de92310486150125,1,139,4,0.17647058823529413,-0.00011443436960689723,-9.126836776733398,-10.074834823608398,10.074720389238792,9.126722342363792,True,False,True,True
Beauty,A32P1J924BM882,fit,053cd237f3c769e2c2492650857bd0ec17ee471f7e1e5fd3de92310486150125,2,2,4,0.17647058823529413,0.0,-0.9441302418708801,-0.974132776260376,0.974132776260376,0.9441302418708801,True,False,True,True
Beauty,A32P1J924BM882,fit,053cd237f3c769e2c2492650857bd0ec17ee471f7e1e5fd3de92310486150125,3,1,4,0.17647058823529413,0.0,0.0,0.0,0.0,0.0,False,False,True,True
Beauty,A32P1J924BM882,fit,053cd237f3c769e2c2492650857bd0ec17ee471f7e1e5fd3de92310486150125,4,1,4,0.17647058823529413,0.0,0.0,0.0,0.0,0.0,False,False,True,True
Beauty,A32P1J924BM882,fit,053cd237f3c769e2c2492650857bd0ec17ee471f7e1e5fd3de92310486150125,5,1,4,0.17647058823529413,0.0,0.0,0.0,0.0,0.0,False,False,True,True
Beauty,A32P1J924BM882,fit,053cd237f3c769e2c2492650857bd0ec17ee471f7e1e5fd3de92310486150125,6,1,4,0.17647058823529413,0.0,0.0,0.0,0.0,0.0,False,False,True,True
Beauty,A3LFVYR9A27NLT,fit,05483cd83e274436904027e743cec7d9b05af7dfb3f82c76ce9103f4aea2f369,0,108,20,0.1111111111111111,-2.609572172164917,-4.479867935180664,-5.163297653198242,2.553725481033325,1.870295763015747,True,False,True,True
Beauty,A3LFVYR9A27NLT,fit,05483cd83e274436904027e743cec7d9b05af7dfb3f82c76ce9103f4aea2f369,1,126,20,0.1111111111111111,-0.003960267174988985,-3.894601821899414,-3.2126736640930176,3.2087133969180286,3.890641554724425,True,False,True,True
Beauty,A3LFVYR9A27NLT,fit,05483cd83e274436904027e743cec7d9b05af7dfb3f82c76ce9103f4aea2f369,2,12,20,0.1111111111111111,-2.3841855067985307e-07,-3.0509932041168213,-2.458080291748047,2.458080053329496,3.0509929656982706,True,False,True,True
Beauty,A3LFVYR9A27NLT,fit,05483cd83e274436904027e743cec7d9b05af7dfb3f82c76ce9103f4aea2f369,3,1,20,0.1111111111111111,0.0,0.0,0.0,0.0,0.0,False,False,True,True
Beauty,A3LFVYR9A27NLT,fit,05483cd83e274436904027e743cec7d9b05af7dfb3f82c76ce9103f4aea2f369,4,1,20,0.1111111111111111,0.0,0.0,0.0,0.0,0.0,False,False,True,True
Beauty,A3LFVYR9A27NLT,fit,05483cd83e274436904027e743cec7d9b05af7dfb3f82c76ce9103f4aea2f369,5,1,20,0.1111111111111111,0.0,0.0,0.0,0.0,0.0,False,False,True,True
Beauty,A3LFVYR9A27NLT,fit,05483cd83e274436904027e743cec7d9b05af7dfb3f82c76ce9103f4aea2f369,6,1,20,0.1111111111111111,0.0,0.0,0.0,0.0,0.0,False,False,True,True
Beauty,ATR4OEHIZYVEV,fit,054de2f950a2f25a9462eeeb1cdbbb7ed2bb34817ad65b11fd9d573a9b70469a,0,108,2,0.17647058823529413,-4.037251949310303,-4.292743682861328,-4.4529643058776855,0.4157123565673828,0.2554917335510254,True,False,True,True
Beauty,ATR4OEHIZYVEV,fit,054de2f950a2f25a9462eeeb1cdbbb7ed2bb34817ad65b11fd9d573a9b70469a,1,142,2,0.17647058823529413,-5.8540940284729,-7.6514787673950195,-6.87504243850708,1.0209484100341797,1.7973847389221191,True,False,True,True
Beauty,ATR4OEHIZYVEV,fit,054de2f950a2f25a9462eeeb1cdbbb7ed2bb34817ad65b11fd9d573a9b70469a,2,1,2,0.17647058823529413,0.0,0.0,0.0,0.0,0.0,False,False,True,True
Beauty,ATR4OEHIZYVEV,fit,054de2f950a2f25a9462eeeb1cdbbb7ed2bb34817ad65b11fd9d573a9b70469a,3,1,2,0.17647058823529413,0.0,0.0,0.0,0.0,0.0,False,False,True,True
Beauty,ATR4OEHIZYVEV,fit,054de2f950a2f25a9462eeeb1cdbbb7ed2bb34817ad65b11fd9d573a9b70469a,4,1,2,0.17647058823529413,0.0,0.0,0.0,0.0,0.0,False,False,True,True
Beauty,ATR4OEHIZYVEV,fit,054de2f950a2f25a9462eeeb1cdbbb7ed2bb34817ad65b11fd9d573a9b70469a,5,1,2,0.17647058823529413,0.0,0.0,0.0,0.0,0.0,False,False,True,True
Beauty,ATR4OEHIZYVEV,fit,054de2f950a2f25a9462eeeb1cdbbb7ed2bb34817ad65b11fd9d573a9b70469a,6,2,2,0.17647058823529413,-0.1773684322834015,-0.1786542683839798,-0.31657373905181885,0.13920530676841736,0.001285836100578308,True,True,True,True
Beauty,A1LKCFHJUKIDPH,fit,054f342083410d5762b2330a0929422fbccb73d91728b115dc4b595305fdec62,0,108,6,0.0,-0.4564550518989563,-1.4722793102264404,-0.42568182945251465,-0.03077322244644165,1.0158242583274841,False,False,True,True
Beauty,A1LKCFHJUKIDPH,fit,054f342083410d5762b2330a0929422fbccb73d91728b115dc4b595305fdec62,1,75,6,0.0,-0.0004752936656586826,-2.627103567123413,-1.6583327054977417,1.657857411832083,2.6266282734577544,True,False,True,True
Beauty,A1LKCFHJUKIDPH,fit,054f342083410d5762b2330a0929422fbccb73d91728b115dc4b595305fdec62,2,8,6,0.0,-4.291525328881107e-06,-14.43648624420166,-14.984368324279785,14.984364032754456,14.436481952676331,True,False,True,True
Beauty,A1LKCFHJUKIDPH,fit,054f342083410d5762b2330a0929422fbccb73d91728b115dc4b595305fdec62,3,1,6,0.0,0.0,0.0,0.0,0.0,0.0,False,False,True,True
Beauty,A1LKCFHJUKIDPH,fit,054f342083410d5762b2330a0929422fbccb73d91728b115dc4b595305fdec62,4,1,6,0.0,0.0,0.0,0.0,0.0,0.0,False,False,True,True
Beauty,A1LKCFHJUKIDPH,fit,054f342083410d5762b2330a0929422fbccb73d91728b115dc4b595305fdec62,5,1,6,0.0,0.0,0.0,0.0,0.0,0.0,False,False,True,True
Beauty,A1LKCFHJUKIDPH,fit,054f342083410d5762b2330a0929422fbccb73d91728b115dc4b595305fdec62,6,1,6,0.0,0.0,0.0,0.0,0.0,0.0,False,False,True,True
Beauty,A3U7DQGZ57GUEM,fit,0552e7fa599ccae9259d026b9af6b0b2aca1766ea6c7a14ca5d2f310784cb2e3,0,108,10,0.1111111111111111,-3.697704553604126,-4.472134590148926,-3.3703837394714355,-0.32732081413269043,0.7744300365447998,False,False,True,True
Beauty,A3U7DQGZ57GUEM,fit,0552e7fa599ccae9259d026b9af6b0b2aca1766ea6c7a14ca5d2f310784cb2e3,1,53,10,0.1111111111111111,-4.411855220794678,-4.877736568450928,-4.476842880249023,0.0649876594543457,0.46588134765625,True,False,True,True
Beauty,A3U7DQGZ57GUEM,fit,0552e7fa599ccae9259d026b9af6b0b2aca1766ea6c7a14ca5d2f310784cb2e3,2,1,10,0.1111111111111111,0.0,0.0,0.0,0.0,0.0,False,False,True,True
Beauty,A3U7DQGZ57GUEM,fit,0552e7fa599ccae9259d026b9af6b0b2aca1766ea6c7a14ca5d2f310784cb2e3,3,1,10,0.1111111111111111,0.0,0.0,0.0,0.0,0.0,False,False,True,True
Beauty,A3U7DQGZ57GUEM,fit,0552e7fa599ccae9259d026b9af6b0b2aca1766ea6c7a14ca5d2f310784cb2e3,4,1,10,0.1111111111111111,0.0,0.0,0.0,0.0,0.0,False,False,True,True
Beauty,A3U7DQGZ57GUEM,fit,0552e7fa599ccae9259d026b9af6b0b2aca1766ea6c7a14ca5d2f310784cb2e3,5,1,10,0.1111111111111111,0.0,0.0,0.0,0.0,0.0,False,False,True,True
Beauty,A3U7DQGZ57GUEM,fit,0552e7fa599ccae9259d026b9af6b0b2aca1766ea6c7a14ca5d2f310784cb2e3,6,1,10,0.1111111111111111,0.0,0.0,0.0,0.0,0.0,False,False,True,True
Beauty,A163O6MANOV8MT,fit,0554574dbf30dacbf76b381685e2de90d41e16fe637f7256e00218b96bdedb87,0,108,2,0.0,-3.245333194732666,-2.6876049041748047,-3.1427621841430664,-0.10257101058959961,-0.5577282905578613,False,False,True,True
Beauty,A163O6MANOV8MT,fit,0554574dbf30dacbf76b381685e2de90d41e16fe637f7256e00218b96bdedb87,1,98,2,0.0,-2.5334532260894775,-9.960824012756348,-2.386685371398926,-0.14676785469055176,7.42737078666687,False,False,True,True
Beauty,A163O6MANOV8MT,fit,0554574dbf30dacbf76b381685e2de90d41e16fe637f7256e00218b96bdedb87,2,2,2,0.0,0.0,0.0,0.0,0.0,0.0,False,False,True,True
Beauty,A163O6MANOV8MT,fit,0554574dbf30dacbf76b381685e2de90d41e16fe637f7256e00218b96bdedb87,3,5,2,0.0,-0.15702888369560242,-0.305462509393692,-0.08663401007652283,-0.07039487361907959,0.1484336256980896,False,False,True,True
Beauty,A163O6MANOV8MT,fit,0554574dbf30dacbf76b381685e2de90d41e16fe637f7256e00218b96bdedb87,4,1,2,0.0,0.0,0.0,0.0,0.0,0.0,False,False,True,True
Beauty,A163O6MANOV8MT,fit,0554574dbf30dacbf76b381685e2de90d41e16fe637f7256e00218b96bdedb87,5,1,2,0.0,0.0,0.0,0.0,0.0,0.0,False,False,True,True
Beauty,A163O6MANOV8MT,fit,0554574dbf30dacbf76b381685e2de90d41e16fe637f7256e00218b96bdedb87,6,1,2,0.0,0.0,0.0,0.0,0.0,0.0,False,False,True,True
Beauty,A1QAPTV4YS16N9,fit,0559d18f786d686039c9cd0bb2336e3fe34f812402599574f77d1dacdacf603d,0,108,7,0.1111111111111111,-3.7089855670928955,-3.3226165771484375,-3.4260330200195312,-0.28295254707336426,-0.386368989944458,False,False,True,True
Beauty,A1QAPTV4YS16N9,fit,0559d18f786d686039c9cd0bb2336e3fe34f812402599574f77d1dacdacf603d,1,64,7,0.1111111111111111,-4.857326507568359,-6.31784725189209,-6.351744174957275,1.494417667388916,1.4605207443237305,True,False,True,True
Beauty,A1QAPTV4YS16N9,fit,0559d18f786d686039c9cd0bb2336e3fe34f812402599574f77d1dacdacf603d,2,1,7,0.1111111111111111,0.0,0.0,0.0,0.0,0.0,False,False,True,True
Beauty,A1QAPTV4YS16N9,fit,0559d18f786d686039c9cd0bb2336e3fe34f812402599574f77d1dacdacf603d,3,1,7,0.1111111111111111,0.0,0.0,0.0,0.0,0.0,False,False,True,True
Beauty,A1QAPTV4YS16N9,fit,0559d18f786d686039c9cd0bb2336e3fe34f812402599574f77d1dacdacf603d,4,1,7,0.1111111111111111,0.0,0.0,0.0,0.0,0.0,False,False,True,True
Beauty,A1QAPTV4YS16N9,fit,0559d18f786d686039c9cd0bb2336e3fe34f812402599574f77d1dacdacf603d,5,1,7,0.1111111111111111,0.0,0.0,0.0,0.0,0.0,False,False,True,True
Beauty,A1QAPTV4YS16N9,fit,0559d18f786d686039c9cd0bb2336e3fe34f812402599574f77d1dacdacf603d,6,1,7,0.1111111111111111,0.0,0.0,0.0,0.0,0.0,False,False,True,True
Beauty,AY3NMV5VNCIM,fit,055d22feeb9aa10b3509a867572b47858a31863c94e23ed79a25052d1df919e7,0,108,9,0.0,-3.6778411865234375,-3.852628707885742,-3.3464090824127197,-0.3314321041107178,0.1747875213623047,False,False,True,True
Beauty,AY3NMV5VNCIM,fit,055d22feeb9aa10b3509a867572b47858a31863c94e23ed79a25052d1df919e7,1,96,9,0.0,-5.957056999206543,-5.550850868225098,-6.18297004699707,0.22591304779052734,-0.4062061309814453,True,True,True,True
Beauty,AY3NMV5VNCIM,fit,055d22feeb9aa10b3509a867572b47858a31863c94e23ed79a25052d1df919e7,2,1,9,0.0,0.0,0.0,0.0,0.0,0.0,False,False,True,True
Beauty,AY3NMV5VNCIM,fit,055d22feeb9aa10b3509a867572b47858a31863c94e23ed79a25052d1df919e7,3,1,9,0.0,0.0,0.0,0.0,0.0,0.0,False,False,True,True
Beauty,AY3NMV5VNCIM,fit,055d22feeb9aa10b3509a867572b47858a31863c94e23ed79a25052d1df919e7,4,1,9,0.0,0.0,0.0,0.0,0.0,0.0,False,False,True,True
Beauty,AY3NMV5VNCIM,fit,055d22feeb9aa10b3509a867572b47858a31863c94e23ed79a25052d1df919e7,5,1,9,0.0,0.0,0.0,0.0,0.0,0.0,False,False,True,True
Beauty,AY3NMV5VNCIM,fit,055d22feeb9aa10b3509a867572b47858a31863c94e23ed79a25052d1df919e7,6,1,9,0.0,0.0,0.0,0.0,0.0,0.0,False,False,True,True
Beauty,ADT6562BB6KUY,fit,055d86ed0a3f880094ae10dfc97e951d9400bd9a79ef952ff2db8f04cfc85867,0,108,3,0.0,-2.9901537895202637,-3.289600133895874,-2.4919910430908203,-0.49816274642944336,0.29944634437561035,False,False,True,True
Beauty,ADT6562BB6KUY,fit,055d86ed0a3f880094ae10dfc97e951d9400bd9a79ef952ff2db8f04cfc85867,1,255,3,0.0,-6.448823928833008,-8.396992683410645,-8.324849128723145,1.8760251998901367,1.9481687545776367,True,False,True,True
Beauty,ADT6562BB6KUY,fit,055d86ed0a3f880094ae10dfc97e951d9400bd9a79ef952ff2db8f04cfc85867,2,1,3,0.0,0.0,0.0,0.0,0.0,0.0,False,False,True,True
Beauty,ADT6562BB6KUY,fit,055d86ed0a3f880094ae10dfc97e951d9400bd9a79ef952ff2db8f04cfc85867,3,1,3,0.0,0.0,0.0,0.0,0.0,0.0,False,False,True,True
Beauty,ADT6562BB6KUY,fit,055d86ed0a3f880094ae10dfc97e951d9400bd9a79ef952ff2db8f04cfc85867,4,1,3,0.0,0.0,0.0,0.0,0.0,0.0,False,False,True,True
Beauty,ADT6562BB6KUY,fit,055d86ed0a3f880094ae10dfc97e951d9400bd9a79ef952ff2db8f04cfc85867,5,1,3,0.0,0.0,0.0,0.0,0.0,0.0,False,False,True,True
Beauty,ADT6562BB6KUY,fit,055d86ed0a3f880094ae10dfc97e951d9400bd9a79ef952ff2db8f04cfc85867,6,1,3,0.0,0.0,0.0,0.0,0.0,0.0,False,False,True,True
Beauty,A2OLBTL2O78LU3,fit,055fc97f26a6c89d357622c8c0b9a8a15d22a736447e83699044af41565da502,0,108,4,0.0,-3.5784645080566406,-7.509037017822266,-4.916140556335449,1.3376760482788086,3.930572509765625,True,False,True,True
Beauty,A2OLBTL2O78LU3,fit,055fc97f26a6c89d357622c8c0b9a8a15d22a736447e83699044af41565da502,1,48,4,0.0,-2.9802276912960224e-06,-3.990163803100586,-2.9171786308288574,2.917175650601166,3.9901608228728946,True,False,True,True
Beauty,A2OLBTL2O78LU3,fit,055fc97f26a6c89d357622c8c0b9a8a15d22a736447e83699044af41565da502,2,2,4,0.0,-1.311301275563892e-06,-0.0019426537910476327,-0.0006984416977502406,0.0006971303964746767,0.0019413424897720688,True,True,True,True
Beauty,A2OLBTL2O78LU3,fit,055fc97f26a6c89d357622c8c0b9a8a15d22a736447e83699044af41565da502,3,2,4,0.0,-8.940297266235575e-05,-0.9618878364562988,-0.40710732340812683,0.4070179204354645,0.9617984334836365,True,False,True,True
Beauty,A2OLBTL2O78LU3,fit,055fc97f26a6c89d357622c8c0b9a8a15d22a736447e83699044af41565da502,4,1,4,0.0,0.0,0.0,0.0,0.0,0.0,False,False,True,True
Beauty,A2OLBTL2O78LU3,fit,055fc97f26a6c89d357622c8c0b9a8a15d22a736447e83699044af41565da502,5,1,4,0.0,0.0,0.0,0.0,0.0,0.0,False,False,True,True
Beauty,A2OLBTL2O78LU3,fit,055fc97f26a6c89d357622c8c0b9a8a15d22a736447e83699044af41565da502,6,1,4,0.0,0.0,0.0,0.0,0.0,0.0,False,False,True,True
Beauty,A24D3WAE2W0PNG,fit,05607e829b2ad1302c06765a22e1143464d2f7599ca2a7a62137d6a49285e487,0,108,3,0.0,-4.887272834777832,-5.506593704223633,-4.118899822235107,-0.7683730125427246,0.6193208694458008,False,False,True,True
Beauty,A24D3WAE2W0PNG,fit,05607e829b2ad1302c06765a22e1143464d2f7599ca2a7a62137d6a49285e487,1,62,3,0.0,-2.6521308422088623,-3.76952862739563,-3.2954652309417725,0.6433343887329102,1.1173977851867676,True,False,True,True
Beauty,A24D3WAE2W0PNG,fit,05607e829b2ad1302c06765a22e1143464d2f7599ca2a7a62137d6a49285e487,2,2,3,0.0,-8.463501580990851e-05,-0.0002953569928649813,-0.00015352977789007127,6.889476208016276e-05,0.00021072197705507278,True,True,True,True
Beauty,A24D3WAE2W0PNG,fit,05607e829b2ad1302c06765a22e1143464d2f7599ca2a7a62137d6a49285e487,3,1,3,0.0,0.0,0.0,0.0,0.0,0.0,False,False,True,True
Beauty,A24D3WAE2W0PNG,fit,05607e829b2ad1302c06765a22e1143464d2f7599ca2a7a62137d6a49285e487,4,1,3,0.0,0.0,0.0,0.0,0.0,0.0,False,False,True,True
Beauty,A24D3WAE2W0PNG,fit,05607e829b2ad1302c06765a22e1143464d2f7599ca2a7a62137d6a49285e487,5,1,3,0.0,0.0,0.0,0.0,0.0,0.0,False,False,True,True
Beauty,A24D3WAE2W0PNG,fit,05607e829b2ad1302c06765a22e1143464d2f7599ca2a7a62137d6a49285e487,6,1,3,0.0,0.0,0.0,0.0,0.0,0.0,False,False,True,True
Beauty,A235UFZGCFN3J5,fit,0563538e980c304f057f40ac6b9cfb4dcd04c01b06c91bdcfe420cbafbf6ff85,0,108,20,0.0,-5.493833541870117,-5.6692681312561035,-5.994606971740723,0.5007734298706055,0.17543458938598633,True,False,True,True
Beauty,A235UFZGCFN3J5,fit,0563538e980c304f057f40ac6b9cfb4dcd04c01b06c91bdcfe420cbafbf6ff85,1,41,20,0.0,-6.62709379196167,-4.456249237060547,-6.26296854019165,-0.36412525177001953,-2.170844554901123,False,False,True,True
Beauty,A235UFZGCFN3J5,fit,0563538e980c304f057f40ac6b9cfb4dcd04c01b06c91bdcfe420cbafbf6ff85,2,1,20,0.0,0.0,0.0,0.0,0.0,0.0,False,False,True,True
Beauty,A235UFZGCFN3J5,fit,0563538e980c304f057f40ac6b9cfb4dcd04c01b06c91bdcfe420cbafbf6ff85,3,1,20,0.0,0.0,0.0,0.0,0.0,0.0,False,False,True,True
Beauty,A235UFZGCFN3J5,fit,0563538e980c304f057f40ac6b9cfb4dcd04c01b06c91bdcfe420cbafbf6ff85,4,1,20,0.0,0.0,0.0,0.0,0.0,0.0,False,False,True,True
Beauty,A235UFZGCFN3J5,fit,0563538e980c304f057f40ac6b9cfb4dcd04c01b06c91bdcfe420cbafbf6ff85,5,1,20,0.0,0.0,0.0,0.0,0.0,0.0,False,False,True,True
Beauty,A235UFZGCFN3J5,fit,0563538e980c304f057f40ac6b9cfb4dcd04c01b06c91bdcfe420cbafbf6ff85,6,1,20,0.0,0.0,0.0,0.0,0.0,0.0,False,False,True,True
Beauty,A1NVZO99EHMFIC,fit,056df1a2a26d60ac369aeb139e8920a11cdb200901bba09857af4da1a583e6ba,0,108,3,0.0,-4.2081193923950195,-4.028180122375488,-5.324156761169434,1.116037368774414,-0.17993927001953125,True,True,True,True
Beauty,A1NVZO99EHMFIC,fit,056df1a2a26d60ac369aeb139e8920a11cdb200901bba09857af4da1a583e6ba,1,151,3,0.0,-4.732353210449219,-18.813316345214844,-5.666617393493652,0.9342641830444336,14.080963134765625,True,False,True,True
Beauty,A1NVZO99EHMFIC,fit,056df1a2a26d60ac369aeb139e8920a11cdb200901bba09857af4da1a583e6ba,2,1,3,0.0,0.0,0.0,0.0,0.0,0.0,False,False,True,True
Beauty,A1NVZO99EHMFIC,fit,056df1a2a26d60ac369aeb139e8920a11cdb200901bba09857af4da1a583e6ba,3,1,3,0.0,0.0,0.0,0.0,0.0,0.0,False,False,True,True
Beauty,A1NVZO99EHMFIC,fit,056df1a2a26d60ac369aeb139e8920a11cdb200901bba09857af4da1a583e6ba,4,1,3,0.0,0.0,0.0,0.0,0.0,0.0,False,False,True,True
Beauty,A1NVZO99EHMFIC,fit,056df1a2a26d60ac369aeb139e8920a11cdb200901bba09857af4da1a583e6ba,5,1,3,0.0,0.0,0.0,0.0,0.0,0.0,False,False,True,True
Beauty,A1NVZO99EHMFIC,fit,056df1a2a26d60ac369aeb139e8920a11cdb200901bba09857af4da1a583e6ba,6,1,3,0.0,0.0,0.0,0.0,0.0,0.0,False,False,True,True
Beauty,A359J2FECYKC54,fit,056f4a642395de75cb6624aa3d11ea02f41ec0f0004efe0937836a8dabca462a,0,108,4,0.0,-4.7644147872924805,-6.119948863983154,-4.573698997497559,-0.19071578979492188,1.3555340766906738,False,False,True,True
Beauty,A359J2FECYKC54,fit,056f4a642395de75cb6624aa3d11ea02f41ec0f0004efe0937836a8dabca462a,1,75,4,0.0,-3.5002875328063965,-2.8614654541015625,-3.9815406799316406,0.48125314712524414,-0.638822078704834,True,True,True,True
Beauty,A359J2FECYKC54,fit,056f4a642395de75cb6624aa3d11ea02f41ec0f0004efe0937836a8dabca462a,2,2,4,0.0,-1.0737090110778809,-1.4688594341278076,-0.5960358381271362,-0.47767317295074463,0.39515042304992676,False,False,True,True
Beauty,A359J2FECYKC54,fit,056f4a642395de75cb6624aa3d11ea02f41ec0f0004efe0937836a8dabca462a,3,1,4,0.0,0.0,0.0,0.0,0.0,0.0,False,False,True,True
Beauty,A359J2FECYKC54,fit,056f4a642395de75cb6624aa3d11ea02f41ec0f0004efe0937836a8dabca462a,4,1,4,0.0,0.0,0.0,0.0,0.0,0.0,False,False,True,True
Beauty,A359J2FECYKC54,fit,056f4a642395de75cb6624aa3d11ea02f41ec0f0004efe0937836a8dabca462a,5,1,4,0.0,0.0,0.0,0.0,0.0,0.0,False,False,True,True
Beauty,A359J2FECYKC54,fit,056f4a642395de75cb6624aa3d11ea02f41ec0f0004efe0937836a8dabca462a,6,1,4,0.0,0.0,0.0,0.0,0.0,0.0,False,False,True,True
Beauty,A1V9V0LDZWA242,fit,05774092d67e8d94a406e31ab81f3eacb386ade4a120448efd409aea1ea52fe9,0,108,2,0.0,-0.00040737437666393816,-3.213468074798584,-2.802000045776367,2.8015926713997032,3.21306070042192,True,False,True,True
Beauty,A1V9V0LDZWA242,fit,05774092d67e8d94a406e31ab81f3eacb386ade4a120448efd409aea1ea52fe9,1,105,2,0.0,0.0,-14.667550086975098,-12.412982940673828,12.412982940673828,14.667550086975098,True,False,True,True
Beauty,A1V9V0LDZWA242,fit,05774092d67e8d94a406e31ab81f3eacb386ade4a120448efd409aea1ea52fe9,2,1,2,0.0,0.0,0.0,0.0,0.0,0.0,False,False,True,True
Beauty,A1V9V0LDZWA242,fit,05774092d67e8d94a406e31ab81f3eacb386ade4a120448efd409aea1ea52fe9,3,1,2,0.0,0.0,0.0,0.0,0.0,0.0,False,False,True,True
Beauty,A1V9V0LDZWA242,fit,05774092d67e8d94a406e31ab81f3eacb386ade4a120448efd409aea1ea52fe9,4,1,2,0.0,0.0,0.0,0.0,0.0,0.0,False,False,True,True
Beauty,A1V9V0LDZWA242,fit,05774092d67e8d94a406e31ab81f3eacb386ade4a120448efd409aea1ea52fe9,5,1,2,0.0,0.0,0.0,0.0,0.0,0.0,False,False,True,True
Beauty,A1V9V0LDZWA242,fit,05774092d67e8d94a406e31ab81f3eacb386ade4a120448efd409aea1ea52fe9,6,1,2,0.0,0.0,0.0,0.0,0.0,0.0,False,False,True,True
Beauty,A20LFXJ73OG00I,fit,0577d05e628422fdddbbb5d4f180c851b6b9ccdb076033f4008e208aa47b8ae8,0,108,3,0.0,-6.7277140617370605,-6.270387172698975,-6.340747356414795,-0.3869667053222656,-0.45732688903808594,False,False,True,True
Beauty,A20LFXJ73OG00I,fit,0577d05e628422fdddbbb5d4f180c851b6b9ccdb076033f4008e208aa47b8ae8,1,23,3,0.0,-0.9350610971450806,-1.1264472007751465,-1.2901098728179932,0.3550487756729126,0.19138610363006592,True,False,True,True
Beauty,A20LFXJ73OG00I,fit,0577d05e628422fdddbbb5d4f180c851b6b9ccdb076033f4008e208aa47b8ae8,2,3,3,0.0,0.0,0.0,0.0,0.0,0.0,False,False,True,True
Beauty,A20LFXJ73OG00I,fit,0577d05e628422fdddbbb5d4f180c851b6b9ccdb076033f4008e208aa47b8ae8,3,3,3,0.0,-0.20819957554340363,-0.19644543528556824,-0.1981273591518402,-0.010072216391563416,-0.011754140257835388,False,False,True,True
Beauty,A20LFXJ73OG00I,fit,0577d05e628422fdddbbb5d4f180c851b6b9ccdb076033f4008e208aa47b8ae8,4,1,3,0.0,0.0,0.0,0.0,0.0,0.0,False,False,True,True
Beauty,A20LFXJ73OG00I,fit,0577d05e628422fdddbbb5d4f180c851b6b9ccdb076033f4008e208aa47b8ae8,5,1,3,0.0,0.0,0.0,0.0,0.0,0.0,False,False,True,True
Beauty,A20LFXJ73OG00I,fit,0577d05e628422fdddbbb5d4f180c851b6b9ccdb076033f4008e208aa47b8ae8,6,1,3,0.0,0.0,0.0,0.0,0.0,0.0,False,False,True,True
Beauty,A33RZPFY2C5I56,fit,057925f2534f60bde4cfd9904e5cbd2b127c6b7c505771d33faa38141d791dc5,0,108,3,0.0,-2.2163875102996826,-2.5272622108459473,-1.7062616348266602,-0.5101258754730225,0.31087470054626465,False,False,True,True
Beauty,A33RZPFY2C5I56,fit,057925f2534f60bde4cfd9904e5cbd2b127c6b7c505771d33faa38141d791dc5,1,133,3,0.0,-5.101897716522217,-6.941534996032715,-7.253139495849609,2.1512417793273926,1.839637279510498,True,False,True,True
Beauty,A33RZPFY2C5I56,fit,057925f2534f60bde4cfd9904e5cbd2b127c6b7c505771d33faa38141d791dc5,2,2,3,0.0,0.0,0.0,0.0,0.0,0.0,False,False,True,True
Beauty,A33RZPFY2C5I56,fit,057925f2534f60bde4cfd9904e5cbd2b127c6b7c505771d33faa38141d791dc5,3,1,3,0.0,0.0,0.0,0.0,0.0,0.0,False,False,True,True
Beauty,A33RZPFY2C5I56,fit,057925f2534f60bde4cfd9904e5cbd2b127c6b7c505771d33faa38141d791dc5,4,1,3,0.0,0.0,0.0,0.0,0.0,0.0,False,False,True,True
Beauty,A33RZPFY2C5I56,fit,057925f2534f60bde4cfd9904e5cbd2b127c6b7c505771d33faa38141d791dc5,5,1,3,0.0,0.0,0.0,0.0,0.0,0.0,False,False,True,True
Beauty,A33RZPFY2C5I56,fit,057925f2534f60bde4cfd9904e5cbd2b127c6b7c505771d33faa38141d791dc5,6,1,3,0.0,0.0,0.0,0.0,0.0,0.0,False,False,True,True
Beauty,A1T3B8L3UH9PDS,fit,057d729f913c13019246c01b1f4a473eaf42e55ea74e3d1cc9fab5d304ad428d,0,108,3,0.1111111111111111,-2.646200180053711,-4.848448753356934,-3.936397075653076,1.2901968955993652,2.2022485733032227,True,False,True,True
Beauty,A1T3B8L3UH9PDS,fit,057d729f913c13019246c01b1f4a473eaf42e55ea74e3d1cc9fab5d304ad428d,1,118,3,0.1111111111111111,-0.0007814691052772105,-4.242079257965088,-4.857665538787842,4.856884069682565,4.241297788859811,True,False,True,True
Beauty,A1T3B8L3UH9PDS,fit,057d729f913c13019246c01b1f4a473eaf42e55ea74e3d1cc9fab5d304ad428d,2,5,3,0.1111111111111111,0.0,-12.491460800170898,-11.908235549926758,11.908235549926758,12.491460800170898,True,False,True,True
Beauty,A1T3B8L3UH9PDS,fit,057d729f913c13019246c01b1f4a473eaf42e55ea74e3d1cc9fab5d304ad428d,3,1,3,0.1111111111111111,0.0,0.0,0.0,0.0,0.0,False,False,True,True
Beauty,A1T3B8L3UH9PDS,fit,057d729f913c13019246c01b1f4a473eaf42e55ea74e3d1cc9fab5d304ad428d,4,1,3,0.1111111111111111,0.0,0.0,0.0,0.0,0.0,False,False,True,True
Beauty,A1T3B8L3UH9PDS,fit,057d729f913c13019246c01b1f4a473eaf42e55ea74e3d1cc9fab5d304ad428d,5,1,3,0.1111111111111111,0.0,0.0,0.0,0.0,0.0,False,False,True,True
Beauty,A1T3B8L3UH9PDS,fit,057d729f913c13019246c01b1f4a473eaf42e55ea74e3d1cc9fab5d304ad428d,6,1,3,0.1111111111111111,0.0,0.0,0.0,0.0,0.0,False,False,True,True
Beauty,A10UBA4R9UHUCT,fit,0582c5828b6cddfc9b3b85d1eca966216a90ae5425c9c1860b86cba175152afb,0,108,2,0.0,-0.6141418814659119,-3.346289873123169,-1.4130750894546509,0.798933207988739,2.732147991657257,True,False,True,True
Beauty,A10UBA4R9UHUCT,fit,0582c5828b6cddfc9b3b85d1eca966216a90ae5425c9c1860b86cba175152afb,1,255,2,0.0,-7.893158435821533,-16.46633529663086,-15.867712020874023,7.97455358505249,8.573176860809326,True,False,True,True
Beauty,A10UBA4R9UHUCT,fit,0582c5828b6cddfc9b3b85d1eca966216a90ae5425c9c1860b86cba175152afb,2,1,2,0.0,0.0,0.0,0.0,0.0,0.0,False,False,True,True
Beauty,A10UBA4R9UHUCT,fit,0582c5828b6cddfc9b3b85d1eca966216a90ae5425c9c1860b86cba175152afb,3,1,2,0.0,0.0,0.0,0.0,0.0,0.0,False,False,True,True
Beauty,A10UBA4R9UHUCT,fit,0582c5828b6cddfc9b3b85d1eca966216a90ae5425c9c1860b86cba175152afb,4,1,2,0.0,0.0,0.0,0.0,0.0,0.0,False,False,True,True
Beauty,A10UBA4R9UHUCT,fit,0582c5828b6cddfc9b3b85d1eca966216a90ae5425c9c1860b86cba175152afb,5,1,2,0.0,0.0,0.0,0.0,0.0,0.0,False,False,True,True
Beauty,A10UBA4R9UHUCT,fit,0582c5828b6cddfc9b3b85d1eca966216a90ae5425c9c1860b86cba175152afb,6,1,2,0.0,0.0,0.0,0.0,0.0,0.0,False,False,True,True
Beauty,AMW8468AAG6RS,fit,0587326253a0dddd3a6118026f69da97098ac1f31990462cd34bf57872ad7681,0,108,3,0.0,-3.068798780441284,-5.018956184387207,-5.556447982788086,2.4876492023468018,1.9501574039459229,True,False,True,True
Beauty,AMW8468AAG6RS,fit,0587326253a0dddd3a6118026f69da97098ac1f31990462cd34bf57872ad7681,1,59,3,0.0,-0.001814268296584487,-6.858640193939209,-7.376377582550049,7.374563314253464,6.8568259256426245,True,False,True,True
Beauty,AMW8468AAG6RS,fit,0587326253a0dddd3a6118026f69da97098ac1f31990462cd34bf57872ad7681,2,1,3,0.0,0.0,0.0,0.0,0.0,0.0,False,False,True,True
Beauty,AMW8468AAG6RS,fit,0587326253a0dddd3a6118026f69da97098ac1f31990462cd34bf57872ad7681,3,1,3,0.0,0.0,0.0,0.0,0.0,0.0,False,False,True,True
Beauty,AMW8468AAG6RS,fit,0587326253a0dddd3a6118026f69da97098ac1f31990462cd34bf57872ad7681,4,1,3,0.0,0.0,0.0,0.0,0.0,0.0,False,False,True,True
Beauty,AMW8468AAG6RS,fit,0587326253a0dddd3a6118026f69da97098ac1f31990462cd34bf57872ad7681,5,1,3,0.0,0.0,0.0,0.0,0.0,0.0,False,False,True,True
Beauty,AMW8468AAG6RS,fit,0587326253a0dddd3a6118026f69da97098ac1f31990462cd34bf57872ad7681,6,1,3,0.0,0.0,0.0,0.0,0.0,0.0,False,False,True,True
Beauty,A19DZQ1GLMCD2P,fit,05891f6f8ac4a1a0d25971671157852441408c378803be2b22c5954929da7f6c,0,108,6,0.17647058823529413,-4.938023567199707,-5.953884124755859,-6.167418956756592,1.2293953895568848,1.0158605575561523,True,False,True,True
Beauty,A19DZQ1GLMCD2P,fit,05891f6f8ac4a1a0d25971671157852441408c378803be2b22c5954929da7f6c,1,46,6,0.17647058823529413,-2.41400146484375,-3.959446430206299,-3.4100418090820312,0.9960403442382812,1.5454449653625488,True,False,True,True
Beauty,A19DZQ1GLMCD2P,fit,05891f6f8ac4a1a0d25971671157852441408c378803be2b22c5954929da7f6c,2,4,6,0.17647058823529413,-1.3325849771499634,-2.1292428970336914,-1.7922823429107666,0.4596973657608032,0.796657919883728,True,False,True,True
Beauty,A19DZQ1GLMCD2P,fit,05891f6f8ac4a1a0d25971671157852441408c378803be2b22c5954929da7f6c,3,1,6,0.17647058823529413,0.0,0.0,0.0,0.0,0.0,False,False,True,True
Beauty,A19DZQ1GLMCD2P,fit,05891f6f8ac4a1a0d25971671157852441408c378803be2b22c5954929da7f6c,4,1,6,0.17647058823529413,0.0,0.0,0.0,0.0,0.0,False,False,True,True
Beauty,A19DZQ1GLMCD2P,fit,05891f6f8ac4a1a0d25971671157852441408c378803be2b22c5954929da7f6c,5,1,6,0.17647058823529413,0.0,0.0,0.0,0.0,0.0,False,False,True,True
Beauty,A19DZQ1GLMCD2P,fit,05891f6f8ac4a1a0d25971671157852441408c378803be2b22c5954929da7f6c,6,1,6,0.17647058823529413,0.0,0.0,0.0,0.0,0.0,False,False,True,True
Beauty,A1DFTSG5ENJAF,fit,058e5f36d16310026185033271177cffdd25492d43c3d8cf9d2e8eb424927337,0,108,3,0.0,-3.2397665977478027,-3.533693790435791,-2.7082886695861816,-0.5314779281616211,0.2939271926879883,False,False,True,True
Beauty,A1DFTSG5ENJAF,fit,058e5f36d16310026185033271177cffdd25492d43c3d8cf9d2e8eb424927337,1,212,3,0.0,-3.3496432304382324,-3.8919858932495117,-4.870112895965576,1.5204696655273438,0.5423426628112793,True,False,True,True
Beauty,A1DFTSG5ENJAF,fit,058e5f36d16310026185033271177cffdd25492d43c3d8cf9d2e8eb424927337,2,1,3,0.0,0.0,0.0,0.0,0.0,0.0,False,False,True,True
Beauty,A1DFTSG5ENJAF,fit,058e5f36d16310026185033271177cffdd25492d43c3d8cf9d2e8eb424927337,3,1,3,0.0,0.0,0.0,0.0,0.0,0.0,False,False,True,True
Beauty,A1DFTSG5ENJAF,fit,058e5f36d16310026185033271177cffdd25492d43c3d8cf9d2e8eb424927337,4,1,3,0.0,0.0,0.0,0.0,0.0,0.0,False,False,True,True
Beauty,A1DFTSG5ENJAF,fit,058e5f36d16310026185033271177cffdd25492d43c3d8cf9d2e8eb424927337,5,1,3,0.0,0.0,0.0,0.0,0.0,0.0,False,False,True,True
Beauty,A1DFTSG5ENJAF,fit,058e5f36d16310026185033271177cffdd25492d43c3d8cf9d2e8eb424927337,6,1,3,0.0,0.0,0.0,0.0,0.0,0.0,False,False,True,True
Beauty,A1DFTSG5ENJAF,fit,058e5f36d16310026185033271177cffdd25492d43c3d8cf9d2e8eb424927337,7,3,3,0.0,-0.2787177860736847,-0.2660817801952362,-0.20959797501564026,-0.06911981105804443,-0.012636005878448486,False,False,True,True
Beauty,ATGQFZZ3E4QRN,fit,058f59192ed9f26038b26e16f05559d7cacd6b281476e6298e8b98ab683234e4,0,108,20,0.0,-4.523697853088379,-3.860029935836792,-5.525393486022949,1.0016956329345703,-0.6636679172515869,True,True,True,True
Beauty,ATGQFZZ3E4QRN,fit,058f59192ed9f26038b26e16f05559d7cacd6b281476e6298e8b98ab683234e4,1,110,20,0.0,-4.494845867156982,-5.932344436645508,-4.574671268463135,0.07982540130615234,1.4374985694885254,True,False,True,True
Beauty,ATGQFZZ3E4QRN,fit,058f59192ed9f26038b26e16f05559d7cacd6b281476e6298e8b98ab683234e4,2,1,20,0.0,0.0,0.0,0.0,0.0,0.0,False,False,True,True
Beauty,ATGQFZZ3E4QRN,fit,058f59192ed9f26038b26e16f05559d7cacd6b281476e6298e8b98ab683234e4,3,1,20,0.0,0.0,0.0,0.0,0.0,0.0,False,False,True,True
Beauty,ATGQFZZ3E4QRN,fit,058f59192ed9f26038b26e16f05559d7cacd6b281476e6298e8b98ab683234e4,4,1,20,0.0,0.0,0.0,0.0,0.0,0.0,False,False,True,True
Beauty,ATGQFZZ3E4QRN,fit,058f59192ed9f26038b26e16f05559d7cacd6b281476e6298e8b98ab683234e4,5,1,20,0.0,0.0,0.0,0.0,0.0,0.0,False,False,True,True
Beauty,ATGQFZZ3E4QRN,fit,058f59192ed9f26038b26e16f05559d7cacd6b281476e6298e8b98ab683234e4,6,1,20,0.0,0.0,0.0,0.0,0.0,0.0,False,False,True,True
Beauty,A6XHF110BC856,fit,059056a5b274c91801953ead5e94a37bb6b51ee25d89b962bfa57930a5553ac7,0,108,20,0.05263157894736842,-4.390167713165283,-3.6303763389587402,-3.5379786491394043,-0.8521890640258789,-0.759791374206543,False,False,True,True
Beauty,A6XHF110BC856,fit,059056a5b274c91801953ead5e94a37bb6b51ee25d89b962bfa57930a5553ac7,1,96,20,0.05263157894736842,-0.7112361788749695,-1.1149142980575562,-1.6610774993896484,0.949841320514679,0.40367811918258667,True,False,True,True
Beauty,A6XHF110BC856,fit,059056a5b274c91801953ead5e94a37bb6b51ee25d89b962bfa57930a5553ac7,2,4,20,0.05263157894736842,-0.0036699105985462666,-0.08787845820188522,-0.6477264761924744,0.6440565655939281,0.08420854760333896,True,True,True,True
Beauty,A6XHF110BC856,fit,059056a5b274c91801953ead5e94a37bb6b51ee25d89b962bfa57930a5553ac7,3,2,20,0.05263157894736842,0.0,0.0,0.0,0.0,0.0,False,False,True,True
Beauty,A6XHF110BC856,fit,059056a5b274c91801953ead5e94a37bb6b51ee25d89b962bfa57930a5553ac7,4,1,20,0.05263157894736842,0.0,0.0,0.0,0.0,0.0,False,False,True,True
Beauty,A6XHF110BC856,fit,059056a5b274c91801953ead5e94a37bb6b51ee25d89b962bfa57930a5553ac7,5,1,20,0.05263157894736842,0.0,0.0,0.0,0.0,0.0,False,False,True,True
Beauty,A6XHF110BC856,fit,059056a5b274c91801953ead5e94a37bb6b51ee25d89b962bfa57930a5553ac7,6,1,20,0.05263157894736842,0.0,0.0,0.0,0.0,0.0,False,False,True,True
Beauty,A3AY41U84YKSA4,fit,05988a114657075ca7db2271802009d1f7a68404ac5c03a65aa84fdf0510d5c6,0,108,6,0.0,-4.408933639526367,-4.5765156745910645,-4.023768424987793,-0.3851652145385742,0.16758203506469727,False,False,True,True
Beauty,A3AY41U84YKSA4,fit,05988a114657075ca7db2271802009d1f7a68404ac5c03a65aa84fdf0510d5c6,1,46,6,0.0,-0.6756741404533386,-1.3293036222457886,-1.0696218013763428,0.39394766092300415,0.65362948179245,True,False,True,True
Beauty,A3AY41U84YKSA4,fit,05988a114657075ca7db2271802009d1f7a68404ac5c03a65aa84fdf0510d5c6,2,2,6,0.0,-0.05496129393577576,-0.04098318889737129,-0.07009316980838776,0.015131875872612,-0.013978105038404465,True,True,True,True
Beauty,A3AY41U84YKSA4,fit,05988a114657075ca7db2271802009d1f7a68404ac5c03a65aa84fdf0510d5c6,3,1,6,0.0,0.0,0.0,0.0,0.0,0.0,False,False,True,True
Beauty,A3AY41U84YKSA4,fit,05988a114657075ca7db2271802009d1f7a68404ac5c03a65aa84fdf0510d5c6,4,1,6,0.0,0.0,0.0,0.0,0.0,0.0,False,False,True,True
Beauty,A3AY41U84YKSA4,fit,05988a114657075ca7db2271802009d1f7a68404ac5c03a65aa84fdf0510d5c6,5,1,6,0.0,0.0,0.0,0.0,0.0,0.0,False,False,True,True
Beauty,A3AY41U84YKSA4,fit,05988a114657075ca7db2271802009d1f7a68404ac5c03a65aa84fdf0510d5c6,6,1,6,0.0,0.0,0.0,0.0,0.0,0.0,False,False,True,True
Beauty,A3G0KQL5717M46,fit,059bc5262211c0006e71904953a44eb3cf9db459170145a099d52a7655efea66,0,108,2,0.05263157894736842,-0.7278174757957458,-8.352330207824707,-7.7908735275268555,7.06305605173111,7.624512732028961,True,False,True,True
Beauty,A3G0KQL5717M46,fit,059bc5262211c0006e71904953a44eb3cf9db459170145a099d52a7655efea66,1,3,2,0.05263157894736842,-0.017699042335152626,-1.5934934616088867,-1.680616021156311,1.6629169788211584,1.575794419273734,True,False,True,True
Beauty,A3G0KQL5717M46,fit,059bc5262211c0006e71904953a44eb3cf9db459170145a099d52a7655efea66,2,4,2,0.05263157894736842,0.0,-8.099909782409668,-8.262517929077148,8.262517929077148,8.099909782409668,True,False,True,True
Beauty,A3G0KQL5717M46,fit,059bc5262211c0006e71904953a44eb3cf9db459170145a099d52a7655efea66,3,1,2,0.05263157894736842,0.0,0.0,0.0,0.0,0.0,False,False,True,True
Beauty,A3G0KQL5717M46,fit,059bc5262211c0006e71904953a44eb3cf9db459170145a099d52a7655efea66,4,1,2,0.05263157894736842,0.0,0.0,0.0,0.0,0.0,False,False,True,True
Beauty,A3G0KQL5717M46,fit,059bc5262211c0006e71904953a44eb3cf9db459170145a099d52a7655efea66,5,1,2,0.05263157894736842,0.0,0.0,0.0,0.0,0.0,False,False,True,True
Beauty,A3G0KQL5717M46,fit,059bc5262211c0006e71904953a44eb3cf9db459170145a099d52a7655efea66,6,1,2,0.05263157894736842,0.0,0.0,0.0,0.0,0.0,False,False,True,True
Beauty,A4QILEL3P0156,fit,059d94b8d80bfd21751318a13e296db98f0c5235215c26183a173b72444373eb,0,108,2,0.0,-1.442458152770996,-3.743060350418091,-3.09969425201416,1.657236099243164,2.3006021976470947,True,False,True,True
Beauty,A4QILEL3P0156,fit,059d94b8d80bfd21751318a13e296db98f0c5235215c26183a173b72444373eb,1,83,2,0.0,-0.4609598219394684,-0.6879560947418213,-1.5905362367630005,1.129576414823532,0.2269962728023529,True,False,True,True
Beauty,A4QILEL3P0156,fit,059d94b8d80bfd21751318a13e296db98f0c5235215c26183a173b72444373eb,2,2,2,0.0,-0.001033129869028926,-0.009992929175496101,-0.11104663461446762,0.1100135047454387,0.008959799306467175,True,True,True,True
Beauty,A4QILEL3P0156,fit,059d94b8d80bfd21751318a13e296db98f0c5235215c26183a173b72444373eb,3,18,2,0.0,-0.06019110977649689,-0.3985557556152344,-0.4437099099159241,0.3835188001394272,0.3383646458387375,True,False,True,True
Beauty,A4QILEL3P0156,fit,059d94b8d80bfd21751318a13e296db98f0c5235215c26183a173b72444373eb,4,2,2,0.0,-0.012203550897538662,-3.6691694259643555,-3.6991360187530518,3.686932467855513,3.656965875066817,True,False,True,True
Beauty,A4QILEL3P0156,fit,059d94b8d80bfd21751318a13e296db98f0c5235215c26183a173b72444373eb,5,2,2,0.0,-0.00040570611599832773,-0.16480858623981476,-0.6662300825119019,0.6658243763959035,0.16440288012381643,True,False,True,True
Beauty,A4QILEL3P0156,fit,059d94b8d80bfd21751318a13e296db98f0c5235215c26183a173b72444373eb,6,1,2,0.0,0.0,0.0,0.0,0.0,0.0,False,False,True,True
Beauty,A3I4O3UN1HVXP6,fit,05a4eba4b50381dc8c275bb403700002367c4dd62b773adde3db9348df95f599,0,108,3,0.0,-0.650288999080658,-3.1018998622894287,-2.006014823913574,1.3557258248329163,2.4516108632087708,True,False,True,True
Beauty,A3I4O3UN1HVXP6,fit,05a4eba4b50381dc8c275bb403700002367c4dd62b773adde3db9348df95f599,1,89,3,0.0,-0.0056642503477633,-7.92708683013916,-7.207082748413086,7.201418498065323,7.921422579791397,True,False,True,True
Beauty,A3I4O3UN1HVXP6,fit,05a4eba4b50381dc8c275bb403700002367c4dd62b773adde3db9348df95f599,2,1,3,0.0,0.0,0.0,0.0,0.0,0.0,False,False,True,True
Beauty,A3I4O3UN1HVXP6,fit,05a4eba4b50381dc8c275bb403700002367c4dd62b773adde3db9348df95f599,3,1,3,0.0,0.0,0.0,0.0,0.0,0.0,False,False,True,True
Beauty,A3I4O3UN1HVXP6,fit,05a4eba4b50381dc8c275bb403700002367c4dd62b773adde3db9348df95f599,4,1,3,0.0,0.0,0.0,0.0,0.0,0.0,False,False,True,True
Beauty,A3I4O3UN1HVXP6,fit,05a4eba4b50381dc8c275bb403700002367c4dd62b773adde3db9348df95f599,5,1,3,0.0,0.0,0.0,0.0,0.0,0.0,False,False,True,True
Beauty,A3I4O3UN1HVXP6,fit,05a4eba4b50381dc8c275bb403700002367c4dd62b773adde3db9348df95f599,6,1,3,0.0,0.0,0.0,0.0,0.0,0.0,False,False,True,True
Beauty,A3R7LZK7AP3LR7,fit,05a615e650b17e4be0025ff4e844d1d02363597523a2ff066df29eff467e1b49,0,108,2,0.0,-4.4775896072387695,-4.544853210449219,-4.656290054321289,0.17870044708251953,0.06726360321044922,True,True,True,True
Beauty,A3R7LZK7AP3LR7,fit,05a615e650b17e4be0025ff4e844d1d02363597523a2ff066df29eff467e1b49,1,96,2,0.0,-4.3399248123168945,-7.196110725402832,-6.179914951324463,1.8399901390075684,2.8561859130859375,True,False,True,True
Beauty,A3R7LZK7AP3LR7,fit,05a615e650b17e4be0025ff4e844d1d02363597523a2ff066df29eff467e1b49,2,2,2,0.0,-0.00034957972820848227,-0.0003657863999251276,-0.00037222131504677236,2.2641586838290095e-05,1.620667171664536e-05,True,True,True,True
Beauty,A3R7LZK7AP3LR7,fit,05a615e650b17e4be0025ff4e844d1d02363597523a2ff066df29eff467e1b49,3,2,2,0.0,-1.2636104656849056e-05,-4.136476854910143e-05,-4.362964682513848e-05,3.099354216828942e-05,2.872866389225237e-05,True,True,True,True
Beauty,A3R7LZK7AP3LR7,fit,05a615e650b17e4be0025ff4e844d1d02363597523a2ff066df29eff467e1b49,4,1,2,0.0,0.0,0.0,0.0,0.0,0.0,False,False,True,True
Beauty,A3R7LZK7AP3LR7,fit,05a615e650b17e4be0025ff4e844d1d02363597523a2ff066df29eff467e1b49,5,1,2,0.0,0.0,0.0,0.0,0.0,0.0,False,False,True,True
Beauty,A3R7LZK7AP3LR7,fit,05a615e650b17e4be0025ff4e844d1d02363597523a2ff066df29eff467e1b49,6,1,2,0.0,0.0,0.0,0.0,0.0,0.0,False,False,True,True
Beauty,A3JMWTT9A5NRP6,fit,05a792409fa0009cacb7cc4cef9b46679398a0dd85d5f536021ad5add521677b,0,108,2,0.05263157894736842,-0.27222350239753723,-2.8530802726745605,-2.474989414215088,2.2027659118175507,2.5808567702770233,True,False,True,True
Beauty,A3JMWTT9A5NRP6,fit,05a792409fa0009cacb7cc4cef9b46679398a0dd85d5f536021ad5add521677b,1,73,2,0.05263157894736842,-0.0022565871477127075,-6.549729347229004,-5.173357963562012,5.171101376414299,6.547472760081291,True,False,True,True
Beauty,A3JMWTT9A5NRP6,fit,05a792409fa0009cacb7cc4cef9b46679398a0dd85d5f536021ad5add521677b,2,1,2,0.05263157894736842,0.0,0.0,0.0,0.0,0.0,False,False,True,True
Beauty,A3JMWTT9A5NRP6,fit,05a792409fa0009cacb7cc4cef9b46679398a0dd85d5f536021ad5add521677b,3,1,2,0.05263157894736842,0.0,0.0,0.0,0.0,0.0,False,False,True,True
Beauty,A3JMWTT9A5NRP6,fit,05a792409fa0009cacb7cc4cef9b46679398a0dd85d5f536021ad5add521677b,4,1,2,0.05263157894736842,0.0,0.0,0.0,0.0,0.0,False,False,True,True
Beauty,A3JMWTT9A5NRP6,fit,05a792409fa0009cacb7cc4cef9b46679398a0dd85d5f536021ad5add521677b,5,1,2,0.05263157894736842,0.0,0.0,0.0,0.0,0.0,False,False,True,True
Beauty,A3JMWTT9A5NRP6,fit,05a792409fa0009cacb7cc4cef9b46679398a0dd85d5f536021ad5add521677b,6,1,2,0.05263157894736842,0.0,0.0,0.0,0.0,0.0,False,False,True,True
Beauty,A10FYJ0D5Q623M,fit,05ac21f6193af5dab1bb3c7699a12dfc8538b3f2a01dfcb949d85cffa46d8c63,0,108,6,0.0,-4.341305255889893,-3.965519666671753,-4.123819828033447,-0.2174854278564453,-0.37578558921813965,False,False,True,True
Beauty,A10FYJ0D5Q623M,fit,05ac21f6193af5dab1bb3c7699a12dfc8538b3f2a01dfcb949d85cffa46d8c63,1,58,6,0.0,-8.594202041625977,-10.494155883789062,-9.076995849609375,0.48279380798339844,1.899953842163086,True,False,True,True
Beauty,A10FYJ0D5Q623M,fit,05ac21f6193af5dab1bb3c7699a12dfc8538b3f2a01dfcb949d85cffa46d8c63,2,1,6,0.0,0.0,0.0,0.0,0.0,0.0,False,False,True,True
Beauty,A10FYJ0D5Q623M,fit,05ac21f6193af5dab1bb3c7699a12dfc8538b3f2a01dfcb949d85cffa46d8c63,3,1,6,0.0,0.0,0.0,0.0,0.0,0.0,False,False,True,True
Beauty,A10FYJ0D5Q623M,fit,05ac21f6193af5dab1bb3c7699a12dfc8538b3f2a01dfcb949d85cffa46d8c63,4,1,6,0.0,0.0,0.0,0.0,0.0,0.0,False,False,True,True
Beauty,A10FYJ0D5Q623M,fit,05ac21f6193af5dab1bb3c7699a12dfc8538b3f2a01dfcb949d85cffa46d8c63,5,1,6,0.0,0.0,0.0,0.0,0.0,0.0,False,False,True,True
Beauty,A10FYJ0D5Q623M,fit,05ac21f6193af5dab1bb3c7699a12dfc8538b3f2a01dfcb949d85cffa46d8c63,6,1,6,0.0,0.0,0.0,0.0,0.0,0.0,False,False,True,True
Beauty,A3EXR47MYDRLQG,fit,05acb58081844d38e65f03613871cdc1cc0132d2baaa78f711f7f6f1e39508c3,0,108,6,0.05263157894736842,-5.192770481109619,-5.847043991088867,-5.80399751663208,0.6112270355224609,0.654273509979248,True,False,True,True
Beauty,A3EXR47MYDRLQG,fit,05acb58081844d38e65f03613871cdc1cc0132d2baaa78f711f7f6f1e39508c3,1,10,6,0.05263157894736842,-0.2688075006008148,-0.9491361975669861,-0.8484015464782715,0.5795940458774567,0.6803286969661713,True,False,True,True
Beauty,A3EXR47MYDRLQG,fit,05acb58081844d38e65f03613871cdc1cc0132d2baaa78f711f7f6f1e39508c3,2,5,6,0.05263157894736842,-0.003753047902137041,-0.02549486607313156,-0.005158211104571819,0.0014051632024347782,0.02174181817099452,True,True,True,True
Beauty,A3EXR47MYDRLQG,fit,05acb58081844d38e65f03613871cdc1cc0132d2baaa78f711f7f6f1e39508c3,3,4,6,0.05263157894736842,-1.3168405294418335,-0.1392855942249298,-0.29933616518974304,-1.0175043642520905,-1.1775549352169037,False,False,True,True
Beauty,A3EXR47MYDRLQG,fit,05acb58081844d38e65f03613871cdc1cc0132d2baaa78f711f7f6f1e39508c3,4,1,6,0.05263157894736842,0.0,0.0,0.0,0.0,0.0,False,False,True,True
Beauty,A3EXR47MYDRLQG,fit,05acb58081844d38e65f03613871cdc1cc0132d2baaa78f711f7f6f1e39508c3,5,1,6,0.05263157894736842,0.0,0.0,0.0,0.0,0.0,False,False,True,True
Beauty,A3EXR47MYDRLQG,fit,05acb58081844d38e65f03613871cdc1cc0132d2baaa78f711f7f6f1e39508c3,6,1,6,0.05263157894736842,0.0,0.0,0.0,0.0,0.0,False,False,True,True
Beauty,A2XO9VWQ7DNFP7,fit,05bcd3a37f6131c1f821cc4dfe40b150da52793cbe144c02e1c3e63058a18819,0,108,3,0.0,-1.8780517578125,-7.245757102966309,-4.068079948425293,2.190028190612793,5.367705345153809,True,False,True,True
Beauty,A2XO9VWQ7DNFP7,fit,05bcd3a37f6131c1f821cc4dfe40b150da52793cbe144c02e1c3e63058a18819,1,126,3,0.0,-3.7932755947113037,-2.539231538772583,-2.049549102783203,-1.7437264919281006,-1.2540440559387207,False,False,True,True
Beauty,A2XO9VWQ7DNFP7,fit,05bcd3a37f6131c1f821cc4dfe40b150da52793cbe144c02e1c3e63058a18819,2,3,3,0.0,-0.05651234835386276,-0.05550466850399971,-0.05090571567416191,-0.0056066326797008514,-0.0010076798498630524,False,False,True,True
Beauty,A2XO9VWQ7DNFP7,fit,05bcd3a37f6131c1f821cc4dfe40b150da52793cbe144c02e1c3e63058a18819,3,1,3,0.0,0.0,0.0,0.0,0.0,0.0,False,False,True,True
Beauty,A2XO9VWQ7DNFP7,fit,05bcd3a37f6131c1f821cc4dfe40b150da52793cbe144c02e1c3e63058a18819,4,1,3,0.0,0.0,0.0,0.0,0.0,0.0,False,False,True,True
Beauty,A2XO9VWQ7DNFP7,fit,05bcd3a37f6131c1f821cc4dfe40b150da52793cbe144c02e1c3e63058a18819,5,1,3,0.0,0.0,0.0,0.0,0.0,0.0,False,False,True,True
Beauty,A2XO9VWQ7DNFP7,fit,05bcd3a37f6131c1f821cc4dfe40b150da52793cbe144c02e1c3e63058a18819,6,1,3,0.0,0.0,0.0,0.0,0.0,0.0,False,False,True,True
Beauty,A1IIT55COHZ48S,fit,05c9e8376fda2c0e220122fa603e00fc2ce597968bf8ca92a6a911fea052daf3,0,108,4,0.17647058823529413,-1.2756316661834717,-2.7849278450012207,-1.222704529762268,-0.05292713642120361,1.509296178817749,False,False,True,True
Beauty,A1IIT55COHZ48S,fit,05c9e8376fda2c0e220122fa603e00fc2ce597968bf8ca92a6a911fea052daf3,1,98,4,0.17647058823529413,-3.4204342365264893,-5.595797538757324,-4.874574184417725,1.4541399478912354,2.175363302230835,True,False,True,True
Beauty,A1IIT55COHZ48S,fit,05c9e8376fda2c0e220122fa603e00fc2ce597968bf8ca92a6a911fea052daf3,2,1,4,0.17647058823529413,0.0,0.0,0.0,0.0,0.0,False,False,True,True
Beauty,A1IIT55COHZ48S,fit,05c9e8376fda2c0e220122fa603e00fc2ce597968bf8ca92a6a911fea052daf3,3,1,4,0.17647058823529413,0.0,0.0,0.0,0.0,0.0,False,False,True,True
Beauty,A1IIT55COHZ48S,fit,05c9e8376fda2c0e220122fa603e00fc2ce597968bf8ca92a6a911fea052daf3,4,1,4,0.17647058823529413,0.0,0.0,0.0,0.0,0.0,False,False,True,True
Beauty,A1IIT55COHZ48S,fit,05c9e8376fda2c0e220122fa603e00fc2ce597968bf8ca92a6a911fea052daf3,5,1,4,0.17647058823529413,0.0,0.0,0.0,0.0,0.0,False,False,True,True
Beauty,A1IIT55COHZ48S,fit,05c9e8376fda2c0e220122fa603e00fc2ce597968bf8ca92a6a911fea052daf3,6,1,4,0.17647058823529413,0.0,0.0,0.0,0.0,0.0,False,False,True,True
Beauty,A2P4O3WUT2NINE,fit,05cf47a07263b6b3ff146a4f76f63b66e6f2420d41f48429db9f4eca046d01f5,0,108,4,0.0,-2.775053024291992,-3.972135305404663,-4.750051498413086,1.9749984741210938,1.197082281112671,True,False,True,True
Beauty,A2P4O3WUT2NINE,fit,05cf47a07263b6b3ff146a4f76f63b66e6f2420d41f48429db9f4eca046d01f5,1,49,4,0.0,-3.576278118089249e-07,-14.348645210266113,-16.556425094604492,16.55642473697668,14.348644852638301,True,False,True,True
Beauty,A2P4O3WUT2NINE,fit,05cf47a07263b6b3ff146a4f76f63b66e6f2420d41f48429db9f4eca046d01f5,2,1,4,0.0,0.0,0.0,0.0,0.0,0.0,False,False,True,True
Beauty,A2P4O3WUT2NINE,fit,05cf47a07263b6b3ff146a4f76f63b66e6f2420d41f48429db9f4eca046d01f5,3,1,4,0.0,0.0,0.0,0.0,0.0,0.0,False,False,True,True
Beauty,A2P4O3WUT2NINE,fit,05cf47a07263b6b3ff146a4f76f63b66e6f2420d41f48429db9f4eca046d01f5,4,1,4,0.0,0.0,0.0,0.0,0.0,0.0,False,False,True,True
Beauty,A2P4O3WUT2NINE,fit,05cf47a07263b6b3ff146a4f76f63b66e6f2420d41f48429db9f4eca046d01f5,5,1,4,0.0,0.0,0.0,0.0,0.0,0.0,False,False,True,True
Beauty,A2P4O3WUT2NINE,fit,05cf47a07263b6b3ff146a4f76f63b66e6f2420d41f48429db9f4eca046d01f5,6,1,4,0.0,0.0,0.0,0.0,0.0,0.0,False,False,True,True
Beauty,A2J9TNG9EPPBWV,fit,05db89f7f37865cae946d15a09d376c3d8e6f29bcd17e3f634503e1c127ecef0,0,108,2,0.17647058823529413,-3.849938154220581,-6.020820617675781,-5.003359794616699,1.1534216403961182,2.1708824634552,True,False,True,True
Beauty,A2J9TNG9EPPBWV,fit,05db89f7f37865cae946d15a09d376c3d8e6f29bcd17e3f634503e1c127ecef0,1,53,2,0.17647058823529413,-1.9207170009613037,-4.426068305969238,-3.9921188354492188,2.071401834487915,2.5053513050079346,True,False,True,True
Beauty,A2J9TNG9EPPBWV,fit,05db89f7f37865cae946d15a09d376c3d8e6f29bcd17e3f634503e1c127ecef0,2,1,2,0.17647058823529413,0.0,0.0,0.0,0.0,0.0,False,False,True,True
Beauty,A2J9TNG9EPPBWV,fit,05db89f7f37865cae946d15a09d376c3d8e6f29bcd17e3f634503e1c127ecef0,3,1,2,0.17647058823529413,0.0,0.0,0.0,0.0,0.0,False,False,True,True
Beauty,A2J9TNG9EPPBWV,fit,05db89f7f37865cae946d15a09d376c3d8e6f29bcd17e3f634503e1c127ecef0,4,1,2,0.17647058823529413,0.0,0.0,0.0,0.0,0.0,False,False,True,True
Beauty,A2J9TNG9EPPBWV,fit,05db89f7f37865cae946d15a09d376c3d8e6f29bcd17e3f634503e1c127ecef0,5,1,2,0.17647058823529413,0.0,0.0,0.0,0.0,0.0,False,False,True,True
Beauty,A2J9TNG9EPPBWV,fit,05db89f7f37865cae946d15a09d376c3d8e6f29bcd17e3f634503e1c127ecef0,6,1,2,0.17647058823529413,0.0,0.0,0.0,0.0,0.0,False,False,True,True
Beauty,A3GWM1FHA3EQPM,fit,05e25b188f80cb451c0ab3633e66e04af4fff1def7ba17cffeea94ce639f24a4,0,108,3,0.0,-3.8425042629241943,-4.881664276123047,-3.467240333557129,-0.37526392936706543,1.0391600131988525,False,False,True,True
Beauty,A3GWM1FHA3EQPM,fit,05e25b188f80cb451c0ab3633e66e04af4fff1def7ba17cffeea94ce639f24a4,1,118,3,0.0,-4.407830238342285,-3.7034568786621094,-3.79354190826416,-0.614288330078125,-0.7043733596801758,False,False,True,True
Beauty,A3GWM1FHA3EQPM,fit,05e25b188f80cb451c0ab3633e66e04af4fff1def7ba17cffeea94ce639f24a4,2,3,3,0.0,-5.9123640060424805,-13.087838172912598,-13.63052749633789,7.71816349029541,7.175474166870117,True,False,True,True
Beauty,A3GWM1FHA3EQPM,fit,05e25b188f80cb451c0ab3633e66e04af4fff1def7ba17cffeea94ce639f24a4,3,1,3,0.0,0.0,0.0,0.0,0.0,0.0,False,False,True,True
Beauty,A3GWM1FHA3EQPM,fit,05e25b188f80cb451c0ab3633e66e04af4fff1def7ba17cffeea94ce639f24a4,4,1,3,0.0,0.0,0.0,0.0,0.0,0.0,False,False,True,True
Beauty,A3GWM1FHA3EQPM,fit,05e25b188f80cb451c0ab3633e66e04af4fff1def7ba17cffeea94ce639f24a4,5,1,3,0.0,0.0,0.0,0.0,0.0,0.0,False,False,True,True
Beauty,A3GWM1FHA3EQPM,fit,05e25b188f80cb451c0ab3633e66e04af4fff1def7ba17cffeea94ce639f24a4,6,1,3,0.0,0.0,0.0,0.0,0.0,0.0,False,False,True,True
Beauty,A2ZOTWGLSUPUSM,fit,05e5dd2193b32e223175885ec1e2cef10a46783004f87e48cc77f6d636f772f7,0,108,17,0.05263157894736842,-0.9191083908081055,-0.47040969133377075,-0.22109314799308777,-0.6980152428150177,-0.4486986994743347,False,False,True,True
Beauty,A2ZOTWGLSUPUSM,fit,05e5dd2193b32e223175885ec1e2cef10a46783004f87e48cc77f6d636f772f7,1,59,17,0.05263157894736842,-1.09209406375885,-1.9061206579208374,-3.109276056289673,2.0171819925308228,0.8140265941619873,True,False,True,True
Beauty,A2ZOTWGLSUPUSM,fit,05e5dd2193b32e223175885ec1e2cef10a46783004f87e48cc77f6d636f772f7,2,3,17,0.05263157894736842,-0.06229249760508537,-0.208872988820076,-0.22729428112506866,0.1650017835199833,0.14658049121499062,True,False,True,True
Beauty,A2ZOTWGLSUPUSM,fit,05e5dd2193b32e223175885ec1e2cef10a46783004f87e48cc77f6d636f772f7,3,1,17,0.05263157894736842,0.0,0.0,0.0,0.0,0.0,False,False,True,True
Beauty,A2ZOTWGLSUPUSM,fit,05e5dd2193b32e223175885ec1e2cef10a46783004f87e48cc77f6d636f772f7,4,1,17,0.05263157894736842,0.0,0.0,0.0,0.0,0.0,False,False,True,True
Beauty,A2ZOTWGLSUPUSM,fit,05e5dd2193b32e223175885ec1e2cef10a46783004f87e48cc77f6d636f772f7,5,1,17,0.05263157894736842,0.0,0.0,0.0,0.0,0.0,False,False,True,True
Beauty,A2ZOTWGLSUPUSM,fit,05e5dd2193b32e223175885ec1e2cef10a46783004f87e48cc77f6d636f772f7,6,1,17,0.05263157894736842,0.0,0.0,0.0,0.0,0.0,False,False,True,True
Beauty,AM9RNVQ6ZXA8X,fit,05e9495cbe553274accf0c57f01d0b0a63c76982eb2bbf5a60b16f94b169f417,0,108,2,0.0,-3.4316372871398926,-3.5112481117248535,-3.8507790565490723,0.4191417694091797,0.07961082458496094,True,True,True,True
Beauty,AM9RNVQ6ZXA8X,fit,05e9495cbe553274accf0c57f01d0b0a63c76982eb2bbf5a60b16f94b169f417,1,133,2,0.0,-1.6481513977050781,-1.3648568391799927,-1.7954789400100708,0.14732754230499268,-0.28329455852508545,True,True,True,True
Beauty,AM9RNVQ6ZXA8X,fit,05e9495cbe553274accf0c57f01d0b0a63c76982eb2bbf5a60b16f94b169f417,2,4,2,0.0,-0.37206825613975525,-0.1284387856721878,-0.13627848029136658,-0.23578977584838867,-0.24362947046756744,False,False,True,True
Beauty,AM9RNVQ6ZXA8X,fit,05e9495cbe553274accf0c57f01d0b0a63c76982eb2bbf5a60b16f94b169f417,3,2,2,0.0,-0.1825072467327118,-0.1486562043428421,-0.1428462415933609,-0.03966100513935089,-0.03385104238986969,False,False,True,True
Beauty,AM9RNVQ6ZXA8X,fit,05e9495cbe553274accf0c57f01d0b0a63c76982eb2bbf5a60b16f94b169f417,4,1,2,0.0,0.0,0.0,0.0,0.0,0.0,False,False,True,True
Beauty,AM9RNVQ6ZXA8X,fit,05e9495cbe553274accf0c57f01d0b0a63c76982eb2bbf5a60b16f94b169f417,5,1,2,0.0,0.0,0.0,0.0,0.0,0.0,False,False,True,True
Beauty,AM9RNVQ6ZXA8X,fit,05e9495cbe553274accf0c57f01d0b0a63c76982eb2bbf5a60b16f94b169f417,6,1,2,0.0,0.0,0.0,0.0,0.0,0.0,False,False,True,True
Beauty,AYO1146CBIV5C,calibration,000c762da8830475d6d22b42bc33818b3ab3f0fecf6f943034ee5308a89f8678,0,108,2,0.0,-2.6174533367156982,-4.38151741027832,-3.5767107009887695,0.9592573642730713,1.764064073562622,True,False,True,True
Beauty,AYO1146CBIV5C,calibration,000c762da8830475d6d22b42bc33818b3ab3f0fecf6f943034ee5308a89f8678,1,81,2,0.0,-1.1871776580810547,-5.29163932800293,-5.143366813659668,3.9561891555786133,4.104461669921875,True,False,True,True
Beauty,AYO1146CBIV5C,calibration,000c762da8830475d6d22b42bc33818b3ab3f0fecf6f943034ee5308a89f8678,2,1,2,0.0,0.0,0.0,0.0,0.0,0.0,False,False,True,True
Beauty,AYO1146CBIV5C,calibration,000c762da8830475d6d22b42bc33818b3ab3f0fecf6f943034ee5308a89f8678,3,1,2,0.0,0.0,0.0,0.0,0.0,0.0,False,False,True,True
Beauty,AYO1146CBIV5C,calibration,000c762da8830475d6d22b42bc33818b3ab3f0fecf6f943034ee5308a89f8678,4,1,2,0.0,0.0,0.0,0.0,0.0,0.0,False,False,True,True
Beauty,AYO1146CBIV5C,calibration,000c762da8830475d6d22b42bc33818b3ab3f0fecf6f943034ee5308a89f8678,5,1,2,0.0,0.0,0.0,0.0,0.0,0.0,False,False,True,True
Beauty,AYO1146CBIV5C,calibration,000c762da8830475d6d22b42bc33818b3ab3f0fecf6f943034ee5308a89f8678,6,1,2,0.0,0.0,0.0,0.0,0.0,0.0,False,False,True,True
Beauty,AFG1FHHPPE2N2,calibration,0014e41de3d4db6b46690b026b441a0dffb1ae63958a88e0d32966078bb13cbe,0,108,4,0.0,-0.796877384185791,-3.8274145126342773,-1.661990761756897,0.865113377571106,3.0305371284484863,True,False,True,True
Beauty,AFG1FHHPPE2N2,calibration,0014e41de3d4db6b46690b026b441a0dffb1ae63958a88e0d32966078bb13cbe,1,110,4,0.0,-0.9986902475357056,-0.13019217550754547,-0.041851967573165894,-0.9568382799625397,-0.8684980720281601,False,False,True,True
Beauty,AFG1FHHPPE2N2,calibration,0014e41de3d4db6b46690b026b441a0dffb1ae63958a88e0d32966078bb13cbe,2,2,4,0.0,0.0,-0.015502073802053928,-0.0027214179281145334,0.0027214179281145334,0.015502073802053928,True,True,True,True
Beauty,AFG1FHHPPE2N2,calibration,0014e41de3d4db6b46690b026b441a0dffb1ae63958a88e0d32966078bb13cbe,3,1,4,0.0,0.0,0.0,0.0,0.0,0.0,False,False,True,True
Beauty,AFG1FHHPPE2N2,calibration,0014e41de3d4db6b46690b026b441a0dffb1ae63958a88e0d32966078bb13cbe,4,1,4,0.0,0.0,0.0,0.0,0.0,0.0,False,False,True,True
Beauty,AFG1FHHPPE2N2,calibration,0014e41de3d4db6b46690b026b441a0dffb1ae63958a88e0d32966078bb13cbe,5,1,4,0.0,0.0,0.0,0.0,0.0,0.0,False,False,True,True
Beauty,AFG1FHHPPE2N2,calibration,0014e41de3d4db6b46690b026b441a0dffb1ae63958a88e0d32966078bb13cbe,6,1,4,0.0,0.0,0.0,0.0,0.0,0.0,False,False,True,True
Beauty,AFG1FHHPPE2N2,calibration,0014e41de3d4db6b46690b026b441a0dffb1ae63958a88e0d32966078bb13cbe,7,3,4,0.0,-0.23293262720108032,-1.9639686346054077,-2.1626410484313965,1.9297084212303162,1.7310360074043274,True,False,True,True
Beauty,A3PAH00N4D2MRI,calibration,0020bb4c7319f80beb431b622f8b0477a87f25c5a877850cba877c38d11512aa,0,108,3,0.0,-0.9558645486831665,-4.309897422790527,-1.495341181755066,0.5394766330718994,3.354032874107361,True,False,True,True
Beauty,A3PAH00N4D2MRI,calibration,0020bb4c7319f80beb431b622f8b0477a87f25c5a877850cba877c38d11512aa,1,58,3,0.0,-3.3948512077331543,-2.6869869232177734,-3.110083818435669,-0.28476738929748535,-0.7078642845153809,False,False,True,True
Beauty,A3PAH00N4D2MRI,calibration,0020bb4c7319f80beb431b622f8b0477a87f25c5a877850cba877c38d11512aa,2,1,3,0.0,0.0,0.0,0.0,0.0,0.0,False,False,True,True
Beauty,A3PAH00N4D2MRI,calibration,0020bb4c7319f80beb431b622f8b0477a87f25c5a877850cba877c38d11512aa,3,1,3,0.0,0.0,0.0,0.0,0.0,0.0,False,False,True,True
Beauty,A3PAH00N4D2MRI,calibration,0020bb4c7319f80beb431b622f8b0477a87f25c5a877850cba877c38d11512aa,4,1,3,0.0,0.0,0.0,0.0,0.0,0.0,False,False,True,True
Beauty,A3PAH00N4D2MRI,calibration,0020bb4c7319f80beb431b622f8b0477a87f25c5a877850cba877c38d11512aa,5,1,3,0.0,0.0,0.0,0.0,0.0,0.0,False,False,True,True
Beauty,A3PAH00N4D2MRI,calibration,0020bb4c7319f80beb431b622f8b0477a87f25c5a877850cba877c38d11512aa,6,1,3,0.0,0.0,0.0,0.0,0.0,0.0,False,False,True,True
Beauty,A37EQPO08CBZ2U,calibration,002446c27e3996764b390078e31c21d142e9ba96a6bb8c3b0191fff647814f25,0,108,7,0.0,-4.783817291259766,-6.843240261077881,-4.9792985916137695,0.1954813003540039,2.0594229698181152,True,False,True,True
Beauty,A37EQPO08CBZ2U,calibration,002446c27e3996764b390078e31c21d142e9ba96a6bb8c3b0191fff647814f25,1,83,7,0.0,-2.2836391925811768,-1.7699129581451416,-2.844180107116699,0.5605409145355225,-0.5137262344360352,True,True,True,True
Beauty,A37EQPO08CBZ2U,calibration,002446c27e3996764b390078e31c21d142e9ba96a6bb8c3b0191fff647814f25,2,3,7,0.0,-0.002004044596105814,-0.009086447767913342,-0.0026487763971090317,0.0006447318010032177,0.0070824031718075275,True,True,True,True
Beauty,A37EQPO08CBZ2U,calibration,002446c27e3996764b390078e31c21d142e9ba96a6bb8c3b0191fff647814f25,3,1,7,0.0,0.0,0.0,0.0,0.0,0.0,False,False,True,True
Beauty,A37EQPO08CBZ2U,calibration,002446c27e3996764b390078e31c21d142e9ba96a6bb8c3b0191fff647814f25,4,1,7,0.0,0.0,0.0,0.0,0.0,0.0,False,False,True,True
Beauty,A37EQPO08CBZ2U,calibration,002446c27e3996764b390078e31c21d142e9ba96a6bb8c3b0191fff647814f25,5,1,7,0.0,0.0,0.0,0.0,0.0,0.0,False,False,True,True
Beauty,A37EQPO08CBZ2U,calibration,002446c27e3996764b390078e31c21d142e9ba96a6bb8c3b0191fff647814f25,6,1,7,0.0,0.0,0.0,0.0,0.0,0.0,False,False,True,True
Beauty,A2063RFBMQDV47,calibration,0024b967156193d2bd7835126d7d906dff07fb0af1f48335d1d99a37596f2904,0,108,2,0.0,-3.3081867694854736,-4.348442554473877,-4.0500993728637695,0.7419126033782959,1.0402557849884033,True,False,True,True
Beauty,A2063RFBMQDV47,calibration,0024b967156193d2bd7835126d7d906dff07fb0af1f48335d1d99a37596f2904,1,42,2,0.0,-1.2157636880874634,-1.7001614570617676,-0.7636927962303162,-0.4520708918571472,0.4843977689743042,False,False,True,True
Beauty,A2063RFBMQDV47,calibration,0024b967156193d2bd7835126d7d906dff07fb0af1f48335d1d99a37596f2904,2,9,2,0.0,-1.5141677856445312,-1.5939598083496094,-1.6825088262557983,0.1683410406112671,0.07979202270507812,True,True,True,True
Beauty,A2063RFBMQDV47,calibration,0024b967156193d2bd7835126d7d906dff07fb0af1f48335d1d99a37596f2904,3,1,2,0.0,0.0,0.0,0.0,0.0,0.0,False,False,True,True
Beauty,A2063RFBMQDV47,calibration,0024b967156193d2bd7835126d7d906dff07fb0af1f48335d1d99a37596f2904,4,1,2,0.0,0.0,0.0,0.0,0.0,0.0,False,False,True,True
Beauty,A2063RFBMQDV47,calibration,0024b967156193d2bd7835126d7d906dff07fb0af1f48335d1d99a37596f2904,5,1,2,0.0,0.0,0.0,0.0,0.0,0.0,False,False,True,True
Beauty,A2063RFBMQDV47,calibration,0024b967156193d2bd7835126d7d906dff07fb0af1f48335d1d99a37596f2904,6,1,2,0.0,0.0,0.0,0.0,0.0,0.0,False,False,True,True
Beauty,AG3EK1W7AEJMA,calibration,004d5af38fdd225f755a199afc9c41c84a897d84614d2bd188dc3ed9b45b0c87,0,108,2,0.0,-3.876157283782959,-4.091819763183594,-4.310502529144287,0.4343452453613281,0.21566247940063477,True,False,True,True
Beauty,AG3EK1W7AEJMA,calibration,004d5af38fdd225f755a199afc9c41c84a897d84614d2bd188dc3ed9b45b0c87,1,96,2,0.0,-2.078683376312256,-2.7212517261505127,-1.7645894289016724,-0.3140939474105835,0.6425683498382568,False,False,True,True
Beauty,AG3EK1W7AEJMA,calibration,004d5af38fdd225f755a199afc9c41c84a897d84614d2bd188dc3ed9b45b0c87,2,2,2,0.0,-0.5359444618225098,-0.8245483636856079,-0.8535541296005249,0.31760966777801514,0.28860390186309814,True,False,True,True
Beauty,AG3EK1W7AEJMA,calibration,004d5af38fdd225f755a199afc9c41c84a897d84614d2bd188dc3ed9b45b0c87,3,8,2,0.0,-5.318130970001221,-5.195183753967285,-6.181209087371826,0.8630781173706055,-0.12294721603393555,True,True,True,True
Beauty,AG3EK1W7AEJMA,calibration,004d5af38fdd225f755a199afc9c41c84a897d84614d2bd188dc3ed9b45b0c87,4,1,2,0.0,0.0,0.0,0.0,0.0,0.0,False,False,True,True
Beauty,AG3EK1W7AEJMA,calibration,004d5af38fdd225f755a199afc9c41c84a897d84614d2bd188dc3ed9b45b0c87,5,1,2,0.0,0.0,0.0,0.0,0.0,0.0,False,False,True,True
Beauty,AG3EK1W7AEJMA,calibration,004d5af38fdd225f755a199afc9c41c84a897d84614d2bd188dc3ed9b45b0c87,6,1,2,0.0,0.0,0.0,0.0,0.0,0.0,False,False,True,True
Beauty,A2VNIZTV0BGUCX,calibration,0051cfaf7c9297a5c484a57c0ec6ea12346399dd153173bd43abb2b1e5967f99,0,108,3,0.05263157894736842,-3.426274538040161,-3.179919719696045,-3.160510778427124,-0.2657637596130371,-0.2463548183441162,False,False,True,True
Beauty,A2VNIZTV0BGUCX,calibration,0051cfaf7c9297a5c484a57c0ec6ea12346399dd153173bd43abb2b1e5967f99,1,96,3,0.05263157894736842,-3.4670348167419434,-3.631533622741699,-3.5331292152404785,0.06609439849853516,0.16449880599975586,True,False,True,True
Beauty,A2VNIZTV0BGUCX,calibration,0051cfaf7c9297a5c484a57c0ec6ea12346399dd153173bd43abb2b1e5967f99,2,5,3,0.05263157894736842,-0.4024571478366852,-0.6851295232772827,-0.30331113934516907,-0.09914600849151611,0.28267237544059753,False,False,True,True
Beauty,A2VNIZTV0BGUCX,calibration,0051cfaf7c9297a5c484a57c0ec6ea12346399dd153173bd43abb2b1e5967f99,3,1,3,0.05263157894736842,0.0,0.0,0.0,0.0,0.0,False,False,True,True
Beauty,A2VNIZTV0BGUCX,calibration,0051cfaf7c9297a5c484a57c0ec6ea12346399dd153173bd43abb2b1e5967f99,4,1,3,0.05263157894736842,0.0,0.0,0.0,0.0,0.0,False,False,True,True
Beauty,A2VNIZTV0BGUCX,calibration,0051cfaf7c9297a5c484a57c0ec6ea12346399dd153173bd43abb2b1e5967f99,5,1,3,0.05263157894736842,0.0,0.0,0.0,0.0,0.0,False,False,True,True
Beauty,A2VNIZTV0BGUCX,calibration,0051cfaf7c9297a5c484a57c0ec6ea12346399dd153173bd43abb2b1e5967f99,6,1,3,0.05263157894736842,0.0,0.0,0.0,0.0,0.0,False,False,True,True
Beauty,A1ONZ8JRPLBNUI,calibration,00538d7510340ada25247fc29239e07094bf262443c7d16947cc206564d4378e,0,108,20,0.0,-3.3101515769958496,-3.413038492202759,-2.046473741531372,-1.2636778354644775,0.10288691520690918,False,False,True,True
Beauty,A1ONZ8JRPLBNUI,calibration,00538d7510340ada25247fc29239e07094bf262443c7d16947cc206564d4378e,1,118,20,0.0,-0.40446245670318604,-5.031929016113281,-3.3071413040161133,2.9026788473129272,4.627466559410095,True,False,True,True
Beauty,A1ONZ8JRPLBNUI,calibration,00538d7510340ada25247fc29239e07094bf262443c7d16947cc206564d4378e,2,3,20,0.0,-0.24699360132217407,-2.122528076171875,-3.065703868865967,2.8187102675437927,1.875534474849701,True,False,True,True
Beauty,A1ONZ8JRPLBNUI,calibration,00538d7510340ada25247fc29239e07094bf262443c7d16947cc206564d4378e,3,1,20,0.0,0.0,0.0,0.0,0.0,0.0,False,False,True,True
Beauty,A1ONZ8JRPLBNUI,calibration,00538d7510340ada25247fc29239e07094bf262443c7d16947cc206564d4378e,4,1,20,0.0,0.0,0.0,0.0,0.0,0.0,False,False,True,True
Beauty,A1ONZ8JRPLBNUI,calibration,00538d7510340ada25247fc29239e07094bf262443c7d16947cc206564d4378e,5,1,20,0.0,0.0,0.0,0.0,0.0,0.0,False,False,True,True
Beauty,A1ONZ8JRPLBNUI,calibration,00538d7510340ada25247fc29239e07094bf262443c7d16947cc206564d4378e,6,1,20,0.0,0.0,0.0,0.0,0.0,0.0,False,False,True,True
Beauty,A1WP238X6BIFLV,calibration,006760f910a824e831e8995b0b349b989101c24d9c5848ab862fecec5a92e7e0,0,108,2,0.0,-4.373843193054199,-4.939510345458984,-5.738542556762695,1.364699363708496,0.5656671524047852,True,False,True,True
Beauty,A1WP238X6BIFLV,calibration,006760f910a824e831e8995b0b349b989101c24d9c5848ab862fecec5a92e7e0,1,94,2,0.0,-1.6943461894989014,-2.0564022064208984,-1.8943663835525513,0.2000201940536499,0.36205601692199707,True,False,True,True
Beauty,A1WP238X6BIFLV,calibration,006760f910a824e831e8995b0b349b989101c24d9c5848ab862fecec5a92e7e0,2,2,2,0.0,-0.003338361158967018,-0.0018462770385667682,-0.001095648156479001,-0.002242713002488017,-0.00149208412040025,False,False,True,True
Beauty,A1WP238X6BIFLV,calibration,006760f910a824e831e8995b0b349b989101c24d9c5848ab862fecec5a92e7e0,3,1,2,0.0,0.0,0.0,0.0,0.0,0.0,False,False,True,True
Beauty,A1WP238X6BIFLV,calibration,006760f910a824e831e8995b0b349b989101c24d9c5848ab862fecec5a92e7e0,4,1,2,0.0,0.0,0.0,0.0,0.0,0.0,False,False,True,True
Beauty,A1WP238X6BIFLV,calibration,006760f910a824e831e8995b0b349b989101c24d9c5848ab862fecec5a92e7e0,5,1,2,0.0,0.0,0.0,0.0,0.0,0.0,False,False,True,True
Beauty,A1WP238X6BIFLV,calibration,006760f910a824e831e8995b0b349b989101c24d9c5848ab862fecec5a92e7e0,6,1,2,0.0,0.0,0.0,0.0,0.0,0.0,False,False,True,True
Beauty,A9MV9HGCPZ1CB,calibration,0074b6daee21f23f4b252ed36f041b45c54ef926c9c0a6d88e29a1fbc87371f4,0,108,2,0.0,-1.764347791671753,-4.975059509277344,-4.5985026359558105,2.8341548442840576,3.210711717605591,True,False,True,True
Beauty,A9MV9HGCPZ1CB,calibration,0074b6daee21f23f4b252ed36f041b45c54ef926c9c0a6d88e29a1fbc87371f4,1,59,2,0.0,-0.00013660451804753393,-4.096867561340332,-5.454030990600586,5.453894386082538,4.0967309568222845,True,False,True,True
Beauty,A9MV9HGCPZ1CB,calibration,0074b6daee21f23f4b252ed36f041b45c54ef926c9c0a6d88e29a1fbc87371f4,2,3,2,0.0,0.0,-15.499826431274414,-15.055207252502441,15.055207252502441,15.499826431274414,True,False,True,True
Beauty,A9MV9HGCPZ1CB,calibration,0074b6daee21f23f4b252ed36f041b45c54ef926c9c0a6d88e29a1fbc87371f4,3,1,2,0.0,0.0,0.0,0.0,0.0,0.0,False,False,True,True
Beauty,A9MV9HGCPZ1CB,calibration,0074b6daee21f23f4b252ed36f041b45c54ef926c9c0a6d88e29a1fbc87371f4,4,1,2,0.0,0.0,0.0,0.0,0.0,0.0,False,False,True,True
Beauty,A9MV9HGCPZ1CB,calibration,0074b6daee21f23f4b252ed36f041b45c54ef926c9c0a6d88e29a1fbc87371f4,5,1,2,0.0,0.0,0.0,0.0,0.0,0.0,False,False,True,True
Beauty,A9MV9HGCPZ1CB,calibration,0074b6daee21f23f4b252ed36f041b45c54ef926c9c0a6d88e29a1fbc87371f4,6,1,2,0.0,0.0,0.0,0.0,0.0,0.0,False,False,True,True
Beauty,A20OXNBPMLRUHC,calibration,007a0ae1790d72880735a776f7bd051ccfa99e93b7f75d091c41728f4aece384,0,108,3,0.17647058823529413,-5.703522205352783,-3.8534233570098877,-4.977128982543945,-0.7263932228088379,-1.8500988483428955,False,False,True,True
Beauty,A20OXNBPMLRUHC,calibration,007a0ae1790d72880735a776f7bd051ccfa99e93b7f75d091c41728f4aece384,1,59,3,0.17647058823529413,-1.9109361171722412,-3.1239285469055176,-3.122675895690918,1.2117397785186768,1.2129924297332764,True,False,True,True
Beauty,A20OXNBPMLRUHC,calibration,007a0ae1790d72880735a776f7bd051ccfa99e93b7f75d091c41728f4aece384,2,1,3,0.17647058823529413,0.0,0.0,0.0,0.0,0.0,False,False,True,True
Beauty,A20OXNBPMLRUHC,calibration,007a0ae1790d72880735a776f7bd051ccfa99e93b7f75d091c41728f4aece384,3,1,3,0.17647058823529413,0.0,0.0,0.0,0.0,0.0,False,False,True,True
Beauty,A20OXNBPMLRUHC,calibration,007a0ae1790d72880735a776f7bd051ccfa99e93b7f75d091c41728f4aece384,4,1,3,0.17647058823529413,0.0,0.0,0.0,0.0,0.0,False,False,True,True
Beauty,A20OXNBPMLRUHC,calibration,007a0ae1790d72880735a776f7bd051ccfa99e93b7f75d091c41728f4aece384,5,1,3,0.17647058823529413,0.0,0.0,0.0,0.0,0.0,False,False,True,True
Beauty,A20OXNBPMLRUHC,calibration,007a0ae1790d72880735a776f7bd051ccfa99e93b7f75d091c41728f4aece384,6,1,3,0.17647058823529413,0.0,0.0,0.0,0.0,0.0,False,False,True,True
Beauty,A2N5SEPUYGUQUO,calibration,00809cff876510c482be8c1bd4563db554662c839159603397913d75d0eecbd8,0,108,10,0.17647058823529413,-1.7526072263717651,-3.52048397064209,-3.4101219177246094,1.6575146913528442,1.7678767442703247,True,False,True,True
Beauty,A2N5SEPUYGUQUO,calibration,00809cff876510c482be8c1bd4563db554662c839159603397913d75d0eecbd8,1,151,10,0.17647058823529413,-0.022318147122859955,-5.623619079589844,-6.560715675354004,6.538397528231144,5.601300932466984,True,False,True,True
Beauty,A2N5SEPUYGUQUO,calibration,00809cff876510c482be8c1bd4563db554662c839159603397913d75d0eecbd8,2,2,10,0.17647058823529413,0.0,-15.795312881469727,-14.796415328979492,14.796415328979492,15.795312881469727,True,False,True,True
Beauty,A2N5SEPUYGUQUO,calibration,00809cff876510c482be8c1bd4563db554662c839159603397913d75d0eecbd8,3,1,10,0.17647058823529413,0.0,0.0,0.0,0.0,0.0,False,False,True,True
Beauty,A2N5SEPUYGUQUO,calibration,00809cff876510c482be8c1bd4563db554662c839159603397913d75d0eecbd8,4,1,10,0.17647058823529413,0.0,0.0,0.0,0.0,0.0,False,False,True,True
Beauty,A2N5SEPUYGUQUO,calibration,00809cff876510c482be8c1bd4563db554662c839159603397913d75d0eecbd8,5,1,10,0.17647058823529413,0.0,0.0,0.0,0.0,0.0,False,False,True,True
Beauty,A2N5SEPUYGUQUO,calibration,00809cff876510c482be8c1bd4563db554662c839159603397913d75d0eecbd8,6,1,10,0.17647058823529413,0.0,0.0,0.0,0.0,0.0,False,False,True,True
Beauty,A1BZVJF5WSQMEQ,calibration,0082ad8faaf69d6a63a91d1a0c2ac100a493e933a3999cc403311d885f1d4608,0,108,20,0.05263157894736842,-3.735287666320801,-4.704319000244141,-5.2611799240112305,1.5258922576904297,0.9690313339233398,True,False,True,True
Beauty,A1BZVJF5WSQMEQ,calibration,0082ad8faaf69d6a63a91d1a0c2ac100a493e933a3999cc403311d885f1d4608,1,77,20,0.05263157894736842,-5.189522743225098,-4.028033256530762,-4.196122169494629,-0.9934005737304688,-1.161489486694336,False,False,True,True
Beauty,A1BZVJF5WSQMEQ,calibration,0082ad8faaf69d6a63a91d1a0c2ac100a493e933a3999cc403311d885f1d4608,2,1,20,0.05263157894736842,0.0,0.0,0.0,0.0,0.0,False,False,True,True
Beauty,A1BZVJF5WSQMEQ,calibration,0082ad8faaf69d6a63a91d1a0c2ac100a493e933a3999cc403311d885f1d4608,3,1,20,0.05263157894736842,0.0,0.0,0.0,0.0,0.0,False,False,True,True
Beauty,A1BZVJF5WSQMEQ,calibration,0082ad8faaf69d6a63a91d1a0c2ac100a493e933a3999cc403311d885f1d4608,4,1,20,0.05263157894736842,0.0,0.0,0.0,0.0,0.0,False,False,True,True
Beauty,A1BZVJF5WSQMEQ,calibration,0082ad8faaf69d6a63a91d1a0c2ac100a493e933a3999cc403311d885f1d4608,5,1,20,0.05263157894736842,0.0,0.0,0.0,0.0,0.0,False,False,True,True
Beauty,A1BZVJF5WSQMEQ,calibration,0082ad8faaf69d6a63a91d1a0c2ac100a493e933a3999cc403311d885f1d4608,6,1,20,0.05263157894736842,0.0,0.0,0.0,0.0,0.0,False,False,True,True
Beauty,A1APB9ABTNT04V,calibration,008b01f9ecea2b71d5eabdf1383991505304faf2dfbf188b4fa0c06e317e290e,0,108,3,0.0,-4.308399677276611,-3.26530122756958,-3.9999756813049316,-0.3084239959716797,-1.0430984497070312,False,False,True,True
Beauty,A1APB9ABTNT04V,calibration,008b01f9ecea2b71d5eabdf1383991505304faf2dfbf188b4fa0c06e317e290e,1,255,3,0.0,-2.4498021602630615,-5.642626762390137,-4.102521896362305,1.6527197360992432,3.192824602127075,True,False,True,True
Beauty,A1APB9ABTNT04V,calibration,008b01f9ecea2b71d5eabdf1383991505304faf2dfbf188b4fa0c06e317e290e,2,3,3,0.0,-0.17875586450099945,-0.02871585264801979,-0.05149659141898155,-0.1272592730820179,-0.15004001185297966,False,False,True,True
Beauty,A1APB9ABTNT04V,calibration,008b01f9ecea2b71d5eabdf1383991505304faf2dfbf188b4fa0c06e317e290e,3,1,3,0.0,0.0,0.0,0.0,0.0,0.0,False,False,True,True
Beauty,A1APB9ABTNT04V,calibration,008b01f9ecea2b71d5eabdf1383991505304faf2dfbf188b4fa0c06e317e290e,4,1,3,0.0,0.0,0.0,0.0,0.0,0.0,False,False,True,True
Beauty,A1APB9ABTNT04V,calibration,008b01f9ecea2b71d5eabdf1383991505304faf2dfbf188b4fa0c06e317e290e,5,1,3,0.0,0.0,0.0,0.0,0.0,0.0,False,False,True,True
Beauty,A1APB9ABTNT04V,calibration,008b01f9ecea2b71d5eabdf1383991505304faf2dfbf188b4fa0c06e317e290e,6,1,3,0.0,0.0,0.0,0.0,0.0,0.0,False,False,True,True
Beauty,A30B9UTVDTUQ7Y,calibration,008bbc8c82b229fdfc3f86bfc22a35305a77036d30679c3e3b5ad6244fe76d63,0,108,4,0.17647058823529413,-1.5060628652572632,-2.532233476638794,-3.4869089126586914,1.9808460474014282,1.0261706113815308,True,False,True,True
Beauty,A30B9UTVDTUQ7Y,calibration,008bbc8c82b229fdfc3f86bfc22a35305a77036d30679c3e3b5ad6244fe76d63,1,255,4,0.17647058823529413,-6.730716228485107,-5.362267017364502,-4.424796104431152,-2.305920124053955,-1.3684492111206055,False,False,True,True
Beauty,A30B9UTVDTUQ7Y,calibration,008bbc8c82b229fdfc3f86bfc22a35305a77036d30679c3e3b5ad6244fe76d63,2,3,4,0.17647058823529413,-0.0006965356878936291,-0.0004465774691198021,-0.00045658653834834695,-0.00023994914954528213,-0.00024995821877382696,False,False,True,True
Beauty,A30B9UTVDTUQ7Y,calibration,008bbc8c82b229fdfc3f86bfc22a35305a77036d30679c3e3b5ad6244fe76d63,3,1,4,0.17647058823529413,0.0,0.0,0.0,0.0,0.0,False,False,True,True
Beauty,A30B9UTVDTUQ7Y,calibration,008bbc8c82b229fdfc3f86bfc22a35305a77036d30679c3e3b5ad6244fe76d63,4,2,4,0.17647058823529413,-0.0737023577094078,-0.050875015556812286,-0.10146377980709076,0.027761422097682953,-0.02282734215259552,True,True,True,True
Beauty,A30B9UTVDTUQ7Y,calibration,008bbc8c82b229fdfc3f86bfc22a35305a77036d30679c3e3b5ad6244fe76d63,5,1,4,0.17647058823529413,0.0,0.0,0.0,0.0,0.0,False,False,True,True
Beauty,A30B9UTVDTUQ7Y,calibration,008bbc8c82b229fdfc3f86bfc22a35305a77036d30679c3e3b5ad6244fe76d63,6,1,4,0.17647058823529413,0.0,0.0,0.0,0.0,0.0,False,False,True,True
Beauty,A1VN9S26YLG3BI,calibration,009109ab11e9f81864db67310ac4a4fdb940097039f2a3b2e7f128d4f4e03663,0,108,2,0.0,-1.8331410884857178,-1.3479695320129395,-1.5822153091430664,-0.25092577934265137,-0.4851715564727783,False,False,True,True
Beauty,A1VN9S26YLG3BI,calibration,009109ab11e9f81864db67310ac4a4fdb940097039f2a3b2e7f128d4f4e03663,1,255,2,0.0,-1.0892237424850464,-1.0241632461547852,-1.0748813152313232,-0.014342427253723145,-0.06506049633026123,False,False,True,True
Beauty,A1VN9S26YLG3BI,calibration,009109ab11e9f81864db67310ac4a4fdb940097039f2a3b2e7f128d4f4e03663,2,5,2,0.0,-2.784196138381958,-3.4803555011749268,-3.4361276626586914,0.6519315242767334,0.6961593627929688,True,False,True,True
Beauty,A1VN9S26YLG3BI,calibration,009109ab11e9f81864db67310ac4a4fdb940097039f2a3b2e7f128d4f4e03663,3,1,2,0.0,0.0,0.0,0.0,0.0,0.0,False,False,True,True
Beauty,A1VN9S26YLG3BI,calibration,009109ab11e9f81864db67310ac4a4fdb940097039f2a3b2e7f128d4f4e03663,4,1,2,0.0,0.0,0.0,0.0,0.0,0.0,False,False,True,True
Beauty,A1VN9S26YLG3BI,calibration,009109ab11e9f81864db67310ac4a4fdb940097039f2a3b2e7f128d4f4e03663,5,1,2,0.0,0.0,0.0,0.0,0.0,0.0,False,False,True,True
Beauty,A1VN9S26YLG3BI,calibration,009109ab11e9f81864db67310ac4a4fdb940097039f2a3b2e7f128d4f4e03663,6,1,2,0.0,0.0,0.0,0.0,0.0,0.0,False,False,True,True
Beauty,A2X2CJK2C5WZVW,calibration,00a6122ba55cf237f00d8a0cc71c35838cdb8264d734d4b08529ff9907b8e3d4,0,108,10,0.0,-5.09056282043457,-5.544379234313965,-5.672774314880371,0.5822114944458008,0.45381641387939453,True,False,True,True
Beauty,A2X2CJK2C5WZVW,calibration,00a6122ba55cf237f00d8a0cc71c35838cdb8264d734d4b08529ff9907b8e3d4,1,27,10,0.0,-0.4029638469219208,-6.723145484924316,-4.18458890914917,3.781625062227249,6.320181638002396,True,False,True,True
Beauty,A2X2CJK2C5WZVW,calibration,00a6122ba55cf237f00d8a0cc71c35838cdb8264d734d4b08529ff9907b8e3d4,2,1,10,0.0,0.0,0.0,0.0,0.0,0.0,False,False,True,True
Beauty,A2X2CJK2C5WZVW,calibration,00a6122ba55cf237f00d8a0cc71c35838cdb8264d734d4b08529ff9907b8e3d4,3,1,10,0.0,0.0,0.0,0.0,0.0,0.0,False,False,True,True
Beauty,A2X2CJK2C5WZVW,calibration,00a6122ba55cf237f00d8a0cc71c35838cdb8264d734d4b08529ff9907b8e3d4,4,1,10,0.0,0.0,0.0,0.0,0.0,0.0,False,False,True,True
Beauty,A2X2CJK2C5WZVW,calibration,00a6122ba55cf237f00d8a0cc71c35838cdb8264d734d4b08529ff9907b8e3d4,5,1,10,0.0,0.0,0.0,0.0,0.0,0.0,False,False,True,True
Beauty,A2X2CJK2C5WZVW,calibration,00a6122ba55cf237f00d8a0cc71c35838cdb8264d734d4b08529ff9907b8e3d4,6,1,10,0.0,0.0,0.0,0.0,0.0,0.0,False,False,True,True
Beauty,A2FJ59CLKUXWKM,calibration,00b721bbd9efed5a790ed3b181843e59e9369dc2f5c4d23617eef945500ca918,0,108,6,0.0,-1.5257519483566284,-3.340996265411377,-2.7042229175567627,1.1784709692001343,1.8152443170547485,True,False,True,True
Beauty,A2FJ59CLKUXWKM,calibration,00b721bbd9efed5a790ed3b181843e59e9369dc2f5c4d23617eef945500ca918,1,151,6,0.0,-0.004799156449735165,-4.405677795410156,-3.1346254348754883,3.129826278425753,4.400878638960421,True,False,True,True
Beauty,A2FJ59CLKUXWKM,calibration,00b721bbd9efed5a790ed3b181843e59e9369dc2f5c4d23617eef945500ca918,2,1,6,0.0,0.0,0.0,0.0,0.0,0.0,False,False,True,True
Beauty,A2FJ59CLKUXWKM,calibration,00b721bbd9efed5a790ed3b181843e59e9369dc2f5c4d23617eef945500ca918,3,2,6,0.0,-1.1920928244535389e-07,-2.812309980392456,-2.351768732070923,2.3517686128616404,2.8123098611831736,True,False,True,True
Beauty,A2FJ59CLKUXWKM,calibration,00b721bbd9efed5a790ed3b181843e59e9369dc2f5c4d23617eef945500ca918,4,2,6,0.0,0.0,-0.07931148260831833,-0.10679558664560318,0.10679558664560318,0.07931148260831833,True,True,True,True
Beauty,A2FJ59CLKUXWKM,calibration,00b721bbd9efed5a790ed3b181843e59e9369dc2f5c4d23617eef945500ca918,5,1,6,0.0,0.0,0.0,0.0,0.0,0.0,False,False,True,True
Beauty,A2FJ59CLKUXWKM,calibration,00b721bbd9efed5a790ed3b181843e59e9369dc2f5c4d23617eef945500ca918,6,1,6,0.0,0.0,0.0,0.0,0.0,0.0,False,False,True,True
Beauty,A1L87A1RK0ITWX,calibration,00c457e308ef5ada2e70878d6855b36093b68113bc43006fbb2706cfd6b0c5fd,0,108,9,0.17647058823529413,-3.7097291946411133,-3.964766025543213,-2.3375864028930664,-1.3721427917480469,0.2550368309020996,False,False,True,True
Beauty,A1L87A1RK0ITWX,calibration,00c457e308ef5ada2e70878d6855b36093b68113bc43006fbb2706cfd6b0c5fd,1,69,9,0.17647058823529413,-2.032513380050659,-2.943582057952881,-2.226332664489746,0.19381928443908691,0.9110686779022217,True,False,True,True
Beauty,A1L87A1RK0ITWX,calibration,00c457e308ef5ada2e70878d6855b36093b68113bc43006fbb2706cfd6b0c5fd,2,2,9,0.17647058823529413,-0.4327503740787506,-0.2926976680755615,-0.1881856620311737,-0.2445647120475769,-0.1400527060031891,False,False,True,True
Beauty,A1L87A1RK0ITWX,calibration,00c457e308ef5ada2e70878d6855b36093b68113bc43006fbb2706cfd6b0c5fd,3,2,9,0.17647058823529413,-1.0364712476730347,-1.2819287776947021,-0.7803970575332642,-0.2560741901397705,0.24545753002166748,False,False,True,True
Beauty,A1L87A1RK0ITWX,calibration,00c457e308ef5ada2e70878d6855b36093b68113bc43006fbb2706cfd6b0c5fd,4,1,9,0.17647058823529413,0.0,0.0,0.0,0.0,0.0,False,False,True,True
Beauty,A1L87A1RK0ITWX,calibration,00c457e308ef5ada2e70878d6855b36093b68113bc43006fbb2706cfd6b0c5fd,5,1,9,0.17647058823529413,0.0,0.0,0.0,0.0,0.0,False,False,True,True
Beauty,A1L87A1RK0ITWX,calibration,00c457e308ef5ada2e70878d6855b36093b68113bc43006fbb2706cfd6b0c5fd,6,1,9,0.17647058823529413,0.0,0.0,0.0,0.0,0.0,False,False,True,True
Beauty,A1VESLZ76NGW4Z,calibration,00dd6304c6368106fae059eb997f2d4d408d3986af5d7a5cb5767d8335f3f2da,0,108,6,0.17647058823529413,-3.8599488735198975,-3.904387950897217,-4.235308647155762,0.37535977363586426,0.044439077377319336,True,True,True,True
Beauty,A1VESLZ76NGW4Z,calibration,00dd6304c6368106fae059eb997f2d4d408d3986af5d7a5cb5767d8335f3f2da,1,42,6,0.17647058823529413,-1.6451313495635986,-2.620189666748047,-2.675309419631958,1.0301780700683594,0.9750583171844482,True,False,True,True
Beauty,A1VESLZ76NGW4Z,calibration,00dd6304c6368106fae059eb997f2d4d408d3986af5d7a5cb5767d8335f3f2da,2,9,6,0.17647058823529413,-1.1383836269378662,-1.5949406623840332,-1.7441058158874512,0.605722188949585,0.456557035446167,True,False,True,True
Beauty,A1VESLZ76NGW4Z,calibration,00dd6304c6368106fae059eb997f2d4d408d3986af5d7a5cb5767d8335f3f2da,3,2,6,0.17647058823529413,0.0,0.0,0.0,0.0,0.0,False,False,True,True
Beauty,A1VESLZ76NGW4Z,calibration,00dd6304c6368106fae059eb997f2d4d408d3986af5d7a5cb5767d8335f3f2da,4,1,6,0.17647058823529413,0.0,0.0,0.0,0.0,0.0,False,False,True,True
Beauty,A1VESLZ76NGW4Z,calibration,00dd6304c6368106fae059eb997f2d4d408d3986af5d7a5cb5767d8335f3f2da,5,1,6,0.17647058823529413,0.0,0.0,0.0,0.0,0.0,False,False,True,True
Beauty,A1VESLZ76NGW4Z,calibration,00dd6304c6368106fae059eb997f2d4d408d3986af5d7a5cb5767d8335f3f2da,6,1,6,0.17647058823529413,0.0,0.0,0.0,0.0,0.0,False,False,True,True
Beauty,A12FEE2DLDKX28,calibration,00ea8f93a4fff622d6c8fd4564c02129b645261dc0911b2e8f463ceb86b3b231,0,108,5,0.1111111111111111,-4.272801399230957,-3.5415918827056885,-4.4016828536987305,0.12888145446777344,-0.7312095165252686,True,True,True,True
Beauty,A12FEE2DLDKX28,calibration,00ea8f93a4fff622d6c8fd4564c02129b645261dc0911b2e8f463ceb86b3b231,1,89,5,0.1111111111111111,-0.7602784633636475,-0.922401487827301,-0.8602719306945801,0.09999346733093262,0.16212302446365356,True,False,True,True
Beauty,A12FEE2DLDKX28,calibration,00ea8f93a4fff622d6c8fd4564c02129b645261dc0911b2e8f463ceb86b3b231,2,9,5,0.1111111111111111,-0.011885539628565311,-0.01182875782251358,-0.03186206892132759,0.01997652929276228,-5.678180605173111e-05,True,True,True,True
Beauty,A12FEE2DLDKX28,calibration,00ea8f93a4fff622d6c8fd4564c02129b645261dc0911b2e8f463ceb86b3b231,3,2,5,0.1111111111111111,-0.004036732017993927,-0.005274665541946888,-0.006316459737718105,0.0022797277197241783,0.001237933523952961,True,True,True,True
Beauty,A12FEE2DLDKX28,calibration,00ea8f93a4fff622d6c8fd4564c02129b645261dc0911b2e8f463ceb86b3b231,4,2,5,0.1111111111111111,0.0,0.0,0.0,0.0,0.0,False,False,True,True
Beauty,A12FEE2DLDKX28,calibration,00ea8f93a4fff622d6c8fd4564c02129b645261dc0911b2e8f463ceb86b3b231,5,1,5,0.1111111111111111,0.0,0.0,0.0,0.0,0.0,False,False,True,True
Beauty,A12FEE2DLDKX28,calibration,00ea8f93a4fff622d6c8fd4564c02129b645261dc0911b2e8f463ceb86b3b231,6,1,5,0.1111111111111111,0.0,0.0,0.0,0.0,0.0,False,False,True,True
Beauty,AMJEPNMBMP6YF,calibration,00f750ff970fb279572cefafa55b08308fa6284703b8ee1fc1a42c10291f00b0,0,108,14,0.0,-0.09011818468570709,-3.5668551921844482,-4.832428932189941,4.742310747504234,3.476737007498741,True,False,True,True
Beauty,AMJEPNMBMP6YF,calibration,00f750ff970fb279572cefafa55b08308fa6284703b8ee1fc1a42c10291f00b0,1,98,14,0.0,-1.4331276416778564,-3.323762893676758,-2.422354221343994,0.9892265796661377,1.8906352519989014,True,False,True,True
Beauty,AMJEPNMBMP6YF,calibration,00f750ff970fb279572cefafa55b08308fa6284703b8ee1fc1a42c10291f00b0,2,1,14,0.0,0.0,0.0,0.0,0.0,0.0,False,False,True,True
Beauty,AMJEPNMBMP6YF,calibration,00f750ff970fb279572cefafa55b08308fa6284703b8ee1fc1a42c10291f00b0,3,1,14,0.0,0.0,0.0,0.0,0.0,0.0,False,False,True,True
Beauty,AMJEPNMBMP6YF,calibration,00f750ff970fb279572cefafa55b08308fa6284703b8ee1fc1a42c10291f00b0,4,1,14,0.0,0.0,0.0,0.0,0.0,0.0,False,False,True,True
Beauty,AMJEPNMBMP6YF,calibration,00f750ff970fb279572cefafa55b08308fa6284703b8ee1fc1a42c10291f00b0,5,1,14,0.0,0.0,0.0,0.0,0.0,0.0,False,False,True,True
Beauty,AMJEPNMBMP6YF,calibration,00f750ff970fb279572cefafa55b08308fa6284703b8ee1fc1a42c10291f00b0,6,1,14,0.0,0.0,0.0,0.0,0.0,0.0,False,False,True,True
Beauty,APP35M28G2U51,calibration,010a8370ff2db03c2aecee359c4b8cc467e0344946c145b918cf7a99c36e5748,0,108,20,0.05263157894736842,-1.6324467658996582,-3.0248186588287354,-2.7780697345733643,1.145622968673706,1.3923718929290771,True,False,True,True
Beauty,APP35M28G2U51,calibration,010a8370ff2db03c2aecee359c4b8cc467e0344946c145b918cf7a99c36e5748,1,212,20,0.05263157894736842,-6.723937034606934,-5.720335960388184,-7.121660232543945,0.3977231979370117,-1.00360107421875,True,True,True,True
Beauty,APP35M28G2U51,calibration,010a8370ff2db03c2aecee359c4b8cc467e0344946c145b918cf7a99c36e5748,2,1,20,0.05263157894736842,0.0,0.0,0.0,0.0,0.0,False,False,True,True
Beauty,APP35M28G2U51,calibration,010a8370ff2db03c2aecee359c4b8cc467e0344946c145b918cf7a99c36e5748,3,1,20,0.05263157894736842,0.0,0.0,0.0,0.0,0.0,False,False,True,True
Beauty,APP35M28G2U51,calibration,010a8370ff2db03c2aecee359c4b8cc467e0344946c145b918cf7a99c36e5748,4,1,20,0.05263157894736842,0.0,0.0,0.0,0.0,0.0,False,False,True,True
Beauty,APP35M28G2U51,calibration,010a8370ff2db03c2aecee359c4b8cc467e0344946c145b918cf7a99c36e5748,5,1,20,0.05263157894736842,0.0,0.0,0.0,0.0,0.0,False,False,True,True
Beauty,APP35M28G2U51,calibration,010a8370ff2db03c2aecee359c4b8cc467e0344946c145b918cf7a99c36e5748,6,1,20,0.05263157894736842,0.0,0.0,0.0,0.0,0.0,False,False,True,True
Beauty,A1TZSDY3UJQV7T,calibration,0116ade0b8eac64d409e0ed0dedc3d0e8b1f92727cbd52b6b29c263b33e2fe01,0,108,2,0.0,-4.899287223815918,-5.924292087554932,-4.711625576019287,-0.18766164779663086,1.0250048637390137,False,False,True,True
Beauty,A1TZSDY3UJQV7T,calibration,0116ade0b8eac64d409e0ed0dedc3d0e8b1f92727cbd52b6b29c263b33e2fe01,1,59,2,0.0,-2.8386526107788086,-4.346689701080322,-4.135120391845703,1.2964677810668945,1.5080370903015137,True,False,True,True
Beauty,A1TZSDY3UJQV7T,calibration,0116ade0b8eac64d409e0ed0dedc3d0e8b1f92727cbd52b6b29c263b33e2fe01,2,1,2,0.0,0.0,0.0,0.0,0.0,0.0,False,False,True,True
Beauty,A1TZSDY3UJQV7T,calibration,0116ade0b8eac64d409e0ed0dedc3d0e8b1f92727cbd52b6b29c263b33e2fe01,3,1,2,0.0,0.0,0.0,0.0,0.0,0.0,False,False,True,True
Beauty,A1TZSDY3UJQV7T,calibration,0116ade0b8eac64d409e0ed0dedc3d0e8b1f92727cbd52b6b29c263b33e2fe01,4,1,2,0.0,0.0,0.0,0.0,0.0,0.0,False,False,True,True
Beauty,A1TZSDY3UJQV7T,calibration,0116ade0b8eac64d409e0ed0dedc3d0e8b1f92727cbd52b6b29c263b33e2fe01,5,1,2,0.0,0.0,0.0,0.0,0.0,0.0,False,False,True,True
Beauty,A1TZSDY3UJQV7T,calibration,0116ade0b8eac64d409e0ed0dedc3d0e8b1f92727cbd52b6b29c263b33e2fe01,6,1,2,0.0,0.0,0.0,0.0,0.0,0.0,False,False,True,True
Beauty,A38HSGE5U8KG7,calibration,011fc35a31a8b76256b53f3adf96d4e473453bb5506fe9be6a8e485d2422764a,0,108,3,0.1111111111111111,-3.9861607551574707,-4.692397117614746,-3.524984359741211,-0.46117639541625977,0.7062363624572754,False,False,True,True
Beauty,A38HSGE5U8KG7,calibration,011fc35a31a8b76256b53f3adf96d4e473453bb5506fe9be6a8e485d2422764a,1,118,3,0.1111111111111111,-2.9637370109558105,-3.2179999351501465,-4.1218085289001465,1.158071517944336,0.25426292419433594,True,False,True,True
Beauty,A38HSGE5U8KG7,calibration,011fc35a31a8b76256b53f3adf96d4e473453bb5506fe9be6a8e485d2422764a,2,1,3,0.1111111111111111,0.0,0.0,0.0,0.0,0.0,False,False,True,True
Beauty,A38HSGE5U8KG7,calibration,011fc35a31a8b76256b53f3adf96d4e473453bb5506fe9be6a8e485d2422764a,3,1,3,0.1111111111111111,0.0,0.0,0.0,0.0,0.0,False,False,True,True
Beauty,A38HSGE5U8KG7,calibration,011fc35a31a8b76256b53f3adf96d4e473453bb5506fe9be6a8e485d2422764a,4,2,3,0.1111111111111111,-2.8399341106414795,-2.6142873764038086,-3.0635828971862793,0.2236487865447998,-0.2256467342376709,True,True,True,True
Beauty,A38HSGE5U8KG7,calibration,011fc35a31a8b76256b53f3adf96d4e473453bb5506fe9be6a8e485d2422764a,5,1,3,0.1111111111111111,0.0,0.0,0.0,0.0,0.0,False,False,True,True
Beauty,A38HSGE5U8KG7,calibration,011fc35a31a8b76256b53f3adf96d4e473453bb5506fe9be6a8e485d2422764a,6,1,3,0.1111111111111111,0.0,0.0,0.0,0.0,0.0,False,False,True,True
Beauty,A2TG9VCQ5MMQ26,calibration,01235e0d9c7df130434f64dbae6dd39e001e55fdfce2eae2347a68308cc604f8,0,108,7,0.05263157894736842,-0.7757999300956726,-1.4573014974594116,-0.45781660079956055,-0.31798332929611206,0.681501567363739,False,False,True,True
Beauty,A2TG9VCQ5MMQ26,calibration,01235e0d9c7df130434f64dbae6dd39e001e55fdfce2eae2347a68308cc604f8,1,126,7,0.05263157894736842,-1.9327439069747925,-2.1352667808532715,-2.8627066612243652,0.9299627542495728,0.202522873878479,True,False,True,True
Beauty,A2TG9VCQ5MMQ26,calibration,01235e0d9c7df130434f64dbae6dd39e001e55fdfce2eae2347a68308cc604f8,2,5,7,0.05263157894736842,-0.08241633325815201,-0.25594064593315125,-0.07497648894786835,-0.007439844310283661,0.17352431267499924,False,False,True,True
Beauty,A2TG9VCQ5MMQ26,calibration,01235e0d9c7df130434f64dbae6dd39e001e55fdfce2eae2347a68308cc604f8,3,1,7,0.05263157894736842,0.0,0.0,0.0,0.0,0.0,False,False,True,True
Beauty,A2TG9VCQ5MMQ26,calibration,01235e0d9c7df130434f64dbae6dd39e001e55fdfce2eae2347a68308cc604f8,4,1,7,0.05263157894736842,0.0,0.0,0.0,0.0,0.0,False,False,True,True
Beauty,A2TG9VCQ5MMQ26,calibration,01235e0d9c7df130434f64dbae6dd39e001e55fdfce2eae2347a68308cc604f8,5,1,7,0.05263157894736842,0.0,0.0,0.0,0.0,0.0,False,False,True,True
Beauty,A2TG9VCQ5MMQ26,calibration,01235e0d9c7df130434f64dbae6dd39e001e55fdfce2eae2347a68308cc604f8,6,1,7,0.05263157894736842,0.0,0.0,0.0,0.0,0.0,False,False,True,True
Beauty,A2N6DXV4HZQOZ3,calibration,013d39bfa9d368facf472cdb3b632a7470289478a2211b610b1a9ae6934aab01,0,108,2,0.0,-0.35639888048171997,-2.5424983501434326,-1.2123076915740967,0.8559088110923767,2.1860994696617126,True,False,True,True
Beauty,A2N6DXV4HZQOZ3,calibration,013d39bfa9d368facf472cdb3b632a7470289478a2211b610b1a9ae6934aab01,1,43,2,0.0,-0.07140064984560013,-2.050741195678711,-0.9708285331726074,0.8994278833270073,1.9793405458331108,True,False,True,True
Beauty,A2N6DXV4HZQOZ3,calibration,013d39bfa9d368facf472cdb3b632a7470289478a2211b610b1a9ae6934aab01,2,3,2,0.0,-0.0006951061659492552,-6.960928916931152,-8.300714492797852,8.300019386631902,6.960233810765203,True,False,True,True
Beauty,A2N6DXV4HZQOZ3,calibration,013d39bfa9d368facf472cdb3b632a7470289478a2211b610b1a9ae6934aab01,3,1,2,0.0,0.0,0.0,0.0,0.0,0.0,False,False,True,True
Beauty,A2N6DXV4HZQOZ3,calibration,013d39bfa9d368facf472cdb3b632a7470289478a2211b610b1a9ae6934aab01,4,1,2,0.0,0.0,0.0,0.0,0.0,0.0,False,False,True,True
Beauty,A2N6DXV4HZQOZ3,calibration,013d39bfa9d368facf472cdb3b632a7470289478a2211b610b1a9ae6934aab01,5,1,2,0.0,0.0,0.0,0.0,0.0,0.0,False,False,True,True
Beauty,A2N6DXV4HZQOZ3,calibration,013d39bfa9d368facf472cdb3b632a7470289478a2211b610b1a9ae6934aab01,6,1,2,0.0,0.0,0.0,0.0,0.0,0.0,False,False,True,True
Beauty,AQ8508NU49JEY,calibration,0156ad1d07ac79e91fa8a9a7add1bc94a08b97f783c512eb6a9f21721e1b0770,0,108,12,0.1111111111111111,-1.7958245277404785,-2.7386350631713867,-0.4621851444244385,-1.33363938331604,0.9428105354309082,False,False,True,True
Beauty,AQ8508NU49JEY,calibration,0156ad1d07ac79e91fa8a9a7add1bc94a08b97f783c512eb6a9f21721e1b0770,1,30,12,0.1111111111111111,-0.4886429011821747,-0.7472035884857178,-0.7281997203826904,0.23955681920051575,0.2585606873035431,True,False,True,True
Beauty,AQ8508NU49JEY,calibration,0156ad1d07ac79e91fa8a9a7add1bc94a08b97f783c512eb6a9f21721e1b0770,2,17,12,0.1111111111111111,-2.2525219917297363,-3.023301839828491,-2.647315263748169,0.3947932720184326,0.7707798480987549,True,False,True,True
Beauty,AQ8508NU49JEY,calibration,0156ad1d07ac79e91fa8a9a7add1bc94a08b97f783c512eb6a9f21721e1b0770,3,2,12,0.1111111111111111,-0.02000606246292591,-0.06876450031995773,-0.021518684923648834,0.0015126224607229233,0.04875843785703182,True,True,True,True
Beauty,AQ8508NU49JEY,calibration,0156ad1d07ac79e91fa8a9a7add1bc94a08b97f783c512eb6a9f21721e1b0770,4,1,12,0.1111111111111111,0.0,0.0,0.0,0.0,0.0,False,False,True,True
Beauty,AQ8508NU49JEY,calibration,0156ad1d07ac79e91fa8a9a7add1bc94a08b97f783c512eb6a9f21721e1b0770,5,1,12,0.1111111111111111,0.0,0.0,0.0,0.0,0.0,False,False,True,True
Beauty,AQ8508NU49JEY,calibration,0156ad1d07ac79e91fa8a9a7add1bc94a08b97f783c512eb6a9f21721e1b0770,6,1,12,0.1111111111111111,0.0,0.0,0.0,0.0,0.0,False,False,True,True
Beauty,A1FN2F54W4FX0X,calibration,01578f2062c393ac718fcf3a4540e7834612c54b93345c40d9631fcf6dc119b8,0,108,3,0.0,-0.5863633155822754,-1.56045401096344,-1.0016307830810547,0.4152674674987793,0.9740906953811646,True,False,True,True
Beauty,A1FN2F54W4FX0X,calibration,01578f2062c393ac718fcf3a4540e7834612c54b93345c40d9631fcf6dc119b8,1,64,3,0.0,-3.262545585632324,-6.152876853942871,-2.4117889404296875,-0.8507566452026367,2.890331268310547,False,False,True,True
Beauty,A1FN2F54W4FX0X,calibration,01578f2062c393ac718fcf3a4540e7834612c54b93345c40d9631fcf6dc119b8,2,2,3,0.0,-0.0185408815741539,-0.02282128855586052,-0.00954622682183981,-0.00899465475231409,0.004280406981706619,False,False,True,True
Beauty,A1FN2F54W4FX0X,calibration,01578f2062c393ac718fcf3a4540e7834612c54b93345c40d9631fcf6dc119b8,3,1,3,0.0,0.0,0.0,0.0,0.0,0.0,False,False,True,True
Beauty,A1FN2F54W4FX0X,calibration,01578f2062c393ac718fcf3a4540e7834612c54b93345c40d9631fcf6dc119b8,4,1,3,0.0,0.0,0.0,0.0,0.0,0.0,False,False,True,True
Beauty,A1FN2F54W4FX0X,calibration,01578f2062c393ac718fcf3a4540e7834612c54b93345c40d9631fcf6dc119b8,5,1,3,0.0,0.0,0.0,0.0,0.0,0.0,False,False,True,True
Beauty,A1FN2F54W4FX0X,calibration,01578f2062c393ac718fcf3a4540e7834612c54b93345c40d9631fcf6dc119b8,6,1,3,0.0,0.0,0.0,0.0,0.0,0.0,False,False,True,True
Beauty,A3VHNJ755FGYDP,calibration,01604e2ceec85eb5f108e6c0a98e2046e497623143373033a40429e24bbef102,0,108,4,0.0,-0.2390960156917572,-1.6789370775222778,-0.5415138006210327,0.3024177849292755,1.4398410618305206,True,False,True,True
Beauty,A3VHNJ755FGYDP,calibration,01604e2ceec85eb5f108e6c0a98e2046e497623143373033a40429e24bbef102,1,98,4,0.0,-0.30474862456321716,-0.5519244074821472,-1.000222086906433,0.6954734623432159,0.24717578291893005,True,False,True,True
Beauty,A3VHNJ755FGYDP,calibration,01604e2ceec85eb5f108e6c0a98e2046e497623143373033a40429e24bbef102,2,25,4,0.0,-0.8520467877388,-2.3664236068725586,-1.605287790298462,0.7532410025596619,1.5143768191337585,True,False,True,True
Beauty,A3VHNJ755FGYDP,calibration,01604e2ceec85eb5f108e6c0a98e2046e497623143373033a40429e24bbef102,3,2,4,0.0,-0.9378487467765808,-0.9176806211471558,-1.0069379806518555,0.06908923387527466,-0.02016812562942505,True,True,True,True
Beauty,A3VHNJ755FGYDP,calibration,01604e2ceec85eb5f108e6c0a98e2046e497623143373033a40429e24bbef102,4,1,4,0.0,0.0,0.0,0.0,0.0,0.0,False,False,True,True
Beauty,A3VHNJ755FGYDP,calibration,01604e2ceec85eb5f108e6c0a98e2046e497623143373033a40429e24bbef102,5,1,4,0.0,0.0,0.0,0.0,0.0,0.0,False,False,True,True
Beauty,A3VHNJ755FGYDP,calibration,01604e2ceec85eb5f108e6c0a98e2046e497623143373033a40429e24bbef102,6,2,4,0.0,-3.0935022830963135,-6.56470251083374,-3.298482894897461,0.20498061180114746,3.4712002277374268,True,False,True,True
Beauty,ARFL1FELT6VKZ,calibration,0164c0d4325e43b4da65ef8da44f3c06456bf64c18f1b44768579b4b88a6de4d,0,108,3,0.0,-0.6818636655807495,-3.411618947982788,-3.585008382797241,2.9031447172164917,2.7297552824020386,True,False,True,True
Beauty,ARFL1FELT6VKZ,calibration,0164c0d4325e43b4da65ef8da44f3c06456bf64c18f1b44768579b4b88a6de4d,1,151,3,0.0,-0.0008631794480606914,-4.530006408691406,-3.354253053665161,3.3533898742171004,4.529143229243346,True,False,True,True
Beauty,ARFL1FELT6VKZ,calibration,0164c0d4325e43b4da65ef8da44f3c06456bf64c18f1b44768579b4b88a6de4d,2,1,3,0.0,0.0,0.0,0.0,0.0,0.0,False,False,True,True
Beauty,ARFL1FELT6VKZ,calibration,0164c0d4325e43b4da65ef8da44f3c06456bf64c18f1b44768579b4b88a6de4d,3,1,3,0.0,0.0,0.0,0.0,0.0,0.0,False,False,True,True
Beauty,ARFL1FELT6VKZ,calibration,0164c0d4325e43b4da65ef8da44f3c06456bf64c18f1b44768579b4b88a6de4d,4,1,3,0.0,0.0,0.0,0.0,0.0,0.0,False,False,True,True
Beauty,ARFL1FELT6VKZ,calibration,0164c0d4325e43b4da65ef8da44f3c06456bf64c18f1b44768579b4b88a6de4d,5,1,3,0.0,0.0,0.0,0.0,0.0,0.0,False,False,True,True
Beauty,ARFL1FELT6VKZ,calibration,0164c0d4325e43b4da65ef8da44f3c06456bf64c18f1b44768579b4b88a6de4d,6,1,3,0.0,0.0,0.0,0.0,0.0,0.0,False,False,True,True
Beauty,ARFL1FELT6VKZ,calibration,0164c0d4325e43b4da65ef8da44f3c06456bf64c18f1b44768579b4b88a6de4d,7,2,3,0.0,-0.006189937703311443,-1.8639074563980103,-2.946104049682617,2.9399141119793057,1.8577175186946988,True,False,True,True
Beauty,AR71Y8P9QASXO,calibration,0165351e2a0e7fdf1d947d685b1e95e6f8546d1163ff496c8223932e8fbdd81f,0,108,5,0.0,-3.16739559173584,-4.038167953491211,-3.2702136039733887,0.10281801223754883,0.8707723617553711,True,False,True,True
Beauty,AR71Y8P9QASXO,calibration,0165351e2a0e7fdf1d947d685b1e95e6f8546d1163ff496c8223932e8fbdd81f,1,96,5,0.0,-1.9346201419830322,-3.152111053466797,-3.707892417907715,1.7732722759246826,1.2174909114837646,True,False,True,True
Beauty,AR71Y8P9QASXO,calibration,0165351e2a0e7fdf1d947d685b1e95e6f8546d1163ff496c8223932e8fbdd81f,2,1,5,0.0,0.0,0.0,0.0,0.0,0.0,False,False,True,True
Beauty,AR71Y8P9QASXO,calibration,0165351e2a0e7fdf1d947d685b1e95e6f8546d1163ff496c8223932e8fbdd81f,3,1,5,0.0,0.0,0.0,0.0,0.0,0.0,False,False,True,True
Beauty,AR71Y8P9QASXO,calibration,0165351e2a0e7fdf1d947d685b1e95e6f8546d1163ff496c8223932e8fbdd81f,4,1,5,0.0,0.0,0.0,0.0,0.0,0.0,False,False,True,True
Beauty,AR71Y8P9QASXO,calibration,0165351e2a0e7fdf1d947d685b1e95e6f8546d1163ff496c8223932e8fbdd81f,5,1,5,0.0,0.0,0.0,0.0,0.0,0.0,False,False,True,True
Beauty,AR71Y8P9QASXO,calibration,0165351e2a0e7fdf1d947d685b1e95e6f8546d1163ff496c8223932e8fbdd81f,6,1,5,0.0,0.0,0.0,0.0,0.0,0.0,False,False,True,True
Beauty,A2HUJQL69W4F6X,calibration,017232fa00481dbb68ad5c7c072493c5c9d91a82040b49dc335448a8836df151,0,108,2,0.0,-0.6431013941764832,-3.159247875213623,-2.3109874725341797,1.6678860783576965,2.51614648103714,True,False,True,True
Beauty,A2HUJQL69W4F6X,calibration,017232fa00481dbb68ad5c7c072493c5c9d91a82040b49dc335448a8836df151,1,106,2,0.0,-0.03319187089800835,-6.624107360839844,-6.530083656311035,6.496891785413027,6.590915489941835,True,False,True,True
Beauty,A2HUJQL69W4F6X,calibration,017232fa00481dbb68ad5c7c072493c5c9d91a82040b49dc335448a8836df151,2,6,2,0.0,0.0,-0.019078442826867104,-0.10897254943847656,0.10897254943847656,0.019078442826867104,True,True,True,True
Beauty,A2HUJQL69W4F6X,calibration,017232fa00481dbb68ad5c7c072493c5c9d91a82040b49dc335448a8836df151,3,1,2,0.0,0.0,0.0,0.0,0.0,0.0,False,False,True,True
Beauty,A2HUJQL69W4F6X,calibration,017232fa00481dbb68ad5c7c072493c5c9d91a82040b49dc335448a8836df151,4,1,2,0.0,0.0,0.0,0.0,0.0,0.0,False,False,True,True
Beauty,A2HUJQL69W4F6X,calibration,017232fa00481dbb68ad5c7c072493c5c9d91a82040b49dc335448a8836df151,5,1,2,0.0,0.0,0.0,0.0,0.0,0.0,False,False,True,True
Beauty,A2HUJQL69W4F6X,calibration,017232fa00481dbb68ad5c7c072493c5c9d91a82040b49dc335448a8836df151,6,1,2,0.0,0.0,0.0,0.0,0.0,0.0,False,False,True,True
Beauty,A1TJ1H7Q2KP543,calibration,01816b6467401d138e6a52f1fd2198e1fa97beb5292688b6aed6a7ccd5865fe5,0,108,3,0.0,-2.3287668228149414,-5.189324378967285,-4.84614896774292,2.5173821449279785,2.8605575561523438,True,False,True,True
Beauty,A1TJ1H7Q2KP543,calibration,01816b6467401d138e6a52f1fd2198e1fa97beb5292688b6aed6a7ccd5865fe5,1,78,3,0.0,-0.005586606450378895,-6.879522323608398,-6.071094989776611,6.065508383326232,6.8739357171580195,True,False,True,True
Beauty,A1TJ1H7Q2KP543,calibration,01816b6467401d138e6a52f1fd2198e1fa97beb5292688b6aed6a7ccd5865fe5,2,1,3,0.0,0.0,0.0,0.0,0.0,0.0,False,False,True,True
Beauty,A1TJ1H7Q2KP543,calibration,01816b6467401d138e6a52f1fd2198e1fa97beb5292688b6aed6a7ccd5865fe5,3,1,3,0.0,0.0,0.0,0.0,0.0,0.0,False,False,True,True
Beauty,A1TJ1H7Q2KP543,calibration,01816b6467401d138e6a52f1fd2198e1fa97beb5292688b6aed6a7ccd5865fe5,4,1,3,0.0,0.0,0.0,0.0,0.0,0.0,False,False,True,True
Beauty,A1TJ1H7Q2KP543,calibration,01816b6467401d138e6a52f1fd2198e1fa97beb5292688b6aed6a7ccd5865fe5,5,1,3,0.0,0.0,0.0,0.0,0.0,0.0,False,False,True,True
Beauty,A1TJ1H7Q2KP543,calibration,01816b6467401d138e6a52f1fd2198e1fa97beb5292688b6aed6a7ccd5865fe5,6,1,3,0.0,0.0,0.0,0.0,0.0,0.0,False,False,True,True
Beauty,AQHXD52UFX9C2,calibration,0184eec1cd5f82803ba277569af444d7a5f16beb13d4153c259057f7f0142246,0,108,4,0.0,-4.064478874206543,-5.366857051849365,-2.9968550205230713,-1.0676238536834717,1.3023781776428223,False,False,True,True
Beauty,AQHXD52UFX9C2,calibration,0184eec1cd5f82803ba277569af444d7a5f16beb13d4153c259057f7f0142246,1,69,4,0.0,-1.1112464666366577,-0.9250826239585876,-1.3784377574920654,0.2671912908554077,-0.18616384267807007,True,True,True,True
Beauty,AQHXD52UFX9C2,calibration,0184eec1cd5f82803ba277569af444d7a5f16beb13d4153c259057f7f0142246,2,16,4,0.0,-1.0397088527679443,-2.1431446075439453,-1.658456563949585,0.6187477111816406,1.103435754776001,True,False,True,True
Beauty,AQHXD52UFX9C2,calibration,0184eec1cd5f82803ba277569af444d7a5f16beb13d4153c259057f7f0142246,3,1,4,0.0,0.0,0.0,0.0,0.0,0.0,False,False,True,True
Beauty,AQHXD52UFX9C2,calibration,0184eec1cd5f82803ba277569af444d7a5f16beb13d4153c259057f7f0142246,4,1,4,0.0,0.0,0.0,0.0,0.0,0.0,False,False,True,True
Beauty,AQHXD52UFX9C2,calibration,0184eec1cd5f82803ba277569af444d7a5f16beb13d4153c259057f7f0142246,5,1,4,0.0,0.0,0.0,0.0,0.0,0.0,False,False,True,True
Beauty,AQHXD52UFX9C2,calibration,0184eec1cd5f82803ba277569af444d7a5f16beb13d4153c259057f7f0142246,6,1,4,0.0,0.0,0.0,0.0,0.0,0.0,False,False,True,True
Beauty,A14LWXEAEQRKUV,calibration,0190e35462317dd784569cea3eccb8ee4b75223e456214a6e93b2d4f33bebc4d,0,108,3,0.0,-1.907647728919983,-2.594130516052246,-3.0863399505615234,1.1786922216415405,0.6864827871322632,True,False,True,True
Beauty,A14LWXEAEQRKUV,calibration,0190e35462317dd784569cea3eccb8ee4b75223e456214a6e93b2d4f33bebc4d,1,151,3,0.0,-1.5163275003433228,-8.349259376525879,-4.795804023742676,3.279476523399353,6.832931876182556,True,False,True,True
Beauty,A14LWXEAEQRKUV,calibration,0190e35462317dd784569cea3eccb8ee4b75223e456214a6e93b2d4f33bebc4d,2,3,3,0.0,-0.0756002888083458,-0.0691881999373436,-0.06026642397046089,-0.015333864837884903,-0.006412088871002197,False,False,True,True
Beauty,A14LWXEAEQRKUV,calibration,0190e35462317dd784569cea3eccb8ee4b75223e456214a6e93b2d4f33bebc4d,3,1,3,0.0,0.0,0.0,0.0,0.0,0.0,False,False,True,True
Beauty,A14LWXEAEQRKUV,calibration,0190e35462317dd784569cea3eccb8ee4b75223e456214a6e93b2d4f33bebc4d,4,1,3,0.0,0.0,0.0,0.0,0.0,0.0,False,False,True,True
Beauty,A14LWXEAEQRKUV,calibration,0190e35462317dd784569cea3eccb8ee4b75223e456214a6e93b2d4f33bebc4d,5,1,3,0.0,0.0,0.0,0.0,0.0,0.0,False,False,True,True
Beauty,A14LWXEAEQRKUV,calibration,0190e35462317dd784569cea3eccb8ee4b75223e456214a6e93b2d4f33bebc4d,6,1,3,0.0,0.0,0.0,0.0,0.0,0.0,False,False,True,True
Beauty,AGMONAK82UL7R,calibration,01a74e18cf2c6ab394c415511d20b89136118535841493aa1720150306b9216c,0,108,12,0.1111111111111111,-1.1142724752426147,-2.0000908374786377,-0.7082628011703491,-0.4060096740722656,0.885818362236023,False,False,True,True
Beauty,AGMONAK82UL7R,calibration,01a74e18cf2c6ab394c415511d20b89136118535841493aa1720150306b9216c,1,151,12,0.1111111111111111,-0.01861577294766903,-0.014360884204506874,-0.0028552738949656487,-0.01576049905270338,-0.004254888743162155,False,False,True,True
Beauty,AGMONAK82UL7R,calibration,01a74e18cf2c6ab394c415511d20b89136118535841493aa1720150306b9216c,2,2,12,0.1111111111111111,0.0,0.0,0.0,0.0,0.0,False,False,True,True
Beauty,AGMONAK82UL7R,calibration,01a74e18cf2c6ab394c415511d20b89136118535841493aa1720150306b9216c,3,3,12,0.1111111111111111,-1.3694506883621216,-1.5020838975906372,-2.642230272293091,1.2727795839309692,0.13263320922851562,True,False,True,True
Beauty,AGMONAK82UL7R,calibration,01a74e18cf2c6ab394c415511d20b89136118535841493aa1720150306b9216c,4,1,12,0.1111111111111111,0.0,0.0,0.0,0.0,0.0,False,False,True,True
Beauty,AGMONAK82UL7R,calibration,01a74e18cf2c6ab394c415511d20b89136118535841493aa1720150306b9216c,5,1,12,0.1111111111111111,0.0,0.0,0.0,0.0,0.0,False,False,True,True
Beauty,AGMONAK82UL7R,calibration,01a74e18cf2c6ab394c415511d20b89136118535841493aa1720150306b9216c,6,1,12,0.1111111111111111,0.0,0.0,0.0,0.0,0.0,False,False,True,True
Beauty,A383J2B4YZQ3C5,calibration,01ace130393b2566d77ae19888bad43752a552d8305162eb44ef1e70fa606c4c,0,108,2,0.0,-7.165838241577148,-7.811514854431152,-8.363669395446777,1.197831153869629,0.6456766128540039,True,False,True,True
Beauty,A383J2B4YZQ3C5,calibration,01ace130393b2566d77ae19888bad43752a552d8305162eb44ef1e70fa606c4c,1,15,2,0.0,-0.08303189277648926,-0.07909342646598816,-0.05500224977731705,-0.02802964299917221,-0.003938466310501099,False,False,True,True
Beauty,A383J2B4YZQ3C5,calibration,01ace130393b2566d77ae19888bad43752a552d8305162eb44ef1e70fa606c4c,2,6,2,0.0,-0.42482444643974304,-0.6509817242622375,-0.27801018953323364,-0.1468142569065094,0.2261572778224945,False,False,True,True
Beauty,A383J2B4YZQ3C5,calibration,01ace130393b2566d77ae19888bad43752a552d8305162eb44ef1e70fa606c4c,3,1,2,0.0,0.0,0.0,0.0,0.0,0.0,False,False,True,True
Beauty,A383J2B4YZQ3C5,calibration,01ace130393b2566d77ae19888bad43752a552d8305162eb44ef1e70fa606c4c,4,1,2,0.0,0.0,0.0,0.0,0.0,0.0,False,False,True,True
Beauty,A383J2B4YZQ3C5,calibration,01ace130393b2566d77ae19888bad43752a552d8305162eb44ef1e70fa606c4c,5,1,2,0.0,0.0,0.0,0.0,0.0,0.0,False,False,True,True
Beauty,A383J2B4YZQ3C5,calibration,01ace130393b2566d77ae19888bad43752a552d8305162eb44ef1e70fa606c4c,6,1,2,0.0,0.0,0.0,0.0,0.0,0.0,False,False,True,True
Beauty,A2W3H3EXBX46MN,calibration,01c5ad908abfdbb436b913716a08cef1fe47ecc4609bf8c17668540f7f9b4002,0,108,2,0.17647058823529413,-0.8463191986083984,-0.5545029044151306,-0.47385233640670776,-0.3724668622016907,-0.2918162941932678,False,False,True,True
Beauty,A2W3H3EXBX46MN,calibration,01c5ad908abfdbb436b913716a08cef1fe47ecc4609bf8c17668540f7f9b4002,1,255,2,0.17647058823529413,-2.117924928665161,-5.691720485687256,-2.4787039756774902,0.3607790470123291,3.5737955570220947,True,False,True,True
Beauty,A2W3H3EXBX46MN,calibration,01c5ad908abfdbb436b913716a08cef1fe47ecc4609bf8c17668540f7f9b4002,2,8,2,0.17647058823529413,-1.304498314857483,-1.5859897136688232,-2.108102798461914,0.8036044836044312,0.28149139881134033,True,False,True,True
Beauty,A2W3H3EXBX46MN,calibration,01c5ad908abfdbb436b913716a08cef1fe47ecc4609bf8c17668540f7f9b4002,3,1,2,0.17647058823529413,0.0,0.0,0.0,0.0,0.0,False,False,True,True
Beauty,A2W3H3EXBX46MN,calibration,01c5ad908abfdbb436b913716a08cef1fe47ecc4609bf8c17668540f7f9b4002,4,1,2,0.17647058823529413,0.0,0.0,0.0,0.0,0.0,False,False,True,True
Beauty,A2W3H3EXBX46MN,calibration,01c5ad908abfdbb436b913716a08cef1fe47ecc4609bf8c17668540f7f9b4002,5,1,2,0.17647058823529413,0.0,0.0,0.0,0.0,0.0,False,False,True,True
Beauty,A2W3H3EXBX46MN,calibration,01c5ad908abfdbb436b913716a08cef1fe47ecc4609bf8c17668540f7f9b4002,6,1,2,0.17647058823529413,0.0,0.0,0.0,0.0,0.0,False,False,True,True
Beauty,A3KSZR5W7R5BB5,calibration,01d1e0f9267441c342fd590e08049239ad8baa4f69cbdd44ecbffc8e55cef6dc,0,108,5,0.0,-5.342247009277344,-6.435727596282959,-5.0155487060546875,-0.32669830322265625,1.0934805870056152,False,False,True,True
Beauty,A3KSZR5W7R5BB5,calibration,01d1e0f9267441c342fd590e08049239ad8baa4f69cbdd44ecbffc8e55cef6dc,1,43,5,0.0,-3.948073387145996,-4.568280220031738,-4.265021800994873,0.31694841384887695,0.6202068328857422,True,False,True,True
Beauty,A3KSZR5W7R5BB5,calibration,01d1e0f9267441c342fd590e08049239ad8baa4f69cbdd44ecbffc8e55cef6dc,2,1,5,0.0,0.0,0.0,0.0,0.0,0.0,False,False,True,True
Beauty,A3KSZR5W7R5BB5,calibration,01d1e0f9267441c342fd590e08049239ad8baa4f69cbdd44ecbffc8e55cef6dc,3,1,5,0.0,0.0,0.0,0.0,0.0,0.0,False,False,True,True
Beauty,A3KSZR5W7R5BB5,calibration,01d1e0f9267441c342fd590e08049239ad8baa4f69cbdd44ecbffc8e55cef6dc,4,1,5,0.0,0.0,0.0,0.0,0.0,0.0,False,False,True,True
Beauty,A3KSZR5W7R5BB5,calibration,01d1e0f9267441c342fd590e08049239ad8baa4f69cbdd44ecbffc8e55cef6dc,5,1,5,0.0,0.0,0.0,0.0,0.0,0.0,False,False,True,True
Beauty,A3KSZR5W7R5BB5,calibration,01d1e0f9267441c342fd590e08049239ad8baa4f69cbdd44ecbffc8e55cef6dc,6,1,5,0.0,0.0,0.0,0.0,0.0,0.0,False,False,True,True
Beauty,A3FHDBBXZFNQUK,calibration,01d2ebfd4577ea38b9262e3bfe2bd9fba0f286505d51fc499bc7adff8e2dadaa,0,108,12,0.0,-1.7683625221252441,-2.957575559616089,-1.013603925704956,-0.7547585964202881,1.1892130374908447,False,False,True,True
Beauty,A3FHDBBXZFNQUK,calibration,01d2ebfd4577ea38b9262e3bfe2bd9fba0f286505d51fc499bc7adff8e2dadaa,1,97,12,0.0,-2.0096263885498047,-3.0522637367248535,-3.083202362060547,1.0735759735107422,1.0426373481750488,True,False,True,True
Beauty,A3FHDBBXZFNQUK,calibration,01d2ebfd4577ea38b9262e3bfe2bd9fba0f286505d51fc499bc7adff8e2dadaa,2,7,12,0.0,-0.2004651576280594,-0.79253089427948,-1.9054512977600098,1.7049861401319504,0.5920657366514206,True,False,True,True
Beauty,A3FHDBBXZFNQUK,calibration,01d2ebfd4577ea38b9262e3bfe2bd9fba0f286505d51fc499bc7adff8e2dadaa,3,5,12,0.0,-2.793154716491699,-1.6606295108795166,-1.5827865600585938,-1.2103681564331055,-1.1325252056121826,False,False,True,True
Beauty,A3FHDBBXZFNQUK,calibration,01d2ebfd4577ea38b9262e3bfe2bd9fba0f286505d51fc499bc7adff8e2dadaa,4,1,12,0.0,0.0,0.0,0.0,0.0,0.0,False,False,True,True
Beauty,A3FHDBBXZFNQUK,calibration,01d2ebfd4577ea38b9262e3bfe2bd9fba0f286505d51fc499bc7adff8e2dadaa,5,1,12,0.0,0.0,0.0,0.0,0.0,0.0,False,False,True,True
Beauty,A3FHDBBXZFNQUK,calibration,01d2ebfd4577ea38b9262e3bfe2bd9fba0f286505d51fc499bc7adff8e2dadaa,6,1,12,0.0,0.0,0.0,0.0,0.0,0.0,False,False,True,True
Beauty,A2JKEXF5TDQHX1,calibration,02089ba80fc6de4aafb05f31cd9254aa8354213b72f43d0117be75a2e4af7ea7,0,108,2,0.0,-4.592612266540527,-4.708903789520264,-4.4864654541015625,-0.10614681243896484,0.11629152297973633,False,False,True,True
Beauty,A2JKEXF5TDQHX1,calibration,02089ba80fc6de4aafb05f31cd9254aa8354213b72f43d0117be75a2e4af7ea7,1,89,2,0.0,-4.1996331214904785,-3.9666357040405273,-4.648294925689697,0.44866180419921875,-0.23299741744995117,True,True,True,True
Beauty,A2JKEXF5TDQHX1,calibration,02089ba80fc6de4aafb05f31cd9254aa8354213b72f43d0117be75a2e4af7ea7,2,1,2,0.0,0.0,0.0,0.0,0.0,0.0,False,False,True,True
Beauty,A2JKEXF5TDQHX1,calibration,02089ba80fc6de4aafb05f31cd9254aa8354213b72f43d0117be75a2e4af7ea7,3,1,2,0.0,0.0,0.0,0.0,0.0,0.0,False,False,True,True
Beauty,A2JKEXF5TDQHX1,calibration,02089ba80fc6de4aafb05f31cd9254aa8354213b72f43d0117be75a2e4af7ea7,4,1,2,0.0,0.0,0.0,0.0,0.0,0.0,False,False,True,True
Beauty,A2JKEXF5TDQHX1,calibration,02089ba80fc6de4aafb05f31cd9254aa8354213b72f43d0117be75a2e4af7ea7,5,1,2,0.0,0.0,0.0,0.0,0.0,0.0,False,False,True,True
Beauty,A2JKEXF5TDQHX1,calibration,02089ba80fc6de4aafb05f31cd9254aa8354213b72f43d0117be75a2e4af7ea7,6,1,2,0.0,0.0,0.0,0.0,0.0,0.0,False,False,True,True
Beauty,A2C7JDUMF5E450,calibration,0224a80bc774d5f8b572540f1484fbc96ac477db29aa1697658b0025493ae728,0,108,4,0.0,-2.167661190032959,-2.43626070022583,-1.924345850944519,-0.24331533908843994,0.2685995101928711,False,False,True,True
Beauty,A2C7JDUMF5E450,calibration,0224a80bc774d5f8b572540f1484fbc96ac477db29aa1697658b0025493ae728,1,43,4,0.0,-2.8469386100769043,-2.806469440460205,-1.8465853929519653,-1.000353217124939,-0.04046916961669922,False,False,True,True
Beauty,A2C7JDUMF5E450,calibration,0224a80bc774d5f8b572540f1484fbc96ac477db29aa1697658b0025493ae728,2,1,4,0.0,0.0,0.0,0.0,0.0,0.0,False,False,True,True
Beauty,A2C7JDUMF5E450,calibration,0224a80bc774d5f8b572540f1484fbc96ac477db29aa1697658b0025493ae728,3,3,4,0.0,-1.279149055480957,-1.6495164632797241,-1.6394234895706177,0.36027443408966064,0.3703674077987671,True,False,True,True
Beauty,A2C7JDUMF5E450,calibration,0224a80bc774d5f8b572540f1484fbc96ac477db29aa1697658b0025493ae728,4,1,4,0.0,0.0,0.0,0.0,0.0,0.0,False,False,True,True
Beauty,A2C7JDUMF5E450,calibration,0224a80bc774d5f8b572540f1484fbc96ac477db29aa1697658b0025493ae728,5,1,4,0.0,0.0,0.0,0.0,0.0,0.0,False,False,True,True
Beauty,A2C7JDUMF5E450,calibration,0224a80bc774d5f8b572540f1484fbc96ac477db29aa1697658b0025493ae728,6,1,4,0.0,0.0,0.0,0.0,0.0,0.0,False,False,True,True
Beauty,AIUT7GNUUB1A7,calibration,0238e815f08fed14975b06e08143d2f200251755cead082f1f5df4cdd96147e9,0,108,2,0.0,-4.059771537780762,-2.770606756210327,-3.5882411003112793,-0.4715304374694824,-1.2891647815704346,False,False,True,True
Beauty,AIUT7GNUUB1A7,calibration,0238e815f08fed14975b06e08143d2f200251755cead082f1f5df4cdd96147e9,1,151,2,0.0,-4.231715202331543,-5.8096842765808105,-4.517932891845703,0.28621768951416016,1.5779690742492676,True,False,True,True
Beauty,AIUT7GNUUB1A7,calibration,0238e815f08fed14975b06e08143d2f200251755cead082f1f5df4cdd96147e9,2,1,2,0.0,0.0,0.0,0.0,0.0,0.0,False,False,True,True
Beauty,AIUT7GNUUB1A7,calibration,0238e815f08fed14975b06e08143d2f200251755cead082f1f5df4cdd96147e9,3,1,2,0.0,0.0,0.0,0.0,0.0,0.0,False,False,True,True
Beauty,AIUT7GNUUB1A7,calibration,0238e815f08fed14975b06e08143d2f200251755cead082f1f5df4cdd96147e9,4,1,2,0.0,0.0,0.0,0.0,0.0,0.0,False,False,True,True
Beauty,AIUT7GNUUB1A7,calibration,0238e815f08fed14975b06e08143d2f200251755cead082f1f5df4cdd96147e9,5,1,2,0.0,0.0,0.0,0.0,0.0,0.0,False,False,True,True
Beauty,AIUT7GNUUB1A7,calibration,0238e815f08fed14975b06e08143d2f200251755cead082f1f5df4cdd96147e9,6,1,2,0.0,0.0,0.0,0.0,0.0,0.0,False,False,True,True
Beauty,AG96PUJL4YTMF,calibration,0241d2e1efa2786f70378c81bed4e10c032d216c7d4d0ce3a4b57b97ea1fd445,0,108,2,0.0,-0.8363937735557556,-1.8117990493774414,-1.250731348991394,0.4143375754356384,0.9754052758216858,True,False,True,True
Beauty,AG96PUJL4YTMF,calibration,0241d2e1efa2786f70378c81bed4e10c032d216c7d4d0ce3a4b57b97ea1fd445,1,255,2,0.0,-0.5534850358963013,-2.6619555950164795,-2.973900318145752,2.4204152822494507,2.1084705591201782,True,False,True,True
Beauty,AG96PUJL4YTMF,calibration,0241d2e1efa2786f70378c81bed4e10c032d216c7d4d0ce3a4b57b97ea1fd445,2,8,2,0.0,-0.024507420137524605,-0.05848217010498047,-0.1584998369216919,0.1339924167841673,0.033974749967455864,True,True,True,True
Beauty,AG96PUJL4YTMF,calibration,0241d2e1efa2786f70378c81bed4e10c032d216c7d4d0ce3a4b57b97ea1fd445,3,1,2,0.0,0.0,0.0,0.0,0.0,0.0,False,False,True,True
Beauty,AG96PUJL4YTMF,calibration,0241d2e1efa2786f70378c81bed4e10c032d216c7d4d0ce3a4b57b97ea1fd445,4,1,2,0.0,0.0,0.0,0.0,0.0,0.0,False,False,True,True
Beauty,AG96PUJL4YTMF,calibration,0241d2e1efa2786f70378c81bed4e10c032d216c7d4d0ce3a4b57b97ea1fd445,5,1,2,0.0,0.0,0.0,0.0,0.0,0.0,False,False,True,True
Beauty,AG96PUJL4YTMF,calibration,0241d2e1efa2786f70378c81bed4e10c032d216c7d4d0ce3a4b57b97ea1fd445,6,1,2,0.0,0.0,0.0,0.0,0.0,0.0,False,False,True,True
Beauty,A210O6L9KCLNB6,calibration,02470ef31c91dd30a1e52ef43dea52f929885e0a3bf2c5a88b3f128976b77416,0,108,3,0.0,-4.575882911682129,-4.601354122161865,-4.941590309143066,0.3657073974609375,0.025471210479736328,True,True,True,True
Beauty,A210O6L9KCLNB6,calibration,02470ef31c91dd30a1e52ef43dea52f929885e0a3bf2c5a88b3f128976b77416,1,59,3,0.0,-4.769520282745361,-3.262190818786621,-3.917208194732666,-0.8523120880126953,-1.5073294639587402,False,False,True,True
Beauty,A210O6L9KCLNB6,calibration,02470ef31c91dd30a1e52ef43dea52f929885e0a3bf2c5a88b3f128976b77416,2,1,3,0.0,0.0,0.0,0.0,0.0,0.0,False,False,True,True
Beauty,A210O6L9KCLNB6,calibration,02470ef31c91dd30a1e52ef43dea52f929885e0a3bf2c5a88b3f128976b77416,3,2,3,0.0,-0.0265924334526062,-0.032768335193395615,-0.14384813606739044,0.11725570261478424,0.0061759017407894135,True,True,True,True
Beauty,A210O6L9KCLNB6,calibration,02470ef31c91dd30a1e52ef43dea52f929885e0a3bf2c5a88b3f128976b77416,4,1,3,0.0,0.0,0.0,0.0,0.0,0.0,False,False,True,True
Beauty,A210O6L9KCLNB6,calibration,02470ef31c91dd30a1e52ef43dea52f929885e0a3bf2c5a88b3f128976b77416,5,1,3,0.0,0.0,0.0,0.0,0.0,0.0,False,False,True,True
Beauty,A210O6L9KCLNB6,calibration,02470ef31c91dd30a1e52ef43dea52f929885e0a3bf2c5a88b3f128976b77416,6,1,3,0.0,0.0,0.0,0.0,0.0,0.0,False,False,True,True
Beauty,A2V9IK38Q0UMU2,calibration,02527774843ca699080d49f0727b747f088f0c04f8a0030d70fb48b0ce3db2b4,0,108,2,0.0,-3.265988349914551,-3.820359706878662,-3.92445707321167,0.6584687232971191,0.5543713569641113,True,False,True,True
Beauty,A2V9IK38Q0UMU2,calibration,02527774843ca699080d49f0727b747f088f0c04f8a0030d70fb48b0ce3db2b4,1,212,2,0.0,-4.682882785797119,-4.980908393859863,-5.024277687072754,0.34139490127563477,0.29802560806274414,True,False,True,True
Beauty,A2V9IK38Q0UMU2,calibration,02527774843ca699080d49f0727b747f088f0c04f8a0030d70fb48b0ce3db2b4,2,1,2,0.0,0.0,0.0,0.0,0.0,0.0,False,False,True,True
Beauty,A2V9IK38Q0UMU2,calibration,02527774843ca699080d49f0727b747f088f0c04f8a0030d70fb48b0ce3db2b4,3,1,2,0.0,0.0,0.0,0.0,0.0,0.0,False,False,True,True
Beauty,A2V9IK38Q0UMU2,calibration,02527774843ca699080d49f0727b747f088f0c04f8a0030d70fb48b0ce3db2b4,4,1,2,0.0,0.0,0.0,0.0,0.0,0.0,False,False,True,True
Beauty,A2V9IK38Q0UMU2,calibration,02527774843ca699080d49f0727b747f088f0c04f8a0030d70fb48b0ce3db2b4,5,1,2,0.0,0.0,0.0,0.0,0.0,0.0,False,False,True,True
Beauty,A2V9IK38Q0UMU2,calibration,02527774843ca699080d49f0727b747f088f0c04f8a0030d70fb48b0ce3db2b4,6,1,2,0.0,0.0,0.0,0.0,0.0,0.0,False,False,True,True
Beauty,A29TOAKX6YP8Z2,calibration,02528308675554566a475cf0422af85aadd70064fdbda3de0ae607d34764b28d,0,108,2,0.0,-3.595554828643799,-3.9112303256988525,-3.666073799133301,0.07051897048950195,0.3156754970550537,True,False,True,True
Beauty,A29TOAKX6YP8Z2,calibration,02528308675554566a475cf0422af85aadd70064fdbda3de0ae607d34764b28d,1,96,2,0.0,-3.9428985118865967,-4.269213676452637,-3.3752212524414062,-0.5676772594451904,0.32631516456604004,False,False,True,True
Beauty,A29TOAKX6YP8Z2,calibration,02528308675554566a475cf0422af85aadd70064fdbda3de0ae607d34764b28d,2,1,2,0.0,0.0,0.0,0.0,0.0,0.0,False,False,True,True
Beauty,A29TOAKX6YP8Z2,calibration,02528308675554566a475cf0422af85aadd70064fdbda3de0ae607d34764b28d,3,1,2,0.0,0.0,0.0,0.0,0.0,0.0,False,False,True,True
Beauty,A29TOAKX6YP8Z2,calibration,02528308675554566a475cf0422af85aadd70064fdbda3de0ae607d34764b28d,4,1,2,0.0,0.0,0.0,0.0,0.0,0.0,False,False,True,True
Beauty,A29TOAKX6YP8Z2,calibration,02528308675554566a475cf0422af85aadd70064fdbda3de0ae607d34764b28d,5,1,2,0.0,0.0,0.0,0.0,0.0,0.0,False,False,True,True
Beauty,A29TOAKX6YP8Z2,calibration,02528308675554566a475cf0422af85aadd70064fdbda3de0ae607d34764b28d,6,1,2,0.0,0.0,0.0,0.0,0.0,0.0,False,False,True,True
Beauty,A1W2M1QDFIBSH2,calibration,0254a6e5e82b73fcb43ac05bb765058806028a8b61879dfcef15321cfd476ddb,0,108,2,0.0,-4.616149425506592,-4.860437393188477,-4.370617866516113,-0.24553155899047852,0.24428796768188477,False,False,True,True
Beauty,A1W2M1QDFIBSH2,calibration,0254a6e5e82b73fcb43ac05bb765058806028a8b61879dfcef15321cfd476ddb,1,112,2,0.0,-5.055133819580078,-6.012549877166748,-4.711845397949219,-0.3432884216308594,0.9574160575866699,False,False,True,True
Beauty,A1W2M1QDFIBSH2,calibration,0254a6e5e82b73fcb43ac05bb765058806028a8b61879dfcef15321cfd476ddb,2,1,2,0.0,0.0,0.0,0.0,0.0,0.0,False,False,True,True
Beauty,A1W2M1QDFIBSH2,calibration,0254a6e5e82b73fcb43ac05bb765058806028a8b61879dfcef15321cfd476ddb,3,1,2,0.0,0.0,0.0,0.0,0.0,0.0,False,False,True,True
Beauty,A1W2M1QDFIBSH2,calibration,0254a6e5e82b73fcb43ac05bb765058806028a8b61879dfcef15321cfd476ddb,4,1,2,0.0,0.0,0.0,0.0,0.0,0.0,False,False,True,True
Beauty,A1W2M1QDFIBSH2,calibration,0254a6e5e82b73fcb43ac05bb765058806028a8b61879dfcef15321cfd476ddb,5,1,2,0.0,0.0,0.0,0.0,0.0,0.0,False,False,True,True
Beauty,A1W2M1QDFIBSH2,calibration,0254a6e5e82b73fcb43ac05bb765058806028a8b61879dfcef15321cfd476ddb,6,1,2,0.0,0.0,0.0,0.0,0.0,0.0,False,False,True,True
Beauty,A2ZC7J16Z3VCUT,calibration,02564fb7fe8570eb2df12cf416dfa7a7da2d30eca21e94c6a700e9eb71f84305,0,108,2,0.1111111111111111,-1.0176310539245605,-1.9388028383255005,-0.7089839577674866,-0.308647096157074,0.9211717844009399,False,False,True,True
Beauty,A2ZC7J16Z3VCUT,calibration,02564fb7fe8570eb2df12cf416dfa7a7da2d30eca21e94c6a700e9eb71f84305,1,151,2,0.1111111111111111,-1.3656079769134521,-2.423605442047119,-1.9163085222244263,0.5507005453109741,1.057997465133667,True,False,True,True
Beauty,A2ZC7J16Z3VCUT,calibration,02564fb7fe8570eb2df12cf416dfa7a7da2d30eca21e94c6a700e9eb71f84305,2,3,2,0.1111111111111111,-0.13304534554481506,-0.13821732997894287,-0.08786262571811676,-0.0451827198266983,0.005171984434127808,False,False,True,True
Beauty,A2ZC7J16Z3VCUT,calibration,02564fb7fe8570eb2df12cf416dfa7a7da2d30eca21e94c6a700e9eb71f84305,3,1,2,0.1111111111111111,0.0,0.0,0.0,0.0,0.0,False,False,True,True
Beauty,A2ZC7J16Z3VCUT,calibration,02564fb7fe8570eb2df12cf416dfa7a7da2d30eca21e94c6a700e9eb71f84305,4,1,2,0.1111111111111111,0.0,0.0,0.0,0.0,0.0,False,False,True,True
Beauty,A2ZC7J16Z3VCUT,calibration,02564fb7fe8570eb2df12cf416dfa7a7da2d30eca21e94c6a700e9eb71f84305,5,1,2,0.1111111111111111,0.0,0.0,0.0,0.0,0.0,False,False,True,True
Beauty,A2ZC7J16Z3VCUT,calibration,02564fb7fe8570eb2df12cf416dfa7a7da2d30eca21e94c6a700e9eb71f84305,6,1,2,0.1111111111111111,0.0,0.0,0.0,0.0,0.0,False,False,True,True
Beauty,A2ZC7J16Z3VCUT,calibration,02564fb7fe8570eb2df12cf416dfa7a7da2d30eca21e94c6a700e9eb71f84305,7,2,2,0.1111111111111111,-0.3447831869125366,-0.33501169085502625,-0.2874138355255127,-0.057369351387023926,-0.009771496057510376,False,False,True,True
Beauty,AA33YTW7D3N6D,calibration,0277617c07343b60738692e048d2e6f840bdf2956bd6f9996a22e5697026f2c9,0,108,2,0.0,-2.514481544494629,-5.547982215881348,-4.895359992980957,2.380878448486328,3.0335006713867188,True,False,True,True
Beauty,AA33YTW7D3N6D,calibration,0277617c07343b60738692e048d2e6f840bdf2956bd6f9996a22e5697026f2c9,1,78,2,0.0,-0.0003641180810518563,-10.007972717285156,-10.07064151763916,10.070277399558108,10.007608599204104,True,False,True,True
Beauty,AA33YTW7D3N6D,calibration,0277617c07343b60738692e048d2e6f840bdf2956bd6f9996a22e5697026f2c9,2,1,2,0.0,0.0,0.0,0.0,0.0,0.0,False,False,True,True
Beauty,AA33YTW7D3N6D,calibration,0277617c07343b60738692e048d2e6f840bdf2956bd6f9996a22e5697026f2c9,3,1,2,0.0,0.0,0.0,0.0,0.0,0.0,False,False,True,True
Beauty,AA33YTW7D3N6D,calibration,0277617c07343b60738692e048d2e6f840bdf2956bd6f9996a22e5697026f2c9,4,1,2,0.0,0.0,0.0,0.0,0.0,0.0,False,False,True,True
Beauty,AA33YTW7D3N6D,calibration,0277617c07343b60738692e048d2e6f840bdf2956bd6f9996a22e5697026f2c9,5,1,2,0.0,0.0,0.0,0.0,0.0,0.0,False,False,True,True
Beauty,AA33YTW7D3N6D,calibration,0277617c07343b60738692e048d2e6f840bdf2956bd6f9996a22e5697026f2c9,6,1,2,0.0,0.0,0.0,0.0,0.0,0.0,False,False,True,True
Beauty,A133W8PZ48AXW0,calibration,0289f7edf9b918c16a0700f53feed9de0bf02d2e295781bcca2843fc054e302b,0,108,2,0.0,-4.987550735473633,-5.082891464233398,-4.781701564788818,-0.20584917068481445,0.09534072875976562,False,False,True,True
Beauty,A133W8PZ48AXW0,calibration,0289f7edf9b918c16a0700f53feed9de0bf02d2e295781bcca2843fc054e302b,1,49,2,0.0,-4.705065727233887,-5.120449542999268,-4.878791809082031,0.17372608184814453,0.41538381576538086,True,False,True,True
Beauty,A133W8PZ48AXW0,calibration,0289f7edf9b918c16a0700f53feed9de0bf02d2e295781bcca2843fc054e302b,2,1,2,0.0,0.0,0.0,0.0,0.0,0.0,False,False,True,True
Beauty,A133W8PZ48AXW0,calibration,0289f7edf9b918c16a0700f53feed9de0bf02d2e295781bcca2843fc054e302b,3,1,2,0.0,0.0,0.0,0.0,0.0,0.0,False,False,True,True
Beauty,A133W8PZ48AXW0,calibration,0289f7edf9b918c16a0700f53feed9de0bf02d2e295781bcca2843fc054e302b,4,1,2,0.0,0.0,0.0,0.0,0.0,0.0,False,False,True,True
Beauty,A133W8PZ48AXW0,calibration,0289f7edf9b918c16a0700f53feed9de0bf02d2e295781bcca2843fc054e302b,5,1,2,0.0,0.0,0.0,0.0,0.0,0.0,False,False,True,True
Beauty,A133W8PZ48AXW0,calibration,0289f7edf9b918c16a0700f53feed9de0bf02d2e295781bcca2843fc054e302b,6,1,2,0.0,0.0,0.0,0.0,0.0,0.0,False,False,True,True
Beauty,A1NEIH01B5X6QL,calibration,02985b2642bf2f841d0cb8eeab80fdad14024ad55ba56bd1b50bee0162263cc1,0,108,20,0.1111111111111111,-2.495582342147827,-3.179387092590332,-2.2958595752716064,-0.1997227668762207,0.6838047504425049,False,False,True,True
Beauty,A1NEIH01B5X6QL,calibration,02985b2642bf2f841d0cb8eeab80fdad14024ad55ba56bd1b50bee0162263cc1,1,151,20,0.1111111111111111,-9.979604721069336,-6.9005937576293945,-5.133441925048828,-4.846162796020508,-3.0790109634399414,False,False,True,True
Beauty,A1NEIH01B5X6QL,calibration,02985b2642bf2f841d0cb8eeab80fdad14024ad55ba56bd1b50bee0162263cc1,2,1,20,0.1111111111111111,0.0,0.0,0.0,0.0,0.0,False,False,True,True
Beauty,A1NEIH01B5X6QL,calibration,02985b2642bf2f841d0cb8eeab80fdad14024ad55ba56bd1b50bee0162263cc1,3,1,20,0.1111111111111111,0.0,0.0,0.0,0.0,0.0,False,False,True,True
Beauty,A1NEIH01B5X6QL,calibration,02985b2642bf2f841d0cb8eeab80fdad14024ad55ba56bd1b50bee0162263cc1,4,1,20,0.1111111111111111,0.0,0.0,0.0,0.0,0.0,False,False,True,True
Beauty,A1NEIH01B5X6QL,calibration,02985b2642bf2f841d0cb8eeab80fdad14024ad55ba56bd1b50bee0162263cc1,5,1,20,0.1111111111111111,0.0,0.0,0.0,0.0,0.0,False,False,True,True
Beauty,A1NEIH01B5X6QL,calibration,02985b2642bf2f841d0cb8eeab80fdad14024ad55ba56bd1b50bee0162263cc1,6,1,20,0.1111111111111111,0.0,0.0,0.0,0.0,0.0,False,False,True,True
Beauty,A27ATS7F8V7CPX,calibration,029c5b9ec34295a4f4f00bb8fc80a51c198bfaa7cc6524b94928869cff9d469f,0,108,3,0.0,-1.04327392578125,-4.198940277099609,-3.366441488265991,2.323167562484741,3.1556663513183594,True,False,True,True
Beauty,A27ATS7F8V7CPX,calibration,029c5b9ec34295a4f4f00bb8fc80a51c198bfaa7cc6524b94928869cff9d469f,1,40,3,0.0,-0.03012387454509735,-3.2517573833465576,-3.273310661315918,3.2431867867708206,3.2216335088014603,True,False,True,True
Beauty,A27ATS7F8V7CPX,calibration,029c5b9ec34295a4f4f00bb8fc80a51c198bfaa7cc6524b94928869cff9d469f,2,2,3,0.0,-0.3767879009246826,-0.0004345426568761468,-0.0012005510507151484,-0.37558734987396747,-0.37635335826780647,False,False,True,True
Beauty,A27ATS7F8V7CPX,calibration,029c5b9ec34295a4f4f00bb8fc80a51c198bfaa7cc6524b94928869cff9d469f,3,1,3,0.0,0.0,0.0,0.0,0.0,0.0,False,False,True,True
Beauty,A27ATS7F8V7CPX,calibration,029c5b9ec34295a4f4f00bb8fc80a51c198bfaa7cc6524b94928869cff9d469f,4,1,3,0.0,0.0,0.0,0.0,0.0,0.0,False,False,True,True
Beauty,A27ATS7F8V7CPX,calibration,029c5b9ec34295a4f4f00bb8fc80a51c198bfaa7cc6524b94928869cff9d469f,5,1,3,0.0,0.0,0.0,0.0,0.0,0.0,False,False,True,True
Beauty,A27ATS7F8V7CPX,calibration,029c5b9ec34295a4f4f00bb8fc80a51c198bfaa7cc6524b94928869cff9d469f,6,1,3,0.0,0.0,0.0,0.0,0.0,0.0,False,False,True,True
Beauty,A25ATS04JMKWUT,calibration,029fc970de69f704fb027f13d3d338b793fd69168e526bb50d0edf26e5065d64,0,108,3,0.0,-0.9177776575088501,-4.604284763336182,-3.6443734169006348,2.7265957593917847,3.6865071058273315,True,False,True,True
Beauty,A25ATS04JMKWUT,calibration,029fc970de69f704fb027f13d3d338b793fd69168e526bb50d0edf26e5065d64,1,110,3,0.0,-0.0010875507723540068,-7.4558424949646,-8.10928726196289,8.108199711190537,7.454754944192246,True,False,True,True
Beauty,A25ATS04JMKWUT,calibration,029fc970de69f704fb027f13d3d338b793fd69168e526bb50d0edf26e5065d64,2,3,3,0.0,-0.000120751719805412,-9.696982383728027,-8.299720764160156,8.29960001244035,9.696861632008222,True,False,True,True
Beauty,A25ATS04JMKWUT,calibration,029fc970de69f704fb027f13d3d338b793fd69168e526bb50d0edf26e5065d64,3,1,3,0.0,0.0,0.0,0.0,0.0,0.0,False,False,True,True
Beauty,A25ATS04JMKWUT,calibration,029fc970de69f704fb027f13d3d338b793fd69168e526bb50d0edf26e5065d64,4,1,3,0.0,0.0,0.0,0.0,0.0,0.0,False,False,True,True
Beauty,A25ATS04JMKWUT,calibration,029fc970de69f704fb027f13d3d338b793fd69168e526bb50d0edf26e5065d64,5,1,3,0.0,0.0,0.0,0.0,0.0,0.0,False,False,True,True
Beauty,A25ATS04JMKWUT,calibration,029fc970de69f704fb027f13d3d338b793fd69168e526bb50d0edf26e5065d64,6,1,3,0.0,0.0,0.0,0.0,0.0,0.0,False,False,True,True
Beauty,A29WKK68CH0Z70,calibration,02a00bc8469a1fc52dbe6722bafc205d8b339833a9ed0d44a83ff2577628c389,0,108,2,0.05263157894736842,-4.54515266418457,-4.93293571472168,-4.273913383483887,-0.2712392807006836,0.3877830505371094,False,False,True,True
Beauty,A29WKK68CH0Z70,calibration,02a00bc8469a1fc52dbe6722bafc205d8b339833a9ed0d44a83ff2577628c389,1,96,2,0.05263157894736842,-1.1505416631698608,-1.5478127002716064,-1.3960342407226562,0.2454925775527954,0.3972710371017456,True,False,True,True
Beauty,A29WKK68CH0Z70,calibration,02a00bc8469a1fc52dbe6722bafc205d8b339833a9ed0d44a83ff2577628c389,2,4,2,0.05263157894736842,-0.0595826655626297,-0.14251652359962463,-0.07595181465148926,0.016369149088859558,0.08293385803699493,True,True,True,True
Beauty,A29WKK68CH0Z70,calibration,02a00bc8469a1fc52dbe6722bafc205d8b339833a9ed0d44a83ff2577628c389,3,2,2,0.05263157894736842,0.0,0.0,0.0,0.0,0.0,False,False,True,True
Beauty,A29WKK68CH0Z70,calibration,02a00bc8469a1fc52dbe6722bafc205d8b339833a9ed0d44a83ff2577628c389,4,1,2,0.05263157894736842,0.0,0.0,0.0,0.0,0.0,False,False,True,True
Beauty,A29WKK68CH0Z70,calibration,02a00bc8469a1fc52dbe6722bafc205d8b339833a9ed0d44a83ff2577628c389,5,1,2,0.05263157894736842,0.0,0.0,0.0,0.0,0.0,False,False,True,True
Beauty,A29WKK68CH0Z70,calibration,02a00bc8469a1fc52dbe6722bafc205d8b339833a9ed0d44a83ff2577628c389,6,1,2,0.05263157894736842,0.0,0.0,0.0,0.0,0.0,False,False,True,True
Beauty,A1GCOURMTPXKWI,calibration,02abc5de9d68a8a64daf52ef889efbcbe284f13ac8f8f5f2a643b0b0978285f8,0,108,7,0.0,-2.2757298946380615,-2.0525054931640625,-1.8242279291152954,-0.4515019655227661,-0.22322440147399902,False,False,True,True
Beauty,A1GCOURMTPXKWI,calibration,02abc5de9d68a8a64daf52ef889efbcbe284f13ac8f8f5f2a643b0b0978285f8,1,78,7,0.0,-0.06830333173274994,-0.04944305866956711,-0.015081898309290409,-0.05322143342345953,-0.01886027306318283,False,False,True,True
Beauty,A1GCOURMTPXKWI,calibration,02abc5de9d68a8a64daf52ef889efbcbe284f13ac8f8f5f2a643b0b0978285f8,2,2,7,0.0,-0.479011595249176,-0.7011939883232117,-0.7435370683670044,0.26452547311782837,0.22218239307403564,True,False,True,True
Beauty,A1GCOURMTPXKWI,calibration,02abc5de9d68a8a64daf52ef889efbcbe284f13ac8f8f5f2a643b0b0978285f8,3,1,7,0.0,0.0,0.0,0.0,0.0,0.0,False,False,True,True
Beauty,A1GCOURMTPXKWI,calibration,02abc5de9d68a8a64daf52ef889efbcbe284f13ac8f8f5f2a643b0b0978285f8,4,1,7,0.0,0.0,0.0,0.0,0.0,0.0,False,False,True,True
Beauty,A1GCOURMTPXKWI,calibration,02abc5de9d68a8a64daf52ef889efbcbe284f13ac8f8f5f2a643b0b0978285f8,5,1,7,0.0,0.0,0.0,0.0,0.0,0.0,False,False,True,True
Beauty,A1GCOURMTPXKWI,calibration,02abc5de9d68a8a64daf52ef889efbcbe284f13ac8f8f5f2a643b0b0978285f8,6,1,7,0.0,0.0,0.0,0.0,0.0,0.0,False,False,True,True
Beauty,A32HVDYN4LARBA,calibration,02b5d3c7e99b56eb8c082ef4d18a506272c0a364f711ef77f746783a698bf9d4,0,108,5,0.17647058823529413,-3.216034412384033,-2.7551770210266113,-2.2814440727233887,-0.9345903396606445,-0.4608573913574219,False,False,True,True
Beauty,A32HVDYN4LARBA,calibration,02b5d3c7e99b56eb8c082ef4d18a506272c0a364f711ef77f746783a698bf9d4,1,126,5,0.17647058823529413,-5.126631736755371,-5.773436546325684,-5.7491044998168945,0.6224727630615234,0.6468048095703125,True,False,True,True
Beauty,A32HVDYN4LARBA,calibration,02b5d3c7e99b56eb8c082ef4d18a506272c0a364f711ef77f746783a698bf9d4,2,3,5,0.17647058823529413,-0.09564490616321564,-0.9227651357650757,-0.5569272637367249,0.4612823575735092,0.82712022960186,True,False,True,True
Beauty,A32HVDYN4LARBA,calibration,02b5d3c7e99b56eb8c082ef4d18a506272c0a364f711ef77f746783a698bf9d4,3,1,5,0.17647058823529413,0.0,0.0,0.0,0.0,0.0,False,False,True,True
Beauty,A32HVDYN4LARBA,calibration,02b5d3c7e99b56eb8c082ef4d18a506272c0a364f711ef77f746783a698bf9d4,4,1,5,0.17647058823529413,0.0,0.0,0.0,0.0,0.0,False,False,True,True
Beauty,A32HVDYN4LARBA,calibration,02b5d3c7e99b56eb8c082ef4d18a506272c0a364f711ef77f746783a698bf9d4,5,1,5,0.17647058823529413,0.0,0.0,0.0,0.0,0.0,False,False,True,True
Beauty,A32HVDYN4LARBA,calibration,02b5d3c7e99b56eb8c082ef4d18a506272c0a364f711ef77f746783a698bf9d4,6,1,5,0.17647058823529413,0.0,0.0,0.0,0.0,0.0,False,False,True,True
Beauty,A3TI1WDAEOTD0I,calibration,02b9cf204573951096759b829f025735830564acc0b13ef480f52eedc52724db,0,108,6,0.0,-1.3694082498550415,-1.568532109260559,-0.8893294930458069,-0.4800787568092346,0.19912385940551758,False,False,True,True
Beauty,A3TI1WDAEOTD0I,calibration,02b9cf204573951096759b829f025735830564acc0b13ef480f52eedc52724db,1,59,6,0.0,-3.109951972961426,-7.5456109046936035,-5.837963104248047,2.728011131286621,4.435658931732178,True,False,True,True
Beauty,A3TI1WDAEOTD0I,calibration,02b9cf204573951096759b829f025735830564acc0b13ef480f52eedc52724db,2,1,6,0.0,0.0,0.0,0.0,0.0,0.0,False,False,True,True
Beauty,A3TI1WDAEOTD0I,calibration,02b9cf204573951096759b829f025735830564acc0b13ef480f52eedc52724db,3,1,6,0.0,0.0,0.0,0.0,0.0,0.0,False,False,True,True
Beauty,A3TI1WDAEOTD0I,calibration,02b9cf204573951096759b829f025735830564acc0b13ef480f52eedc52724db,4,1,6,0.0,0.0,0.0,0.0,0.0,0.0,False,False,True,True
Beauty,A3TI1WDAEOTD0I,calibration,02b9cf204573951096759b829f025735830564acc0b13ef480f52eedc52724db,5,1,6,0.0,0.0,0.0,0.0,0.0,0.0,False,False,True,True
Beauty,A3TI1WDAEOTD0I,calibration,02b9cf204573951096759b829f025735830564acc0b13ef480f52eedc52724db,6,1,6,0.0,0.0,0.0,0.0,0.0,0.0,False,False,True,True
Beauty,A1QELVSJYA3JMF,calibration,02de65f96a49acc5e0b1b1b2d8c3ae91b8b9417a8e197c4ed7791788bb8f6100,0,108,2,0.0,-3.9398043155670166,-2.8731698989868164,-3.934009552001953,-0.0057947635650634766,-1.0666344165802002,False,False,True,True
Beauty,A1QELVSJYA3JMF,calibration,02de65f96a49acc5e0b1b1b2d8c3ae91b8b9417a8e197c4ed7791788bb8f6100,1,118,2,0.0,-3.227896213531494,-11.487752914428711,-2.145966053009033,-1.081930160522461,8.259856700897217,False,False,True,True
Beauty,A1QELVSJYA3JMF,calibration,02de65f96a49acc5e0b1b1b2d8c3ae91b8b9417a8e197c4ed7791788bb8f6100,2,9,2,0.0,-2.423409938812256,-1.2805352210998535,-2.3489701747894287,-0.07443976402282715,-1.1428747177124023,False,False,True,True
Beauty,A1QELVSJYA3JMF,calibration,02de65f96a49acc5e0b1b1b2d8c3ae91b8b9417a8e197c4ed7791788bb8f6100,3,1,2,0.0,0.0,0.0,0.0,0.0,0.0,False,False,True,True
Beauty,A1QELVSJYA3JMF,calibration,02de65f96a49acc5e0b1b1b2d8c3ae91b8b9417a8e197c4ed7791788bb8f6100,4,1,2,0.0,0.0,0.0,0.0,0.0,0.0,False,False,True,True
Beauty,A1QELVSJYA3JMF,calibration,02de65f96a49acc5e0b1b1b2d8c3ae91b8b9417a8e197c4ed7791788bb8f6100,5,1,2,0.0,0.0,0.0,0.0,0.0,0.0,False,False,True,True
Beauty,A1QELVSJYA3JMF,calibration,02de65f96a49acc5e0b1b1b2d8c3ae91b8b9417a8e197c4ed7791788bb8f6100,6,1,2,0.0,0.0,0.0,0.0,0.0,0.0,False,False,True,True
Beauty,A3165ASASZ2OSR,calibration,02e771c2e6d7f15aabed525c8ddb2c8a83b062a0f3361d0129659a44116de85b,0,108,2,0.0,-4.69142484664917,-6.704355239868164,-6.6932830810546875,2.0018582344055176,2.012930393218994,True,False,True,True
Beauty,A3165ASASZ2OSR,calibration,02e771c2e6d7f15aabed525c8ddb2c8a83b062a0f3361d0129659a44116de85b,1,27,2,0.0,-5.602820692729438e-06,-13.900431632995605,-13.04736042022705,13.047354817406358,13.900426030174913,True,False,True,True
Beauty,A3165ASASZ2OSR,calibration,02e771c2e6d7f15aabed525c8ddb2c8a83b062a0f3361d0129659a44116de85b,2,1,2,0.0,0.0,0.0,0.0,0.0,0.0,False,False,True,True
Beauty,A3165ASASZ2OSR,calibration,02e771c2e6d7f15aabed525c8ddb2c8a83b062a0f3361d0129659a44116de85b,3,1,2,0.0,0.0,0.0,0.0,0.0,0.0,False,False,True,True
Beauty,A3165ASASZ2OSR,calibration,02e771c2e6d7f15aabed525c8ddb2c8a83b062a0f3361d0129659a44116de85b,4,1,2,0.0,0.0,0.0,0.0,0.0,0.0,False,False,True,True
Beauty,A3165ASASZ2OSR,calibration,02e771c2e6d7f15aabed525c8ddb2c8a83b062a0f3361d0129659a44116de85b,5,1,2,0.0,0.0,0.0,0.0,0.0,0.0,False,False,True,True
Beauty,A3165ASASZ2OSR,calibration,02e771c2e6d7f15aabed525c8ddb2c8a83b062a0f3361d0129659a44116de85b,6,1,2,0.0,0.0,0.0,0.0,0.0,0.0,False,False,True,True
Beauty,A27CHHVU7IDB2Y,calibration,02fbf43935a273b9404d2b1fde9534a4ec4a00a2e68763052b86d909f84056bb,0,108,2,0.0,-3.463332176208496,-3.803053140640259,-3.942096471786499,0.47876429557800293,0.3397209644317627,True,False,True,True
Beauty,A27CHHVU7IDB2Y,calibration,02fbf43935a273b9404d2b1fde9534a4ec4a00a2e68763052b86d909f84056bb,1,255,2,0.0,-1.532155990600586,-3.589787483215332,-1.8158026933670044,0.28364670276641846,2.057631492614746,True,False,True,True
Beauty,A27CHHVU7IDB2Y,calibration,02fbf43935a273b9404d2b1fde9534a4ec4a00a2e68763052b86d909f84056bb,2,8,2,0.0,-0.9984608888626099,-1.0151852369308472,-1.8625988960266113,0.8641380071640015,0.016724348068237305,True,True,True,True
Beauty,A27CHHVU7IDB2Y,calibration,02fbf43935a273b9404d2b1fde9534a4ec4a00a2e68763052b86d909f84056bb,3,1,2,0.0,0.0,0.0,0.0,0.0,0.0,False,False,True,True
Beauty,A27CHHVU7IDB2Y,calibration,02fbf43935a273b9404d2b1fde9534a4ec4a00a2e68763052b86d909f84056bb,4,1,2,0.0,0.0,0.0,0.0,0.0,0.0,False,False,True,True
Beauty,A27CHHVU7IDB2Y,calibration,02fbf43935a273b9404d2b1fde9534a4ec4a00a2e68763052b86d909f84056bb,5,1,2,0.0,0.0,0.0,0.0,0.0,0.0,False,False,True,True
Beauty,A27CHHVU7IDB2Y,calibration,02fbf43935a273b9404d2b1fde9534a4ec4a00a2e68763052b86d909f84056bb,6,1,2,0.0,0.0,0.0,0.0,0.0,0.0,False,False,True,True
Beauty,AWPWFNKMB4IL8,calibration,0303ebf90d888e2c07ca1ce12ae705c4768272bce646c5472d09bfdad49a5935,0,108,5,0.0,-3.7575981616973877,-3.9737000465393066,-4.752687454223633,0.9950892925262451,0.21610188484191895,True,False,True,True
Beauty,AWPWFNKMB4IL8,calibration,0303ebf90d888e2c07ca1ce12ae705c4768272bce646c5472d09bfdad49a5935,1,59,5,0.0,-0.9699329137802124,-0.6141515374183655,-1.0717905759811401,0.10185766220092773,-0.3557813763618469,True,True,True,True
Beauty,AWPWFNKMB4IL8,calibration,0303ebf90d888e2c07ca1ce12ae705c4768272bce646c5472d09bfdad49a5935,2,7,5,0.0,-2.031867265701294,-1.9544320106506348,-1.7584974765777588,-0.27336978912353516,-0.07743525505065918,False,False,True,True
Beauty,AWPWFNKMB4IL8,calibration,0303ebf90d888e2c07ca1ce12ae705c4768272bce646c5472d09bfdad49a5935,3,1,5,0.0,0.0,0.0,0.0,0.0,0.0,False,False,True,True
Beauty,AWPWFNKMB4IL8,calibration,0303ebf90d888e2c07ca1ce12ae705c4768272bce646c5472d09bfdad49a5935,4,1,5,0.0,0.0,0.0,0.0,0.0,0.0,False,False,True,True
Beauty,AWPWFNKMB4IL8,calibration,0303ebf90d888e2c07ca1ce12ae705c4768272bce646c5472d09bfdad49a5935,5,1,5,0.0,0.0,0.0,0.0,0.0,0.0,False,False,True,True
Beauty,AWPWFNKMB4IL8,calibration,0303ebf90d888e2c07ca1ce12ae705c4768272bce646c5472d09bfdad49a5935,6,1,5,0.0,0.0,0.0,0.0,0.0,0.0,False,False,True,True
Beauty,ABMX8XUNPR3LP,calibration,0306982565dbdb1777ac736640763742f7efc4577f76bc40c0c4e32bef2a0e66,0,108,20,0.1111111111111111,-1.709243655204773,-2.9695892333984375,-4.009338855743408,2.3000952005386353,1.2603455781936646,True,False,True,True
Beauty,ABMX8XUNPR3LP,calibration,0306982565dbdb1777ac736640763742f7efc4577f76bc40c0c4e32bef2a0e66,1,51,20,0.1111111111111111,-3.9972972869873047,-2.531525135040283,-2.999886989593506,-0.9974102973937988,-1.4657721519470215,False,False,True,True
Beauty,ABMX8XUNPR3LP,calibration,0306982565dbdb1777ac736640763742f7efc4577f76bc40c0c4e32bef2a0e66,2,1,20,0.1111111111111111,0.0,0.0,0.0,0.0,0.0,False,False,True,True
Beauty,ABMX8XUNPR3LP,calibration,0306982565dbdb1777ac736640763742f7efc4577f76bc40c0c4e32bef2a0e66,3,1,20,0.1111111111111111,0.0,0.0,0.0,0.0,0.0,False,False,True,True
Beauty,ABMX8XUNPR3LP,calibration,0306982565dbdb1777ac736640763742f7efc4577f76bc40c0c4e32bef2a0e66,4,1,20,0.1111111111111111,0.0,0.0,0.0,0.0,0.0,False,False,True,True
Beauty,ABMX8XUNPR3LP,calibration,0306982565dbdb1777ac736640763742f7efc4577f76bc40c0c4e32bef2a0e66,5,1,20,0.1111111111111111,0.0,0.0,0.0,0.0,0.0,False,False,True,True
Beauty,ABMX8XUNPR3LP,calibration,0306982565dbdb1777ac736640763742f7efc4577f76bc40c0c4e32bef2a0e66,6,1,20,0.1111111111111111,0.0,0.0,0.0,0.0,0.0,False,False,True,True
Beauty,ANMJ6RVCV4KXI,calibration,030866079687dcb69292a54078d330465b4b8b824d2230b87be1a337366dbc89,0,108,3,0.0,-7.907773017883301,-5.572673320770264,-6.995471954345703,-0.9123010635375977,-2.335099697113037,False,False,True,True
Beauty,ANMJ6RVCV4KXI,calibration,030866079687dcb69292a54078d330465b4b8b824d2230b87be1a337366dbc89,1,89,3,0.0,-0.2917599380016327,-1.2410492897033691,-1.1924604177474976,0.9007004797458649,0.9492893517017365,True,False,True,True
Beauty,ANMJ6RVCV4KXI,calibration,030866079687dcb69292a54078d330465b4b8b824d2230b87be1a337366dbc89,2,2,3,0.0,-0.5913349390029907,-0.620151162147522,-0.4351119101047516,-0.15622302889823914,0.02881622314453125,False,False,True,True
Beauty,ANMJ6RVCV4KXI,calibration,030866079687dcb69292a54078d330465b4b8b824d2230b87be1a337366dbc89,3,1,3,0.0,0.0,0.0,0.0,0.0,0.0,False,False,True,True
Beauty,ANMJ6RVCV4KXI,calibration,030866079687dcb69292a54078d330465b4b8b824d2230b87be1a337366dbc89,4,2,3,0.0,-0.011776450090110302,-0.006221688352525234,-0.012609870173037052,0.0008334200829267502,-0.005554761737585068,True,True,True,True
Beauty,ANMJ6RVCV4KXI,calibration,030866079687dcb69292a54078d330465b4b8b824d2230b87be1a337366dbc89,5,1,3,0.0,0.0,0.0,0.0,0.0,0.0,False,False,True,True
Beauty,ANMJ6RVCV4KXI,calibration,030866079687dcb69292a54078d330465b4b8b824d2230b87be1a337366dbc89,6,1,3,0.0,0.0,0.0,0.0,0.0,0.0,False,False,True,True
Beauty,A1IFS0OWN7WG5D,calibration,03410c4aea7875e804b3ff5e58f432653fb0dac7ededb70c920c30716716f581,0,108,3,0.0,-2.409480571746826,-3.4900152683258057,-3.410675287246704,1.001194715499878,1.0805346965789795,True,False,True,True
Beauty,A1IFS0OWN7WG5D,calibration,03410c4aea7875e804b3ff5e58f432653fb0dac7ededb70c920c30716716f581,1,96,3,0.0,-5.755619049072266,-3.2180192470550537,-3.00748348236084,-2.748135566711426,-2.537599802017212,False,False,True,True
Beauty,A1IFS0OWN7WG5D,calibration,03410c4aea7875e804b3ff5e58f432653fb0dac7ededb70c920c30716716f581,2,4,3,0.0,-0.5674214363098145,-0.4093053340911865,-0.36545321345329285,-0.2019682228565216,-0.15811610221862793,False,False,True,True
Beauty,A1IFS0OWN7WG5D,calibration,03410c4aea7875e804b3ff5e58f432653fb0dac7ededb70c920c30716716f581,3,1,3,0.0,0.0,0.0,0.0,0.0,0.0,False,False,True,True
Beauty,A1IFS0OWN7WG5D,calibration,03410c4aea7875e804b3ff5e58f432653fb0dac7ededb70c920c30716716f581,4,1,3,0.0,0.0,0.0,0.0,0.0,0.0,False,False,True,True
Beauty,A1IFS0OWN7WG5D,calibration,03410c4aea7875e804b3ff5e58f432653fb0dac7ededb70c920c30716716f581,5,1,3,0.0,0.0,0.0,0.0,0.0,0.0,False,False,True,True
Beauty,A1IFS0OWN7WG5D,calibration,03410c4aea7875e804b3ff5e58f432653fb0dac7ededb70c920c30716716f581,6,1,3,0.0,0.0,0.0,0.0,0.0,0.0,False,False,True,True
Beauty,AT5F1MKA8C2IZ,calibration,034a160b1d2341754adfaffd2e288cbf7e2050eed431359a83b81cedbd40e689,0,108,3,0.0,-3.7208549976348877,-2.8423807621002197,-4.059503555297852,0.33864855766296387,-0.878474235534668,True,True,True,True
Beauty,AT5F1MKA8C2IZ,calibration,034a160b1d2341754adfaffd2e288cbf7e2050eed431359a83b81cedbd40e689,1,110,3,0.0,-0.006528359837830067,-0.37674880027770996,-0.00571403419598937,-0.0008143256418406963,0.3702204404398799,False,False,True,True
Beauty,AT5F1MKA8C2IZ,calibration,034a160b1d2341754adfaffd2e288cbf7e2050eed431359a83b81cedbd40e689,2,3,3,0.0,-1.2457650899887085,-0.6405442953109741,-2.322059392929077,1.0762943029403687,-0.6052207946777344,True,True,True,True
Beauty,AT5F1MKA8C2IZ,calibration,034a160b1d2341754adfaffd2e288cbf7e2050eed431359a83b81cedbd40e689,3,1,3,0.0,0.0,0.0,0.0,0.0,0.0,False,False,True,True
Beauty,AT5F1MKA8C2IZ,calibration,034a160b1d2341754adfaffd2e288cbf7e2050eed431359a83b81cedbd40e689,4,1,3,0.0,0.0,0.0,0.0,0.0,0.0,False,False,True,True
Beauty,AT5F1MKA8C2IZ,calibration,034a160b1d2341754adfaffd2e288cbf7e2050eed431359a83b81cedbd40e689,5,1,3,0.0,0.0,0.0,0.0,0.0,0.0,False,False,True,True
Beauty,AT5F1MKA8C2IZ,calibration,034a160b1d2341754adfaffd2e288cbf7e2050eed431359a83b81cedbd40e689,6,1,3,0.0,0.0,0.0,0.0,0.0,0.0,False,False,True,True
Beauty,A3M2YXBTGW5TE,calibration,03589bdbbc3e8b2efc6e6291d48219986d6d20e1baafb995c2bebefac95fd85e,0,108,3,0.0,-2.50478458404541,-3.785125732421875,-3.171536684036255,0.6667520999908447,1.2803411483764648,True,False,True,True
Beauty,A3M2YXBTGW5TE,calibration,03589bdbbc3e8b2efc6e6291d48219986d6d20e1baafb995c2bebefac95fd85e,1,89,3,0.0,-0.22441036999225616,-0.8912934064865112,-2.8403990268707275,2.6159886568784714,0.6668830364942551,True,False,True,True
Beauty,A3M2YXBTGW5TE,calibration,03589bdbbc3e8b2efc6e6291d48219986d6d20e1baafb995c2bebefac95fd85e,2,5,3,0.0,-0.27671605348587036,-0.458435982465744,-0.4808780252933502,0.20416197180747986,0.18171992897987366,True,False,True,True
Beauty,A3M2YXBTGW5TE,calibration,03589bdbbc3e8b2efc6e6291d48219986d6d20e1baafb995c2bebefac95fd85e,3,1,3,0.0,0.0,0.0,0.0,0.0,0.0,False,False,True,True
Beauty,A3M2YXBTGW5TE,calibration,03589bdbbc3e8b2efc6e6291d48219986d6d20e1baafb995c2bebefac95fd85e,4,1,3,0.0,0.0,0.0,0.0,0.0,0.0,False,False,True,True
Beauty,A3M2YXBTGW5TE,calibration,03589bdbbc3e8b2efc6e6291d48219986d6d20e1baafb995c2bebefac95fd85e,5,1,3,0.0,0.0,0.0,0.0,0.0,0.0,False,False,True,True
Beauty,A3M2YXBTGW5TE,calibration,03589bdbbc3e8b2efc6e6291d48219986d6d20e1baafb995c2bebefac95fd85e,6,1,3,0.0,0.0,0.0,0.0,0.0,0.0,False,False,True,True
Beauty,A5BIWZV1RWG4L,calibration,0359be0f3da6cbf31b66ba27700e129b1fb00c2fda93b253917318bde58d9d86,0,108,3,0.0,-6.074363708496094,-4.863891124725342,-5.59626579284668,-0.47809791564941406,-1.210472583770752,False,False,True,True
Beauty,A5BIWZV1RWG4L,calibration,0359be0f3da6cbf31b66ba27700e129b1fb00c2fda93b253917318bde58d9d86,1,110,3,0.0,-2.5896379947662354,-4.857463836669922,-2.700453758239746,0.11081576347351074,2.2678258419036865,True,False,True,True
Beauty,A5BIWZV1RWG4L,calibration,0359be0f3da6cbf31b66ba27700e129b1fb00c2fda93b253917318bde58d9d86,2,2,3,0.0,-2.0265373677830212e-05,-0.00033766290289349854,-1.9192511899746023e-05,-1.0728617780841887e-06,0.00031739752921566833,False,False,True,True
Beauty,A5BIWZV1RWG4L,calibration,0359be0f3da6cbf31b66ba27700e129b1fb00c2fda93b253917318bde58d9d86,3,2,3,0.0,-1.6689286894688848e-06,-1.1920922133867862e-06,-4.410734163684538e-06,2.741805474215653e-06,-4.7683647608209867e-07,True,True,True,True
Beauty,A5BIWZV1RWG4L,calibration,0359be0f3da6cbf31b66ba27700e129b1fb00c2fda93b253917318bde58d9d86,4,1,3,0.0,0.0,0.0,0.0,0.0,0.0,False,False,True,True
Beauty,A5BIWZV1RWG4L,calibration,0359be0f3da6cbf31b66ba27700e129b1fb00c2fda93b253917318bde58d9d86,5,1,3,0.0,0.0,0.0,0.0,0.0,0.0,False,False,True,True
Beauty,A5BIWZV1RWG4L,calibration,0359be0f3da6cbf31b66ba27700e129b1fb00c2fda93b253917318bde58d9d86,6,1,3,0.0,0.0,0.0,0.0,0.0,0.0,False,False,True,True
Beauty,A8UM78SMPSHC0,calibration,036f4b8f9fac53820374df96578b9f63c59238d45975c921c98713b993a21278,0,108,12,0.0,-0.6872607469558716,-1.3715457916259766,-0.7234922051429749,0.03623145818710327,0.684285044670105,True,False,True,True
Beauty,A8UM78SMPSHC0,calibration,036f4b8f9fac53820374df96578b9f63c59238d45975c921c98713b993a21278,1,64,12,0.0,-1.0805943012237549,-2.7271037101745605,-3.3775956630706787,2.297001361846924,1.6465094089508057,True,False,True,True
Beauty,A8UM78SMPSHC0,calibration,036f4b8f9fac53820374df96578b9f63c59238d45975c921c98713b993a21278,2,7,12,0.0,-0.011987078934907913,-2.8563404083251953,-1.8737316131591797,1.8617445342242718,2.8443533293902874,True,False,True,True
Beauty,A8UM78SMPSHC0,calibration,036f4b8f9fac53820374df96578b9f63c59238d45975c921c98713b993a21278,3,1,12,0.0,0.0,0.0,0.0,0.0,0.0,False,False,True,True
Beauty,A8UM78SMPSHC0,calibration,036f4b8f9fac53820374df96578b9f63c59238d45975c921c98713b993a21278,4,1,12,0.0,0.0,0.0,0.0,0.0,0.0,False,False,True,True
Beauty,A8UM78SMPSHC0,calibration,036f4b8f9fac53820374df96578b9f63c59238d45975c921c98713b993a21278,5,1,12,0.0,0.0,0.0,0.0,0.0,0.0,False,False,True,True
Beauty,A8UM78SMPSHC0,calibration,036f4b8f9fac53820374df96578b9f63c59238d45975c921c98713b993a21278,6,1,12,0.0,0.0,0.0,0.0,0.0,0.0,False,False,True,True
Beauty,A2L9UGS7VYJFJS,calibration,037279308744d61586f4d842ecbb102b14ef31d5b27653bc6f6cb3573c68671c,0,108,2,0.0,-0.00040737437666393816,-3.6195616722106934,-2.8018171787261963,2.8014098043495324,3.6191542978340294,True,False,True,True
Beauty,A2L9UGS7VYJFJS,calibration,037279308744d61586f4d842ecbb102b14ef31d5b27653bc6f6cb3573c68671c,1,105,2,0.0,0.0,-14.699893951416016,-12.413793563842773,12.413793563842773,14.699893951416016,True,False,True,True
Beauty,A2L9UGS7VYJFJS,calibration,037279308744d61586f4d842ecbb102b14ef31d5b27653bc6f6cb3573c68671c,2,1,2,0.0,0.0,0.0,0.0,0.0,0.0,False,False,True,True
Beauty,A2L9UGS7VYJFJS,calibration,037279308744d61586f4d842ecbb102b14ef31d5b27653bc6f6cb3573c68671c,3,1,2,0.0,0.0,0.0,0.0,0.0,0.0,False,False,True,True
Beauty,A2L9UGS7VYJFJS,calibration,037279308744d61586f4d842ecbb102b14ef31d5b27653bc6f6cb3573c68671c,4,1,2,0.0,0.0,0.0,0.0,0.0,0.0,False,False,True,True
Beauty,A2L9UGS7VYJFJS,calibration,037279308744d61586f4d842ecbb102b14ef31d5b27653bc6f6cb3573c68671c,5,1,2,0.0,0.0,0.0,0.0,0.0,0.0,False,False,True,True
Beauty,A2L9UGS7VYJFJS,calibration,037279308744d61586f4d842ecbb102b14ef31d5b27653bc6f6cb3573c68671c,6,1,2,0.0,0.0,0.0,0.0,0.0,0.0,False,False,True,True
Beauty,AL39XR7EYLOBD,calibration,037f6b25e52f76a3c83dc37b82d8a623a77b2f6d1b3a33b82416ff6e6e60ffdd,0,108,2,0.0,-6.046893119812012,-5.662631988525391,-5.854368686676025,-0.19252443313598633,-0.3842611312866211,False,False,True,True
Beauty,AL39XR7EYLOBD,calibration,037f6b25e52f76a3c83dc37b82d8a623a77b2f6d1b3a33b82416ff6e6e60ffdd,1,90,2,0.0,-2.237861156463623,-2.5017824172973633,-2.193394184112549,-0.04446697235107422,0.26392126083374023,False,False,True,True
Beauty,AL39XR7EYLOBD,calibration,037f6b25e52f76a3c83dc37b82d8a623a77b2f6d1b3a33b82416ff6e6e60ffdd,2,6,2,0.0,-5.522027015686035,-6.265143394470215,-6.031744956970215,0.5097179412841797,0.7431163787841797,True,False,True,True
Beauty,AL39XR7EYLOBD,calibration,037f6b25e52f76a3c83dc37b82d8a623a77b2f6d1b3a33b82416ff6e6e60ffdd,3,1,2,0.0,0.0,0.0,0.0,0.0,0.0,False,False,True,True
Beauty,AL39XR7EYLOBD,calibration,037f6b25e52f76a3c83dc37b82d8a623a77b2f6d1b3a33b82416ff6e6e60ffdd,4,1,2,0.0,0.0,0.0,0.0,0.0,0.0,False,False,True,True
Beauty,AL39XR7EYLOBD,calibration,037f6b25e52f76a3c83dc37b82d8a623a77b2f6d1b3a33b82416ff6e6e60ffdd,5,1,2,0.0,0.0,0.0,0.0,0.0,0.0,False,False,True,True
Beauty,AL39XR7EYLOBD,calibration,037f6b25e52f76a3c83dc37b82d8a623a77b2f6d1b3a33b82416ff6e6e60ffdd,6,1,2,0.0,0.0,0.0,0.0,0.0,0.0,False,False,True,True
Beauty,A2I1HVD9U8MXS1,calibration,03a5be05e621378057bb8c52a14fba0d835ca3c26efcee05d9a81acb60e0cce4,0,108,6,0.0,-1.6982189416885376,-4.3727264404296875,-3.5526466369628906,1.854427695274353,2.67450749874115,True,False,True,True
Beauty,A2I1HVD9U8MXS1,calibration,03a5be05e621378057bb8c52a14fba0d835ca3c26efcee05d9a81acb60e0cce4,1,104,6,0.0,-9.536738616588991e-07,-11.714107513427734,-3.102250099182129,3.1022491455082672,11.714106559753873,True,False,True,True
Beauty,A2I1HVD9U8MXS1,calibration,03a5be05e621378057bb8c52a14fba0d835ca3c26efcee05d9a81acb60e0cce4,2,1,6,0.0,0.0,0.0,0.0,0.0,0.0,False,False,True,True
Beauty,A2I1HVD9U8MXS1,calibration,03a5be05e621378057bb8c52a14fba0d835ca3c26efcee05d9a81acb60e0cce4,3,1,6,0.0,0.0,0.0,0.0,0.0,0.0,False,False,True,True
Beauty,A2I1HVD9U8MXS1,calibration,03a5be05e621378057bb8c52a14fba0d835ca3c26efcee05d9a81acb60e0cce4,4,1,6,0.0,0.0,0.0,0.0,0.0,0.0,False,False,True,True
Beauty,A2I1HVD9U8MXS1,calibration,03a5be05e621378057bb8c52a14fba0d835ca3c26efcee05d9a81acb60e0cce4,5,1,6,0.0,0.0,0.0,0.0,0.0,0.0,False,False,True,True
Beauty,A2I1HVD9U8MXS1,calibration,03a5be05e621378057bb8c52a14fba0d835ca3c26efcee05d9a81acb60e0cce4,6,1,6,0.0,0.0,0.0,0.0,0.0,0.0,False,False,True,True
Beauty,A1L9YEI8RTM2HN,calibration,03abad21af14b17b40eeabcf2585fafd75f795a8709793807a062c78e24a932a,0,108,2,0.0,-3.453342914581299,-4.76254940032959,-4.956841468811035,1.5034985542297363,1.309206485748291,True,False,True,True
Beauty,A1L9YEI8RTM2HN,calibration,03abad21af14b17b40eeabcf2585fafd75f795a8709793807a062c78e24a932a,1,93,2,0.0,-0.00029488030122593045,-12.117729187011719,-10.341866493225098,10.341571612923872,12.117434306710493,True,False,True,True
Beauty,A1L9YEI8RTM2HN,calibration,03abad21af14b17b40eeabcf2585fafd75f795a8709793807a062c78e24a932a,2,1,2,0.0,0.0,0.0,0.0,0.0,0.0,False,False,True,True
Beauty,A1L9YEI8RTM2HN,calibration,03abad21af14b17b40eeabcf2585fafd75f795a8709793807a062c78e24a932a,3,1,2,0.0,0.0,0.0,0.0,0.0,0.0,False,False,True,True
Beauty,A1L9YEI8RTM2HN,calibration,03abad21af14b17b40eeabcf2585fafd75f795a8709793807a062c78e24a932a,4,1,2,0.0,0.0,0.0,0.0,0.0,0.0,False,False,True,True
Beauty,A1L9YEI8RTM2HN,calibration,03abad21af14b17b40eeabcf2585fafd75f795a8709793807a062c78e24a932a,5,1,2,0.0,0.0,0.0,0.0,0.0,0.0,False,False,True,True
Beauty,A1L9YEI8RTM2HN,calibration,03abad21af14b17b40eeabcf2585fafd75f795a8709793807a062c78e24a932a,6,1,2,0.0,0.0,0.0,0.0,0.0,0.0,False,False,True,True
Beauty,A12OI85Y13MYF6,calibration,03b62dbec07d47f66abc205b7c4c4f27657193c3fcd8f9aa7153aed574dec78c,0,108,2,0.0,-3.6819348335266113,-5.073677062988281,-3.7811763286590576,0.09924149513244629,1.39174222946167,True,False,True,True
Beauty,A12OI85Y13MYF6,calibration,03b62dbec07d47f66abc205b7c4c4f27657193c3fcd8f9aa7153aed574dec78c,1,42,2,0.0,-3.629763603210449,-3.5436315536499023,-3.0052685737609863,-0.6244950294494629,-0.08613204956054688,False,False,True,True
Beauty,A12OI85Y13MYF6,calibration,03b62dbec07d47f66abc205b7c4c4f27657193c3fcd8f9aa7153aed574dec78c,2,1,2,0.0,0.0,0.0,0.0,0.0,0.0,False,False,True,True
Beauty,A12OI85Y13MYF6,calibration,03b62dbec07d47f66abc205b7c4c4f27657193c3fcd8f9aa7153aed574dec78c,3,2,2,0.0,-0.05263657867908478,-0.0429745614528656,-0.04538561776280403,-0.0072509609162807465,-0.009662017226219177,False,False,True,True
Beauty,A12OI85Y13MYF6,calibration,03b62dbec07d47f66abc205b7c4c4f27657193c3fcd8f9aa7153aed574dec78c,4,1,2,0.0,0.0,0.0,0.0,0.0,0.0,False,False,True,True
Beauty,A12OI85Y13MYF6,calibration,03b62dbec07d47f66abc205b7c4c4f27657193c3fcd8f9aa7153aed574dec78c,5,1,2,0.0,0.0,0.0,0.0,0.0,0.0,False,False,True,True
Beauty,A12OI85Y13MYF6,calibration,03b62dbec07d47f66abc205b7c4c4f27657193c3fcd8f9aa7153aed574dec78c,6,1,2,0.0,0.0,0.0,0.0,0.0,0.0,False,False,True,True
Beauty,A1FMS5Z62TG910,calibration,03f1312d5ece7ee6f186588de5f6955b896ccf3b65f9f8a30453c1cccd7e1580,0,108,5,0.0,-3.666423797607422,-3.95241641998291,-3.7089309692382812,0.042507171630859375,0.2859926223754883,True,False,True,True
Beauty,A1FMS5Z62TG910,calibration,03f1312d5ece7ee6f186588de5f6955b896ccf3b65f9f8a30453c1cccd7e1580,1,118,5,0.0,-2.2437891960144043,-2.1935224533081055,-3.043368339538574,0.7995791435241699,-0.05026674270629883,True,True,True,True
Beauty,A1FMS5Z62TG910,calibration,03f1312d5ece7ee6f186588de5f6955b896ccf3b65f9f8a30453c1cccd7e1580,2,7,5,0.0,-0.22796732187271118,-1.0107805728912354,-0.951930046081543,0.7239627242088318,0.7828132510185242,True,False,True,True
Beauty,A1FMS5Z62TG910,calibration,03f1312d5ece7ee6f186588de5f6955b896ccf3b65f9f8a30453c1cccd7e1580,3,1,5,0.0,0.0,0.0,0.0,0.0,0.0,False,False,True,True
Beauty,A1FMS5Z62TG910,calibration,03f1312d5ece7ee6f186588de5f6955b896ccf3b65f9f8a30453c1cccd7e1580,4,1,5,0.0,0.0,0.0,0.0,0.0,0.0,False,False,True,True
Beauty,A1FMS5Z62TG910,calibration,03f1312d5ece7ee6f186588de5f6955b896ccf3b65f9f8a30453c1cccd7e1580,5,1,5,0.0,0.0,0.0,0.0,0.0,0.0,False,False,True,True
Beauty,A1FMS5Z62TG910,calibration,03f1312d5ece7ee6f186588de5f6955b896ccf3b65f9f8a30453c1cccd7e1580,6,1,5,0.0,0.0,0.0,0.0,0.0,0.0,False,False,True,True
Beauty,A33N3L7J9C2O6J,calibration,041ab560cb6151bc5adec7f8588144cc5e1201f2d8e8f5b94069574dc1f7db4c,0,108,4,0.0,-5.459006309509277,-5.477422714233398,-5.2757368087768555,-0.18326950073242188,0.018416404724121094,False,False,True,True
Beauty,A33N3L7J9C2O6J,calibration,041ab560cb6151bc5adec7f8588144cc5e1201f2d8e8f5b94069574dc1f7db4c,1,93,4,0.0,-4.779169082641602,-5.931025981903076,-5.487424373626709,0.7082552909851074,1.1518568992614746,True,False,True,True
Beauty,A33N3L7J9C2O6J,calibration,041ab560cb6151bc5adec7f8588144cc5e1201f2d8e8f5b94069574dc1f7db4c,2,1,4,0.0,0.0,0.0,0.0,0.0,0.0,False,False,True,True
Beauty,A33N3L7J9C2O6J,calibration,041ab560cb6151bc5adec7f8588144cc5e1201f2d8e8f5b94069574dc1f7db4c,3,2,4,0.0,0.0,0.0,0.0,0.0,0.0,False,False,True,True
Beauty,A33N3L7J9C2O6J,calibration,041ab560cb6151bc5adec7f8588144cc5e1201f2d8e8f5b94069574dc1f7db4c,4,1,4,0.0,0.0,0.0,0.0,0.0,0.0,False,False,True,True
Beauty,A33N3L7J9C2O6J,calibration,041ab560cb6151bc5adec7f8588144cc5e1201f2d8e8f5b94069574dc1f7db4c,5,1,4,0.0,0.0,0.0,0.0,0.0,0.0,False,False,True,True
Beauty,A33N3L7J9C2O6J,calibration,041ab560cb6151bc5adec7f8588144cc5e1201f2d8e8f5b94069574dc1f7db4c,6,1,4,0.0,0.0,0.0,0.0,0.0,0.0,False,False,True,True
Beauty,A1RNSV7S1P5OFP,calibration,042cb09ffad98e049005c41076a96869d44d36f7302091cb7beb68dfadc7c09a,0,108,2,0.0,-1.0295355319976807,-6.753720283508301,-5.05558967590332,4.02605414390564,5.72418475151062,True,False,True,True
Beauty,A1RNSV7S1P5OFP,calibration,042cb09ffad98e049005c41076a96869d44d36f7302091cb7beb68dfadc7c09a,1,104,2,0.0,-0.0499725416302681,-6.975091934204102,-6.28748083114624,6.237508289515972,6.9251193925738335,True,False,True,True
Beauty,A1RNSV7S1P5OFP,calibration,042cb09ffad98e049005c41076a96869d44d36f7302091cb7beb68dfadc7c09a,2,1,2,0.0,0.0,0.0,0.0,0.0,0.0,False,False,True,True
Beauty,A1RNSV7S1P5OFP,calibration,042cb09ffad98e049005c41076a96869d44d36f7302091cb7beb68dfadc7c09a,3,1,2,0.0,0.0,0.0,0.0,0.0,0.0,False,False,True,True
Beauty,A1RNSV7S1P5OFP,calibration,042cb09ffad98e049005c41076a96869d44d36f7302091cb7beb68dfadc7c09a,4,1,2,0.0,0.0,0.0,0.0,0.0,0.0,False,False,True,True
Beauty,A1RNSV7S1P5OFP,calibration,042cb09ffad98e049005c41076a96869d44d36f7302091cb7beb68dfadc7c09a,5,1,2,0.0,0.0,0.0,0.0,0.0,0.0,False,False,True,True
Beauty,A1RNSV7S1P5OFP,calibration,042cb09ffad98e049005c41076a96869d44d36f7302091cb7beb68dfadc7c09a,6,1,2,0.0,0.0,0.0,0.0,0.0,0.0,False,False,True,True
Beauty,AM71JIFY00NKJ,calibration,0437df1ea49fe7e73bbeb62845011c40637eb7da85f9b30d89e2ce3d0274e160,0,108,4,0.05263157894736842,-1.871043086051941,-1.7648887634277344,-1.1741833686828613,-0.6968597173690796,-0.10615432262420654,False,False,True,True
Beauty,AM71JIFY00NKJ,calibration,0437df1ea49fe7e73bbeb62845011c40637eb7da85f9b30d89e2ce3d0274e160,1,255,4,0.05263157894736842,-7.970213413238525,-9.7039155960083,-9.326909065246582,1.3566956520080566,1.7337021827697754,True,False,True,True
Beauty,AM71JIFY00NKJ,calibration,0437df1ea49fe7e73bbeb62845011c40637eb7da85f9b30d89e2ce3d0274e160,2,1,4,0.05263157894736842,0.0,0.0,0.0,0.0,0.0,False,False,True,True
Beauty,AM71JIFY00NKJ,calibration,0437df1ea49fe7e73bbeb62845011c40637eb7da85f9b30d89e2ce3d0274e160,3,1,4,0.05263157894736842,0.0,0.0,0.0,0.0,0.0,False,False,True,True
Beauty,AM71JIFY00NKJ,calibration,0437df1ea49fe7e73bbeb62845011c40637eb7da85f9b30d89e2ce3d0274e160,4,1,4,0.05263157894736842,0.0,0.0,0.0,0.0,0.0,False,False,True,True
Beauty,AM71JIFY00NKJ,calibration,0437df1ea49fe7e73bbeb62845011c40637eb7da85f9b30d89e2ce3d0274e160,5,1,4,0.05263157894736842,0.0,0.0,0.0,0.0,0.0,False,False,True,True
Beauty,AM71JIFY00NKJ,calibration,0437df1ea49fe7e73bbeb62845011c40637eb7da85f9b30d89e2ce3d0274e160,6,1,4,0.05263157894736842,0.0,0.0,0.0,0.0,0.0,False,False,True,True
Beauty,A22TV0I07S8ZYC,calibration,043d0cf3c1aa22bdb8c2564ff5a7bd9bcfbcb4b5aebf611f4895a5e1e7fab553,0,108,18,0.05263157894736842,-3.060790777206421,-3.975545883178711,-2.577718734741211,-0.48307204246520996,0.91475510597229,False,False,True,True
Beauty,A22TV0I07S8ZYC,calibration,043d0cf3c1aa22bdb8c2564ff5a7bd9bcfbcb4b5aebf611f4895a5e1e7fab553,1,89,18,0.05263157894736842,-1.8065602779388428,-1.2120420932769775,-2.570307493209839,0.7637472152709961,-0.5945181846618652,True,True,True,True
Beauty,A22TV0I07S8ZYC,calibration,043d0cf3c1aa22bdb8c2564ff5a7bd9bcfbcb4b5aebf611f4895a5e1e7fab553,2,3,18,0.05263157894736842,-0.06065917760133743,-0.2885250449180603,-0.08118265122175217,0.020523473620414734,0.22786586731672287,True,False,True,True
Beauty,A22TV0I07S8ZYC,calibration,043d0cf3c1aa22bdb8c2564ff5a7bd9bcfbcb4b5aebf611f4895a5e1e7fab553,3,1,18,0.05263157894736842,0.0,0.0,0.0,0.0,0.0,False,False,True,True
Beauty,A22TV0I07S8ZYC,calibration,043d0cf3c1aa22bdb8c2564ff5a7bd9bcfbcb4b5aebf611f4895a5e1e7fab553,4,1,18,0.05263157894736842,0.0,0.0,0.0,0.0,0.0,False,False,True,True
Beauty,A22TV0I07S8ZYC,calibration,043d0cf3c1aa22bdb8c2564ff5a7bd9bcfbcb4b5aebf611f4895a5e1e7fab553,5,2,18,0.05263157894736842,-0.024175960570573807,-0.02595703676342964,-0.05791858583688736,0.03374262526631355,0.001781076192855835,True,True,True,True
Beauty,A22TV0I07S8ZYC,calibration,043d0cf3c1aa22bdb8c2564ff5a7bd9bcfbcb4b5aebf611f4895a5e1e7fab553,6,2,18,0.05263157894736842,-0.16708511114120483,-0.14639043807983398,-0.16376371681690216,-0.0033213943243026733,-0.02069467306137085,False,False,True,True
Beauty,A3LQXZYW45VAKG,calibration,044a56d83ed096c8da6672606e472799bf5bd761be6fde9138702f68cb1fc930,0,108,3,0.0,-2.4811949729919434,-3.4716405868530273,-2.9403605461120605,0.4591655731201172,0.990445613861084,True,False,True,True
Beauty,A3LQXZYW45VAKG,calibration,044a56d83ed096c8da6672606e472799bf5bd761be6fde9138702f68cb1fc930,1,96,3,0.0,-4.3801751136779785,-5.5154900550842285,-5.312161445617676,0.9319863319396973,1.13531494140625,True,False,True,True
Beauty,A3LQXZYW45VAKG,calibration,044a56d83ed096c8da6672606e472799bf5bd761be6fde9138702f68cb1fc930,2,3,3,0.0,-0.01087335404008627,-0.013167803175747395,-0.052900511771440506,0.04202715773135424,0.002294449135661125,True,True,True,True
Beauty,A3LQXZYW45VAKG,calibration,044a56d83ed096c8da6672606e472799bf5bd761be6fde9138702f68cb1fc930,3,1,3,0.0,0.0,0.0,0.0,0.0,0.0,False,False,True,True
Beauty,A3LQXZYW45VAKG,calibration,044a56d83ed096c8da6672606e472799bf5bd761be6fde9138702f68cb1fc930,4,1,3,0.0,0.0,0.0,0.0,0.0,0.0,False,False,True,True
Beauty,A3LQXZYW45VAKG,calibration,044a56d83ed096c8da6672606e472799bf5bd761be6fde9138702f68cb1fc930,5,1,3,0.0,0.0,0.0,0.0,0.0,0.0,False,False,True,True
Beauty,A3LQXZYW45VAKG,calibration,044a56d83ed096c8da6672606e472799bf5bd761be6fde9138702f68cb1fc930,6,1,3,0.0,0.0,0.0,0.0,0.0,0.0,False,False,True,True
Beauty,A1Q7A78VSQ5GQ4,calibration,044bfc45be10ced477d6f0c74edfa95a22b425805e48369f9748a2ffd6a7eaa1,0,108,20,0.0,-5.185266017913818,-4.806634902954102,-4.661999225616455,-0.5232667922973633,-0.3786311149597168,False,False,True,True
Beauty,A1Q7A78VSQ5GQ4,calibration,044bfc45be10ced477d6f0c74edfa95a22b425805e48369f9748a2ffd6a7eaa1,1,59,20,0.0,-0.1448736935853958,-4.742997169494629,-6.171433925628662,6.026560232043266,4.598123475909233,True,False,True,True
Beauty,A1Q7A78VSQ5GQ4,calibration,044bfc45be10ced477d6f0c74edfa95a22b425805e48369f9748a2ffd6a7eaa1,2,1,20,0.0,0.0,0.0,0.0,0.0,0.0,False,False,True,True
Beauty,A1Q7A78VSQ5GQ4,calibration,044bfc45be10ced477d6f0c74edfa95a22b425805e48369f9748a2ffd6a7eaa1,3,1,20,0.0,0.0,0.0,0.0,0.0,0.0,False,False,True,True
Beauty,A1Q7A78VSQ5GQ4,calibration,044bfc45be10ced477d6f0c74edfa95a22b425805e48369f9748a2ffd6a7eaa1,4,1,20,0.0,0.0,0.0,0.0,0.0,0.0,False,False,True,True
Beauty,A1Q7A78VSQ5GQ4,calibration,044bfc45be10ced477d6f0c74edfa95a22b425805e48369f9748a2ffd6a7eaa1,5,1,20,0.0,0.0,0.0,0.0,0.0,0.0,False,False,True,True
Beauty,A1Q7A78VSQ5GQ4,calibration,044bfc45be10ced477d6f0c74edfa95a22b425805e48369f9748a2ffd6a7eaa1,6,1,20,0.0,0.0,0.0,0.0,0.0,0.0,False,False,True,True
Beauty,A22ZFXQE8AWPEP,calibration,0457b5fdb3cbcde4c176e434c82a0b75e96d884b3ab57a45ae41486cd0118651,0,108,20,0.05263157894736842,-1.8798768520355225,-3.9337618350982666,-3.298978805541992,1.4191019535064697,2.053884983062744,True,False,True,True
Beauty,A22ZFXQE8AWPEP,calibration,0457b5fdb3cbcde4c176e434c82a0b75e96d884b3ab57a45ae41486cd0118651,1,142,20,0.05263157894736842,-2.0938472747802734,-4.053771018981934,-6.3223443031311035,4.22849702835083,1.9599237442016602,True,False,True,True
Beauty,A22ZFXQE8AWPEP,calibration,0457b5fdb3cbcde4c176e434c82a0b75e96d884b3ab57a45ae41486cd0118651,2,1,20,0.05263157894736842,0.0,0.0,0.0,0.0,0.0,False,False,True,True
Beauty,A22ZFXQE8AWPEP,calibration,0457b5fdb3cbcde4c176e434c82a0b75e96d884b3ab57a45ae41486cd0118651,3,1,20,0.05263157894736842,0.0,0.0,0.0,0.0,0.0,False,False,True,True
Beauty,A22ZFXQE8AWPEP,calibration,0457b5fdb3cbcde4c176e434c82a0b75e96d884b3ab57a45ae41486cd0118651,4,1,20,0.05263157894736842,0.0,0.0,0.0,0.0,0.0,False,False,True,True
Beauty,A22ZFXQE8AWPEP,calibration,0457b5fdb3cbcde4c176e434c82a0b75e96d884b3ab57a45ae41486cd0118651,5,1,20,0.05263157894736842,0.0,0.0,0.0,0.0,0.0,False,False,True,True
Beauty,A22ZFXQE8AWPEP,calibration,0457b5fdb3cbcde4c176e434c82a0b75e96d884b3ab57a45ae41486cd0118651,6,1,20,0.05263157894736842,0.0,0.0,0.0,0.0,0.0,False,False,True,True
Beauty,A3LVG081YTX3G,calibration,045c46aa7b2749c9dba551e0ce8a8c06da8197ba39c302b5843040bd93551ddd,0,108,4,0.05263157894736842,-1.9797230958938599,-4.581631660461426,-4.131710529327393,2.1519874334335327,2.601908564567566,True,False,True,True
Beauty,A3LVG081YTX3G,calibration,045c46aa7b2749c9dba551e0ce8a8c06da8197ba39c302b5843040bd93551ddd,1,151,4,0.05263157894736842,-1.2052594423294067,-4.486301422119141,-3.5626916885375977,2.357432246208191,3.281041979789734,True,False,True,True
Beauty,A3LVG081YTX3G,calibration,045c46aa7b2749c9dba551e0ce8a8c06da8197ba39c302b5843040bd93551ddd,2,2,4,0.05263157894736842,0.0,-21.683610916137695,-21.551578521728516,21.551578521728516,21.683610916137695,True,False,True,True
Beauty,A3LVG081YTX3G,calibration,045c46aa7b2749c9dba551e0ce8a8c06da8197ba39c302b5843040bd93551ddd,3,1,4,0.05263157894736842,0.0,0.0,0.0,0.0,0.0,False,False,True,True
Beauty,A3LVG081YTX3G,calibration,045c46aa7b2749c9dba551e0ce8a8c06da8197ba39c302b5843040bd93551ddd,4,1,4,0.05263157894736842,0.0,0.0,0.0,0.0,0.0,False,False,True,True
Beauty,A3LVG081YTX3G,calibration,045c46aa7b2749c9dba551e0ce8a8c06da8197ba39c302b5843040bd93551ddd,5,1,4,0.05263157894736842,0.0,0.0,0.0,0.0,0.0,False,False,True,True
Beauty,A3LVG081YTX3G,calibration,045c46aa7b2749c9dba551e0ce8a8c06da8197ba39c302b5843040bd93551ddd,6,1,4,0.05263157894736842,0.0,0.0,0.0,0.0,0.0,False,False,True,True
Beauty,A39O8D0DHWHQ27,calibration,045e82224c9b7cef052abcc479fe96745af26040b5e7258ebc73f3da5c9c5456,0,108,3,0.05263157894736842,-1.511754035949707,-3.2016847133636475,-1.1708741188049316,-0.3408799171447754,1.6899306774139404,False,False,True,True
Beauty,A39O8D0DHWHQ27,calibration,045e82224c9b7cef052abcc479fe96745af26040b5e7258ebc73f3da5c9c5456,1,98,3,0.05263157894736842,-2.620311975479126,-2.760329246520996,-2.2639100551605225,-0.3564019203186035,0.14001727104187012,False,False,True,True
Beauty,A39O8D0DHWHQ27,calibration,045e82224c9b7cef052abcc479fe96745af26040b5e7258ebc73f3da5c9c5456,2,2,3,0.05263157894736842,-0.02766328677535057,-0.029880356043577194,-0.035618316382169724,0.007955029606819153,0.0022170692682266235,True,True,True,True
Beauty,A39O8D0DHWHQ27,calibration,045e82224c9b7cef052abcc479fe96745af26040b5e7258ebc73f3da5c9c5456,3,1,3,0.05263157894736842,0.0,0.0,0.0,0.0,0.0,False,False,True,True
Beauty,A39O8D0DHWHQ27,calibration,045e82224c9b7cef052abcc479fe96745af26040b5e7258ebc73f3da5c9c5456,4,1,3,0.05263157894736842,0.0,0.0,0.0,0.0,0.0,False,False,True,True
Beauty,A39O8D0DHWHQ27,calibration,045e82224c9b7cef052abcc479fe96745af26040b5e7258ebc73f3da5c9c5456,5,1,3,0.05263157894736842,0.0,0.0,0.0,0.0,0.0,False,False,True,True
Beauty,A39O8D0DHWHQ27,calibration,045e82224c9b7cef052abcc479fe96745af26040b5e7258ebc73f3da5c9c5456,6,1,3,0.05263157894736842,0.0,0.0,0.0,0.0,0.0,False,False,True,True
Beauty,AGEE2SKVCR4M6,calibration,046f03a539b2fff2bd37394738e3622ae99ee1aa92abc37c52320621e5fa59d7,0,108,4,0.1111111111111111,-5.338930130004883,-4.8582072257995605,-5.660314559936523,0.3213844299316406,-0.48072290420532227,True,True,True,True
Beauty,AGEE2SKVCR4M6,calibration,046f03a539b2fff2bd37394738e3622ae99ee1aa92abc37c52320621e5fa59d7,1,97,4,0.1111111111111111,-2.670945167541504,-2.5739777088165283,-3.086803674697876,0.41585850715637207,-0.09696745872497559,True,True,True,True
Beauty,AGEE2SKVCR4M6,calibration,046f03a539b2fff2bd37394738e3622ae99ee1aa92abc37c52320621e5fa59d7,2,7,4,0.1111111111111111,-0.5621118545532227,-0.6500202417373657,-1.0986049175262451,0.5364930629730225,0.08790838718414307,True,True,True,True
Beauty,AGEE2SKVCR4M6,calibration,046f03a539b2fff2bd37394738e3622ae99ee1aa92abc37c52320621e5fa59d7,3,5,4,0.1111111111111111,-0.14716142416000366,-0.08959820866584778,-0.1299351155757904,-0.017226308584213257,-0.057563215494155884,False,False,True,True
Beauty,AGEE2SKVCR4M6,calibration,046f03a539b2fff2bd37394738e3622ae99ee1aa92abc37c52320621e5fa59d7,4,1,4,0.1111111111111111,0.0,0.0,0.0,0.0,0.0,False,False,True,True
Beauty,AGEE2SKVCR4M6,calibration,046f03a539b2fff2bd37394738e3622ae99ee1aa92abc37c52320621e5fa59d7,5,1,4,0.1111111111111111,0.0,0.0,0.0,0.0,0.0,False,False,True,True
Beauty,AGEE2SKVCR4M6,calibration,046f03a539b2fff2bd37394738e3622ae99ee1aa92abc37c52320621e5fa59d7,6,1,4,0.1111111111111111,0.0,0.0,0.0,0.0,0.0,False,False,True,True
Beauty,AGEE2SKVCR4M6,calibration,046f03a539b2fff2bd37394738e3622ae99ee1aa92abc37c52320621e5fa59d7,7,2,4,0.1111111111111111,-0.3449069559574127,-0.3581257164478302,-0.3054492473602295,-0.03945770859718323,0.01321876049041748,False,False,True,True
Beauty,A1WSZED2O5MA5T,calibration,0475b5c39050ffc4f876a3a63bdef5208bcabacbbe83354324e1cf55fe13178c,0,108,10,0.05263157894736842,-4.885028839111328,-4.6345977783203125,-4.280335426330566,-0.6046934127807617,-0.2504310607910156,False,False,True,True
Beauty,A1WSZED2O5MA5T,calibration,0475b5c39050ffc4f876a3a63bdef5208bcabacbbe83354324e1cf55fe13178c,1,28,10,0.05263157894736842,-1.856068730354309,-3.5593411922454834,-2.3561363220214844,0.5000675916671753,1.7032724618911743,True,False,True,True
Beauty,A1WSZED2O5MA5T,calibration,0475b5c39050ffc4f876a3a63bdef5208bcabacbbe83354324e1cf55fe13178c,2,1,10,0.05263157894736842,0.0,0.0,0.0,0.0,0.0,False,False,True,True
Beauty,A1WSZED2O5MA5T,calibration,0475b5c39050ffc4f876a3a63bdef5208bcabacbbe83354324e1cf55fe13178c,3,3,10,0.05263157894736842,-0.8564180135726929,-1.2430630922317505,-1.572953701019287,0.7165356874465942,0.3866450786590576,True,False,True,True
Beauty,A1WSZED2O5MA5T,calibration,0475b5c39050ffc4f876a3a63bdef5208bcabacbbe83354324e1cf55fe13178c,4,1,10,0.05263157894736842,0.0,0.0,0.0,0.0,0.0,False,False,True,True
Beauty,A1WSZED2O5MA5T,calibration,0475b5c39050ffc4f876a3a63bdef5208bcabacbbe83354324e1cf55fe13178c,5,1,10,0.05263157894736842,0.0,0.0,0.0,0.0,0.0,False,False,True,True
Beauty,A1WSZED2O5MA5T,calibration,0475b5c39050ffc4f876a3a63bdef5208bcabacbbe83354324e1cf55fe13178c,6,1,10,0.05263157894736842,0.0,0.0,0.0,0.0,0.0,False,False,True,True
Beauty,ARG3JQBLBLN1J,calibration,0480cdb136b0b6ebb6f23de66996888eb904dca1c97dc7deff6d203b6b70795c,0,108,5,0.0,-3.9952940940856934,-3.1104440689086914,-3.7620930671691895,-0.2332010269165039,-0.884850025177002,False,False,True,True
Beauty,ARG3JQBLBLN1J,calibration,0480cdb136b0b6ebb6f23de66996888eb904dca1c97dc7deff6d203b6b70795c,1,118,5,0.0,-4.448328018188477,-5.286760330200195,-4.176362037658691,-0.27196598052978516,0.8384323120117188,False,False,True,True
Beauty,ARG3JQBLBLN1J,calibration,0480cdb136b0b6ebb6f23de66996888eb904dca1c97dc7deff6d203b6b70795c,2,2,5,0.0,-0.046396370977163315,-0.023328136652708054,-0.020254917442798615,-0.0261414535343647,-0.02306823432445526,False,False,True,True
Beauty,ARG3JQBLBLN1J,calibration,0480cdb136b0b6ebb6f23de66996888eb904dca1c97dc7deff6d203b6b70795c,3,1,5,0.0,0.0,0.0,0.0,0.0,0.0,False,False,True,True
Beauty,ARG3JQBLBLN1J,calibration,0480cdb136b0b6ebb6f23de66996888eb904dca1c97dc7deff6d203b6b70795c,4,1,5,0.0,0.0,0.0,0.0,0.0,0.0,False,False,True,True
Beauty,ARG3JQBLBLN1J,calibration,0480cdb136b0b6ebb6f23de66996888eb904dca1c97dc7deff6d203b6b70795c,5,1,5,0.0,0.0,0.0,0.0,0.0,0.0,False,False,True,True
Beauty,ARG3JQBLBLN1J,calibration,0480cdb136b0b6ebb6f23de66996888eb904dca1c97dc7deff6d203b6b70795c,6,1,5,0.0,0.0,0.0,0.0,0.0,0.0,False,False,True,True
Beauty,ARG3JQBLBLN1J,calibration,0480cdb136b0b6ebb6f23de66996888eb904dca1c97dc7deff6d203b6b70795c,7,2,5,0.0,-0.1096014678478241,-0.14805354177951813,-0.09186606109142303,-0.017735406756401062,0.03845207393169403,False,False,True,True
Beauty,A3K5NP63E32ZBG,calibration,048bf5c30dd5766dff153fd1fb3e2fb3957c517aff97941c824536d63630ad06,0,108,7,0.1111111111111111,-0.6764576435089111,-2.6304502487182617,-1.1642614603042603,0.4878038167953491,1.9539926052093506,True,False,True,True
Beauty,A3K5NP63E32ZBG,calibration,048bf5c30dd5766dff153fd1fb3e2fb3957c517aff97941c824536d63630ad06,1,18,7,0.1111111111111111,-0.004867608658969402,-1.1651487350463867,-0.6145032048225403,0.6096355961635709,1.1602811263874173,True,False,True,True
Beauty,A3K5NP63E32ZBG,calibration,048bf5c30dd5766dff153fd1fb3e2fb3957c517aff97941c824536d63630ad06,2,9,7,0.1111111111111111,-0.2110735923051834,-3.222414493560791,-2.5833542346954346,2.372280642390251,3.0113409012556076,True,False,True,True
Beauty,A3K5NP63E32ZBG,calibration,048bf5c30dd5766dff153fd1fb3e2fb3957c517aff97941c824536d63630ad06,3,2,7,0.1111111111111111,-0.00019464982324279845,-1.1177663803100586,-0.9961111545562744,0.9959165047330316,1.1175717304868158,True,False,True,True
Beauty,A3K5NP63E32ZBG,calibration,048bf5c30dd5766dff153fd1fb3e2fb3957c517aff97941c824536d63630ad06,4,1,7,0.1111111111111111,0.0,0.0,0.0,0.0,0.0,False,False,True,True
Beauty,A3K5NP63E32ZBG,calibration,048bf5c30dd5766dff153fd1fb3e2fb3957c517aff97941c824536d63630ad06,5,1,7,0.1111111111111111,0.0,0.0,0.0,0.0,0.0,False,False,True,True
Beauty,A3K5NP63E32ZBG,calibration,048bf5c30dd5766dff153fd1fb3e2fb3957c517aff97941c824536d63630ad06,6,1,7,0.1111111111111111,0.0,0.0,0.0,0.0,0.0,False,False,True,True
Beauty,A1NHAZLR9R38H,calibration,049b4f4fbd07548a6aa15a51b190fce732931fe74d2c1d05240a0d88d7e48518,0,108,8,0.0,-3.054075241088867,-2.9947054386138916,-3.100283622741699,0.04620838165283203,-0.059369802474975586,True,True,True,True
Beauty,A1NHAZLR9R38H,calibration,049b4f4fbd07548a6aa15a51b190fce732931fe74d2c1d05240a0d88d7e48518,1,90,8,0.0,-3.104811191558838,-3.93983793258667,-2.779064416885376,-0.3257467746734619,0.835026741027832,False,False,True,True
Beauty,A1NHAZLR9R38H,calibration,049b4f4fbd07548a6aa15a51b190fce732931fe74d2c1d05240a0d88d7e48518,2,2,8,0.0,0.0,0.0,0.0,0.0,0.0,False,False,True,True
Beauty,A1NHAZLR9R38H,calibration,049b4f4fbd07548a6aa15a51b190fce732931fe74d2c1d05240a0d88d7e48518,3,1,8,0.0,0.0,0.0,0.0,0.0,0.0,False,False,True,True
Beauty,A1NHAZLR9R38H,calibration,049b4f4fbd07548a6aa15a51b190fce732931fe74d2c1d05240a0d88d7e48518,4,1,8,0.0,0.0,0.0,0.0,0.0,0.0,False,False,True,True
Beauty,A1NHAZLR9R38H,calibration,049b4f4fbd07548a6aa15a51b190fce732931fe74d2c1d05240a0d88d7e48518,5,1,8,0.0,0.0,0.0,0.0,0.0,0.0,False,False,True,True
Beauty,A1NHAZLR9R38H,calibration,049b4f4fbd07548a6aa15a51b190fce732931fe74d2c1d05240a0d88d7e48518,6,1,8,0.0,0.0,0.0,0.0,0.0,0.0,False,False,True,True
Beauty,A1GV96H0YYWC61,calibration,04a5925df0aa88c2050abca6c51c679c948ceec6ee527c9182abcb160a2ab326,0,108,2,0.0,-1.4238156080245972,-4.0315961837768555,-3.1883432865142822,1.764527678489685,2.6077805757522583,True,False,True,True
Beauty,A1GV96H0YYWC61,calibration,04a5925df0aa88c2050abca6c51c679c948ceec6ee527c9182abcb160a2ab326,1,73,2,0.0,-2.4377946853637695,-3.382672071456909,-3.3328256607055664,0.8950309753417969,0.9448773860931396,True,False,True,True
Beauty,A1GV96H0YYWC61,calibration,04a5925df0aa88c2050abca6c51c679c948ceec6ee527c9182abcb160a2ab326,2,7,2,0.0,-0.4642725884914398,-0.9252020716667175,-0.5837360620498657,0.1194634735584259,0.4609294831752777,True,False,True,True
Beauty,A1GV96H0YYWC61,calibration,04a5925df0aa88c2050abca6c51c679c948ceec6ee527c9182abcb160a2ab326,3,1,2,0.0,0.0,0.0,0.0,0.0,0.0,False,False,True,True
Beauty,A1GV96H0YYWC61,calibration,04a5925df0aa88c2050abca6c51c679c948ceec6ee527c9182abcb160a2ab326,4,1,2,0.0,0.0,0.0,0.0,0.0,0.0,False,False,True,True
Beauty,A1GV96H0YYWC61,calibration,04a5925df0aa88c2050abca6c51c679c948ceec6ee527c9182abcb160a2ab326,5,1,2,0.0,0.0,0.0,0.0,0.0,0.0,False,False,True,True
Beauty,A1GV96H0YYWC61,calibration,04a5925df0aa88c2050abca6c51c679c948ceec6ee527c9182abcb160a2ab326,6,1,2,0.0,0.0,0.0,0.0,0.0,0.0,False,False,True,True
Beauty,A8CT2G034K75U,calibration,04afab2cc2e9d8d9d6dc02ee64e5e2abd3d9efc62aabc6367add2e6587c8ad7f,0,108,2,0.0,-5.216070175170898,-5.879273891448975,-5.167682647705078,-0.04838752746582031,0.6632037162780762,False,False,True,True
Beauty,A8CT2G034K75U,calibration,04afab2cc2e9d8d9d6dc02ee64e5e2abd3d9efc62aabc6367add2e6587c8ad7f,1,97,2,0.0,-3.5317397117614746,-6.326992511749268,-3.8726179599761963,0.3408782482147217,2.795252799987793,True,False,True,True
Beauty,A8CT2G034K75U,calibration,04afab2cc2e9d8d9d6dc02ee64e5e2abd3d9efc62aabc6367add2e6587c8ad7f,2,3,2,0.0,-0.18407641351222992,-0.1411217451095581,-0.48809295892715454,0.3040165454149246,-0.042954668402671814,True,True,True,True
Beauty,A8CT2G034K75U,calibration,04afab2cc2e9d8d9d6dc02ee64e5e2abd3d9efc62aabc6367add2e6587c8ad7f,3,1,2,0.0,0.0,0.0,0.0,0.0,0.0,False,False,True,True
Beauty,A8CT2G034K75U,calibration,04afab2cc2e9d8d9d6dc02ee64e5e2abd3d9efc62aabc6367add2e6587c8ad7f,4,1,2,0.0,0.0,0.0,0.0,0.0,0.0,False,False,True,True
Beauty,A8CT2G034K75U,calibration,04afab2cc2e9d8d9d6dc02ee64e5e2abd3d9efc62aabc6367add2e6587c8ad7f,5,1,2,0.0,0.0,0.0,0.0,0.0,0.0,False,False,True,True
Beauty,A8CT2G034K75U,calibration,04afab2cc2e9d8d9d6dc02ee64e5e2abd3d9efc62aabc6367add2e6587c8ad7f,6,1,2,0.0,0.0,0.0,0.0,0.0,0.0,False,False,True,True
Beauty,A3KWFSLRZZFKM0,calibration,04d181420f0e15887ebdd45b6a5027dc974a54ca9e06aa243a1724724420abc3,0,108,2,0.0,-4.876169204711914,-4.482210636138916,-4.864409923553467,-0.011759281158447266,-0.39395856857299805,False,False,True,True
Beauty,A3KWFSLRZZFKM0,calibration,04d181420f0e15887ebdd45b6a5027dc974a54ca9e06aa243a1724724420abc3,1,104,2,0.0,-2.4130630493164062,-3.6754212379455566,-2.433928966522217,0.020865917205810547,1.2623581886291504,True,False,True,True
Beauty,A3KWFSLRZZFKM0,calibration,04d181420f0e15887ebdd45b6a5027dc974a54ca9e06aa243a1724724420abc3,2,2,2,0.0,-2.711544990539551,-4.635144233703613,-4.095664024353027,1.3841190338134766,1.9235992431640625,True,False,True,True
Beauty,A3KWFSLRZZFKM0,calibration,04d181420f0e15887ebdd45b6a5027dc974a54ca9e06aa243a1724724420abc3,3,1,2,0.0,0.0,0.0,0.0,0.0,0.0,False,False,True,True
Beauty,A3KWFSLRZZFKM0,calibration,04d181420f0e15887ebdd45b6a5027dc974a54ca9e06aa243a1724724420abc3,4,1,2,0.0,0.0,0.0,0.0,0.0,0.0,False,False,True,True
Beauty,A3KWFSLRZZFKM0,calibration,04d181420f0e15887ebdd45b6a5027dc974a54ca9e06aa243a1724724420abc3,5,1,2,0.0,0.0,0.0,0.0,0.0,0.0,False,False,True,True
Beauty,A3KWFSLRZZFKM0,calibration,04d181420f0e15887ebdd45b6a5027dc974a54ca9e06aa243a1724724420abc3,6,1,2,0.0,0.0,0.0,0.0,0.0,0.0,False,False,True,True
Beauty,A265PQZ04D6ZVE,calibration,04daad17ea5aa202d8210790539e674e011ce0322d9979b765533badc74cec68,0,108,2,0.17647058823529413,-1.071917176246643,-2.2885830402374268,-2.8539440631866455,1.7820268869400024,1.2166658639907837,True,False,True,True
Beauty,A265PQZ04D6ZVE,calibration,04daad17ea5aa202d8210790539e674e011ce0322d9979b765533badc74cec68,1,126,2,0.17647058823529413,-6.354764938354492,-5.804392337799072,-7.101231575012207,0.7464666366577148,-0.5503726005554199,True,True,True,True
Beauty,A265PQZ04D6ZVE,calibration,04daad17ea5aa202d8210790539e674e011ce0322d9979b765533badc74cec68,2,1,2,0.17647058823529413,0.0,0.0,0.0,0.0,0.0,False,False,True,True
Beauty,A265PQZ04D6ZVE,calibration,04daad17ea5aa202d8210790539e674e011ce0322d9979b765533badc74cec68,3,1,2,0.17647058823529413,0.0,0.0,0.0,0.0,0.0,False,False,True,True
Beauty,A265PQZ04D6ZVE,calibration,04daad17ea5aa202d8210790539e674e011ce0322d9979b765533badc74cec68,4,1,2,0.17647058823529413,0.0,0.0,0.0,0.0,0.0,False,False,True,True
Beauty,A265PQZ04D6ZVE,calibration,04daad17ea5aa202d8210790539e674e011ce0322d9979b765533badc74cec68,5,1,2,0.17647058823529413,0.0,0.0,0.0,0.0,0.0,False,False,True,True
Beauty,A265PQZ04D6ZVE,calibration,04daad17ea5aa202d8210790539e674e011ce0322d9979b765533badc74cec68,6,1,2,0.17647058823529413,0.0,0.0,0.0,0.0,0.0,False,False,True,True
Beauty,A2YVXGJXY2B9N6,calibration,04e45a3f25e1069511ece13d11337fa805ed87c7b5ce42b3dc05a10353a1181c,0,108,7,0.17647058823529413,-5.7184648513793945,-5.531434059143066,-6.964020729064941,1.2455558776855469,-0.18703079223632812,True,True,True,True
Beauty,A2YVXGJXY2B9N6,calibration,04e45a3f25e1069511ece13d11337fa805ed87c7b5ce42b3dc05a10353a1181c,1,110,7,0.17647058823529413,-3.009481191635132,-6.284378528594971,-4.489501953125,1.4800207614898682,3.274897336959839,True,False,True,True
Beauty,A2YVXGJXY2B9N6,calibration,04e45a3f25e1069511ece13d11337fa805ed87c7b5ce42b3dc05a10353a1181c,2,3,7,0.17647058823529413,-7.510157047363464e-06,-4.8874615458771586e-05,-3.4570634852570947e-06,-4.053093562106369e-06,4.136445841140812e-05,False,False,True,True
Beauty,A2YVXGJXY2B9N6,calibration,04e45a3f25e1069511ece13d11337fa805ed87c7b5ce42b3dc05a10353a1181c,3,1,7,0.17647058823529413,0.0,0.0,0.0,0.0,0.0,False,False,True,True
Beauty,A2YVXGJXY2B9N6,calibration,04e45a3f25e1069511ece13d11337fa805ed87c7b5ce42b3dc05a10353a1181c,4,1,7,0.17647058823529413,0.0,0.0,0.0,0.0,0.0,False,False,True,True
Beauty,A2YVXGJXY2B9N6,calibration,04e45a3f25e1069511ece13d11337fa805ed87c7b5ce42b3dc05a10353a1181c,5,1,7,0.17647058823529413,0.0,0.0,0.0,0.0,0.0,False,False,True,True
Beauty,A2YVXGJXY2B9N6,calibration,04e45a3f25e1069511ece13d11337fa805ed87c7b5ce42b3dc05a10353a1181c,6,1,7,0.17647058823529413,0.0,0.0,0.0,0.0,0.0,False,False,True,True
Beauty,A2ZKZJGVGIJ8OP,calibration,04fb5ad9c0ae10a716d0f71f45dd4dcf2732f1ec6141a5c26ea79e5ce73fa45c,0,108,9,0.05263157894736842,-0.7016199827194214,-4.517318248748779,-4.787711143493652,4.086091160774231,3.815698266029358,True,False,True,True
Beauty,A2ZKZJGVGIJ8OP,calibration,04fb5ad9c0ae10a716d0f71f45dd4dcf2732f1ec6141a5c26ea79e5ce73fa45c,1,59,9,0.05263157894736842,-2.3841855067985307e-07,-15.005638122558594,-16.038043975830078,16.038043737411527,15.005637884140043,True,False,True,True
Beauty,A2ZKZJGVGIJ8OP,calibration,04fb5ad9c0ae10a716d0f71f45dd4dcf2732f1ec6141a5c26ea79e5ce73fa45c,2,1,9,0.05263157894736842,0.0,0.0,0.0,0.0,0.0,False,False,True,True
Beauty,A2ZKZJGVGIJ8OP,calibration,04fb5ad9c0ae10a716d0f71f45dd4dcf2732f1ec6141a5c26ea79e5ce73fa45c,3,1,9,0.05263157894736842,0.0,0.0,0.0,0.0,0.0,False,False,True,True
Beauty,A2ZKZJGVGIJ8OP,calibration,04fb5ad9c0ae10a716d0f71f45dd4dcf2732f1ec6141a5c26ea79e5ce73fa45c,4,1,9,0.05263157894736842,0.0,0.0,0.0,0.0,0.0,False,False,True,True
Beauty,A2ZKZJGVGIJ8OP,calibration,04fb5ad9c0ae10a716d0f71f45dd4dcf2732f1ec6141a5c26ea79e5ce73fa45c,5,1,9,0.05263157894736842,0.0,0.0,0.0,0.0,0.0,False,False,True,True
Beauty,A2ZKZJGVGIJ8OP,calibration,04fb5ad9c0ae10a716d0f71f45dd4dcf2732f1ec6141a5c26ea79e5ce73fa45c,6,1,9,0.05263157894736842,0.0,0.0,0.0,0.0,0.0,False,False,True,True
Beauty,A2610IV7HXXJ6,calibration,0538c49dfbccb6bf9aa11cf08464accf44f2fb7166b8ef53113b455afb2f681c,0,108,2,0.0,-1.6717190742492676,-3.1555755138397217,-0.9108408093452454,-0.7608782649040222,1.483856439590454,False,False,True,True
Beauty,A2610IV7HXXJ6,calibration,0538c49dfbccb6bf9aa11cf08464accf44f2fb7166b8ef53113b455afb2f681c,1,98,2,0.0,-0.2892969250679016,-0.6653956770896912,-0.5944297313690186,0.30513280630111694,0.37609875202178955,True,False,True,True
Beauty,A2610IV7HXXJ6,calibration,0538c49dfbccb6bf9aa11cf08464accf44f2fb7166b8ef53113b455afb2f681c,2,25,2,0.0,-3.691740036010742,-2.3695507049560547,-2.7695343494415283,-0.9222056865692139,-1.3221893310546875,False,False,True,True
Beauty,A2610IV7HXXJ6,calibration,0538c49dfbccb6bf9aa11cf08464accf44f2fb7166b8ef53113b455afb2f681c,3,1,2,0.0,0.0,0.0,0.0,0.0,0.0,False,False,True,True
Beauty,A2610IV7HXXJ6,calibration,0538c49dfbccb6bf9aa11cf08464accf44f2fb7166b8ef53113b455afb2f681c,4,1,2,0.0,0.0,0.0,0.0,0.0,0.0,False,False,True,True
Beauty,A2610IV7HXXJ6,calibration,0538c49dfbccb6bf9aa11cf08464accf44f2fb7166b8ef53113b455afb2f681c,5,1,2,0.0,0.0,0.0,0.0,0.0,0.0,False,False,True,True
Beauty,A2610IV7HXXJ6,calibration,0538c49dfbccb6bf9aa11cf08464accf44f2fb7166b8ef53113b455afb2f681c,6,1,2,0.0,0.0,0.0,0.0,0.0,0.0,False,False,True,True
Beauty,A298XK9GQO0TYN,calibration,054c28b637081810044cf43d1c5e8dbd76a51ae387f24957bcbef97f70e95700,0,108,2,0.05263157894736842,-1.8693567514419556,-1.9957882165908813,-1.5435514450073242,-0.32580530643463135,0.12643146514892578,False,False,True,True
Beauty,A298XK9GQO0TYN,calibration,054c28b637081810044cf43d1c5e8dbd76a51ae387f24957bcbef97f70e95700,1,97,2,0.05263157894736842,-9.729870796203613,-11.641608238220215,-12.622272491455078,2.892401695251465,1.9117374420166016,True,False,True,True
Beauty,A298XK9GQO0TYN,calibration,054c28b637081810044cf43d1c5e8dbd76a51ae387f24957bcbef97f70e95700,2,1,2,0.05263157894736842,0.0,0.0,0.0,0.0,0.0,False,False,True,True
Beauty,A298XK9GQO0TYN,calibration,054c28b637081810044cf43d1c5e8dbd76a51ae387f24957bcbef97f70e95700,3,1,2,0.05263157894736842,0.0,0.0,0.0,0.0,0.0,False,False,True,True
Beauty,A298XK9GQO0TYN,calibration,054c28b637081810044cf43d1c5e8dbd76a51ae387f24957bcbef97f70e95700,4,1,2,0.05263157894736842,0.0,0.0,0.0,0.0,0.0,False,False,True,True
Beauty,A298XK9GQO0TYN,calibration,054c28b637081810044cf43d1c5e8dbd76a51ae387f24957bcbef97f70e95700,5,1,2,0.05263157894736842,0.0,0.0,0.0,0.0,0.0,False,False,True,True
Beauty,A298XK9GQO0TYN,calibration,054c28b637081810044cf43d1c5e8dbd76a51ae387f24957bcbef97f70e95700,6,1,2,0.05263157894736842,0.0,0.0,0.0,0.0,0.0,False,False,True,True
Beauty,A1IZVWAO5SDBLH,calibration,0563687b2fa323c93ba9438a5b47f5c412928ff50c240fc0a1332019a8cce1a9,0,108,2,0.0,-4.49232816696167,-5.075336933135986,-5.193010330200195,0.7006821632385254,0.5830087661743164,True,False,True,True
Beauty,A1IZVWAO5SDBLH,calibration,0563687b2fa323c93ba9438a5b47f5c412928ff50c240fc0a1332019a8cce1a9,1,94,2,0.0,-4.931626319885254,-6.220188140869141,-6.840123176574707,1.9084968566894531,1.2885618209838867,True,False,True,True
Beauty,A1IZVWAO5SDBLH,calibration,0563687b2fa323c93ba9438a5b47f5c412928ff50c240fc0a1332019a8cce1a9,2,1,2,0.0,0.0,0.0,0.0,0.0,0.0,False,False,True,True
Beauty,A1IZVWAO5SDBLH,calibration,0563687b2fa323c93ba9438a5b47f5c412928ff50c240fc0a1332019a8cce1a9,3,1,2,0.0,0.0,0.0,0.0,0.0,0.0,False,False,True,True
Beauty,A1IZVWAO5SDBLH,calibration,0563687b2fa323c93ba9438a5b47f5c412928ff50c240fc0a1332019a8cce1a9,4,1,2,0.0,0.0,0.0,0.0,0.0,0.0,False,False,True,True
Beauty,A1IZVWAO5SDBLH,calibration,0563687b2fa323c93ba9438a5b47f5c412928ff50c240fc0a1332019a8cce1a9,5,1,2,0.0,0.0,0.0,0.0,0.0,0.0,False,False,True,True
Beauty,A1IZVWAO5SDBLH,calibration,0563687b2fa323c93ba9438a5b47f5c412928ff50c240fc0a1332019a8cce1a9,6,1,2,0.0,0.0,0.0,0.0,0.0,0.0,False,False,True,True
Beauty,A7HJ52LLCND8G,calibration,05685de0c5bf0f3891a3f333b712ee54de7205751059fc171f750363b40d1a09,0,108,4,0.0,-1.0044054985046387,-3.1651995182037354,-1.7351179122924805,0.7307124137878418,2.1607940196990967,True,False,True,True
Beauty,A7HJ52LLCND8G,calibration,05685de0c5bf0f3891a3f333b712ee54de7205751059fc171f750363b40d1a09,1,255,4,0.0,-2.797220230102539,-4.669288635253906,-4.650063991546631,1.8528437614440918,1.8720684051513672,True,False,True,True
Beauty,A7HJ52LLCND8G,calibration,05685de0c5bf0f3891a3f333b712ee54de7205751059fc171f750363b40d1a09,2,6,4,0.0,-0.45250415802001953,-2.6867058277130127,-1.1350479125976562,0.6825437545776367,2.234201669692993,True,False,True,True
Beauty,A7HJ52LLCND8G,calibration,05685de0c5bf0f3891a3f333b712ee54de7205751059fc171f750363b40d1a09,3,1,4,0.0,0.0,0.0,0.0,0.0,0.0,False,False,True,True
Beauty,A7HJ52LLCND8G,calibration,05685de0c5bf0f3891a3f333b712ee54de7205751059fc171f750363b40d1a09,4,1,4,0.0,0.0,0.0,0.0,0.0,0.0,False,False,True,True
Beauty,A7HJ52LLCND8G,calibration,05685de0c5bf0f3891a3f333b712ee54de7205751059fc171f750363b40d1a09,5,1,4,0.0,0.0,0.0,0.0,0.0,0.0,False,False,True,True
Beauty,A7HJ52LLCND8G,calibration,05685de0c5bf0f3891a3f333b712ee54de7205751059fc171f750363b40d1a09,6,1,4,0.0,0.0,0.0,0.0,0.0,0.0,False,False,True,True
Beauty,A3I9JA0UJ45C2Z,calibration,056e9a51dbf52585ed41ce004c58f1b2fe3b500c81cf7c70b270c0e850177487,0,108,4,0.0,-4.920416355133057,-3.8799684047698975,-5.269502639770508,0.34908628463745117,-1.0404479503631592,True,True,True,True
Beauty,A3I9JA0UJ45C2Z,calibration,056e9a51dbf52585ed41ce004c58f1b2fe3b500c81cf7c70b270c0e850177487,1,63,4,0.0,-2.0184695720672607,-1.2585278749465942,-1.762697696685791,-0.2557718753814697,-0.7599416971206665,False,False,True,True
Beauty,A3I9JA0UJ45C2Z,calibration,056e9a51dbf52585ed41ce004c58f1b2fe3b500c81cf7c70b270c0e850177487,2,4,4,0.0,-0.12785570323467255,-0.2129243016242981,-0.12646415829658508,-0.0013915449380874634,0.08506859838962555,False,False,True,True
Beauty,A3I9JA0UJ45C2Z,calibration,056e9a51dbf52585ed41ce004c58f1b2fe3b500c81cf7c70b270c0e850177487,3,1,4,0.0,0.0,0.0,0.0,0.0,0.0,False,False,True,True
Beauty,A3I9JA0UJ45C2Z,calibration,056e9a51dbf52585ed41ce004c58f1b2fe3b500c81cf7c70b270c0e850177487,4,2,4,0.0,-1.9027915000915527,-1.7292982339859009,-1.6993639469146729,-0.20342755317687988,-0.17349326610565186,False,False,True,True
Beauty,A3I9JA0UJ45C2Z,calibration,056e9a51dbf52585ed41ce004c58f1b2fe3b500c81cf7c70b270c0e850177487,5,1,4,0.0,0.0,0.0,0.0,0.0,0.0,False,False,True,True
Beauty,A3I9JA0UJ45C2Z,calibration,056e9a51dbf52585ed41ce004c58f1b2fe3b500c81cf7c70b270c0e850177487,6,1,4,0.0,0.0,0.0,0.0,0.0,0.0,False,False,True,True
Beauty,A3R113WVMW5ACR,calibration,0583d56051e04a00885d31459df8297a6df130da2033cb623a8d3892f8643c33,0,108,7,0.17647058823529413,-3.1783649921417236,-3.2437548637390137,-2.658660650253296,-0.5197043418884277,0.06538987159729004,False,False,True,True
Beauty,A3R113WVMW5ACR,calibration,0583d56051e04a00885d31459df8297a6df130da2033cb623a8d3892f8643c33,1,104,7,0.17647058823529413,-1.6083896160125732,-2.621401786804199,-1.6192039251327515,0.010814309120178223,1.013012170791626,True,False,True,True
Beauty,A3R113WVMW5ACR,calibration,0583d56051e04a00885d31459df8297a6df130da2033cb623a8d3892f8643c33,2,7,7,0.17647058823529413,-0.6993904113769531,-1.2663490772247314,-1.0957767963409424,0.39638638496398926,0.5669586658477783,True,False,True,True
Beauty,A3R113WVMW5ACR,calibration,0583d56051e04a00885d31459df8297a6df130da2033cb623a8d3892f8643c33,3,1,7,0.17647058823529413,0.0,0.0,0.0,0.0,0.0,False,False,True,True
Beauty,A3R113WVMW5ACR,calibration,0583d56051e04a00885d31459df8297a6df130da2033cb623a8d3892f8643c33,4,1,7,0.17647058823529413,0.0,0.0,0.0,0.0,0.0,False,False,True,True
Beauty,A3R113WVMW5ACR,calibration,0583d56051e04a00885d31459df8297a6df130da2033cb623a8d3892f8643c33,5,1,7,0.17647058823529413,0.0,0.0,0.0,0.0,0.0,False,False,True,True
Beauty,A3R113WVMW5ACR,calibration,0583d56051e04a00885d31459df8297a6df130da2033cb623a8d3892f8643c33,6,1,7,0.17647058823529413,0.0,0.0,0.0,0.0,0.0,False,False,True,True
Beauty,A1NJ4LCUPB26FW,calibration,0594bcd6bc45e088831b03ea27ff8d72338025d5b8876200e886f78977778416,0,108,2,0.0,-3.382493734359741,-4.172538757324219,-3.3925106525421143,0.010016918182373047,0.7900450229644775,True,False,True,True
Beauty,A1NJ4LCUPB26FW,calibration,0594bcd6bc45e088831b03ea27ff8d72338025d5b8876200e886f78977778416,1,133,2,0.0,-1.4058204889297485,-2.0714194774627686,-3.311944007873535,1.9061235189437866,0.66559898853302,True,False,True,True
Beauty,A1NJ4LCUPB26FW,calibration,0594bcd6bc45e088831b03ea27ff8d72338025d5b8876200e886f78977778416,2,2,2,0.0,-0.17865146696567535,-0.2215491682291031,-0.2095423936843872,0.030890926718711853,0.042897701263427734,True,True,True,True
Beauty,A1NJ4LCUPB26FW,calibration,0594bcd6bc45e088831b03ea27ff8d72338025d5b8876200e886f78977778416,3,1,2,0.0,0.0,0.0,0.0,0.0,0.0,False,False,True,True
Beauty,A1NJ4LCUPB26FW,calibration,0594bcd6bc45e088831b03ea27ff8d72338025d5b8876200e886f78977778416,4,1,2,0.0,0.0,0.0,0.0,0.0,0.0,False,False,True,True
Beauty,A1NJ4LCUPB26FW,calibration,0594bcd6bc45e088831b03ea27ff8d72338025d5b8876200e886f78977778416,5,1,2,0.0,0.0,0.0,0.0,0.0,0.0,False,False,True,True
Beauty,A1NJ4LCUPB26FW,calibration,0594bcd6bc45e088831b03ea27ff8d72338025d5b8876200e886f78977778416,6,1,2,0.0,0.0,0.0,0.0,0.0,0.0,False,False,True,True
Beauty,ATP7CCTCM1Q83,audit,0000f2517826ec7600faf07648456e3e9e1eb1fb5cd9e15a91c57619a5a82df3,0,108,12,0.05263157894736842,-0.49891042709350586,-2.933475971221924,-1.0467551946640015,0.5478447675704956,2.434565544128418,True,False,True,True
Beauty,ATP7CCTCM1Q83,audit,0000f2517826ec7600faf07648456e3e9e1eb1fb5cd9e15a91c57619a5a82df3,1,82,12,0.05263157894736842,-1.7288033962249756,-4.1384077072143555,-3.9370651245117188,2.208261728286743,2.40960431098938,True,False,True,True
Beauty,ATP7CCTCM1Q83,audit,0000f2517826ec7600faf07648456e3e9e1eb1fb5cd9e15a91c57619a5a82df3,2,4,12,0.05263157894736842,-0.00045110538485459983,-11.053876876831055,-11.283100128173828,11.282649022788974,11.0534257714462,True,False,True,True
Beauty,ATP7CCTCM1Q83,audit,0000f2517826ec7600faf07648456e3e9e1eb1fb5cd9e15a91c57619a5a82df3,3,1,12,0.05263157894736842,0.0,0.0,0.0,0.0,0.0,False,False,True,True
Beauty,ATP7CCTCM1Q83,audit,0000f2517826ec7600faf07648456e3e9e1eb1fb5cd9e15a91c57619a5a82df3,4,1,12,0.05263157894736842,0.0,0.0,0.0,0.0,0.0,False,False,True,True
Beauty,ATP7CCTCM1Q83,audit,0000f2517826ec7600faf07648456e3e9e1eb1fb5cd9e15a91c57619a5a82df3,5,1,12,0.05263157894736842,0.0,0.0,0.0,0.0,0.0,False,False,True,True
Beauty,ATP7CCTCM1Q83,audit,0000f2517826ec7600faf07648456e3e9e1eb1fb5cd9e15a91c57619a5a82df3,6,1,12,0.05263157894736842,0.0,0.0,0.0,0.0,0.0,False,False,True,True
Beauty,A3E8XEJL3FQNCQ,audit,0015d7ad56cc0606681c3eef1829d5d73057168f2738db57adb8f926733091c7,0,108,5,0.0,-2.3245785236358643,-2.010045289993286,-4.587702751159668,2.2631242275238037,-0.3145332336425781,True,True,True,True
Beauty,A3E8XEJL3FQNCQ,audit,0015d7ad56cc0606681c3eef1829d5d73057168f2738db57adb8f926733091c7,1,89,5,0.0,-0.0016746795736253262,-9.409722328186035,-3.6163411140441895,3.614666434470564,9.40804764861241,True,False,True,True
Beauty,A3E8XEJL3FQNCQ,audit,0015d7ad56cc0606681c3eef1829d5d73057168f2738db57adb8f926733091c7,2,5,5,0.0,-0.018262570723891258,-1.7195017337799072,-1.3182481527328491,1.2999855820089579,1.701239163056016,True,False,True,True
Beauty,A3E8XEJL3FQNCQ,audit,0015d7ad56cc0606681c3eef1829d5d73057168f2738db57adb8f926733091c7,3,1,5,0.0,0.0,0.0,0.0,0.0,0.0,False,False,True,True
Beauty,A3E8XEJL3FQNCQ,audit,0015d7ad56cc0606681c3eef1829d5d73057168f2738db57adb8f926733091c7,4,1,5,0.0,0.0,0.0,0.0,0.0,0.0,False,False,True,True
Beauty,A3E8XEJL3FQNCQ,audit,0015d7ad56cc0606681c3eef1829d5d73057168f2738db57adb8f926733091c7,5,1,5,0.0,0.0,0.0,0.0,0.0,0.0,False,False,True,True
Beauty,A3E8XEJL3FQNCQ,audit,0015d7ad56cc0606681c3eef1829d5d73057168f2738db57adb8f926733091c7,6,1,5,0.0,0.0,0.0,0.0,0.0,0.0,False,False,True,True
Beauty,A2I05FGBTCRRB8,audit,001cd6b30a86e055f48fbf85045ed61ca960dbbfbab062cc6f2b9b136cfd91d3,0,108,11,0.1111111111111111,-1.658245325088501,-1.1633899211883545,-2.681601047515869,1.0233557224273682,-0.4948554039001465,True,True,True,True
Beauty,A2I05FGBTCRRB8,audit,001cd6b30a86e055f48fbf85045ed61ca960dbbfbab062cc6f2b9b136cfd91d3,1,212,11,0.1111111111111111,-1.0517621040344238,-4.354534149169922,-4.054932594299316,3.0031704902648926,3.302772045135498,True,False,True,True
Beauty,A2I05FGBTCRRB8,audit,001cd6b30a86e055f48fbf85045ed61ca960dbbfbab062cc6f2b9b136cfd91d3,2,13,11,0.1111111111111111,-1.4676728248596191,-1.3466367721557617,-3.896028995513916,2.428356170654297,-0.12103605270385742,True,True,True,True
Beauty,A2I05FGBTCRRB8,audit,001cd6b30a86e055f48fbf85045ed61ca960dbbfbab062cc6f2b9b136cfd91d3,3,1,11,0.1111111111111111,0.0,0.0,0.0,0.0,0.0,False,False,True,True
Beauty,A2I05FGBTCRRB8,audit,001cd6b30a86e055f48fbf85045ed61ca960dbbfbab062cc6f2b9b136cfd91d3,4,1,11,0.1111111111111111,0.0,0.0,0.0,0.0,0.0,False,False,True,True
Beauty,A2I05FGBTCRRB8,audit,001cd6b30a86e055f48fbf85045ed61ca960dbbfbab062cc6f2b9b136cfd91d3,5,1,11,0.1111111111111111,0.0,0.0,0.0,0.0,0.0,False,False,True,True
Beauty,A2I05FGBTCRRB8,audit,001cd6b30a86e055f48fbf85045ed61ca960dbbfbab062cc6f2b9b136cfd91d3,6,1,11,0.1111111111111111,0.0,0.0,0.0,0.0,0.0,False,False,True,True
Beauty,A25B1UBD34HFW9,audit,002b54726c385bec36bb3e16c1f8495b9944f5aad18309a843f5a364fd81eb17,0,108,2,0.0,-3.369980812072754,-3.718458652496338,-3.3356878757476807,-0.03429293632507324,0.348477840423584,False,False,True,True
Beauty,A25B1UBD34HFW9,audit,002b54726c385bec36bb3e16c1f8495b9944f5aad18309a843f5a364fd81eb17,1,96,2,0.0,-9.286478042602539,-8.688164710998535,-9.903473854064941,0.6169958114624023,-0.5983133316040039,True,True,True,True
Beauty,A25B1UBD34HFW9,audit,002b54726c385bec36bb3e16c1f8495b9944f5aad18309a843f5a364fd81eb17,2,1,2,0.0,0.0,0.0,0.0,0.0,0.0,False,False,True,True
Beauty,A25B1UBD34HFW9,audit,002b54726c385bec36bb3e16c1f8495b9944f5aad18309a843f5a364fd81eb17,3,1,2,0.0,0.0,0.0,0.0,0.0,0.0,False,False,True,True
Beauty,A25B1UBD34HFW9,audit,002b54726c385bec36bb3e16c1f8495b9944f5aad18309a843f5a364fd81eb17,4,1,2,0.0,0.0,0.0,0.0,0.0,0.0,False,False,True,True
Beauty,A25B1UBD34HFW9,audit,002b54726c385bec36bb3e16c1f8495b9944f5aad18309a843f5a364fd81eb17,5,1,2,0.0,0.0,0.0,0.0,0.0,0.0,False,False,True,True
Beauty,A25B1UBD34HFW9,audit,002b54726c385bec36bb3e16c1f8495b9944f5aad18309a843f5a364fd81eb17,6,1,2,0.0,0.0,0.0,0.0,0.0,0.0,False,False,True,True
Beauty,A1433S6S7FBIWF,audit,00364a4afc2bd799d2176558f29b209e3bdb4032e79f97cdf52cf82fba69d105,0,108,6,0.0,-1.4178571701049805,-3.216630220413208,-2.939940929412842,1.5220837593078613,1.7987730503082275,True,False,True,True
Beauty,A1433S6S7FBIWF,audit,00364a4afc2bd799d2176558f29b209e3bdb4032e79f97cdf52cf82fba69d105,1,43,6,0.0,-6.294052582234144e-05,-11.256195068359375,-10.880148887634277,10.880085947108455,11.256132127833553,True,False,True,True
Beauty,A1433S6S7FBIWF,audit,00364a4afc2bd799d2176558f29b209e3bdb4032e79f97cdf52cf82fba69d105,2,1,6,0.0,0.0,0.0,0.0,0.0,0.0,False,False,True,True
Beauty,A1433S6S7FBIWF,audit,00364a4afc2bd799d2176558f29b209e3bdb4032e79f97cdf52cf82fba69d105,3,1,6,0.0,0.0,0.0,0.0,0.0,0.0,False,False,True,True
Beauty,A1433S6S7FBIWF,audit,00364a4afc2bd799d2176558f29b209e3bdb4032e79f97cdf52cf82fba69d105,4,1,6,0.0,0.0,0.0,0.0,0.0,0.0,False,False,True,True
Beauty,A1433S6S7FBIWF,audit,00364a4afc2bd799d2176558f29b209e3bdb4032e79f97cdf52cf82fba69d105,5,1,6,0.0,0.0,0.0,0.0,0.0,0.0,False,False,True,True
Beauty,A1433S6S7FBIWF,audit,00364a4afc2bd799d2176558f29b209e3bdb4032e79f97cdf52cf82fba69d105,6,1,6,0.0,0.0,0.0,0.0,0.0,0.0,False,False,True,True
Beauty,A2RBEQMBNZ325D,audit,00396c8a0342b36d26bdea93d73ab90e89ac7010268521505fa27589bde01c20,0,108,2,0.0,-4.973412990570068,-5.773859977722168,-4.4938130378723145,-0.4795999526977539,0.8004469871520996,False,False,True,True
Beauty,A2RBEQMBNZ325D,audit,00396c8a0342b36d26bdea93d73ab90e89ac7010268521505fa27589bde01c20,1,98,2,0.0,-0.36541828513145447,-0.5997164249420166,-1.0521937608718872,0.6867754757404327,0.23429813981056213,True,False,True,True
Beauty,A2RBEQMBNZ325D,audit,00396c8a0342b36d26bdea93d73ab90e89ac7010268521505fa27589bde01c20,2,25,2,0.0,-0.929620623588562,-1.3500466346740723,-1.053952693939209,0.12433207035064697,0.42042601108551025,True,False,True,True
Beauty,A2RBEQMBNZ325D,audit,00396c8a0342b36d26bdea93d73ab90e89ac7010268521505fa27589bde01c20,3,8,2,0.0,-0.6988399028778076,-0.9223116040229797,-0.6144070029258728,-0.08443289995193481,0.22347170114517212,False,False,True,True
Beauty,A2RBEQMBNZ325D,audit,00396c8a0342b36d26bdea93d73ab90e89ac7010268521505fa27589bde01c20,4,2,2,0.0,-0.0013721107970923185,-0.0007874249131418765,-0.00047267231275327504,-0.0008994384843390435,-0.0005846858839504421,False,False,True,True
Beauty,A2RBEQMBNZ325D,audit,00396c8a0342b36d26bdea93d73ab90e89ac7010268521505fa27589bde01c20,5,3,2,0.0,-0.011538084596395493,-0.0088355066254735,-0.010076368227601051,-0.0014617163687944412,-0.0027025779709219933,False,False,True,True
Beauty,A2RBEQMBNZ325D,audit,00396c8a0342b36d26bdea93d73ab90e89ac7010268521505fa27589bde01c20,6,3,2,0.0,-2.252364158630371,-2.5525307655334473,-2.881697654724121,0.62933349609375,0.30016660690307617,True,False,True,True
Beauty,AWQ0BSTELSI8R,audit,0051febd81a7761413ad7de35f05011b0396ac16e8d4e77f0e6e338d358d45cc,0,108,15,0.05263157894736842,-3.8918657302856445,-3.7215957641601562,-3.805136203765869,-0.08672952651977539,-0.17026996612548828,False,False,True,True
Beauty,AWQ0BSTELSI8R,audit,0051febd81a7761413ad7de35f05011b0396ac16e8d4e77f0e6e338d358d45cc,1,105,15,0.05263157894736842,-0.20668421685695648,-1.2092262506484985,-0.6070873141288757,0.40040309727191925,1.002542033791542,True,False,True,True
Beauty,AWQ0BSTELSI8R,audit,0051febd81a7761413ad7de35f05011b0396ac16e8d4e77f0e6e338d358d45cc,2,4,15,0.05263157894736842,-0.013660281896591187,-0.008191205561161041,-0.022924402728676796,0.00926412083208561,-0.005469076335430145,True,True,True,True
Beauty,AWQ0BSTELSI8R,audit,0051febd81a7761413ad7de35f05011b0396ac16e8d4e77f0e6e338d358d45cc,3,1,15,0.05263157894736842,0.0,0.0,0.0,0.0,0.0,False,False,True,True
Beauty,AWQ0BSTELSI8R,audit,0051febd81a7761413ad7de35f05011b0396ac16e8d4e77f0e6e338d358d45cc,4,1,15,0.05263157894736842,0.0,0.0,0.0,0.0,0.0,False,False,True,True
Beauty,AWQ0BSTELSI8R,audit,0051febd81a7761413ad7de35f05011b0396ac16e8d4e77f0e6e338d358d45cc,5,1,15,0.05263157894736842,0.0,0.0,0.0,0.0,0.0,False,False,True,True
Beauty,AWQ0BSTELSI8R,audit,0051febd81a7761413ad7de35f05011b0396ac16e8d4e77f0e6e338d358d45cc,6,1,15,0.05263157894736842,0.0,0.0,0.0,0.0,0.0,False,False,True,True
Beauty,A38482OTWSHQDG,audit,00520e401c0983cf1aa9f197199eb65e188d54d405e5fd968b2c3d6177b5fb69,0,108,3,0.0,-1.6274127960205078,-2.748267650604248,-2.6618752479553223,1.0344624519348145,1.1208548545837402,True,False,True,True
Beauty,A38482OTWSHQDG,audit,00520e401c0983cf1aa9f197199eb65e188d54d405e5fd968b2c3d6177b5fb69,1,82,3,0.0,-1.2095308303833008,-9.659616470336914,-9.761201858520508,8.551671028137207,8.450085639953613,True,False,True,True
Beauty,A38482OTWSHQDG,audit,00520e401c0983cf1aa9f197199eb65e188d54d405e5fd968b2c3d6177b5fb69,2,1,3,0.0,0.0,0.0,0.0,0.0,0.0,False,False,True,True
Beauty,A38482OTWSHQDG,audit,00520e401c0983cf1aa9f197199eb65e188d54d405e5fd968b2c3d6177b5fb69,3,1,3,0.0,0.0,0.0,0.0,0.0,0.0,False,False,True,True
Beauty,A38482OTWSHQDG,audit,00520e401c0983cf1aa9f197199eb65e188d54d405e5fd968b2c3d6177b5fb69,4,1,3,0.0,0.0,0.0,0.0,0.0,0.0,False,False,True,True
Beauty,A38482OTWSHQDG,audit,00520e401c0983cf1aa9f197199eb65e188d54d405e5fd968b2c3d6177b5fb69,5,1,3,0.0,0.0,0.0,0.0,0.0,0.0,False,False,True,True
Beauty,A38482OTWSHQDG,audit,00520e401c0983cf1aa9f197199eb65e188d54d405e5fd968b2c3d6177b5fb69,6,1,3,0.0,0.0,0.0,0.0,0.0,0.0,False,False,True,True
Beauty,A38482OTWSHQDG,audit,00520e401c0983cf1aa9f197199eb65e188d54d405e5fd968b2c3d6177b5fb69,7,2,3,0.0,-0.011287285946309566,-2.002535343170166,-2.1920886039733887,2.180801318027079,1.9912480572238564,True,False,True,True
Beauty,AYOHY9SL13PR6,audit,0069b4f81ba045d33f0dcfd03fddca3c7b1cd1393c7b10aba5416b1e2bec21d1,0,108,4,0.0,-2.8798398971557617,-0.7424969673156738,-2.786809206008911,-0.09303069114685059,-2.137342929840088,False,False,True,True
Beauty,AYOHY9SL13PR6,audit,0069b4f81ba045d33f0dcfd03fddca3c7b1cd1393c7b10aba5416b1e2bec21d1,1,118,4,0.0,-0.6211812496185303,-16.064109802246094,-5.319824695587158,4.698643445968628,15.442928552627563,True,False,True,True
Beauty,AYOHY9SL13PR6,audit,0069b4f81ba045d33f0dcfd03fddca3c7b1cd1393c7b10aba5416b1e2bec21d1,2,2,4,0.0,-1.1920928244535389e-07,-0.03897684067487717,-0.0022548031993210316,0.002254683990038586,0.03897672146559472,True,True,True,True
Beauty,AYOHY9SL13PR6,audit,0069b4f81ba045d33f0dcfd03fddca3c7b1cd1393c7b10aba5416b1e2bec21d1,3,1,4,0.0,0.0,0.0,0.0,0.0,0.0,False,False,True,True
Beauty,AYOHY9SL13PR6,audit,0069b4f81ba045d33f0dcfd03fddca3c7b1cd1393c7b10aba5416b1e2bec21d1,4,1,4,0.0,0.0,0.0,0.0,0.0,0.0,False,False,True,True
Beauty,AYOHY9SL13PR6,audit,0069b4f81ba045d33f0dcfd03fddca3c7b1cd1393c7b10aba5416b1e2bec21d1,5,1,4,0.0,0.0,0.0,0.0,0.0,0.0,False,False,True,True
Beauty,AYOHY9SL13PR6,audit,0069b4f81ba045d33f0dcfd03fddca3c7b1cd1393c7b10aba5416b1e2bec21d1,6,1,4,0.0,0.0,0.0,0.0,0.0,0.0,False,False,True,True
Beauty,AKHV4Z5GQIE3X,audit,007ad56a100881051a784ee081555a0b209e63b48d50764e762582e963f4eae1,0,108,20,0.0,-2.0362823009490967,-4.525455474853516,-3.6284189224243164,1.5921366214752197,2.489173173904419,True,False,True,True
Beauty,AKHV4Z5GQIE3X,audit,007ad56a100881051a784ee081555a0b209e63b48d50764e762582e963f4eae1,1,83,20,0.0,-2.3698322772979736,-10.928474426269531,-10.18757152557373,7.817739248275757,8.558642148971558,True,False,True,True
Beauty,AKHV4Z5GQIE3X,audit,007ad56a100881051a784ee081555a0b209e63b48d50764e762582e963f4eae1,2,1,20,0.0,0.0,0.0,0.0,0.0,0.0,False,False,True,True
Beauty,AKHV4Z5GQIE3X,audit,007ad56a100881051a784ee081555a0b209e63b48d50764e762582e963f4eae1,3,1,20,0.0,0.0,0.0,0.0,0.0,0.0,False,False,True,True
Beauty,AKHV4Z5GQIE3X,audit,007ad56a100881051a784ee081555a0b209e63b48d50764e762582e963f4eae1,4,1,20,0.0,0.0,0.0,0.0,0.0,0.0,False,False,True,True
Beauty,AKHV4Z5GQIE3X,audit,007ad56a100881051a784ee081555a0b209e63b48d50764e762582e963f4eae1,5,1,20,0.0,0.0,0.0,0.0,0.0,0.0,False,False,True,True
Beauty,AKHV4Z5GQIE3X,audit,007ad56a100881051a784ee081555a0b209e63b48d50764e762582e963f4eae1,6,1,20,0.0,0.0,0.0,0.0,0.0,0.0,False,False,True,True
Beauty,A1JF66B4IEGFYL,audit,007ba98e948881b77a9a50675a4162ad0af40986b9171dc2c26b467b5659290a,0,108,4,0.0,-3.643122434616089,-3.1639328002929688,-2.6540400981903076,-0.9890823364257812,-0.4791896343231201,False,False,True,True
Beauty,A1JF66B4IEGFYL,audit,007ba98e948881b77a9a50675a4162ad0af40986b9171dc2c26b467b5659290a,1,255,4,0.0,-1.826661467552185,-5.903157711029053,-3.7823901176452637,1.9557286500930786,4.076496243476868,True,False,True,True
Beauty,A1JF66B4IEGFYL,audit,007ba98e948881b77a9a50675a4162ad0af40986b9171dc2c26b467b5659290a,2,1,4,0.0,0.0,0.0,0.0,0.0,0.0,False,False,True,True
Beauty,A1JF66B4IEGFYL,audit,007ba98e948881b77a9a50675a4162ad0af40986b9171dc2c26b467b5659290a,3,1,4,0.0,0.0,0.0,0.0,0.0,0.0,False,False,True,True
Beauty,A1JF66B4IEGFYL,audit,007ba98e948881b77a9a50675a4162ad0af40986b9171dc2c26b467b5659290a,4,1,4,0.0,0.0,0.0,0.0,0.0,0.0,False,False,True,True
Beauty,A1JF66B4IEGFYL,audit,007ba98e948881b77a9a50675a4162ad0af40986b9171dc2c26b467b5659290a,5,1,4,0.0,0.0,0.0,0.0,0.0,0.0,False,False,True,True
Beauty,A1JF66B4IEGFYL,audit,007ba98e948881b77a9a50675a4162ad0af40986b9171dc2c26b467b5659290a,6,1,4,0.0,0.0,0.0,0.0,0.0,0.0,False,False,True,True
Beauty,A139OW7AEAY1YB,audit,0096c131b04e1b4a8e28f6c2ce7dcb4b07ef39b208c86cc2a400c61cccde87d1,0,108,4,0.0,-3.7029542922973633,-3.7920796871185303,-3.8558273315429688,0.15287303924560547,0.08912539482116699,True,True,True,True
Beauty,A139OW7AEAY1YB,audit,0096c131b04e1b4a8e28f6c2ce7dcb4b07ef39b208c86cc2a400c61cccde87d1,1,78,4,0.0,-4.07582950592041,-4.432061672210693,-4.309106349945068,0.2332768440246582,0.3562321662902832,True,False,True,True
Beauty,A139OW7AEAY1YB,audit,0096c131b04e1b4a8e28f6c2ce7dcb4b07ef39b208c86cc2a400c61cccde87d1,2,2,4,0.0,-0.00045658653834834695,-0.004989197477698326,-0.002998025855049491,0.002541439316701144,0.004532610939349979,True,True,True,True
Beauty,A139OW7AEAY1YB,audit,0096c131b04e1b4a8e28f6c2ce7dcb4b07ef39b208c86cc2a400c61cccde87d1,3,1,4,0.0,0.0,0.0,0.0,0.0,0.0,False,False,True,True
Beauty,A139OW7AEAY1YB,audit,0096c131b04e1b4a8e28f6c2ce7dcb4b07ef39b208c86cc2a400c61cccde87d1,4,1,4,0.0,0.0,0.0,0.0,0.0,0.0,False,False,True,True
Beauty,A139OW7AEAY1YB,audit,0096c131b04e1b4a8e28f6c2ce7dcb4b07ef39b208c86cc2a400c61cccde87d1,5,1,4,0.0,0.0,0.0,0.0,0.0,0.0,False,False,True,True
Beauty,A139OW7AEAY1YB,audit,0096c131b04e1b4a8e28f6c2ce7dcb4b07ef39b208c86cc2a400c61cccde87d1,6,1,4,0.0,0.0,0.0,0.0,0.0,0.0,False,False,True,True
Beauty,A1TAYL190CFJZ5,audit,00998de947853ff5ad132d6c6e0f8da984243c852c4213b91d2718aa808cd95f,0,108,4,0.0,-0.5863699913024902,-2.122098922729492,-0.8570596575737,0.2706896662712097,1.535728931427002,True,False,True,True
Beauty,A1TAYL190CFJZ5,audit,00998de947853ff5ad132d6c6e0f8da984243c852c4213b91d2718aa808cd95f,1,83,4,0.0,-1.198953628540039,-5.292427062988281,-3.920217990875244,2.721264362335205,4.093473434448242,True,False,True,True
Beauty,A1TAYL190CFJZ5,audit,00998de947853ff5ad132d6c6e0f8da984243c852c4213b91d2718aa808cd95f,2,1,4,0.0,0.0,0.0,0.0,0.0,0.0,False,False,True,True
Beauty,A1TAYL190CFJZ5,audit,00998de947853ff5ad132d6c6e0f8da984243c852c4213b91d2718aa808cd95f,3,1,4,0.0,0.0,0.0,0.0,0.0,0.0,False,False,True,True
Beauty,A1TAYL190CFJZ5,audit,00998de947853ff5ad132d6c6e0f8da984243c852c4213b91d2718aa808cd95f,4,1,4,0.0,0.0,0.0,0.0,0.0,0.0,False,False,True,True
Beauty,A1TAYL190CFJZ5,audit,00998de947853ff5ad132d6c6e0f8da984243c852c4213b91d2718aa808cd95f,5,1,4,0.0,0.0,0.0,0.0,0.0,0.0,False,False,True,True
Beauty,A1TAYL190CFJZ5,audit,00998de947853ff5ad132d6c6e0f8da984243c852c4213b91d2718aa808cd95f,6,1,4,0.0,0.0,0.0,0.0,0.0,0.0,False,False,True,True
Beauty,AGVV8D8J4IGRK,audit,00a4185f3c514cbea590f6be760eef113b72bb5aa13165a234d6e1eef30dad41,0,108,3,0.0,-2.894045352935791,-3.969015121459961,-4.381035804748535,1.4869904518127441,1.07496976852417,True,False,True,True
Beauty,AGVV8D8J4IGRK,audit,00a4185f3c514cbea590f6be760eef113b72bb5aa13165a234d6e1eef30dad41,1,110,3,0.0,-0.000610999355558306,-3.77827525138855,-4.007906436920166,4.007295437564608,3.7776642520329915,True,False,True,True
Beauty,AGVV8D8J4IGRK,audit,00a4185f3c514cbea590f6be760eef113b72bb5aa13165a234d6e1eef30dad41,2,2,3,0.0,0.0,-32.022621154785156,-32.759498596191406,32.759498596191406,32.022621154785156,True,False,True,True
Beauty,AGVV8D8J4IGRK,audit,00a4185f3c514cbea590f6be760eef113b72bb5aa13165a234d6e1eef30dad41,3,1,3,0.0,0.0,0.0,0.0,0.0,0.0,False,False,True,True
Beauty,AGVV8D8J4IGRK,audit,00a4185f3c514cbea590f6be760eef113b72bb5aa13165a234d6e1eef30dad41,4,1,3,0.0,0.0,0.0,0.0,0.0,0.0,False,False,True,True
Beauty,AGVV8D8J4IGRK,audit,00a4185f3c514cbea590f6be760eef113b72bb5aa13165a234d6e1eef30dad41,5,1,3,0.0,0.0,0.0,0.0,0.0,0.0,False,False,True,True
Beauty,AGVV8D8J4IGRK,audit,00a4185f3c514cbea590f6be760eef113b72bb5aa13165a234d6e1eef30dad41,6,1,3,0.0,0.0,0.0,0.0,0.0,0.0,False,False,True,True
Beauty,A6KIQ6TB3QAKR,audit,00c14ee942915c50f1353d953a4dab272ed6932f0af2477945f75101f69a1819,0,108,4,0.0,-0.373689740896225,-1.895085334777832,-0.9370310306549072,0.5633412897586823,1.521395593881607,True,False,True,True
Beauty,A6KIQ6TB3QAKR,audit,00c14ee942915c50f1353d953a4dab272ed6932f0af2477945f75101f69a1819,1,77,4,0.0,-0.028435492888092995,-1.547706127166748,-2.2453818321228027,2.2169463392347097,1.519270634278655,True,False,True,True
Beauty,A6KIQ6TB3QAKR,audit,00c14ee942915c50f1353d953a4dab272ed6932f0af2477945f75101f69a1819,2,1,4,0.0,0.0,0.0,0.0,0.0,0.0,False,False,True,True
Beauty,A6KIQ6TB3QAKR,audit,00c14ee942915c50f1353d953a4dab272ed6932f0af2477945f75101f69a1819,3,11,4,0.0,-2.3045456409454346,-4.319796562194824,-3.56626296043396,1.2617173194885254,2.0152509212493896,True,False,True,True
Beauty,A6KIQ6TB3QAKR,audit,00c14ee942915c50f1353d953a4dab272ed6932f0af2477945f75101f69a1819,4,1,4,0.0,0.0,0.0,0.0,0.0,0.0,False,False,True,True
Beauty,A6KIQ6TB3QAKR,audit,00c14ee942915c50f1353d953a4dab272ed6932f0af2477945f75101f69a1819,5,1,4,0.0,0.0,0.0,0.0,0.0,0.0,False,False,True,True
Beauty,A6KIQ6TB3QAKR,audit,00c14ee942915c50f1353d953a4dab272ed6932f0af2477945f75101f69a1819,6,1,4,0.0,0.0,0.0,0.0,0.0,0.0,False,False,True,True
Beauty,ADRQUBG5JSAQ3,audit,00c702641e79b35b339386c479e457244e45f8fac28e071679c2bf8673e7be8d,0,108,2,0.0,-1.4394632577896118,-4.757084846496582,-5.67083215713501,4.231368899345398,3.31762158870697,True,False,True,True
Beauty,ADRQUBG5JSAQ3,audit,00c702641e79b35b339386c479e457244e45f8fac28e071679c2bf8673e7be8d,1,104,2,0.0,-4.172316494077677e-06,-4.313208103179932,-5.007839679718018,5.0078355074015235,4.313203930863438,True,False,True,True
Beauty,ADRQUBG5JSAQ3,audit,00c702641e79b35b339386c479e457244e45f8fac28e071679c2bf8673e7be8d,2,6,2,0.0,0.0,-8.259751319885254,-7.797817230224609,7.797817230224609,8.259751319885254,True,False,True,True
Beauty,ADRQUBG5JSAQ3,audit,00c702641e79b35b339386c479e457244e45f8fac28e071679c2bf8673e7be8d,3,1,2,0.0,0.0,0.0,0.0,0.0,0.0,False,False,True,True
Beauty,ADRQUBG5JSAQ3,audit,00c702641e79b35b339386c479e457244e45f8fac28e071679c2bf8673e7be8d,4,1,2,0.0,0.0,0.0,0.0,0.0,0.0,False,False,True,True
Beauty,ADRQUBG5JSAQ3,audit,00c702641e79b35b339386c479e457244e45f8fac28e071679c2bf8673e7be8d,5,1,2,0.0,0.0,0.0,0.0,0.0,0.0,False,False,True,True
Beauty,ADRQUBG5JSAQ3,audit,00c702641e79b35b339386c479e457244e45f8fac28e071679c2bf8673e7be8d,6,1,2,0.0,0.0,0.0,0.0,0.0,0.0,False,False,True,True
Beauty,A2ESUFJ608CSTP,audit,00ec00b20b2a73054534f7a02448ae6b034573de87b001237ac32527ca3208cf,0,108,20,0.05263157894736842,-2.2621822357177734,-2.968801498413086,-2.344729423522949,0.08254718780517578,0.7066192626953125,True,False,True,True
Beauty,A2ESUFJ608CSTP,audit,00ec00b20b2a73054534f7a02448ae6b034573de87b001237ac32527ca3208cf,1,133,20,0.05263157894736842,-0.020503943786025047,-5.829516887664795,-5.283064842224121,5.262560898438096,5.80901294387877,True,False,True,True
Beauty,A2ESUFJ608CSTP,audit,00ec00b20b2a73054534f7a02448ae6b034573de87b001237ac32527ca3208cf,2,1,20,0.05263157894736842,0.0,0.0,0.0,0.0,0.0,False,False,True,True
Beauty,A2ESUFJ608CSTP,audit,00ec00b20b2a73054534f7a02448ae6b034573de87b001237ac32527ca3208cf,3,1,20,0.05263157894736842,0.0,0.0,0.0,0.0,0.0,False,False,True,True
Beauty,A2ESUFJ608CSTP,audit,00ec00b20b2a73054534f7a02448ae6b034573de87b001237ac32527ca3208cf,4,1,20,0.05263157894736842,0.0,0.0,0.0,0.0,0.0,False,False,True,True
Beauty,A2ESUFJ608CSTP,audit,00ec00b20b2a73054534f7a02448ae6b034573de87b001237ac32527ca3208cf,5,1,20,0.05263157894736842,0.0,0.0,0.0,0.0,0.0,False,False,True,True
Beauty,A2ESUFJ608CSTP,audit,00ec00b20b2a73054534f7a02448ae6b034573de87b001237ac32527ca3208cf,6,1,20,0.05263157894736842,0.0,0.0,0.0,0.0,0.0,False,False,True,True
Beauty,A1CDCZY6JQQUJ6,audit,01244e219b2f3217d297684383ffaad175f3dcdcf381fb405a76ec12a50bb53a,0,108,2,0.0,-1.2592267990112305,-4.317563056945801,-3.8569905757904053,2.597763776779175,3.0583362579345703,True,False,True,True
Beauty,A1CDCZY6JQQUJ6,audit,01244e219b2f3217d297684383ffaad175f3dcdcf381fb405a76ec12a50bb53a,1,151,2,0.0,-8.976056415122002e-05,-7.141350269317627,-5.941616058349609,5.941526297785458,7.141260508753476,True,False,True,True
Beauty,A1CDCZY6JQQUJ6,audit,01244e219b2f3217d297684383ffaad175f3dcdcf381fb405a76ec12a50bb53a,2,3,2,0.0,0.0,-21.37253189086914,-21.30560874938965,21.30560874938965,21.37253189086914,True,False,True,True
Beauty,A1CDCZY6JQQUJ6,audit,01244e219b2f3217d297684383ffaad175f3dcdcf381fb405a76ec12a50bb53a,3,1,2,0.0,0.0,0.0,0.0,0.0,0.0,False,False,True,True
Beauty,A1CDCZY6JQQUJ6,audit,01244e219b2f3217d297684383ffaad175f3dcdcf381fb405a76ec12a50bb53a,4,1,2,0.0,0.0,0.0,0.0,0.0,0.0,False,False,True,True
Beauty,A1CDCZY6JQQUJ6,audit,01244e219b2f3217d297684383ffaad175f3dcdcf381fb405a76ec12a50bb53a,5,1,2,0.0,0.0,0.0,0.0,0.0,0.0,False,False,True,True
Beauty,A1CDCZY6JQQUJ6,audit,01244e219b2f3217d297684383ffaad175f3dcdcf381fb405a76ec12a50bb53a,6,1,2,0.0,0.0,0.0,0.0,0.0,0.0,False,False,True,True
Beauty,A1NZM2O1PVXB1V,audit,014012bab517befed7a482f3c8a284429c2c425bb116816e5e24a163faff7833,0,108,2,0.17647058823529413,-0.9827351570129395,-1.1323741674423218,-0.8549785017967224,-0.12775665521621704,0.14963901042938232,False,False,True,True
Beauty,A1NZM2O1PVXB1V,audit,014012bab517befed7a482f3c8a284429c2c425bb116816e5e24a163faff7833,1,89,2,0.17647058823529413,-0.5030585527420044,-0.3225879371166229,-0.5382634997367859,0.035204946994781494,-0.18047061562538147,True,True,True,True
Beauty,A1NZM2O1PVXB1V,audit,014012bab517befed7a482f3c8a284429c2c425bb116816e5e24a163faff7833,2,5,2,0.17647058823529413,-1.4204692840576172,-1.1580088138580322,-1.388110876083374,-0.032358407974243164,-0.26246047019958496,False,False,True,True
Beauty,A1NZM2O1PVXB1V,audit,014012bab517befed7a482f3c8a284429c2c425bb116816e5e24a163faff7833,3,1,2,0.17647058823529413,0.0,0.0,0.0,0.0,0.0,False,False,True,True
Beauty,A1NZM2O1PVXB1V,audit,014012bab517befed7a482f3c8a284429c2c425bb116816e5e24a163faff7833,4,1,2,0.17647058823529413,0.0,0.0,0.0,0.0,0.0,False,False,True,True
Beauty,A1NZM2O1PVXB1V,audit,014012bab517befed7a482f3c8a284429c2c425bb116816e5e24a163faff7833,5,1,2,0.17647058823529413,0.0,0.0,0.0,0.0,0.0,False,False,True,True
Beauty,A1NZM2O1PVXB1V,audit,014012bab517befed7a482f3c8a284429c2c425bb116816e5e24a163faff7833,6,1,2,0.17647058823529413,0.0,0.0,0.0,0.0,0.0,False,False,True,True
Beauty,A2VANU076ALJL2,audit,0142ee60d55cf816292a60c796b3c8f82a2e1cc5b3ca57fb21a64a2643fab722,0,108,8,0.0,-0.2170170098543167,-3.550361156463623,-1.0603067874908447,0.843289777636528,3.3333441466093063,True,False,True,True
Beauty,A2VANU076ALJL2,audit,0142ee60d55cf816292a60c796b3c8f82a2e1cc5b3ca57fb21a64a2643fab722,1,112,8,0.0,-0.02178594283759594,-5.502390384674072,-2.6740849018096924,2.6522989589720964,5.480604441836476,True,False,True,True
Beauty,A2VANU076ALJL2,audit,0142ee60d55cf816292a60c796b3c8f82a2e1cc5b3ca57fb21a64a2643fab722,2,1,8,0.0,0.0,0.0,0.0,0.0,0.0,False,False,True,True
Beauty,A2VANU076ALJL2,audit,0142ee60d55cf816292a60c796b3c8f82a2e1cc5b3ca57fb21a64a2643fab722,3,6,8,0.0,-0.23029309511184692,-0.001320681651122868,-0.0003597089380491525,-0.22993338617379777,-0.22897241346072406,False,False,True,True
Beauty,A2VANU076ALJL2,audit,0142ee60d55cf816292a60c796b3c8f82a2e1cc5b3ca57fb21a64a2643fab722,4,1,8,0.0,0.0,0.0,0.0,0.0,0.0,False,False,True,True
Beauty,A2VANU076ALJL2,audit,0142ee60d55cf816292a60c796b3c8f82a2e1cc5b3ca57fb21a64a2643fab722,5,2,8,0.0,-0.2279677838087082,0.0,0.0,-0.2279677838087082,-0.2279677838087082,False,False,True,True
Beauty,A2VANU076ALJL2,audit,0142ee60d55cf816292a60c796b3c8f82a2e1cc5b3ca57fb21a64a2643fab722,6,2,8,0.0,-0.5870579481124878,-0.043677639216184616,-0.22116471827030182,-0.365893229842186,-0.5433803088963032,False,False,True,True
Beauty,A2VANU076ALJL2,audit,0142ee60d55cf816292a60c796b3c8f82a2e1cc5b3ca57fb21a64a2643fab722,7,3,8,0.0,-2.4185009002685547,-0.2968423068523407,-0.3229284882545471,-2.0955724120140076,-2.121658593416214,False,False,True,True
Beauty,A3VPCMAW4WY51J,audit,018794b373af787fce2d652f67038bc4abef5e22034a280f0da4576e2c251a25,0,108,7,0.0,-2.191648483276367,-4.398959636688232,-2.8728702068328857,0.6812217235565186,2.2073111534118652,True,False,True,True
Beauty,A3VPCMAW4WY51J,audit,018794b373af787fce2d652f67038bc4abef5e22034a280f0da4576e2c251a25,1,97,7,0.0,-0.0001820160250645131,-5.105319499969482,-3.7913293838500977,3.791147367825033,5.105137483944418,True,False,True,True
Beauty,A3VPCMAW4WY51J,audit,018794b373af787fce2d652f67038bc4abef5e22034a280f0da4576e2c251a25,2,1,7,0.0,0.0,0.0,0.0,0.0,0.0,False,False,True,True
Beauty,A3VPCMAW4WY51J,audit,018794b373af787fce2d652f67038bc4abef5e22034a280f0da4576e2c251a25,3,1,7,0.0,0.0,0.0,0.0,0.0,0.0,False,False,True,True
Beauty,A3VPCMAW4WY51J,audit,018794b373af787fce2d652f67038bc4abef5e22034a280f0da4576e2c251a25,4,1,7,0.0,0.0,0.0,0.0,0.0,0.0,False,False,True,True
Beauty,A3VPCMAW4WY51J,audit,018794b373af787fce2d652f67038bc4abef5e22034a280f0da4576e2c251a25,5,1,7,0.0,0.0,0.0,0.0,0.0,0.0,False,False,True,True
Beauty,A3VPCMAW4WY51J,audit,018794b373af787fce2d652f67038bc4abef5e22034a280f0da4576e2c251a25,6,1,7,0.0,0.0,0.0,0.0,0.0,0.0,False,False,True,True
Beauty,A3VPCMAW4WY51J,audit,018794b373af787fce2d652f67038bc4abef5e22034a280f0da4576e2c251a25,7,2,7,0.0,-0.004407928790897131,-1.5498708486557007,-1.0833985805511475,1.0789906517602503,1.5454629198648036,True,False,True,True
Beauty,A2CNZHKY4B0V8Z,audit,0195b4b2cf0ab2b49ec8ce6ebae6e1cd1eb6164f4195441758791342f7956563,0,108,2,0.0,-2.8975560665130615,-4.414646148681641,-3.958500385284424,1.0609443187713623,1.517090082168579,True,False,True,True
Beauty,A2CNZHKY4B0V8Z,audit,0195b4b2cf0ab2b49ec8ce6ebae6e1cd1eb6164f4195441758791342f7956563,1,59,2,0.0,-1.4833333492279053,-1.7693274021148682,-1.9741578102111816,0.49082446098327637,0.2859940528869629,True,False,True,True
Beauty,A2CNZHKY4B0V8Z,audit,0195b4b2cf0ab2b49ec8ce6ebae6e1cd1eb6164f4195441758791342f7956563,2,4,2,0.0,-0.019488289952278137,-0.05041617155075073,-0.03538522124290466,0.015896931290626526,0.030927881598472595,True,True,True,True
Beauty,A2CNZHKY4B0V8Z,audit,0195b4b2cf0ab2b49ec8ce6ebae6e1cd1eb6164f4195441758791342f7956563,3,1,2,0.0,0.0,0.0,0.0,0.0,0.0,False,False,True,True
Beauty,A2CNZHKY4B0V8Z,audit,0195b4b2cf0ab2b49ec8ce6ebae6e1cd1eb6164f4195441758791342f7956563,4,1,2,0.0,0.0,0.0,0.0,0.0,0.0,False,False,True,True
Beauty,A2CNZHKY4B0V8Z,audit,0195b4b2cf0ab2b49ec8ce6ebae6e1cd1eb6164f4195441758791342f7956563,5,1,2,0.0,0.0,0.0,0.0,0.0,0.0,False,False,True,True
Beauty,A2CNZHKY4B0V8Z,audit,0195b4b2cf0ab2b49ec8ce6ebae6e1cd1eb6164f4195441758791342f7956563,6,1,2,0.0,0.0,0.0,0.0,0.0,0.0,False,False,True,True
Beauty,AEKUVUHYGI1EG,audit,01a63da8312c20ed440b72d39da9f9740b8e1f89b0e71bc50d31ca8330a9a0f5,0,108,2,0.05263157894736842,-3.521812677383423,-4.68502950668335,-4.663044452667236,1.1412317752838135,1.1632168292999268,True,False,True,True
Beauty,AEKUVUHYGI1EG,audit,01a63da8312c20ed440b72d39da9f9740b8e1f89b0e71bc50d31ca8330a9a0f5,1,110,2,0.05263157894736842,-1.125579595565796,-1.3262403011322021,-1.1067731380462646,-0.01880645751953125,0.20066070556640625,False,False,True,True
Beauty,AEKUVUHYGI1EG,audit,01a63da8312c20ed440b72d39da9f9740b8e1f89b0e71bc50d31ca8330a9a0f5,2,5,2,0.05263157894736842,-0.05997535213828087,-0.24951080977916718,-0.10737362504005432,0.04739827290177345,0.1895354576408863,True,False,True,True
Beauty,AEKUVUHYGI1EG,audit,01a63da8312c20ed440b72d39da9f9740b8e1f89b0e71bc50d31ca8330a9a0f5,3,10,2,0.05263157894736842,-0.6570034027099609,-1.2228953838348389,-2.020272731781006,1.363269329071045,0.5658919811248779,True,False,True,True
Beauty,AEKUVUHYGI1EG,audit,01a63da8312c20ed440b72d39da9f9740b8e1f89b0e71bc50d31ca8330a9a0f5,4,1,2,0.05263157894736842,0.0,0.0,0.0,0.0,0.0,False,False,True,True
Beauty,AEKUVUHYGI1EG,audit,01a63da8312c20ed440b72d39da9f9740b8e1f89b0e71bc50d31ca8330a9a0f5,5,1,2,0.05263157894736842,0.0,0.0,0.0,0.0,0.0,False,False,True,True
Beauty,AEKUVUHYGI1EG,audit,01a63da8312c20ed440b72d39da9f9740b8e1f89b0e71bc50d31ca8330a9a0f5,6,1,2,0.05263157894736842,0.0,0.0,0.0,0.0,0.0,False,False,True,True
Beauty,A2L6DRC25ZMAF7,audit,01bb4755645982eb419e0b394cd0af019f25b855c99684668d63f40530ed366a,0,108,3,0.0,-2.4756131172180176,-3.468512773513794,-3.5630152225494385,1.087402105331421,0.9928996562957764,True,False,True,True
Beauty,A2L6DRC25ZMAF7,audit,01bb4755645982eb419e0b394cd0af019f25b855c99684668d63f40530ed366a,1,212,3,0.0,-3.944031000137329,-3.485612630844116,-3.7976579666137695,-0.14637303352355957,-0.4584183692932129,False,False,True,True
Beauty,A2L6DRC25ZMAF7,audit,01bb4755645982eb419e0b394cd0af019f25b855c99684668d63f40530ed366a,2,2,3,0.0,0.0,0.0,0.0,0.0,0.0,False,False,True,True
Beauty,A2L6DRC25ZMAF7,audit,01bb4755645982eb419e0b394cd0af019f25b855c99684668d63f40530ed366a,3,1,3,0.0,0.0,0.0,0.0,0.0,0.0,False,False,True,True
Beauty,A2L6DRC25ZMAF7,audit,01bb4755645982eb419e0b394cd0af019f25b855c99684668d63f40530ed366a,4,1,3,0.0,0.0,0.0,0.0,0.0,0.0,False,False,True,True
Beauty,A2L6DRC25ZMAF7,audit,01bb4755645982eb419e0b394cd0af019f25b855c99684668d63f40530ed366a,5,1,3,0.0,0.0,0.0,0.0,0.0,0.0,False,False,True,True
Beauty,A2L6DRC25ZMAF7,audit,01bb4755645982eb419e0b394cd0af019f25b855c99684668d63f40530ed366a,6,1,3,0.0,0.0,0.0,0.0,0.0,0.0,False,False,True,True
Beauty,A2H97KJ8EOOIFS,audit,01c65fc3fb00306a0d66cd4ea21725fb45609afcc12e598dee7c7fff9676168f,0,108,5,0.0,-5.164730072021484,-5.465683937072754,-5.467054843902588,0.3023247718811035,0.30095386505126953,True,False,True,True
Beauty,A2H97KJ8EOOIFS,audit,01c65fc3fb00306a0d66cd4ea21725fb45609afcc12e598dee7c7fff9676168f,1,83,5,0.0,-1.7842798233032227,-3.687408447265625,-2.7799277305603027,0.9956479072570801,1.9031286239624023,True,False,True,True
Beauty,A2H97KJ8EOOIFS,audit,01c65fc3fb00306a0d66cd4ea21725fb45609afcc12e598dee7c7fff9676168f,2,1,5,0.0,0.0,0.0,0.0,0.0,0.0,False,False,True,True
Beauty,A2H97KJ8EOOIFS,audit,01c65fc3fb00306a0d66cd4ea21725fb45609afcc12e598dee7c7fff9676168f,3,1,5,0.0,0.0,0.0,0.0,0.0,0.0,False,False,True,True
Beauty,A2H97KJ8EOOIFS,audit,01c65fc3fb00306a0d66cd4ea21725fb45609afcc12e598dee7c7fff9676168f,4,1,5,0.0,0.0,0.0,0.0,0.0,0.0,False,False,True,True
Beauty,A2H97KJ8EOOIFS,audit,01c65fc3fb00306a0d66cd4ea21725fb45609afcc12e598dee7c7fff9676168f,5,1,5,0.0,0.0,0.0,0.0,0.0,0.0,False,False,True,True
Beauty,A2H97KJ8EOOIFS,audit,01c65fc3fb00306a0d66cd4ea21725fb45609afcc12e598dee7c7fff9676168f,6,1,5,0.0,0.0,0.0,0.0,0.0,0.0,False,False,True,True
Beauty,APE2YW9D1JPP7,audit,01e5b0a6e1a06eda7f69e14d7a9b04768a32c24a0185ea1d46c3636a7065bd84,0,108,17,0.1111111111111111,-2.6675076484680176,-3.769256830215454,-2.928438186645508,0.26093053817749023,1.1017491817474365,True,False,True,True
Beauty,APE2YW9D1JPP7,audit,01e5b0a6e1a06eda7f69e14d7a9b04768a32c24a0185ea1d46c3636a7065bd84,1,104,17,0.1111111111111111,-0.009381613694131374,-2.4055213928222656,-3.7172536849975586,3.707872071303427,2.3961397791281343,True,False,True,True
Beauty,APE2YW9D1JPP7,audit,01e5b0a6e1a06eda7f69e14d7a9b04768a32c24a0185ea1d46c3636a7065bd84,2,4,17,0.1111111111111111,-0.6025211811065674,-0.7369964122772217,-1.0320663452148438,0.42954516410827637,0.1344752311706543,True,False,True,True
Beauty,APE2YW9D1JPP7,audit,01e5b0a6e1a06eda7f69e14d7a9b04768a32c24a0185ea1d46c3636a7065bd84,3,1,17,0.1111111111111111,0.0,0.0,0.0,0.0,0.0,False,False,True,True
Beauty,APE2YW9D1JPP7,audit,01e5b0a6e1a06eda7f69e14d7a9b04768a32c24a0185ea1d46c3636a7065bd84,4,1,17,0.1111111111111111,0.0,0.0,0.0,0.0,0.0,False,False,True,True
Beauty,APE2YW9D1JPP7,audit,01e5b0a6e1a06eda7f69e14d7a9b04768a32c24a0185ea1d46c3636a7065bd84,5,1,17,0.1111111111111111,0.0,0.0,0.0,0.0,0.0,False,False,True,True
Beauty,APE2YW9D1JPP7,audit,01e5b0a6e1a06eda7f69e14d7a9b04768a32c24a0185ea1d46c3636a7065bd84,6,1,17,0.1111111111111111,0.0,0.0,0.0,0.0,0.0,False,False,True,True
Beauty,A2XBIBAWCHVP2M,audit,01f2f750047ad58b313fe03f2057edae0d49c72d8b65a7cd21f49e30a8876fc3,0,108,6,0.0,-3.9839534759521484,-6.8127007484436035,-6.779364585876465,2.7954111099243164,2.828747272491455,True,False,True,True
Beauty,A2XBIBAWCHVP2M,audit,01f2f750047ad58b313fe03f2057edae0d49c72d8b65a7cd21f49e30a8876fc3,1,12,6,0.0,-1.7881233361549675e-05,-3.5234158039093018,-4.235490322113037,4.235472440879676,3.52339792267594,True,False,True,True
Beauty,A2XBIBAWCHVP2M,audit,01f2f750047ad58b313fe03f2057edae0d49c72d8b65a7cd21f49e30a8876fc3,2,3,6,0.0,0.0,-0.9960454702377319,-0.5504717826843262,0.5504717826843262,0.9960454702377319,True,False,True,True
Beauty,A2XBIBAWCHVP2M,audit,01f2f750047ad58b313fe03f2057edae0d49c72d8b65a7cd21f49e30a8876fc3,3,1,6,0.0,0.0,0.0,0.0,0.0,0.0,False,False,True,True
Beauty,A2XBIBAWCHVP2M,audit,01f2f750047ad58b313fe03f2057edae0d49c72d8b65a7cd21f49e30a8876fc3,4,1,6,0.0,0.0,0.0,0.0,0.0,0.0,False,False,True,True
Beauty,A2XBIBAWCHVP2M,audit,01f2f750047ad58b313fe03f2057edae0d49c72d8b65a7cd21f49e30a8876fc3,5,1,6,0.0,0.0,0.0,0.0,0.0,0.0,False,False,True,True
Beauty,A2XBIBAWCHVP2M,audit,01f2f750047ad58b313fe03f2057edae0d49c72d8b65a7cd21f49e30a8876fc3,6,1,6,0.0,0.0,0.0,0.0,0.0,0.0,False,False,True,True
Beauty,A32OXKI3ZLYDE2,audit,01fe6004476e772dc18ded5025d89bdea6dd454994ad2d976e49bf0ca1c6c7a2,0,108,3,0.0,-4.702478885650635,-4.536693572998047,-4.465730667114258,-0.23674821853637695,-0.1657853126525879,False,False,True,True
Beauty,A32OXKI3ZLYDE2,audit,01fe6004476e772dc18ded5025d89bdea6dd454994ad2d976e49bf0ca1c6c7a2,1,75,3,0.0,-1.0534125566482544,-1.8400275707244873,-1.7307621240615845,0.6773495674133301,0.7866150140762329,True,False,True,True
Beauty,A32OXKI3ZLYDE2,audit,01fe6004476e772dc18ded5025d89bdea6dd454994ad2d976e49bf0ca1c6c7a2,2,4,3,0.0,-0.6786842346191406,-1.1746857166290283,-0.5211708545684814,-0.15751338005065918,0.4960014820098877,False,False,True,True
Beauty,A32OXKI3ZLYDE2,audit,01fe6004476e772dc18ded5025d89bdea6dd454994ad2d976e49bf0ca1c6c7a2,3,2,3,0.0,-0.15232539176940918,-0.10430815070867538,-0.08723004162311554,-0.06509535014629364,-0.048017241060733795,False,False,True,True
Beauty,A32OXKI3ZLYDE2,audit,01fe6004476e772dc18ded5025d89bdea6dd454994ad2d976e49bf0ca1c6c7a2,4,1,3,0.0,0.0,0.0,0.0,0.0,0.0,False,False,True,True
Beauty,A32OXKI3ZLYDE2,audit,01fe6004476e772dc18ded5025d89bdea6dd454994ad2d976e49bf0ca1c6c7a2,5,1,3,0.0,0.0,0.0,0.0,0.0,0.0,False,False,True,True
Beauty,A32OXKI3ZLYDE2,audit,01fe6004476e772dc18ded5025d89bdea6dd454994ad2d976e49bf0ca1c6c7a2,6,1,3,0.0,0.0,0.0,0.0,0.0,0.0,False,False,True,True
Beauty,A37CVTDBQXA321,audit,01fe7e5d0db3649f13263286c5c00d205ab4705d77233566aa173b275bafb626,0,108,6,0.0,-1.337052822113037,-6.77239465713501,-5.570777416229248,4.233724594116211,5.435341835021973,True,False,True,True
Beauty,A37CVTDBQXA321,audit,01fe7e5d0db3649f13263286c5c00d205ab4705d77233566aa173b275bafb626,1,27,6,0.0,-0.06506582349538803,-5.616125583648682,-5.40573787689209,5.340672053396702,5.551059760153294,True,False,True,True
Beauty,A37CVTDBQXA321,audit,01fe7e5d0db3649f13263286c5c00d205ab4705d77233566aa173b275bafb626,2,4,6,0.0,-3.135155202471651e-05,-23.200958251953125,-22.770166397094727,22.770135045542702,23.2009269004011,True,False,True,True
Beauty,A37CVTDBQXA321,audit,01fe7e5d0db3649f13263286c5c00d205ab4705d77233566aa173b275bafb626,3,1,6,0.0,0.0,0.0,0.0,0.0,0.0,False,False,True,True
Beauty,A37CVTDBQXA321,audit,01fe7e5d0db3649f13263286c5c00d205ab4705d77233566aa173b275bafb626,4,1,6,0.0,0.0,0.0,0.0,0.0,0.0,False,False,True,True
Beauty,A37CVTDBQXA321,audit,01fe7e5d0db3649f13263286c5c00d205ab4705d77233566aa173b275bafb626,5,1,6,0.0,0.0,0.0,0.0,0.0,0.0,False,False,True,True
Beauty,A37CVTDBQXA321,audit,01fe7e5d0db3649f13263286c5c00d205ab4705d77233566aa173b275bafb626,6,1,6,0.0,0.0,0.0,0.0,0.0,0.0,False,False,True,True
Beauty,A3LPQD03MQACQ0,audit,022cba6f4df16cbf4d043a84a0f7f23e8141bc5d98e77e0dddd0cf05735388a5,0,108,3,0.0,-0.1868009716272354,-1.7241181135177612,-0.34238266944885254,0.15558169782161713,1.5373171418905258,True,False,True,True
Beauty,A3LPQD03MQACQ0,audit,022cba6f4df16cbf4d043a84a0f7f23e8141bc5d98e77e0dddd0cf05735388a5,1,83,3,0.0,-0.26610106229782104,-1.6833523511886597,-1.7199461460113525,1.4538450837135315,1.4172512888908386,True,False,True,True
Beauty,A3LPQD03MQACQ0,audit,022cba6f4df16cbf4d043a84a0f7f23e8141bc5d98e77e0dddd0cf05735388a5,2,3,3,0.0,-0.6846072673797607,-1.1546717882156372,-0.4817887544631958,-0.20281851291656494,0.47006452083587646,False,False,True,True
Beauty,A3LPQD03MQACQ0,audit,022cba6f4df16cbf4d043a84a0f7f23e8141bc5d98e77e0dddd0cf05735388a5,3,3,3,0.0,-0.02340453304350376,-3.6522035598754883,-5.273775100708008,5.250370567664504,3.6287990268319845,True,False,True,True
Beauty,A3LPQD03MQACQ0,audit,022cba6f4df16cbf4d043a84a0f7f23e8141bc5d98e77e0dddd0cf05735388a5,4,1,3,0.0,0.0,0.0,0.0,0.0,0.0,False,False,True,True
Beauty,A3LPQD03MQACQ0,audit,022cba6f4df16cbf4d043a84a0f7f23e8141bc5d98e77e0dddd0cf05735388a5,5,1,3,0.0,0.0,0.0,0.0,0.0,0.0,False,False,True,True
Beauty,A3LPQD03MQACQ0,audit,022cba6f4df16cbf4d043a84a0f7f23e8141bc5d98e77e0dddd0cf05735388a5,6,3,3,0.0,-1.1920928244535389e-07,-4.447188377380371,-1.929595947265625,1.9295958280563426,4.447188258171089,True,False,True,True
Beauty,A3LPQD03MQACQ0,audit,022cba6f4df16cbf4d043a84a0f7f23e8141bc5d98e77e0dddd0cf05735388a5,7,2,3,0.0,-0.04144397750496864,-0.8650383353233337,-1.092800498008728,1.0513565205037594,0.8235943578183651,True,False,True,True
Beauty,A289MTI85RQMZ9,audit,023d9cda6ad01c95032cc23ad6fb9007a0c445cee18c70401fb31a6751535d16,0,108,3,0.0,-0.8304920196533203,-6.252452850341797,-5.403875350952148,4.573383331298828,5.421960830688477,True,False,True,True
Beauty,A289MTI85RQMZ9,audit,023d9cda6ad01c95032cc23ad6fb9007a0c445cee18c70401fb31a6751535d16,1,7,3,0.0,-0.0010486110113561153,-1.0938462018966675,-1.4282276630401611,1.427179052028805,1.0927975908853114,True,False,True,True
Beauty,A289MTI85RQMZ9,audit,023d9cda6ad01c95032cc23ad6fb9007a0c445cee18c70401fb31a6751535d16,2,5,3,0.0,-3.576278118089249e-07,-0.42026808857917786,-0.7530402541160583,0.7530398964882465,0.42026773095136605,True,False,True,True
Beauty,A289MTI85RQMZ9,audit,023d9cda6ad01c95032cc23ad6fb9007a0c445cee18c70401fb31a6751535d16,3,4,3,0.0,0.0,-5.893232345581055,-4.506529331207275,4.506529331207275,5.893232345581055,True,False,True,True
Beauty,A289MTI85RQMZ9,audit,023d9cda6ad01c95032cc23ad6fb9007a0c445cee18c70401fb31a6751535d16,4,1,3,0.0,0.0,0.0,0.0,0.0,0.0,False,False,True,True
Beauty,A289MTI85RQMZ9,audit,023d9cda6ad01c95032cc23ad6fb9007a0c445cee18c70401fb31a6751535d16,5,1,3,0.0,0.0,0.0,0.0,0.0,0.0,False,False,True,True
Beauty,A289MTI85RQMZ9,audit,023d9cda6ad01c95032cc23ad6fb9007a0c445cee18c70401fb31a6751535d16,6,1,3,0.0,0.0,0.0,0.0,0.0,0.0,False,False,True,True
Beauty,A1SHMBPL32HWKB,audit,023efbdfa007ee06e4fd5d89c883f04a0e7f00fee94e87e8956cc8971112a46b,0,108,2,0.0,-6.5258259773254395,-6.0540771484375,-5.890860080718994,-0.6349658966064453,-0.47174882888793945,False,False,True,True
Beauty,A1SHMBPL32HWKB,audit,023efbdfa007ee06e4fd5d89c883f04a0e7f00fee94e87e8956cc8971112a46b,1,59,2,0.0,-3.9418463706970215,-3.4487833976745605,-3.771998405456543,-0.16984796524047852,-0.49306297302246094,False,False,True,True
Beauty,A1SHMBPL32HWKB,audit,023efbdfa007ee06e4fd5d89c883f04a0e7f00fee94e87e8956cc8971112a46b,2,2,2,0.0,-0.356415331363678,-1.3302252292633057,-1.114863634109497,0.7584483027458191,0.9738098978996277,True,False,True,True
Beauty,A1SHMBPL32HWKB,audit,023efbdfa007ee06e4fd5d89c883f04a0e7f00fee94e87e8956cc8971112a46b,3,1,2,0.0,0.0,0.0,0.0,0.0,0.0,False,False,True,True
Beauty,A1SHMBPL32HWKB,audit,023efbdfa007ee06e4fd5d89c883f04a0e7f00fee94e87e8956cc8971112a46b,4,1,2,0.0,0.0,0.0,0.0,0.0,0.0,False,False,True,True
Beauty,A1SHMBPL32HWKB,audit,023efbdfa007ee06e4fd5d89c883f04a0e7f00fee94e87e8956cc8971112a46b,5,1,2,0.0,0.0,0.0,0.0,0.0,0.0,False,False,True,True
Beauty,A1SHMBPL32HWKB,audit,023efbdfa007ee06e4fd5d89c883f04a0e7f00fee94e87e8956cc8971112a46b,6,1,2,0.0,0.0,0.0,0.0,0.0,0.0,False,False,True,True
Beauty,A10BK26EN1YSZT,audit,024600b28edee6663816660a9987965b0fb2ab6f8a10d0b7f3de0a85077165e8,0,108,2,0.0,-4.182365417480469,-3.969785213470459,-4.875735759735107,0.6933703422546387,-0.21258020401000977,True,True,True,True
Beauty,A10BK26EN1YSZT,audit,024600b28edee6663816660a9987965b0fb2ab6f8a10d0b7f3de0a85077165e8,1,96,2,0.0,-0.012482140213251114,-6.416116714477539,-5.440670013427734,5.428187873214483,6.403634574264288,True,False,True,True
Beauty,A10BK26EN1YSZT,audit,024600b28edee6663816660a9987965b0fb2ab6f8a10d0b7f3de0a85077165e8,2,2,2,0.0,0.0,-0.2186558097600937,-0.33685293793678284,0.33685293793678284,0.2186558097600937,True,False,True,True
Beauty,A10BK26EN1YSZT,audit,024600b28edee6663816660a9987965b0fb2ab6f8a10d0b7f3de0a85077165e8,3,1,2,0.0,0.0,0.0,0.0,0.0,0.0,False,False,True,True
Beauty,A10BK26EN1YSZT,audit,024600b28edee6663816660a9987965b0fb2ab6f8a10d0b7f3de0a85077165e8,4,1,2,0.0,0.0,0.0,0.0,0.0,0.0,False,False,True,True
Beauty,A10BK26EN1YSZT,audit,024600b28edee6663816660a9987965b0fb2ab6f8a10d0b7f3de0a85077165e8,5,1,2,0.0,0.0,0.0,0.0,0.0,0.0,False,False,True,True
Beauty,A10BK26EN1YSZT,audit,024600b28edee6663816660a9987965b0fb2ab6f8a10d0b7f3de0a85077165e8,6,1,2,0.0,0.0,0.0,0.0,0.0,0.0,False,False,True,True
Beauty,A314SDYGMKZ1AG,audit,024cdb3b0533c29d960e371e39ec45f901215efd2efee17d99b92201d3a2a740,0,108,2,0.0,-1.9934983253479004,-3.5425384044647217,-2.264254331588745,0.2707560062408447,1.5490400791168213,True,False,True,True
Beauty,A314SDYGMKZ1AG,audit,024cdb3b0533c29d960e371e39ec45f901215efd2efee17d99b92201d3a2a740,1,89,2,0.0,-9.124157905578613,-6.263886451721191,-7.02630090713501,-2.0978569984436035,-2.860271453857422,False,False,True,True
Beauty,A314SDYGMKZ1AG,audit,024cdb3b0533c29d960e371e39ec45f901215efd2efee17d99b92201d3a2a740,2,1,2,0.0,0.0,0.0,0.0,0.0,0.0,False,False,True,True
Beauty,A314SDYGMKZ1AG,audit,024cdb3b0533c29d960e371e39ec45f901215efd2efee17d99b92201d3a2a740,3,1,2,0.0,0.0,0.0,0.0,0.0,0.0,False,False,True,True
Beauty,A314SDYGMKZ1AG,audit,024cdb3b0533c29d960e371e39ec45f901215efd2efee17d99b92201d3a2a740,4,1,2,0.0,0.0,0.0,0.0,0.0,0.0,False,False,True,True
Beauty,A314SDYGMKZ1AG,audit,024cdb3b0533c29d960e371e39ec45f901215efd2efee17d99b92201d3a2a740,5,1,2,0.0,0.0,0.0,0.0,0.0,0.0,False,False,True,True
Beauty,A314SDYGMKZ1AG,audit,024cdb3b0533c29d960e371e39ec45f901215efd2efee17d99b92201d3a2a740,6,1,2,0.0,0.0,0.0,0.0,0.0,0.0,False,False,True,True
Beauty,A2Z18AWX19K8IG,audit,026b024b8b8267055c0f13979981f90851c440fef5b20888b53ad35d6f0ceff9,0,108,13,0.05263157894736842,-1.7860527038574219,-2.2599825859069824,-1.6019104719161987,-0.18414223194122314,0.47392988204956055,False,False,True,True
Beauty,A2Z18AWX19K8IG,audit,026b024b8b8267055c0f13979981f90851c440fef5b20888b53ad35d6f0ceff9,1,255,13,0.05263157894736842,-0.39073994755744934,-3.870084762573242,-3.431441307067871,3.0407013595104218,3.479344815015793,True,False,True,True
Beauty,A2Z18AWX19K8IG,audit,026b024b8b8267055c0f13979981f90851c440fef5b20888b53ad35d6f0ceff9,2,2,13,0.05263157894736842,-0.0016189813613891602,-1.3344486951828003,-1.6123045682907104,1.6106855869293213,1.3328297138214111,True,False,True,True
Beauty,A2Z18AWX19K8IG,audit,026b024b8b8267055c0f13979981f90851c440fef5b20888b53ad35d6f0ceff9,3,1,13,0.05263157894736842,0.0,0.0,0.0,0.0,0.0,False,False,True,True
Beauty,A2Z18AWX19K8IG,audit,026b024b8b8267055c0f13979981f90851c440fef5b20888b53ad35d6f0ceff9,4,1,13,0.05263157894736842,0.0,0.0,0.0,0.0,0.0,False,False,True,True
Beauty,A2Z18AWX19K8IG,audit,026b024b8b8267055c0f13979981f90851c440fef5b20888b53ad35d6f0ceff9,5,1,13,0.05263157894736842,0.0,0.0,0.0,0.0,0.0,False,False,True,True
Beauty,A2Z18AWX19K8IG,audit,026b024b8b8267055c0f13979981f90851c440fef5b20888b53ad35d6f0ceff9,6,1,13,0.05263157894736842,0.0,0.0,0.0,0.0,0.0,False,False,True,True
Beauty,A32RIYD6SL2N6Q,audit,02814c299c9390f41b9700386c3d288f1a19653e5a17320e67dc8eeb5010ec3a,0,108,2,0.0,-6.3182692527771,-4.677654266357422,-4.763326644897461,-1.5549426078796387,-1.6406149864196777,False,False,True,True
Beauty,A32RIYD6SL2N6Q,audit,02814c299c9390f41b9700386c3d288f1a19653e5a17320e67dc8eeb5010ec3a,1,59,2,0.0,-4.719738960266113,-5.830616474151611,-5.094836711883545,0.37509775161743164,1.110877513885498,True,False,True,True
Beauty,A32RIYD6SL2N6Q,audit,02814c299c9390f41b9700386c3d288f1a19653e5a17320e67dc8eeb5010ec3a,2,1,2,0.0,0.0,0.0,0.0,0.0,0.0,False,False,True,True
Beauty,A32RIYD6SL2N6Q,audit,02814c299c9390f41b9700386c3d288f1a19653e5a17320e67dc8eeb5010ec3a,3,1,2,0.0,0.0,0.0,0.0,0.0,0.0,False,False,True,True
Beauty,A32RIYD6SL2N6Q,audit,02814c299c9390f41b9700386c3d288f1a19653e5a17320e67dc8eeb5010ec3a,4,1,2,0.0,0.0,0.0,0.0,0.0,0.0,False,False,True,True
Beauty,A32RIYD6SL2N6Q,audit,02814c299c9390f41b9700386c3d288f1a19653e5a17320e67dc8eeb5010ec3a,5,1,2,0.0,0.0,0.0,0.0,0.0,0.0,False,False,True,True
Beauty,A32RIYD6SL2N6Q,audit,02814c299c9390f41b9700386c3d288f1a19653e5a17320e67dc8eeb5010ec3a,6,1,2,0.0,0.0,0.0,0.0,0.0,0.0,False,False,True,True
Beauty,A6QG9LM5WL0AQ,audit,028a7e7d35256f0f71b0ff9633036e6c16ee401c90a92072ee0d13384bc2a70a,0,108,20,0.17647058823529413,-2.9753873348236084,-2.9812135696411133,-5.482885360717773,2.507498025894165,0.005826234817504883,True,True,True,True
Beauty,A6QG9LM5WL0AQ,audit,028a7e7d35256f0f71b0ff9633036e6c16ee401c90a92072ee0d13384bc2a70a,1,87,20,0.17647058823529413,-3.657789468765259,-5.953570365905762,-5.724754333496094,2.066964864730835,2.295780897140503,True,False,True,True
Beauty,A6QG9LM5WL0AQ,audit,028a7e7d35256f0f71b0ff9633036e6c16ee401c90a92072ee0d13384bc2a70a,2,3,20,0.17647058823529413,0.0,-0.10529092699289322,-4.796186447143555,4.796186447143555,0.10529092699289322,True,False,True,True
Beauty,A6QG9LM5WL0AQ,audit,028a7e7d35256f0f71b0ff9633036e6c16ee401c90a92072ee0d13384bc2a70a,3,3,20,0.17647058823529413,0.0,-0.3399939239025116,-0.052691541612148285,0.052691541612148285,0.3399939239025116,True,False,True,True
Beauty,A6QG9LM5WL0AQ,audit,028a7e7d35256f0f71b0ff9633036e6c16ee401c90a92072ee0d13384bc2a70a,4,1,20,0.17647058823529413,0.0,0.0,0.0,0.0,0.0,False,False,True,True
Beauty,A6QG9LM5WL0AQ,audit,028a7e7d35256f0f71b0ff9633036e6c16ee401c90a92072ee0d13384bc2a70a,5,1,20,0.17647058823529413,0.0,0.0,0.0,0.0,0.0,False,False,True,True
Beauty,A6QG9LM5WL0AQ,audit,028a7e7d35256f0f71b0ff9633036e6c16ee401c90a92072ee0d13384bc2a70a,6,1,20,0.17647058823529413,0.0,0.0,0.0,0.0,0.0,False,False,True,True
Beauty,A2V47ER9JADG56,audit,028afc54867d9994b718b3f5221c7c98bcaeb24d42a17e7284ac38b5d1e6cb83,0,108,3,0.0,-0.6296167373657227,-4.847613334655762,-3.9940502643585205,3.364433526992798,4.217996597290039,True,False,True,True
Beauty,A2V47ER9JADG56,audit,028afc54867d9994b718b3f5221c7c98bcaeb24d42a17e7284ac38b5d1e6cb83,1,89,3,0.0,-6.9141146923357155e-06,-12.317117691040039,-12.474315643310547,12.474308729195855,12.317110776925347,True,False,True,True
Beauty,A2V47ER9JADG56,audit,028afc54867d9994b718b3f5221c7c98bcaeb24d42a17e7284ac38b5d1e6cb83,2,1,3,0.0,0.0,0.0,0.0,0.0,0.0,False,False,True,True
Beauty,A2V47ER9JADG56,audit,028afc54867d9994b718b3f5221c7c98bcaeb24d42a17e7284ac38b5d1e6cb83,3,1,3,0.0,0.0,0.0,0.0,0.0,0.0,False,False,True,True
Beauty,A2V47ER9JADG56,audit,028afc54867d9994b718b3f5221c7c98bcaeb24d42a17e7284ac38b5d1e6cb83,4,1,3,0.0,0.0,0.0,0.0,0.0,0.0,False,False,True,True
Beauty,A2V47ER9JADG56,audit,028afc54867d9994b718b3f5221c7c98bcaeb24d42a17e7284ac38b5d1e6cb83,5,1,3,0.0,0.0,0.0,0.0,0.0,0.0,False,False,True,True
Beauty,A2V47ER9JADG56,audit,028afc54867d9994b718b3f5221c7c98bcaeb24d42a17e7284ac38b5d1e6cb83,6,1,3,0.0,0.0,0.0,0.0,0.0,0.0,False,False,True,True
Beauty,A2ZNKQSEOV44E2,audit,028c86300b05258ddb9cb48af3e95bae4591d29217b88b5fa0fde9899915d0de,0,108,3,0.0,-4.516449928283691,-5.239423751831055,-4.999289512634277,0.48283958435058594,0.7229738235473633,True,False,True,True
Beauty,A2ZNKQSEOV44E2,audit,028c86300b05258ddb9cb48af3e95bae4591d29217b88b5fa0fde9899915d0de,1,64,3,0.0,-3.1803364753723145,-2.3993759155273438,-2.8125202655792236,-0.3678162097930908,-0.7809605598449707,False,False,True,True
Beauty,A2ZNKQSEOV44E2,audit,028c86300b05258ddb9cb48af3e95bae4591d29217b88b5fa0fde9899915d0de,2,2,3,0.0,-2.726731300354004,-4.0073466300964355,-4.024429798126221,1.2976984977722168,1.2806153297424316,True,False,True,True
Beauty,A2ZNKQSEOV44E2,audit,028c86300b05258ddb9cb48af3e95bae4591d29217b88b5fa0fde9899915d0de,3,1,3,0.0,0.0,0.0,0.0,0.0,0.0,False,False,True,True
Beauty,A2ZNKQSEOV44E2,audit,028c86300b05258ddb9cb48af3e95bae4591d29217b88b5fa0fde9899915d0de,4,1,3,0.0,0.0,0.0,0.0,0.0,0.0,False,False,True,True
Beauty,A2ZNKQSEOV44E2,audit,028c86300b05258ddb9cb48af3e95bae4591d29217b88b5fa0fde9899915d0de,5,1,3,0.0,0.0,0.0,0.0,0.0,0.0,False,False,True,True
Beauty,A2ZNKQSEOV44E2,audit,028c86300b05258ddb9cb48af3e95bae4591d29217b88b5fa0fde9899915d0de,6,1,3,0.0,0.0,0.0,0.0,0.0,0.0,False,False,True,True
Beauty,A2PA3LDXNDL8WJ,audit,02bc0540d03ffdd53121327f919afe7b38952f35c13125ec6f3cbaf9d000257d,0,108,2,0.0,-4.692737579345703,-4.976408004760742,-4.722530841827393,0.029793262481689453,0.28367042541503906,True,False,True,True
Beauty,A2PA3LDXNDL8WJ,audit,02bc0540d03ffdd53121327f919afe7b38952f35c13125ec6f3cbaf9d000257d,1,42,2,0.0,-1.3845351934432983,-1.2956998348236084,-0.97109454870224,-0.41344064474105835,-0.08883535861968994,False,False,True,True
Beauty,A2PA3LDXNDL8WJ,audit,02bc0540d03ffdd53121327f919afe7b38952f35c13125ec6f3cbaf9d000257d,2,9,2,0.0,-1.1987078189849854,-1.4916927814483643,-0.5540134906768799,-0.6446943283081055,0.2929849624633789,False,False,True,True
Beauty,A2PA3LDXNDL8WJ,audit,02bc0540d03ffdd53121327f919afe7b38952f35c13125ec6f3cbaf9d000257d,3,1,2,0.0,0.0,0.0,0.0,0.0,0.0,False,False,True,True
Beauty,A2PA3LDXNDL8WJ,audit,02bc0540d03ffdd53121327f919afe7b38952f35c13125ec6f3cbaf9d000257d,4,1,2,0.0,0.0,0.0,0.0,0.0,0.0,False,False,True,True
Beauty,A2PA3LDXNDL8WJ,audit,02bc0540d03ffdd53121327f919afe7b38952f35c13125ec6f3cbaf9d000257d,5,1,2,0.0,0.0,0.0,0.0,0.0,0.0,False,False,True,True
Beauty,A2PA3LDXNDL8WJ,audit,02bc0540d03ffdd53121327f919afe7b38952f35c13125ec6f3cbaf9d000257d,6,1,2,0.0,0.0,0.0,0.0,0.0,0.0,False,False,True,True
Beauty,AKTQ4E4MLDGO6,audit,02bc4baaea0e61fa805c533023520f9d8068770fb6f7095512fe70508cbc7a37,0,108,2,0.0,-5.506380558013916,-3.9127559661865234,-5.472902297973633,-0.0334782600402832,-1.5936245918273926,False,False,True,True
Beauty,AKTQ4E4MLDGO6,audit,02bc4baaea0e61fa805c533023520f9d8068770fb6f7095512fe70508cbc7a37,1,83,2,0.0,-1.65735924243927,-2.2879586219787598,-2.185734510421753,0.5283752679824829,0.6305993795394897,True,False,True,True
Beauty,AKTQ4E4MLDGO6,audit,02bc4baaea0e61fa805c533023520f9d8068770fb6f7095512fe70508cbc7a37,2,2,2,0.0,-0.02314644306898117,-0.03854255750775337,-0.049719858914613724,0.026573415845632553,0.015396114438772202,True,True,True,True
Beauty,AKTQ4E4MLDGO6,audit,02bc4baaea0e61fa805c533023520f9d8068770fb6f7095512fe70508cbc7a37,3,1,2,0.0,0.0,0.0,0.0,0.0,0.0,False,False,True,True
Beauty,AKTQ4E4MLDGO6,audit,02bc4baaea0e61fa805c533023520f9d8068770fb6f7095512fe70508cbc7a37,4,1,2,0.0,0.0,0.0,0.0,0.0,0.0,False,False,True,True
Beauty,AKTQ4E4MLDGO6,audit,02bc4baaea0e61fa805c533023520f9d8068770fb6f7095512fe70508cbc7a37,5,1,2,0.0,0.0,0.0,0.0,0.0,0.0,False,False,True,True
Beauty,AKTQ4E4MLDGO6,audit,02bc4baaea0e61fa805c533023520f9d8068770fb6f7095512fe70508cbc7a37,6,1,2,0.0,0.0,0.0,0.0,0.0,0.0,False,False,True,True
Beauty,A2BCDZO1XQLDH,audit,02cc295070bfd58bec50a6106c0c3ca97fe2b90b33a402855ec074ae1804ce33,0,108,9,0.0,-1.5312139987945557,-2.452242374420166,-2.892056703567505,1.3608427047729492,0.9210283756256104,True,False,True,True
Beauty,A2BCDZO1XQLDH,audit,02cc295070bfd58bec50a6106c0c3ca97fe2b90b33a402855ec074ae1804ce33,1,96,9,0.0,-0.004296358674764633,-3.147244453430176,-2.4970037937164307,2.492707435041666,3.142948094755411,True,False,True,True
Beauty,A2BCDZO1XQLDH,audit,02cc295070bfd58bec50a6106c0c3ca97fe2b90b33a402855ec074ae1804ce33,2,2,9,0.0,-3.933898824470816e-06,-0.09601350873708725,-0.10398901253938675,0.10398507864056228,0.09600957483826278,True,True,True,True
Beauty,A2BCDZO1XQLDH,audit,02cc295070bfd58bec50a6106c0c3ca97fe2b90b33a402855ec074ae1804ce33,3,8,9,0.0,-2.90866428258596e-05,-1.9411449432373047,-2.1945641040802,2.1945350174373743,1.9411158565944788,True,False,True,True
Beauty,A2BCDZO1XQLDH,audit,02cc295070bfd58bec50a6106c0c3ca97fe2b90b33a402855ec074ae1804ce33,4,1,9,0.0,0.0,0.0,0.0,0.0,0.0,False,False,True,True
Beauty,A2BCDZO1XQLDH,audit,02cc295070bfd58bec50a6106c0c3ca97fe2b90b33a402855ec074ae1804ce33,5,1,9,0.0,0.0,0.0,0.0,0.0,0.0,False,False,True,True
Beauty,A2BCDZO1XQLDH,audit,02cc295070bfd58bec50a6106c0c3ca97fe2b90b33a402855ec074ae1804ce33,6,1,9,0.0,0.0,0.0,0.0,0.0,0.0,False,False,True,True
Beauty,ABOPZNPPED7IT,audit,02d26f0b3ca596f69adf76985e767484cb79e5b5dcfa366598429c90d0c908ad,0,108,4,0.0,-0.22955018281936646,-1.4470643997192383,-1.193798303604126,0.9642481207847595,1.2175142168998718,True,False,True,True
Beauty,ABOPZNPPED7IT,audit,02d26f0b3ca596f69adf76985e767484cb79e5b5dcfa366598429c90d0c908ad,1,82,4,0.0,-6.321167945861816,-6.285773754119873,-6.190372467041016,-0.13079547882080078,-0.03539419174194336,False,False,True,True
Beauty,ABOPZNPPED7IT,audit,02d26f0b3ca596f69adf76985e767484cb79e5b5dcfa366598429c90d0c908ad,2,1,4,0.0,0.0,0.0,0.0,0.0,0.0,False,False,True,True
Beauty,ABOPZNPPED7IT,audit,02d26f0b3ca596f69adf76985e767484cb79e5b5dcfa366598429c90d0c908ad,3,1,4,0.0,0.0,0.0,0.0,0.0,0.0,False,False,True,True
Beauty,ABOPZNPPED7IT,audit,02d26f0b3ca596f69adf76985e767484cb79e5b5dcfa366598429c90d0c908ad,4,1,4,0.0,0.0,0.0,0.0,0.0,0.0,False,False,True,True
Beauty,ABOPZNPPED7IT,audit,02d26f0b3ca596f69adf76985e767484cb79e5b5dcfa366598429c90d0c908ad,5,1,4,0.0,0.0,0.0,0.0,0.0,0.0,False,False,True,True
Beauty,ABOPZNPPED7IT,audit,02d26f0b3ca596f69adf76985e767484cb79e5b5dcfa366598429c90d0c908ad,6,1,4,0.0,0.0,0.0,0.0,0.0,0.0,False,False,True,True
Beauty,A1SJHMTUJOG8H9,audit,02f1f38921da9f82dc8c51edbcf54bb28f26ba56719592f492d86c9b0210bead,0,108,2,0.0,-5.65717077255249,-4.643991470336914,-4.460427284240723,-1.1967434883117676,-1.0131793022155762,False,False,True,True
Beauty,A1SJHMTUJOG8H9,audit,02f1f38921da9f82dc8c51edbcf54bb28f26ba56719592f492d86c9b0210bead,1,48,2,0.0,-3.024834632873535,-3.362691640853882,-3.955402374267578,0.930567741394043,0.3378570079803467,True,False,True,True
Beauty,A1SJHMTUJOG8H9,audit,02f1f38921da9f82dc8c51edbcf54bb28f26ba56719592f492d86c9b0210bead,2,1,2,0.0,0.0,0.0,0.0,0.0,0.0,False,False,True,True
Beauty,A1SJHMTUJOG8H9,audit,02f1f38921da9f82dc8c51edbcf54bb28f26ba56719592f492d86c9b0210bead,3,2,2,0.0,-0.6398853063583374,-2.483760356903076,-1.9821666479110718,1.3422813415527344,1.8438750505447388,True,False,True,True
Beauty,A1SJHMTUJOG8H9,audit,02f1f38921da9f82dc8c51edbcf54bb28f26ba56719592f492d86c9b0210bead,4,1,2,0.0,0.0,0.0,0.0,0.0,0.0,False,False,True,True
Beauty,A1SJHMTUJOG8H9,audit,02f1f38921da9f82dc8c51edbcf54bb28f26ba56719592f492d86c9b0210bead,5,1,2,0.0,0.0,0.0,0.0,0.0,0.0,False,False,True,True
Beauty,A1SJHMTUJOG8H9,audit,02f1f38921da9f82dc8c51edbcf54bb28f26ba56719592f492d86c9b0210bead,6,1,2,0.0,0.0,0.0,0.0,0.0,0.0,False,False,True,True
Beauty,AQ80LJNDLVZPG,audit,0306bf3d303c0807a6ca40080a4f887bcb1a15271a5f059324930ae66f5f336a,0,108,6,0.0,-2.0814452171325684,-2.2633445262908936,-3.3283519744873047,1.2469067573547363,0.1818993091583252,True,False,True,True
Beauty,AQ80LJNDLVZPG,audit,0306bf3d303c0807a6ca40080a4f887bcb1a15271a5f059324930ae66f5f336a,1,89,6,0.0,-6.031404972076416,-10.197031021118164,-5.367255687713623,-0.664149284362793,4.165626049041748,False,False,True,True
Beauty,AQ80LJNDLVZPG,audit,0306bf3d303c0807a6ca40080a4f887bcb1a15271a5f059324930ae66f5f336a,2,2,6,0.0,-0.00573015445843339,-0.018001044169068336,-0.010280747897922993,0.004550593439489603,0.012270889710634947,True,True,True,True
Beauty,AQ80LJNDLVZPG,audit,0306bf3d303c0807a6ca40080a4f887bcb1a15271a5f059324930ae66f5f336a,3,1,6,0.0,0.0,0.0,0.0,0.0,0.0,False,False,True,True
Beauty,AQ80LJNDLVZPG,audit,0306bf3d303c0807a6ca40080a4f887bcb1a15271a5f059324930ae66f5f336a,4,1,6,0.0,0.0,0.0,0.0,0.0,0.0,False,False,True,True
Beauty,AQ80LJNDLVZPG,audit,0306bf3d303c0807a6ca40080a4f887bcb1a15271a5f059324930ae66f5f336a,5,1,6,0.0,0.0,0.0,0.0,0.0,0.0,False,False,True,True
Beauty,AQ80LJNDLVZPG,audit,0306bf3d303c0807a6ca40080a4f887bcb1a15271a5f059324930ae66f5f336a,6,1,6,0.0,0.0,0.0,0.0,0.0,0.0,False,False,True,True
Beauty,A1LA4K5JF78BER,audit,03254747cb2501108f73d60c8e767abc059381a196f441149973126e666fe632,0,108,2,0.0,-2.5174126625061035,-4.699088096618652,-2.9928925037384033,0.4754798412322998,2.181675434112549,True,False,True,True
Beauty,A1LA4K5JF78BER,audit,03254747cb2501108f73d60c8e767abc059381a196f441149973126e666fe632,1,96,2,0.0,-0.9654143452644348,-3.167276382446289,-2.681217670440674,1.715803325176239,2.2018620371818542,True,False,True,True
Beauty,A1LA4K5JF78BER,audit,03254747cb2501108f73d60c8e767abc059381a196f441149973126e666fe632,2,2,2,0.0,-0.00014375607133843005,-0.11071117967367172,-0.056615199893713,0.05647144382237457,0.11056742360233329,True,False,True,True
Beauty,A1LA4K5JF78BER,audit,03254747cb2501108f73d60c8e767abc059381a196f441149973126e666fe632,3,1,2,0.0,0.0,0.0,0.0,0.0,0.0,False,False,True,True
Beauty,A1LA4K5JF78BER,audit,03254747cb2501108f73d60c8e767abc059381a196f441149973126e666fe632,4,1,2,0.0,0.0,0.0,0.0,0.0,0.0,False,False,True,True
Beauty,A1LA4K5JF78BER,audit,03254747cb2501108f73d60c8e767abc059381a196f441149973126e666fe632,5,1,2,0.0,0.0,0.0,0.0,0.0,0.0,False,False,True,True
Beauty,A1LA4K5JF78BER,audit,03254747cb2501108f73d60c8e767abc059381a196f441149973126e666fe632,6,1,2,0.0,0.0,0.0,0.0,0.0,0.0,False,False,True,True
Beauty,A2TB4KQYQ764IA,audit,033f54cb355473530456ccfe4d42dd46dfc23ea2b4f764a9e0fedfac93da0127,0,108,3,0.0,-0.5024827122688293,-2.617081642150879,-1.4128139019012451,0.9103311896324158,2.1145989298820496,True,False,True,True
Beauty,A2TB4KQYQ764IA,audit,033f54cb355473530456ccfe4d42dd46dfc23ea2b4f764a9e0fedfac93da0127,1,133,3,0.0,-0.03947499394416809,-2.3911192417144775,-1.0013878345489502,0.9619128406047821,2.3516442477703094,True,False,True,True
Beauty,A2TB4KQYQ764IA,audit,033f54cb355473530456ccfe4d42dd46dfc23ea2b4f764a9e0fedfac93da0127,2,3,3,0.0,-0.6939477324485779,-2.1911816596984863,-1.3445053100585938,0.6505575776100159,1.4972339272499084,True,False,True,True
Beauty,A2TB4KQYQ764IA,audit,033f54cb355473530456ccfe4d42dd46dfc23ea2b4f764a9e0fedfac93da0127,3,5,3,0.0,-0.4745526611804962,-0.6668972969055176,-0.2985808253288269,-0.1759718358516693,0.19234463572502136,False,False,True,True
Beauty,A2TB4KQYQ764IA,audit,033f54cb355473530456ccfe4d42dd46dfc23ea2b4f764a9e0fedfac93da0127,4,1,3,0.0,0.0,0.0,0.0,0.0,0.0,False,False,True,True
Beauty,A2TB4KQYQ764IA,audit,033f54cb355473530456ccfe4d42dd46dfc23ea2b4f764a9e0fedfac93da0127,5,1,3,0.0,0.0,0.0,0.0,0.0,0.0,False,False,True,True
Beauty,A2TB4KQYQ764IA,audit,033f54cb355473530456ccfe4d42dd46dfc23ea2b4f764a9e0fedfac93da0127,6,1,3,0.0,0.0,0.0,0.0,0.0,0.0,False,False,True,True
Beauty,AB094YABX21WQ,audit,0369c6fa6b717bb11327048de950968929112492d369b8e5a57f09256116cab1,0,108,4,0.0,-0.9934757947921753,-1.5532480478286743,-0.3263958692550659,-0.6670799255371094,0.559772253036499,False,False,True,True
Beauty,AB094YABX21WQ,audit,0369c6fa6b717bb11327048de950968929112492d369b8e5a57f09256116cab1,1,212,4,0.0,-2.5618338584899902,-4.2169365882873535,-4.026891708374023,1.4650578498840332,1.6551027297973633,True,False,True,True
Beauty,AB094YABX21WQ,audit,0369c6fa6b717bb11327048de950968929112492d369b8e5a57f09256116cab1,2,13,4,0.0,-8.324275970458984,-10.883052825927734,-10.260444641113281,1.9361686706542969,2.55877685546875,True,False,True,True
Beauty,AB094YABX21WQ,audit,0369c6fa6b717bb11327048de950968929112492d369b8e5a57f09256116cab1,3,1,4,0.0,0.0,0.0,0.0,0.0,0.0,False,False,True,True
Beauty,AB094YABX21WQ,audit,0369c6fa6b717bb11327048de950968929112492d369b8e5a57f09256116cab1,4,1,4,0.0,0.0,0.0,0.0,0.0,0.0,False,False,True,True
Beauty,AB094YABX21WQ,audit,0369c6fa6b717bb11327048de950968929112492d369b8e5a57f09256116cab1,5,1,4,0.0,0.0,0.0,0.0,0.0,0.0,False,False,True,True
Beauty,AB094YABX21WQ,audit,0369c6fa6b717bb11327048de950968929112492d369b8e5a57f09256116cab1,6,1,4,0.0,0.0,0.0,0.0,0.0,0.0,False,False,True,True
Beauty,A30C8PVT0SMKH1,audit,0369ed4f4d95cd26106fa7c81147b0bcfed617df25c3173ca9224b5b029c0757,0,108,4,0.0,-5.421551704406738,-6.111891746520996,-6.292044639587402,0.8704929351806641,0.6903400421142578,True,False,True,True
Beauty,A30C8PVT0SMKH1,audit,0369ed4f4d95cd26106fa7c81147b0bcfed617df25c3173ca9224b5b029c0757,1,14,4,0.0,-4.973167896270752,-6.923111915588379,-7.778965950012207,2.805798053741455,1.949944019317627,True,False,True,True
Beauty,A30C8PVT0SMKH1,audit,0369ed4f4d95cd26106fa7c81147b0bcfed617df25c3173ca9224b5b029c0757,2,1,4,0.0,0.0,0.0,0.0,0.0,0.0,False,False,True,True
Beauty,A30C8PVT0SMKH1,audit,0369ed4f4d95cd26106fa7c81147b0bcfed617df25c3173ca9224b5b029c0757,3,1,4,0.0,0.0,0.0,0.0,0.0,0.0,False,False,True,True
Beauty,A30C8PVT0SMKH1,audit,0369ed4f4d95cd26106fa7c81147b0bcfed617df25c3173ca9224b5b029c0757,4,1,4,0.0,0.0,0.0,0.0,0.0,0.0,False,False,True,True
Beauty,A30C8PVT0SMKH1,audit,0369ed4f4d95cd26106fa7c81147b0bcfed617df25c3173ca9224b5b029c0757,5,1,4,0.0,0.0,0.0,0.0,0.0,0.0,False,False,True,True
Beauty,A30C8PVT0SMKH1,audit,0369ed4f4d95cd26106fa7c81147b0bcfed617df25c3173ca9224b5b029c0757,6,1,4,0.0,0.0,0.0,0.0,0.0,0.0,False,False,True,True
Beauty,AJ6VKCIUBG37C,audit,0382cd70262c49909e9ee29981e6b8d7e329e079eafe477c4212f61203f61ee6,0,108,2,0.0,-3.108283042907715,-3.6255345344543457,-3.6017608642578125,0.49347782135009766,0.5172514915466309,True,False,True,True
Beauty,AJ6VKCIUBG37C,audit,0382cd70262c49909e9ee29981e6b8d7e329e079eafe477c4212f61203f61ee6,1,69,2,0.0,-0.05326678231358528,-3.1007652282714844,-3.3412857055664062,3.288018923252821,3.047498445957899,True,False,True,True
Beauty,AJ6VKCIUBG37C,audit,0382cd70262c49909e9ee29981e6b8d7e329e079eafe477c4212f61203f61ee6,2,3,2,0.0,0.0,-1.9692254066467285,-1.9710924625396729,1.9710924625396729,1.9692254066467285,True,False,True,True
Beauty,AJ6VKCIUBG37C,audit,0382cd70262c49909e9ee29981e6b8d7e329e079eafe477c4212f61203f61ee6,3,1,2,0.0,0.0,0.0,0.0,0.0,0.0,False,False,True,True
Beauty,AJ6VKCIUBG37C,audit,0382cd70262c49909e9ee29981e6b8d7e329e079eafe477c4212f61203f61ee6,4,1,2,0.0,0.0,0.0,0.0,0.0,0.0,False,False,True,True
Beauty,AJ6VKCIUBG37C,audit,0382cd70262c49909e9ee29981e6b8d7e329e079eafe477c4212f61203f61ee6,5,1,2,0.0,0.0,0.0,0.0,0.0,0.0,False,False,True,True
Beauty,AJ6VKCIUBG37C,audit,0382cd70262c49909e9ee29981e6b8d7e329e079eafe477c4212f61203f61ee6,6,1,2,0.0,0.0,0.0,0.0,0.0,0.0,False,False,True,True
Beauty,A3E512UIQ0KUV8,audit,0386f8ce6eb08720332cf1fadc5596a11d22fffaac5d0fb27b12594ebc65bf3d,0,108,3,0.0,-2.5235984325408936,-3.842846393585205,-4.480676651000977,1.957078218460083,1.3192479610443115,True,False,True,True
Beauty,A3E512UIQ0KUV8,audit,0386f8ce6eb08720332cf1fadc5596a11d22fffaac5d0fb27b12594ebc65bf3d,1,142,3,0.0,-9.560128091834486e-05,-3.6990857124328613,-4.026534080505371,4.026438479224453,3.698990111151943,True,False,True,True
Beauty,A3E512UIQ0KUV8,audit,0386f8ce6eb08720332cf1fadc5596a11d22fffaac5d0fb27b12594ebc65bf3d,2,6,3,0.0,0.0,-0.49884670972824097,-0.49013853073120117,0.49013853073120117,0.49884670972824097,True,False,True,True
Beauty,A3E512UIQ0KUV8,audit,0386f8ce6eb08720332cf1fadc5596a11d22fffaac5d0fb27b12594ebc65bf3d,3,4,3,0.0,0.0,-0.445873886346817,-0.13258981704711914,0.13258981704711914,0.445873886346817,True,False,True,True
Beauty,A3E512UIQ0KUV8,audit,0386f8ce6eb08720332cf1fadc5596a11d22fffaac5d0fb27b12594ebc65bf3d,4,1,3,0.0,0.0,0.0,0.0,0.0,0.0,False,False,True,True
Beauty,A3E512UIQ0KUV8,audit,0386f8ce6eb08720332cf1fadc5596a11d22fffaac5d0fb27b12594ebc65bf3d,5,1,3,0.0,0.0,0.0,0.0,0.0,0.0,False,False,True,True
Beauty,A3E512UIQ0KUV8,audit,0386f8ce6eb08720332cf1fadc5596a11d22fffaac5d0fb27b12594ebc65bf3d,6,1,3,0.0,0.0,0.0,0.0,0.0,0.0,False,False,True,True
Beauty,ALRLK68MD1OH0,audit,038f6c6fdb632032447b476d396ecd2fed28ea78767b68a2dbb0042f424cb805,0,108,3,0.1111111111111111,-7.147727966308594,-8.065256118774414,-6.396644592285156,-0.7510833740234375,0.9175281524658203,False,False,True,True
Beauty,ALRLK68MD1OH0,audit,038f6c6fdb632032447b476d396ecd2fed28ea78767b68a2dbb0042f424cb805,1,22,3,0.1111111111111111,-1.255163550376892,-3.3209853172302246,-0.7879093885421753,-0.4672541618347168,2.0658217668533325,False,False,True,True
Beauty,ALRLK68MD1OH0,audit,038f6c6fdb632032447b476d396ecd2fed28ea78767b68a2dbb0042f424cb805,2,2,3,0.1111111111111111,-0.002049847040325403,-0.004705902189016342,-0.004711597226560116,0.0026617501862347126,0.002656055148690939,True,True,True,True
Beauty,ALRLK68MD1OH0,audit,038f6c6fdb632032447b476d396ecd2fed28ea78767b68a2dbb0042f424cb805,3,1,3,0.1111111111111111,0.0,0.0,0.0,0.0,0.0,False,False,True,True
Beauty,ALRLK68MD1OH0,audit,038f6c6fdb632032447b476d396ecd2fed28ea78767b68a2dbb0042f424cb805,4,1,3,0.1111111111111111,0.0,0.0,0.0,0.0,0.0,False,False,True,True
Beauty,ALRLK68MD1OH0,audit,038f6c6fdb632032447b476d396ecd2fed28ea78767b68a2dbb0042f424cb805,5,1,3,0.1111111111111111,0.0,0.0,0.0,0.0,0.0,False,False,True,True
Beauty,ALRLK68MD1OH0,audit,038f6c6fdb632032447b476d396ecd2fed28ea78767b68a2dbb0042f424cb805,6,1,3,0.1111111111111111,0.0,0.0,0.0,0.0,0.0,False,False,True,True
Beauty,AWI9DWK2XPLJ3,audit,0391e7281bd6ec1cb409e6fc01ea03f19d21bfbc0c7ed0bfad882116f17de6ac,0,108,2,0.0,-3.968212127685547,-3.412111282348633,-3.7851970195770264,-0.1830151081085205,-0.5561008453369141,False,False,True,True
Beauty,AWI9DWK2XPLJ3,audit,0391e7281bd6ec1cb409e6fc01ea03f19d21bfbc0c7ed0bfad882116f17de6ac,1,255,2,0.0,-5.002006530761719,-6.105958938598633,-5.869133949279785,0.8671274185180664,1.103952407836914,True,False,True,True
Beauty,AWI9DWK2XPLJ3,audit,0391e7281bd6ec1cb409e6fc01ea03f19d21bfbc0c7ed0bfad882116f17de6ac,2,1,2,0.0,0.0,0.0,0.0,0.0,0.0,False,False,True,True
Beauty,AWI9DWK2XPLJ3,audit,0391e7281bd6ec1cb409e6fc01ea03f19d21bfbc0c7ed0bfad882116f17de6ac,3,1,2,0.0,0.0,0.0,0.0,0.0,0.0,False,False,True,True
Beauty,AWI9DWK2XPLJ3,audit,0391e7281bd6ec1cb409e6fc01ea03f19d21bfbc0c7ed0bfad882116f17de6ac,4,1,2,0.0,0.0,0.0,0.0,0.0,0.0,False,False,True,True
Beauty,AWI9DWK2XPLJ3,audit,0391e7281bd6ec1cb409e6fc01ea03f19d21bfbc0c7ed0bfad882116f17de6ac,5,1,2,0.0,0.0,0.0,0.0,0.0,0.0,False,False,True,True
Beauty,AWI9DWK2XPLJ3,audit,0391e7281bd6ec1cb409e6fc01ea03f19d21bfbc0c7ed0bfad882116f17de6ac,6,1,2,0.0,0.0,0.0,0.0,0.0,0.0,False,False,True,True
Beauty,AX9C10JD538D9,audit,03ac16b5b2f268a67c7bf5d94f16af75675ac6465c4094c6955508c805f38fdb,0,108,12,0.17647058823529413,-3.0396625995635986,-3.8570070266723633,-6.279713153839111,3.2400505542755127,0.8173444271087646,True,False,True,True
Beauty,AX9C10JD538D9,audit,03ac16b5b2f268a67c7bf5d94f16af75675ac6465c4094c6955508c805f38fdb,1,14,12,0.17647058823529413,-0.28035640716552734,-1.1102962493896484,-6.88385009765625,6.603493690490723,0.8299398422241211,True,False,True,True
Beauty,AX9C10JD538D9,audit,03ac16b5b2f268a67c7bf5d94f16af75675ac6465c4094c6955508c805f38fdb,2,1,12,0.17647058823529413,0.0,0.0,0.0,0.0,0.0,False,False,True,True
Beauty,AX9C10JD538D9,audit,03ac16b5b2f268a67c7bf5d94f16af75675ac6465c4094c6955508c805f38fdb,3,1,12,0.17647058823529413,0.0,0.0,0.0,0.0,0.0,False,False,True,True
Beauty,AX9C10JD538D9,audit,03ac16b5b2f268a67c7bf5d94f16af75675ac6465c4094c6955508c805f38fdb,4,1,12,0.17647058823529413,0.0,0.0,0.0,0.0,0.0,False,False,True,True
Beauty,AX9C10JD538D9,audit,03ac16b5b2f268a67c7bf5d94f16af75675ac6465c4094c6955508c805f38fdb,5,1,12,0.17647058823529413,0.0,0.0,0.0,0.0,0.0,False,False,True,True
Beauty,AX9C10JD538D9,audit,03ac16b5b2f268a67c7bf5d94f16af75675ac6465c4094c6955508c805f38fdb,6,1,12,0.17647058823529413,0.0,0.0,0.0,0.0,0.0,False,False,True,True
Beauty,AX9C10JD538D9,audit,03ac16b5b2f268a67c7bf5d94f16af75675ac6465c4094c6955508c805f38fdb,7,2,12,0.17647058823529413,-0.7976611852645874,-0.9114890694618225,-1.0310667753219604,0.23340559005737305,0.11382788419723511,True,False,True,True
Beauty,A12WOOYXU3HZVG,audit,03c097d1dfba4e21243fad7ff2cb94339a7e6e0402eadde02efe08ab403ec6db,0,108,8,0.0,-2.389742374420166,-3.727029323577881,-2.7944092750549316,0.4046669006347656,1.3372869491577148,True,False,True,True
Beauty,A12WOOYXU3HZVG,audit,03c097d1dfba4e21243fad7ff2cb94339a7e6e0402eadde02efe08ab403ec6db,1,106,8,0.0,-6.146892070770264,-6.115686416625977,-7.536001205444336,1.3891091346740723,-0.03120565414428711,True,True,True,True
Beauty,A12WOOYXU3HZVG,audit,03c097d1dfba4e21243fad7ff2cb94339a7e6e0402eadde02efe08ab403ec6db,2,3,8,0.0,-6.924734115600586,-9.376523971557617,-7.794435977935791,0.8697018623352051,2.4517898559570312,True,False,True,True
Beauty,A12WOOYXU3HZVG,audit,03c097d1dfba4e21243fad7ff2cb94339a7e6e0402eadde02efe08ab403ec6db,3,1,8,0.0,0.0,0.0,0.0,0.0,0.0,False,False,True,True
Beauty,A12WOOYXU3HZVG,audit,03c097d1dfba4e21243fad7ff2cb94339a7e6e0402eadde02efe08ab403ec6db,4,1,8,0.0,0.0,0.0,0.0,0.0,0.0,False,False,True,True
Beauty,A12WOOYXU3HZVG,audit,03c097d1dfba4e21243fad7ff2cb94339a7e6e0402eadde02efe08ab403ec6db,5,1,8,0.0,0.0,0.0,0.0,0.0,0.0,False,False,True,True
Beauty,A12WOOYXU3HZVG,audit,03c097d1dfba4e21243fad7ff2cb94339a7e6e0402eadde02efe08ab403ec6db,6,1,8,0.0,0.0,0.0,0.0,0.0,0.0,False,False,True,True
Beauty,A2DNZKERHKUK7S,audit,03c74e2f54d19fcb87e6346bb4cc186d31e09549c81f3f3caa116ffea84cb667,0,108,6,0.0,-3.239593029022217,-3.064751148223877,-3.880607843399048,0.641014814376831,-0.17484188079833984,True,True,True,True
Beauty,A2DNZKERHKUK7S,audit,03c74e2f54d19fcb87e6346bb4cc186d31e09549c81f3f3caa116ffea84cb667,1,133,6,0.0,-1.8283597230911255,-3.9890410900115967,-3.59885835647583,1.7704986333847046,2.160681366920471,True,False,True,True
Beauty,A2DNZKERHKUK7S,audit,03c74e2f54d19fcb87e6346bb4cc186d31e09549c81f3f3caa116ffea84cb667,2,2,6,0.0,-3.606351375579834,-4.775738716125488,-4.42894983291626,0.8225984573364258,1.1693873405456543,True,False,True,True
Beauty,A2DNZKERHKUK7S,audit,03c74e2f54d19fcb87e6346bb4cc186d31e09549c81f3f3caa116ffea84cb667,3,1,6,0.0,0.0,0.0,0.0,0.0,0.0,False,False,True,True
Beauty,A2DNZKERHKUK7S,audit,03c74e2f54d19fcb87e6346bb4cc186d31e09549c81f3f3caa116ffea84cb667,4,1,6,0.0,0.0,0.0,0.0,0.0,0.0,False,False,True,True
Beauty,A2DNZKERHKUK7S,audit,03c74e2f54d19fcb87e6346bb4cc186d31e09549c81f3f3caa116ffea84cb667,5,1,6,0.0,0.0,0.0,0.0,0.0,0.0,False,False,True,True
Beauty,A2DNZKERHKUK7S,audit,03c74e2f54d19fcb87e6346bb4cc186d31e09549c81f3f3caa116ffea84cb667,6,1,6,0.0,0.0,0.0,0.0,0.0,0.0,False,False,True,True
Beauty,A2OPDHP0EN5CJT,audit,03cf4d20ad90465e3b3ae9f0e91e9355e79a0e0fca10ac1646f0abb1c9e82e23,0,108,9,0.17647058823529413,-3.0117478370666504,-3.296923875808716,-5.32090950012207,2.30916166305542,0.28517603874206543,True,False,True,True
Beauty,A2OPDHP0EN5CJT,audit,03cf4d20ad90465e3b3ae9f0e91e9355e79a0e0fca10ac1646f0abb1c9e82e23,1,126,9,0.17647058823529413,-0.19387806951999664,-4.623298645019531,-5.187153339385986,4.99327526986599,4.429420575499535,True,False,True,True
Beauty,A2OPDHP0EN5CJT,audit,03cf4d20ad90465e3b3ae9f0e91e9355e79a0e0fca10ac1646f0abb1c9e82e23,2,1,9,0.17647058823529413,0.0,0.0,0.0,0.0,0.0,False,False,True,True
Beauty,A2OPDHP0EN5CJT,audit,03cf4d20ad90465e3b3ae9f0e91e9355e79a0e0fca10ac1646f0abb1c9e82e23,3,2,9,0.17647058823529413,0.0,-32.81040954589844,-32.680030822753906,32.680030822753906,32.81040954589844,True,False,True,True
Beauty,A2OPDHP0EN5CJT,audit,03cf4d20ad90465e3b3ae9f0e91e9355e79a0e0fca10ac1646f0abb1c9e82e23,4,1,9,0.17647058823529413,0.0,0.0,0.0,0.0,0.0,False,False,True,True
Beauty,A2OPDHP0EN5CJT,audit,03cf4d20ad90465e3b3ae9f0e91e9355e79a0e0fca10ac1646f0abb1c9e82e23,5,1,9,0.17647058823529413,0.0,0.0,0.0,0.0,0.0,False,False,True,True
Beauty,A2OPDHP0EN5CJT,audit,03cf4d20ad90465e3b3ae9f0e91e9355e79a0e0fca10ac1646f0abb1c9e82e23,6,1,9,0.17647058823529413,0.0,0.0,0.0,0.0,0.0,False,False,True,True
Beauty,A2T9ZW8DJJVSXN,audit,03d0e8587ab61ab5de653784949a5dd3ae64da1572cffd9442fdb1b3bbb4bc19,0,108,2,0.0,-1.8580647706985474,-4.366753578186035,-3.1707816123962402,1.3127168416976929,2.508688807487488,True,False,True,True
Beauty,A2T9ZW8DJJVSXN,audit,03d0e8587ab61ab5de653784949a5dd3ae64da1572cffd9442fdb1b3bbb4bc19,1,112,2,0.0,-3.013141632080078,-5.775120735168457,-5.763301849365234,2.7501602172851562,2.761979103088379,True,False,True,True
Beauty,A2T9ZW8DJJVSXN,audit,03d0e8587ab61ab5de653784949a5dd3ae64da1572cffd9442fdb1b3bbb4bc19,2,3,2,0.0,-2.2814671993255615,-4.115342617034912,-3.1809208393096924,0.8994536399841309,1.8338754177093506,True,False,True,True
Beauty,A2T9ZW8DJJVSXN,audit,03d0e8587ab61ab5de653784949a5dd3ae64da1572cffd9442fdb1b3bbb4bc19,3,1,2,0.0,0.0,0.0,0.0,0.0,0.0,False,False,True,True
Beauty,A2T9ZW8DJJVSXN,audit,03d0e8587ab61ab5de653784949a5dd3ae64da1572cffd9442fdb1b3bbb4bc19,4,1,2,0.0,0.0,0.0,0.0,0.0,0.0,False,False,True,True
Beauty,A2T9ZW8DJJVSXN,audit,03d0e8587ab61ab5de653784949a5dd3ae64da1572cffd9442fdb1b3bbb4bc19,5,1,2,0.0,0.0,0.0,0.0,0.0,0.0,False,False,True,True
Beauty,A2T9ZW8DJJVSXN,audit,03d0e8587ab61ab5de653784949a5dd3ae64da1572cffd9442fdb1b3bbb4bc19,6,1,2,0.0,0.0,0.0,0.0,0.0,0.0,False,False,True,True
Beauty,A1NF96DHH4DJWG,audit,03d46afd601029772d5790e845a8d196658678971dbfd9a7c6621b759e266d6b,0,108,4,0.0,-6.474440574645996,-6.088437557220459,-5.274008750915527,-1.2004318237304688,-0.3860030174255371,False,False,True,True
Beauty,A1NF96DHH4DJWG,audit,03d46afd601029772d5790e845a8d196658678971dbfd9a7c6621b759e266d6b,1,14,4,0.0,-1.37213134765625,-2.147024631500244,-1.8993808031082153,0.5272494554519653,0.7748932838439941,True,False,True,True
Beauty,A1NF96DHH4DJWG,audit,03d46afd601029772d5790e845a8d196658678971dbfd9a7c6621b759e266d6b,2,2,4,0.0,-2.308980941772461,-1.6682641506195068,-2.805927276611328,0.4969463348388672,-0.6407167911529541,True,True,True,True
Beauty,A1NF96DHH4DJWG,audit,03d46afd601029772d5790e845a8d196658678971dbfd9a7c6621b759e266d6b,3,4,4,0.0,-1.4106237888336182,-1.8003203868865967,-3.171297550201416,1.7606737613677979,0.3896965980529785,True,False,True,True
Beauty,A1NF96DHH4DJWG,audit,03d46afd601029772d5790e845a8d196658678971dbfd9a7c6621b759e266d6b,4,1,4,0.0,0.0,0.0,0.0,0.0,0.0,False,False,True,True
Beauty,A1NF96DHH4DJWG,audit,03d46afd601029772d5790e845a8d196658678971dbfd9a7c6621b759e266d6b,5,1,4,0.0,0.0,0.0,0.0,0.0,0.0,False,False,True,True
Beauty,A1NF96DHH4DJWG,audit,03d46afd601029772d5790e845a8d196658678971dbfd9a7c6621b759e266d6b,6,1,4,0.0,0.0,0.0,0.0,0.0,0.0,False,False,True,True
Beauty,A1NF96DHH4DJWG,audit,03d46afd601029772d5790e845a8d196658678971dbfd9a7c6621b759e266d6b,7,2,4,0.0,-0.09536297619342804,-0.08033045381307602,-0.08721212297677994,-0.008150853216648102,-0.01503252238035202,False,False,True,True
Beauty,A21A565W3SWX6Q,audit,03e8c659193b5b7a51e1dfb6e6c5ed258bc954e16caf30c287b609102af3b26e,0,108,3,0.17647058823529413,-4.4605841636657715,-4.1502251625061035,-4.400993347167969,-0.059590816497802734,-0.31035900115966797,False,False,True,True
Beauty,A21A565W3SWX6Q,audit,03e8c659193b5b7a51e1dfb6e6c5ed258bc954e16caf30c287b609102af3b26e,1,81,3,0.17647058823529413,-4.314056396484375,-13.170991897583008,-3.8220014572143555,-0.49205493927001953,8.856935501098633,False,False,True,True
Beauty,A21A565W3SWX6Q,audit,03e8c659193b5b7a51e1dfb6e6c5ed258bc954e16caf30c287b609102af3b26e,2,1,3,0.17647058823529413,0.0,0.0,0.0,0.0,0.0,False,False,True,True
Beauty,A21A565W3SWX6Q,audit,03e8c659193b5b7a51e1dfb6e6c5ed258bc954e16caf30c287b609102af3b26e,3,1,3,0.17647058823529413,0.0,0.0,0.0,0.0,0.0,False,False,True,True
Beauty,A21A565W3SWX6Q,audit,03e8c659193b5b7a51e1dfb6e6c5ed258bc954e16caf30c287b609102af3b26e,4,1,3,0.17647058823529413,0.0,0.0,0.0,0.0,0.0,False,False,True,True
Beauty,A21A565W3SWX6Q,audit,03e8c659193b5b7a51e1dfb6e6c5ed258bc954e16caf30c287b609102af3b26e,5,1,3,0.17647058823529413,0.0,0.0,0.0,0.0,0.0,False,False,True,True
Beauty,A21A565W3SWX6Q,audit,03e8c659193b5b7a51e1dfb6e6c5ed258bc954e16caf30c287b609102af3b26e,6,1,3,0.17647058823529413,0.0,0.0,0.0,0.0,0.0,False,False,True,True
Beauty,A2WTH6RGANRFB3,audit,0400eda2757cac52a6d86115acaeb512b69a1f71ab09c8776fd2412e6ae1c3f0,0,108,2,0.0,-0.6181082129478455,-1.9188833236694336,-0.8815699219703674,0.263461709022522,1.3007751107215881,True,False,True,True
Beauty,A2WTH6RGANRFB3,audit,0400eda2757cac52a6d86115acaeb512b69a1f71ab09c8776fd2412e6ae1c3f0,1,255,2,0.0,-1.3292789459228516,-2.172245740890503,-1.730666995048523,0.4013880491256714,0.8429667949676514,True,False,True,True
Beauty,A2WTH6RGANRFB3,audit,0400eda2757cac52a6d86115acaeb512b69a1f71ab09c8776fd2412e6ae1c3f0,2,8,2,0.0,-0.7121774554252625,-0.8397233486175537,-0.1584070473909378,-0.5537704080343246,0.12754589319229126,False,False,True,True
Beauty,A2WTH6RGANRFB3,audit,0400eda2757cac52a6d86115acaeb512b69a1f71ab09c8776fd2412e6ae1c3f0,3,1,2,0.0,0.0,0.0,0.0,0.0,0.0,False,False,True,True
Beauty,A2WTH6RGANRFB3,audit,0400eda2757cac52a6d86115acaeb512b69a1f71ab09c8776fd2412e6ae1c3f0,4,1,2,0.0,0.0,0.0,0.0,0.0,0.0,False,False,True,True
Beauty,A2WTH6RGANRFB3,audit,0400eda2757cac52a6d86115acaeb512b69a1f71ab09c8776fd2412e6ae1c3f0,5,1,2,0.0,0.0,0.0,0.0,0.0,0.0,False,False,True,True
Beauty,A2WTH6RGANRFB3,audit,0400eda2757cac52a6d86115acaeb512b69a1f71ab09c8776fd2412e6ae1c3f0,6,1,2,0.0,0.0,0.0,0.0,0.0,0.0,False,False,True,True
Beauty,ACJ9N7ED37HXS,audit,0417ebc6218ea037d1dc2eeeae4f4199a9c94196131126cc685fb9e27712396b,0,108,20,0.0,-4.860121250152588,-5.458049774169922,-5.531662940979004,0.671541690826416,0.597928524017334,True,False,True,True
Beauty,ACJ9N7ED37HXS,audit,0417ebc6218ea037d1dc2eeeae4f4199a9c94196131126cc685fb9e27712396b,1,59,20,0.0,-0.01924941875040531,-9.92027473449707,-3.0018649101257324,2.982615491375327,9.901025315746665,True,False,True,True
Beauty,ACJ9N7ED37HXS,audit,0417ebc6218ea037d1dc2eeeae4f4199a9c94196131126cc685fb9e27712396b,2,1,20,0.0,0.0,0.0,0.0,0.0,0.0,False,False,True,True
Beauty,ACJ9N7ED37HXS,audit,0417ebc6218ea037d1dc2eeeae4f4199a9c94196131126cc685fb9e27712396b,3,1,20,0.0,0.0,0.0,0.0,0.0,0.0,False,False,True,True
Beauty,ACJ9N7ED37HXS,audit,0417ebc6218ea037d1dc2eeeae4f4199a9c94196131126cc685fb9e27712396b,4,1,20,0.0,0.0,0.0,0.0,0.0,0.0,False,False,True,True
Beauty,ACJ9N7ED37HXS,audit,0417ebc6218ea037d1dc2eeeae4f4199a9c94196131126cc685fb9e27712396b,5,1,20,0.0,0.0,0.0,0.0,0.0,0.0,False,False,True,True
Beauty,ACJ9N7ED37HXS,audit,0417ebc6218ea037d1dc2eeeae4f4199a9c94196131126cc685fb9e27712396b,6,1,20,0.0,0.0,0.0,0.0,0.0,0.0,False,False,True,True
Beauty,ATWS89FH6Y6S4,audit,042b01b19437666285ae9261c3d1b2209c5a2863d4536ad73e51231c7dfea102,0,108,2,0.0,-2.1750431060791016,-3.54923939704895,-1.4673352241516113,-0.7077078819274902,1.3741962909698486,False,False,True,True
Beauty,ATWS89FH6Y6S4,audit,042b01b19437666285ae9261c3d1b2209c5a2863d4536ad73e51231c7dfea102,1,255,2,0.0,-4.0362138748168945,-4.300729274749756,-5.697099208831787,1.6608853340148926,0.26451539993286133,True,False,True,True
Beauty,ATWS89FH6Y6S4,audit,042b01b19437666285ae9261c3d1b2209c5a2863d4536ad73e51231c7dfea102,2,3,2,0.0,-1.5264830589294434,-1.6654577255249023,-1.2674620151519775,-0.2590210437774658,0.13897466659545898,False,False,True,True
Beauty,ATWS89FH6Y6S4,audit,042b01b19437666285ae9261c3d1b2209c5a2863d4536ad73e51231c7dfea102,3,2,2,0.0,0.0,0.0,0.0,0.0,0.0,False,False,True,True
Beauty,ATWS89FH6Y6S4,audit,042b01b19437666285ae9261c3d1b2209c5a2863d4536ad73e51231c7dfea102,4,1,2,0.0,0.0,0.0,0.0,0.0,0.0,False,False,True,True
Beauty,ATWS89FH6Y6S4,audit,042b01b19437666285ae9261c3d1b2209c5a2863d4536ad73e51231c7dfea102,5,1,2,0.0,0.0,0.0,0.0,0.0,0.0,False,False,True,True
Beauty,ATWS89FH6Y6S4,audit,042b01b19437666285ae9261c3d1b2209c5a2863d4536ad73e51231c7dfea102,6,1,2,0.0,0.0,0.0,0.0,0.0,0.0,False,False,True,True
Beauty,A2XRVFLDQX5VIX,audit,044b91aa901356025649869c0eba561891a18a8730e61d132688304b8c910cdf,0,108,4,0.0,-0.30947554111480713,-2.258547782897949,-0.41453659534454346,0.10506105422973633,1.949072241783142,True,False,True,True
Beauty,A2XRVFLDQX5VIX,audit,044b91aa901356025649869c0eba561891a18a8730e61d132688304b8c910cdf,1,255,4,0.0,-5.162444591522217,-4.661209583282471,-4.449741363525391,-0.7127032279968262,-0.5012350082397461,False,False,True,True
Beauty,A2XRVFLDQX5VIX,audit,044b91aa901356025649869c0eba561891a18a8730e61d132688304b8c910cdf,2,1,4,0.0,0.0,0.0,0.0,0.0,0.0,False,False,True,True
Beauty,A2XRVFLDQX5VIX,audit,044b91aa901356025649869c0eba561891a18a8730e61d132688304b8c910cdf,3,1,4,0.0,0.0,0.0,0.0,0.0,0.0,False,False,True,True
Beauty,A2XRVFLDQX5VIX,audit,044b91aa901356025649869c0eba561891a18a8730e61d132688304b8c910cdf,4,1,4,0.0,0.0,0.0,0.0,0.0,0.0,False,False,True,True
Beauty,A2XRVFLDQX5VIX,audit,044b91aa901356025649869c0eba561891a18a8730e61d132688304b8c910cdf,5,1,4,0.0,0.0,0.0,0.0,0.0,0.0,False,False,True,True
Beauty,A2XRVFLDQX5VIX,audit,044b91aa901356025649869c0eba561891a18a8730e61d132688304b8c910cdf,6,1,4,0.0,0.0,0.0,0.0,0.0,0.0,False,False,True,True
Beauty,A34YIVZW1TGH0,audit,04517f7d63b355adf8b4593c41886ba2d4e5125eada3373b39cd01ff5fc1dec3,0,108,2,0.0,-3.7762796878814697,-4.168253421783447,-4.304405212402344,0.528125524520874,0.39197373390197754,True,False,True,True
Beauty,A34YIVZW1TGH0,audit,04517f7d63b355adf8b4593c41886ba2d4e5125eada3373b39cd01ff5fc1dec3,1,151,2,0.0,-2.4814505577087402,-2.5245981216430664,-2.676063299179077,0.19461274147033691,0.04314756393432617,True,True,True,True
Beauty,A34YIVZW1TGH0,audit,04517f7d63b355adf8b4593c41886ba2d4e5125eada3373b39cd01ff5fc1dec3,2,10,2,0.0,-0.8709820508956909,-1.1064056158065796,-0.7648961544036865,-0.1060858964920044,0.23542356491088867,False,False,True,True
Beauty,A34YIVZW1TGH0,audit,04517f7d63b355adf8b4593c41886ba2d4e5125eada3373b39cd01ff5fc1dec3,3,1,2,0.0,0.0,0.0,0.0,0.0,0.0,False,False,True,True
Beauty,A34YIVZW1TGH0,audit,04517f7d63b355adf8b4593c41886ba2d4e5125eada3373b39cd01ff5fc1dec3,4,1,2,0.0,0.0,0.0,0.0,0.0,0.0,False,False,True,True
Beauty,A34YIVZW1TGH0,audit,04517f7d63b355adf8b4593c41886ba2d4e5125eada3373b39cd01ff5fc1dec3,5,1,2,0.0,0.0,0.0,0.0,0.0,0.0,False,False,True,True
Beauty,A34YIVZW1TGH0,audit,04517f7d63b355adf8b4593c41886ba2d4e5125eada3373b39cd01ff5fc1dec3,6,1,2,0.0,0.0,0.0,0.0,0.0,0.0,False,False,True,True
Beauty,A34YIVZW1TGH0,audit,04517f7d63b355adf8b4593c41886ba2d4e5125eada3373b39cd01ff5fc1dec3,7,3,2,0.0,-0.14803843200206757,-0.16474762558937073,-0.14824597537517548,0.00020754337310791016,0.01670919358730316,True,True,True,True
Beauty,A2LYFE9WEUYBFK,audit,04659f675600a04232ed7f6b2a0d9b9195d6d8db3a1c017156d36a760bb5895b,0,108,2,0.0,-2.135571002960205,-2.979602336883545,-2.111530065536499,-0.024040937423706055,0.8440313339233398,False,False,True,True
Beauty,A2LYFE9WEUYBFK,audit,04659f675600a04232ed7f6b2a0d9b9195d6d8db3a1c017156d36a760bb5895b,1,102,2,0.0,-0.3916880488395691,-0.3419536352157593,-0.16194751858711243,-0.22974053025245667,-0.049734413623809814,False,False,True,True
Beauty,A2LYFE9WEUYBFK,audit,04659f675600a04232ed7f6b2a0d9b9195d6d8db3a1c017156d36a760bb5895b,2,21,2,0.0,-4.597016334533691,-4.084673881530762,-4.671317100524902,0.07430076599121094,-0.5123424530029297,True,True,True,True
Beauty,A2LYFE9WEUYBFK,audit,04659f675600a04232ed7f6b2a0d9b9195d6d8db3a1c017156d36a760bb5895b,3,1,2,0.0,0.0,0.0,0.0,0.0,0.0,False,False,True,True
Beauty,A2LYFE9WEUYBFK,audit,04659f675600a04232ed7f6b2a0d9b9195d6d8db3a1c017156d36a760bb5895b,4,1,2,0.0,0.0,0.0,0.0,0.0,0.0,False,False,True,True
Beauty,A2LYFE9WEUYBFK,audit,04659f675600a04232ed7f6b2a0d9b9195d6d8db3a1c017156d36a760bb5895b,5,1,2,0.0,0.0,0.0,0.0,0.0,0.0,False,False,True,True
Beauty,A2LYFE9WEUYBFK,audit,04659f675600a04232ed7f6b2a0d9b9195d6d8db3a1c017156d36a760bb5895b,6,1,2,0.0,0.0,0.0,0.0,0.0,0.0,False,False,True,True
Beauty,A3D6AVKCJJ27O8,audit,046a7d0746520eae7fa768aafb3b7ae98a92b0dcba71da08d844cf8b58f7fd90,0,108,4,0.0,-0.7454856038093567,-0.9587265253067017,-0.6822262406349182,-0.06325936317443848,0.21324092149734497,False,False,True,True
Beauty,A3D6AVKCJJ27O8,audit,046a7d0746520eae7fa768aafb3b7ae98a92b0dcba71da08d844cf8b58f7fd90,1,255,4,0.0,-3.1651718616485596,-6.173518180847168,-6.448892116546631,3.2837202548980713,3.0083463191986084,True,False,True,True
Beauty,A3D6AVKCJJ27O8,audit,046a7d0746520eae7fa768aafb3b7ae98a92b0dcba71da08d844cf8b58f7fd90,2,3,4,0.0,-0.008494081906974316,-0.0019406310748308897,-0.0015524489572271705,-0.006941632949747145,-0.006553450832143426,False,False,True,True
Beauty,A3D6AVKCJJ27O8,audit,046a7d0746520eae7fa768aafb3b7ae98a92b0dcba71da08d844cf8b58f7fd90,3,1,4,0.0,0.0,0.0,0.0,0.0,0.0,False,False,True,True
Beauty,A3D6AVKCJJ27O8,audit,046a7d0746520eae7fa768aafb3b7ae98a92b0dcba71da08d844cf8b58f7fd90,4,1,4,0.0,0.0,0.0,0.0,0.0,0.0,False,False,True,True
Beauty,A3D6AVKCJJ27O8,audit,046a7d0746520eae7fa768aafb3b7ae98a92b0dcba71da08d844cf8b58f7fd90,5,1,4,0.0,0.0,0.0,0.0,0.0,0.0,False,False,True,True
Beauty,A3D6AVKCJJ27O8,audit,046a7d0746520eae7fa768aafb3b7ae98a92b0dcba71da08d844cf8b58f7fd90,6,1,4,0.0,0.0,0.0,0.0,0.0,0.0,False,False,True,True
Beauty,A39EZGVE8HIESM,audit,046b224cd20d76f8f4a6fe57100128d8adbac7c7a9714275b64b0f29f08db1e0,0,108,10,0.1111111111111111,-5.574153900146484,-5.910706996917725,-6.360799789428711,0.7866458892822266,0.33655309677124023,True,False,True,True
Beauty,A39EZGVE8HIESM,audit,046b224cd20d76f8f4a6fe57100128d8adbac7c7a9714275b64b0f29f08db1e0,1,46,10,0.1111111111111111,-0.7877405881881714,-0.890947699546814,-0.6073804497718811,-0.18036013841629028,0.10320711135864258,False,False,True,True
Beauty,A39EZGVE8HIESM,audit,046b224cd20d76f8f4a6fe57100128d8adbac7c7a9714275b64b0f29f08db1e0,2,12,10,0.1111111111111111,-0.5784247517585754,-0.5793516635894775,-0.8585885167121887,0.2801637649536133,0.0009269118309020996,True,True,True,True
Beauty,A39EZGVE8HIESM,audit,046b224cd20d76f8f4a6fe57100128d8adbac7c7a9714275b64b0f29f08db1e0,3,7,10,0.1111111111111111,-0.09671826660633087,-0.1894511580467224,-0.20065712928771973,0.10393886268138885,0.09273289144039154,True,True,True,True
Beauty,A39EZGVE8HIESM,audit,046b224cd20d76f8f4a6fe57100128d8adbac7c7a9714275b64b0f29f08db1e0,4,1,10,0.1111111111111111,0.0,0.0,0.0,0.0,0.0,False,False,True,True
Beauty,A39EZGVE8HIESM,audit,046b224cd20d76f8f4a6fe57100128d8adbac7c7a9714275b64b0f29f08db1e0,5,1,10,0.1111111111111111,0.0,0.0,0.0,0.0,0.0,False,False,True,True
Beauty,A39EZGVE8HIESM,audit,046b224cd20d76f8f4a6fe57100128d8adbac7c7a9714275b64b0f29f08db1e0,6,1,10,0.1111111111111111,0.0,0.0,0.0,0.0,0.0,False,False,True,True
Beauty,A14E8WUM69EA4W,audit,04705df968b5d5724455d2fb5aceb9c012dd7f08723ccfa5e2e756711130fbc1,0,108,4,0.0,-1.1899816989898682,-1.9648425579071045,-1.5401712656021118,0.35018956661224365,0.7748608589172363,True,False,True,True
Beauty,A14E8WUM69EA4W,audit,04705df968b5d5724455d2fb5aceb9c012dd7f08723ccfa5e2e756711130fbc1,1,126,4,0.0,-2.826911449432373,-6.416856288909912,-3.3157033920288086,0.48879194259643555,3.589944839477539,True,False,True,True
Beauty,A14E8WUM69EA4W,audit,04705df968b5d5724455d2fb5aceb9c012dd7f08723ccfa5e2e756711130fbc1,2,2,4,0.0,-2.3841855067985307e-07,-0.16475814580917358,-0.6170699000358582,0.6170696616173075,0.1647579073906229,True,False,True,True
Beauty,A14E8WUM69EA4W,audit,04705df968b5d5724455d2fb5aceb9c012dd7f08723ccfa5e2e756711130fbc1,3,1,4,0.0,0.0,0.0,0.0,0.0,0.0,False,False,True,True
Beauty,A14E8WUM69EA4W,audit,04705df968b5d5724455d2fb5aceb9c012dd7f08723ccfa5e2e756711130fbc1,4,1,4,0.0,0.0,0.0,0.0,0.0,0.0,False,False,True,True
Beauty,A14E8WUM69EA4W,audit,04705df968b5d5724455d2fb5aceb9c012dd7f08723ccfa5e2e756711130fbc1,5,1,4,0.0,0.0,0.0,0.0,0.0,0.0,False,False,True,True
Beauty,A14E8WUM69EA4W,audit,04705df968b5d5724455d2fb5aceb9c012dd7f08723ccfa5e2e756711130fbc1,6,1,4,0.0,0.0,0.0,0.0,0.0,0.0,False,False,True,True
Beauty,A3M5I94FK9OSBL,audit,0481fba9d14b2f0d409910190940f6a6ea97bef5e295b71d6946545ed7903953,0,108,4,0.17647058823529413,-1.3447233438491821,-2.4281930923461914,-0.8424025177955627,-0.5023208260536194,1.0834697484970093,False,False,True,True
Beauty,A3M5I94FK9OSBL,audit,0481fba9d14b2f0d409910190940f6a6ea97bef5e295b71d6946545ed7903953,1,48,4,0.17647058823529413,-2.655447483062744,-3.979539394378662,-3.5032200813293457,0.8477725982666016,1.324091911315918,True,False,True,True
Beauty,A3M5I94FK9OSBL,audit,0481fba9d14b2f0d409910190940f6a6ea97bef5e295b71d6946545ed7903953,2,2,4,0.17647058823529413,-0.014479209668934345,-0.0077018216252326965,-0.0069394768215715885,-0.007539732847362757,-0.006777388043701649,False,False,True,True
Beauty,A3M5I94FK9OSBL,audit,0481fba9d14b2f0d409910190940f6a6ea97bef5e295b71d6946545ed7903953,3,1,4,0.17647058823529413,0.0,0.0,0.0,0.0,0.0,False,False,True,True
Beauty,A3M5I94FK9OSBL,audit,0481fba9d14b2f0d409910190940f6a6ea97bef5e295b71d6946545ed7903953,4,1,4,0.17647058823529413,0.0,0.0,0.0,0.0,0.0,False,False,True,True
Beauty,A3M5I94FK9OSBL,audit,0481fba9d14b2f0d409910190940f6a6ea97bef5e295b71d6946545ed7903953,5,2,4,0.17647058823529413,-0.07822015136480331,-0.06811370700597763,-0.43385663628578186,0.35563648492097855,-0.010106444358825684,True,True,True,True
Beauty,A3M5I94FK9OSBL,audit,0481fba9d14b2f0d409910190940f6a6ea97bef5e295b71d6946545ed7903953,6,1,4,0.17647058823529413,0.0,0.0,0.0,0.0,0.0,False,False,True,True
Beauty,A1U9IAL32Z1AU6,audit,04849f94e91f8858d65e4c5a2577784cb5957f26ab50e546e9812fffabbfaa55,0,108,9,0.0,-1.6298705339431763,-0.7237405776977539,-0.401597797870636,-1.2282727360725403,-0.9061299562454224,False,False,True,True
Beauty,A1U9IAL32Z1AU6,audit,04849f94e91f8858d65e4c5a2577784cb5957f26ab50e546e9812fffabbfaa55,1,126,9,0.0,-2.705435276031494,-4.620796203613281,-4.096904754638672,1.3914694786071777,1.915360927581787,True,False,True,True
Beauty,A1U9IAL32Z1AU6,audit,04849f94e91f8858d65e4c5a2577784cb5957f26ab50e546e9812fffabbfaa55,2,1,9,0.0,0.0,0.0,0.0,0.0,0.0,False,False,True,True
Beauty,A1U9IAL32Z1AU6,audit,04849f94e91f8858d65e4c5a2577784cb5957f26ab50e546e9812fffabbfaa55,3,1,9,0.0,0.0,0.0,0.0,0.0,0.0,False,False,True,True
Beauty,A1U9IAL32Z1AU6,audit,04849f94e91f8858d65e4c5a2577784cb5957f26ab50e546e9812fffabbfaa55,4,1,9,0.0,0.0,0.0,0.0,0.0,0.0,False,False,True,True
Beauty,A1U9IAL32Z1AU6,audit,04849f94e91f8858d65e4c5a2577784cb5957f26ab50e546e9812fffabbfaa55,5,1,9,0.0,0.0,0.0,0.0,0.0,0.0,False,False,True,True
Beauty,A1U9IAL32Z1AU6,audit,04849f94e91f8858d65e4c5a2577784cb5957f26ab50e546e9812fffabbfaa55,6,1,9,0.0,0.0,0.0,0.0,0.0,0.0,False,False,True,True
Beauty,A1D4DLD3XT59I,audit,0492276f8ac494a55b0963fc6aea27ae4570abfcaebb6868c580ef03f30170e9,0,108,2,0.0,-2.364020347595215,-3.1919257640838623,-2.4014241695404053,0.03740382194519043,0.8279054164886475,True,False,True,True
Beauty,A1D4DLD3XT59I,audit,0492276f8ac494a55b0963fc6aea27ae4570abfcaebb6868c580ef03f30170e9,1,212,2,0.0,-0.0049674902111291885,-2.404162883758545,-2.5970544815063477,2.5920869912952185,2.3991953935474157,True,False,True,True
Beauty,A1D4DLD3XT59I,audit,0492276f8ac494a55b0963fc6aea27ae4570abfcaebb6868c580ef03f30170e9,2,11,2,0.0,-0.0007862337515689433,-13.521556854248047,-14.47010612487793,14.46931989112636,13.520770620496478,True,False,True,True
Beauty,A1D4DLD3XT59I,audit,0492276f8ac494a55b0963fc6aea27ae4570abfcaebb6868c580ef03f30170e9,3,1,2,0.0,0.0,0.0,0.0,0.0,0.0,False,False,True,True
Beauty,A1D4DLD3XT59I,audit,0492276f8ac494a55b0963fc6aea27ae4570abfcaebb6868c580ef03f30170e9,4,1,2,0.0,0.0,0.0,0.0,0.0,0.0,False,False,True,True
Beauty,A1D4DLD3XT59I,audit,0492276f8ac494a55b0963fc6aea27ae4570abfcaebb6868c580ef03f30170e9,5,1,2,0.0,0.0,0.0,0.0,0.0,0.0,False,False,True,True
Beauty,A1D4DLD3XT59I,audit,0492276f8ac494a55b0963fc6aea27ae4570abfcaebb6868c580ef03f30170e9,6,1,2,0.0,0.0,0.0,0.0,0.0,0.0,False,False,True,True
Beauty,A2MC91Y091JHD3,audit,0498963296cc55116ce005c24c71fb41e8490dde8eb822d5f155ef4c2c076c0d,0,108,2,0.0,-1.8128833770751953,-2.7064037322998047,-1.66953444480896,-0.14334893226623535,0.8935203552246094,False,False,True,True
Beauty,A2MC91Y091JHD3,audit,0498963296cc55116ce005c24c71fb41e8490dde8eb822d5f155ef4c2c076c0d,1,102,2,0.0,-0.26012536883354187,-3.1499500274658203,-2.9871954917907715,2.7270701229572296,2.8898246586322784,True,False,True,True
Beauty,A2MC91Y091JHD3,audit,0498963296cc55116ce005c24c71fb41e8490dde8eb822d5f155ef4c2c076c0d,2,5,2,0.0,-2.889305830001831,-0.8104339838027954,-0.8974902629852295,-1.9918155670166016,-2.0788718461990356,False,False,True,True
Beauty,A2MC91Y091JHD3,audit,0498963296cc55116ce005c24c71fb41e8490dde8eb822d5f155ef4c2c076c0d,3,1,2,0.0,0.0,0.0,0.0,0.0,0.0,False,False,True,True
Beauty,A2MC91Y091JHD3,audit,0498963296cc55116ce005c24c71fb41e8490dde8eb822d5f155ef4c2c076c0d,4,1,2,0.0,0.0,0.0,0.0,0.0,0.0,False,False,True,True
Beauty,A2MC91Y091JHD3,audit,0498963296cc55116ce005c24c71fb41e8490dde8eb822d5f155ef4c2c076c0d,5,1,2,0.0,0.0,0.0,0.0,0.0,0.0,False,False,True,True
Beauty,A2MC91Y091JHD3,audit,0498963296cc55116ce005c24c71fb41e8490dde8eb822d5f155ef4c2c076c0d,6,1,2,0.0,0.0,0.0,0.0,0.0,0.0,False,False,True,True
Beauty,A2MC91Y091JHD3,audit,0498963296cc55116ce005c24c71fb41e8490dde8eb822d5f155ef4c2c076c0d,7,2,2,0.0,-0.8958190083503723,-0.9225246906280518,-0.9734033346176147,0.07758432626724243,0.026705682277679443,True,True,True,True
Beauty,AG37KF8192FNQ,audit,049aa3c2d750c04309d1a1d2c6afddf397cdbfd2b51008d7b556bf035ca8d60d,0,108,3,0.0,-4.4464569091796875,-4.036996841430664,-4.010143756866455,-0.4363131523132324,-0.40946006774902344,False,False,True,True
Beauty,AG37KF8192FNQ,audit,049aa3c2d750c04309d1a1d2c6afddf397cdbfd2b51008d7b556bf035ca8d60d,1,48,3,0.0,-2.950075387954712,-3.084177255630493,-3.4892873764038086,0.5392119884490967,0.13410186767578125,True,False,True,True
Beauty,AG37KF8192FNQ,audit,049aa3c2d750c04309d1a1d2c6afddf397cdbfd2b51008d7b556bf035ca8d60d,2,2,3,0.0,-0.0032109867315739393,-0.002248261356726289,-0.004867845680564642,0.0016568589489907026,-0.0009627253748476505,True,True,True,True
Beauty,AG37KF8192FNQ,audit,049aa3c2d750c04309d1a1d2c6afddf397cdbfd2b51008d7b556bf035ca8d60d,3,1,3,0.0,0.0,0.0,0.0,0.0,0.0,False,False,True,True
Beauty,AG37KF8192FNQ,audit,049aa3c2d750c04309d1a1d2c6afddf397cdbfd2b51008d7b556bf035ca8d60d,4,1,3,0.0,0.0,0.0,0.0,0.0,0.0,False,False,True,True
Beauty,AG37KF8192FNQ,audit,049aa3c2d750c04309d1a1d2c6afddf397cdbfd2b51008d7b556bf035ca8d60d,5,2,3,0.0,-2.0907721519470215,-2.3770997524261475,-0.8825110793113708,-1.2082610726356506,0.286327600479126,False,False,True,True
Beauty,AG37KF8192FNQ,audit,049aa3c2d750c04309d1a1d2c6afddf397cdbfd2b51008d7b556bf035ca8d60d,6,1,3,0.0,0.0,0.0,0.0,0.0,0.0,False,False,True,True
Beauty,A2SWB45FV04FLK,audit,04ba4fadbeeda31938fdce891c6ab1584a2ac0dea87988ecd907bed3a04bd713,0,108,2,0.0,-3.9412496089935303,-2.930051326751709,-5.098432540893555,1.1571829319000244,-1.0111982822418213,True,True,True,True
Beauty,A2SWB45FV04FLK,audit,04ba4fadbeeda31938fdce891c6ab1584a2ac0dea87988ecd907bed3a04bd713,1,89,2,0.0,-0.030031448230147362,-5.3188982009887695,-0.30537116527557373,0.27533971704542637,5.288866752758622,True,False,True,True
Beauty,A2SWB45FV04FLK,audit,04ba4fadbeeda31938fdce891c6ab1584a2ac0dea87988ecd907bed3a04bd713,2,9,2,0.0,-0.03619471937417984,-0.013687445782124996,-0.02125987410545349,-0.014934845268726349,-0.022507273592054844,False,False,True,True
Beauty,A2SWB45FV04FLK,audit,04ba4fadbeeda31938fdce891c6ab1584a2ac0dea87988ecd907bed3a04bd713,3,2,2,0.0,-0.007433847989886999,-0.005377352237701416,-0.0017225203337147832,-0.005711327656172216,-0.002056495752185583,False,False,True,True
Beauty,A2SWB45FV04FLK,audit,04ba4fadbeeda31938fdce891c6ab1584a2ac0dea87988ecd907bed3a04bd713,4,2,2,0.0,0.0,0.0,0.0,0.0,0.0,False,False,True,True
Beauty,A2SWB45FV04FLK,audit,04ba4fadbeeda31938fdce891c6ab1584a2ac0dea87988ecd907bed3a04bd713,5,1,2,0.0,0.0,0.0,0.0,0.0,0.0,False,False,True,True
Beauty,A2SWB45FV04FLK,audit,04ba4fadbeeda31938fdce891c6ab1584a2ac0dea87988ecd907bed3a04bd713,6,1,2,0.0,0.0,0.0,0.0,0.0,0.0,False,False,True,True
Beauty,AIWDGRTLV7IQF,audit,04c79de7114ac382d2d507407885ab113eca140360ee9fa74c254fc4e99b6597,0,108,2,0.0,-1.741642951965332,-3.9658029079437256,-2.99928879737854,1.257645845413208,2.2241599559783936,True,False,True,True
Beauty,AIWDGRTLV7IQF,audit,04c79de7114ac382d2d507407885ab113eca140360ee9fa74c254fc4e99b6597,1,64,2,0.0,-2.6302309036254883,-7.210636138916016,-3.557478427886963,0.9272475242614746,4.580405235290527,True,False,True,True
Beauty,AIWDGRTLV7IQF,audit,04c79de7114ac382d2d507407885ab113eca140360ee9fa74c254fc4e99b6597,2,1,2,0.0,0.0,0.0,0.0,0.0,0.0,False,False,True,True
Beauty,AIWDGRTLV7IQF,audit,04c79de7114ac382d2d507407885ab113eca140360ee9fa74c254fc4e99b6597,3,1,2,0.0,0.0,0.0,0.0,0.0,0.0,False,False,True,True
Beauty,AIWDGRTLV7IQF,audit,04c79de7114ac382d2d507407885ab113eca140360ee9fa74c254fc4e99b6597,4,1,2,0.0,0.0,0.0,0.0,0.0,0.0,False,False,True,True
Beauty,AIWDGRTLV7IQF,audit,04c79de7114ac382d2d507407885ab113eca140360ee9fa74c254fc4e99b6597,5,1,2,0.0,0.0,0.0,0.0,0.0,0.0,False,False,True,True
Beauty,AIWDGRTLV7IQF,audit,04c79de7114ac382d2d507407885ab113eca140360ee9fa74c254fc4e99b6597,6,1,2,0.0,0.0,0.0,0.0,0.0,0.0,False,False,True,True
Beauty,A2RPGCVEQ8CQWC,audit,04c8567dca67c54a9441580482505b5801f09a05c99e46768711ba3c614a183f,0,108,4,0.0,-4.231922149658203,-4.205735206604004,-3.6596803665161133,-0.5722417831420898,-0.02618694305419922,False,False,True,True
Beauty,A2RPGCVEQ8CQWC,audit,04c8567dca67c54a9441580482505b5801f09a05c99e46768711ba3c614a183f,1,89,4,0.0,-1.3817886114120483,-1.849022388458252,-2.2783408164978027,0.8965522050857544,0.4672337770462036,True,False,True,True
Beauty,A2RPGCVEQ8CQWC,audit,04c8567dca67c54a9441580482505b5801f09a05c99e46768711ba3c614a183f,2,2,4,0.0,-0.4851706027984619,-1.7037888765335083,-1.259081244468689,0.773910641670227,1.2186182737350464,True,False,True,True
Beauty,A2RPGCVEQ8CQWC,audit,04c8567dca67c54a9441580482505b5801f09a05c99e46768711ba3c614a183f,3,5,4,0.0,-0.38411369919776917,-0.4933162331581116,-0.7633635997772217,0.3792499005794525,0.10920253396034241,True,False,True,True
Beauty,A2RPGCVEQ8CQWC,audit,04c8567dca67c54a9441580482505b5801f09a05c99e46768711ba3c614a183f,4,1,4,0.0,0.0,0.0,0.0,0.0,0.0,False,False,True,True
Beauty,A2RPGCVEQ8CQWC,audit,04c8567dca67c54a9441580482505b5801f09a05c99e46768711ba3c614a183f,5,1,4,0.0,0.0,0.0,0.0,0.0,0.0,False,False,True,True
Beauty,A2RPGCVEQ8CQWC,audit,04c8567dca67c54a9441580482505b5801f09a05c99e46768711ba3c614a183f,6,1,4,0.0,0.0,0.0,0.0,0.0,0.0,False,False,True,True
Beauty,A2HNASPU7NVTD8,audit,04cae58c0ac35b0458cf6b316003cfd99d6c48e86d06b94e96c92ebcb4afe5d1,0,108,2,0.0,-3.333366870880127,-4.0609636306762695,-3.6810529232025146,0.3476860523223877,0.7275967597961426,True,False,True,True
Beauty,A2HNASPU7NVTD8,audit,04cae58c0ac35b0458cf6b316003cfd99d6c48e86d06b94e96c92ebcb4afe5d1,1,118,2,0.0,-9.58365535736084,-11.198084831237793,-9.410514831542969,-0.1731405258178711,1.6144294738769531,False,False,True,True
Beauty,A2HNASPU7NVTD8,audit,04cae58c0ac35b0458cf6b316003cfd99d6c48e86d06b94e96c92ebcb4afe5d1,2,2,2,0.0,-2.861018856492592e-06,-4.887569048150908e-06,-2.50339189733495e-06,-3.57626959157642e-07,2.026550191658316e-06,False,False,True,True
Beauty,A2HNASPU7NVTD8,audit,04cae58c0ac35b0458cf6b316003cfd99d6c48e86d06b94e96c92ebcb4afe5d1,3,1,2,0.0,0.0,0.0,0.0,0.0,0.0,False,False,True,True
Beauty,A2HNASPU7NVTD8,audit,04cae58c0ac35b0458cf6b316003cfd99d6c48e86d06b94e96c92ebcb4afe5d1,4,1,2,0.0,0.0,0.0,0.0,0.0,0.0,False,False,True,True
Beauty,A2HNASPU7NVTD8,audit,04cae58c0ac35b0458cf6b316003cfd99d6c48e86d06b94e96c92ebcb4afe5d1,5,1,2,0.0,0.0,0.0,0.0,0.0,0.0,False,False,True,True
Beauty,A2HNASPU7NVTD8,audit,04cae58c0ac35b0458cf6b316003cfd99d6c48e86d06b94e96c92ebcb4afe5d1,6,1,2,0.0,0.0,0.0,0.0,0.0,0.0,False,False,True,True
Beauty,A2HAVICMBMJ1B6,audit,04d731a5716e8d5ffb018c50a5c46866405e28d8e38f671d5da7c1cdf830084b,0,108,3,0.0,-4.259312629699707,-6.291303634643555,-5.342818260192871,1.083505630493164,2.0319910049438477,True,False,True,True
Beauty,A2HAVICMBMJ1B6,audit,04d731a5716e8d5ffb018c50a5c46866405e28d8e38f671d5da7c1cdf830084b,1,73,3,0.0,-1.8057206869125366,-3.584761381149292,-3.0129754543304443,1.2072547674179077,1.7790406942367554,True,False,True,True
Beauty,A2HAVICMBMJ1B6,audit,04d731a5716e8d5ffb018c50a5c46866405e28d8e38f671d5da7c1cdf830084b,2,1,3,0.0,0.0,0.0,0.0,0.0,0.0,False,False,True,True
Beauty,A2HAVICMBMJ1B6,audit,04d731a5716e8d5ffb018c50a5c46866405e28d8e38f671d5da7c1cdf830084b,3,3,3,0.0,-0.09934768080711365,-0.0863669142127037,-0.07990782707929611,-0.019439853727817535,-0.012980766594409943,False,False,True,True
Beauty,A2HAVICMBMJ1B6,audit,04d731a5716e8d5ffb018c50a5c46866405e28d8e38f671d5da7c1cdf830084b,4,1,3,0.0,0.0,0.0,0.0,0.0,0.0,False,False,True,True
Beauty,A2HAVICMBMJ1B6,audit,04d731a5716e8d5ffb018c50a5c46866405e28d8e38f671d5da7c1cdf830084b,5,1,3,0.0,0.0,0.0,0.0,0.0,0.0,False,False,True,True
Beauty,A2HAVICMBMJ1B6,audit,04d731a5716e8d5ffb018c50a5c46866405e28d8e38f671d5da7c1cdf830084b,6,1,3,0.0,0.0,0.0,0.0,0.0,0.0,False,False,True,True
Beauty,A3KAZVPRN577G2,audit,04e2641159908a41d520b7ac9fb51bf3a03f8f6a8e28221aadf25399fc1e15a8,0,108,2,0.0,-5.302314281463623,-4.844207763671875,-5.503063678741455,0.20074939727783203,-0.45810651779174805,True,True,True,True
Beauty,A3KAZVPRN577G2,audit,04e2641159908a41d520b7ac9fb51bf3a03f8f6a8e28221aadf25399fc1e15a8,1,96,2,0.0,-1.2616137266159058,-3.5766420364379883,-3.535856008529663,2.2742422819137573,2.3150283098220825,True,False,True,True
Beauty,A3KAZVPRN577G2,audit,04e2641159908a41d520b7ac9fb51bf3a03f8f6a8e28221aadf25399fc1e15a8,2,1,2,0.0,0.0,0.0,0.0,0.0,0.0,False,False,True,True
Beauty,A3KAZVPRN577G2,audit,04e2641159908a41d520b7ac9fb51bf3a03f8f6a8e28221aadf25399fc1e15a8,3,1,2,0.0,0.0,0.0,0.0,0.0,0.0,False,False,True,True
Beauty,A3KAZVPRN577G2,audit,04e2641159908a41d520b7ac9fb51bf3a03f8f6a8e28221aadf25399fc1e15a8,4,1,2,0.0,0.0,0.0,0.0,0.0,0.0,False,False,True,True
Beauty,A3KAZVPRN577G2,audit,04e2641159908a41d520b7ac9fb51bf3a03f8f6a8e28221aadf25399fc1e15a8,5,1,2,0.0,0.0,0.0,0.0,0.0,0.0,False,False,True,True
Beauty,A3KAZVPRN577G2,audit,04e2641159908a41d520b7ac9fb51bf3a03f8f6a8e28221aadf25399fc1e15a8,6,1,2,0.0,0.0,0.0,0.0,0.0,0.0,False,False,True,True
Beauty,A3KWOC5Q92FAXO,audit,050d14d9668a45b4a0c52337123e8fb25f45ea28109876ca1ed3e65ac1883e2d,0,108,2,0.0,-0.3927501142024994,-0.9284558296203613,-0.8618063926696777,0.46905627846717834,0.5357057154178619,True,False,True,True
Beauty,A3KWOC5Q92FAXO,audit,050d14d9668a45b4a0c52337123e8fb25f45ea28109876ca1ed3e65ac1883e2d,1,255,2,0.0,-4.0602498054504395,-5.996816158294678,-5.660280227661133,1.6000304222106934,1.9365663528442383,True,False,True,True
Beauty,A3KWOC5Q92FAXO,audit,050d14d9668a45b4a0c52337123e8fb25f45ea28109876ca1ed3e65ac1883e2d,2,2,2,0.0,-0.00043501926120370626,-0.00040975757292471826,-4.660974445869215e-05,-0.0003884095167450141,-2.5261688278988004e-05,False,False,True,True
Beauty,A3KWOC5Q92FAXO,audit,050d14d9668a45b4a0c52337123e8fb25f45ea28109876ca1ed3e65ac1883e2d,3,1,2,0.0,0.0,0.0,0.0,0.0,0.0,False,False,True,True
Beauty,A3KWOC5Q92FAXO,audit,050d14d9668a45b4a0c52337123e8fb25f45ea28109876ca1ed3e65ac1883e2d,4,1,2,0.0,0.0,0.0,0.0,0.0,0.0,False,False,True,True
Beauty,A3KWOC5Q92FAXO,audit,050d14d9668a45b4a0c52337123e8fb25f45ea28109876ca1ed3e65ac1883e2d,5,1,2,0.0,0.0,0.0,0.0,0.0,0.0,False,False,True,True
Beauty,A3KWOC5Q92FAXO,audit,050d14d9668a45b4a0c52337123e8fb25f45ea28109876ca1ed3e65ac1883e2d,6,1,2,0.0,0.0,0.0,0.0,0.0,0.0,False,False,True,True
Beauty,A4MTS65UL9UQA,audit,050e22f4ce60cb541d811fb0013891242fc797f96dba0d5c8844d8097010eb8e,0,108,4,0.17647058823529413,-4.396509170532227,-4.5332350730896,-4.510749340057373,0.11424016952514648,0.13672590255737305,True,False,True,True
Beauty,A4MTS65UL9UQA,audit,050e22f4ce60cb541d811fb0013891242fc797f96dba0d5c8844d8097010eb8e,1,94,4,0.17647058823529413,-2.346062421798706,-5.587712287902832,-5.260080814361572,2.914018392562866,3.241649866104126,True,False,True,True
Beauty,A4MTS65UL9UQA,audit,050e22f4ce60cb541d811fb0013891242fc797f96dba0d5c8844d8097010eb8e,2,2,4,0.17647058823529413,-1.3994872570037842,-2.0126686096191406,-2.042870044708252,0.6433827877044678,0.6131813526153564,True,False,True,True
Beauty,A4MTS65UL9UQA,audit,050e22f4ce60cb541d811fb0013891242fc797f96dba0d5c8844d8097010eb8e,3,1,4,0.17647058823529413,0.0,0.0,0.0,0.0,0.0,False,False,True,True
Beauty,A4MTS65UL9UQA,audit,050e22f4ce60cb541d811fb0013891242fc797f96dba0d5c8844d8097010eb8e,4,1,4,0.17647058823529413,0.0,0.0,0.0,0.0,0.0,False,False,True,True
Beauty,A4MTS65UL9UQA,audit,050e22f4ce60cb541d811fb0013891242fc797f96dba0d5c8844d8097010eb8e,5,1,4,0.17647058823529413,0.0,0.0,0.0,0.0,0.0,False,False,True,True
Beauty,A4MTS65UL9UQA,audit,050e22f4ce60cb541d811fb0013891242fc797f96dba0d5c8844d8097010eb8e,6,1,4,0.17647058823529413,0.0,0.0,0.0,0.0,0.0,False,False,True,True
Beauty,AE1JPFDKRWO6K,audit,050eb0679d44b64afd19a36c247ddf8fdf3fc42d7426773283db099d28392ce3,0,108,2,0.0,-3.5253000259399414,-3.2213187217712402,-3.2847540378570557,-0.24054598808288574,-0.30398130416870117,False,False,True,True
Beauty,AE1JPFDKRWO6K,audit,050eb0679d44b64afd19a36c247ddf8fdf3fc42d7426773283db099d28392ce3,1,105,2,0.0,-0.7127195000648499,-2.2556893825531006,-1.7852586507797241,1.0725391507148743,1.5429698824882507,True,False,True,True
Beauty,AE1JPFDKRWO6K,audit,050eb0679d44b64afd19a36c247ddf8fdf3fc42d7426773283db099d28392ce3,2,4,2,0.0,-0.017378320917487144,-0.02016788348555565,-0.011074741370975971,-0.006303579546511173,0.0027895625680685043,False,False,True,True
Beauty,AE1JPFDKRWO6K,audit,050eb0679d44b64afd19a36c247ddf8fdf3fc42d7426773283db099d28392ce3,3,1,2,0.0,0.0,0.0,0.0,0.0,0.0,False,False,True,True
Beauty,AE1JPFDKRWO6K,audit,050eb0679d44b64afd19a36c247ddf8fdf3fc42d7426773283db099d28392ce3,4,1,2,0.0,0.0,0.0,0.0,0.0,0.0,False,False,True,True
Beauty,AE1JPFDKRWO6K,audit,050eb0679d44b64afd19a36c247ddf8fdf3fc42d7426773283db099d28392ce3,5,1,2,0.0,0.0,0.0,0.0,0.0,0.0,False,False,True,True
Beauty,AE1JPFDKRWO6K,audit,050eb0679d44b64afd19a36c247ddf8fdf3fc42d7426773283db099d28392ce3,6,1,2,0.0,0.0,0.0,0.0,0.0,0.0,False,False,True,True
Beauty,A2DG3YVEU37IZ7,audit,0527646041c87f05592852564c9ea3f7f7fca87538802014d1f86a8151dc2289,0,108,2,0.0,-1.353895664215088,-4.796848297119141,-4.921285629272461,3.567389965057373,3.4429526329040527,True,False,True,True
Beauty,A2DG3YVEU37IZ7,audit,0527646041c87f05592852564c9ea3f7f7fca87538802014d1f86a8151dc2289,1,93,2,0.0,-0.0003003622987307608,-10.18472671508789,-11.0000638961792,10.999763533880468,10.18442635278916,True,False,True,True
Beauty,A2DG3YVEU37IZ7,audit,0527646041c87f05592852564c9ea3f7f7fca87538802014d1f86a8151dc2289,2,2,2,0.0,0.0,-19.359859466552734,-19.482301712036133,19.482301712036133,19.359859466552734,True,False,True,True
Beauty,A2DG3YVEU37IZ7,audit,0527646041c87f05592852564c9ea3f7f7fca87538802014d1f86a8151dc2289,3,1,2,0.0,0.0,0.0,0.0,0.0,0.0,False,False,True,True
Beauty,A2DG3YVEU37IZ7,audit,0527646041c87f05592852564c9ea3f7f7fca87538802014d1f86a8151dc2289,4,1,2,0.0,0.0,0.0,0.0,0.0,0.0,False,False,True,True
Beauty,A2DG3YVEU37IZ7,audit,0527646041c87f05592852564c9ea3f7f7fca87538802014d1f86a8151dc2289,5,1,2,0.0,0.0,0.0,0.0,0.0,0.0,False,False,True,True
Beauty,A2DG3YVEU37IZ7,audit,0527646041c87f05592852564c9ea3f7f7fca87538802014d1f86a8151dc2289,6,1,2,0.0,0.0,0.0,0.0,0.0,0.0,False,False,True,True
Beauty,A3OE8046KWT42B,audit,054d454f4ee8079f17c638bed1089a096603266c92a818f6081d306a044ad66c,0,108,9,0.0,-3.7892115116119385,-4.299408435821533,-4.438077926635742,0.6488664150238037,0.5101969242095947,True,False,True,True
Beauty,A3OE8046KWT42B,audit,054d454f4ee8079f17c638bed1089a096603266c92a818f6081d306a044ad66c,1,51,9,0.0,-2.7187013626098633,-4.693289279937744,-4.9463934898376465,2.227692127227783,1.9745879173278809,True,False,True,True
Beauty,A3OE8046KWT42B,audit,054d454f4ee8079f17c638bed1089a096603266c92a818f6081d306a044ad66c,2,2,9,0.0,-2.0265558760002023e-06,-2.8643155097961426,-2.913930654525757,2.913928627969881,2.8643134832402666,True,False,True,True
Beauty,A3OE8046KWT42B,audit,054d454f4ee8079f17c638bed1089a096603266c92a818f6081d306a044ad66c,3,1,9,0.0,0.0,0.0,0.0,0.0,0.0,False,False,True,True
Beauty,A3OE8046KWT42B,audit,054d454f4ee8079f17c638bed1089a096603266c92a818f6081d306a044ad66c,4,1,9,0.0,0.0,0.0,0.0,0.0,0.0,False,False,True,True
Beauty,A3OE8046KWT42B,audit,054d454f4ee8079f17c638bed1089a096603266c92a818f6081d306a044ad66c,5,1,9,0.0,0.0,0.0,0.0,0.0,0.0,False,False,True,True
Beauty,A3OE8046KWT42B,audit,054d454f4ee8079f17c638bed1089a096603266c92a818f6081d306a044ad66c,6,1,9,0.0,0.0,0.0,0.0,0.0,0.0,False,False,True,True
Beauty,A2B00ZSEERJ2Z6,audit,054f340e6b951ad117837f7001b232b374a576f24e4888ad1b8e3e200aa18aa6,0,108,6,0.0,-3.2023730278015137,-4.973568916320801,-5.278183460235596,2.075810432434082,1.771195888519287,True,False,True,True
Beauty,A2B00ZSEERJ2Z6,audit,054f340e6b951ad117837f7001b232b374a576f24e4888ad1b8e3e200aa18aa6,1,59,6,0.0,-3.731181277544238e-05,-4.636765003204346,-4.536540508270264,4.536503196457488,4.63672769139157,True,False,True,True
Beauty,A2B00ZSEERJ2Z6,audit,054f340e6b951ad117837f7001b232b374a576f24e4888ad1b8e3e200aa18aa6,2,1,6,0.0,0.0,0.0,0.0,0.0,0.0,False,False,True,True
Beauty,A2B00ZSEERJ2Z6,audit,054f340e6b951ad117837f7001b232b374a576f24e4888ad1b8e3e200aa18aa6,3,1,6,0.0,0.0,0.0,0.0,0.0,0.0,False,False,True,True
Beauty,A2B00ZSEERJ2Z6,audit,054f340e6b951ad117837f7001b232b374a576f24e4888ad1b8e3e200aa18aa6,4,1,6,0.0,0.0,0.0,0.0,0.0,0.0,False,False,True,True
Beauty,A2B00ZSEERJ2Z6,audit,054f340e6b951ad117837f7001b232b374a576f24e4888ad1b8e3e200aa18aa6,5,1,6,0.0,0.0,0.0,0.0,0.0,0.0,False,False,True,True
Beauty,A2B00ZSEERJ2Z6,audit,054f340e6b951ad117837f7001b232b374a576f24e4888ad1b8e3e200aa18aa6,6,1,6,0.0,0.0,0.0,0.0,0.0,0.0,False,False,True,True
Beauty,A1CDQZ1502B1G7,audit,0577178c004e067459da03fc27e787d3c1c037f2eb0ad621c1ee9c7f4b68b337,0,108,3,0.05263157894736842,-5.4047088623046875,-5.4339985847473145,-5.53191614151001,0.12720727920532227,0.029289722442626953,True,True,True,True
Beauty,A1CDQZ1502B1G7,audit,0577178c004e067459da03fc27e787d3c1c037f2eb0ad621c1ee9c7f4b68b337,1,58,3,0.05263157894736842,-2.018587112426758,-2.5254385471343994,-2.2887701988220215,0.27018308639526367,0.5068514347076416,True,False,True,True
Beauty,A1CDQZ1502B1G7,audit,0577178c004e067459da03fc27e787d3c1c037f2eb0ad621c1ee9c7f4b68b337,2,1,3,0.05263157894736842,0.0,0.0,0.0,0.0,0.0,False,False,True,True
Beauty,A1CDQZ1502B1G7,audit,0577178c004e067459da03fc27e787d3c1c037f2eb0ad621c1ee9c7f4b68b337,3,1,3,0.05263157894736842,0.0,0.0,0.0,0.0,0.0,False,False,True,True
Beauty,A1CDQZ1502B1G7,audit,0577178c004e067459da03fc27e787d3c1c037f2eb0ad621c1ee9c7f4b68b337,4,1,3,0.05263157894736842,0.0,0.0,0.0,0.0,0.0,False,False,True,True
Beauty,A1CDQZ1502B1G7,audit,0577178c004e067459da03fc27e787d3c1c037f2eb0ad621c1ee9c7f4b68b337,5,1,3,0.05263157894736842,0.0,0.0,0.0,0.0,0.0,False,False,True,True
Beauty,A1CDQZ1502B1G7,audit,0577178c004e067459da03fc27e787d3c1c037f2eb0ad621c1ee9c7f4b68b337,6,1,3,0.05263157894736842,0.0,0.0,0.0,0.0,0.0,False,False,True,True
Beauty,A16OBP6WFU3JH1,audit,05a4206670681ac62037b92caf95830a17f77ea47404e29dc576471b567ed254,0,108,3,0.0,-1.2130228281021118,-1.6437554359436035,-0.7434688210487366,-0.46955400705337524,0.4307326078414917,False,False,True,True
Beauty,A16OBP6WFU3JH1,audit,05a4206670681ac62037b92caf95830a17f77ea47404e29dc576471b567ed254,1,255,3,0.0,-4.579317092895508,-5.706778526306152,-3.8364996910095215,-0.7428174018859863,1.1274614334106445,False,False,True,True
Beauty,A16OBP6WFU3JH1,audit,05a4206670681ac62037b92caf95830a17f77ea47404e29dc576471b567ed254,2,2,3,0.0,-0.003264813916757703,-0.02010888233780861,-0.05823893845081329,0.05497412453405559,0.016844068421050906,True,True,True,True
Beauty,A16OBP6WFU3JH1,audit,05a4206670681ac62037b92caf95830a17f77ea47404e29dc576471b567ed254,3,1,3,0.0,0.0,0.0,0.0,0.0,0.0,False,False,True,True
Beauty,A16OBP6WFU3JH1,audit,05a4206670681ac62037b92caf95830a17f77ea47404e29dc576471b567ed254,4,1,3,0.0,0.0,0.0,0.0,0.0,0.0,False,False,True,True
Beauty,A16OBP6WFU3JH1,audit,05a4206670681ac62037b92caf95830a17f77ea47404e29dc576471b567ed254,5,1,3,0.0,0.0,0.0,0.0,0.0,0.0,False,False,True,True
Beauty,A16OBP6WFU3JH1,audit,05a4206670681ac62037b92caf95830a17f77ea47404e29dc576471b567ed254,6,1,3,0.0,0.0,0.0,0.0,0.0,0.0,False,False,True,True
Beauty,A16Q29GKE0WNW4,audit,05a6d45b46ef92945b4fe1b53c4c1f2cc1c5204a1ebf487cfa00f7b039f91eee,0,108,2,0.0,-1.5397685766220093,-5.83928108215332,-4.977173805236816,3.437405228614807,4.299512505531311,True,False,True,True
Beauty,A16Q29GKE0WNW4,audit,05a6d45b46ef92945b4fe1b53c4c1f2cc1c5204a1ebf487cfa00f7b039f91eee,1,60,2,0.0,-7.748573807475623e-06,-4.9686689376831055,-4.608645915985107,4.6086381674113,4.968661189109298,True,False,True,True
Beauty,A16Q29GKE0WNW4,audit,05a6d45b46ef92945b4fe1b53c4c1f2cc1c5204a1ebf487cfa00f7b039f91eee,2,1,2,0.0,0.0,0.0,0.0,0.0,0.0,False,False,True,True
Beauty,A16Q29GKE0WNW4,audit,05a6d45b46ef92945b4fe1b53c4c1f2cc1c5204a1ebf487cfa00f7b039f91eee,3,2,2,0.0,0.0,-4.652647972106934,-3.631072998046875,3.631072998046875,4.652647972106934,True,False,True,True
Beauty,A16Q29GKE0WNW4,audit,05a6d45b46ef92945b4fe1b53c4c1f2cc1c5204a1ebf487cfa00f7b039f91eee,4,1,2,0.0,0.0,0.0,0.0,0.0,0.0,False,False,True,True
Beauty,A16Q29GKE0WNW4,audit,05a6d45b46ef92945b4fe1b53c4c1f2cc1c5204a1ebf487cfa00f7b039f91eee,5,1,2,0.0,0.0,0.0,0.0,0.0,0.0,False,False,True,True
Beauty,A16Q29GKE0WNW4,audit,05a6d45b46ef92945b4fe1b53c4c1f2cc1c5204a1ebf487cfa00f7b039f91eee,6,1,2,0.0,0.0,0.0,0.0,0.0,0.0,False,False,True,True
Beauty,A2OW356OMJNAVH,audit,05b587fb42131cdca8ca9822a424b33bfedb96a2d0ce81a4ef4b9872ee5ef764,0,108,20,0.1111111111111111,-2.821159839630127,-3.007730007171631,-3.9089584350585938,1.0877985954284668,0.1865701675415039,True,False,True,True
Beauty,A2OW356OMJNAVH,audit,05b587fb42131cdca8ca9822a424b33bfedb96a2d0ce81a4ef4b9872ee5ef764,1,96,20,0.1111111111111111,-0.33843791484832764,-1.7334508895874023,-1.2830736637115479,0.9446357488632202,1.3950129747390747,True,False,True,True
Beauty,A2OW356OMJNAVH,audit,05b587fb42131cdca8ca9822a424b33bfedb96a2d0ce81a4ef4b9872ee5ef764,2,2,20,0.1111111111111111,-0.0002203936892328784,-0.08345287293195724,-0.37176162004470825,0.3715412263554754,0.08323247924272437,True,True,True,True
Beauty,A2OW356OMJNAVH,audit,05b587fb42131cdca8ca9822a424b33bfedb96a2d0ce81a4ef4b9872ee5ef764,3,8,20,0.1111111111111111,-0.3863433301448822,-2.4424591064453125,-2.1532552242279053,1.766911894083023,2.0561157763004303,True,False,True,True
Beauty,A2OW356OMJNAVH,audit,05b587fb42131cdca8ca9822a424b33bfedb96a2d0ce81a4ef4b9872ee5ef764,4,1,20,0.1111111111111111,0.0,0.0,0.0,0.0,0.0,False,False,True,True
Beauty,A2OW356OMJNAVH,audit,05b587fb42131cdca8ca9822a424b33bfedb96a2d0ce81a4ef4b9872ee5ef764,5,1,20,0.1111111111111111,0.0,0.0,0.0,0.0,0.0,False,False,True,True
Beauty,A2OW356OMJNAVH,audit,05b587fb42131cdca8ca9822a424b33bfedb96a2d0ce81a4ef4b9872ee5ef764,6,1,20,0.1111111111111111,0.0,0.0,0.0,0.0,0.0,False,False,True,True
Beauty,A3S3YW6II31OZV,audit,05c01eb632a4ddf147284baa187da3931b70736106424c7abbc7a1206057378f,0,108,5,0.0,-5.657522201538086,-5.59637451171875,-5.703450679779053,0.0459284782409668,-0.06114768981933594,True,True,True,True
Beauty,A3S3YW6II31OZV,audit,05c01eb632a4ddf147284baa187da3931b70736106424c7abbc7a1206057378f,1,16,5,0.0,-2.5305910110473633,-3.210831642150879,-3.233158588409424,0.7025675773620605,0.6802406311035156,True,False,True,True
Beauty,A3S3YW6II31OZV,audit,05c01eb632a4ddf147284baa187da3931b70736106424c7abbc7a1206057378f,2,3,5,0.0,-0.4990726709365845,-1.0129207372665405,-1.0727181434631348,0.5736454725265503,0.513848066329956,True,False,True,True
Beauty,A3S3YW6II31OZV,audit,05c01eb632a4ddf147284baa187da3931b70736106424c7abbc7a1206057378f,3,1,5,0.0,0.0,0.0,0.0,0.0,0.0,False,False,True,True
Beauty,A3S3YW6II31OZV,audit,05c01eb632a4ddf147284baa187da3931b70736106424c7abbc7a1206057378f,4,1,5,0.0,0.0,0.0,0.0,0.0,0.0,False,False,True,True
Beauty,A3S3YW6II31OZV,audit,05c01eb632a4ddf147284baa187da3931b70736106424c7abbc7a1206057378f,5,2,5,0.0,-0.005976899527013302,-0.00397641584277153,-0.003847816027700901,-0.002129083499312401,-0.0020004836842417717,False,False,True,True
Beauty,A3S3YW6II31OZV,audit,05c01eb632a4ddf147284baa187da3931b70736106424c7abbc7a1206057378f,6,1,5,0.0,0.0,0.0,0.0,0.0,0.0,False,False,True,True
Beauty,A3S3YW6II31OZV,audit,05c01eb632a4ddf147284baa187da3931b70736106424c7abbc7a1206057378f,7,2,5,0.0,-0.13726338744163513,-0.1600789576768875,-0.12608276307582855,-0.01118062436580658,0.02281557023525238,False,False,True,True
Beauty,A1HC8J4O0XLB3M,audit,05c044b00490867ad4f4a4b8e3a8b2812090eb5a8fd85a6403531bb6b8f48678,0,108,3,0.17647058823529413,-0.5125641822814941,-3.563253164291382,-3.9871485233306885,3.4745843410491943,3.0506889820098877,True,False,True,True
Beauty,A1HC8J4O0XLB3M,audit,05c044b00490867ad4f4a4b8e3a8b2812090eb5a8fd85a6403531bb6b8f48678,1,96,3,0.17647058823529413,-0.0003333727945573628,-6.8678998947143555,-7.40212345123291,7.401790078438353,6.867566521919798,True,False,True,True
Beauty,A1HC8J4O0XLB3M,audit,05c044b00490867ad4f4a4b8e3a8b2812090eb5a8fd85a6403531bb6b8f48678,2,2,3,0.17647058823529413,0.0,-0.38743922114372253,-0.13733310997486115,0.13733310997486115,0.38743922114372253,True,False,True,True
Beauty,A1HC8J4O0XLB3M,audit,05c044b00490867ad4f4a4b8e3a8b2812090eb5a8fd85a6403531bb6b8f48678,3,1,3,0.17647058823529413,0.0,0.0,0.0,0.0,0.0,False,False,True,True
Beauty,A1HC8J4O0XLB3M,audit,05c044b00490867ad4f4a4b8e3a8b2812090eb5a8fd85a6403531bb6b8f48678,4,1,3,0.17647058823529413,0.0,0.0,0.0,0.0,0.0,False,False,True,True
Beauty,A1HC8J4O0XLB3M,audit,05c044b00490867ad4f4a4b8e3a8b2812090eb5a8fd85a6403531bb6b8f48678,5,1,3,0.17647058823529413,0.0,0.0,0.0,0.0,0.0,False,False,True,True
Beauty,A1HC8J4O0XLB3M,audit,05c044b00490867ad4f4a4b8e3a8b2812090eb5a8fd85a6403531bb6b8f48678,6,1,3,0.17647058823529413,0.0,0.0,0.0,0.0,0.0,False,False,True,True
Beauty,AQO6QD60FZF4L,audit,05cb7c118e148b893d6a083e96535a0aaceb2bd7d8bbf4a32d8f78df0395a3ce,0,108,4,0.0,-2.0028257369995117,-2.3114781379699707,-1.9953153133392334,-0.00751042366027832,0.308652400970459,False,False,True,True
Beauty,AQO6QD60FZF4L,audit,05cb7c118e148b893d6a083e96535a0aaceb2bd7d8bbf4a32d8f78df0395a3ce,1,104,4,0.0,-3.608612060546875,-4.420856475830078,-3.7504520416259766,0.14183998107910156,0.8122444152832031,True,False,True,True
Beauty,AQO6QD60FZF4L,audit,05cb7c118e148b893d6a083e96535a0aaceb2bd7d8bbf4a32d8f78df0395a3ce,2,6,4,0.0,-0.4966542720794678,-0.3317365050315857,-0.47209662199020386,-0.024557650089263916,-0.16491776704788208,False,False,True,True
Beauty,AQO6QD60FZF4L,audit,05cb7c118e148b893d6a083e96535a0aaceb2bd7d8bbf4a32d8f78df0395a3ce,3,1,4,0.0,0.0,0.0,0.0,0.0,0.0,False,False,True,True
Beauty,AQO6QD60FZF4L,audit,05cb7c118e148b893d6a083e96535a0aaceb2bd7d8bbf4a32d8f78df0395a3ce,4,1,4,0.0,0.0,0.0,0.0,0.0,0.0,False,False,True,True
Beauty,AQO6QD60FZF4L,audit,05cb7c118e148b893d6a083e96535a0aaceb2bd7d8bbf4a32d8f78df0395a3ce,5,1,4,0.0,0.0,0.0,0.0,0.0,0.0,False,False,True,True
Beauty,AQO6QD60FZF4L,audit,05cb7c118e148b893d6a083e96535a0aaceb2bd7d8bbf4a32d8f78df0395a3ce,6,1,4,0.0,0.0,0.0,0.0,0.0,0.0,False,False,True,True
Beauty,A2S83REJR973X7,audit,05d08d89fe02d2cd9a7a00bb1712a7063a8404b9d61dd288539ad6e7df4e87ca,0,108,14,0.17647058823529413,-5.510159969329834,-5.537013053894043,-6.101220607757568,0.5910606384277344,0.026853084564208984,True,True,True,True
Beauty,A2S83REJR973X7,audit,05d08d89fe02d2cd9a7a00bb1712a7063a8404b9d61dd288539ad6e7df4e87ca,1,89,14,0.17647058823529413,-5.221591472625732,-5.973147392272949,-4.568321704864502,-0.6532697677612305,0.7515559196472168,False,False,True,True
Beauty,A2S83REJR973X7,audit,05d08d89fe02d2cd9a7a00bb1712a7063a8404b9d61dd288539ad6e7df4e87ca,2,1,14,0.17647058823529413,0.0,0.0,0.0,0.0,0.0,False,False,True,True
Beauty,A2S83REJR973X7,audit,05d08d89fe02d2cd9a7a00bb1712a7063a8404b9d61dd288539ad6e7df4e87ca,3,1,14,0.17647058823529413,0.0,0.0,0.0,0.0,0.0,False,False,True,True
Beauty,A2S83REJR973X7,audit,05d08d89fe02d2cd9a7a00bb1712a7063a8404b9d61dd288539ad6e7df4e87ca,4,1,14,0.17647058823529413,0.0,0.0,0.0,0.0,0.0,False,False,True,True
Beauty,A2S83REJR973X7,audit,05d08d89fe02d2cd9a7a00bb1712a7063a8404b9d61dd288539ad6e7df4e87ca,5,1,14,0.17647058823529413,0.0,0.0,0.0,0.0,0.0,False,False,True,True
Beauty,A2S83REJR973X7,audit,05d08d89fe02d2cd9a7a00bb1712a7063a8404b9d61dd288539ad6e7df4e87ca,6,1,14,0.17647058823529413,0.0,0.0,0.0,0.0,0.0,False,False,True,True
Beauty,A2CCNQGRDCCICC,audit,05e7d7b8ac07e4b7c745db078c4784ef23985d3e16a6d691a4862be75b077539,0,108,2,0.0,-3.5186409950256348,-4.13381814956665,-3.396104335784912,-0.12253665924072266,0.6151771545410156,False,False,True,True
Beauty,A2CCNQGRDCCICC,audit,05e7d7b8ac07e4b7c745db078c4784ef23985d3e16a6d691a4862be75b077539,1,105,2,0.0,-2.8526625633239746,-3.1173224449157715,-3.130859136581421,0.2781965732574463,0.2646598815917969,True,False,True,True
Beauty,A2CCNQGRDCCICC,audit,05e7d7b8ac07e4b7c745db078c4784ef23985d3e16a6d691a4862be75b077539,2,7,2,0.0,-0.6461438536643982,-0.77857506275177,-0.7484027147293091,0.10225886106491089,0.13243120908737183,True,False,True,True
Beauty,A2CCNQGRDCCICC,audit,05e7d7b8ac07e4b7c745db078c4784ef23985d3e16a6d691a4862be75b077539,3,1,2,0.0,0.0,0.0,0.0,0.0,0.0,False,False,True,True
Beauty,A2CCNQGRDCCICC,audit,05e7d7b8ac07e4b7c745db078c4784ef23985d3e16a6d691a4862be75b077539,4,1,2,0.0,0.0,0.0,0.0,0.0,0.0,False,False,True,True
Beauty,A2CCNQGRDCCICC,audit,05e7d7b8ac07e4b7c745db078c4784ef23985d3e16a6d691a4862be75b077539,5,1,2,0.0,0.0,0.0,0.0,0.0,0.0,False,False,True,True
Beauty,A2CCNQGRDCCICC,audit,05e7d7b8ac07e4b7c745db078c4784ef23985d3e16a6d691a4862be75b077539,6,2,2,0.0,-1.1205610462639015e-05,-1.2040065485052764e-05,-1.4305012882687151e-05,3.0994024200481363e-06,8.344550224137492e-07,True,True,True,True
Beauty,A3IW5VKZH9LH2Q,audit,05f4123296bab0345b4c25e44582d890df8ece68d0b42ac2a72e2fb2b351ab3e,0,108,2,0.0,-4.2917633056640625,-4.77043342590332,-3.5492100715637207,-0.7425532341003418,0.4786701202392578,False,False,True,True
Beauty,A3IW5VKZH9LH2Q,audit,05f4123296bab0345b4c25e44582d890df8ece68d0b42ac2a72e2fb2b351ab3e,1,118,2,0.0,-4.484241962432861,-4.122504711151123,-4.004915237426758,-0.4793267250061035,-0.3617372512817383,False,False,True,True
Beauty,A3IW5VKZH9LH2Q,audit,05f4123296bab0345b4c25e44582d890df8ece68d0b42ac2a72e2fb2b351ab3e,2,3,2,0.0,-0.014328333549201488,-0.20420552790164948,-0.1452600508928299,0.1309317173436284,0.189877194352448,True,False,True,True
Beauty,A3IW5VKZH9LH2Q,audit,05f4123296bab0345b4c25e44582d890df8ece68d0b42ac2a72e2fb2b351ab3e,3,1,2,0.0,0.0,0.0,0.0,0.0,0.0,False,False,True,True
Beauty,A3IW5VKZH9LH2Q,audit,05f4123296bab0345b4c25e44582d890df8ece68d0b42ac2a72e2fb2b351ab3e,4,2,2,0.0,-5.44235372543335,-11.316449165344238,-13.886731147766113,8.444377422332764,5.874095439910889,True,False,True,True
Beauty,A3IW5VKZH9LH2Q,audit,05f4123296bab0345b4c25e44582d890df8ece68d0b42ac2a72e2fb2b351ab3e,5,1,2,0.0,0.0,0.0,0.0,0.0,0.0,False,False,True,True
Beauty,A3IW5VKZH9LH2Q,audit,05f4123296bab0345b4c25e44582d890df8ece68d0b42ac2a72e2fb2b351ab3e,6,1,2,0.0,0.0,0.0,0.0,0.0,0.0,False,False,True,True
Beauty,A39WDZULIH08JY,audit,0601e818de63972e02d6c788e50a157fb68ca53a8280fa01fd92dfb1b6a16504,0,108,3,0.0,-1.9035154581069946,-2.4539079666137695,-1.812058687210083,-0.09145677089691162,0.5503925085067749,False,False,True,True
Beauty,A39WDZULIH08JY,audit,0601e818de63972e02d6c788e50a157fb68ca53a8280fa01fd92dfb1b6a16504,1,59,3,0.0,-1.3195596933364868,-2.478348731994629,-2.97548770904541,1.6559280157089233,1.158789038658142,True,False,True,True
Beauty,A39WDZULIH08JY,audit,0601e818de63972e02d6c788e50a157fb68ca53a8280fa01fd92dfb1b6a16504,2,3,3,0.0,-1.9745190143585205,-2.818162679672241,-2.333510637283325,0.3589916229248047,0.8436436653137207,True,False,True,True
Beauty,A39WDZULIH08JY,audit,0601e818de63972e02d6c788e50a157fb68ca53a8280fa01fd92dfb1b6a16504,3,1,3,0.0,0.0,0.0,0.0,0.0,0.0,False,False,True,True
Beauty,A39WDZULIH08JY,audit,0601e818de63972e02d6c788e50a157fb68ca53a8280fa01fd92dfb1b6a16504,4,1,3,0.0,0.0,0.0,0.0,0.0,0.0,False,False,True,True
Beauty,A39WDZULIH08JY,audit,0601e818de63972e02d6c788e50a157fb68ca53a8280fa01fd92dfb1b6a16504,5,1,3,0.0,0.0,0.0,0.0,0.0,0.0,False,False,True,True
Beauty,A39WDZULIH08JY,audit,0601e818de63972e02d6c788e50a157fb68ca53a8280fa01fd92dfb1b6a16504,6,1,3,0.0,0.0,0.0,0.0,0.0,0.0,False,False,True,True
Beauty,A2EWFC2M82ZZ9A,audit,0607e48c161f01af3d53cbe3a7fff16cd293208c55ed566095f8f25eb59ea616,0,108,6,0.05263157894736842,-1.7256598472595215,-1.3166835308074951,-1.4488539695739746,-0.2768058776855469,-0.40897631645202637,False,False,True,True
Beauty,A2EWFC2M82ZZ9A,audit,0607e48c161f01af3d53cbe3a7fff16cd293208c55ed566095f8f25eb59ea616,1,133,6,0.05263157894736842,-4.11904764175415,-6.172183513641357,-4.6573262214660645,0.5382785797119141,2.053135871887207,True,False,True,True
Beauty,A2EWFC2M82ZZ9A,audit,0607e48c161f01af3d53cbe3a7fff16cd293208c55ed566095f8f25eb59ea616,2,2,6,0.05263157894736842,-0.06277637183666229,-0.3309321403503418,-0.13367578387260437,0.07089941203594208,0.2681557685136795,True,False,True,True
Beauty,A2EWFC2M82ZZ9A,audit,0607e48c161f01af3d53cbe3a7fff16cd293208c55ed566095f8f25eb59ea616,3,1,6,0.05263157894736842,0.0,0.0,0.0,0.0,0.0,False,False,True,True
Beauty,A2EWFC2M82ZZ9A,audit,0607e48c161f01af3d53cbe3a7fff16cd293208c55ed566095f8f25eb59ea616,4,1,6,0.05263157894736842,0.0,0.0,0.0,0.0,0.0,False,False,True,True
Beauty,A2EWFC2M82ZZ9A,audit,0607e48c161f01af3d53cbe3a7fff16cd293208c55ed566095f8f25eb59ea616,5,1,6,0.05263157894736842,0.0,0.0,0.0,0.0,0.0,False,False,True,True
Beauty,A2EWFC2M82ZZ9A,audit,0607e48c161f01af3d53cbe3a7fff16cd293208c55ed566095f8f25eb59ea616,6,1,6,0.05263157894736842,0.0,0.0,0.0,0.0,0.0,False,False,True,True
Beauty,A285W83NMJ5W8W,audit,0621e1135534d3d174995d663742d1a10286a3a3eb9145f02b854237cdae671f,0,108,4,0.05263157894736842,-5.204738616943359,-5.130490303039551,-4.515664100646973,-0.6890745162963867,-0.0742483139038086,False,False,True,True
Beauty,A285W83NMJ5W8W,audit,0621e1135534d3d174995d663742d1a10286a3a3eb9145f02b854237cdae671f,1,62,4,0.05263157894736842,-1.7590829133987427,-3.9992432594299316,-4.159369468688965,2.400286555290222,2.240160346031189,True,False,True,True
Beauty,A285W83NMJ5W8W,audit,0621e1135534d3d174995d663742d1a10286a3a3eb9145f02b854237cdae671f,2,1,4,0.05263157894736842,0.0,0.0,0.0,0.0,0.0,False,False,True,True
Beauty,A285W83NMJ5W8W,audit,0621e1135534d3d174995d663742d1a10286a3a3eb9145f02b854237cdae671f,3,1,4,0.05263157894736842,0.0,0.0,0.0,0.0,0.0,False,False,True,True
Beauty,A285W83NMJ5W8W,audit,0621e1135534d3d174995d663742d1a10286a3a3eb9145f02b854237cdae671f,4,1,4,0.05263157894736842,0.0,0.0,0.0,0.0,0.0,False,False,True,True
Beauty,A285W83NMJ5W8W,audit,0621e1135534d3d174995d663742d1a10286a3a3eb9145f02b854237cdae671f,5,1,4,0.05263157894736842,0.0,0.0,0.0,0.0,0.0,False,False,True,True
Beauty,A285W83NMJ5W8W,audit,0621e1135534d3d174995d663742d1a10286a3a3eb9145f02b854237cdae671f,6,1,4,0.05263157894736842,0.0,0.0,0.0,0.0,0.0,False,False,True,True
Beauty,AN5Q2UDD9OP3H,audit,0633b0eb62a9277c3952fbcbeed3c47cba78b5f65725b8e44e30e81010bedbdb,0,108,2,0.0,-4.451571464538574,-3.7892775535583496,-3.668449878692627,-0.7831215858459473,-0.6622939109802246,False,False,True,True
Beauty,AN5Q2UDD9OP3H,audit,0633b0eb62a9277c3952fbcbeed3c47cba78b5f65725b8e44e30e81010bedbdb,1,118,2,0.0,-4.730921745300293,-6.346988677978516,-6.972613334655762,2.2416915893554688,1.6160669326782227,True,False,True,True
Beauty,AN5Q2UDD9OP3H,audit,0633b0eb62a9277c3952fbcbeed3c47cba78b5f65725b8e44e30e81010bedbdb,2,1,2,0.0,0.0,0.0,0.0,0.0,0.0,False,False,True,True
Beauty,AN5Q2UDD9OP3H,audit,0633b0eb62a9277c3952fbcbeed3c47cba78b5f65725b8e44e30e81010bedbdb,3,1,2,0.0,0.0,0.0,0.0,0.0,0.0,False,False,True,True
Beauty,AN5Q2UDD9OP3H,audit,0633b0eb62a9277c3952fbcbeed3c47cba78b5f65725b8e44e30e81010bedbdb,4,1,2,0.0,0.0,0.0,0.0,0.0,0.0,False,False,True,True
Beauty,AN5Q2UDD9OP3H,audit,0633b0eb62a9277c3952fbcbeed3c47cba78b5f65725b8e44e30e81010bedbdb,5,1,2,0.0,0.0,0.0,0.0,0.0,0.0,False,False,True,True
Beauty,AN5Q2UDD9OP3H,audit,0633b0eb62a9277c3952fbcbeed3c47cba78b5f65725b8e44e30e81010bedbdb,6,1,2,0.0,0.0,0.0,0.0,0.0,0.0,False,False,True,True
Beauty,A28YBL28P03P8V,audit,0635297eb0a1540b9da60acaa6dde103ddfe62a1f90392e7488a1a34a66e8473,0,108,6,0.0,-3.0671310424804688,-4.504807472229004,-4.891084671020508,1.823953628540039,1.4376764297485352,True,False,True,True
Beauty,A28YBL28P03P8V,audit,0635297eb0a1540b9da60acaa6dde103ddfe62a1f90392e7488a1a34a66e8473,1,18,6,0.0,-0.12437709420919418,-0.08610948175191879,-0.653878927230835,0.5295018330216408,-0.03826761245727539,True,True,True,True
Beauty,A28YBL28P03P8V,audit,0635297eb0a1540b9da60acaa6dde103ddfe62a1f90392e7488a1a34a66e8473,2,9,6,0.0,-0.531562089920044,-1.7928603887557983,-3.694204807281494,3.16264271736145,1.2612982988357544,True,False,True,True
Beauty,A28YBL28P03P8V,audit,0635297eb0a1540b9da60acaa6dde103ddfe62a1f90392e7488a1a34a66e8473,3,2,6,0.0,-0.2683006227016449,-0.40664568543434143,-1.197070837020874,0.9287702143192291,0.13834506273269653,True,False,True,True
Beauty,A28YBL28P03P8V,audit,0635297eb0a1540b9da60acaa6dde103ddfe62a1f90392e7488a1a34a66e8473,4,1,6,0.0,0.0,0.0,0.0,0.0,0.0,False,False,True,True
Beauty,A28YBL28P03P8V,audit,0635297eb0a1540b9da60acaa6dde103ddfe62a1f90392e7488a1a34a66e8473,5,1,6,0.0,0.0,0.0,0.0,0.0,0.0,False,False,True,True
Beauty,A28YBL28P03P8V,audit,0635297eb0a1540b9da60acaa6dde103ddfe62a1f90392e7488a1a34a66e8473,6,1,6,0.0,0.0,0.0,0.0,0.0,0.0,False,False,True,True
Beauty,A1XXK5ZIQ5YKKE,audit,063c9b7a462bfe7c6f1ab73e42d95f6aaf647d687beedd5ddfcb06f351bef121,0,108,3,0.0,-5.093379974365234,-4.093753814697266,-4.246467113494873,-0.8469128608703613,-0.9996261596679688,False,False,True,True
Beauty,A1XXK5ZIQ5YKKE,audit,063c9b7a462bfe7c6f1ab73e42d95f6aaf647d687beedd5ddfcb06f351bef121,1,89,3,0.0,-1.2949930429458618,-2.3992886543273926,-3.0983636379241943,1.8033705949783325,1.1042956113815308,True,False,True,True
Beauty,A1XXK5ZIQ5YKKE,audit,063c9b7a462bfe7c6f1ab73e42d95f6aaf647d687beedd5ddfcb06f351bef121,2,1,3,0.0,0.0,0.0,0.0,0.0,0.0,False,False,True,True
Beauty,A1XXK5ZIQ5YKKE,audit,063c9b7a462bfe7c6f1ab73e42d95f6aaf647d687beedd5ddfcb06f351bef121,3,1,3,0.0,0.0,0.0,0.0,0.0,0.0,False,False,True,True
Beauty,A1XXK5ZIQ5YKKE,audit,063c9b7a462bfe7c6f1ab73e42d95f6aaf647d687beedd5ddfcb06f351bef121,4,1,3,0.0,0.0,0.0,0.0,0.0,0.0,False,False,True,True
Beauty,A1XXK5ZIQ5YKKE,audit,063c9b7a462bfe7c6f1ab73e42d95f6aaf647d687beedd5ddfcb06f351bef121,5,1,3,0.0,0.0,0.0,0.0,0.0,0.0,False,False,True,True
Beauty,A1XXK5ZIQ5YKKE,audit,063c9b7a462bfe7c6f1ab73e42d95f6aaf647d687beedd5ddfcb06f351bef121,6,1,3,0.0,0.0,0.0,0.0,0.0,0.0,False,False,True,True
Beauty,A1XXK5ZIQ5YKKE,audit,063c9b7a462bfe7c6f1ab73e42d95f6aaf647d687beedd5ddfcb06f351bef121,7,2,3,0.0,-0.09790419042110443,-0.12405555695295334,-0.10111991316080093,0.0032157227396965027,0.026151366531848907,True,True,True,True
