user,split,sample_hash,history_length,recoverable_sum,recoverable_mean,recoverable_max,recoverable_positive_fraction,recoverable_ge8_fraction,displaced_cf_sum,displaced_cf_mean,metadata_lost_sum,metadata_lost_mean,metadata_retention_mean,metadata_retention_min,current_metadata_visible_sum,current_cf_visible_sum,log1p_popularity_mean,log1p_popularity_min,tail_item_fraction,top_k_similar_item_mean,lp_current,lp_recover,benefit,positive_label,predicted_probability
AXNOIG99M4JF5,audit,0066d26cedbfd28be9e626bf082d57cdb0d3dc960dacefceff403471b47e8bb6,2.0,66.0,33.0,33.0,1.0,1.0,58.0,29.0,524.0,262.0,0.2484084363250027,0.23056300268096513,172.0,58.0,2.484906649788,2.0794415416798357,0.0,5.0,-0.9016567468643188,-1.4692367315292358,-0.567579984664917,0,0.0779613212540892
A3JVYKAWHZK4QX,audit,0086c34506eb29fb570b3051348365d72124bb0a069604a630f8ce46d975b360,17.0,432.0,25.41176470588235,34.0,0.7647058823529411,0.7647058823529411,380.0,22.352941176470587,1002.0,58.94117647058823,0.649808728928865,0.40384615384615385,1321.0,497.0,3.193922756409855,1.0986122886681096,0.29411764705882354,5.0,-1.5249873399734497,-1.603367567062378,-0.07838022708892822,0,0.09543294695013502
A2SP41NNR0KMV2,audit,00cbd76b98a05a14dd6d649e3ba0a120ac111154d4c8074cab6e9cdb3852be2a,2.0,66.0,33.0,33.0,1.0,1.0,58.0,29.0,195.0,97.5,0.5090953386389475,0.3617021276595745,171.0,58.0,2.0715673631957663,1.9459101490553132,0.5,5.0,-0.15701696276664734,-1.4896260499954224,-1.3326090574264526,0,0.11003519591466865
AZSK4N4ZCZ16H,audit,00dc4ed54a994196c52472a2be1512bff1044ff3f7a3c03d7d6a59b809a24133,3.0,99.0,33.0,33.0,1.0,1.0,87.0,29.0,261.0,87.0,0.5088276045830004,0.43,258.0,87.0,2.633669017330807,1.791759469228055,0.3333333333333333,5.0,-0.954450786113739,-1.5667778253555298,-0.6123270392417908,0,0.132481954096668
A1Z9Y3MXTQVSCV,audit,00ed8d78918178b2434d39c63971269933751ae6ad3dd3fdc75ee8ba993c3775,2.0,59.0,29.5,33.0,1.0,1.0,55.0,27.5,176.0,88.0,0.5661319612590799,0.3644067796610169,172.0,58.0,2.418140953475739,1.9459101490553132,0.5,5.0,-1.2350265979766846,-1.9238109588623047,-0.6887843608856201,0,0.1282175210244286
A1AE8V6Y8T4KGL,audit,00f2e3b083225ca461fde254178dc64f721300c5efa2bd38477351d6ada327c7,3.0,33.0,11.0,33.0,0.3333333333333333,0.3333333333333333,29.0,9.666666666666666,158.0,52.666666666666664,0.7841530054644809,0.3524590163934426,225.0,87.0,2.992382161602823,1.6094379124341003,0.3333333333333333,5.0,-1.3969879150390625,-1.4109110832214355,-0.013923168182373047,0,0.2156501054267967
A1C157FRUD6JXH,audit,00f755e3120727586b9790ca5f00b8226978f6be7afa5fa7d6b65076b340cae8,4.0,106.0,26.5,33.0,1.0,0.75,94.0,23.5,573.0,143.25,0.47604774682783985,0.2478386167146974,344.0,116.0,2.7441955083049865,2.3025850929940455,0.0,5.0,-0.03526662662625313,-0.05612901598215103,-0.020862389355897903,0,0.10408145996191998
A11Y88M90AQ2ZO,audit,00f7b713eea5460a932e274d96b1f21f8774ef5240f09c691dd2f9bc97469495,3.0,53.0,17.666666666666668,33.0,1.0,1.0,49.0,16.333333333333332,139.0,46.333333333333336,0.736445313239298,0.4195121951219512,256.0,89.0,2.013418237092471,1.6094379124341003,0.6666666666666666,5.0,-0.41317233443260193,-0.2697069048881531,0.14346542954444885,1,0.10781243038903211
A27H0T39U3FZB5,audit,011ba62ef501fbb35716feb921ad84c8763c5d19c833f3aca7c24ab766a676df,2.0,67.0,33.5,34.0,1.0,1.0,59.0,29.5,408.0,204.0,0.4231103462377317,0.18973214285714285,171.0,59.0,4.264560881140755,3.784189633918261,0.0,5.0,-0.9480241537094116,-1.3319735527038574,-0.3839493989944458,0,0.16429976587663916
AY5UM0DV5T3YW,audit,012865f6ea884408c0de1247983d568567a8a711aa53acb11990d46683542732,2.0,33.0,16.5,33.0,0.5,0.5,29.0,14.5,152.0,76.0,0.680672268907563,0.36134453781512604,152.0,58.0,3.28122204684686,1.3862943611198906,0.5,5.0,-0.9667722582817078,-1.1720783710479736,-0.20530611276626587,0,0.26379054663841356
A2G00U3NCCUOGL,audit,012fa8afbadc6715ff5395eeecbf3178e64a3ce10c32974fc0aad03db168be20,3.0,99.0,33.0,33.0,1.0,1.0,87.0,29.0,415.0,138.33333333333334,0.4255776275007044,0.25595238095238093,258.0,87.0,2.5592878335594036,1.791759469228055,0.3333333333333333,5.0,-0.8556342124938965,-0.8384753465652466,0.017158865928649902,0,0.11830737444680478
A1IAQIZSXONWVU,audit,013802e405df328945da16bec3c54cebe44c11833b50f714155f5d71e15a2a42,16.0,296.0,18.5,34.0,0.5625,0.5625,262.0,16.375,1057.0,66.0625,0.7374053577003695,0.1371610845295056,1149.0,465.0,3.413988313654361,2.9444389791664403,0.0,5.0,-0.4977028965950012,-0.5268890261650085,-0.029186129570007324,0,0.10688564407672588
A9XZYM1OPW780,audit,014cf3cc361373b15d553cd50c5fa22e04915f920221a26b56d8aebb005f4a59,4.0,109.0,27.25,34.0,1.0,1.0,97.0,24.25,263.0,65.75,0.609037399666932,0.4263959390862944,341.0,118.0,2.9202870243461705,2.3025850929940455,0.0,5.0,-0.9431994557380676,-0.9246958494186401,0.01850360631942749,0,0.10464822536352154
A3057ZJL1OX1W0,audit,0150e673ca7d424bb8eed3d5abac9b79dcf83beee1340b4e44275b5601ec3a97,18.0,356.0,19.77777777777778,34.0,0.7222222222222222,0.6666666666666666,321.0,17.833333333333332,766.0,42.55555555555556,0.752750129755378,0.26959247648902823,1487.0,526.0,2.5461484820627978,1.6094379124341003,0.2777777777777778,5.0,-1.5293002128601074,-1.6190001964569092,-0.08969998359680176,0,0.05840003412585131
ALO0F99ZHATEU,audit,015fb72894dee775312d213224b53ca2226f6797da91a2b7a87c8d9513939f5b,2.0,53.0,26.5,33.0,1.0,1.0,49.0,24.5,56.0,28.0,0.7581193937519333,0.7049180327868853,172.0,58.0,1.844439727056968,1.6094379124341003,0.5,5.0,-0.6507790684700012,-0.6762598156929016,-0.02548074722290039,0,0.10962498834572407
A3MRYKKPAD40RP,audit,016e0c961d858d9a27c290cb10cc2e8f1e19c860dc71bc7888e036bd532d50c8,10.0,224.0,22.4,34.0,0.8,0.8,200.0,20.0,1044.0,104.4,0.6174349452461889,0.15579710144927536,805.0,294.0,2.7029911571328693,1.0986122886681096,0.3,5.0,-1.6592750549316406,-1.5616891384124756,0.09758591651916504,1,0.1241396653212179
A2KMV056844YV2,audit,017ba389bb6981d95a857d3da373d8f19c8eb7b37fa431ed357d683b3486ec83,4.0,133.0,33.25,34.0,1.0,1.0,117.0,29.25,361.0,90.25,0.49481321425809827,0.43434343434343436,342.0,117.0,3.3270031810727394,2.995732273553991,0.0,5.0,-0.5374571681022644,-1.4576005935668945,-0.9201434254646301,0,0.12616257536563324
A3AVVMEI28N2UJ,audit,0188212a5864aa563567a21cd37435cfcc77d1126a09f587636ee135719760e8,4.0,67.0,16.75,33.0,0.75,0.5,59.0,14.75,156.0,39.0,0.7614309480598047,0.49142857142857144,336.0,116.0,2.477863930546326,1.9459101490553132,0.25,5.0,-1.216041088104248,-1.9132219552993774,-0.6971808671951294,0,0.13180246030974477
A3GLWFCP5JIMNN,audit,0191a94d7b1a68cb39536fd474a795d97f5a5fdc902d72481c4d82cb6ac34d0e,3.0,33.0,11.0,33.0,0.3333333333333333,0.3333333333333333,29.0,9.666666666666666,85.0,28.333333333333332,0.8343079922027291,0.5029239766081871,221.0,87.0,1.8053668007348065,1.6094379124341003,0.6666666666666666,5.0,-0.03982169181108475,-0.23292216658592224,-0.1931004822254181,0,0.15566460652502148
AZE16AY05PUZ0,audit,01a233a04fbbb5384fa755b90c93ed7c09425c51c09536bedcf9cf6a4b6728ae,2.0,0.0,0.0,0.0,0.0,0.0,0.0,0.0,0.0,0.0,1.0,1.0,134.0,59.0,2.5619819897016294,2.0794415416798357,0.0,5.0,-1.3619725704193115,-1.314453125,0.04751944541931152,1,0.17047993747805987
A1KDCEBDE9BF2A,audit,01a433452c3f39beca5eba40f51bb700ec8b9cffde62d601dc9dbdc587734c58,5.0,97.0,19.4,34.0,0.8,0.8,90.0,18.0,100.0,20.0,0.8240314548428511,0.6967213114754098,401.0,146.0,2.9285761783654283,2.4849066497880004,0.0,5.0,-0.48151320219039917,-0.8457326889038086,-0.3642194867134094,0,0.1123171240026267
A354BXXZVZN1DD,audit,01a757ceb751be4f93c61a2e2ec5e0d3b9ef7b977110a52c3e09144241a6d5c9,3.0,33.0,11.0,33.0,0.3333333333333333,0.3333333333333333,29.0,9.666666666666666,43.0,14.333333333333334,0.8888888888888888,0.6666666666666666,238.0,87.0,2.891398980075301,2.5649493574615367,0.0,5.0,-0.45160236954689026,-0.6095079779624939,-0.15790560841560364,0,0.16380894753756994
A2UDY2FIZCVTTN,audit,01bc899e5f0cf96737b1de6ff19086ccf6d62fde80a25b4a723ac51382710e50,4.0,132.0,33.0,33.0,1.0,1.0,116.0,29.0,609.0,152.25,0.41206989356518725,0.23626373626373626,343.0,116.0,2.7680230532560683,2.197224577336219,0.0,5.0,-0.34102863073349,-1.167499303817749,-0.826470673084259,0,0.09715785932668716
A2SJTRA46IB0IH,audit,01c05293bc94afa7cb4545235d453091c2bd332c68727771c5c5e559e76c2934,4.0,33.0,8.25,33.0,0.25,0.25,29.0,7.25,212.0,53.0,0.8221476510067114,0.28859060402684567,307.0,116.0,3.445484565605667,1.6094379124341003,0.25,5.0,-1.9366239309310913,-1.9243710041046143,0.01225292682647705,0,0.2536406941830746
A1OX93IPAKL23R,audit,01c6635041d17d0c0b933a08b21d2b59a6a3fc8320c3ca214e17e935e308f797,2.0,44.0,22.0,33.0,1.0,1.0,40.0,20.0,132.0,66.0,0.6510284376711988,0.41545893719806765,172.0,58.0,3.261046399085076,2.995732273553991,0.0,5.0,-0.7327145338058472,-0.9079459309577942,-0.17523139715194702,0,0.12260556194162696
A27FYNIJC7T58I,audit,01da5063458a04926bf00f970de08121207ea48fc406f308151c72040ef0cc6d,4.0,41.0,10.25,33.0,0.5,0.5,37.0,9.25,262.0,65.5,0.7919586983729662,0.2529411764705882,287.0,116.0,2.5542093429341213,1.0986122886681096,0.5,5.0,-1.4046921730041504,-1.6082813739776611,-0.20358920097351074,0,0.1733001088865463
A3GBRY8W4MIZAM,audit,01e35a21e788aab703af66555e3fa9300c2b6a95338d926f61921bfcc146c22e,2.0,34.0,17.0,34.0,0.5,0.5,30.0,15.0,103.0,51.5,0.726063829787234,0.4521276595744681,140.0,59.0,2.470821211304652,1.9459101490553132,0.5,5.0,-1.4242995977401733,-1.5744149684906006,-0.15011537075042725,0,0.17960304012651135
A351EURUGWPUUA,audit,01f2048e61e36ce46179d2f805985b063283bfe595f1a7cab9bdf3b51d72b506,3.0,92.0,30.666666666666668,33.0,1.0,1.0,84.0,28.0,641.0,213.66666666666666,0.4785663279798973,0.1376,259.0,86.0,2.9948978968146176,1.791759469228055,0.3333333333333333,5.0,-0.5570728182792664,-0.6442428827285767,-0.0871700644493103,0,0.12637140191971036
A6U5RO3NVNJ8E,audit,01ff8aea253cdfe9ed35f1491e8fe86cb26fa2f25317f0ef799cd837c35c122a,7.0,166.0,23.714285714285715,34.0,0.7142857142857143,0.7142857142857143,146.0,20.857142857142858,502.0,71.71428571428571,0.6466274325475657,0.315018315018315,581.0,204.0,2.6561333975584778,1.791759469228055,0.42857142857142855,5.0,-1.9548084735870361,-1.7856136560440063,0.16919481754302979,1,0.13166391814254172
A2F9I7CI9GWANO,audit,0205c9dd8a029d34fc3e4a0ec29634bff2299f642907bff53d599f10f6339bd5,11.0,114.0,10.363636363636363,33.0,0.45454545454545453,0.45454545454545453,106.0,9.636363636363637,250.0,22.727272727272727,0.8605311873965888,0.4187192118226601,822.0,319.0,3.098878715661141,1.791759469228055,0.18181818181818182,5.0,-0.8142110109329224,-1.0326855182647705,-0.21847450733184814,0,0.14587078735334044
A3339OATDLL33V,audit,0211c3edf6905f2f5bc668c8312dd5d59b2513265c7d2d76d5487571ad0d12ed,3.0,53.0,17.666666666666668,33.0,0.6666666666666666,0.6666666666666666,49.0,16.333333333333332,139.0,46.333333333333336,0.7436109832796441,0.4195121951219512,258.0,87.0,2.17598597254085,1.3862943611198906,0.3333333333333333,5.0,-0.494795024394989,-2.269496440887451,-1.7747013568878174,0,0.12273421438657062
A1SHME7L3P78X3,audit,0253f104e201940629e283d56bf13d43f2e23151589509c3497b2653dfcc4a1b,2.0,66.0,33.0,33.0,1.0,1.0,58.0,29.0,166.0,83.0,0.5193496515990709,0.44559585492227977,172.0,58.0,1.7005986908310775,1.6094379124341003,1.0,5.0,-1.6882365942001343,-1.681807518005371,0.006429076194763184,0,0.13842945851474042
A3BA4F1E2PGRCC,audit,0255e7c073fc733a2d6d458cefdd6875159048eb42891a8756265bf633a50cea,3.0,99.0,33.0,33.0,1.0,1.0,87.0,29.0,475.0,158.33333333333334,0.395175733072179,0.26959247648902823,257.0,87.0,3.438355753881382,1.9459101490553132,0.3333333333333333,5.0,-0.4925232231616974,-0.47487378120422363,0.017649441957473755,0,0.18269846372988258
A26Y0SMLXSNVG7,audit,02853727b9b3dc3ea2998d9497706e40736a63f65366b30704065a8ee8181b16,3.0,78.0,26.0,33.0,1.0,1.0,74.0,24.666666666666668,108.0,36.0,0.7217220772931411,0.5771812080536913,258.0,87.0,3.403657417428029,2.833213344056216,0.0,5.0,-0.9250961542129517,-0.9412130117416382,-0.016116857528686523,0,0.13692174739239843
A1CANGVKCCXCHG,audit,029dc1ba4849174f8afcf39d904be423ff727e4421e154edabfcb05683b2bb8d,3.0,53.0,17.666666666666668,33.0,0.6666666666666666,0.6666666666666666,49.0,16.333333333333332,63.0,21.0,0.8259958071278826,0.6666666666666666,253.0,87.0,2.9376144778390647,2.0794415416798357,0.0,5.0,-1.8096492290496826,-2.1648621559143066,-0.355212926864624,0,0.14532453303661044
A39UYY0LJ6IO6Z,audit,02c210c209f93875c35e2b5393f95fd2c86fd77a7caf0fbeb202bb2d896904ee,6.0,98.0,16.333333333333332,33.0,0.6666666666666666,0.5,90.0,15.0,235.0,39.166666666666664,0.7828082848380976,0.36134453781512604,450.0,175.0,4.154700006043179,1.791759469228055,0.16666666666666666,5.0,-1.4983553886413574,-1.5619299411773682,-0.06357455253601074,0,0.26129332165395563
A1XJ9EVMRATYBN,audit,02d5083f9160ec6341d63f98698b7f33c8b319da8d8e03519ba0692753a23bca,9.0,212.0,23.555555555555557,35.0,0.7777777777777778,0.7777777777777778,188.0,20.88888888888889,576.0,64.0,0.6615553241077367,0.29577464788732394,752.0,263.0,2.9181000654496887,1.9459101490553132,0.1111111111111111,5.0,-1.5163789987564087,-2.3395752906799316,-0.823196291923523,0,0.10110534349888224
A29XK5H3AA5S01,audit,02e1d16526de195a18053381276be0b46f7444af0d1fd93ff44af779b520ff21,14.0,251.0,17.928571428571427,33.0,0.6428571428571429,0.6428571428571429,228.0,16.285714285714285,469.0,33.5,0.7856797638970295,0.36909871244635195,1081.0,407.0,2.906027244260066,1.791759469228055,0.07142857142857142,5.0,-0.8719443082809448,-0.7360794544219971,0.13586485385894775,1,0.08115824450043654
A3DURFM75XV494,audit,02e50d643fb5a2b5b0ff48adca4cb195e9238ec224ff8f7c92aa953c04c42373,3.0,66.0,22.0,33.0,0.6666666666666666,0.6666666666666666,58.0,19.333333333333332,566.0,188.66666666666666,0.49020131242353465,0.2123456790123457,257.0,87.0,2.671445245766474,1.9459101490553132,0.3333333333333333,5.0,-0.1780133694410324,-2.6366147994995117,-2.458601474761963,0,0.13750837921408737
A1LAV7SV0BD6DS,audit,02f319d77d37bf9eaaf4b86183ec8dc92b7e1c817a32398e7e194c022488191c,2.0,40.0,20.0,32.0,1.0,1.0,36.0,18.0,135.0,67.5,0.6607178365480215,0.40654205607476634,173.0,57.0,1.868834809141684,1.791759469228055,1.0,5.0,-1.4459413290023804,-1.632725477218628,-0.18678414821624756,0,0.1286226222416692
A1LFGOMRDJ79O3,audit,02f3e697e8d48d87b19ebb859ebe9e70ab8893c0abe140ddd2c0f0435c661523,5.0,160.0,32.0,33.0,1.0,1.0,144.0,28.8,761.0,152.2,0.49598133871951333,0.1574074074074074,429.0,145.0,3.783162061305125,2.833213344056216,0.0,5.0,-0.7733196020126343,-1.49726140499115,-0.7239418029785156,0,0.14086929687525296
AJA8ABXYA9B5O,audit,02fa9e9193ae477105ad99c96dd3cd265af235895dc9658a8fddfd072ea690e3,3.0,28.0,9.333333333333334,28.0,0.3333333333333333,0.3333333333333333,28.0,9.333333333333334,28.0,9.333333333333334,0.918840579710145,0.7565217391304347,227.0,86.0,2.4559028574581236,1.791759469228055,0.3333333333333333,5.0,-0.6048213243484497,-0.6906397342681885,-0.08581840991973877,0,0.17682728925954044
A2QNXW1P4GWB6,audit,0300a8417707b974af2cedfe8740a9a39988d068324bff7cf0dcb383fb20bd07,2.0,22.0,11.0,13.0,1.0,1.0,22.0,11.0,22.0,11.0,0.8869750132908027,0.8686868686868687,172.0,58.0,2.5249280036247685,2.4849066497880004,0.0,5.0,-1.5326110124588013,-1.6917555332183838,-0.15914452075958252,0,0.08530061269002866
A2O4ZBYGBJJL2E,audit,0321fd70aba28fbba085221381b7c868c2afdc33c292ce8840b46cd55eb8e47e,2.0,67.0,33.5,34.0,1.0,1.0,59.0,29.5,274.0,137.0,0.4336381836381836,0.28619528619528617,171.0,59.0,3.4067222997554474,3.2580965380214817,0.0,5.0,-1.6069577932357788,-1.6615688800811768,-0.05461108684539795,0,0.13009837640708888
A31EHS1DUV3Y4C,audit,033cafd95dfc16ac9f5763de86b76ec1d3b1c85b00ba8343584eaa469b0b18cd,3.0,12.0,4.0,12.0,0.3333333333333333,0.3333333333333333,12.0,4.0,12.0,4.0,0.9591836734693877,0.8775510204081632,225.0,87.0,2.7383354775871918,1.9459101490553132,0.3333333333333333,5.0,-1.2610270977020264,-1.389562964439392,-0.12853586673736572,0,0.18857228243413798
A3N752EG18MMZW,audit,0348744754b0058ac9d35e78ad6e1bf2181a1a6e4b678c45b51cb284e779ce84,7.0,194.0,27.714285714285715,34.0,0.8571428571428571,0.8571428571428571,175.0,25.0,1002.0,143.14285714285714,0.5767004021456509,0.11700680272108843,565.0,204.0,2.8553163565231268,1.6094379124341003,0.14285714285714285,5.0,-0.7071208953857422,-1.1272571086883545,-0.4201362133026123,0,0.11659058163544257
A1I3SPGTEDK430,audit,035759b9b4961d68f7cf98491fbac2e65ad31f4dd1e58136d577b5113065dcf7,3.0,33.0,11.0,33.0,0.3333333333333333,0.3333333333333333,29.0,9.666666666666666,33.0,11.0,0.907563025210084,0.7226890756302521,211.0,88.0,4.241726296709129,3.8066624897703196,0.0,5.0,-1.0459760427474976,-1.127958059310913,-0.08198201656341553,0,0.27755771178245536
A2I6O3SYDQO39E,audit,035c8b6a0af644b16bcdbc4fdacdbb97a8d5ce1e0718fb0f461db94a5dc1b193,8.0,241.0,30.125,33.0,1.0,1.0,217.0,27.125,1332.0,166.5,0.5059499083536709,0.11764705882352941,688.0,232.0,3.0489987977931694,1.6094379124341003,0.125,5.0,-0.7059725522994995,-1.1629350185394287,-0.4569624662399292,0,0.11938003663369226
A2EDYS9VSSEZV4,audit,0362b591d1cbf13199c07f9695989b951f9189985409659964a5896e493bed6b,2.0,33.0,16.5,33.0,0.5,0.5,29.0,14.5,69.0,34.5,0.7774193548387096,0.5548387096774193,138.0,58.0,2.5375869076169133,2.3025850929940455,0.0,5.0,-2.277076244354248,-2.3197250366210938,-0.0426487922668457,0,0.13321526706785533
A1UGPIBPZGWJKF,audit,0369a634e746d2e735eda2d0502fa03757972b4bd75f0363850ca088d6cee099,2.0,51.0,25.5,33.0,1.0,1.0,47.0,23.5,54.0,27.0,0.7642237222757955,0.7049180327868853,170.0,60.0,2.6441335153472676,1.791759469228055,0.5,5.0,-0.3124719560146332,-0.3338983356952667,-0.021426379680633545,0,0.16205468324839423
AN9AZNETN79IK,audit,0370011147604eed62fff4ed2d63ffc739217181672e929908a503fb1733738e,2.0,33.0,16.5,33.0,0.5,0.5,29.0,14.5,63.0,31.5,0.7885906040268457,0.5771812080536913,153.0,58.0,3.835680461595322,3.6109179126442243,0.0,5.0,-1.6755939722061157,-1.7372220754623413,-0.061628103256225586,0,0.22031572562301976
A12CC0H8AWM9YC,audit,0375b447f8163fc40cd858caa77046636060c2552719e3b0e5e1f96a8734746d,3.0,99.0,33.0,33.0,1.0,1.0,87.0,29.0,275.0,91.66666666666667,0.5000616765102875,0.4075829383886256,258.0,87.0,2.705372810536455,1.791759469228055,0.6666666666666666,5.0,-1.1970717906951904,-1.336782693862915,-0.1397109031677246,0,0.16929313813904995
A2ZR42FLIFQNV6,audit,0375df3efca354151c6b41235481a7ced3aa8f0450f1838d4335eba4308b7ec1,2.0,66.0,33.0,33.0,1.0,1.0,58.0,29.0,263.0,131.5,0.3958730158730159,0.38222222222222224,172.0,58.0,2.0871936349478184,1.6094379124341003,0.5,5.0,-0.21244308352470398,-0.2602728307247162,-0.04782974720001221,0,0.11665629802990922
A2PU94CPVXMHPW,audit,03788c55d76d75727ec881564535373c76ec2eac7dd1491ddcfbccd6853af60d,2.0,45.0,22.5,33.0,1.0,1.0,41.0,20.5,61.0,30.5,0.7572940287226002,0.6370370370370371,172.0,58.0,3.5306671834552183,3.0910424533583156,0.0,5.0,-1.4862165451049805,-1.6131317615509033,-0.12691521644592285,0,0.15218866882658055
A2ZORIZD5JTN7H,audit,037d88348b7c2d45b8fa6a8aef6c3c8e749cd486a6b1d023929a47dc85197fa7,6.0,134.0,22.333333333333332,35.0,0.6666666666666666,0.6666666666666666,118.0,19.666666666666668,374.0,62.333333333333336,0.6730967183741963,0.3524590163934426,445.0,176.0,2.4367308570773747,1.791759469228055,0.3333333333333333,5.0,-0.3005719780921936,-0.7577840089797974,-0.45721203088760376,0,0.12172389918721908
A29JZ68RPB0GI5,audit,03a6fecf2b82c09a8d01be22c286476d2233e55a043f9fc49c7f617cefc9e905,2.0,33.0,16.5,33.0,0.5,0.5,29.0,14.5,37.0,18.5,0.8495934959349594,0.6991869918699187,145.0,58.0,1.994492023282137,1.791759469228055,0.5,5.0,-1.4926056861877441,-1.6072028875350952,-0.11459720134735107,0,0.15374675263074386
A3TYMCIQN8ZM0Q,audit,03af7d79a63b34565b845b7de4de014c46f8cb57b9441079f138c0003a3c7f87,2.0,8.0,4.0,8.0,0.5,0.5,8.0,4.0,8.0,4.0,0.956989247311828,0.9139784946236559,150.0,58.0,3.2180751841847135,3.1780538303479453,0.0,5.0,-1.1175564527511597,-1.3809747695922852,-0.2634183168411255,0,0.15373518855099477
A2WMLRWN5GB72K,audit,03dd34afcb0ccc38b42f712b6f37e433554930da7e6024f8d8dbcb5c3467167c,3.0,48.0,16.0,35.0,0.6666666666666666,0.6666666666666666,44.0,14.666666666666666,250.0,83.33333333333333,0.7101230372258409,0.2616822429906542,243.0,89.0,2.7071601249169173,1.791759469228055,0.3333333333333333,5.0,-0.5743564963340759,-0.9843904972076416,-0.4100340008735657,0,0.144420582414759
A1J34B2935KBLV,audit,04064afb73620ea8066b87055f5262b14d611814d6943fe5dc35ee60d69b4719,2.0,66.0,33.0,33.0,1.0,1.0,58.0,29.0,229.0,114.5,0.4659262862083874,0.3346303501945525,172.0,58.0,2.868286148739596,2.3025850929940455,0.0,5.0,-1.8427603244781494,-2.2287909984588623,-0.3860306739807129,0,0.11316939231597704
AZ4XFZ5198FFR,audit,04069ef5c778d5fd927dfe68c09da1f21fd30d56faebbfe1390b398c20a1999f,2.0,67.0,33.5,34.0,1.0,1.0,59.0,29.5,631.0,315.5,0.39335038068581035,0.1277860326894502,171.0,59.0,2.827995905409926,2.5649493574615367,0.0,5.0,-0.9820318222045898,-1.484975814819336,-0.5029439926147461,0,0.07118899642537924
A3BTDFZI3FT6I7,audit,045522214ba86a8c229d8a30cc66b90b139328fe3151d6738e9006d2420cb635,6.0,76.0,12.666666666666666,33.0,0.5,0.5,68.0,11.333333333333334,139.0,23.166666666666668,0.846361065436497,0.48314606741573035,468.0,175.0,2.039110017063681,1.3862943611198906,0.6666666666666666,5.0,-1.7431461811065674,-2.020538568496704,-0.2773923873901367,0,0.14042252611335765
A18761YJV6HI3H,audit,0456c156edeeab49671ff27cc2160328fbbcbaabf5ff26e4ec0572298175a5ee,3.0,99.0,33.0,33.0,1.0,1.0,87.0,29.0,419.0,139.66666666666666,0.4138538906740327,0.2986111111111111,258.0,87.0,3.1358501804212957,1.9459101490553132,0.3333333333333333,5.0,-0.7155081033706665,-0.8270764350891113,-0.11156833171844482,0,0.1601100959029775
A26QX1SAM87SX9,audit,0461d85ca1cc0bcbcecf9fc81c67081a3bd117747bbf6855349c1787e3dabe9c,3.0,66.0,22.0,33.0,0.6666666666666666,0.6666666666666666,58.0,19.333333333333332,882.0,294.0,0.5882491900647948,0.09287257019438445,220.0,87.0,2.320747821422069,1.791759469228055,0.3333333333333333,5.0,-1.2276691198349,-1.2728580236434937,-0.04518890380859375,0,0.0943346852833311
A1TUE7NMV5XH3N,audit,0464171959d60e7d45d81061958765e3723b0f23a322149e0e1d1f9e85c513aa,2.0,33.0,16.5,33.0,0.5,0.5,29.0,14.5,63.0,31.5,0.7885906040268457,0.5771812080536913,138.0,58.0,2.0948273710132126,1.791759469228055,0.5,5.0,-1.0250219106674194,-1.181643009185791,-0.15662109851837158,0,0.15704611454394724
A3QSNF3WWPQJJZ,audit,0466bce76539b22eae533890a37cea54472b9110ea80ab898f9157175b105e33,10.0,293.0,29.3,33.0,0.9,0.9,261.0,26.1,812.0,81.2,0.6212931952565799,0.1894273127753304,852.0,290.0,2.543985568721985,1.6094379124341003,0.2,5.0,-1.345436453819275,-1.5072473287582397,-0.16181087493896484,0,0.07245927465188064
ANU41GDKJ1EW,audit,046ab9c2cc9196e20b34428843af270cf2db93d94a16c3dad65d98003251faeb,2.0,65.0,32.5,33.0,1.0,1.0,58.0,29.0,105.0,52.5,0.634847031233344,0.5408805031446541,172.0,58.0,3.2001287226544104,1.9459101490553132,0.5,5.0,-0.6298707723617554,-1.0714356899261475,-0.4415649175643921,0,0.21009844484757703
AGALSGEQVJYQO,audit,048eb4d2cea434d87caea4c8609811053dced63913cbb7eb1896c89c7e05b746,12.0,222.0,18.5,34.0,0.75,0.5833333333333334,199.0,16.583333333333332,425.0,35.416666666666664,0.7838041057035036,0.3269961977186312,936.0,350.0,3.1127852287963065,1.3862943611198906,0.08333333333333333,5.0,-0.06327235698699951,-3.491637706756592,-3.4283652305603027,0,0.10550119187327292
A3V4OD9WI97PEX,audit,04902ee0390f35f87a1182221ced242cf3808246e2c40201e0d3fda07e80b552,2.0,0.0,0.0,0.0,0.0,0.0,0.0,0.0,0.0,0.0,1.0,1.0,146.0,58.0,3.3667009459186796,3.044522437723423,0.0,5.0,-0.46630755066871643,-0.2797042429447174,0.18660330772399902,1,0.22581560425309755
AO1HIVTUCQZQ2,audit,04a3891787a20f9f7c6d87ab66e5af0ebe3c2fc7a6b6149d828771573b261a29,2.0,33.0,16.5,33.0,0.5,0.5,29.0,14.5,455.0,227.5,0.5787037037037037,0.1574074074074074,154.0,58.0,3.451873628792299,1.791759469228055,0.5,5.0,-0.837258517742157,-0.8858489394187927,-0.04859042167663574,0,0.21173792534033858
A160G57GQ4WNUX,audit,04b5a6e4ab1f9fc2abb70556d7a3527fd8c8f25adeb834e65d32e9ffd8f76843,2.0,5.0,2.5,5.0,0.5,0.0,5.0,2.5,5.0,2.5,0.9725274725274725,0.945054945054945,139.0,58.0,2.6235120360802426,2.3025850929940455,0.0,5.0,-0.49705249071121216,-0.6403325796127319,-0.14328008890151978,0,0.1547647123920524
AP8ZD9MU4UP9C,audit,04bc11ce411c3eec8f307895a1759ad8c520f87378cd38fdb150b685fe41672c,9.0,140.0,15.555555555555555,34.0,0.5555555555555556,0.4444444444444444,124.0,13.777777777777779,296.0,32.888888888888886,0.7912479475072796,0.49411764705882355,673.0,264.0,2.5030924169404325,1.6094379124341003,0.3333333333333333,5.0,-1.9010698795318604,-2.283759355545044,-0.3826894760131836,0,0.12912042770524873
A2SD1Z4OROY538,audit,04c7ddaa911b30a090b1172fe05031d3f5fad25529c45442bc342297628163bb,13.0,364.0,28.0,34.0,0.8461538461538461,0.8461538461538461,320.0,24.615384615384617,2193.0,168.69230769230768,0.5416774564585899,0.09587513935340022,1049.0,378.0,3.2902597272501786,2.5649493574615367,0.0,5.0,-1.0908359289169312,-1.5052436590194702,-0.41440773010253906,0,0.13624876541104133
A1MK0UA8UDSMRW,audit,04c9c08a6151b404af65b9309f1ff3ba5c8fa0fb7ebdadc30f6b70eaf98f80dc,3.0,50.0,16.666666666666668,33.0,0.6666666666666666,0.6666666666666666,46.0,15.333333333333334,147.0,49.0,0.7443665348196092,0.39814814814814814,233.0,87.0,2.882740484607547,2.3025850929940455,0.0,5.0,-0.6220122575759888,-0.7151645421981812,-0.09315228462219238,0,0.12735080410846014
A3JYVCG5G0B8LT,audit,04cdb8ae56b762a4b595ed3ecab68cadb4a3c1edc821623bc582408ab546c1eb,6.0,149.0,24.833333333333332,33.0,0.8333333333333334,0.8333333333333334,133.0,22.166666666666668,662.0,110.33333333333333,0.5660069790284507,0.28523489932885904,489.0,174.0,2.131045844512331,1.3862943611198906,0.5,5.0,-1.1332844495773315,-1.2919968366622925,-0.15871238708496094,0,0.11165962180721847
A7J06XNT3BOUD,audit,04d1507b39e8990a0f3a908516e72cf9c4f67fc8a4cb0bfd3a436efaf16cadde,5.0,104.0,20.8,33.0,0.8,0.6,92.0,18.4,359.0,71.8,0.6852071518223177,0.2670807453416149,397.0,145.0,3.2088467604719724,2.197224577336219,0.0,5.0,-1.6910022497177124,-1.5493652820587158,0.14163696765899658,1,0.13800963053630017
A3P0VX9YFUXO33,audit,04d35a252aaebd733ed4e23a9ee8bc95c72256627d7b90082788253cc00d648f,2.0,66.0,33.0,33.0,1.0,1.0,58.0,29.0,151.0,75.5,0.5381247578457962,0.48314606741573035,172.0,58.0,3.501532729393231,3.0910424533583156,0.0,5.0,-1.5060211420059204,-2.1361992359161377,-0.6301780939102173,0,0.15618298726671598
ASOVV3N5061BE,audit,04d57ac4a50d83302cdf18f79c27256887c1800fcd393b1062dbaf512ea0895c,3.0,52.0,17.333333333333332,33.0,0.6666666666666666,0.6666666666666666,48.0,16.0,74.0,24.666666666666668,0.8096588990206012,0.6099290780141844,255.0,88.0,3.0119956616104684,1.9459101490553132,0.3333333333333333,5.0,-0.915992259979248,-1.0723443031311035,-0.15635204315185547,0,0.1865058411212298
A2WJH1QD0M9X51,audit,04e046aee49f79fc49c3c35b9bbbb51b9d71ee69a875dd8c4ad640610e30933b,20.0,511.0,25.55,35.0,0.85,0.8,455.0,22.75,1650.0,82.5,0.6112182719141984,0.2275132275132275,1622.0,585.0,3.062611571298444,1.6094379124341003,0.05,5.0,-1.0210760831832886,-1.2692573070526123,-0.24818122386932373,0,0.06797328425073558
A1ZM4RXUG1JJVJ,audit,04e06729699361114dde90a0dc6294b32de6a0968f4b218bfcc1fed8d5fd2c49,2.0,66.0,33.0,33.0,1.0,1.0,58.0,29.0,90.0,45.0,0.658946013920571,0.6187050359712231,172.0,58.0,3.58351893845611,3.295836866004329,0.0,5.0,-1.2508070468902588,-1.3809245824813843,-0.1301175355911255,0,0.16470459681922583
A2S7E70C15YD5W,audit,0511d078c1e4bfdc8f4dc126fec1e966b39a6cb121445a659486e96c48bb50c3,2.0,35.0,17.5,35.0,0.5,0.5,31.0,15.5,35.0,17.5,0.8529411764705883,0.7058823529411765,156.0,60.0,3.207548479585798,2.5649493574615367,0.0,5.0,-0.9151583909988403,-1.0576404333114624,-0.14248204231262207,0,0.19101999132240632
A1FUC0J2RGHTQ1,audit,05230a12d7b0d7e1d80765caf1a2ae7e4636726db06396eab1be4d631169a485,2.0,67.0,33.5,34.0,1.0,1.0,59.0,29.5,333.0,166.5,0.4083089138860006,0.23943661971830985,171.0,59.0,3.0056335872020807,2.833213344056216,0.0,5.0,-0.8019329309463501,-0.7266820669174194,0.07525086402893066,1,0.1043893146879623
AJ37PDNCS0X7A,audit,0560e48bb4d05592213fd4629b6ebec8707c7ec1b06f72a5dc1ef2f67109064f,4.0,99.0,24.75,33.0,0.75,0.75,87.0,21.75,286.0,71.5,0.606593045864301,0.45263157894736844,337.0,116.0,2.8321304354929873,1.9459101490553132,0.25,5.0,-0.19092890620231628,-1.220568299293518,-1.0296393632888794,0,0.14896857699879149
AHCL2WVP0FIY9,audit,056e4b657bd06c29672e10875389b8a7e8cd62149f6da3c0fc94a1f5d126d5f4,11.0,227.0,20.636363636363637,34.0,0.7272727272727273,0.7272727272727273,203.0,18.454545454545453,724.0,65.81818181818181,0.6741614238389354,0.29152542372881357,916.0,321.0,2.678639992234034,1.0986122886681096,0.36363636363636365,5.0,-1.5784170627593994,-1.5331833362579346,0.045233726501464844,1,0.11685546216574752
A1P8X706LK71KS,audit,057074aebf3bc410693ee25183107dda0b1e31a642279ea4b198182f0141e114,2.0,33.0,16.5,33.0,0.5,0.5,29.0,14.5,129.0,64.5,0.6985981308411215,0.397196261682243,170.0,58.0,3.1345481418531307,2.772588722239781,0.0,5.0,-0.6717287302017212,-0.6788002252578735,-0.007071495056152344,0,0.15901261173093542
A3FGWBYH2TQMS8,audit,059e9d6b0895bc1f65bf2f147f948ecc2fdba59290dd0604d0cd721dff6d58b6,15.0,345.0,23.0,35.0,0.7333333333333333,0.7333333333333333,309.0,20.6,1153.0,76.86666666666666,0.6350273891099957,0.31343283582089554,1191.0,439.0,2.092315273941386,1.6094379124341003,0.4666666666666667,5.0,-0.09414026886224747,-7.506211757659912,-7.412071704864502,0,0.07641221140865731
A1E11XUBLN0IBQ,audit,05a46817985904b861fd09f9fa4749aabbd57799f8850c8010c766ba9db78da6,2.0,66.0,33.0,33.0,1.0,1.0,58.0,29.0,133.0,66.5,0.5690792328386705,0.5149700598802395,172.0,58.0,2.610177912539162,1.6094379124341003,0.5,5.0,-1.3734748363494873,-1.6347150802612305,-0.26124024391174316,0,0.16384036052183695
AYOND4ODQI2VQ,audit,05c0c30d36ea0faaa29c680b01e64b8eab62431310367fe6eb0d7f2c1ec69d75,2.0,39.0,19.5,34.0,1.0,0.5,35.0,17.5,844.0,422.0,0.5180312645101377,0.09100758396533044,170.0,59.0,2.0715673631957663,1.9459101490553132,0.5,5.0,-1.7088050842285156,-2.3626351356506348,-0.6538300514221191,0,0.0629863502923707
A2VFTRVR4M7WOP,audit,05c49b157c8020bd265e74c5311a059c4fcb3a095427281b3546fb18cfb4a026,7.0,131.0,18.714285714285715,33.0,0.5714285714285714,0.5714285714285714,115.0,16.428571428571427,337.0,48.142857142857146,0.729688534732442,0.4306930693069307,565.0,202.0,3.4300110008017453,2.772588722239781,0.0,5.0,-0.9960185885429382,-0.8406806588172913,0.15533792972564697,1,0.14779436277153163
AOJA1LC8PN7K1,audit,05f8b4fa9a2696cf9ebe298502cf7e9359c1d56e56869ef06e95bd1beb64c5bd,4.0,79.0,19.75,33.0,0.75,0.75,71.0,17.75,198.0,49.5,0.7116143923309528,0.43,322.0,116.0,2.794747502000246,1.9459101490553132,0.25,5.0,-1.3198330402374268,-1.6262534856796265,-0.3064204454421997,0,0.13913933751362637
A1R4Z6ODCJ8100,audit,060013ae546dc11d1aeb6749c239e4581a25bb32eefeba991684c37fe9723524,3.0,99.0,33.0,33.0,1.0,1.0,87.0,29.0,234.0,78.0,0.5387591151244946,0.4321608040201005,258.0,87.0,2.7368893437209922,2.3025850929940455,0.0,5.0,-1.3851954936981201,-1.3981248140335083,-0.012929320335388184,0,0.10450916803155405
A1JV3E2M4AOOOV,audit,061451f0fee30d973e0cdeabc3a9fe612ce01808d3707ee4ec5006b09e484cfc,6.0,133.0,22.166666666666668,34.0,0.6666666666666666,0.6666666666666666,117.0,19.5,572.0,95.33333333333333,0.6154516299092649,0.23369565217391305,474.0,176.0,3.030293415401868,1.791759469228055,0.16666666666666666,5.0,-1.203424096107483,-1.2394880056381226,-0.03606390953063965,0,0.14989447716783033
A1EW8BR0J82V9Q,audit,0616985c80abed1ff991f089bdbf971eba5eeef8968e95444410420b69024c0e,3.0,51.0,17.0,33.0,0.6666666666666666,0.6666666666666666,47.0,15.666666666666666,222.0,74.0,0.7070135746606335,0.29411764705882354,239.0,87.0,2.190760847564669,1.6094379124341003,0.3333333333333333,5.0,-0.40066081285476685,-0.8239556550979614,-0.4232948422431946,0,0.11441508872350761
A3IHJZ22RTXMLR,audit,0619b9397055fe63392616fa4b9ea2ecdb5d5ec6885f8e7aa2e4556ae428eb67,5.0,131.0,26.2,33.0,0.8,0.8,115.0,23.0,316.0,63.2,0.6717804359274229,0.3049645390070922,426.0,144.0,3.0109243817144997,2.4849066497880004,0.0,5.0,-1.0663284063339233,-1.3462915420532227,-0.2799631357192993,0,0.10809424936834736
A36AW29PLFJ1TY,audit,062f6578f0d211d308d52a2b6ca365a81852edd1ed6c05a424bfaabd210879f0,2.0,47.0,23.5,33.0,1.0,1.0,43.0,21.5,94.0,47.0,0.6890361445783133,0.5180722891566265,172.0,58.0,3.254384568485841,2.3978952727983707,0.0,5.0,-1.148270606994629,-1.2228906154632568,-0.07462000846862793,0,0.13901505450545404
ATMABNBX5FMEU,audit,06485d489c064b8cdb92dd5ad05dd0c0bcf8acc92b07ec23fcee1ce5c251be5c,3.0,35.0,11.666666666666666,34.0,0.6666666666666666,0.3333333333333333,31.0,10.333333333333334,56.0,18.666666666666668,0.865216201423098,0.6071428571428571,252.0,88.0,3.32184098115186,2.772588722239781,0.0,5.0,-1.518159031867981,-1.704045057296753,-0.18588602542877197,0,0.1803885804651956
AYS82I3Z814TY,audit,0657a24caca288fe2e0681e7b334b36b33f07372a82d7263b535bd07974a1a58,10.0,215.0,21.5,34.0,0.8,0.8,199.0,19.9,394.0,39.4,0.7418004591863092,0.4228855721393035,780.0,291.0,3.0237305994912775,1.6094379124341003,0.2,5.0,-1.1986843347549438,-1.217278242111206,-0.018593907356262207,0,0.10546764439747332
A1OBUW48Y2GNMZ,audit,065808cccbdf1a14e8f965e98a9dd28cc5ddf72e6aecff7491296555537dcf8f,2.0,66.0,33.0,33.0,1.0,1.0,58.0,29.0,546.0,273.0,0.3236539751761154,0.15867158671586715,172.0,58.0,2.9174053685313024,2.8903717578961645,0.0,5.0,-1.486999273300171,-1.4419333934783936,0.045065879821777344,1,0.08157552072309016
AZK0YS7XE19EW,audit,068c9cb4f36564379c23d8dd1b0c64bbff96755504798370eeca50901c6b4fbc,3.0,67.0,22.333333333333332,34.0,0.6666666666666666,0.6666666666666666,59.0,19.666666666666668,282.0,94.0,0.6490487804878049,0.25914634146341464,218.0,89.0,2.9254919297821065,2.70805020110221,0.0,5.0,-0.7363786697387695,-0.9414340853691101,-0.20505541563034058,0,0.12124677859071431
A1BTNPMESS99PL,audit,069d2ec893a9dedc3fe427930257b10163f283254efcd8b4270b73f59d22c59c,5.0,100.0,20.0,34.0,0.6,0.6,88.0,17.6,639.0,127.8,0.680486395489958,0.13804173354735153,349.0,147.0,3.0585618958722494,2.0794415416798357,0.0,5.0,-0.19968101382255554,-0.18992546200752258,0.009755551815032959,0,0.1359861574109847
A2OD23539QMZS5,audit,06a173c7a4b3682c2a0296f44e4af7f998651bd5163e2dd8dc8e9f13cec2d6fd,3.0,82.0,27.333333333333332,33.0,1.0,1.0,74.0,24.666666666666668,272.0,90.66666666666667,0.5613531088644211,0.33204633204633205,258.0,87.0,2.4113923932499493,2.197224577336219,0.0,5.0,-1.145815134048462,-1.348193883895874,-0.2023787498474121,0,0.08179433129164201
AE0337VVP8MRM,audit,06b3c95c0c844799f0cbd73fa9aab178daf5aafb85bb8e505d7311c713b440bd,2.0,66.0,33.0,33.0,1.0,1.0,58.0,29.0,142.0,71.0,0.5477929243752029,0.5443037974683544,172.0,58.0,3.60945485380953,3.5553480614894135,0.0,5.0,-0.7788511514663696,-1.0183292627334595,-0.23947811126708984,0,0.16026404028353253
A18T5F7LY74UH7,audit,06bc792806204d2ba29267e6227911498619ca96bdce3a5be1150d266563acbb,4.0,132.0,33.0,33.0,1.0,1.0,116.0,29.0,711.0,177.75,0.40661634167588695,0.16538461538461538,344.0,116.0,3.411002559950475,2.197224577336219,0.0,5.0,-0.5113125443458557,-1.7637939453125,-1.252481460571289,0,0.13246319469900406
A1GWIYGQJALD3S,audit,06f17252f39e4e13c51bc3ec82256c01b920b63ee4f71fc88dbc706e3e684f09,2.0,50.0,25.0,33.0,1.0,1.0,46.0,23.0,131.0,65.5,0.6324757281553398,0.43,172.0,58.0,3.086893051950968,1.791759469228055,0.5,5.0,-1.9693138599395752,-2.2157697677612305,-0.24645590782165527,0,0.18406667983595779
A1K53QGOP7B8JL,audit,07121cc0fa3ebe4fc54e39a30e79d3ac494572e86eb5215a72f9772941a0ce1f,20.0,411.0,20.55,34.0,0.7,0.7,367.0,18.35,1796.0,89.8,0.6985174539449358,0.09587513935340022,1577.0,582.0,3.5997530704941796,1.6094379124341003,0.1,5.0,-1.290115237236023,-1.4176664352416992,-0.12755119800567627,0,0.13308356620525624
A2L4G3DWHN86N1,audit,075772276554d31f0bac9815e53a00f27dc3102614d53966ceb769ac7232dc61,4.0,99.0,24.75,33.0,0.75,0.75,87.0,21.75,281.0,70.25,0.6322436692227548,0.3481781376518219,320.0,116.0,2.9318075169043083,2.3025850929940455,0.0,5.0,-1.644822359085083,-1.7971336841583252,-0.1523113250732422,0,0.12185777143728325
A3BVHEIVQF5R0G,audit,0764247a2660017ec259ae66acbdf6ceb0aea1dd3059d2957f216ad583557061,2.0,66.0,33.0,33.0,1.0,1.0,58.0,29.0,380.0,190.0,0.3586798839458414,0.22872340425531915,172.0,58.0,1.994492023282137,1.791759469228055,0.5,5.0,-1.092536211013794,-1.3675146102905273,-0.2749783992767334,0,0.093867376497089
A2CFBAUQ1S6POD,audit,079581ed221e0d9948e1128729280d0eae25ab55c31e9772bd906be172e71ef0,2.0,60.0,30.0,33.0,1.0,1.0,56.0,28.0,148.0,74.0,0.5882604420503612,0.41545893719806765,172.0,58.0,3.4637789531391583,2.995732273553991,0.0,5.0,-1.6516447067260742,-1.7182323932647705,-0.06658768653869629,0,0.14546638332815903
A2UXZWZBELI5PD,audit,07ab00397d65b7adc6aaf442a19e23905b246e82d1d7c96fc55496c10a788e78,2.0,67.0,33.5,34.0,1.0,1.0,59.0,29.5,90.0,45.0,0.6551967116852613,0.648854961832061,171.0,59.0,2.3269801750787615,1.9459101490553132,0.5,5.0,-0.06056889146566391,-0.9418732523918152,-0.8813043832778931,0,0.14272989737281033
A2FB38T8SWC0P1,audit,07b354c9088032667d624b24ccd39c62010f5342303ded288170f7156b9485cd,8.0,235.0,29.375,34.0,1.0,1.0,215.0,26.875,868.0,108.5,0.6248118114020798,0.1277860326894502,686.0,234.0,2.1730656012771874,1.3862943611198906,0.5,5.0,-0.11971329152584076,-0.3204476237297058,-0.20073433220386505,0,0.08108211756037098
A1LUHBB4O3NS88,audit,07e2a5a7de6d36c4b7ddfd0102b0a8171d0d92eed9be4ea4ac257b8a999f4257,2.0,67.0,33.5,34.0,1.0,1.0,59.0,29.5,232.0,116.0,0.4735486891385768,0.32209737827715357,171.0,59.0,2.6287476860138907,2.4849066497880004,0.0,5.0,-1.108341932296753,-1.4538819789886475,-0.34554004669189453,0,0.09689297402368816
A2ON6D6P8JM8Z3,audit,07eafdc729b54cbc24fed414fc3461b34caa5ba2b322860a890e46a584fbb84a,9.0,265.0,29.444444444444443,34.0,0.8888888888888888,0.8888888888888888,233.0,25.88888888888889,1471.0,163.44444444444446,0.49249816374117866,0.11894882434301521,732.0,262.0,2.941891201836851,1.6094379124341003,0.2222222222222222,5.0,-1.6429439783096313,-1.6230484247207642,0.019895553588867188,0,0.13549686384619064
AD8V3PZKCDZJC,audit,07ebbb56e0851f07bf495c329a79b7a972ff39fd0de43e81b4d275c46eb54aad,8.0,91.0,11.375,34.0,0.375,0.375,83.0,10.375,266.0,33.25,0.8297990057030713,0.34959349593495936,629.0,236.0,2.6009224875968595,1.3862943611198906,0.375,5.0,-0.03098537027835846,-1.9863765239715576,-1.9553911685943604,0,0.15693728602624732
A2AAAA2TR66I85,audit,07f07dad2d932165d011eb40a0b2d73bf1297d7831d0469d692a76a531ee6dcd,3.0,33.0,11.0,33.0,0.3333333333333333,0.3333333333333333,29.0,9.666666666666666,387.0,129.0,0.7272727272727272,0.18181818181818182,220.0,88.0,4.1453469519304935,3.4657359027997265,0.0,5.0,-1.8310339450836182,-1.8974233865737915,-0.06638944149017334,0,0.22585801532661143
AO4WE0U9SB5T7,audit,07f5f7e3dc0940eeca880962f936edc4e1255b843321cb727f3ff0beceaef464,5.0,79.0,15.8,33.0,0.6,0.6,71.0,14.2,176.0,35.2,0.7899475050694563,0.4195121951219512,387.0,146.0,2.2755585581957463,1.6094379124341003,0.4,5.0,-0.5384745001792908,-0.6903486847877502,-0.15187418460845947,0,0.12578610673748392
A3CSZ21UC682CA,audit,07ffd1c03c82c431a35da7d6cdd8a10a838e9f815e16aaddfa1a33fe74da65d7,2.0,34.0,17.0,34.0,0.5,0.5,30.0,15.0,49.0,24.5,0.8171641791044777,0.6343283582089553,136.0,59.0,2.282174095733918,1.791759469228055,0.5,5.0,-2.0487053394317627,-3.005983591079712,-0.9572782516479492,0,0.17689630296043368
A121LWC0KQAVPE,audit,08018044974d4f91d3a10f41648066f931a1b9e6883b7ce0636c111624e657df,20.0,436.0,21.8,35.0,0.8,0.8,398.0,19.9,1668.0,83.4,0.7062649943548702,0.09100758396533044,1596.0,585.0,3.2170325483377793,2.0794415416798357,0.0,5.0,-0.9086567759513855,-0.9234881401062012,-0.014831364154815674,0,0.07546479388213322
A3LR35M01DZECL,audit,08057fd7352e4a76363e8357add6b4a1427b557751c32de683ae45d6977b82b0,5.0,132.0,26.4,33.0,0.8,0.8,116.0,23.2,374.0,74.8,0.6166193443772527,0.3208955223880597,399.0,145.0,4.094245772395444,2.3025850929940455,0.0,5.0,-0.9550741314888,-1.1151283979415894,-0.1600542664527893,0,0.20184091047905484
AMKVZRLT1BNJ8,audit,080e1948ef63ad369cb5d4dbcb539edde1c9288e5805c0e3f140fac63f26d5b8,9.0,184.0,20.444444444444443,34.0,0.6666666666666666,0.6666666666666666,167.0,18.555555555555557,750.0,83.33333333333333,0.7147829455342772,0.1465076660988075,711.0,262.0,3.319423297873431,1.9459101490553132,0.1111111111111111,5.0,-3.07375168800354,-3.208228588104248,-0.134476900100708,0,0.14014735165060413
ALGI1LYA0YHQQ,audit,0820ec3680d77aa04412e9116adecc9d735866b393f510ced2cfbd96d438ec01,3.0,76.0,25.333333333333332,35.0,1.0,1.0,72.0,24.0,196.0,65.33333333333333,0.6581790895818643,0.3514644351464435,256.0,89.0,2.740313722760463,2.3978952727983707,0.0,5.0,-0.5303510427474976,-0.690856397151947,-0.16050535440444946,0,0.09428833296560755
AWLEYLUD5KOJS,audit,0856fdd5b2c2cf8b5f5ff480d02c540fb9a5e4f006a4e3f36a28eb06b1554280,3.0,33.0,11.0,33.0,0.3333333333333333,0.3333333333333333,29.0,9.666666666666666,176.0,58.666666666666664,0.7760814249363867,0.3282442748091603,237.0,87.0,2.0451882970272464,1.791759469228055,0.6666666666666666,5.0,-1.8729727268218994,-1.8036220073699951,0.0693507194519043,1,0.16098946017012783
A3I2XRSKNKDVWA,audit,0864396190d5432bdabadfa4badf159005e310b8b490c50516fc4abd5c0d7c67,3.0,99.0,33.0,33.0,1.0,1.0,87.0,29.0,199.0,66.33333333333333,0.565084451656304,0.5477707006369427,258.0,87.0,3.1735873104658174,2.995732273553991,0.0,5.0,-0.3317521810531616,-0.5747417211532593,-0.24298954010009766,0,0.12648179912247462
A3H3M7PH17ESJ0,audit,086a52a91f6258ed5403641a5e9ed84856a7f61e9a25f1fd1d4c7012c0012997,4.0,133.0,33.25,34.0,1.0,1.0,117.0,29.25,247.0,61.75,0.5889022843035789,0.5408805031446541,343.0,117.0,2.6277692111836064,1.791759469228055,0.5,5.0,-1.746630311012268,-1.977132797241211,-0.23050248622894287,0,0.1399960081943807
AZUH5XSJ2NLXR,audit,089551a1aece6f4e6c56f05b0011feee5832960157f345d53b5960426ce64bc5,8.0,249.0,31.125,37.0,1.0,1.0,221.0,27.625,770.0,96.25,0.5194963368759647,0.3524590163934426,683.0,236.0,3.6556607838074076,1.6094379124341003,0.25,5.0,-1.3948593139648438,-1.7872331142425537,-0.39237380027770996,0,0.16460337560291505
A5GOQSO7HPT5T,audit,08979d845aa4c23be879177db1bff6304ee8d87fb2a98ec1da993a0fa42d8a65,3.0,107.0,35.666666666666664,37.0,1.0,1.0,95.0,31.666666666666668,272.0,90.66666666666667,0.48090081619276503,0.4271356783919598,248.0,95.0,2.494039641184038,1.3862943611198906,0.3333333333333333,5.0,-0.1831679344177246,-0.826956570148468,-0.6437886357307434,0,0.1345584910576411
AOVI5Y45L6B0J,audit,08b6410aadc3ad2551c57f8324b15f1b3e68fb6cbe207f1c2b890c8577399d18,6.0,165.0,27.5,33.0,0.8333333333333334,0.8333333333333334,145.0,24.166666666666668,700.0,116.66666666666667,0.5281606781633518,0.2613981762917933,481.0,174.0,3.048033466393937,1.6094379124341003,0.3333333333333333,5.0,-0.35058480501174927,-0.4823795258998871,-0.13179472088813782,0,0.1581537015003586
A12HB5Q1ZI3IXJ,audit,08b9b1e7fc51adf159226fd0cd8ea99e3e9990209de70a2cb66f43eecbbac460,3.0,58.0,19.333333333333332,33.0,1.0,1.0,54.0,18.0,88.0,29.333333333333332,0.7745930487326738,0.5771812080536913,258.0,87.0,2.9376144778390647,1.791759469228055,0.3333333333333333,5.0,-2.0157999992370605,-1.8858492374420166,0.12995076179504395,1,0.14569524059290703
A3FDCL6Y6TG5S9,audit,08baf41142c173bd7a6b69c56e1176f5962b92de53fcc88361a6fa37403c11f7,3.0,67.0,22.333333333333332,34.0,0.6666666666666666,0.6666666666666666,59.0,19.666666666666668,98.0,32.666666666666664,0.761186806641352,0.581081081081081,229.0,88.0,2.6467425883819007,2.197224577336219,0.0,5.0,-1.8249965906143188,-1.7597496509552002,0.06524693965911865,1,0.12518617198054108
A34HLCYKYXXEO5,audit,08be2a637f4a2d2403317f7f2460b5ead643aefb7f2a59073a848647859015b1,2.0,66.0,33.0,33.0,1.0,1.0,58.0,29.0,442.0,221.0,0.33064910017658333,0.20140515222482436,172.0,58.0,1.3862943611198906,1.3862943611198906,1.0,5.0,-1.903450608253479,-2.089308261871338,-0.1858576536178589,0,0.09488247171807525
A149ULJYQZUF4L,audit,08c5ee2956520493eb1589a6ba7d7321282e27bdeb3974255456fb16dcb82cbe,3.0,33.0,11.0,33.0,0.3333333333333333,0.3333333333333333,29.0,9.666666666666666,45.0,15.0,0.8854961832061069,0.6564885496183206,184.0,88.0,2.591057893494179,1.791759469228055,0.3333333333333333,5.0,-0.02668755128979683,-0.845254123210907,-0.8185665607452393,0,0.19262111907484694
A31T9SWJSVJMK4,audit,08d712f3c0a3aeda60c16c13b9c5acae67235525ce6ef7d5ead35b83aa900569,20.0,431.0,21.55,33.0,0.8,0.75,395.0,19.75,694.0,34.7,0.75699020343232,0.4075829383886256,1625.0,581.0,2.7999098231328863,1.6094379124341003,0.1,5.0,-0.2766808569431305,-0.7441261410713196,-0.4674452841281891,0,0.04289656736806858
A3ZZFPQLNHTLB,audit,08e127b93ffbb4527b3bcfd40b421266c61a25777573da3043982d87c3d0553c,7.0,91.0,13.0,34.0,0.42857142857142855,0.42857142857142855,83.0,11.857142857142858,292.0,41.714285714285715,0.7958863540830754,0.3483606557377049,496.0,207.0,3.4841161191484082,2.995732273553991,0.0,5.0,-1.387505054473877,-1.4751055240631104,-0.0876004695892334,0,0.16484409663448757
A1104SH03FMIIW,audit,08e3c067352bc3aacb264b2fc2cda3aca751e6874a8668d32aea54c0dbcba957,4.0,72.0,18.0,33.0,0.75,0.5,64.0,16.0,162.0,40.5,0.748738685962014,0.47513812154696133,307.0,117.0,2.8132535473659503,2.197224577336219,0.0,5.0,-1.9656217098236084,-2.1059770584106445,-0.14035534858703613,0,0.13044901715617158
A1AQSF3Q1YCMFX,audit,08e5555560365e2959596053f734ed0d80f08e9ca4cef7195ecf16b448387853,11.0,209.0,19.0,34.0,0.6363636363636364,0.6363636363636364,185.0,16.818181818181817,1025.0,93.18181818181819,0.6710696466313106,0.14262023217247097,870.0,321.0,2.7018379381289654,1.3862943611198906,0.2727272727272727,5.0,-1.1847450733184814,-1.4552874565124512,-0.2705423831939697,0,0.13050832866772427
A2A4HGFGKO6BKP,audit,08fb86427d10817521fd3257bbdb89304dea3fef4578cf0b019ff3a2176e55ae,15.0,347.0,23.133333333333333,33.0,0.8666666666666667,0.8,311.0,20.733333333333334,1158.0,77.2,0.6790865309281304,0.1419141914191419,1233.0,435.0,2.95071148883947,2.0794415416798357,0.0,5.0,-0.454183429479599,-0.7914904952049255,-0.33730706572532654,0,0.06900882278217536
AC17LM1ZZSHDB,audit,08fcabaf1f5c3ddc8f77a37d21b51b7a3852b4d417f4b7d149d162f504fc8d12,2.0,53.0,26.5,34.0,1.0,1.0,49.0,24.5,82.0,41.0,0.6966859716859717,0.5743243243243243,171.0,59.0,2.9144728088051037,2.833213344056216,0.0,5.0,-1.5232441425323486,-1.5029296875,0.020314455032348633,1,0.11589490436086468
A1NOBRCN20NGD5,audit,090d3b77b8303d452470a9f6854e97dc891008c828e9ed991287d19750ae962f,11.0,266.0,24.181818181818183,35.0,0.8181818181818182,0.8181818181818182,242.0,22.0,671.0,61.0,0.6639201136863396,0.3003533568904594,880.0,323.0,3.5613865641206015,1.9459101490553132,0.09090909090909091,5.0,-0.8801992535591125,-1.4583282470703125,-0.5781289935112,0,0.12100774475728554
A2A9ZDQOOA3ORO,audit,09234251a436c1169e3194cbe031494e857972ce1d55380a19628d42fe978e37,3.0,66.0,22.0,33.0,0.6666666666666666,0.6666666666666666,58.0,19.333333333333332,239.0,79.66666666666667,0.6659327009936766,0.2986111111111111,245.0,88.0,3.15884780425028,2.197224577336219,0.0,5.0,-1.1714575290679932,-1.2274259328842163,-0.055968403816223145,0,0.1463441041426265
A234IQCNSW5ZDG,audit,092775e844f59b6754e95022461d944ad9f1bd3ebd30d5601227a8e9ed18ac0a,5.0,95.0,19.0,33.0,0.6,0.6,87.0,17.4,141.0,28.2,0.79240886640945,0.5771812080536913,387.0,145.0,3.1815104763239694,2.197224577336219,0.0,5.0,-1.4392317533493042,-1.2606996297836304,0.17853212356567383,1,0.15033461521860467
A317A8TBRRTKO2,audit,0946818f1982261e0deacf319aee4dc90699d21c36f4fbc29d42fc7a6f5f862a,2.0,40.0,20.0,30.0,1.0,1.0,39.0,19.5,40.0,20.0,0.8186063218390804,0.7413793103448276,172.0,58.0,3.268345798795653,1.791759469228055,0.5,5.0,-1.3353853225708008,-1.510737419128418,-0.1753520965576172,0,0.21045418748475325
A2YP323KXIBPQ9,audit,094f577f7aa179f853d6030ec9998f0e48b23441b9a226c9c38761c966b90fad,3.0,79.0,26.333333333333332,33.0,1.0,1.0,71.0,23.666666666666668,682.0,227.33333333333334,0.47633824415305376,0.13458528951486698,258.0,87.0,3.5621432440707625,2.5649493574615367,0.0,5.0,-1.0446889400482178,-1.190762996673584,-0.1460740566253662,0,0.12150627320286404
A1IU7S4HCK1XK0,audit,098767d9953f32143dd100fb18e08b74591f921a8b5706a5f42359fc089989b2,5.0,102.0,20.4,34.0,0.8,0.6,94.0,18.8,975.0,195.0,0.6464383587525709,0.09277238403451996,404.0,147.0,2.8066466083617287,1.9459101490553132,0.2,5.0,-0.9854421615600586,-1.3829692602157593,-0.3975270986557007,0,0.13070638857863057
A3RXUMEMEFE7MS,audit,099ac8f70f13b0f218d7b7eb8af1143a1682530dabfcd267edf32f7242872746,2.0,33.0,16.5,33.0,0.5,0.5,29.0,14.5,138.0,69.0,0.6919642857142857,0.38392857142857145,125.0,58.0,3.101267758593961,2.9444389791664403,0.0,5.0,-0.3928155303001404,-0.4505750238895416,-0.057759493589401245,0,0.15420668903197898
A1XDMYX8QOW07N,audit,09d238b766609f4ce294a7a5ce53962124a74acab9bf3ccef38287809d33493c,11.0,175.0,15.909090909090908,33.0,0.5454545454545454,0.5454545454545454,155.0,14.090909090909092,622.0,56.54545454545455,0.7357907198925395,0.2925170068027211,756.0,321.0,3.279521476753749,2.0794415416798357,0.0,5.0,-0.4336259365081787,-0.5221266150474548,-0.08850067853927612,0,0.13924897564871414
A2RVSAIPOK5Z3H,audit,09dd4f1c31095ddc0ad6ca7b954a548e46b4bfca4cc0c8f66361615c0f998333,5.0,106.0,21.2,33.0,0.8,0.8,98.0,19.6,289.0,57.8,0.6884524155090193,0.4009433962264151,417.0,146.0,2.090090444583598,1.791759469228055,0.6,5.0,-1.0637024641036987,-1.4533140659332275,-0.3896116018295288,0,0.11262201583297068
A3B9QH2N3S4GM3,audit,09e4168333124e7a0446e478191279419795ef1ce277f6cc92a2ec98a8055832,7.0,114.0,16.285714285714285,33.0,0.8571428571428571,0.7142857142857143,110.0,15.714285714285714,305.0,43.57142857142857,0.7875234660085783,0.27741935483870966,582.0,203.0,2.290981177400432,1.791759469228055,0.5714285714285714,5.0,-1.2378736734390259,-1.1038023233413696,0.13407135009765625,1,0.10582655438423054
A24I8Z164A3WUF,audit,09fc3b69d39484773d23c58836dc61b6c7a967fc3afc5eb6e6ddd4fea68f17b7,3.0,34.0,11.333333333333334,34.0,0.3333333333333333,0.3333333333333333,30.0,10.0,49.0,16.333333333333332,0.8781094527363185,0.6343283582089553,197.0,88.0,2.601008881210739,2.197224577336219,0.0,5.0,-1.6223777532577515,-1.6038366556167603,0.01854109764099121,0,0.1490779141107291
A1LEXEYZFZ4611,audit,0a28aa8469d95a8071b6c5df7c0947bd4107674c476a5f0a5bbc7c7a0b4e3e44,7.0,174.0,24.857142857142858,33.0,0.8571428571428571,0.8571428571428571,158.0,22.571428571428573,403.0,57.57142857142857,0.6580319889076155,0.42786069651741293,579.0,203.0,2.446370378674089,1.6094379124341003,0.14285714285714285,5.0,-0.29599934816360474,-0.5985142588615417,-0.302514910697937,0,0.08797475952564478
A34XJ5OULZP05Q,audit,0a2f49bb86e643213c44afa3b4a685a23c1316699f9a7c588c588d6d356b4b28,2.0,0.0,0.0,0.0,0.0,0.0,0.0,0.0,0.0,0.0,1.0,1.0,138.0,58.0,3.0153426301306316,2.5649493574615367,0.0,5.0,-1.4296400547027588,-1.486600399017334,-0.056960344314575195,0,0.2016405487791612
AHCK96KL7JVGW,audit,0a51f4952477395053626ac5436a2a7d0bf572219d0d082d1056ed9cb1df7742,5.0,157.0,31.4,33.0,1.0,1.0,141.0,28.2,1197.0,239.4,0.43696857999898314,0.0918918918918919,429.0,145.0,1.9715934074468637,1.6094379124341003,0.8,5.0,-0.6750330924987793,-1.2272111177444458,-0.5521780252456665,0,0.11074781835528935
A2XGEZGTIBLPG1,audit,0a681b57d191532b1a1b4db219b8e4aab35ca34683348d3a194f34707ea91b0c,6.0,178.0,29.666666666666668,33.0,1.0,1.0,158.0,26.333333333333332,702.0,117.0,0.540615274689685,0.18181818181818182,516.0,174.0,3.6932094871023735,2.4849066497880004,0.0,5.0,-1.439840316772461,-1.9241985082626343,-0.48435819149017334,0,0.1336012926069787
A3JM4IBJ42RY2F,audit,0a74939bdbe20b7c57fbfe6fb78d8f4209cf14c97a4fa720d7ecf15ce9dabd74,2.0,66.0,33.0,33.0,1.0,1.0,58.0,29.0,175.0,87.5,0.5242428501159441,0.40186915887850466,172.0,58.0,2.6287476860138907,1.791759469228055,0.5,5.0,-1.7808773517608643,-1.7554649114608765,0.025412440299987793,1,0.1537745635143368
A2SX0AP507CQ1Z,audit,0a931f08419cbf859a738368a27438fe78b94fd676059093d82d2427e3411eb7,2.0,66.0,33.0,33.0,1.0,1.0,58.0,29.0,169.0,84.5,0.5053767146894602,0.48314606741573035,172.0,58.0,2.0948273710132126,1.791759469228055,0.5,5.0,-1.559969186782837,-1.5900299549102783,-0.030060768127441406,0,0.12178575759333543
A3L4PHH58F5Z4U,audit,0a99f40f583745b16c285ed1b6b759cce34c9411dfce68a6c72feb54e076b583,20.0,551.0,27.55,34.0,0.85,0.85,487.0,24.35,2268.0,113.4,0.5176391344573208,0.23943661971830985,1642.0,590.0,2.746615385313741,1.6094379124341003,0.1,5.0,-0.6633363366127014,-0.6758689880371094,-0.012532651424407959,0,0.07773361850433276
A3EU8JNMZC1KRA,audit,0a9c1685b368b10038426073572eae1738a69c3d5108c429e57572524aa6778e,3.0,33.0,11.0,33.0,0.3333333333333333,0.3333333333333333,29.0,9.666666666666666,42.0,14.0,0.890625,0.671875,213.0,87.0,2.8369242078711046,2.197224577336219,0.0,5.0,-0.3731447756290436,-0.343112587928772,0.030032187700271606,1,0.1677354625222579
A2GELXGZ1AAC3,audit,0aa088fa651c7dbf001df13eb927b531b5a3ec8df342694e8dfe8e828d0c237b,3.0,40.0,13.333333333333334,24.0,0.6666666666666666,0.6666666666666666,40.0,13.333333333333334,40.0,13.333333333333334,0.873939393939394,0.7818181818181819,242.0,88.0,1.752498457342594,1.0986122886681096,0.3333333333333333,5.0,-0.4300715923309326,-0.5637933015823364,-0.1337217092514038,0,0.10614195259127868
A1OXSBQA7Y0QEG,audit,0aa5d9d97c85ce8ac240f0a92e8b9159a94bf9e871cc74a899e2b989d49d7b61,4.0,99.0,24.75,33.0,0.75,0.75,87.0,21.75,292.0,73.0,0.6099095254353021,0.4207920792079208,342.0,116.0,2.0126758453675744,1.9459101490553132,0.5,5.0,-0.8242829442024231,-0.8695217967033386,-0.04523885250091553,0,0.11255193575186116
A2UJMPA9F6DEIT,audit,0aaec704f9d58271baa2d460bdb920800a2e92319b0f5f0a76a9a4a09a6e5176,6.0,92.0,15.333333333333334,33.0,0.8333333333333334,0.6666666666666666,84.0,14.0,228.0,38.0,0.7945089948723226,0.344,510.0,175.0,2.64252160090949,2.0794415416798357,0.0,5.0,-0.0746498852968216,-0.16766217350959778,-0.09301228821277618,0,0.09197182602871487
A2WRHDG9TD15U,audit,0ab51c87c366fcbd10adf175b7d453afca80a265c7ca6eab52de3404b8875964,3.0,12.0,4.0,12.0,0.3333333333333333,0.3333333333333333,12.0,4.0,12.0,4.0,0.9591836734693877,0.8775510204081632,207.0,87.0,2.475516357465768,1.791759469228055,0.3333333333333333,5.0,-1.2184579372406006,-1.2426544427871704,-0.024196505546569824,0,0.16936904817175086
A2ZFWPY2DS5JCJ,audit,0ac48352a8765a7dc6569e054751df4fe608e35326f666c922e6fefed725865e,2.0,36.0,18.0,33.0,1.0,0.5,32.0,16.0,92.0,46.0,0.7288603531300161,0.49142857142857144,172.0,58.0,2.297559925067295,2.197224577336219,0.0,5.0,-0.17225825786590576,-0.18595010042190552,-0.013691842555999756,0,0.10155585920930012
A2LOJXM3GUZKSR,audit,0ac4d2f54703d0608fdd3bc7be22ebe38c6655632d3c4e01de80fce9a0007d45,3.0,99.0,33.0,33.0,1.0,1.0,87.0,29.0,213.0,71.0,0.5480792506936297,0.5308641975308642,258.0,87.0,1.9390370533210681,1.791759469228055,0.6666666666666666,5.0,-1.249328851699829,-1.5489048957824707,-0.2995760440826416,0,0.11845829129915485
A2NBLG314SMFLB,audit,0adfc8f7970ce0c71dff140d03b90ca0e052b2f7c1a832b0f9b8d563f2f233c0,8.0,175.0,21.875,33.0,0.875,0.75,159.0,19.875,662.0,82.75,0.6748122336027563,0.1841541755888651,666.0,232.0,2.272723604458752,1.6094379124341003,0.5,5.0,-0.572738766670227,-0.6822779774665833,-0.1095392107963562,0,0.10110838818742446
A3EP4YIS9W1LR1,audit,0b18f0a843d0fad9c115d89969ae6b61f956ee152addcecb594a4a00a74377e4,2.0,34.0,17.0,34.0,0.5,0.5,30.0,15.0,120.0,60.0,0.7058823529411764,0.4117647058823529,164.0,59.0,3.791623762151681,2.70805020110221,0.0,5.0,-2.382981777191162,-2.340151309967041,0.042830467224121094,1,0.22485624371601443
A1XZBI594HFG7Z,audit,0b3f0724f0d021cc65d9bd2a4f1075f0547ed2d0072f67dd9492cbf778804941,13.0,367.0,28.23076923076923,34.0,0.9230769230769231,0.8461538461538461,326.0,25.076923076923077,1569.0,120.6923076923077,0.5612950812666856,0.12893553223388307,1085.0,378.0,3.5431367376775196,1.6094379124341003,0.07692307692307693,5.0,-1.5971486568450928,-2.042787551879883,-0.44563889503479004,0,0.13256733097570042
A11IN1QQR8715F,audit,0b4654bb47963feee82290ced87f45c57e7f4d8a47f328910d555e6d0e153502,2.0,33.0,16.5,33.0,0.5,0.5,29.0,14.5,127.0,63.5,0.7004716981132075,0.4009433962264151,138.0,60.0,2.5708317782513297,2.197224577336219,0.0,5.0,-1.121438980102539,-1.6412017345428467,-0.5197627544403076,0,0.12869621514628277
A1632CW2ZVBRFS,audit,0b48bda9df6dc6f65445320773fc6fa9d97595583b232b66bab4ce91b9360c96,20.0,482.0,24.1,34.0,0.9,0.75,430.0,21.5,1373.0,68.65,0.6586505991158024,0.18181818181818182,1652.0,585.0,3.2844222865166963,1.3862943611198906,0.15,5.0,-0.20675966143608093,-0.2095985859632492,-0.002838924527168274,0,0.07441370877714551
A1CQ2IR7P9VV0Q,audit,0b4c18ee76e79eadc755c927996dd841d76e82bdd3ffc0066f594a73b1eb5d43,3.0,74.0,24.666666666666668,33.0,1.0,1.0,70.0,23.333333333333332,96.0,32.0,0.7422329053810152,0.6099290780141844,258.0,87.0,3.9455821946792944,3.4657359027997265,0.0,5.0,-1.4947036504745483,-1.6626276969909668,-0.16792404651641846,0,0.1683317503890543
A3MNV91GLZ4LFC,audit,0b5ac41c93d2d4a563addd61c8d3c712681946a1493eb5101c43faf96b704e30,4.0,132.0,33.0,33.0,1.0,1.0,116.0,29.0,1131.0,282.75,0.30280703559476496,0.11168831168831168,344.0,116.0,2.1625811260048553,1.791759469228055,0.5,5.0,-0.5720418691635132,-2.242300510406494,-1.670258641242981,0,0.09953884405086971
A14JU74UUGJ8GZ,audit,0b7096c0de7f5d8d62cde3f0a85b41cb6acf0874fdc4164dfd6f2dae8d96b94d,2.0,58.0,29.0,33.0,1.0,1.0,54.0,27.0,115.0,57.5,0.6317055692055692,0.48863636363636365,172.0,58.0,1.868834809141684,1.791759469228055,1.0,5.0,-1.4500513076782227,-1.3569680452346802,0.09308326244354248,1,0.1448064903040879
A3JLOIXFM75QNV,audit,0b860912ccd4d5209dfd60f0670a67889ffee3613b4a24c1919e237dc08cd3d5,20.0,399.0,19.95,34.0,0.6,0.6,351.0,17.55,1273.0,63.65,0.6896264818641384,0.273015873015873,1459.0,584.0,3.1681950429614245,2.197224577336219,0.0,5.0,-0.542637825012207,-0.8956179618835449,-0.3529801368713379,0,0.08632402662027612
AYWCV3WFU20JB,audit,0b8a575bf4c379855d142ad605a7a7abb02205b2da69d8877337862242484c5f,2.0,66.0,33.0,33.0,1.0,1.0,58.0,29.0,439.0,219.5,0.2824324905400757,0.26625386996904027,172.0,58.0,3.7708415499410552,2.5649493574615367,0.0,5.0,-0.5814588665962219,-0.9968635439872742,-0.41540467739105225,0,0.15740993892736882
ABPMTO5KKM88S,audit,0ba3ddd37028c1925e20cfec9718a53596493d52d723685480592d4ed67009a9,2.0,66.0,33.0,33.0,1.0,1.0,58.0,29.0,134.0,67.0,0.572884012539185,0.4942528735632184,172.0,58.0,2.5249280036247685,2.4849066497880004,0.0,5.0,-0.9588737487792969,-1.2417205572128296,-0.2828468084335327,0,0.10020737184701917
A1KDU8GVKJAJV8,audit,0bb41801f850b4884359b9cdeeecd9b333ddf13b5274532f59f64819808d6386,5.0,66.0,13.2,33.0,0.4,0.4,58.0,11.6,204.0,40.8,0.8007948335817188,0.3524590163934426,376.0,145.0,3.8836398403407886,2.3978952727983707,0.0,5.0,-1.1411157846450806,-1.1851303577423096,-0.044014573097229004,0,0.22647083318740738
ATXWVGLKWDPX4,audit,0bc5ea4a9e36352b73262ea855631b25d88d6abc29c3a3b3fac6a315729534c6,3.0,99.0,33.0,33.0,1.0,1.0,87.0,29.0,319.0,106.33333333333333,0.4987792803967451,0.296551724137931,258.0,87.0,2.0451882970272464,1.791759469228055,0.6666666666666666,5.0,-0.32490602135658264,-0.6734029650688171,-0.3484969437122345,0,0.11365867263796378
A38G6AFVNYG9NX,audit,0bd35407417ad93278023c59eab27156d5203c45dfe078d0e7a13becc158a935,3.0,68.0,22.666666666666668,33.0,1.0,1.0,64.0,21.333333333333332,139.0,46.333333333333336,0.7078868342026237,0.45263157894736844,257.0,88.0,2.9254919297821065,2.3025850929940455,0.0,5.0,-1.0042643547058105,-1.3403207063674927,-0.33605635166168213,0,0.10699905802238528
A1PKRO48Z2QTFV,audit,0bd8d33d07e6b6358752a2d7619f7652eb330446628120a9132428b860a9a5cc,3.0,95.0,31.666666666666668,33.0,1.0,1.0,87.0,29.0,399.0,133.0,0.5363657786775496,0.2097560975609756,258.0,87.0,3.052031785707929,2.0794415416798357,0.0,5.0,-0.587501585483551,-0.5680615901947021,0.019439995288848877,0,0.10974558809589215
ATFJ0SOX2Z3I,audit,0bdf56eb3c5d3741f09fd6cc39f9eb2e1e778dfa2288423bccf86f00c7bffabe,5.0,112.0,22.4,34.0,0.8,0.8,100.0,20.0,245.0,49.0,0.690485705768477,0.5058823529411764,400.0,146.0,2.7082989352552618,2.0794415416798357,0.0,5.0,-0.27318310737609863,-0.5567604899406433,-0.2835773825645447,0,0.1053628579555018
A3732PEAYKBERK,audit,0be9247ab991dd6b2a43cebaf7c3c5dfa845c94d6e47d1109160d96e199e8fa7,2.0,67.0,33.5,34.0,1.0,1.0,59.0,29.5,135.0,67.5,0.5588687628161313,0.551948051948052,171.0,59.0,2.5152189606962176,2.197224577336219,0.0,5.0,-0.9429306983947754,-0.8762129545211792,0.06671774387359619,1,0.10715053083071911
A29D89FNZ8ZSKB,audit,0c008ff7bab380826b6ddb3a547939a7a59426967dc71daf0bc096d8707b60ee,2.0,3.0,1.5,3.0,0.5,0.0,3.0,1.5,3.0,1.5,0.9829545454545454,0.9659090909090909,151.0,59.0,3.846512874208944,3.7612001156935624,0.0,5.0,-1.4588642120361328,-1.7297242879867554,-0.27086007595062256,0,0.23595446862945157
A2TJ89QNOHVFZ2,audit,0c2e0ce38be7e0c40ede8034b3b6f040c986262efddd0ecae8372e11c5b660f5,4.0,54.0,13.5,33.0,0.5,0.5,50.0,12.5,87.0,21.75,0.842381947860305,0.5657894736842105,272.0,116.0,2.6194627992765263,1.3862943611198906,0.5,5.0,-0.3616894781589508,-0.8078885078430176,-0.4461990296840668,0,0.19125071703507215
A7UJL71UR12UK,audit,0c319fec032eaed320e0fa056765f0b1dffbf784f8a86fcc608ca451b3163b42,2.0,38.0,19.0,33.0,1.0,0.5,34.0,17.0,134.0,67.0,0.6708203530633436,0.397196261682243,170.0,59.0,2.359249435647547,1.9459101490553132,0.5,5.0,-1.34222412109375,-1.4258291721343994,-0.08360505104064941,0,0.1462508217514884
A2MF2QVSCUI27G,audit,0c6c93bc08f405a7a3b902c9bfa6103db727d7c02ad934dae3bc7cd44ff0a6de,2.0,0.0,0.0,0.0,0.0,0.0,0.0,0.0,0.0,0.0,1.0,1.0,118.0,58.0,3.508753071470628,3.4339872044851463,0.0,5.0,-0.8406020402908325,-0.8751986622810364,-0.03459662199020386,0,0.2335836552633972
A2MSJ2NV99JXQC,audit,0c752558fc606d7df9cf50aa19d5edfdf834925bc6d86b4057287e51c67b6e17,5.0,122.0,24.4,36.0,1.0,0.8,110.0,22.0,220.0,44.0,0.6998482025221155,0.5093167701863354,421.0,152.0,2.8008423443444537,1.3862943611198906,0.2,5.0,-0.26844704151153564,-0.44543734192848206,-0.1769903004169464,0,0.12902269148071183
AFG4HIHMX312C,audit,0c76d6d91e50a22e11aafe67cc26578251ca8219bbf82ced53f8cf2581572bb6,20.0,287.0,14.35,33.0,0.55,0.55,263.0,13.15,901.0,45.05,0.8016519911266691,0.16862745098039217,1455.0,581.0,3.155454291947741,1.6094379124341003,0.1,5.0,-1.6540553569793701,-1.6508649587631226,0.0031903982162475586,0,0.09877864409597759
A22XU4EHOJFU3W,audit,0c7eb01c65d1de49f2219f12c6aada1047cd93c2b887af8935fa4a8bc15d4a97,5.0,100.0,20.0,33.0,0.8,0.6,92.0,18.4,473.0,94.6,0.6988350322446433,0.18181818181818182,417.0,145.0,4.125206695627825,3.044522437723423,0.0,5.0,-1.3159428834915161,-1.5842087268829346,-0.26826584339141846,0,0.19185455762559775
A95CSH4O4LBVR,audit,0c8060210b4c84778b69b3ea2b9d8333ecad5462c02400fe995ec0f13048a7ff,2.0,51.0,25.5,33.0,1.0,1.0,47.0,23.5,61.0,30.5,0.7454927884615384,0.6640625,171.0,58.0,2.736135336835737,2.6390573296152584,0.0,5.0,-0.5268272757530212,-0.8685875535011292,-0.3417602777481079,0,0.10929931252823731
A3QXIV51GXNEG5,audit,0c80c2abd20d3249ea27709dbfca6e6c9fecb212d7577ade901cf0897eb82c75,2.0,33.0,16.5,33.0,0.5,0.5,29.0,14.5,67.0,33.5,0.7810457516339869,0.5620915032679739,165.0,58.0,3.306020517416546,3.1780538303479453,0.0,5.0,-1.246848225593567,-1.183802843093872,0.06304538249969482,1,0.17721300170699536
A11QD9H9KTEK45,audit,0c827d0a23f4248b5b92990921666f746081119f4dd4c9a6e6d766bd0bf60105,2.0,66.0,33.0,33.0,1.0,1.0,58.0,29.0,81.0,40.5,0.6801075268817205,0.6666666666666666,172.0,58.0,3.1917533174420027,2.772588722239781,0.0,5.0,-1.299155592918396,-1.3869552612304688,-0.08779966831207275,0,0.14508942603313577
A14DGJHYS25XYB,audit,0c8fe117491d1014b1964892d219f8bbf455f01bdeaf317b3ed1a6f9f1fd041e,3.0,67.0,22.333333333333332,34.0,0.6666666666666666,0.6666666666666666,59.0,19.666666666666668,292.0,97.33333333333333,0.580195623424907,0.3524590163934426,237.0,89.0,2.8713189532828487,2.197224577336219,0.0,5.0,-1.3881199359893799,-1.0899399518966675,0.2981799840927124,1,0.1332977342507952
A2PVCEQ4GAWDJ6,audit,0c946e57e74e01044c54d5f2dcf1787a28c3fd43ef7efbec209ed53d971991c2,8.0,116.0,14.5,33.0,0.625,0.5,112.0,14.0,116.0,14.5,0.8706771243916633,0.7226890756302521,590.0,234.0,2.6948640100141423,2.0794415416798357,0.0,5.0,-1.4650771617889404,-1.5947999954223633,-0.12972283363342285,0,0.10725249314008684
A3C8CJJB89BTEJ,audit,0cb2fd41c5fb4b8bd65555e4555952fcc7631de85f44f8dbd6943224c63f3658,4.0,33.0,8.25,33.0,0.25,0.25,29.0,7.25,37.0,9.25,0.9247967479674797,0.6991869918699187,260.0,116.0,2.4198358752220837,1.791759469228055,0.5,5.0,-0.8395102620124817,-0.8087208867073059,0.03078937530517578,1,0.19956722419569367
AZZOZQ8AAHT64,audit,0cb88b5a57262e228b1e0b10e37f8bc9a8a8dfb445facd3c4405052ffb698194,4.0,66.0,16.5,33.0,0.5,0.5,58.0,14.5,144.0,36.0,0.7761451855464782,0.4858757062146893,330.0,116.0,2.778544436152397,1.791759469228055,0.25,5.0,-2.622607707977295,-2.7285678386688232,-0.10596013069152832,0,0.16613648149307939
A20XOKI1KEUFXO,audit,0cc4d1a5240a4b980f6ac538b055f326d9d4c845b5bdc5a1a41355a1c5133a7d,2.0,34.0,17.0,34.0,0.5,0.5,30.0,15.0,96.0,48.0,0.7333333333333334,0.4666666666666667,142.0,59.0,2.7647145437557112,1.791759469228055,0.5,5.0,-1.2349591255187988,-1.4395067691802979,-0.20454764366149902,0,0.2120517084634555
A47YGBHO43DZZ,audit,0cca27261f29827d4dd88faebee2ee95e11fd2bfe5f824dd77026e8835b414cd,2.0,33.0,16.5,33.0,0.5,0.5,29.0,14.5,83.0,41.5,0.7544378698224852,0.5088757396449705,154.0,58.0,2.2499048351651325,2.197224577336219,0.0,5.0,-1.243496298789978,-1.3036762475967407,-0.060179948806762695,0,0.11329984306803154
A2RJ4DUC9IUDY0,audit,0cf906b935ef4e7ed7378588ddd40a76abd3236686437f34ea743058a38011f6,3.0,78.0,26.0,33.0,1.0,1.0,70.0,23.333333333333332,195.0,65.0,0.6155242646795277,0.48314606741573035,258.0,87.0,2.1930837373367003,2.0794415416798357,0.0,5.0,-1.3613698482513428,-1.5918916463851929,-0.2305217981338501,0,0.07750259178927166
A2EDRNKOWF8FQI,audit,0cfb48d050f994282946bca6bcd04cd807a7d729f7a352fd83c49920ec5c1e18,3.0,99.0,33.0,33.0,1.0,1.0,87.0,29.0,466.0,155.33333333333334,0.3853729266238574,0.28104575163398693,258.0,87.0,3.2535904167781773,2.3025850929940455,0.0,5.0,-0.5917975306510925,-0.5898063778877258,0.0019911527633666992,0,0.1302695208207759
AY3I2II95CGOR,audit,0d2667e73908d87e15929dabf05950c58f2cac7c839479319896dfc835286ace,2.0,33.0,16.5,33.0,0.5,0.5,29.0,14.5,36.0,18.0,0.8524590163934427,0.7049180327868853,150.0,58.0,3.7477709719421277,3.4011973816621555,0.0,5.0,-0.9749345779418945,-1.1423699855804443,-0.1674354076385498,0,0.22314477378814254
A2FO1C1P3LNPD9,audit,0d3302fc3d17477cf1b016c685bfc2b4d93b1d009934dbfdc52d57ddd57c3a48,2.0,39.0,19.5,33.0,1.0,0.5,35.0,17.5,97.0,48.5,0.7103291574551708,0.4858757062146893,172.0,58.0,3.020127355638707,1.6094379124341003,0.5,5.0,-1.304058313369751,-1.3188995122909546,-0.014841198921203613,0,0.21975158370261424
A1ZSJNYKW86Y9C,audit,0d3ce913f2525c9b59b0e986aaca36037075469ae65aa44e9e6fa10b545f7653,4.0,129.0,32.25,33.0,1.0,1.0,116.0,29.0,182.0,45.5,0.6585937280844782,0.5771812080536913,343.0,116.0,2.3422203500261833,1.791759469228055,0.5,5.0,-1.6774545907974243,-1.6865787506103516,-0.009124159812927246,0,0.11745413048960518
A64FFC3GUM3HJ,audit,0d48dbc23344444e212a0d5470bd9a4f019c994e1e4408c5c5d2f86ebac807db,5.0,125.0,25.0,33.0,0.8,0.8,113.0,22.6,368.0,73.6,0.6591917982146129,0.26791277258566976,421.0,145.0,3.1693361101940822,2.3978952727983707,0.0,5.0,-0.09067883342504501,-2.048656463623047,-1.9579776525497437,0,0.1189811405513159
A1U26MFJAA1BB5,audit,0d58d6f69457f61488891719d6063ec163cab46467e05b066c2a2c7e917e8b22,9.0,220.0,24.444444444444443,33.0,0.8888888888888888,0.7777777777777778,196.0,21.77777777777778,758.0,84.22222222222223,0.6672798144959714,0.15985130111524162,739.0,261.0,3.29585631684656,0.6931471805599453,0.2222222222222222,5.0,-0.6593531370162964,-1.015579104423523,-0.35622596740722656,0,0.14812816745819374
A3PTUIGFK4MQ3J,audit,0d6f4be90448c2bfbc314df483bc754b970deecc776bd58e7ac5a949709d4ece,2.0,33.0,16.5,33.0,0.5,0.5,29.0,14.5,122.0,61.0,0.7053140096618358,0.4106280193236715,124.0,58.0,2.2154083994216567,1.791759469228055,0.5,5.0,-1.393402099609375,-1.3896639347076416,0.0037381649017333984,0,0.1572557412436335
A30EPFRLFA5P92,audit,0d9195509973594606e9efaa7a641b809d6b9952788934e07d12e93b4a5f45f8,2.0,33.0,16.5,33.0,0.5,0.5,29.0,14.5,66.0,33.0,0.7828947368421053,0.5657894736842105,131.0,58.0,3.1269144057877365,1.6094379124341003,0.5,5.0,-0.7031715512275696,-0.4748385548591614,0.2283329963684082,1,0.26245895378791984
AO1EJXCMIXUNF,audit,0db35141bfa7d2ba709144ddbf98278c272cbf8e02b48a04d99b3d6986c247d4,2.0,66.0,33.0,33.0,1.0,1.0,58.0,29.0,345.0,172.5,0.3380318097497187,0.29553264604810997,172.0,58.0,2.827995905409926,2.3978952727983707,0.0,5.0,-1.0785108804702759,-1.1068060398101807,-0.028295159339904785,0,0.10429026533062803
A1J1GBJREDREP,audit,0dc051f11f0a968bd6f2e2128d1dab43c93eb75d7bcb5b3fdd4650a4a90d7096,9.0,214.0,23.77777777777778,33.0,0.7777777777777778,0.7777777777777778,193.0,21.444444444444443,420.0,46.666666666666664,0.7121287740512058,0.3412698412698413,710.0,261.0,2.500374854328221,1.6094379124341003,0.2222222222222222,5.0,-1.887274146080017,-1.5984102487564087,0.2888638973236084,1,0.08425661543952746
A28UBI340176A2,audit,0dc21e63628cab9d25fdb711c85e6daf18824c32b7e5dba890a906fa0bbd89b0,6.0,70.0,11.666666666666666,33.0,0.8333333333333334,0.5,66.0,11.0,580.0,96.66666666666667,0.7946548701849658,0.13672496025437203,508.0,176.0,2.5140349776263324,1.791759469228055,0.5,5.0,-0.3401283621788025,-0.3470149636268616,-0.006886601448059082,0,0.13596856504798988
A14PEBC049DKXH,audit,0dca774d284546b50f7c337c474dfa6158ae16598aeb0565158fff77770524fa,3.0,53.0,17.666666666666668,33.0,0.6666666666666666,0.6666666666666666,49.0,16.333333333333332,54.0,18.0,0.8426624737945493,0.7166666666666667,257.0,88.0,2.494039641184038,1.3862943611198906,0.6666666666666666,5.0,-0.29557907581329346,-0.9328403472900391,-0.6372612714767456,0,0.19413115601175493
A10Z2H34E2KJFE,audit,0de4e5354cb0cd6b9d65709e41a5b6df44507861976aefaa6d15662d3baa5401,8.0,115.0,14.375,33.0,0.75,0.625,107.0,13.375,238.0,29.75,0.8123395849304402,0.4075829383886256,679.0,234.0,3.695830598156323,1.791759469228055,0.125,5.0,-1.0994287729263306,-1.6898548603057861,-0.5904260873794556,0,0.17320661133444196
A1SFE45CVI7R1A,audit,0dfbe582176fe8a6ddcbc3b63400caad28ffcd84a02ab186e1461e3ee2a3d7e0,2.0,66.0,33.0,33.0,1.0,1.0,58.0,29.0,178.0,89.0,0.5474917239623122,0.3722943722943723,172.0,58.0,3.496048213707944,2.833213344056216,0.0,5.0,-1.5897870063781738,-1.7852634191513062,-0.19547641277313232,0,0.14987305454321925
A2KXKW7ZVN29XX,audit,0e09b376cbd5ebd8947235aa962d5c88a37c97d5f46806bb400397a8a1877655,2.0,67.0,33.5,34.0,1.0,1.0,59.0,29.5,82.0,41.0,0.6766049305468652,0.6564885496183206,171.0,59.0,2.393745871391023,2.3025850929940455,0.0,5.0,-0.07329845428466797,-1.433213710784912,-1.3599152565002441,0,0.10105000764440916
A3N5NRW1GQ8RXL,audit,0e10bf43456ad7cf01df5d62e2b12b445a93aaf5c962e8983684e516eea1f0d0,4.0,33.0,8.25,33.0,0.25,0.25,29.0,7.25,60.0,15.0,0.8972602739726028,0.589041095890411,240.0,117.0,2.980476098094547,1.9459101490553132,0.25,5.0,-1.601549506187439,-1.6400197744369507,-0.03847026824951172,0,0.21672397462892246
AZAO9C7JCV6BI,audit,0e175ce0b98807597fe6b2219d3e4a664011946f09271ca2873bc301c60135b6,3.0,100.0,33.333333333333336,34.0,1.0,1.0,88.0,29.333333333333332,287.0,95.66666666666667,0.5155577189070012,0.3412698412698413,257.0,88.0,3.50845117703037,2.772588722239781,0.0,5.0,-1.6093661785125732,-1.7843440771102905,-0.17497789859771729,0,0.14379482283053024
A1SJYJFI7KKQZY,audit,0e82b1f7cf3e5c0f5284f09767ca8013d65dd08e747bc0f715e55adbc3ddf165,2.0,65.0,32.5,33.0,1.0,1.0,57.0,28.5,159.0,79.5,0.5214667102538957,0.5087719298245614,173.0,57.0,3.310036603265178,3.2188758248682006,0.0,5.0,-1.9427680969238281,-2.340972661972046,-0.3982045650482178,0,0.14055364886755287
A2MA7ZMW1C74A1,audit,0e8d557b5bb10d61f951c0a03d1c710a336094cf45eeee35a34a8be33c7584d6,3.0,90.0,30.0,33.0,1.0,1.0,82.0,27.333333333333332,120.0,40.0,0.6931886431886433,0.581081081081081,258.0,87.0,2.777596489472653,1.791759469228055,0.6666666666666666,5.0,-1.3280013799667358,-1.3615069389343262,-0.03350555896759033,0,0.17621091519449134
A22PMIUQWH2YPA,audit,0ea724f26b4835a043581bc161f804658634f488d2f687bffcd88ad19f8eac21,16.0,361.0,22.5625,35.0,0.75,0.6875,322.0,20.125,590.0,36.875,0.7407378031161287,0.47513812154696133,1294.0,467.0,2.5698999018548454,1.6094379124341003,0.1875,5.0,-0.2377016693353653,-0.1191590204834938,0.11854264885187149,1,0.05757917089505643
A3O0I3Y8G9EMWU,audit,0ed8d20023f7baf793169934915154d4376d11f082c289554e2ae3393e7c162e,8.0,232.0,29.0,34.0,0.875,0.875,204.0,25.5,479.0,59.875,0.6170610815816224,0.524390243902439,659.0,233.0,3.2027505123538917,2.772588722239781,0.0,5.0,-0.46284419298171997,-0.5405805110931396,-0.07773631811141968,0,0.09916711400379272
A1A46OOBRG3ZHZ,audit,0ed91b2ffca72115328186e0cfea8f827f273c0e465b9333bbd15a44d0eef064,4.0,99.0,24.75,33.0,0.75,0.75,87.0,21.75,582.0,145.5,0.5164867571972513,0.21339950372208435,341.0,117.0,3.8871231641224573,3.2188758248682006,0.0,5.0,-0.7320852875709534,-0.9831139445304871,-0.2510286569595337,0,0.1754308706150635
A2HP9H1XJJPTWX,audit,0eea3092d80d4d1ef53edcb32da08664c22e1f894d3b6f2ba2217eb158413d1f,2.0,33.0,16.5,33.0,0.5,0.5,29.0,14.5,192.0,96.0,0.6546762589928058,0.30935251798561153,165.0,59.0,2.882595551392422,2.3978952727983707,0.0,5.0,-1.1965476274490356,-1.7610161304473877,-0.564468502998352,0,0.1372232463367489
A2YT5978PFGYFG,audit,0eeb68b110a9bcc9e18ca0b7b4acbbe44e984335b9a79844a9342fa613b7a8ff,5.0,58.0,11.6,33.0,0.4,0.4,54.0,10.8,94.0,18.8,0.8659226968904388,0.5548387096774193,364.0,145.0,2.735304862931357,1.791759469228055,0.4,5.0,-0.9426002502441406,-1.0530622005462646,-0.11046195030212402,0,0.18391525389088706
A36XZ3G51YG9SD,audit,0ef518dcd9ec44225e4549775eb7aa32c4904fe6fd752b9b5bee136c2fa84686,2.0,66.0,33.0,33.0,1.0,1.0,58.0,29.0,203.0,101.5,0.47113305674048966,0.3944954128440367,172.0,58.0,2.0126758453675744,1.9459101490553132,0.5,5.0,-0.5599010586738586,-0.7530354261398315,-0.1931343674659729,0,0.10944770864593056
A2VR5FF0M37ZYH,audit,0efdc7ea9ed7a2a7fc64f933e65ae657b3b41023d9de15c2c732eaa56d5c7405,4.0,132.0,33.0,33.0,1.0,1.0,116.0,29.0,353.0,88.25,0.5521468109232345,0.2986111111111111,344.0,116.0,3.177411760645493,1.9459101490553132,0.25,5.0,-1.2205233573913574,-1.4172136783599854,-0.19669032096862793,0,0.14296143213444107
A19Y4TXEXGCU5Y,audit,0f04a65b907e5c28c0ca9854bd825159cd3686492201402c998bc8e7b5138a58,2.0,66.0,33.0,33.0,1.0,1.0,58.0,29.0,89.0,44.5,0.6606428066870733,0.6277372262773723,172.0,58.0,2.0715673631957663,1.9459101490553132,0.5,5.0,-0.16137821972370148,-3.0303289890289307,-2.868950843811035,0,0.12261942483634689
ANMX4YXBLKZ5H,audit,0f0b12010edc7e8b81741d1579ef5b7aa388a0116297b4c93f638511e1cf4095,2.0,33.0,16.5,33.0,0.5,0.5,29.0,14.5,140.0,70.0,0.6902654867256637,0.3805309734513274,135.0,59.0,3.295150524098343,2.0794415416798357,0.0,5.0,-1.4185713529586792,-1.7362680435180664,-0.3176966905593872,0,0.18644736565188735
A2FNJMDMJIVOUX,audit,0f189e9df16996bb63af825b62f235c314468f68de44d957f108d2e67380e320,4.0,99.0,24.75,33.0,0.75,0.75,87.0,21.75,344.0,86.0,0.6130554235903416,0.2838283828382838,295.0,116.0,3.052481303711416,2.197224577336219,0.0,5.0,-0.5584861040115356,-1.3733363151550293,-0.8148502111434937,0,0.13013052390492696
A3C5OZBJD5WMZC,audit,0f3b55bd329c192691c7dd65f46e99a6c8bdb11e27d746877c6b52de124c9659,2.0,42.0,21.0,32.0,1.0,1.0,38.0,19.0,120.0,60.0,0.6687288494077834,0.4416243654822335,173.0,57.0,2.808385548833286,2.3978952727983707,0.0,5.0,-0.8116235733032227,-0.7113941311836243,0.10022944211959839,1,0.10331535673820909
AJB7W7OD11G8Z,audit,0f3f35cc4eb9310544631c53f52284fd630461458e83bb57f468f31ae0eb7a80,2.0,66.0,33.0,33.0,1.0,1.0,58.0,29.0,306.0,153.0,0.359857835670641,0.35684647302904565,172.0,58.0,2.649158683274018,1.6094379124341003,0.5,5.0,-1.6120878458023071,-1.695389986038208,-0.08330214023590088,0,0.152266359790965
APXZX71EVO5DV,audit,0f5a0a5f3e2634941922c2d52ed462a68cae382a82ce55bbd41dae9b344d07fc,2.0,58.0,29.0,32.0,1.0,1.0,55.0,27.5,58.0,29.0,0.7483353510895884,0.7288135593220338,172.0,58.0,2.80473589759248,2.5649493574615367,0.0,5.0,-1.4642536640167236,-1.438987135887146,0.025266528129577637,1,0.11907172675909912
AEQAFYTB2NQGO,audit,0f7240791ac8ca072de22e6a15d304efeabc5ad2657e2f381e8ec27a2cc4c488,2.0,66.0,33.0,33.0,1.0,1.0,58.0,29.0,99.0,49.5,0.6346949891067538,0.6323529411764706,172.0,58.0,3.0910424533583156,3.0910424533583156,0.0,5.0,-1.3449817895889282,-1.2309411764144897,0.11404061317443848,1,0.13223086104414566
A31AKA7MLNK0XX,audit,0f818a08f4605559f9f9301f2acd78a98b21492d5442a11555674a3a5d13e217,2.0,67.0,33.5,34.0,1.0,1.0,59.0,29.5,225.0,112.5,0.44782838983050843,0.3644067796610169,171.0,59.0,2.850221786695343,2.5649493574615367,0.0,5.0,-1.4604469537734985,-2.1943585872650146,-0.7339116334915161,0,0.11228455959245222
A3QWGIXTKEEW95,audit,0f9095a9da7a8550ae2ddab198cfdc9491d3d20d81278e9881c054e9fd2134ce,3.0,98.0,32.666666666666664,33.0,1.0,1.0,87.0,29.0,179.0,59.666666666666664,0.6042728723371007,0.5029239766081871,258.0,87.0,3.484148920094341,2.833213344056216,0.0,5.0,-1.0934102535247803,-1.1073541641235352,-0.013943910598754883,0,0.14688561309910977
A3IFTXSHTCG3VK,audit,0fbc309dde3fa3c4d0a9b53a0582e1975fbe38571368e0298f41d3a08b75a123,2.0,54.0,27.0,34.0,1.0,1.0,50.0,25.0,163.0,81.5,0.5920638861304204,0.37280701754385964,171.0,59.0,2.5053176470481278,2.3025850929940455,0.0,5.0,-1.629852056503296,-1.9366466999053955,-0.3067946434020996,0,0.09076712108723296
ALVUPU3ESBY60,audit,0fbfb96224ba1995f6d8a595e140c71813e738e32c0f0ebc9436aa2846643e83,3.0,33.0,11.0,33.0,0.3333333333333333,0.3333333333333333,29.0,9.666666666666666,54.0,18.0,0.8714285714285714,0.6142857142857143,237.0,87.0,3.3170447353344934,1.791759469228055,0.3333333333333333,5.0,-1.2620817422866821,-1.3599262237548828,-0.09784448146820068,0,0.26353575327482237
A2RMD12V8QKV1E,audit,0fcf6290bcb1697b5ec86367af37642eec960c4b6da6f9466cc7d0fb09cd8cd0,15.0,398.0,26.533333333333335,34.0,0.9333333333333333,0.8666666666666667,355.0,23.666666666666668,1068.0,71.2,0.6590197020325019,0.19767441860465115,1253.0,436.0,2.7827930673697807,1.6094379124341003,0.26666666666666666,5.0,-0.6703144907951355,-0.843502402305603,-0.17318791151046753,0,0.06638740451504316
AR9ZOC5B1U5H1,audit,0ff40fc97eb7fe43b8aee19c80ceb8cb779582d020f837bce3d729f79034539e,6.0,184.0,30.666666666666668,33.0,1.0,1.0,164.0,27.333333333333332,755.0,125.83333333333333,0.4578217351575585,0.26380368098159507,516.0,174.0,3.0225393610734628,1.3862943611198906,0.16666666666666666,5.0,-0.8923175930976868,-1.299749732017517,-0.4074321389198303,0,0.12907550125813727
A3IS850Q5VGBFX,audit,100fab84ae09b535270c35648a3186560fa9a6daf08e5b9b23cf2dbe94414e2b,14.0,231.0,16.5,33.0,0.5714285714285714,0.5714285714285714,213.0,15.214285714285714,422.0,30.142857142857142,0.8055680218841436,0.38565022421524664,1091.0,409.0,3.347970312703786,2.197224577336219,0.0,5.0,-1.1391440629959106,-1.3909820318222046,-0.25183796882629395,0,0.10010871394037386
A27YHTJAGR2ZKV,audit,101bdaefadc03489889c8f4ce0f799dd23933c54673a4cea0ddb9beee4da6dad,3.0,79.0,26.333333333333332,33.0,1.0,1.0,75.0,25.0,82.0,27.333333333333332,0.7625651920180289,0.7049180327868853,258.0,87.0,2.9860084811205643,1.6094379124341003,0.3333333333333333,5.0,-1.480357050895691,-1.5902385711669922,-0.10988152027130127,0,0.16332994289785333
A23E3HKW85RT41,audit,10226d2b85dc8421770107f42230abf578e6986133c87ac822232c518f694856,2.0,66.0,33.0,33.0,1.0,1.0,58.0,29.0,473.0,236.5,0.26677503751298526,0.2613981762917933,172.0,58.0,2.372466064181625,1.6094379124341003,0.5,5.0,-0.8808919787406921,-2.1183972358703613,-1.2375051975250244,0,0.11527733634711612
A2X6BEURR9XT9L,audit,1026f6aca08bfaa1358a0221ebcba0cb9b5f8597a34c1791e120f2f7b5674ffa,2.0,38.0,19.0,33.0,1.0,0.5,34.0,17.0,197.0,98.5,0.626898481215028,0.30935251798561153,171.0,59.0,2.9661225937240054,2.5649493574615367,0.0,5.0,-1.1756083965301514,-1.1563634872436523,0.019244909286499023,0,0.12584194726415315
A2DIQBZ1VZCK09,audit,102e2ba394767178278ea26aec31579418d11fa823446971eb785c5a9214e6eb,5.0,67.0,13.4,34.0,0.4,0.4,59.0,11.8,201.0,40.2,0.7955665024630542,0.3706896551724138,336.0,146.0,2.43993041554545,1.791759469228055,0.4,5.0,-1.5908489227294922,-1.6232118606567383,-0.032362937927246094,0,0.15692522494440014
A2T5OGCTUKR0E9,audit,10323f232c15a57724cef8c61ab64df8c23d78c8cbe06e5f02df00a0b7a3b8c5,2.0,33.0,16.5,33.0,0.5,0.5,29.0,14.5,68.0,34.0,0.7792207792207793,0.5584415584415584,149.0,58.0,3.448852471564318,2.3978952727983707,0.0,5.0,-0.8367619514465332,-0.9340980648994446,-0.09733611345291138,0,0.20783926991036292
A1YVJENMZL29O7,audit,10466139788c8fbbdeaeaa6749eef08cddf272a40d8f378d8b7040e3f62764bf,2.0,41.0,20.5,34.0,1.0,0.5,37.0,18.5,77.0,38.5,0.7361500701262271,0.5483870967741935,170.0,60.0,2.2154083994216567,1.791759469228055,0.5,5.0,-1.6129239797592163,-1.5494552850723267,0.06346869468688965,1,0.14995835111683892
A1NSJ705LREMYY,audit,107efa22d02b277635eb3ed1754fff0e6ae779e8a9163c32d008cff235db81d9,3.0,83.0,27.666666666666668,33.0,1.0,1.0,75.0,25.0,117.0,39.0,0.7065773450696352,0.5620915032679739,258.0,87.0,4.140097499607781,4.04305126783455,0.0,5.0,-0.7870021462440491,-0.9176492691040039,-0.13064712285995483,0,0.17424924670927933
A1D1SVAWJBVGYP,audit,10977e44836caf73573b7c4c491cd4adc00a1a577e1e1e2ae26e163e8e8b8914,3.0,60.0,20.0,33.0,0.6666666666666666,0.6666666666666666,56.0,18.666666666666668,114.0,38.0,0.7527239244974168,0.49710982658959535,248.0,87.0,2.822667649075155,1.9459101490553132,0.3333333333333333,5.0,-0.7598849534988403,-0.999992847442627,-0.24010789394378662,0,0.16725791760383002
A3U924654UTS1,audit,10bcfad6478e1c065b85ff06702486d888abbaff71c0bf528a5f9bd669de8e62,2.0,66.0,33.0,33.0,1.0,1.0,58.0,29.0,316.0,158.0,0.3985792162896271,0.26299694189602446,172.0,58.0,2.7212088552608966,2.3978952727983707,0.0,5.0,-0.8320322632789612,-1.2462292909622192,-0.41419702768325806,0,0.09642641539917893
A1F0O32S9QGOQU,audit,10bd63b2bcbd539863110c934b25bbc7120aad57d7b18dd814322454226e51ff,3.0,89.0,29.666666666666668,33.0,1.0,1.0,81.0,27.0,211.0,70.33333333333333,0.583185580163531,0.44559585492227977,258.0,87.0,2.450813700081194,1.791759469228055,0.3333333333333333,5.0,-1.4592273235321045,-1.4058184623718262,0.05340886116027832,1,0.11719008515734942
A2PCNWKZHAD1H8,audit,10c2908717c3a5c8075ccaf69c42eb459333b8174cb14c6cccf60eacaf2d7360,3.0,66.0,22.0,33.0,0.6666666666666666,0.6666666666666666,58.0,19.333333333333332,263.0,87.66666666666667,0.6214971268352052,0.30604982206405695,249.0,87.0,2.522793089278841,2.0794415416798357,0.0,5.0,-1.4754912853240967,-1.5024820566177368,-0.026990771293640137,0,0.10792764463874961
A4C0E4KPCIXFY,audit,10c362d8dc714b8c84c0b9ba5e8cf04bdb79cd2fe04e2458a0beb45cbde72edc,2.0,66.0,33.0,33.0,1.0,1.0,58.0,29.0,275.0,137.5,0.4544401361830906,0.2765273311897106,172.0,58.0,2.787974551573158,2.3978952727983707,0.0,5.0,-1.1418859958648682,-1.0949145555496216,0.04697144031524658,1,0.10109959788887012
A18TOQ36EFZSQ2,audit,10d4311b0fc9d97adaeb371efd04f2a3cba0c557b9d8b7378e774392da75ace1,8.0,260.0,32.5,34.0,1.0,1.0,234.0,29.25,675.0,84.375,0.5372409514077517,0.3926940639269406,686.0,234.0,2.296509820264143,1.3862943611198906,0.5,5.0,-1.3615988492965698,-1.669290542602539,-0.30769169330596924,0,0.09148728578222186
A3FFHFJ9FWOECM,audit,10e1bc99c87cfc7a231b008a17ee8bb6648f783178b406687f34130cbe6018d1,2.0,64.0,32.0,33.0,1.0,1.0,58.0,29.0,132.0,66.0,0.5974678915855387,0.45989304812834225,172.0,58.0,2.858513850703111,2.0794415416798357,0.0,5.0,-1.5221818685531616,-2.3487751483917236,-0.826593279838562,0,0.1222494328478252
A3NDA78TJTXW1,audit,10e3edb2d69d3b63fa3c2372bdd4668c3bdf366200bbd71b1f3fe25401619bef,3.0,66.0,22.0,33.0,0.6666666666666666,0.6666666666666666,58.0,19.333333333333332,154.0,51.333333333333336,0.6876856380894601,0.4858757062146893,221.0,87.0,3.6607003982325157,1.791759469228055,0.3333333333333333,5.0,-1.9753360748291016,-1.7971715927124023,0.17816448211669922,1,0.2609972306969602
A2O5A0L7NL9J3Q,audit,10e4d0f7a51bbbf00426fe9015d157cac2c1b847d39da66c884f6527508cefbb,3.0,103.0,34.333333333333336,35.0,1.0,1.0,91.0,30.333333333333332,586.0,195.33333333333334,0.30889578002651125,0.24850299401197604,253.0,91.0,3.2993241239493387,2.5649493574615367,0.0,5.0,-1.6561778783798218,-1.9489481449127197,-0.29277026653289795,0,0.12960089675687284
A2GFN4OUIN5SER,audit,10e85885b1067605c1faf7618743e7f066f97675c6d2544767cbf3da886f6b6b,5.0,90.0,18.0,33.0,1.0,0.8,86.0,17.2,90.0,18.0,0.8341489419468561,0.7226890756302521,429.0,145.0,3.4046867643828995,2.197224577336219,0.0,5.0,-1.4508205652236938,-1.6173433065414429,-0.16652274131774902,0,0.14053960915126412
A3AZOHQ7RCCWCF,audit,10eaf2aa9f4988defba209363e73f92cf02364827a3aab328975595a005377ec,4.0,99.0,24.75,33.0,0.75,0.75,87.0,21.75,333.0,83.25,0.6087024020334165,0.30714285714285716,320.0,116.0,1.6903931922010136,1.3862943611198906,1.0,5.0,-0.7337585687637329,-1.9109359979629517,-1.1771774291992188,0,0.13656024455203042
A23GX3ZRKNHEES,audit,10ec67f14e2c37fa6cb1b3ef5a9c72ed9ea0ee92a95f00b32d3606ca20f5e932,4.0,89.0,22.25,33.0,0.75,0.75,81.0,20.25,169.0,42.25,0.7314595454642532,0.44329896907216493,310.0,116.0,2.22703840333038,1.791759469228055,0.5,5.0,-2.053337574005127,-2.126512050628662,-0.07317447662353516,0,0.12390838779448304
A1TETZYOB5O95V,audit,10ffa9f01509aac29cb3660278b0d2432264f194db3a1dd8cf1dc73414f809c2,2.0,66.0,33.0,33.0,1.0,1.0,58.0,29.0,378.0,189.0,0.32094342439170026,0.26959247648902823,172.0,58.0,4.383898127813298,4.290459441148391,0.0,5.0,-1.055910348892212,-1.0383262634277344,0.01758408546447754,0,0.1821778637063436
AO8HJ8MZKPUWC,audit,110ecdeb858228be5c69509ddfe3f9c76a0d2377944c21ffb7d8ebb1a4d5208a,9.0,194.0,21.555555555555557,34.0,0.7777777777777778,0.7777777777777778,178.0,19.77777777777778,445.0,49.44444444444444,0.7021725755181638,0.4427083333333333,759.0,264.0,2.70220720632643,1.6094379124341003,0.2222222222222222,5.0,-1.1142774820327759,-1.3131821155548096,-0.1989046335220337,0,0.10156356879835601
A3MBRHDP99B1SJ,audit,11324c697e915d5a112834b13a60380771608c77a237a8e93adc94dac76e4ccc,6.0,127.0,21.166666666666668,33.0,0.6666666666666666,0.6666666666666666,115.0,19.166666666666668,257.0,42.833333333333336,0.7384961897296246,0.40375586854460094,485.0,174.0,3.1562996888310977,2.6390573296152584,0.0,5.0,-2.1072657108306885,-2.2049367427825928,-0.0976710319519043,0,0.1217610840455094
A73RDD0OG4AMF,audit,1140b646b3071e6e0140178d94184da91947796274d9dd1191cca0564a6002dc,7.0,217.0,31.0,33.0,1.0,1.0,193.0,27.571428571428573,558.0,79.71428571428571,0.5667130496886766,0.33204633204633205,602.0,203.0,3.149664198495164,2.6390573296152584,0.0,5.0,-1.5677855014801025,-2.343154191970825,-0.7753686904907227,0,0.09128487065561355
A3B9C6MZAFC1JX,audit,116ef7ce2eb666adb86f175a4acb02955e30012a6df724f5635032fa58e38b14,19.0,390.0,20.526315789473685,35.0,0.7368421052631579,0.6842105263157895,350.0,18.42105263157895,999.0,52.578947368421055,0.719640838635031,0.2724358974358974,1483.0,557.0,3.5227281337939114,2.6390573296152584,0.0,5.0,-0.5580437183380127,-0.4253562092781067,0.132687509059906,1,0.07753702135869601
A2XC7BWUEMSQMC,audit,1187cb2850d85d8c74a8600998012e764cf102aeecccad2d207c994cc4248a7b,12.0,207.0,17.25,33.0,0.5833333333333334,0.5833333333333334,183.0,15.25,553.0,46.083333333333336,0.7509215304069149,0.3706896551724138,905.0,350.0,3.20266701047219,1.6094379124341003,0.16666666666666666,5.0,-0.6711844205856323,-0.9670293927192688,-0.2958449721336365,0,0.13616595308613566
A3NNFCL3ORBQUI,audit,118cee174b7e584ea358a29388147f4155e076f5f8cc6dd75878bf95be2c44e1,3.0,33.0,11.0,33.0,0.3333333333333333,0.3333333333333333,29.0,9.666666666666666,146.0,48.666666666666664,0.7902298850574713,0.3706896551724138,196.0,87.0,3.1750990288542815,2.833213344056216,0.0,5.0,-0.04405365139245987,-0.08462423831224442,-0.040570586919784546,0,0.17053393112687154
A1LG3XJBNCGKL0,audit,119a886e9ae9bf5a9694dae203433b166cb85d2f72f635e08d4243faa4ffe0bf,7.0,133.0,19.0,34.0,0.5714285714285714,0.5714285714285714,119.0,17.0,427.0,61.0,0.7070600807400578,0.3010752688172043,527.0,207.0,2.0437006966939633,1.6094379124341003,0.5714285714285714,5.0,-0.7165858149528503,-1.536152958869934,-0.8195671439170837,0,0.1198609213445474
AE7ABJRG7OXUK,audit,11a8c6ed4354360649adcd9bc1846a628aaa8cfdad19618f8251a2f591256e69,13.0,239.0,18.384615384615383,34.0,0.6923076923076923,0.6153846153846154,215.0,16.53846153846154,380.0,29.23076923076923,0.7905821530758975,0.5,1066.0,378.0,2.743196909511058,1.791759469228055,0.23076923076923078,5.0,-1.8719041347503662,-1.745640516281128,0.12626361846923828,1,0.08676828895770139
A3FBV9DAALNKCB,audit,11b2cf37271455b252a0613fc5c72050f633016c12ffc3e742635600b6511506,14.0,225.0,16.071428571428573,34.0,0.7857142857142857,0.6428571428571429,212.0,15.142857142857142,329.0,23.5,0.826109004368937,0.43147208121827413,1149.0,408.0,3.0725015076741378,1.791759469228055,0.07142857142857142,5.0,-0.9491056203842163,-1.0209354162216187,-0.07182979583740234,0,0.08245089322983687
A2KG8KBDIQZB2Y,audit,11be98bd2763422e6059719a3170085422a2515f0accbd31c5619a689cc438e1,2.0,66.0,33.0,33.0,1.0,1.0,58.0,29.0,111.0,55.5,0.6111111111111112,0.5555555555555556,171.0,58.0,3.3927938225039647,2.70805020110221,0.0,5.0,-1.4573791027069092,-1.6078176498413086,-0.15043854713439941,0,0.15766853500501174
A3U6J0DLLDEWM2,audit,11c89fee606507e5c6bbbd3f7620caea5f0a0485bb23ffe7ef69e342766e0788,5.0,132.0,26.4,33.0,0.8,0.8,116.0,23.2,754.0,150.8,0.5735079485203255,0.13230769230769232,422.0,145.0,3.592056103612136,2.9444389791664403,0.0,5.0,-1.9281408786773682,-2.5202667713165283,-0.5921258926391602,0,0.14171685983097984
A2YS6TV2A8TM4R,audit,11cb0ab2fcc04e518971fe360bcb0980df647d8428bae6a0ce0ae3573f5199b1,5.0,111.0,22.2,33.0,0.8,0.8,99.0,19.8,661.0,132.2,0.5962922763323192,0.16538461538461538,424.0,146.0,3.7862087337379338,2.772588722239781,0.0,5.0,-1.5150314569473267,-1.8475631475448608,-0.3325316905975342,0,0.1611162836441671
AMO6NGVTG9279,audit,11f058a11c77ef84bb9e731650a42f011a70cbd306ed635704f0e343e6c64d27,3.0,66.0,22.0,33.0,0.6666666666666666,0.6666666666666666,58.0,19.333333333333332,314.0,104.66666666666667,0.5948541787897559,0.26959247648902823,255.0,87.0,2.857227125566769,1.791759469228055,0.3333333333333333,5.0,-1.2709033489227295,-1.2716678380966187,-0.0007644891738891602,0,0.1627237830000267
A2YW1MG1GKU8XD,audit,11f6ab14c6d6629c6fcacf8e2df86754c3e41b1ec72561d96a72e66ecf65fad1,2.0,33.0,16.5,33.0,0.5,0.5,29.0,14.5,86.0,43.0,0.75,0.5,139.0,58.0,3.2291691416723944,3.0910424533583156,0.0,5.0,-0.3416377007961273,-0.4836660325527191,-0.1420283317565918,0,0.17005670604385614
A3OLRRMST75FD0,audit,1216ea68ce82c07451ec0d3f469e7b9ecd052476a1e75d2f90773cf0d8224d73,12.0,282.0,23.5,34.0,0.8333333333333334,0.75,254.0,21.166666666666668,696.0,58.0,0.6695334333347359,0.33203125,954.0,349.0,2.550610132078592,1.3862943611198906,0.25,5.0,-0.770081639289856,-0.8975779414176941,-0.12749630212783813,0,0.08220348198267342
A3V3RM9B1U8SC0,audit,122212bafd209d7a6cf38103ae15c8276d37ac74286d872d2f29d7d64032c506,2.0,33.0,16.5,33.0,0.5,0.5,29.0,14.5,71.0,35.5,0.7738853503184713,0.5477707006369427,153.0,58.0,3.255129170261575,2.4849066497880004,0.0,5.0,-1.463326096534729,-1.620222806930542,-0.156896710395813,0,0.18654876181977684
A1ZR54GWZM4QYK,audit,12322d3e2fc69a8f1f21bd5a0ff8c904b4ab60fc6f2072faf76836fbe1fa0220,6.0,95.0,15.833333333333334,34.0,0.8333333333333334,0.6666666666666666,87.0,14.5,548.0,91.33333333333333,0.7009426224694956,0.23943661971830985,494.0,179.0,2.9324327133273926,2.4849066497880004,0.0,5.0,-0.7349399924278259,-0.804417610168457,-0.0694776177406311,0,0.1106242884179026
A3ODP9PJMK83RM,audit,125fa2516299b60b17ba50497d5d43494810d49f4a92235c90ca336d79edbee4,2.0,67.0,33.5,34.0,1.0,1.0,59.0,29.5,118.0,59.0,0.5965793796502077,0.5443037974683544,171.0,59.0,3.464758385381825,2.6390573296152584,0.0,5.0,-1.0143187046051025,-1.0006616115570068,0.013657093048095703,0,0.16571122665601817
A1IO5LT9GDXO8V,audit,1278a6c685469d0696fcdaa98b4ad6b146544be5ea111af358820d27ec8be097,7.0,213.0,30.428571428571427,34.0,1.0,1.0,189.0,27.0,586.0,83.71428571428571,0.5877571174885218,0.24079320113314448,599.0,204.0,3.270129462611311,1.9459101490553132,0.14285714285714285,5.0,-1.0423192977905273,-1.2158054113388062,-0.1734861135482788,0,0.11391562338856347
A3E5J2HMQBL949,audit,128c5f3191062ef06b65617463804c0f8e94d8cbede7cfa25add1f63e45e2469,6.0,70.0,11.666666666666666,33.0,0.5,0.5,66.0,11.0,411.0,68.5,0.8073086336625197,0.18695652173913044,472.0,174.0,3.5452030587636307,2.0794415416798357,0.0,5.0,-0.3902612030506134,-0.4855343997478485,-0.09527319669723511,0,0.17508987819741711
A2ECM9HLMC242H,audit,12a3cd0eae645979e3e55bdf463a0b63743466a86abd799d371805ecbfce4a26,12.0,197.0,16.416666666666668,34.0,0.5833333333333334,0.5833333333333334,181.0,15.083333333333334,436.0,36.333333333333336,0.7890160257759516,0.3644067796610169,878.0,352.0,3.355655605645337,2.0794415416798357,0.0,5.0,-0.6436623930931091,-0.9982706308364868,-0.3546082377433777,0,0.11910245113958991
AR87E7JSXATVW,audit,12a9126588f3891bf74af688b1204156bbba2535eeb458a07446336f052bb141,5.0,164.0,32.8,33.0,1.0,1.0,144.0,28.8,497.0,99.4,0.4712514066205514,0.3926940639269406,431.0,144.0,2.269308049494925,1.791759469228055,0.4,5.0,-0.47127237915992737,-0.4599059522151947,0.011366426944732666,0,0.10159505739558021
A3FR6XA935PSSN,audit,12b8d2f38a3fc5fb76c1efc81e1e7363023eb470ccb8bc2d01dfcd996c096c2d,8.0,231.0,28.875,34.0,0.875,0.875,204.0,25.5,626.0,78.25,0.6024857467367206,0.26959247648902823,676.0,233.0,3.218425340615978,1.6094379124341003,0.25,5.0,-0.6480134129524231,-0.8418229222297668,-0.19380950927734375,0,0.1300887530735182
A2UAS6OGCR8IUG,audit,12c8bd2d3e8ae45fcb0ec3aadeb0ed81f9e037ab42627bc77480b60a6e012b04,2.0,33.0,16.5,33.0,0.5,0.5,29.0,14.5,79.0,39.5,0.7591463414634146,0.5182926829268293,165.0,58.0,3.8659653609742435,2.70805020110221,0.0,5.0,-0.994337260723114,-1.165658950805664,-0.17132169008255005,0,0.240574822634466
A2I05FGBTCRRB8,audit,12dd63a56e69a1f4638739e54fb3e2f8612e72692c299ea86379598c12106ed9,20.0,265.0,13.25,34.0,0.5,0.45,240.0,12.0,706.0,35.3,0.8117358295332409,0.31835205992509363,1436.0,583.0,3.250441473051822,1.791759469228055,0.05,5.0,-0.6764752268791199,-0.8479202389717102,-0.17144501209259033,0,0.10635017763002194
A2K0GIS87967BU,audit,1302995ec4049ffe3719b3b55f68d47b418fec6210daf7a5bf5925bd5023a731,4.0,99.0,24.75,33.0,0.75,0.75,87.0,21.75,460.0,115.0,0.5351443421774954,0.2986111111111111,303.0,116.0,2.500266970218748,1.6094379124341003,0.5,5.0,-0.17886094748973846,-0.21124717593193054,-0.03238622844219208,0,0.15036152027388908
A37273MDBJ4XPQ,audit,130a2434b6037fc62e5d7b5b32ef30cb9c556264ae02325e3c79bc468d123aca,2.0,66.0,33.0,33.0,1.0,1.0,58.0,29.0,278.0,139.0,0.4179609109152779,0.2945205479452055,171.0,58.0,2.799210979499187,2.197224577336219,0.0,5.0,-0.7568536996841431,-1.5354235172271729,-0.7785698175430298,0,0.10692803863215351
A2DCL6G68IOL3B,audit,130c08ea2aac4633f46eb123f4b51896a11d841115856687d5f675504784f671,5.0,62.0,12.4,33.0,0.8,0.6,58.0,11.6,161.0,32.2,0.819076738246463,0.3944954128440367,390.0,145.0,2.599784070839147,2.0794415416798357,0.0,5.0,-0.3817027509212494,-0.5338749289512634,-0.15217217803001404,0,0.10047336572920107
A2IGDKOGZZTAGI,audit,130f35b9b74fde786d7e3cbc18f29fa9150b6d257d84930c1be484d4cdf8a63a,2.0,42.0,21.0,33.0,1.0,1.0,38.0,19.0,70.0,35.0,0.7451485857500895,0.5850340136054422,172.0,58.0,3.5926935077902082,3.4965075614664802,0.0,5.0,-1.5567867755889893,-1.6849594116210938,-0.1281726360321045,0,0.14580983370058181
A2NOJVQUPKPTEI,audit,13116af9dc63cabce6c856843dd08860d1704960dfab46488b9ebae40b33bd54,4.0,53.0,13.25,34.0,0.5,0.5,49.0,12.25,162.0,40.5,0.7979636591478696,0.37280701754385964,292.0,117.0,2.9675730423968405,2.3978952727983707,0.0,5.0,-1.3348280191421509,-1.4750008583068848,-0.1401728391647339,0,0.1402076122372496
A15HJ5PQTUPB7Z,audit,133b0e95c4ea1b0877c7c68b039ac23a2c367a066284ae6a8f200fb0b6f0955b,2.0,66.0,33.0,33.0,1.0,1.0,58.0,29.0,695.0,347.5,0.2794677661169415,0.12893553223388307,172.0,58.0,4.022794140401764,3.6635616461296463,0.0,5.0,-1.6049267053604126,-1.7522153854370117,-0.14728868007659912,0,0.11945080830631516
A9V52SVWCVNBL,audit,13478aac6c7ade65c243b64fe7a3bf22c673d688f7bc442a01c24e13511ce17f,6.0,146.0,24.333333333333332,33.0,0.8333333333333334,0.8333333333333334,130.0,21.666666666666668,359.0,59.833333333333336,0.6491905174147551,0.40375586854460094,495.0,174.0,2.7087680603220754,1.0986122886681096,0.3333333333333333,5.0,-0.7911873459815979,-0.9570285677909851,-0.1658412218093872,0,0.13329229014246932
A2W99G61E5ZPF0,audit,134b83099f8e2a0a35d0c2d399eb39041ac5d27ba703bd4415f7059bcdf67190,4.0,0.0,0.0,0.0,0.0,0.0,0.0,0.0,0.0,0.0,1.0,1.0,203.0,117.0,2.328404680357421,1.791759469228055,0.25,5.0,-0.0974249616265297,-0.1453576385974884,-0.04793267697095871,0,0.18247071449016053
A3M7H9O909Y3GZ,audit,1362693ac39db7ed4d44313440638ad23fadc46cc8c913bc2443d59d33243e66,6.0,185.0,30.833333333333332,34.0,1.0,1.0,165.0,27.5,473.0,78.83333333333333,0.5564617480502368,0.36134453781512604,513.0,176.0,3.8255854866183903,2.6390573296152584,0.0,5.0,-1.152870774269104,-1.2098995447158813,-0.057028770446777344,0,0.14282905086217895
A2ADF3PBL46KW3,audit,137f5f85852f516cc8f810090cdbdf8d1c15123cddcaf3dcaa4f2913b07717d4,3.0,94.0,31.333333333333332,33.0,1.0,1.0,86.0,28.666666666666668,255.0,85.0,0.5461950330371382,0.3722943722943723,258.0,87.0,3.9230647555720886,3.4011973816621555,0.0,5.0,-1.758278250694275,-1.8685725927352905,-0.11029434204101562,0,0.16459692408109913
AU2R80BFYKV40,audit,138094c339b662830842fe0d89690a872c82323267ebd6f5bd7ffdc9b278ab99,5.0,94.0,18.8,33.0,0.6,0.6,86.0,17.2,723.0,144.6,0.6494715731477454,0.1376,360.0,145.0,4.07358806642101,2.3978952727983707,0.0,5.0,-0.7436536550521851,-2.843634605407715,-2.0999808311462402,0,0.22069800884272495
A29RKUHDKO64U9,audit,1382e9b8120cb543f1c326cdc7c557866040a7ba46602b60f6d52ed1fd98c099,4.0,133.0,33.25,34.0,1.0,1.0,117.0,29.25,575.0,143.75,0.41337101188141206,0.24079320113314448,341.0,117.0,3.623467230262695,3.1354942159291497,0.0,5.0,-1.6428253650665283,-1.7886371612548828,-0.1458117961883545,0,0.13843673316322638
A1T3GOAZ1PW9V2,audit,13839db7d1dbf6b187fe43cc500bfe4dfafd17c98ad1310aafb33f559bb036fd,10.0,295.0,29.5,33.0,1.0,1.0,267.0,26.7,857.0,85.7,0.5735401763092812,0.2925170068027211,859.0,290.0,2.847237232463025,1.6094379124341003,0.1,5.0,-0.44422173500061035,-0.7965713739395142,-0.3523496389389038,0,0.07969441631356526
AV686Y0C13PF9,audit,1396cdcf95ef281e30180504059eac03e158a065f0d06507f4944f245f753760,2.0,66.0,33.0,33.0,1.0,1.0,58.0,29.0,98.0,49.0,0.6461127497356558,0.5695364238410596,172.0,58.0,3.593828582057478,3.044522437723423,0.0,5.0,-1.6636724472045898,-1.9754340648651123,-0.31176161766052246,0,0.16746610321425978
A24BNWRJFFISU1,audit,13a1d4310e8626ada2df24522141288a4ba4b4be7b0c66676e07b0845ad15d73,11.0,336.0,30.545454545454547,33.0,1.0,1.0,298.0,27.09090909090909,1518.0,138.0,0.4956168417456695,0.1376,945.0,319.0,3.5459154824946,1.791759469228055,0.18181818181818182,5.0,-1.5361831188201904,-2.3477845191955566,-0.8116014003753662,0,0.14032707428825694
A1CNI382AJ17T5,audit,13addfbbbe94bc3c8973b226c5e705bb733dac216ef5a60e4010d32af25d68f3,3.0,77.0,25.666666666666668,33.0,1.0,1.0,69.0,23.0,707.0,235.66666666666666,0.4711336810986863,0.13230769230769232,258.0,87.0,3.551697434222548,1.791759469228055,0.3333333333333333,5.0,-1.140821933746338,-1.0850988626480103,0.05572307109832764,1,0.1632109859915936
A2OG8LHMXXE5IE,audit,13b8c87a63d6e32f51748f2ae5c2db86153f7585b2584e6df3685f006aed8640,2.0,24.0,12.0,24.0,0.5,0.5,24.0,12.0,24.0,12.0,0.8899082568807339,0.7798165137614679,148.0,59.0,2.8297411078798103,1.9459101490553132,0.5,5.0,-1.2252442836761475,-1.545758843421936,-0.3205145597457886,0,0.21790941578249076
A2OCJSOEL6O0VU,audit,13b98f4711ab5cea8955d7b0f7d3ccad7f4ae57d6887986ba4a4eacbde85654b,6.0,171.0,28.5,33.0,1.0,1.0,155.0,25.833333333333332,512.0,85.33333333333333,0.5801021591947753,0.31970260223048325,516.0,174.0,3.2666645900223377,1.791759469228055,0.16666666666666666,5.0,-1.1515752077102661,-1.137589454650879,0.013985753059387207,0,0.12973110701998009
A2RJ2RR2O48P6H,audit,13ccc8cdacc99b755e19f678a9f7ffcba702c6e3b4d8e8388c88bccd806bf843,11.0,293.0,26.636363636363637,34.0,0.9090909090909091,0.9090909090909091,261.0,23.727272727272727,588.0,53.45454545454545,0.6687541399380844,0.3412698412698413,913.0,320.0,2.3033566189163097,1.6094379124341003,0.45454545454545453,5.0,-0.20241573452949524,-2.04030179977417,-1.837886095046997,0,0.06936934542915522
A2QE3Q28EKDLVU,audit,13cf515d9d186f2fda64c40c5319dcff222cf70d7cf98d65299c4d04e188c8b0,6.0,161.0,26.833333333333332,34.0,0.8333333333333334,0.8333333333333334,145.0,24.166666666666668,1544.0,257.3333333333333,0.508455622956078,0.09277238403451996,502.0,176.0,2.3682206748086605,1.791759469228055,0.16666666666666666,5.0,-1.4516093730926514,-1.2766278982162476,0.1749814748764038,1,0.1056560823023446
A3BS5UH7C917N9,audit,13cf59553600dc9f42ac8f78acd7983a53598f9fd90e488afc576f68752c4422,2.0,0.0,0.0,0.0,0.0,0.0,0.0,0.0,0.0,0.0,1.0,1.0,135.0,59.0,4.1647083919696595,4.025351690735149,0.0,5.0,-1.8206759691238403,-1.865447998046875,-0.04477202892303467,0,0.2934634533103563
A2WQUUA4JM9ZK5,audit,13e3d436ab3fdc2188a432a5dbfe8f4c38ccd9ec198b52f575c8f7845701a405,5.0,108.0,21.6,33.0,0.8,0.8,98.0,19.6,300.0,60.0,0.7201915916433186,0.28013029315960913,426.0,145.0,2.5485132032089486,1.6094379124341003,0.2,5.0,-0.41662949323654175,-0.4006284773349762,0.016001015901565552,0,0.10504770371693714
A2B9B5F9FQ4JJ8,audit,13efe8ccb6fc05db81fb93f12001679a22bfb48c6421c3e92bbda8d0df08da30,4.0,76.0,19.0,33.0,0.75,0.75,68.0,17.0,225.0,56.25,0.7083156469935201,0.36134453781512604,304.0,117.0,3.763425975770863,2.6390573296152584,0.0,5.0,-1.9680849313735962,-2.061094045639038,-0.0930091142654419,0,0.17598465094086826
A174AQ2AY4E2RO,audit,13fde0000c4e3d0256ad65121e27c41b283c33b6b4854d783f435195f032fb2e,3.0,99.0,33.0,33.0,1.0,1.0,87.0,29.0,298.0,99.33333333333333,0.4868538301161985,0.38222222222222224,258.0,87.0,4.172921451161994,3.044522437723423,0.0,5.0,-1.1209913492202759,-1.343040943145752,-0.22204959392547607,0,0.19851403733889728
A1YLS2QFFBDAG3,audit,1415df1ba7a71c6f0b5c62a111ef956cdf593e6991546f67d7ca6ba7b92e3af2,2.0,33.0,16.5,33.0,0.5,0.5,29.0,14.5,212.0,106.0,0.6442953020134228,0.28859060402684567,159.0,58.0,3.920746462230006,3.8712010109078907,0.0,5.0,-1.229501724243164,-1.359921932220459,-0.13042020797729492,0,0.19276258351298134
A2VJ0D8TVXD9H9,audit,1449727644ba5a19cf4e458c837ef7d428bda0925e5d7aad18b0ba67bd2df5bb,2.0,33.0,16.5,33.0,0.5,0.5,29.0,14.5,53.0,26.5,0.8093525179856116,0.6187050359712231,162.0,58.0,4.037946815149429,3.8712010109078907,0.0,5.0,-1.876818060874939,-1.8624550104141235,0.01436305046081543,0,0.2375244114765593
A1W99T091KE3O,audit,144a8b5d43c1977786f85b839a61e200bc3eda3769729d649dc299d584475f41,2.0,66.0,33.0,33.0,1.0,1.0,58.0,29.0,95.0,47.5,0.6518850783556666,0.581081081081081,172.0,58.0,3.6684684568538084,3.1780538303479453,0.0,5.0,-0.18660765886306763,-1.1657254695892334,-0.9791178107261658,0,0.17185195905131007
A3CF1S77BYVFCE,audit,147e967d5475bfebf5c3c0af2776c76edfdf86d85f657d9f5866311173583681,3.0,82.0,27.333333333333332,33.0,1.0,1.0,74.0,24.666666666666668,133.0,44.333333333333336,0.6783918747355058,0.5733333333333334,258.0,87.0,2.899838249403397,2.70805020110221,0.0,5.0,-1.2871547937393188,-1.7439321279525757,-0.45677733421325684,0,0.10827121240138335
A2O21H6UE4WBRL,audit,14a4ddc4b31b5dab146edd378b1698a78a5756d87bb247ecb2d1856637ed43cf,2.0,33.0,16.5,33.0,0.5,0.5,29.0,14.5,645.0,322.5,0.5588235294117647,0.11764705882352941,166.0,58.0,4.08805517111867,3.8066624897703196,0.0,5.0,-2.1245436668395996,-2.2306504249572754,-0.10610675811767578,0,0.14267021445315428
A5Z9L2QKR1UT8,audit,14b24d4ec9470df9d2cc699eddf5782c73a5b00f70917ca18c7b5162ec142f31,12.0,214.0,17.833333333333332,34.0,0.9166666666666666,0.75,194.0,16.166666666666668,359.0,29.916666666666668,0.7841100280092292,0.5454545454545454,1014.0,357.0,2.2136911008849487,1.6094379124341003,0.25,5.0,-0.2640722692012787,-0.7655258178710938,-0.5014535188674927,0,0.0643091274319418
A22RCDT6WF7GBZ,audit,14da0c93606bafb01bb417730ed7c56ff5a674a94c1743294bfb4810795b7b09,2.0,34.0,17.0,33.0,1.0,0.5,30.0,15.0,89.0,44.5,0.7413793103448276,0.4942528735632184,172.0,58.0,2.04717228111105,1.6094379124341003,0.5,5.0,-0.27498486638069153,-0.4045499563217163,-0.12956508994102478,0,0.1324636377109977
AT2NMYYV95TIM,audit,14de7e1fc1c51e0c191aeaa40393b8417c79a2bfb624139210f7ea264874b5cb,3.0,66.0,22.0,33.0,0.6666666666666666,0.6666666666666666,58.0,19.333333333333332,129.0,43.0,0.7195071010860484,0.5119047619047619,237.0,87.0,2.7510758818605905,2.4849066497880004,0.0,5.0,-0.9088116884231567,-1.3613327741622925,-0.45252108573913574,0,0.1250899605780698
AW6B5VJS1H7N,audit,14f1338247a4c2e7c0ab310e63e5c3eea07a984ab11588d606bb7c7beaf98d4f,3.0,99.0,33.0,33.0,1.0,1.0,87.0,29.0,265.0,88.33333333333333,0.5381811475561475,0.3412698412698413,258.0,87.0,2.4804401299058725,1.6094379124341003,0.3333333333333333,5.0,-1.6506019830703735,-1.6186282634735107,0.03197371959686279,1,0.11870747293094101
A25RMP51FP664I,audit,15199b2d00183908d3847d90c1bb7303694bbd163ae71127321a4f257953ced9,8.0,142.0,17.75,35.0,0.625,0.625,126.0,15.75,509.0,63.625,0.7039427908278384,0.28135593220338984,619.0,234.0,3.45975187823486,2.0794415416798357,0.0,5.0,-1.3050429821014404,-1.4288445711135864,-0.123801589012146,0,0.15415850337591092
A2B8V5HGXLYIDV,audit,151e08acb872f45c897b1626e05cfa5b2ea012cec4ed5da670704d9ca16dbba8,4.0,47.0,11.75,33.0,0.5,0.5,43.0,10.75,82.0,20.5,0.8546103896103896,0.5584415584415584,303.0,116.0,2.566719971055596,1.791759469228055,0.5,5.0,-0.5569945573806763,-0.6232784986495972,-0.0662839412689209,0,0.17520298671235698
A3RXUJEXGQAY01,audit,1526dfdb6e14719f68d88b1b60346fe4f8ba5a4ab1213746f3c36d2a4126e562,3.0,80.0,26.666666666666668,33.0,1.0,1.0,72.0,24.0,188.0,62.666666666666664,0.6465072110233401,0.38738738738738737,257.0,88.0,2.340361321429713,1.9459101490553132,0.3333333333333333,5.0,-1.7557138204574585,-1.763822317123413,-0.00810849666595459,0,0.10252877600217662
A2X7NBUETXC19E,audit,152dcfea00de6416c07de663b0bd8805d93ce1f07ea68e5699f8bfa702fda1f2,20.0,593.0,29.65,33.0,0.9,0.9,521.0,26.05,1485.0,74.25,0.577460720807762,0.3233082706766917,1651.0,579.0,2.316230025365888,0.6931471805599453,0.35,5.0,-1.1361911296844482,-2.104198455810547,-0.9680073261260986,0,0.044084168199330205
A38E07LI5GGPNC,audit,15357b338d50cdf1f6d428509b089d1309214445c8c9c67fd9e10fcbf425ba69,2.0,31.0,15.5,31.0,0.5,0.5,29.0,14.5,31.0,15.5,0.8675213675213675,0.7350427350427351,168.0,59.0,2.931815587799049,2.3978952727983707,0.0,5.0,-0.871850311756134,-1.1094119548797607,-0.2375616431236267,0,0.16532102114123529
AH6OYB8SIKPE9,audit,153cc35651fb796f1088679b4d928a1421cdbdfa0d71f527a96da2032841ac78,2.0,45.0,22.5,34.0,1.0,1.0,41.0,20.5,146.0,73.0,0.636480787253983,0.38636363636363635,171.0,59.0,2.312486406642136,1.791759469228055,0.5,5.0,-0.07857915014028549,-0.3100251257419586,-0.23144596815109253,0,0.11887499089449512
AVTDH3L8QHMHL,audit,153e0fd82d3e28c01795a8f695a2494a980fa5c5c583762c1d6e9679f173469e,2.0,62.0,31.0,33.0,1.0,1.0,58.0,29.0,62.0,31.0,0.7352575812933869,0.7226890756302521,172.0,58.0,3.7831555073862315,3.332204510175204,0.0,5.0,-1.4658706188201904,-1.680898666381836,-0.2150280475616455,0,0.18318727958535097
A2EF2QH44OQ2QG,audit,15541321d2525e1d32c2cef198e5a112b43665f216b0bfe78c25320d3be4ba41,2.0,65.0,32.5,33.0,1.0,1.0,57.0,28.5,899.0,449.5,0.3454861111111111,0.09375,173.0,57.0,2.612873336856601,1.791759469228055,0.5,5.0,-1.277034044265747,-1.6933848857879639,-0.4163508415222168,0,0.07673059511484227
AGGAQLXPVGM5D,audit,15762e920351584a4ccc86576b59f9d3d53c01e4a9d2bdebdec1682af755ca50,15.0,394.0,26.266666666666666,34.0,0.8,0.8,349.0,23.266666666666666,2284.0,152.26666666666668,0.5508406472265214,0.09277238403451996,1186.0,436.0,2.8337980737220354,1.6094379124341003,0.26666666666666666,5.0,-0.7219957709312439,-1.3253164291381836,-0.6033206582069397,0,0.1427763138395784
A3IVP4JB933OSJ,audit,157d8876f4a5c3c7d602cfaaa3005f330739c83c4b1911dcee4957e5868dd02d,2.0,17.0,8.5,17.0,0.5,0.5,17.0,8.5,17.0,8.5,0.9174757281553398,0.8349514563106796,135.0,58.0,3.369668313678587,1.6094379124341003,0.5,5.0,-2.0266382694244385,-2.010989189147949,0.015649080276489258,0,0.2788732207515889
A1YZ7V6PBG7MP0,audit,1588f12ee2d448173357c16ecb64d4104cf79f743a319272991933f008fa2162,2.0,4.0,2.0,4.0,0.5,0.0,4.0,2.0,4.0,2.0,0.9777777777777779,0.9555555555555556,150.0,58.0,2.3269801750787615,1.6094379124341003,0.5,5.0,-1.6358896493911743,-1.6134458780288696,0.022443771362304688,1,0.1959982512936308
A28ZX19G8BIXBP,audit,158c3fdc152e59444f00ca0c21ccfa752dfd1de665b3a3da18b61af0636ce4b0,6.0,153.0,25.5,34.0,0.8333333333333334,0.8333333333333334,137.0,22.833333333333332,958.0,159.66666666666666,0.5621307253245004,0.1225071225071225,478.0,176.0,3.1198524346966514,2.5649493574615367,0.0,5.0,-1.310158610343933,-1.3206937313079834,-0.010535120964050293,0,0.11665671772920212
A1574S23MT2UXT,audit,15a56ff9149c582ef35bd20dd8b768fcc0b3ca10cc9b40410c18ec5331e4ccf9,4.0,46.0,11.5,33.0,0.5,0.5,42.0,10.5,376.0,94.0,0.7650559042541225,0.1915367483296214,292.0,117.0,2.6389531846439542,1.791759469228055,0.25,5.0,-0.21845903992652893,-2.0634360313415527,-1.8449770212173462,0,0.13920431429145907
AGHXULILPQ80Z,audit,15bbc1f2901fb934cc5b6d412e9111f1da1e65534b0e7ff6abfad3a0ec6c04c6,12.0,331.0,27.583333333333332,34.0,0.8333333333333334,0.8333333333333334,291.0,24.25,777.0,64.75,0.6517858147760368,0.23306233062330622,963.0,351.0,2.5663162625955493,1.791759469228055,0.3333333333333333,5.0,-0.5317660570144653,-2.3969886302948,-1.8652225732803345,0,0.07288953567582233
A346CO56SBOATD,audit,15bce4f1f4fad6bf78a6e535da5af98a3148f49fe48d373de2208ce5a1c77b68,2.0,65.0,32.5,33.0,1.0,1.0,57.0,28.5,136.0,68.0,0.5607268759442672,0.5403726708074534,173.0,57.0,2.9753212762938634,2.4849066497880004,0.0,5.0,-1.392364501953125,-1.3288675546646118,0.06349694728851318,1,0.12993683760865535
AZHOPYR1YH3TS,audit,15c2f2a8e775369d2767f807c838b91e78318d2bc559dd0f5d36db2b7b434659,2.0,67.0,33.5,34.0,1.0,1.0,59.0,29.5,249.0,124.5,0.4137803979366249,0.3601694915254237,171.0,59.0,2.0871936349478184,1.6094379124341003,0.5,5.0,-1.2496984004974365,-1.6553478240966797,-0.40564942359924316,0,0.11698905092779234
A1BI8GD8F06D7B,audit,15c82f4b9b179b4402fa13d1948cd69548505c3558155c109fd20b9e04edfec6,4.0,70.0,17.5,33.0,0.75,0.5,62.0,15.5,615.0,153.75,0.6718407668231613,0.13458528951486698,332.0,116.0,2.6996897292965514,1.791759469228055,0.25,5.0,-1.0355331897735596,-1.0937364101409912,-0.05820322036743164,0,0.13290395833797458
AOTMP0OKJOUWI,audit,16022060aae1ed92769b130e0d1bec1429e2619946cf435ec98195acae3c67ca,6.0,199.0,33.166666666666664,34.0,1.0,1.0,175.0,29.166666666666668,752.0,125.33333333333333,0.43560312399143214,0.28619528619528617,514.0,175.0,3.6257242811959802,3.2188758248682006,0.0,5.0,-0.07587382197380066,-0.9380232691764832,-0.8621494770050049,0,0.12904668875034217
A1PBJAGILX2ONV,audit,160c459a586903b9e8751fd69b47554b038e0c0488b56920767077962ba9f17b,2.0,40.0,20.0,33.0,1.0,0.5,36.0,18.0,64.0,32.0,0.7626558224384311,0.6013986013986014,171.0,59.0,1.844439727056968,1.3862943611198906,0.5,5.0,-0.15451088547706604,-0.4410812258720398,-0.28657034039497375,0,0.13067602003679255
A210XWFTYBBXZJ,audit,1623480a6c1bae788c95931df8c5b31c5b6e7d7172b34bd45cac3fafae82f304,3.0,100.0,33.333333333333336,34.0,1.0,1.0,88.0,29.333333333333332,251.0,83.66666666666667,0.5545348283661516,0.3481781376518219,257.0,88.0,2.5498975412371716,2.3025850929940455,0.0,5.0,-0.8870490193367004,-1.390864372253418,-0.5038153529167175,0,0.09058271457171
A12OIOZHEY1YEY,audit,1656af71d54bde0f5dbc6f4cf0ff54a96c64658e2e3045ce6dd153f2f30ef2aa,2.0,66.0,33.0,33.0,1.0,1.0,58.0,29.0,412.0,206.0,0.31907297053479533,0.23056300268096513,172.0,58.0,2.1242476210246792,1.9459101490553132,0.5,5.0,-1.626503348350525,-1.6378990411758423,-0.011395692825317383,0,0.09825411710777747
A21WANBYNYXU0O,audit,1667f1b137655e2c99fa668d2127c6de9c52ba20dbdce0a7ff3f874331c2d09d,2.0,72.0,36.0,37.0,1.0,1.0,64.0,32.0,222.0,111.0,0.43906938325991185,0.3656387665198238,165.0,64.0,2.4849066497880004,2.4849066497880004,0.0,5.0,-1.1943867206573486,-1.3356152772903442,-0.1412285566329956,0,0.09691879468082668
A2DLUJYXL9FOE2,audit,166c8b4d2911c1a574f3f525bb0a973f3dc6cdc3574f473a0731b327909c299b,10.0,253.0,25.3,33.0,1.0,0.8,225.0,22.5,549.0,54.9,0.6606581658495876,0.4174757281553398,858.0,291.0,2.010749627740781,1.6094379124341003,0.6,5.0,-1.4928267002105713,-1.6075971126556396,-0.11477041244506836,0,0.07592229494336294
A3GCPNKE99I8X8,audit,1686319e6ec391cdff2393f6971becd49b18aff16615a715d52f0189e4fe978d,3.0,83.0,27.666666666666668,34.0,1.0,1.0,75.0,25.0,239.0,79.66666666666667,0.5938872845099549,0.3438735177865613,258.0,87.0,2.8713189532828487,2.4849066497880004,0.0,5.0,-1.128397822380066,-1.7819973230361938,-0.6535995006561279,0,0.10201844302279467
A3JW2HT22TPNV8,audit,16a6208d360577a7b653b19dc10749b28e6b8a09d7cea2e761c1c3714346dbbe,3.0,51.0,17.0,27.0,0.6666666666666666,0.6666666666666666,51.0,17.0,51.0,17.0,0.8476267095736123,0.7610619469026548,257.0,87.0,3.1172799780832943,2.70805020110221,0.0,5.0,-1.3506271839141846,-1.3699871301651,-0.019359946250915527,0,0.14728604849681515
AW4043RG2RTQQ,audit,16a8b17f66af18baaec561059f7a28789e0465ac5711a5c1bf7cc2a71970357a,3.0,48.0,16.0,29.0,0.6666666666666666,0.6666666666666666,48.0,16.0,48.0,16.0,0.8556245686680469,0.7478260869565218,244.0,88.0,3.2581155027376325,2.197224577336219,0.0,5.0,-0.39193812012672424,-0.7394997477531433,-0.34756162762641907,0,0.16842722225636517
A15NPHT6V8PSGG,audit,16bcd5bdcc11c2a522b5e7f2806717d2de5a354624c8bbc1deb467f1587daced,8.0,230.0,28.75,33.0,0.875,0.875,202.0,25.25,670.0,83.75,0.5793139825193652,0.25595238095238093,650.0,231.0,2.8371998844505733,0.6931471805599453,0.25,5.0,-0.58502596616745,-0.903753936290741,-0.318727970123291,0,0.1219613468415602
A1WV7QZ57F2CSV,audit,16c9c4034b8703036c7d808e77f187dd20ab8f61ff30a02eca4eacd46945368e,11.0,214.0,19.454545454545453,35.0,0.7272727272727273,0.6363636363636364,194.0,17.636363636363637,571.0,51.90909090909091,0.7204203140900449,0.31970260223048325,925.0,322.0,2.3561719141215702,1.3862943611198906,0.45454545454545453,5.0,-1.0590167045593262,-1.5190423727035522,-0.4600256681442261,0,0.09981224047260227
A2UZWRTYAM5ROV,audit,16dd804faf121cb9bae96c40bcffb3decdea71352e642d325d0d4078f94db03e,6.0,96.0,16.0,33.0,0.6666666666666666,0.5,88.0,14.666666666666666,495.0,82.5,0.7135602138838254,0.24641833810888253,457.0,175.0,2.8160837792448477,1.6094379124341003,0.3333333333333333,5.0,-1.1846122741699219,-1.274242639541626,-0.0896303653717041,0,0.1610912429739252
A4XS0HMJ1HOQM,audit,16ebb6a779d6873e2ebc6f675ea88c8ca604be766c90e2037ec1be367bf3c9f9,2.0,36.0,18.0,33.0,1.0,0.5,32.0,16.0,88.0,44.0,0.734416533758639,0.5029239766081871,171.0,59.0,2.2499048351651325,1.791759469228055,0.5,5.0,-0.1097787618637085,-0.9148910641670227,-0.8051123023033142,0,0.14610763354576378
A2OAQHQRJQP6J7,audit,16fdee0110e8ba1e592508a711a75e9e34e4957204385e7f9c66083324306656,20.0,523.0,26.15,33.0,0.85,0.85,467.0,23.35,1584.0,79.2,0.6495425139370193,0.1574074074074074,1664.0,580.0,3.5099912665650015,1.791759469228055,0.05,5.0,-0.9932094812393188,-1.8690776824951172,-0.8758682012557983,0,0.07172298844072332
APWNNAKW057R9,audit,170bc7362390831f5398708c53d74940eee7d7306a05c29f42f510c8b216eb37,2.0,33.0,16.5,33.0,0.5,0.5,29.0,14.5,36.0,18.0,0.8524590163934427,0.7049180327868853,165.0,58.0,1.9560115027140728,1.6094379124341003,0.5,5.0,-0.5270646810531616,-0.5376682877540588,-0.010603606700897217,0,0.15312752107225971
AY3D7DG5L5WCK,audit,172ddc701194285d425742b36450e0ce9ff86fa6cb738a53835ac4127af3026d,20.0,392.0,19.6,33.0,0.7,0.65,356.0,17.8,1277.0,63.85,0.710511488070267,0.17768595041322313,1523.0,581.0,3.282550075197853,2.0794415416798357,0.0,5.0,-0.6397975087165833,-0.9044661521911621,-0.26466864347457886,0,0.08218109591834148
A39JJDXFE84BPA,audit,173cec6afde1fbe7dff2a662a4dff770eeac4a65f3b52fada1ead333c405bdf0,3.0,33.0,11.0,33.0,0.3333333333333333,0.3333333333333333,29.0,9.666666666666666,39.0,13.0,0.8959999999999999,0.688,217.0,87.0,2.4213433809665097,1.9459101490553132,0.3333333333333333,5.0,-1.3483680486679077,-1.4723658561706543,-0.12399780750274658,0,0.17350657144516435
A4D5B7Q8A7PA6,audit,1755edf1f64847112d778d47dc6a5d39fa6bda2af75bc9825394191f4c6be938,6.0,165.0,27.5,33.0,0.8333333333333334,0.8333333333333334,145.0,24.166666666666668,418.0,69.66666666666667,0.6209822193985848,0.3233082706766917,475.0,177.0,2.7771708196630187,1.9459101490553132,0.16666666666666666,5.0,-0.9268866777420044,-1.4000599384307861,-0.47317326068878174,0,0.10977809989836254
A2U91K21IP9JNW,audit,1770ec327abf16c3f24a8cb622d2e2aa204a82e47b383789665c2927746e3238,4.0,17.0,4.25,9.0,0.5,0.5,17.0,4.25,17.0,4.25,0.9547872340425532,0.9042553191489362,331.0,118.0,2.55747736332596,1.6094379124341003,0.25,5.0,-1.8214080333709717,-2.056213140487671,-0.23480510711669922,0,0.1452562910384067
A1G4WLQKJW4M2O,audit,17760ebaa8bbefae60d45aca499adf402700ec05f88f6a0f2a6478ba304c305b,3.0,72.0,24.0,33.0,1.0,0.6666666666666666,64.0,21.333333333333332,105.0,35.0,0.7403036884769034,0.5657894736842105,257.0,87.0,1.4391627045121034,1.0986122886681096,1.0,5.0,-1.543150782585144,-1.677660346031189,-0.13450956344604492,0,0.13341602787005577
A3S801EXW1YK1,audit,17db81445060554322ff51ef247e4bfe6b203df380131345394561a0e8dbfb73,3.0,99.0,33.0,33.0,1.0,1.0,87.0,29.0,169.0,56.333333333333336,0.6097145973084347,0.5308641975308642,258.0,87.0,2.0971897131861064,1.791759469228055,0.3333333333333333,5.0,-0.18438729643821716,-1.0658721923828125,-0.881484866142273,0,0.10087261447264602
A2YSC34B477R0T,audit,17f4af4261d33a0b4ef3a0cfb59091aeaaf976bfb23551577f77b8929674de24,2.0,7.0,3.5,7.0,0.5,0.0,7.0,3.5,7.0,3.5,0.9623655913978495,0.9247311827956989,164.0,59.0,2.6287476860138907,1.791759469228055,0.5,5.0,-0.7387340664863586,-0.9139917492866516,-0.17525768280029297,0,0.22464777879042058
AIH25VYUTQPQI,audit,1803128f404dcf655dc2bdaa18214fff68daefb8ead074efa0e08a72873eb7e7,2.0,67.0,33.5,34.0,1.0,1.0,59.0,29.5,203.0,101.5,0.4639082462253194,0.4095238095238095,171.0,59.0,3.838931750339105,2.3025850929940455,0.0,5.0,-0.252988338470459,-0.9465955495834351,-0.6936072111129761,0,0.19732907363644914
A1K7QJ1LHAY99B,audit,1846cfa3818bd26054fd3e5818a66cec0cd9867c05bdbd0314ac68a5919a477d,6.0,159.0,26.5,33.0,1.0,1.0,147.0,24.5,478.0,79.66666666666667,0.6101894813825152,0.31970260223048325,516.0,174.0,2.8453836048082675,1.791759469228055,0.3333333333333333,5.0,-1.2514798641204834,-1.4170769453048706,-0.1655970811843872,0,0.11476700950592873
AM6J9WAJP0SAD,audit,184ce484139d78c0d232537b1da691385b06bc77653e3bf6ef52e0ffd5ece6b2,2.0,66.0,33.0,33.0,1.0,1.0,58.0,29.0,538.0,269.0,0.33314157352618895,0.1574074074074074,171.0,58.0,3.83846857290904,2.5649493574615367,0.0,5.0,-1.4477335214614868,-1.577239990234375,-0.12950646877288818,0,0.13965638525206578
A1ODJ1ZDA8ZI52,audit,1857f7d2134816e26385bd96ee50c1afcab7cf51234fa6ba5ee69b3441dd16b8,2.0,33.0,16.5,33.0,0.5,0.5,29.0,14.5,86.0,43.0,0.7485380116959064,0.49707602339181284,164.0,58.0,2.2154083994216567,1.791759469228055,0.5,5.0,-1.5034202337265015,-1.5348936319351196,-0.031473398208618164,0,0.16123768746743858
A1SRDNU3N8OLSX,audit,1864bdce590f4351d1118483970d00768dfa32742425cfbbd0bb51a61ef0c30d,2.0,0.0,0.0,0.0,0.0,0.0,0.0,0.0,0.0,0.0,1.0,1.0,164.0,58.0,3.5323795138959007,3.2580965380214817,0.0,5.0,-0.9231707453727722,-1.0073407888412476,-0.08417004346847534,0,0.23720033241225205
AE2YHBLPABYNB,audit,1866994b273a5183d5399f0f15e4bbabbec14b4e089b7ef972e9d97450ccfda4,4.0,66.0,16.5,33.0,0.5,0.5,58.0,14.5,121.0,30.25,0.7977642276422764,0.524390243902439,298.0,116.0,3.282832761846647,2.5649493574615367,0.0,5.0,-0.46315497159957886,-1.0156352519989014,-0.5524802803993225,0,0.1697473139862544
A1VQSFKF00KOQ3,audit,1866c8752c5c2a94dbbddd7591a4a8f1c7651b5444b8dd6593d6c980c649862c,9.0,193.0,21.444444444444443,35.0,0.7777777777777778,0.7777777777777778,177.0,19.666666666666668,802.0,89.11111111111111,0.6871232373112797,0.1575091575091575,718.0,264.0,2.3307047279431448,1.3862943611198906,0.3333333333333333,5.0,-0.4264012277126312,-2.1217217445373535,-1.6953204870224,0,0.09671997365051825
A14QQFIVO73XG9,audit,186fc86a2a4b3c64c98d0445ce86a18545ed8da14199aeb3bcf7c483df439928,5.0,101.0,20.2,34.0,0.6,0.6,89.0,17.8,323.0,64.6,0.6706491574055271,0.3648068669527897,352.0,147.0,3.074281182293748,2.772588722239781,0.0,5.0,-0.7029469609260559,-1.0874329805374146,-0.38448601961135864,0,0.13525981010789728
A2NK4VKGAFRB5U,audit,187c7947e358c988ab2565a6b5ef7f239555c6576ca68574fc44982d2f83a066,2.0,66.0,33.0,33.0,1.0,1.0,58.0,29.0,146.0,73.0,0.5524402068519716,0.4725274725274725,172.0,58.0,2.787974551573158,2.4849066497880004,0.0,5.0,-1.8660831451416016,-2.182096004486084,-0.3160128593444824,0,0.11463668384135832
A6HOWM08PLFZ5,audit,188dd1f46bc5d706a76294b8725e99c137fdc872cc7d57b26695180c2ce51f60,3.0,34.0,11.333333333333334,34.0,0.3333333333333333,0.3333333333333333,30.0,10.0,123.0,41.0,0.8028846153846154,0.40865384615384615,191.0,88.0,3.668863248825696,3.5553480614894135,0.0,5.0,-1.2178475856781006,-1.1306205987930298,0.0872269868850708,1,0.2049644525446447
A1NO1W2X9DWXB7,audit,18994a1fecc868162d73f25d37d81403b99d4c1649642f7566d4fa43d8a6f30e,3.0,81.0,27.0,33.0,1.0,1.0,73.0,24.333333333333332,192.0,64.0,0.6174507206623022,0.4387755102040816,258.0,87.0,3.3183769285626554,2.8903717578961645,0.0,5.0,-2.0467281341552734,-2.3034377098083496,-0.25670957565307617,0,0.12754065799314038
A3DVO4RN4WA7A5,audit,18c002f77ce578f231395b76830bacea8d3d1d8b8e186a5ce4ce1a0da2d04dca,2.0,33.0,16.5,33.0,0.5,0.5,29.0,14.5,66.0,33.0,0.7828947368421053,0.5657894736842105,150.0,57.0,2.2499048351651325,1.6094379124341003,0.5,5.0,-0.37740805745124817,-1.4227395057678223,-1.0453314781188965,0,0.17207610791417444
A1BYEHRTUTXU2E,audit,18c6161b209398638ac17b4f94b127095ef8e020a09cfa58fc4f7361f4366c83,2.0,67.0,33.5,34.0,1.0,1.0,59.0,29.5,174.0,87.0,0.4967154022368953,0.47513812154696133,171.0,59.0,3.727359974682,2.0794415416798357,0.0,5.0,-0.07616188377141953,-0.7605949640274048,-0.684433102607727,0,0.19720127389346748
A3B4ZU0C46NGL6,audit,18cf57c3a1e6bff967ac447fa7888f5198d399a28e603b1a2dcecb24264c13d1,4.0,133.0,33.25,34.0,1.0,1.0,117.0,29.25,444.0,111.0,0.45295080824972134,0.36752136752136755,341.0,117.0,2.0330296932389516,1.791759469228055,0.5,5.0,-0.7448684573173523,-0.7995634078979492,-0.054694950580596924,0,0.10141272895000707
AEP0XAC6F8N2Y,audit,18d55b9bb5a5a82883189e55d0430783aedf22204f5b320cf11bced918fa1d48,2.0,66.0,33.0,33.0,1.0,1.0,58.0,29.0,195.0,97.5,0.47458799470708524,0.4215686274509804,172.0,58.0,3.4478413488739337,2.9444389791664403,0.0,5.0,-1.671604871749878,-1.5853497982025146,0.08625507354736328,1,0.15062469978345486
A381AZ0OW0290W,audit,18f37607f93ceff2a70ab7980774804f1134f6b81459aacf9564555193943711,19.0,348.0,18.31578947368421,34.0,0.6842105263157895,0.631578947368421,316.0,16.63157894736842,933.0,49.10526315789474,0.7415491300908925,0.24571428571428572,1538.0,557.0,3.05891929867297,1.791759469228055,0.05263157894736842,5.0,-2.0431129932403564,-3.5844497680664062,-1.5413367748260498,0,0.0735266094240217
A1MJCGOBHAQQ8M,audit,18f734428abade507d99266c446ddb287472e4d68076547d9a03d88118e924a0,2.0,34.0,17.0,34.0,0.5,0.5,30.0,15.0,67.0,33.5,0.7781456953642384,0.5562913907284768,139.0,59.0,1.994492023282137,1.791759469228055,0.5,5.0,-1.3883349895477295,-1.5575659275054932,-0.16923093795776367,0,0.14950760993965112
A16QFQEU4IIRHY,audit,190fd2e8ce529693ca1db90164f47f5a9623496db9ba55494eacb45d7f3b5d22,2.0,33.0,16.5,33.0,0.5,0.5,29.0,14.5,189.0,94.5,0.6563636363636364,0.31272727272727274,136.0,58.0,3.5975936600893546,3.4339872044851463,0.0,5.0,-1.316975712776184,-1.1851303577423096,0.1318453550338745,1,0.1775974731145597
A38RNKZYGIQA3O,audit,191583cca4afd87a91bdc65a7038ba7dfd03b76ba314f63171b04a68f9e232b4,5.0,74.0,14.8,33.0,0.6,0.6,70.0,14.0,76.0,15.2,0.8651605748253767,0.7107438016528925,410.0,145.0,2.3504010711165586,1.791759469228055,0.4,5.0,-1.2198463678359985,-1.4748256206512451,-0.2549792528152466,0,0.13466638969046024
AHSGUMS04KF1W,audit,1934c10dcb8b29c33bd137280aafc1b763df4c838f73f03ac2357eeb558df114,8.0,165.0,20.625,33.0,0.625,0.625,145.0,18.125,1220.0,152.5,0.6548766384979732,0.13672496025437203,612.0,234.0,3.9448493812320518,2.3978952727983707,0.0,5.0,-1.642574667930603,-1.5363590717315674,0.10621559619903564,1,0.21589484202935266
A2TJQUPTZOD7QE,audit,1936b6b52cb5b00473a601f9632b452fc85311e3d0f31cd72b2fb1fc0e02581b,2.0,34.0,17.0,34.0,0.5,0.5,30.0,15.0,84.0,42.0,0.7514792899408285,0.5029585798816568,140.0,59.0,3.100254587021345,2.833213344056216,0.0,5.0,-1.201822280883789,-2.39172625541687,-1.189903974533081,0,0.16560642874291706
A22VDTXA9Y9F3J,audit,1943859f10f41b4177a23045851e09d2039e50063672c5f60fc7550e7b7e8cde,11.0,223.0,20.272727272727273,34.0,0.6363636363636364,0.6363636363636364,199.0,18.09090909090909,599.0,54.45454545454545,0.7134466130734228,0.3017543859649123,877.0,322.0,2.84763783418995,1.791759469228055,0.18181818181818182,5.0,-1.5070401430130005,-1.5908732414245605,-0.08383309841156006,0,0.10607915308157892
A2PEBXV57S99ZH,audit,1951c674a40c0eecfe92db56c98de62fefd0972b1947bd3b3728d239f468ef66,7.0,146.0,20.857142857142858,34.0,0.8571428571428571,0.7142857142857143,130.0,18.571428571428573,724.0,103.42857142857143,0.6576557334399105,0.15985130111524162,597.0,204.0,3.3266453670918144,1.791759469228055,0.14285714285714285,5.0,-0.9557601809501648,-1.7211666107177734,-0.7654064297676086,0,0.15072374842625721
A22B13EJTZKCTM,audit,195222e7931a5a0dab9f4ec609363ab1c7cb55b06cec004c65e1a48b1e6a720a,20.0,499.0,24.95,34.0,0.8,0.8,443.0,22.15,1531.0,76.55,0.636878417727943,0.17768595041322313,1634.0,583.0,3.3516041852479517,2.772588722239781,0.0,5.0,-0.5787906646728516,-1.1366935968399048,-0.5579029321670532,0,0.062463229568934395
A145GBOUVLGECJ,audit,1962a67037521cf4098dddf6eec10cbd58cdf7926908d5f6bed0185a882d7574,2.0,67.0,33.5,34.0,1.0,1.0,59.0,29.5,1106.0,553.0,0.1678147634458314,0.09277238403451996,171.0,59.0,2.0948273710132126,1.791759469228055,0.5,5.0,-0.9610384702682495,-0.955116868019104,0.005921602249145508,0,0.052711458969835305
A343PJ9JT6IVSJ,audit,19936fc7b9b60bcdef9cb33b968b308742301f188cbcd884160ab491a714d8a5,4.0,74.0,18.5,33.0,0.75,0.75,69.0,17.25,136.0,34.0,0.7757788425090297,0.47513812154696133,310.0,116.0,3.019923190662068,2.4849066497880004,0.0,5.0,-0.581434965133667,-0.6252663731575012,-0.04383140802383423,0,0.12326601965287136
A3PBY5FB5IQKFD,audit,19939447a481f20aa5c82bfc7fb4504bb691dac5d0342f43d8f443728394536d,4.0,74.0,18.5,33.0,1.0,0.75,70.0,17.5,466.0,116.5,0.6910873483703422,0.16829745596868884,344.0,116.0,2.4606157126745885,1.791759469228055,0.5,5.0,-0.331945538520813,-0.3205501139163971,0.011395424604415894,0,0.11639671977666008
A1P49TW6DHKUOA,audit,1996aec33ba5172c736e624c267b0aa445ecbfbc375c81088fae2f59f7e3d8ff,4.0,85.0,21.25,33.0,1.0,0.75,77.0,19.25,398.0,99.5,0.6216927035542049,0.24079320113314448,343.0,116.0,3.3991893387378393,2.0794415416798357,0.0,5.0,-1.509366750717163,-1.246732473373413,0.26263427734375,1,0.1420761415651277
A1HLB4YYHBKVEE,audit,19a42bda540b9e1be565a5656399d17f12484073e8c7d7108e47f37df4062e56,10.0,233.0,23.3,34.0,0.7,0.7,205.0,20.5,1132.0,113.2,0.6606350273188342,0.1018957345971564,772.0,292.0,2.453828975236396,1.3862943611198906,0.4,5.0,-1.056036114692688,-0.9904046058654785,0.06563150882720947,1,0.1192749709595594
A3VLGMB2IV5DBR,audit,19a845bad268cf539102d9ec5d438b044563d445362a817e46ebd2028681aa03,2.0,66.0,33.0,33.0,1.0,1.0,58.0,29.0,312.0,156.0,0.3605495209881676,0.3173431734317343,172.0,58.0,2.484906649788,1.791759469228055,0.5,5.0,-2.8576931953430176,-3.3471617698669434,-0.4894685745239258,0,0.13421922084101878
ALUUFD1P2VZEQ,audit,19b0b3be29786b98c12ef9d9c592e59da54602cb0636bf02412e5c71f74dc826,3.0,18.0,6.0,12.0,0.6666666666666666,0.3333333333333333,18.0,6.0,18.0,6.0,0.9374445430346051,0.8775510204081632,245.0,87.0,2.7633472062348297,1.3862943611198906,0.3333333333333333,5.0,-1.0979700088500977,-1.116895079612732,-0.018925070762634277,0,0.1881746112221676
AR3WK033LUQ9P,audit,19c71bd0bd4c897c06165b498eb5d2640da1e328aa55489228077389a1393f9d,2.0,66.0,33.0,33.0,1.0,1.0,58.0,29.0,165.0,82.5,0.5106060606060606,0.5,172.0,58.0,2.2154083994216567,1.791759469228055,0.5,5.0,-1.1981855630874634,-1.2315504550933838,-0.03336489200592041,0,0.1306800340584225
A1KHFO37SJWIRR,audit,19dcd38b3a40a915a9795530f9ec123a69958bf67a07079ebeab3dc105d5c7bd,9.0,230.0,25.555555555555557,34.0,0.8888888888888888,0.7777777777777778,206.0,22.88888888888889,890.0,98.88888888888889,0.6246615770286374,0.1574074074074074,763.0,264.0,3.38119979028213,1.6094379124341003,0.2222222222222222,5.0,-1.033377766609192,-1.4499889612197876,-0.4166111946105957,0,0.1455516280142545
A33H1ING3L6FRR,audit,19eaa6554b7a582dd8f3b2a694a619780fb22a612bb5550102cde9ead8dde914,4.0,93.0,23.25,34.0,0.75,0.75,85.0,21.25,291.0,72.75,0.6453313015813017,0.3269230769230769,329.0,118.0,2.374255486023595,1.6094379124341003,0.5,5.0,-0.41631388664245605,-0.7199788093566895,-0.3036649227142334,0,0.1356247263843188
AOFH811LFT9MV,audit,19fe1ba561045766eaff4df9a3208a55305e5e1bec89e65c2f0c6a91bf07fe69,2.0,39.0,19.5,26.0,1.0,1.0,39.0,19.5,39.0,19.5,0.8182720057720059,0.7678571428571429,172.0,58.0,4.533638994567172,4.394449154672438,0.0,5.0,-1.030556559562683,-1.0577349662780762,-0.027178406715393066,0,0.21310156147965603
A2MY9VXHZYAHUZ,audit,1a06c15c3a69b324c9bebbde564109b597cf90c45f86718c2d1dbab9d76bc1f5,3.0,67.0,22.333333333333332,34.0,0.6666666666666666,0.6666666666666666,59.0,19.666666666666668,81.0,27.0,0.7854961832061068,0.6564885496183206,221.0,89.0,3.4152192700906596,2.772588722239781,0.0,5.0,-1.2518064975738525,-1.3863887786865234,-0.1345822811126709,0,0.17773552453004166
AMCAID3LTHKEC,audit,1a0b31b21097cf975e8a228abb6e0f7f3b4b1661ecbf54e1cdce6217b3066c7f,6.0,69.0,11.5,36.0,0.3333333333333333,0.3333333333333333,61.0,10.166666666666666,256.0,42.666666666666664,0.8142412015804994,0.303886925795053,380.0,177.0,3.692117717410841,3.332204510175204,0.0,5.0,-0.8348776698112488,-1.981205940246582,-1.1463282108306885,0,0.19510309402776477
AS0L8D2TO53BC,audit,1a258a80cb866633c263174d2554e198461f52799fcfe6d9a0c2e2b3d4307828,2.0,67.0,33.5,34.0,1.0,1.0,59.0,29.5,180.0,90.0,0.48795435333896875,0.46703296703296704,171.0,59.0,3.1934396596813226,2.8903717578961645,0.0,5.0,-2.2803337574005127,-2.521669387817383,-0.24133563041687012,0,0.13695690151162596
AI9K7IX2BUMJP,audit,1a3034c4528b9bff3bd856e583ee560f60de449d314ec2b75e07ba15a9c5d3da,3.0,8.0,2.6666666666666665,8.0,0.3333333333333333,0.3333333333333333,8.0,2.6666666666666665,8.0,2.6666666666666665,0.9716312056737588,0.9148936170212766,207.0,88.0,2.605337946386342,2.0794415416798357,0.0,5.0,-1.2692455053329468,-1.2408289909362793,0.02841651439666748,1,0.1391956921496486
A1ICQY6DT62O9N,audit,1a46490145337ff9cbaec34e0585e3a1e8f68da6f3178616fa8da53388515152,7.0,171.0,24.428571428571427,33.0,0.8571428571428571,0.8571428571428571,159.0,22.714285714285715,519.0,74.14285714285714,0.6691620719857573,0.22872340425531915,591.0,204.0,2.8567521187879126,1.791759469228055,0.14285714285714285,5.0,-1.270510196685791,-1.418459415435791,-0.14794921875,0,0.10177170664891898
A15N04G5IAFLL7,audit,1a465379a2f4f2f024baeb2a49823b4f54dd9856e503834b8c0b8a27a75387dc,6.0,111.0,18.5,33.0,1.0,0.6666666666666666,107.0,17.833333333333332,113.0,18.833333333333332,0.8309090952057759,0.7107438016528925,516.0,174.0,2.4977715895698553,2.0794415416798357,0.0,5.0,-0.7556111216545105,-0.915763258934021,-0.1601521372795105,0,0.08653005544840951
A2G2UO4BBNISTB,audit,1a49662e29af0904ec5169479b7e89aca8f7d96bd61225c21e0604275d1754e3,4.0,13.0,3.25,13.0,0.25,0.25,13.0,3.25,13.0,3.25,0.9671717171717171,0.8686868686868687,295.0,116.0,2.6405108220816134,1.9459101490553132,0.25,5.0,-1.4841644763946533,-1.3946930170059204,0.08947145938873291,1,0.17598473539988752
A3GSRSYNOZNBUY,audit,1a5749ec16dfe850c62b60517ddd79ad59b39d083c6ab43f6ead0de9ff58772c,3.0,67.0,22.333333333333332,34.0,0.6666666666666666,0.6666666666666666,59.0,19.666666666666668,167.0,55.666666666666664,0.6709365416371785,0.4777777777777778,228.0,88.0,2.475516357465768,1.791759469228055,0.3333333333333333,5.0,-1.1026798486709595,-1.3255388736724854,-0.22285902500152588,0,0.14789347725670693
A11O9OV93AFEHF,audit,1a584f933e907d99aba078ab4484c7c82cc3ab0fdb503eebf5f64f18e4266062,2.0,7.0,3.5,7.0,0.5,0.0,7.0,3.5,7.0,3.5,0.9623655913978495,0.9247311827956989,164.0,58.0,3.2228599096927892,2.8903717578961645,0.0,5.0,-1.6122043132781982,-1.6308515071868896,-0.018647193908691406,0,0.19597586492357527
A36LRQHAEE94CL,audit,1a681cc0887bcc3efdd18441b6838a5b4185644aa7bdcb853d4259abed014b43,2.0,17.0,8.5,16.0,1.0,0.5,17.0,8.5,17.0,8.5,0.9158215010141988,0.8431372549019608,172.0,58.0,2.372466064181625,1.6094379124341003,0.5,5.0,-1.2915709018707275,-1.3257200717926025,-0.034149169921875,0,0.1515859890779113
APWXTMMNYNX4F,audit,1a7bf6c58901497c11db5ad3d336f5b2ce5c987a5ebec2d56b0f566ce7714658,3.0,100.0,33.333333333333336,34.0,1.0,1.0,88.0,29.333333333333332,244.0,81.33333333333333,0.5443441534593327,0.37280701754385964,257.0,88.0,1.647214140869768,1.3862943611198906,1.0,5.0,-0.4253910183906555,-1.1555655002593994,-0.7301744818687439,0,0.1253121211490083
A3HXLMXMNZCGOG,audit,1ab67c0cfbd7817ad1cc2b4a6b4b5bf2d0a1488c5aa30c015b57c319b9db0383,4.0,75.0,18.75,33.0,0.75,0.75,71.0,17.75,83.0,20.75,0.821678037429553,0.6771653543307087,329.0,117.0,2.5607032145349367,1.791759469228055,0.25,5.0,-0.7058387994766235,-0.6892603635787964,0.01657843589782715,0,0.12992610534041907
A2OCAGNUJX1ZCX,audit,1ac4f5f8c7ce0c75f244fb7ab2cfb3cd4672f5d68c392b637a38cd1c939390b9,3.0,69.0,23.0,33.0,1.0,0.6666666666666666,61.0,20.333333333333332,121.0,40.333333333333336,0.722373430727119,0.5341614906832298,258.0,87.0,2.762089817594355,2.197224577336219,0.0,5.0,-1.4356931447982788,-1.4160298109054565,0.019663333892822266,0,0.11954328804693096
A2AVLEBRUXOFCO,audit,1ac83cc6b6b23aadc4b78e0418468a3760956a6de96db0715cf0026dd4395698,2.0,1.0,0.5,1.0,0.5,0.0,1.0,0.5,1.0,0.5,0.9942528735632183,0.9885057471264368,151.0,58.0,2.780340815507764,2.5649493574615367,0.0,5.0,-1.5304824113845825,-1.5592174530029297,-0.028735041618347168,0,0.15838195514793063
A1ILCBHIN5RBIQ,calibration,00080dfdeaa72e034d2641f911f5c34187c881e6762a8a7e4c2938b759ed3a00,3.0,42.0,14.0,34.0,0.6666666666666666,0.6666666666666666,38.0,12.666666666666666,149.0,49.666666666666664,0.7636666039038472,0.37610619469026546,219.0,88.0,2.8083593008361434,1.791759469228055,0.3333333333333333,5.0,-0.7053484320640564,-0.7098432779312134,-0.004494845867156982,0,0.15934225792312107
A1G6W3ZD2Y94DX,calibration,001e0227a4c43d09ccd01e6c8976ad2857d075eaf10a4d3317e3f52d0a46ef68,4.0,39.0,9.75,18.0,1.0,0.5,39.0,9.75,39.0,9.75,0.900540880557277,0.8252427184466019,344.0,116.0,2.583167296815402,2.0794415416798357,0.0,5.0,-0.7386550903320312,-0.8594164848327637,-0.12076139450073242,0,0.10637128731630845
A13JTOCFWDCQ1N,calibration,001f5f93971e8b631e61421ce2de68ba842de75f3637fea1ca7aaabe5cb1e18f,2.0,66.0,33.0,33.0,1.0,1.0,58.0,29.0,96.0,48.0,0.6418267891952103,0.6370370370370371,172.0,58.0,2.8617925509761903,2.197224577336219,0.0,5.0,-2.027104139328003,-2.0724682807922363,-0.0453641414642334,0,0.1303436178310875
A39U2C1NVCI3VW,calibration,002491805edd88d452720c222da5a333b085d314fa168ad3dc9e54fcc944a38c,4.0,49.0,12.25,33.0,0.5,0.5,45.0,11.25,67.0,16.75,0.8677186202948333,0.6277372262773723,309.0,116.0,2.8218008981603044,2.3978952727983707,0.0,5.0,-0.7283326983451843,-0.6361995935440063,0.09213310480117798,1,0.1369759645394494
A3CJ7MHAS9IMAM,calibration,00274a312acf0385413700e7da28eb3007fb4575b0c5a6e8dc2dba99b1b152dd,4.0,101.0,25.25,34.0,0.75,0.75,89.0,22.25,580.0,145.0,0.5399821945441833,0.1738241308793456,304.0,118.0,3.614521966653511,3.2188758248682006,0.0,5.0,-1.1886029243469238,-0.857801616191864,0.3308013081550598,1,0.15133954879814418
A2Y5R0F7U0AUV2,calibration,0027d091bb619f7f404e85f7eefff21b8355f1b67d60b875474c4ad8b1f76013,4.0,132.0,33.0,33.0,1.0,1.0,116.0,29.0,548.0,137.0,0.41333516786957714,0.31272727272727274,344.0,116.0,4.026560923289548,3.4339872044851463,0.0,5.0,-0.6715038418769836,-0.48246827721595764,0.189035564661026,1,0.1681536244044292
A23JLZ10442YE2,calibration,002c968c3986e236680f5d97c7c69d81bb9710c935c12a0d42092576f12f0cd2,2.0,41.0,20.5,33.0,1.0,1.0,37.0,18.5,101.0,50.5,0.6976702721977891,0.48044692737430167,172.0,58.0,2.860155888303706,1.6094379124341003,0.5,5.0,-0.5699312686920166,-0.705557644367218,-0.13562637567520142,0,0.16522235721282233
A2O4TDN0650V7X,calibration,002ff1b536e5d27d2f5ac20ce2b87daf9d6c3885628bd075b4deb0a7dd3d915a,2.0,33.0,16.5,33.0,0.5,0.5,29.0,14.5,524.0,262.0,0.5704918032786885,0.14098360655737704,141.0,58.0,4.448088711137402,4.418840607796597,0.0,5.0,-1.6185916662216187,-1.6127582788467407,0.00583338737487793,0,0.17939231939853995
A7L6NVT1KZJ1R,calibration,003d4851a805d765e60c9bae62051ad92b868fbba728d8c9770ca464c806bb8a,9.0,137.0,15.222222222222221,33.0,0.5555555555555556,0.4444444444444444,121.0,13.444444444444445,255.0,28.333333333333332,0.8157037597776648,0.43,690.0,263.0,3.3790385002061556,1.791759469228055,0.2222222222222222,5.0,-1.2964718341827393,-1.4180618524551392,-0.1215900182723999,0,0.17459046089095376
A36REAMRA19990,calibration,0048edb674122c5943ffc18a1fc54df01824981c562e66acd0c011a67f44b158,3.0,60.0,20.0,33.0,0.6666666666666666,0.6666666666666666,56.0,18.666666666666668,96.0,32.0,0.7719668855266913,0.5548387096774193,230.0,87.0,2.2515346998293206,1.791759469228055,0.3333333333333333,5.0,-1.4389487504959106,-1.4323230981826782,0.006625652313232422,0,0.12975978342699415
A6ADRIUUPVTEF,calibration,004e427664d0c1be10c81282917148d239ef8ff74f330fd628442347664cfe8f,2.0,24.0,12.0,19.0,1.0,0.5,24.0,12.0,24.0,12.0,0.882051282051282,0.819047619047619,172.0,58.0,2.197224577336219,2.197224577336219,0.0,5.0,-1.7684614658355713,-1.6368179321289062,0.13164353370666504,1,0.09563549120362595
A1TQYWOJMAPCD0,calibration,005ef7b9a7d6f8187cfb1d13866a3113b64d3955cbdcf0172404a2b6c645bde9,2.0,66.0,33.0,33.0,1.0,1.0,58.0,29.0,172.0,86.0,0.5043644298963448,0.4574468085106383,172.0,58.0,2.2154083994216567,1.791759469228055,0.5,5.0,-1.6571485996246338,-2.126110076904297,-0.4689614772796631,0,0.12831717807658788
A3M7R4PD0FEPUB,calibration,007461d1b5a5cbe9412175069ed95ac62bf4888f6df581dfcbd7d66d383131ec,3.0,66.0,22.0,33.0,0.6666666666666666,0.6666666666666666,58.0,19.333333333333332,110.0,36.666666666666664,0.7474726775956283,0.5375,232.0,88.0,3.5321282339469544,3.4011973816621555,0.0,5.0,-0.6688030958175659,-0.8221613168716431,-0.15335822105407715,0,0.168705223599791
A2AKX6B6Y49I0B,calibration,009023a471fbcc4c65810f30aad5de517be7b412a296e5ed32edbcdadc18d1fc,7.0,96.0,13.714285714285714,33.0,0.7142857142857143,0.5714285714285714,88.0,12.571428571428571,111.0,15.857142857142858,0.8659485647579376,0.6564885496183206,551.0,203.0,3.1372677939528715,1.791759469228055,0.14285714285714285,5.0,-1.9119871854782104,-1.9146194458007812,-0.0026322603225708008,0,0.15096055195922214
A3HWQBKOVVBS00,calibration,00a56383273deb79a51ee5d44b313d46394416ebc2bacc39641b0804ea25cac0,9.0,290.0,32.22222222222222,33.0,1.0,1.0,258.0,28.666666666666668,1456.0,161.77777777777777,0.40467112977208597,0.21287128712871287,774.0,261.0,2.7644351422020117,1.9459101490553132,0.2222222222222222,5.0,-0.9138477444648743,-1.296921968460083,-0.38307422399520874,0,0.11025142607336479
A3SOFFD1YQ23WN,calibration,00af1fc45be8f8d4ef100253ee12e2c20af27afbad3e25e2e87102706dc8d6eb,9.0,200.0,22.22222222222222,34.0,0.7777777777777778,0.7777777777777778,180.0,20.0,448.0,49.77777777777778,0.7083727646914417,0.3805309734513274,719.0,262.0,2.6995927066141867,1.791759469228055,0.2222222222222222,5.0,-0.22435402870178223,-2.4485111236572266,-2.2241570949554443,0,0.09728822715530637
AKUNSPGONAASL,calibration,00c307797697a0bf38cfe16ea39480c5a79696c5e5369a7e987b0f2b915b432d,8.0,244.0,30.5,34.0,1.0,1.0,216.0,27.0,635.0,79.375,0.5549851535392394,0.38565022421524664,687.0,233.0,2.5539875396154166,1.9459101490553132,0.125,5.0,-0.08233180642127991,-1.1300439834594727,-1.0477122068405151,0,0.07618029250769844
A2NU88FUA3RJ3,calibration,00c6be55a9e5f37832d231db70c81575cdebc9acc5fe0e1685974cddcb342fda,3.0,33.0,11.0,33.0,0.3333333333333333,0.3333333333333333,29.0,9.666666666666666,103.0,34.333333333333336,0.818342151675485,0.455026455026455,228.0,88.0,2.8417204536884717,1.9459101490553132,0.3333333333333333,5.0,-0.44985896348953247,-0.5357314348220825,-0.08587247133255005,0,0.20022339858947244
A3GAIL59ZAW7JT,calibration,00cab03089947df19c43bb4cc1baf219794d9473a7ee6b75a3772f43ed9f1a58,2.0,67.0,33.5,34.0,1.0,1.0,59.0,29.5,88.0,44.0,0.6628338723200383,0.6231884057971014,171.0,59.0,3.8606743063089746,3.1780538303479453,0.0,5.0,-1.2734038829803467,-1.2366218566894531,0.036782026290893555,1,0.19321221509732525
A39XDFABWPGD13,calibration,00df19c67d1a8bf3bfbfaadcaee29f2b3916b7230f5bfafcf87102971b8c3306,4.0,96.0,24.0,34.0,0.75,0.75,88.0,22.0,167.0,41.75,0.7223285866562575,0.4696132596685083,312.0,117.0,2.425954089351765,1.9459101490553132,0.25,5.0,-0.15770579874515533,-0.8426529765129089,-0.6849471926689148,0,0.116298714102319
A1MJZAV7WH0LC7,calibration,00e735319dfa89ec855a1d0894953d82ece5d7fdfaa27c03301295d0acb4a34e,2.0,53.0,26.5,33.0,1.0,1.0,49.0,24.5,861.0,430.5,0.45204656937575055,0.09277238403451996,172.0,58.0,2.6364997792818734,2.5649493574615367,0.0,5.0,-1.3442013263702393,-1.268315076828003,0.07588624954223633,1,0.04629285012071003
A2I28ZMSXK9TUC,calibration,00ee9ad283381e2b592a2e7dc3c8515f988ed20ace59cf428b9a4c1ab76b8b57,3.0,66.0,22.0,33.0,0.6666666666666666,0.6666666666666666,58.0,19.333333333333332,97.0,32.333333333333336,0.7646159582401193,0.5771812080536913,248.0,88.0,1.6917246050779422,1.3862943611198906,0.6666666666666666,5.0,-1.4650733470916748,-1.50521719455719,-0.04014384746551514,0,0.12800004803985113
A30UA3SC4QJ7I1,calibration,0100fee6531ce3b12c77ef587b90dfe6669871f942f39e5b7b2124f1757e91af,5.0,33.0,6.6,33.0,0.2,0.2,29.0,5.8,55.0,11.0,0.9219858156028369,0.6099290780141844,331.0,146.0,2.743305929854097,1.6094379124341003,0.4,5.0,-1.7225135564804077,-1.9251906871795654,-0.20267713069915771,0,0.21923482420330523
A253XRSWVFP8V2,calibration,010cdf5239f5dbf2e66d62214ed811fdddd929f0f6009d52734692ee4526d0d5,4.0,34.0,8.5,33.0,0.5,0.25,30.0,7.5,153.0,38.25,0.8374625712353907,0.36134453781512604,285.0,118.0,3.6371522385066113,2.3025850929940455,0.0,5.0,-1.1841192245483398,-1.2893941402435303,-0.10527491569519043,0,0.21594360197916365
A16WZ0YHCR06MC,calibration,011044107618baeb061cc5bc78e0dcf16471f1b535dfb0d88cf8e29cda6fd99b,13.0,437.0,33.61538461538461,35.0,1.0,1.0,385.0,29.615384615384617,2264.0,174.15384615384616,0.3599397590015373,0.224,1108.0,385.0,2.0211204614827696,1.0986122886681096,0.5384615384615384,5.0,-0.019075894728302956,-1.0783604383468628,-1.0592845678329468,0,0.10645548418520419
A81A7I1KSBCR9,calibration,01286f6383a819d5b889955c8cab63c67ded868abd40da30a2a53618ffae643e,7.0,76.0,10.857142857142858,34.0,0.42857142857142855,0.42857142857142855,68.0,9.714285714285714,189.0,27.0,0.8517269363885906,0.38222222222222224,532.0,204.0,2.4056900411957396,1.0986122886681096,0.5714285714285714,5.0,-1.7751871347427368,-1.9650967121124268,-0.18990957736968994,0,0.16557190904805644
A1IPEWWJ6NRFGY,calibration,012bbcf01afa3ddde9d7fe829008c43ad4f3973fb2b5e799dc6fd2e417e1b6cb,3.0,17.0,5.666666666666667,17.0,0.3333333333333333,0.3333333333333333,17.0,5.666666666666667,17.0,5.666666666666667,0.9449838187702265,0.8349514563106796,214.0,88.0,2.75521672186011,2.4849066497880004,0.0,5.0,-1.0072290897369385,-1.0332380533218384,-0.026008963584899902,0,0.14790583385685058
A167VTVMWP0BW8,calibration,013356299ebb48ebaafa62b5361ad02d7ab9560225c8775498246d43db33eb29,2.0,34.0,17.0,34.0,0.5,0.5,30.0,15.0,59.0,29.5,0.7951388888888888,0.5902777777777778,164.0,58.0,2.418140953475739,1.791759469228055,0.5,5.0,-1.8939327001571655,-2.0252671241760254,-0.13133442401885986,0,0.18526801037381668
A3S4U2HQRFURC8,calibration,014ca3efef40a048393d13d7f700e1bd34d2a34115afd0eae4b127b0fdbc2ca0,3.0,100.0,33.333333333333336,34.0,1.0,1.0,88.0,29.333333333333332,267.0,89.0,0.5154462446682561,0.4117647058823529,256.0,88.0,2.8939532709904903,1.6094379124341003,0.3333333333333333,5.0,-0.8165834546089172,-1.1297603845596313,-0.3131769299507141,0,0.15393202952579724
AZKWPIG6RXKNG,calibration,016b5c3f7bd9b84f711a7823f787ddf44632d330f03adf816432fb16d442560c,3.0,87.0,29.0,34.0,1.0,1.0,79.0,26.333333333333332,123.0,41.0,0.6871069182389937,0.5833333333333334,256.0,88.0,3.372799099641078,2.70805020110221,0.0,5.0,-1.1033058166503906,-1.160510778427124,-0.0572049617767334,0,0.140748664912961
A1OZUHF9IMALJH,calibration,01a4ffe0770dfccf2eeb1ab787b1eac33000ced68bf3994e8582197dc14ee78c,11.0,197.0,17.90909090909091,33.0,0.7272727272727273,0.6363636363636364,180.0,16.363636363636363,1253.0,113.9090909090909,0.7260952875428777,0.13458528951486698,926.0,319.0,3.6741591519420655,2.5649493574615367,0.0,5.0,-0.66834956407547,-0.9114454388618469,-0.24309587478637695,0,0.16156376997613478
AXLGXPG1RZ4XC,calibration,01c270dd3da88c23e23e706fd321c9ff30638c22ba9fa94af5823baa626942bb,3.0,99.0,33.0,33.0,1.0,1.0,87.0,29.0,242.0,80.66666666666667,0.5425358110723965,0.4195121951219512,258.0,87.0,3.254741828400874,2.995732273553991,0.0,5.0,-1.4611737728118896,-1.7047103643417358,-0.2435365915298462,0,0.125588014211431
A8ANL8H6F6N8U,calibration,01c5c7647b0c4a718de0fb8082e4300fa71bd6a8037445e96e93bc62873216d7,11.0,194.0,17.636363636363637,33.0,0.6363636363636364,0.5454545454545454,174.0,15.818181818181818,561.0,51.0,0.7357093403216397,0.3412698412698413,873.0,319.0,3.1534990996891383,2.197224577336219,0.0,5.0,-1.1628282070159912,-1.227262258529663,-0.06443405151367188,0,0.11455396906081185
A2G5CMALDBMOU0,calibration,01e1119bf004dedcd36f829676f2d54a3e1fc5c1ba3926db404edf1adb0f51ed,2.0,45.0,22.5,33.0,1.0,1.0,41.0,20.5,48.0,24.0,0.7912345265975242,0.7049180327868853,172.0,58.0,4.032318237887111,3.9702919135521215,0.0,5.0,-1.230217695236206,-1.4026024341583252,-0.17238473892211914,0,0.18032039285124646
A2H78GKL4NELOP,calibration,01f195f3e32095b55134b9112b8846ab22b5a42e84f9c5cb95505dfd0737a5f0,6.0,62.0,10.333333333333334,33.0,0.5,0.3333333333333333,58.0,9.666666666666666,96.0,16.0,0.8814941050235167,0.5620915032679739,401.0,174.0,3.2735667342631705,1.9459101490553132,0.16666666666666666,5.0,-1.0437772274017334,-1.0315990447998047,0.012178182601928711,0,0.1991808201450141
A34PPIW1NC9LK2,calibration,020e2e4267199e67e429fdfa3471696ed75e6735974e6ba290a02c22a8ce3fbc,3.0,0.0,0.0,0.0,0.0,0.0,0.0,0.0,0.0,0.0,1.0,1.0,152.0,87.0,2.78536167700716,1.9459101490553132,0.3333333333333333,5.0,-1.1449670791625977,-1.1525821685791016,-0.007615089416503906,0,0.23663063671867218
A3U41ZL33SS92P,calibration,021b1c59bee297c006b8a090e61d2011f6f1065ffaba35a334062cef6c546153,14.0,360.0,25.714285714285715,35.0,0.8571428571428571,0.7857142857142857,320.0,22.857142857142858,1895.0,135.35714285714286,0.6038868245364949,0.0918918918918919,1137.0,411.0,3.311336248588369,2.197224577336219,0.0,5.0,-0.4519505500793457,-0.9024842977523804,-0.45053374767303467,0,0.12419616634503114
AVQZ0JG8OP8P7,calibration,021c2b243ac7a985e9ebcd5d127beaff3cb04362acd332aec2d5164f2c607857,12.0,188.0,15.666666666666666,34.0,0.5,0.5,168.0,14.0,1005.0,83.75,0.7436696548613093,0.1283987915407855,853.0,350.0,3.0172414069882048,2.0794415416798357,0.0,5.0,-1.057365894317627,-1.1217920780181885,-0.06442618370056152,0,0.13199146557077582
AG506JWT6JQQT,calibration,021fb72b9e0786e3b8ec20bff93f7a37baa6f5b1f1d2507921713649385eb763,2.0,15.0,7.5,15.0,0.5,0.5,15.0,7.5,15.0,7.5,0.925,0.85,139.0,59.0,3.3060205174165462,2.4849066497880004,0.0,5.0,-1.3771426677703857,-1.3619133234024048,0.015229344367980957,0,0.18163735469932818
A1OG5GN58D7TWM,calibration,02418f24eea38b552e5476e842e1cca962100598fa112af57ec5ab03a86d7165,3.0,59.0,19.666666666666668,33.0,0.6666666666666666,0.6666666666666666,55.0,18.333333333333332,60.0,20.0,0.8281746031746032,0.7166666666666667,241.0,88.0,2.2323447492221615,1.6094379124341003,0.6666666666666666,5.0,-1.4155786037445068,-1.5706021785736084,-0.15502357482910156,0,0.16885793643923977
A1C3V69D1U45HQ,calibration,0253de9f3a8c4a407961a6b4cabb5fb69d2f6c15d0600de77c9e2b0086ecdb26,5.0,99.0,19.8,33.0,0.6,0.6,87.0,17.4,277.0,55.4,0.7085948837322082,0.36909871244635195,364.0,145.0,2.8844198699657975,2.197224577336219,0.0,5.0,-2.0400116443634033,-2.5015342235565186,-0.46152257919311523,0,0.12716411668441696
A1HJY9S58DFJ4Z,calibration,025b045461119cdbdd2aed44a10548768f214b55e41bd8f9b3471c7fdb53fc1f,2.0,62.0,31.0,33.0,1.0,1.0,58.0,29.0,67.0,33.5,0.7195812110922468,0.6935483870967742,171.0,59.0,1.5890269151739727,1.3862943611198906,1.0,5.0,-0.25894078612327576,-0.3013427257537842,-0.04240193963050842,0,0.1420569544066672
A1R9GPWNCO3T9C,calibration,02657e76c11196dc0e443b17efd144c3adff6930194cf0cf655e118798c907e6,2.0,2.0,1.0,2.0,0.5,0.0,2.0,1.0,2.0,1.0,0.9886363636363636,0.9772727272727273,148.0,59.0,2.543798167616192,2.197224577336219,0.0,5.0,-1.5763574838638306,-1.7665809392929077,-0.19022345542907715,0,0.14740078283177202
A3KHFA8233TXM,calibration,027c0c8f8af915752d5b99e11d0b32ef4a8b84ebbb2497d073e1eaaf85768d8f,3.0,100.0,33.333333333333336,34.0,1.0,1.0,88.0,29.333333333333332,356.0,118.66666666666667,0.4411450659417154,0.31135531135531136,257.0,88.0,2.3156586640451393,1.6094379124341003,0.3333333333333333,5.0,-1.5333400964736938,-1.5802756547927856,-0.0469355583190918,0,0.11049825608322811
A1SX3V6QTG5PVJ,calibration,02a7f7aff75216c42adcc5d039268dd7e2f1ff6b3610d7ae34bef962cb7999fc,2.0,33.0,16.5,33.0,0.5,0.5,29.0,14.5,65.0,32.5,0.7847682119205298,0.5695364238410596,136.0,59.0,3.1917533174420027,2.772588722239781,0.0,5.0,-0.2415536493062973,-0.29076218605041504,-0.04920853674411774,0,0.17728625347128874
AVU3LE3F571TP,calibration,02ac0740c1d48909d7ede523ec38d5ecd499c4dbda4de1a07b7609bd61a860de,4.0,61.0,15.25,33.0,0.75,0.5,57.0,14.25,117.0,29.25,0.803576395764382,0.4885057471264368,335.0,118.0,1.8475453570566072,1.6094379124341003,0.75,5.0,-1.3827177286148071,-1.2977943420410156,0.0849233865737915,1,0.13449950512935396
AQKZ1VTU69JU6,calibration,02dfa86011b29bf2d2ebadeadafd8cf18cccc8aa9eb2035ce856ff149dba512d,5.0,93.0,18.6,36.0,0.6,0.6,87.0,17.4,115.0,23.0,0.8179845967080009,0.5886524822695035,402.0,151.0,2.530459149222101,1.791759469228055,0.4,5.0,-0.47922414541244507,-1.0383203029632568,-0.5590961575508118,0,0.14610380211048873
A1051DBTLWP5A2,calibration,02e08c70c9cc05a75e22a91cda03fc6a71f4d53cdcc99b9b58bb07aaaeff57c6,9.0,247.0,27.444444444444443,34.0,0.8888888888888888,0.8888888888888888,219.0,24.333333333333332,618.0,68.66666666666667,0.6124268757291698,0.37719298245614036,757.0,262.0,2.998508003985748,1.6094379124341003,0.3333333333333333,5.0,-1.2158230543136597,-1.6388444900512695,-0.42302143573760986,0,0.11781943028664543
A3QU13TEXK9QUY,calibration,02ec37a0bbfa3e5a6cca8fe57c1380b586a9f6a8b1ee211feff74d17d70a8fc8,3.0,86.0,28.666666666666668,33.0,1.0,1.0,82.0,27.333333333333332,92.0,30.666666666666668,0.7383290547184352,0.688,257.0,87.0,1.5214493971559453,1.3862943611198906,1.0,5.0,-1.4723851680755615,-1.2846533060073853,0.18773186206817627,1,0.12259447854653288
A3MQ6D1Z88ATL7,calibration,02ecb06534bd115077472658c2f26f467e8d1c6c3edb0c48b030ae0e4fcec93a,2.0,34.0,17.0,34.0,0.5,0.5,30.0,15.0,120.0,60.0,0.7058823529411764,0.4117647058823529,129.0,59.0,4.759794111171262,4.6443908991413725,0.0,5.0,-0.8884936571121216,-0.948586642742157,-0.0600929856300354,0,0.288636180749813
A22BY6LSKXFZ8J,calibration,02ef4bc44223cf22782a4ce4cbf7f897b132c700a7fd7f0ee5f9464ad7c41c43,2.0,45.0,22.5,33.0,1.0,1.0,41.0,20.5,134.0,67.0,0.6455062794348508,0.41346153846153844,172.0,58.0,3.699393137709974,2.9444389791664403,0.0,5.0,-1.394575834274292,-1.638648271560669,-0.24407243728637695,0,0.15548124924813436
AP9QSEBMJT2K1,calibration,03039dcb3a1e0faa1cc51770900a9cb92b785570daba2df3e65be7cc1501bb04,5.0,99.0,19.8,33.0,0.6,0.6,87.0,17.4,236.0,47.2,0.726432022084196,0.41545893719806765,374.0,145.0,3.2270839831063043,2.0794415416798357,0.0,5.0,-0.8845700025558472,-1.0544946193695068,-0.16992461681365967,0,0.15420481387347323
A3QUG39UDJOPNB,calibration,030e591c8d9f9dbe2cfb65d7590b8983d21527ab0a9e24b8543ffd4a04da5fe2,6.0,102.0,17.0,33.0,0.8333333333333334,0.5,94.0,15.666666666666666,256.0,42.666666666666664,0.7566195118420818,0.4187192118226601,481.0,176.0,3.12408364383667,1.6094379124341003,0.16666666666666666,5.0,-0.6940293908119202,-3.5599331855773926,-2.865903854370117,0,0.15952649369214106
A1OEWDSPX827AC,calibration,032bcdffb4f1ef61efc4ad7c3357d66da48643f14f67da506791ce9be03163b4,3.0,33.0,11.0,33.0,0.3333333333333333,0.3333333333333333,29.0,9.666666666666666,133.0,44.333333333333336,0.797564687975647,0.3926940639269406,202.0,87.0,2.9473421764996037,2.3978952727983707,0.0,5.0,-0.07162495702505112,-0.0924835279583931,-0.02085857093334198,0,0.16074589490774555
ASMUUBBSTGFX2,calibration,03347daabc93d30863505776d3cf8ad95c691370a3340b579647f31fed2dc160,2.0,59.0,29.5,33.0,1.0,1.0,55.0,27.5,202.0,101.0,0.5480507088331517,0.3282442748091603,172.0,58.0,3.6199662956602343,3.526360524616161,0.0,5.0,-1.5839301347732544,-1.5363221168518066,0.047608017921447754,1,0.1396572749889054
AMB5L7WUBUVDM,calibration,033e3c3b8b1bb773c9fd8ad66ebcc7855b8869c4d912e52ac5a87c14663d091a,9.0,265.0,29.444444444444443,34.0,0.8888888888888888,0.8888888888888888,233.0,25.88888888888889,1098.0,122.0,0.5047719473430852,0.2536873156342183,748.0,262.0,3.1327690695490937,1.791759469228055,0.1111111111111111,5.0,-0.4748617112636566,-0.625638484954834,-0.15077677369117737,0,0.12434604866170791
A2IEIYWMIGUYEG,calibration,0349ba3a30d10b273ccbc7a86c82c61b1912f31b24cca2fc99ed6020c0b64b88,3.0,66.0,22.0,33.0,0.6666666666666666,0.6666666666666666,58.0,19.333333333333332,245.0,81.66666666666667,0.6550925925925926,0.2986111111111111,241.0,87.0,3.4598037080976174,1.791759469228055,0.3333333333333333,5.0,-1.6428163051605225,-1.605088233947754,0.037728071212768555,1,0.21996371693181482
A1RAZZN0WYDV6P,calibration,034b7c09f67633b3adc9c28d14c68f2c726c9adeebd83297d3cc018956a90f69,4.0,66.0,16.5,33.0,0.5,0.5,58.0,14.5,216.0,54.0,0.743405695611578,0.3412698412698413,330.0,117.0,3.2250548316058003,2.3978952727983707,0.0,5.0,-0.935634970664978,-0.9231032133102417,0.012531757354736328,0,0.15917888163824306
A3OM7D312RZJV,calibration,03536fc47d3798991847e6d627e12960dcae0cf97f53b99fc85cf1acc4ab363c,2.0,33.0,16.5,33.0,0.5,0.5,29.0,14.5,33.0,16.5,0.8613445378151261,0.7226890756302521,166.0,58.0,4.756258445289208,4.48863636973214,0.0,5.0,-1.1172354221343994,-1.1422451734542847,-0.025009751319885254,0,0.31273361171870373
A3PGPOTK7PX1YP,calibration,035892358a2afb2ac2b8ba4a8d2d238c47db4c2004fbec586c68c72686473e4c,5.0,164.0,32.8,33.0,1.0,1.0,144.0,28.8,349.0,69.8,0.5566471133434978,0.49710982658959535,430.0,144.0,2.3986996091130397,1.6094379124341003,0.4,5.0,-1.2429625988006592,-1.3010234832763672,-0.05806088447570801,0,0.1093211351545523
A3UV38ZCFCNI3W,calibration,03754d412400bb9c2908d0db544c155b1f36aef7948c2004627957e5c20cc048,3.0,99.0,33.0,33.0,1.0,1.0,87.0,29.0,499.0,166.33333333333334,0.3882748572246289,0.245014245014245,258.0,87.0,3.8306353659153842,2.70805020110221,0.0,5.0,-1.4845434427261353,-1.3431227207183838,0.14142072200775146,1,0.1630065156019197
A258YT7EP5TC2S,calibration,037b623058f42a912590e379b0c6ae92181ec745415d23af170fa2941660bb55,3.0,40.0,13.333333333333334,19.0,1.0,0.6666666666666666,40.0,13.333333333333334,40.0,13.333333333333334,0.8681995672094681,0.819047619047619,257.0,88.0,3.804294703596667,3.2580965380214817,0.0,5.0,-1.0013532638549805,-1.1384299993515015,-0.137076735496521,0,0.17415022857165535
AK7NGNU7JI215,calibration,037be30649a6ee1ca24dcb802520ec2d5adc463e5baa0376ac089054d118fb14,4.0,66.0,16.5,33.0,0.5,0.5,58.0,14.5,92.0,23.0,0.8258323765786452,0.6417910447761194,293.0,116.0,3.1523638968585033,1.791759469228055,0.25,5.0,-1.7252401113510132,-1.9544328451156616,-0.22919273376464844,0,0.2085138830011883
A2X7O4TUXVXGV3,calibration,03b02b2309872221f494096e08bd8642f480548b8ddde48a21fe46d1b053141d,2.0,33.0,16.5,33.0,0.5,0.5,29.0,14.5,138.0,69.0,0.6919642857142857,0.38392857142857145,140.0,58.0,2.1910133173369406,2.0794415416798357,0.0,5.0,-1.8449809551239014,-1.9066396951675415,-0.06165874004364014,0,0.10523370602983312
A29L2RN5D8C0HM,calibration,03b0e906b40f3ee176ca2ad2c2252a436f761119178b23d957a1a1060fb1c382,3.0,99.0,33.0,33.0,1.0,1.0,87.0,29.0,436.0,145.33333333333334,0.39380783913973333,0.28104575163398693,258.0,87.0,2.013418237092471,1.791759469228055,0.6666666666666666,5.0,-0.0662974938750267,-2.115694522857666,-2.0493969917297363,0,0.11289192839659232
A3JZV00SVBTWRY,calibration,03bf25bed2bdd0657728795b52760e8de5cb4239c32c9b1ca5d091e7f7277df6,2.0,59.0,29.5,33.0,1.0,1.0,55.0,27.5,64.0,32.0,0.7307027649769586,0.6935483870967742,172.0,58.0,2.389561746555765,1.9459101490553132,0.5,5.0,-3.1418862342834473,-3.0470380783081055,0.0948481559753418,1,0.14342734215375524
AFUE1O3X6I7RV,calibration,03c1f0c403ab5b6137b08eb023256ef2abc47fd85d16c0228504cab052f210ec,2.0,66.0,33.0,33.0,1.0,1.0,58.0,29.0,236.0,118.0,0.42451665981077746,0.3891402714932127,172.0,58.0,1.7776740307447068,1.6094379124341003,1.0,5.0,-1.4205896854400635,-1.7996604442596436,-0.3790707588195801,0,0.13981816348617535
A2OU6ZZSZ2Q7CU,calibration,03d80532b26749623454b950e7e81aac847a074be0df594e874d327491cf9612,3.0,72.0,24.0,33.0,1.0,1.0,68.0,22.666666666666668,92.0,30.666666666666668,0.7541214854203594,0.6187050359712231,258.0,87.0,3.2953793047336717,2.5649493574615367,0.0,5.0,-1.1597360372543335,-1.5065284967422485,-0.34679245948791504,0,0.13331171467535677
A2SW5469L1KF47,calibration,03f48ce55bb80e62bfb6864f66485d547cf762bb908825415f314236b1be8b6a,4.0,117.0,29.25,33.0,1.0,1.0,108.0,27.0,204.0,51.0,0.6516207907878957,0.5029239766081871,344.0,116.0,4.215993803730081,3.044522437723423,0.0,5.0,-1.8060859441757202,-1.890984296798706,-0.08489835262298584,0,0.18769291256625387
A1WQCP6S9VUIWJ,calibration,03fae77afbc30d8a74d41bebee88f43a35171a99c88bb00643e5eee7bac5638b,3.0,61.0,20.333333333333332,33.0,0.6666666666666666,0.6666666666666666,57.0,19.0,98.0,32.666666666666664,0.7678314802208607,0.5512820512820513,233.0,88.0,3.0457798263638973,1.9459101490553132,0.3333333333333333,5.0,-1.9221101999282837,-2.0486042499542236,-0.12649405002593994,0,0.19095989708009198
AFF6HT4TEHQWI,calibration,040b2d9c7450fdc1e08d88afd6cee420b2be354f1c26bf5a81b667f6ec3e193e,2.0,0.0,0.0,0.0,0.0,0.0,0.0,0.0,0.0,0.0,1.0,1.0,118.0,59.0,2.8617925509761903,2.833213344056216,0.0,5.0,-1.2279762029647827,-1.2469236850738525,-0.018947482109069824,0,0.1828364199221594
AK0F5BFSUW3DQ,calibration,0419196dc1c8786cbbff5a946d65c693380e358a45a43c1f0f51322210f269c6,2.0,7.0,3.5,7.0,0.5,0.0,7.0,3.5,7.0,3.5,0.9623655913978495,0.9247311827956989,137.0,58.0,2.4260151319598084,1.3862943611198906,0.5,5.0,-1.6109710931777954,-1.507469892501831,0.10350120067596436,1,0.21487645317467347
A3VT5UEZFSPQ5F,calibration,041a85d20346d9f8617a3173be96f68e474971b3ae510a6336e30af16c3da167,2.0,66.0,33.0,33.0,1.0,1.0,58.0,29.0,301.0,150.5,0.42130665340956175,0.2654320987654321,172.0,58.0,2.833213344056216,2.833213344056216,0.0,5.0,-1.7473132610321045,-1.8377454280853271,-0.09043216705322266,0,0.09733652553370442
A3TZGE5IMK8JPK,calibration,0429027fd8c0fca0e8e34918c6b4325d8c923c02f8e210db05d2af6f57c3ba03,2.0,65.0,32.5,33.0,1.0,1.0,57.0,28.5,170.0,85.0,0.5291068580542264,0.40669856459330145,171.0,57.0,2.2154083994216567,1.3862943611198906,0.5,5.0,-1.7468090057373047,-1.7322582006454468,0.01455080509185791,0,0.13023196264752473
A11IFBSF8AMW9M,calibration,04512a874f8dedb3025c497ae13fe0c4f00bbe332a79ece237824acb1800d810,6.0,141.0,23.5,34.0,0.8333333333333334,0.8333333333333334,129.0,21.5,371.0,61.833333333333336,0.6903314089211808,0.27564102564102566,496.0,176.0,3.5350017745557865,2.772588722239781,0.0,5.0,-0.609282910823822,-3.758012294769287,-3.1487293243408203,0,0.12736352665606457
ABTDY7MOT11BY,calibration,0454bdddd6f767828f524891f7435dc026695d6f2e1725e646c5a9f3f5721bef,3.0,39.0,13.0,14.0,1.0,1.0,39.0,13.0,39.0,13.0,0.8687459630316773,0.86,258.0,87.0,2.0896987612354203,1.791759469228055,0.3333333333333333,5.0,-0.2369224578142166,-0.8125779032707214,-0.575655460357666,0,0.08891046432330035
A7X9SBEVSHV5N,calibration,04579025a5c871d905f552b5b00732a1d78eeed7cfd90f7333cc03b7a70f3a18,4.0,80.0,20.0,33.0,0.75,0.75,72.0,18.0,499.0,124.75,0.6814164240845718,0.16074766355140188,338.0,116.0,3.805949815116608,2.197224577336219,0.0,5.0,-0.8059731721878052,-0.8105948567390442,-0.004621684551239014,0,0.17189658412258754
A37KH5N4TE0RPR,calibration,0476327c7f9490b8cc08475393da2b2f79ad1f7ad9a8763b835b1353aeac97b6,3.0,66.0,22.0,33.0,0.6666666666666666,0.6666666666666666,58.0,19.333333333333332,587.0,195.66666666666666,0.5680018982290386,0.1419141914191419,236.0,87.0,3.9387219587792877,3.1354942159291497,0.0,5.0,-0.9368759393692017,-0.9481586217880249,-0.011282682418823242,0,0.17256858230673366
A3UISFQMOSZJMO,calibration,0477265f678188cb535e77619b892068b2fd2fa2193de6fce7979e595a3a58f6,11.0,270.0,24.545454545454547,33.0,0.8181818181818182,0.8181818181818182,242.0,22.0,659.0,59.90909090909091,0.658485267963587,0.3805309734513274,891.0,319.0,2.7050134918357016,1.3862943611198906,0.2727272727272727,5.0,-1.3284327983856201,-1.5896679162979126,-0.2612351179122925,0,0.0932465737304517
A58Y0ZBBEBP39,calibration,04956f8765b289eb7c79d0ca92f8de90c0d7584d2d2615c7118efda56eaedbf7,7.0,182.0,26.0,33.0,1.0,1.0,166.0,23.714285714285715,578.0,82.57142857142857,0.6326696565430717,0.2210796915167095,603.0,202.0,3.1755558336527057,1.3862943611198906,0.2857142857142857,5.0,-0.13442924618721008,-0.4060388207435608,-0.2716095745563507,0,0.12745307393518757
A3CNL2EG5ARWL4,calibration,04a2533bb2184ed8ae1116e731c233538e4bb9c9dafd25c97167139926ff368a,2.0,33.0,16.5,33.0,0.5,0.5,29.0,14.5,114.0,57.0,0.715,0.43,165.0,58.0,2.5619819897016294,1.791759469228055,0.5,5.0,-0.9179226160049438,-0.9070402979850769,0.010882318019866943,0,0.1861315355067004
ALG3O7DE9P66E,calibration,04b40d5f642eb537da916714bd1e9cb89f97ecaed34cc61691011611dd353ab5,3.0,39.0,13.0,33.0,0.6666666666666666,0.3333333333333333,35.0,11.666666666666666,71.0,23.666666666666668,0.8347730108455705,0.5695364238410596,256.0,87.0,3.025069232661562,2.0794415416798357,0.0,5.0,-0.9087268114089966,-1.0865668058395386,-0.177839994430542,0,0.16725960622141045
A1G74Z1XW8A232,calibration,04cb39cec731539e6422895e69fe16080d8f1d9a2393f564fff0617183b64969,2.0,33.0,16.5,33.0,0.5,0.5,29.0,14.5,42.0,21.0,0.8359375,0.671875,160.0,58.0,2.5184763012068148,2.3978952727983707,0.0,5.0,-0.33917108178138733,-0.43876099586486816,-0.09958991408348083,0,0.13387245347290247
A2X688A16UW6LX,calibration,04cf777ec8395fc1fb1f60849ae999d0a0c6ac0618362e544a92ececb73c6c36,2.0,41.0,20.5,33.0,1.0,1.0,37.0,18.5,41.0,20.5,0.8187913463257643,0.7226890756302521,172.0,58.0,3.526792863596838,2.5649493574615367,0.0,5.0,-1.2037948369979858,-1.32417893409729,-0.1203840970993042,0,0.16185653775391326
A3LOVYOYGXZEZV,calibration,04d4d0ebd899d5b6fec29d62df3108a982fb6224dee0126a0026cce87941aae4,2.0,41.0,20.5,33.0,1.0,1.0,37.0,18.5,123.0,61.5,0.6713771567693447,0.42786069651741293,172.0,58.0,3.0342127941220554,2.4849066497880004,0.0,5.0,-0.9739095568656921,-1.0883092880249023,-0.1143997311592102,0,0.11468170821266764
AV3PT96KDJT6Q,calibration,04d7d196cdd3b9f026676af5eaa2414930790f04b0e9af0c3d1c69ed8b4a2627,5.0,154.0,30.8,34.0,1.0,1.0,138.0,27.6,821.0,164.2,0.49305256301067635,0.1419141914191419,429.0,146.0,2.8219212041186434,1.791759469228055,0.2,5.0,-1.2752737998962402,-1.5878989696502686,-0.3126251697540283,0,0.11074136318403605
A1C1BUGBR3EIT3,calibration,04d8a2c4ea0f37c5e93ab2d7f701994809fef3213ea6237161f5a508e2b17498,2.0,67.0,33.5,34.0,1.0,1.0,59.0,29.5,134.0,67.0,0.5608759249698847,0.5512820512820513,171.0,59.0,2.567899218525131,2.3025850929940455,0.0,5.0,-0.7709096074104309,-0.6592025756835938,0.11170703172683716,1,0.1087851260215493
A15LL62L6M8Q3C,calibration,04dcb403d07ffb81801b41faf637abb61125a109a4a869c047362ba3b0326b81,5.0,99.0,19.8,33.0,0.6,0.6,87.0,17.4,213.0,42.6,0.7499365444576833,0.39814814814814814,378.0,145.0,2.228719880695587,1.791759469228055,0.4,5.0,-0.6696826219558716,-0.8493285179138184,-0.17964589595794678,0,0.1206852773393254
A3CL98FXI2UCML,calibration,04e6454e62152d2902a141054ee50c783a62174bbfebf74413f776201044ef83,4.0,33.0,8.25,33.0,0.25,0.25,29.0,7.25,233.0,58.25,0.817398119122257,0.26959247648902823,296.0,117.0,3.879664342208931,3.1780538303479453,0.0,5.0,-1.4387646913528442,-1.5054439306259155,-0.06667923927307129,0,0.22720713729898512
A3DQ820TK62K7H,calibration,04e78a819c4a9d4c7921acd61a097bd68e570072078c922e067a2f3019c43d9d,2.0,39.0,19.5,27.0,1.0,1.0,39.0,19.5,39.0,19.5,0.819306483655409,0.7610619469026548,172.0,58.0,4.193086464488917,3.9318256327243257,0.0,5.0,-1.6938388347625732,-2.0083603858947754,-0.31452155113220215,0,0.19044396546908265
A2N3CNZDG8FNCQ,calibration,04f1cf5e91dc14e712c1051109f35a49a4045f34c5098f414a0c5f154833ce47,2.0,53.0,26.5,33.0,1.0,1.0,49.0,24.5,78.0,39.0,0.7042714884696017,0.5972222222222222,172.0,58.0,2.908555579981602,2.4849066497880004,0.0,5.0,-2.3503530025482178,-2.3653452396392822,-0.014992237091064453,0,0.12072701035434462
A4XF0Z4VW0QBP,calibration,04f6cac3e15dad44ceca0f907380a6da163f7d16abb9b5fab13515b7040b4bf2,2.0,0.0,0.0,0.0,0.0,0.0,0.0,0.0,0.0,0.0,1.0,1.0,126.0,58.0,3.5289489687059277,2.6390573296152584,0.0,5.0,-1.2826932668685913,-1.2308577299118042,0.05183553695678711,1,0.25520952225895394
A29U3AWYCDMCE5,calibration,05024a29cfd6a327c05f461fd3fa28ce5618031e2c835e4ab8a600d88bf5f08f,2.0,33.0,16.5,33.0,0.5,0.5,29.0,14.5,66.0,33.0,0.7828947368421053,0.5657894736842105,161.0,58.0,2.484906649788,1.791759469228055,0.5,5.0,-1.7006807327270508,-1.760736107826233,-0.06005537509918213,0,0.1887975204115322
A1GJ7UYEX30TPU,calibration,05151122b959bec0742810a6b8b5ba4cb48ac8962d777fef22e9bdd7bcfaa1a2,5.0,113.0,22.6,34.0,0.8,0.8,101.0,20.2,1047.0,209.4,0.5820324339864571,0.0918918918918919,418.0,147.0,2.9591879461909323,1.9459101490553132,0.2,5.0,-0.854231595993042,-0.9158775210380554,-0.06164592504501343,0,0.13293733534291355
AIJTHUGJAR9SG,calibration,051a5bcdaaacea570704c8defe6a3be4aa2a831e184e2cab0bec6a04b37fce3f,4.0,101.0,25.25,34.0,0.75,0.75,89.0,22.25,238.0,59.5,0.6405161855439347,0.48863636363636365,310.0,118.0,2.5311372344115033,1.791759469228055,0.5,5.0,-1.1920874118804932,-1.229882836341858,-0.037795424461364746,0,0.15476146336101992
A1796NTZOCGHQC,calibration,051f22a8e43903226c4a12d56d773c78c6b779cd021195ba68792de6d6ce4ace,2.0,66.0,33.0,33.0,1.0,1.0,58.0,29.0,468.0,234.0,0.3309084284673306,0.18695652173913044,171.0,58.0,3.534937064229286,3.332204510175204,0.0,5.0,-1.0818073749542236,-1.3966366052627563,-0.3148292303085327,0,0.117222408691777
A1OMGQEEHGWBSQ,calibration,052607f981e9438610411f8434fc2db33b2201fca6a9f7706e0b059da88a951d,2.0,37.0,18.5,33.0,1.0,0.5,33.0,16.5,78.0,39.0,0.7462780898876404,0.5375,171.0,59.0,2.780340815507764,2.5649493574615367,0.0,5.0,-0.9194544553756714,-1.1414878368377686,-0.22203338146209717,0,0.12875528573090575
A16UYT4DEUXBA5,calibration,052868284c11dee1e3627dde5a949251d00d48a273106aff61f904e819983a26,2.0,66.0,33.0,33.0,1.0,1.0,58.0,29.0,119.0,59.5,0.5978499761108457,0.5341614906832298,172.0,58.0,2.2154083994216567,1.9459101490553132,0.5,5.0,-1.2254791259765625,-2.167698860168457,-0.9422197341918945,0,0.12893939854936612
A1S5251XGPBIVN,calibration,052bed5564ddef7e54052a1dc2531c0bf8a2593f8f4be0f35c59c6af353f4bf4,3.0,99.0,33.0,33.0,1.0,1.0,87.0,29.0,291.0,97.0,0.4777394451576095,0.4195121951219512,258.0,87.0,1.9545437251993658,1.3862943611198906,0.3333333333333333,5.0,-1.6543242931365967,-2.0285146236419678,-0.3741903305053711,0,0.0969554451412677
A3AZRPZ2V6V4J6,calibration,056c3eb08ffaf932f08639c4a09fcf47a7261239f793740a3fa220eb6001517c,2.0,38.0,19.0,29.0,1.0,1.0,38.0,19.0,38.0,19.0,0.8265446224256293,0.7478260869565218,172.0,58.0,2.7058230259275198,2.0794415416798357,0.0,5.0,-1.2415610551834106,-1.374588131904602,-0.1330270767211914,0,0.10956476850098097
AY6I0JXE82PQG,calibration,05785027ba351cc6bc62262bb8d4e487842d0ce190914b150b3a06aefb816aa2,2.0,22.0,11.0,18.0,1.0,0.5,22.0,11.0,22.0,11.0,0.8912393162393162,0.8269230769230769,172.0,58.0,3.11227921463768,1.6094379124341003,0.5,5.0,-1.5004733800888062,-1.3763879537582397,0.1240854263305664,1,0.22373976477807786
A1K90D8M82NIEG,calibration,057d5fce9532dda0ca105e678dadb4530ab9617bd03c07f2d410d6a862e3652f,3.0,100.0,33.333333333333336,34.0,1.0,1.0,88.0,29.333333333333332,184.0,61.333333333333336,0.5827689585028137,0.581081081081081,257.0,88.0,2.617738796052024,2.3978952727983707,0.0,5.0,-1.3326998949050903,-1.4975056648254395,-0.16480576992034912,0,0.10236722523498261
A3NR9ST3I3DSV5,calibration,057f48a580ed275c68d0eabc636ca2f8632fca6020163a989f5b7d9ae89779f0,2.0,19.0,9.5,19.0,0.5,0.5,19.0,9.5,19.0,9.5,0.9095238095238095,0.819047619047619,159.0,58.0,1.7776740307447068,1.6094379124341003,1.0,5.0,-1.5359853506088257,-1.6590518951416016,-0.12306654453277588,0,0.17867206192958385
A38GWMEAOMOCKC,calibration,058d950a5b574e446c0b2c4eb7cade920b726e6c1986fbfabcfc27a7734a4f64,4.0,128.0,32.0,33.0,1.0,1.0,116.0,29.0,816.0,204.0,0.4661216152983304,0.12893553223388307,344.0,116.0,3.1267941845783986,2.3978952727983707,0.0,5.0,-1.4163849353790283,-1.4961014986038208,-0.07971656322479248,0,0.104665710724139
ATT3Q86G8YJV7,calibration,05af136df48cac59e7f6dfd246d1832136bbaac2f99bec24a2d90179e01d1a2d,3.0,30.0,10.0,22.0,0.6666666666666666,0.6666666666666666,30.0,10.0,30.0,10.0,0.9034249303066507,0.7962962962962963,229.0,89.0,3.743883165405588,3.0910424533583156,0.0,5.0,-1.291932463645935,-1.3773552179336548,-0.08542275428771973,0,0.186015123087508
A2MJP5Z2U69REM,calibration,05bca289b7e68cd865dfad4c432a3e0edf68a5626cd20e6665a3c2da06bf48de,8.0,197.0,24.625,33.0,0.875,0.875,177.0,22.125,848.0,106.0,0.6431027538273605,0.13458528951486698,682.0,232.0,3.8777073990838478,2.3025850929940455,0.0,5.0,-1.146505355834961,-1.4379243850708008,-0.29141902923583984,0,0.149187838021365
A1NZB3Z9D06DG5,calibration,05bdcf492e153847ea9701fa0e618842c8c56b32b87a36f0f61e7ca11bdbfdcf,6.0,101.0,16.833333333333332,34.0,0.5,0.5,89.0,14.833333333333334,313.0,52.166666666666664,0.7305815737217713,0.39090909090909093,423.0,177.0,2.590904777574666,1.791759469228055,0.16666666666666666,5.0,-1.9410158395767212,-2.1908230781555176,-0.2498072385787964,0,0.13522130723726292
A13PT03EWR07XM,calibration,05d58be1036b33311592a5f3c97128e2a804d4aa783ddd37d6268ec85a0f0acd,8.0,146.0,18.25,35.0,0.625,0.625,134.0,16.75,680.0,85.0,0.749236345892858,0.13804173354735153,624.0,236.0,3.2643999225243077,1.6094379124341003,0.125,5.0,-0.6216620206832886,-0.58056640625,0.041095614433288574,1,0.15353843885100096
A3C76TC9M78NYC,calibration,05d58c0caeae6c216bb2c4769db12078f9e159102fc8dfd0c12b0e06715b5517,3.0,91.0,30.333333333333332,33.0,1.0,1.0,84.0,28.0,203.0,67.66666666666667,0.6229883581578496,0.3722943722943723,258.0,87.0,2.4218099077513178,1.6094379124341003,0.3333333333333333,5.0,-0.1710633635520935,-0.14946523308753967,0.021598130464553833,1,0.11269126613969849
A2H3BF3NNQYKC9,calibration,060ca8e24a006d7880d5d0959f076870215fb3f7e1e58ea376d1de2e79f46c37,2.0,66.0,33.0,33.0,1.0,1.0,58.0,29.0,177.0,88.5,0.4982929441692328,0.4381443298969072,171.0,58.0,2.0126758453675744,1.9459101490553132,0.5,5.0,-0.493564635515213,-1.2131046056747437,-0.719539999961853,0,0.11221373939018
A243LSI3VCVMJ,calibration,06228295b7cb884a7911c86f4599a8114f6b91ad202b61b4020e6be9d6016e84,3.0,96.0,32.0,33.0,1.0,1.0,87.0,29.0,555.0,185.0,0.41021749962983806,0.24079320113314448,256.0,87.0,3.095767137704104,1.791759469228055,0.3333333333333333,5.0,-0.825637936592102,-1.0554825067520142,-0.2298445701599121,0,0.14891297007171034
AEY1YYFIEF8PS,calibration,062d1d92cbea7dd53f0588268affd456081750837bfcdecd2a66718746e9861e,8.0,198.0,24.75,33.0,0.75,0.75,174.0,21.75,994.0,124.25,0.5392892419443007,0.20623501199040767,648.0,233.0,3.232928981455029,2.0794415416798357,0.0,5.0,-0.5944730639457703,-0.706524670124054,-0.11205160617828369,0,0.13802329180833783
AL59FYU3JFOBK,calibration,06553d5a64b4334fb72ad3d3ede24e9e3532e0f80e0dc6e61e5af15c08f618ca,2.0,33.0,16.5,33.0,0.5,0.5,29.0,14.5,145.0,72.5,0.6861471861471862,0.3722943722943723,168.0,58.0,2.4563274428680257,2.0794415416798357,0.0,5.0,-1.4068315029144287,-1.5418684482574463,-0.13503694534301758,0,0.11926321508840443
AJIYEQIAVYC0G,calibration,0672b805c3e34f0c50471c52251a38050fba5cd983d32e288e839da3bddbbc00,5.0,105.0,21.0,33.0,0.8,0.6,93.0,18.6,239.0,47.8,0.7312271850578881,0.36134453781512604,426.0,147.0,3.09861411257346,2.0794415416798357,0.0,5.0,-0.8514021635055542,-0.9599909782409668,-0.1085888147354126,0,0.130926119745411
A220LDI4DOEDPT,calibration,06784d4f96e725e016c961c05dd5756c4cb4a4fc6457fbf2be01a25e07c0e82e,2.0,33.0,16.5,33.0,0.5,0.5,29.0,14.5,378.0,189.0,0.5926724137931034,0.1853448275862069,145.0,59.0,2.7212088552608966,1.9459101490553132,0.5,5.0,-1.0626647472381592,-2.5127639770507812,-1.450099229812622,0,0.15574811310625084
A2WQSJ8U3S2OVH,calibration,067a6b7c2f0bd82a0bf23132e41bdd627d8bf078a4ee57803052898b07e5ae2c,3.0,100.0,33.333333333333336,34.0,1.0,1.0,88.0,29.333333333333332,369.0,123.0,0.42507319048303666,0.31970260223048325,256.0,88.0,3.140254452960337,2.3978952727983707,0.0,5.0,-0.8250330090522766,-1.0717875957489014,-0.24675458669662476,0,0.12557763538214708
A2M4RZQH2UV76C,calibration,069584d0cff649e545ae7048ffe55c8f007b303e6a895b4226be52372c6da38b,5.0,117.0,23.4,33.0,1.0,0.8,105.0,21.0,237.0,47.4,0.6921575802185506,0.49142857142857144,430.0,145.0,2.139982616509915,1.791759469228055,0.4,5.0,-1.4783518314361572,-1.4165356159210205,0.06181621551513672,1,0.0971334731006016
AXAYRVMYQ8EVV,calibration,0699a8bba697e459a8b22e01efabf217eab72469535ccad9120245cc8d952b7f,2.0,33.0,16.5,33.0,0.5,0.5,29.0,14.5,78.0,39.0,0.7621951219512195,0.524390243902439,159.0,59.0,2.9553983220202635,2.197224577336219,0.0,5.0,-0.5459038615226746,-0.6312348246574402,-0.08533096313476562,0,0.1643540726886132
A1IIQO2453V234,calibration,06bd1c5b846913dc3654e90d977125684abb530f69929589d1d69b9d9f39ea64,9.0,228.0,25.333333333333332,34.0,0.7777777777777778,0.7777777777777778,204.0,22.666666666666668,586.0,65.11111111111111,0.6448769340006725,0.3269230769230769,705.0,263.0,2.4283641663131883,1.3862943611198906,0.3333333333333333,5.0,-0.11487257480621338,-0.12882666289806366,-0.01395408809185028,0,0.09701322325105649
A1T0PWXF7A35SV,calibration,071754c525e820ad3c181f52e059f7abf72ed19124e497fd9b75a5fddffa807f,3.0,67.0,22.333333333333332,34.0,0.6666666666666666,0.6666666666666666,59.0,19.666666666666668,156.0,52.0,0.6853363567649282,0.4777777777777778,251.0,88.0,3.5634357363195694,2.833213344056216,0.0,5.0,-0.8554850816726685,-0.8849916458129883,-0.029506564140319824,0,0.1818462769679513
A3TPHWX6JOMS9H,calibration,07436714dbd6879ceb120c0ee0fe199fadd93f4a221dd478fa8fe23d444fabf1,11.0,246.0,22.363636363636363,33.0,0.9090909090909091,0.7272727272727273,218.0,19.818181818181817,687.0,62.45454545454545,0.6910068579069818,0.2670807453416149,946.0,319.0,2.6615340935112113,1.3862943611198906,0.2727272727272727,5.0,-1.9017887115478516,-1.9782350063323975,-0.0764462947845459,0,0.0914362374879217
A3QFCVR9YO3GK,calibration,0746f20f3455fda260209cfd84cccb27fa08e161aaf0febf0b2b93c9532fb147,5.0,132.0,26.4,33.0,0.8,0.8,116.0,23.2,480.0,96.0,0.5372219434661345,0.36134453781512604,388.0,145.0,3.658932340564398,1.9459101490553132,0.2,5.0,-0.2144145965576172,-2.1555466651916504,-1.9411320686340332,0,0.20472734108133725
A37DH425IEA4RV,calibration,0760ad44ebc65761ec98cbc50984451ec0559123d1044b744d14d5e42735313d,4.0,64.0,16.0,34.0,0.5,0.5,59.0,14.75,150.0,37.5,0.7882860040567952,0.4117647058823529,303.0,118.0,3.3841227146477864,2.3978952727983707,0.0,5.0,-1.933591604232788,-1.9507837295532227,-0.01719212532043457,0,0.17581824902599608
A1RUBF0FK78E5Y,calibration,07668b666057f2518cda6916f1e57a86520d60605bc2a44bdae4b11ac1040db1,20.0,514.0,25.7,34.0,0.8,0.8,454.0,22.7,1582.0,79.1,0.6129115351503911,0.22279792746113988,1545.0,582.0,2.3978909199354757,1.6094379124341003,0.35,5.0,-1.769067406654358,-1.8831905126571655,-0.11412310600280762,0,0.05739921220806978
A30UGEYG2IQ2KD,calibration,076726a0607ddd0a60a06739ec4bc0e4a1342a39b6cd4986b9ab1084285a9434,4.0,99.0,24.75,33.0,0.75,0.75,87.0,21.75,233.0,58.25,0.6877187095310565,0.3510204081632653,315.0,116.0,2.511246778702457,1.6094379124341003,0.25,5.0,-1.4764912128448486,-1.6665937900543213,-0.19010257720947266,0,0.1223003457272161
A3U5MIFKJIU8Z4,calibration,077c654b1cd9e40b0e428017db1cafd8e783b66786bd4dd6862f2994aeb35672,2.0,33.0,16.5,33.0,0.5,0.5,29.0,14.5,36.0,18.0,0.8524590163934427,0.7049180327868853,135.0,59.0,2.7647145437557117,2.4849066497880004,0.0,5.0,-0.7876337766647339,-0.8778117895126343,-0.09017801284790039,0,0.1530588697882236
A2KLDDOEUOLZHU,calibration,077f3c1e7ca4ff33dcc210dbd7cca9c5f774fab28ea347e7c9bf809d882071fe,20.0,394.0,19.7,34.0,0.6,0.6,350.0,17.5,1625.0,81.25,0.6787456508918448,0.1465076660988075,1565.0,583.0,3.0860665523770807,1.6094379124341003,0.25,5.0,-1.289764404296875,-1.230351209640503,0.05941319465637207,1,0.11925507964127625
AD39FLDNEBO1P,calibration,0785893d33bc759c7b916f4e5f8233eb47fe245ab4119b7d7a1c8695ad89ccd0,2.0,66.0,33.0,33.0,1.0,1.0,58.0,29.0,134.0,67.0,0.5739585605234461,0.49142857142857144,172.0,58.0,2.917405368531303,1.791759469228055,0.5,5.0,-1.5075210332870483,-1.806838035583496,-0.29931700229644775,0,0.18496631035373684
A3T7D19KE20INN,calibration,07aa0044f9b0cf16684777cbfd1f612983ae19fcc6493dedaec1efa44a615b9e,2.0,34.0,17.0,34.0,0.5,0.5,30.0,15.0,66.0,33.0,0.7814569536423841,0.5629139072847682,147.0,59.0,4.777319522423429,4.442651256490317,0.0,5.0,-0.7645296454429626,-0.8125613331794739,-0.04803168773651123,0,0.3098339997716702
AJ36J4LKI6M0K,calibration,07b3fc882461293f286e88b505ecc6a0af53a9704d60e50bb05206d35e784063,7.0,168.0,24.0,34.0,0.8571428571428571,0.7142857142857143,148.0,21.142857142857142,627.0,89.57142857142857,0.6022833629628854,0.2986111111111111,555.0,203.0,3.3969389250826416,1.9459101490553132,0.14285714285714285,5.0,-0.1395454853773117,-1.395175576210022,-1.2556301355361938,0,0.159854205523008
A1JI8J1QQBSAHJ,calibration,07bb39ed9cf5f091d6a2605377ecda6e5ebe9dfa23e6563a170b5a191dbb532f,4.0,32.0,8.0,16.0,1.0,0.25,32.0,8.0,32.0,8.0,0.9168853383047757,0.8431372549019608,343.0,117.0,3.5216476439546085,2.833213344056216,0.0,5.0,-1.0171763896942139,-1.0981881618499756,-0.08101177215576172,0,0.17622293014006368
A3JV5RRJRNKN0I,calibration,07d067207e73992050b73463d0e990a6186f04f509207bf146515c6fd1ebc574,3.0,100.0,33.333333333333336,34.0,1.0,1.0,88.0,29.333333333333332,431.0,143.66666666666666,0.3762676176143354,0.3481781376518219,257.0,88.0,2.1930837373367003,2.0794415416798357,0.0,5.0,-0.6736719012260437,-0.6474310159683228,0.026240885257720947,1,0.07920406582391172
A8D8W0Z8E9IOG,calibration,07d20942885503c5c8bc6822a6d91d98f957d5b780ac8136ba9d760e69d315fd,7.0,189.0,27.0,34.0,1.0,0.8571428571428571,169.0,24.142857142857142,493.0,70.42857142857143,0.6068385822086365,0.3706896551724138,599.0,205.0,4.133705007610222,2.772588722239781,0.0,5.0,-0.9767665863037109,-1.4138046503067017,-0.4370380640029907,0,0.1651715123259196
A1E4VBZ1V6QMZ0,calibration,07d275c0911e4f2fb6b662d43ebec2ede0b8480f9f82c219f9f913fb848d023e,3.0,99.0,33.0,33.0,1.0,1.0,87.0,29.0,1041.0,347.0,0.35186793876781924,0.09277238403451996,258.0,87.0,2.7510758818605905,1.0986122886681096,0.3333333333333333,5.0,-1.207020878791809,-1.2752138376235962,-0.06819295883178711,0,0.11033978854832102
A1EOL1UNHCQ2OK,calibration,07eee4600f508811181a2b2590299f16a9af1f19c05b038b29144f74ad9faf51,7.0,96.0,13.714285714285714,34.0,0.42857142857142855,0.42857142857142855,88.0,12.571428571428571,227.0,32.42857142857143,0.8191214909096569,0.3722943722943723,504.0,205.0,2.699299460949214,1.791759469228055,0.42857142857142855,5.0,-1.6172786951065063,-1.509756326675415,0.10752236843109131,1,0.1622835950416844
AJOS4VVM4QIY,calibration,07f0c9d13511781675693bb948203e098073d976c6e3cba51dbedd55681377bd,12.0,243.0,20.25,33.0,0.8333333333333334,0.75,223.0,18.583333333333332,1190.0,99.16666666666667,0.7164565690687784,0.09277238403451996,1005.0,348.0,3.2461908752892117,1.791759469228055,0.08333333333333333,5.0,-0.9772191047668457,-1.151550531387329,-0.1743314266204834,0,0.11969217327289805
A2LIV11R0Q3DP,calibration,080faf7a46fec14069ca65b550c5e695b3afdfea63f4cb029980f15cbb5872bd,4.0,126.0,31.5,33.0,1.0,1.0,114.0,28.5,465.0,116.25,0.48661779082513945,0.26791277258566976,344.0,116.0,2.682080168480362,2.197224577336219,0.0,5.0,-0.11435619741678238,-0.6206353902816772,-0.5062791705131531,0,0.0911185616466382
A3AB8VAUQY88VP,calibration,0811e295bf26a7fb20b2dae2017b2e97a61fb988da9de0bc29d06c90836e8529,7.0,189.0,27.0,33.0,0.8571428571428571,0.8571428571428571,170.0,24.285714285714285,648.0,92.57142857142857,0.6052838943659599,0.20187793427230047,577.0,203.0,2.8240057612335963,1.9459101490553132,0.14285714285714285,5.0,-0.25040024518966675,-0.3654661178588867,-0.11506587266921997,0,0.10233121660047004
A20Z9JJEC628IX,calibration,08124a35b3303a6cb12ffecec4897e89fb6e58548a7ac106a0d704fb87f245fc,2.0,66.0,33.0,33.0,1.0,1.0,58.0,29.0,109.0,54.5,0.6178034563861335,0.5584415584415584,172.0,58.0,2.943052015725078,1.3862943611198906,0.5,5.0,-1.1858763694763184,-1.2486435174942017,-0.0627671480178833,0,0.19990036675845907
AOGRRFDXUJIAT,calibration,08273cb63fd6264d926380d036bfd968cbebd2f8c97f1f678853f4cd271382af,2.0,8.0,4.0,8.0,0.5,0.5,8.0,4.0,8.0,4.0,0.956989247311828,0.9139784946236559,144.0,59.0,4.004515342534865,3.8501476017100584,0.0,5.0,-1.2188208103179932,-1.174595832824707,0.04422497749328613,1,0.21096768733413945
A1116JC9NIIGQJ,calibration,0828598dc82fa7e25613759d81691ea56065e73ae9cb1fd3e2ee6b682bfe2b10,3.0,33.0,11.0,33.0,0.3333333333333333,0.3333333333333333,29.0,9.666666666666666,37.0,12.333333333333334,0.8997289972899729,0.6991869918699187,229.0,87.0,2.320747821422069,1.791759469228055,0.3333333333333333,5.0,-1.084214687347412,-1.4819097518920898,-0.39769506454467773,0,0.1676401436524831
AQHKOA2S7BZ31,calibration,0836d5eeeeb327a42c3f60df2fb313cfad3318f2327e20b847ec24e968d12f6c,5.0,92.0,18.4,33.0,0.6,0.6,87.0,17.4,508.0,101.6,0.7295482017967898,0.16074766355140188,363.0,147.0,3.2335770630921674,2.5649493574615367,0.0,5.0,-1.3238638639450073,-1.7453397512435913,-0.421475887298584,0,0.13592877736666906
A3E7165F02E2VQ,calibration,08391ada086078113aaa537f6726bd5688ed4c7154c8ddd001772d7e24d14a8c,3.0,33.0,11.0,33.0,0.3333333333333333,0.3333333333333333,29.0,9.666666666666666,36.0,12.0,0.9016393442622951,0.7049180327868853,194.0,88.0,2.902494305953123,2.6390573296152584,0.0,5.0,-1.5641106367111206,-1.7603681087493896,-0.19625747203826904,0,0.16723557020029464
A2701UXI8QGRHE,calibration,083f5ad1d167691131de780525e65aaaa067394409f1bc72b3d9d0ee54212d17,9.0,165.0,18.333333333333332,33.0,0.5555555555555556,0.5555555555555556,145.0,16.11111111111111,347.0,38.55555555555556,0.7566016774090072,0.45989304812834225,685.0,262.0,3.4936697498814873,2.9444389791664403,0.0,5.0,-1.1120517253875732,-0.9450718760490417,0.1669798493385315,1,0.13717041888154977
AWHWG5H62624N,calibration,0844fca2c588d5187a123858ad1ec8861d83d2909e11361b62e4aca03b7e0178,2.0,42.0,21.0,33.0,1.0,1.0,38.0,19.0,70.0,35.0,0.7451485857500895,0.5850340136054422,172.0,58.0,2.6020033435383976,1.9459101490553132,0.5,5.0,-1.2457783222198486,-1.0826013088226318,0.1631770133972168,1,0.14511432083662784
A3LJY69XS33PO4,calibration,08505ae1887c8025acc147acc6b4a98e8f8e6e5100fa93189fde0edec8ffac1c,4.0,63.0,15.75,33.0,0.75,0.5,59.0,14.75,63.0,15.75,0.8615254435107377,0.7226890756302521,343.0,117.0,3.3344380344756197,1.9459101490553132,0.25,5.0,-1.1610581874847412,-1.0894148349761963,0.07164335250854492,1,0.20934095030754657
A3F8W37PAWY890,calibration,086d38f7b4343ef8969ab902c96c88116b098c03016a8f082ab18e8945f169cf,3.0,18.0,6.0,18.0,0.3333333333333333,0.3333333333333333,18.0,6.0,18.0,6.0,0.9423076923076922,0.8269230769230769,230.0,89.0,2.4282736375228677,2.197224577336219,0.0,5.0,-1.1345019340515137,-1.049837350845337,0.08466458320617676,1,0.1288417237018053
A2MRH36J6P1IQH,calibration,0875d9bab9e37c6147ac397993b8c91200cb11d0d123accdbe6b54e6f137b418,3.0,89.0,29.666666666666668,33.0,1.0,1.0,81.0,27.0,201.0,67.0,0.590138232203835,0.4521276595744681,255.0,87.0,2.6210889080031907,1.6094379124341003,0.3333333333333333,5.0,-1.6056588888168335,-1.6466354131698608,-0.040976524353027344,0,0.13148002469826575
A1N6ZRN613GAZC,calibration,087948c91072ad936b5909ed1a12e863b1f846fc1908847d1397b8a3b5e288b7,4.0,76.0,19.0,34.0,0.75,0.75,68.0,17.0,240.0,60.0,0.6873056011744799,0.4117647058823529,327.0,117.0,2.897645177383958,1.0986122886681096,0.25,5.0,-2.5288877487182617,-2.6759605407714844,-0.14707279205322266,0,0.16286812488686558
A1XDPR5LU217BJ,calibration,088830f4144f1216b3372787b3d85af468a203deeba45458a3db7816c61eba03,2.0,0.0,0.0,0.0,0.0,0.0,0.0,0.0,0.0,0.0,1.0,1.0,154.0,58.0,2.4260151319598084,2.0794415416798357,0.0,5.0,-1.4888272285461426,-1.5546265840530396,-0.06579935550689697,0,0.15808921937657416
A1UOBB4DO4WB4S,calibration,08a3041f821ad44644781d06e64b75bf89e531ead17566eed53a23fc2f0c274c,3.0,66.0,22.0,33.0,0.6666666666666666,0.6666666666666666,58.0,19.333333333333332,193.0,64.33333333333333,0.6532542448888073,0.41545893719806765,241.0,87.0,3.4796425790220127,2.5649493574615367,0.0,5.0,-0.9508140683174133,-1.5479737520217896,-0.5971596837043762,0,0.17628224044264487
A1DCAY310FQ2HC,calibration,08a7b344d903401307fcb3801831e9a413d7608cab9ad8da5e6aeb81639fde50,3.0,66.0,22.0,33.0,0.6666666666666666,0.6666666666666666,58.0,19.333333333333332,119.0,39.666666666666664,0.7379312574772853,0.5088757396449705,244.0,87.0,2.1930837373367003,1.791759469228055,0.3333333333333333,5.0,-2.129011392593384,-2.1050000190734863,0.02401137351989746,1,0.12510912400109875
A399N0Z4Y0RM5T,calibration,08a967bf9a74b9e168fc8e14b6fd2dbf8884662e4f3b158002532c597360d251,5.0,127.0,25.4,33.0,0.8,0.8,115.0,23.0,239.0,47.8,0.682046034741065,0.5149700598802395,391.0,145.0,3.4869951246387707,1.3862943611198906,0.2,5.0,-0.24154599010944366,-0.29587963223457336,-0.0543336421251297,0,0.19307678337520867
A19284DX9QYBYI,calibration,08b5e51fcc7bead0a42f359a2247d789587d3de4247785f024553e8aad385833,3.0,61.0,20.333333333333332,34.0,0.6666666666666666,0.6666666666666666,57.0,19.0,102.0,34.0,0.7641039823008849,0.53125,236.0,88.0,1.7661057888493454,1.6094379124341003,0.6666666666666666,5.0,-0.8868328928947449,-0.859340250492096,0.027492642402648926,1,0.12788610976814865
A3A5A8EMLBRATX,calibration,08c555fa2e06876b9ff116f8b88e0689c942f90ed246939476019e846b7eedae,2.0,34.0,17.0,34.0,0.5,0.5,30.0,15.0,107.0,53.5,0.7213541666666666,0.4427083333333333,139.0,59.0,1.7776740307447068,1.6094379124341003,1.0,5.0,-0.2283048927783966,-0.2681646943092346,-0.03985980153083801,0,0.1802622613639116
AWBFXGLVVY7FS,calibration,08e40548cb6b7e4d2c5ad62811467da35dc37451525b1ecf0cac0a5f00ab1ebd,4.0,99.0,24.75,33.0,0.75,0.75,87.0,21.75,700.0,175.0,0.503542582078357,0.15711645101663585,311.0,116.0,2.073512410025507,1.3862943611198906,0.5,5.0,-1.1985725164413452,-1.0993598699569702,0.099212646484375,1,0.11608964765554781
A2BJTZ5JZHAJ9B,calibration,08f1629ed0391cf370c0ba76372a024ba41e887a83aad9bac64edc86fd58c153,3.0,66.0,22.0,33.0,1.0,0.6666666666666666,62.0,20.666666666666668,187.0,62.333333333333336,0.685924747766853,0.35833333333333334,258.0,87.0,1.9012608248854004,1.6094379124341003,0.6666666666666666,5.0,-1.7556612491607666,-1.8445498943328857,-0.08888864517211914,0,0.11830847647825957
A1FJ4UDDYALI3R,calibration,09016621f0e32381fc0f5e2bba8d130133ec25dfba3fe1431ea65f7886e49e70,6.0,146.0,24.333333333333332,33.0,0.8333333333333334,0.8333333333333334,130.0,21.666666666666668,705.0,117.5,0.5829044113443463,0.1853448275862069,480.0,174.0,2.640668387069089,2.0794415416798357,0.0,5.0,-1.3218867778778076,-1.6313517093658447,-0.3094649314880371,0,0.09288373310346913
A2T3NM0FY01QS2,calibration,0909912c95ab0385a29e275160913241038d9164037850250423409eacc5b9e0,2.0,66.0,33.0,33.0,1.0,1.0,58.0,29.0,150.0,75.0,0.5354836214564722,0.5088757396449705,172.0,58.0,3.1567740231385475,2.0794415416798357,0.0,5.0,-1.4115755558013916,-1.4766610860824585,-0.0650855302810669,0,0.14877699860036223
A1UINGIK3UG77D,calibration,090f751d16abbe91b1ccaccabac1868c7b0a88d19463aea6f442f495f12e7a59,10.0,206.0,20.6,34.0,0.7,0.6,182.0,18.2,880.0,88.0,0.6695808418951915,0.17525773195876287,784.0,293.0,3.4323057436048616,2.3978952727983707,0.0,5.0,-0.43423834443092346,-0.5775321125984192,-0.14329376816749573,0,0.13853122352768557
A2RJAM98U9KA38,calibration,09102f672b7d84141a662e30c0ac006e1ab5bdc8f0299e63f191ea90ae230256,4.0,99.0,24.75,33.0,1.0,1.0,91.0,22.75,272.0,68.0,0.6468188872507177,0.3231939163498099,343.0,116.0,2.3553123464055123,1.9459101490553132,0.75,5.0,-0.35499662160873413,-0.3123103976249695,0.04268622398376465,1,0.1255388826967102
A1SKZYT31006MW,calibration,092365396ab04b0ce0a74d8a1510996cf9846f2fbe760bc8824257e599b17d8d,2.0,33.0,16.5,33.0,0.5,0.5,29.0,14.5,102.0,51.0,0.7287234042553191,0.4574468085106383,132.0,58.0,3.1383217446708223,2.6390573296152584,0.0,5.0,-2.307062864303589,-2.5617504119873047,-0.2546875476837158,0,0.16847175638863954
A3TYHCLAT5GXFD,calibration,09266653aced58d7f9f7b263ce8163e60012531023378b926448702b98423825,2.0,36.0,18.0,33.0,1.0,0.5,32.0,16.0,55.0,27.5,0.7947402703142811,0.6231884057971014,172.0,58.0,2.687639203842082,2.197224577336219,0.0,5.0,-0.8887115716934204,-1.3629192113876343,-0.47420763969421387,0,0.13082780106943329
A68L7AYW2VU4M,calibration,092dde67cb209924a8f968c515e5ae0c7caee551d2d9c8008b8c10d8cb20ad77,4.0,85.0,21.25,33.0,1.0,1.0,81.0,20.25,196.0,49.0,0.7203525599224976,0.3739130434782609,343.0,117.0,2.988777039003389,1.9459101490553132,0.25,5.0,-0.6095272302627563,-1.2366509437561035,-0.6271237134933472,0,0.12393381379703083
A2HUTSNDG7DI3W,calibration,094c051276a55c6f5647b1557b9e7a9bd5a4dbc2dceb3ba70713c2f0ffa58b00,2.0,8.0,4.0,8.0,0.5,0.5,8.0,4.0,8.0,4.0,0.9574468085106382,0.9148936170212766,136.0,58.0,3.036522267050202,2.6390573296152584,0.0,5.0,-1.4463311433792114,-1.4731565713882446,-0.026825428009033203,0,0.14976698524446067
A3DGWKQFZ11K9P,calibration,094e9c4082ba588f314c56badf1c325c664ddc11eec88bd440f814858bb0a51d,4.0,59.0,14.75,33.0,0.75,0.75,55.0,13.75,144.0,36.0,0.7892005746204603,0.4187192118226601,338.0,116.0,2.89537956410896,1.9459101490553132,0.25,5.0,-0.7601000070571899,-1.2585303783416748,-0.49843037128448486,0,0.14032947419545594
A2WJ1XBJUZVKH3,calibration,095030b1efdcc64b311a7e9e6f059c92530a6fa9b4f9890f02fb7936f86a26ea,2.0,45.0,22.5,33.0,1.0,1.0,41.0,20.5,57.0,28.5,0.7670197850132419,0.6564885496183206,172.0,58.0,3.4667115128653574,2.8903717578961645,0.0,5.0,-1.4572439193725586,-1.4286025762557983,0.028641343116760254,1,0.15149135445736864
A1VGK3COVO5R0U,calibration,095aaf6d514b5d56de73ae7d88f7ad5c76b66a4aca0a16b9f1e588903a96f7b7,3.0,62.0,20.666666666666668,33.0,0.6666666666666666,0.6666666666666666,58.0,19.333333333333332,189.0,63.0,0.6991398609638271,0.34959349593495936,236.0,87.0,3.090353035670296,3.044522437723423,0.0,5.0,-0.3930780589580536,-1.5998492240905762,-1.2067711353302002,0,0.1301081653616732
A2HIBW97PNFIRU,calibration,095c2ab7eae7e486fe250b1adf6aeeffa4da0a792b3225d060791b6579388b5a,4.0,106.0,26.5,34.0,1.0,1.0,98.0,24.5,338.0,84.5,0.589710078262598,0.35537190082644626,343.0,117.0,3.1203003129775837,2.8903717578961645,0.0,5.0,-1.031850814819336,-1.4327131509780884,-0.40086233615875244,0,0.1057894372313719
AUFE38E0RB736,calibration,096cca8b34263d522c1d45f680d7ecc4fe4cdfe053706c104adee9ff78c0e2cc,3.0,70.0,23.333333333333332,28.0,1.0,1.0,70.0,23.333333333333332,70.0,23.333333333333332,0.7872875334754331,0.7543859649122807,258.0,87.0,2.6291946772200934,1.791759469228055,0.3333333333333333,5.0,-0.40783849358558655,-0.30388203263282776,0.10395646095275879,1,0.1300117957486407
A2RDXDAPU65UJY,calibration,09772637485d04c9b50d7f984be8fd39ba0f1b6e82723e0c3f39d6daecb9aa0d,2.0,66.0,33.0,33.0,1.0,1.0,58.0,29.0,429.0,214.5,0.3254510921177588,0.20987654320987653,171.0,58.0,3.737669618283368,3.737669618283368,0.0,5.0,-0.5945268869400024,-3.654892683029175,-3.060365676879883,0,0.130363021735277
A1AOMEDZIDXGTB,calibration,098ae8cf380cb0e411b5349210bf7e68a94426494f83065336847ba9f7873b37,3.0,69.0,23.0,33.0,1.0,0.6666666666666666,61.0,20.333333333333332,515.0,171.66666666666666,0.5634474022792214,0.16195856873822975,258.0,87.0,3.1066970786451003,1.791759469228055,0.3333333333333333,5.0,-1.401522159576416,-1.5570204257965088,-0.15549826622009277,0,0.15456528724011245
A2Z2FATA8JNL54,calibration,099a12ffa2a3223c0f58d533dd6fa185e79e747a71069db94b620495ed54b1ff,20.0,447.0,22.35,34.0,0.7,0.7,399.0,19.95,2131.0,106.55,0.6240179940095057,0.09587513935340022,1546.0,582.0,3.400259639228782,2.197224577336219,0.0,5.0,-0.8265963792800903,-1.281437635421753,-0.4548412561416626,0,0.12033627192446648
A2E19FQFPK9VWT,calibration,09b7ea97797ac1669253b79d9952a1bf6d7d067b01468e602b0b890985d265c4,4.0,58.0,14.5,33.0,0.75,0.5,54.0,13.5,101.0,25.25,0.8206296143124101,0.5308641975308642,321.0,116.0,2.1018445813522577,1.6094379124341003,0.5,5.0,-1.556615948677063,-1.6904007196426392,-0.13378477096557617,0,0.13185199743565226
ASSJWXLNP773X,calibration,09ba3da182208ea19283ca4ed3ba17d2479f73f6d5b379fa08df39bdd1d198a4,2.0,33.0,16.5,33.0,0.5,0.5,29.0,14.5,121.0,60.5,0.7077294685990339,0.41545893719806765,157.0,59.0,1.994492023282137,1.791759469228055,0.5,5.0,-1.1505038738250732,-1.5698864459991455,-0.41938257217407227,0,0.13900576526274463
A3BGEGEY2QE3SM,calibration,0a00ab3b0c234b4f82c231e2ea326ff125c47ec6fdee516dd5f3b99c33b47266,2.0,66.0,33.0,33.0,1.0,1.0,58.0,29.0,286.0,143.0,0.38166666666666665,0.3333333333333333,172.0,58.0,3.838931750339105,3.295836866004329,0.0,5.0,-1.2298338413238525,-1.3879114389419556,-0.15807759761810303,0,0.1662356125413636
A3GH7JFDZIE9Y3,calibration,0a021e15a22197f2880016ca668f7c294948c5ba6db17a1afa5973e12f292bf1,7.0,139.0,19.857142857142858,34.0,0.7142857142857143,0.7142857142857143,126.0,18.0,407.0,58.142857142857146,0.7196920342551164,0.303886925795053,531.0,204.0,3.2001151076804537,2.0794415416798357,0.0,5.0,-1.1155060529708862,-1.2962390184402466,-0.18073296546936035,0,0.12540886859778494
A1F251BGO6LFEL,calibration,0a1f32399a738f71b140b9f6920b126815536b9b8a7ab6cfd93f29d348d988df,3.0,99.0,33.0,33.0,1.0,1.0,87.0,29.0,260.0,86.66666666666667,0.5107397092934479,0.40375586854460094,258.0,87.0,2.7510758818605905,1.791759469228055,0.3333333333333333,5.0,-1.1739996671676636,-1.3102881908416748,-0.13628852367401123,0,0.13943818051537735
A9CBIYEOIRAXZ,calibration,0a2cd75c9886b4a1f3e317989f280f591cca14722616ea4824c2ca2cb5251ea0,12.0,158.0,13.166666666666666,33.0,0.5833333333333334,0.5,142.0,11.833333333333334,479.0,39.916666666666664,0.8147865716218559,0.23822714681440443,904.0,348.0,3.543178508789735,2.70805020110221,0.0,5.0,-1.3205914497375488,-1.3390393257141113,-0.0184478759765625,0,0.13127628363430696
A1XVZNYAGCU33V,calibration,0a2d2b55b18d363828ba6d894915694dbd808aa0d09d7174f9f5ed29f9b62429,3.0,105.0,35.0,36.0,1.0,1.0,93.0,31.0,443.0,147.66666666666666,0.3598523807234453,0.3562231759656652,249.0,93.0,1.7661057888493454,1.3862943611198906,0.6666666666666666,5.0,-0.04716813936829567,-0.9866346716880798,-0.9394665360450745,0,0.1111836263285786
A3FYR9BMM4ADK1,calibration,0a503d24161488d804acdf18537a7a26c89030e80cbb47bac35064351fb3247b,4.0,99.0,24.75,33.0,0.75,0.75,87.0,21.75,241.0,60.25,0.6492722253591819,0.41545893719806765,325.0,116.0,3.4733492741553365,2.995732273553991,0.0,5.0,-1.6850227117538452,-1.6345503330230713,0.050472378730773926,1,0.15159846058024445
A3N3ICEXGHZSIA,calibration,0a6c149ab1f4940574f736d1a10d35ad9ce6637e714b1f5a9528d5a8d80e55b8,3.0,76.0,25.333333333333332,33.0,1.0,1.0,68.0,22.666666666666668,561.0,187.0,0.47291100178472983,0.1829787234042553,258.0,87.0,1.9526443848278197,0.6931471805599453,0.6666666666666666,5.0,-0.22063128650188446,-0.3552298843860626,-0.13459859788417816,0,0.10765926305898185
A3FFNUD5PGO1HQ,calibration,0a73cab23d3de96a397748a1dfa6ab6b502bf02f27648f705059aadfeac12809,3.0,77.0,25.666666666666668,33.0,1.0,1.0,73.0,24.333333333333332,195.0,65.0,0.6525498060308187,0.3628691983122363,258.0,87.0,2.1930837373367003,1.791759469228055,0.3333333333333333,5.0,-0.8271186947822571,-0.8596393465995789,-0.03252065181732178,0,0.09460861918295449
A1OX8QMNC2Y5Z,calibration,0a73ec60b3be3d7c5e62d3918c538c5cef609122b62031016c3c782a07f3b854,4.0,132.0,33.0,33.0,1.0,1.0,116.0,29.0,347.0,86.75,0.5501081475174504,0.3788546255506608,344.0,116.0,2.4032838128821172,2.0794415416798357,0.0,5.0,-0.6236132979393005,-0.6491266489028931,-0.02551335096359253,0,0.08071825147754147
A1FDTHCGRZMBA1,calibration,0a7716214e9d4827ef3ed0f80df91f106f0a343d3c1b05ab25b0296c83429de1,6.0,133.0,22.166666666666668,34.0,0.6666666666666666,0.6666666666666666,117.0,19.5,302.0,50.333333333333336,0.7073745823859103,0.37554585152838427,450.0,175.0,2.7538264963387658,1.9459101490553132,0.16666666666666666,5.0,-1.2183306217193604,-1.3239041566848755,-0.10557353496551514,0,0.12288711550071653
AYC3Y4QX7GATV,calibration,0a96e19e90f0e4edd9aa7d3bd62dac528a819fd66db79599241cd15459ae2742,3.0,72.0,24.0,33.0,1.0,1.0,68.0,22.666666666666668,101.0,33.666666666666664,0.7392083642083643,0.581081081081081,258.0,87.0,3.7202136231109293,3.295836866004329,0.0,5.0,-1.1719509363174438,-1.6687806844711304,-0.4968297481536865,0,0.15129909378629372
AFZM9FF9YRXLA,calibration,0a9e61fe7bc4023799dbc38f5acd976c21c0d857705937c778c55c3f5d55cb0d,15.0,236.0,15.733333333333333,33.0,0.6666666666666666,0.5333333333333333,212.0,14.133333333333333,498.0,33.2,0.7957300815092003,0.39090909090909093,1196.0,437.0,2.959902136816303,1.3862943611198906,0.13333333333333333,5.0,-0.12180087715387344,-1.104373574256897,-0.9825726747512817,0,0.09798214792210479
AZHEE7WHMF9X5,calibration,0ab18c7c7c70d53f0736ed3b1d8d97fd1e051fe6028f52104eb6c9fc0a7952f2,4.0,101.0,25.25,33.0,1.0,1.0,93.0,23.25,550.0,137.5,0.5705910587723394,0.17479674796747968,344.0,116.0,2.7221767884622867,2.4849066497880004,0.0,5.0,-1.463491678237915,-2.3830411434173584,-0.9195494651794434,0,0.08218616442989707
A28WUG91KUSML5,calibration,0ab32ba4c3a219f0d9bf1c6963b36349977f6f94c78c324d1e676c2f6d116512,3.0,66.0,22.0,33.0,0.6666666666666666,0.6666666666666666,58.0,19.333333333333332,767.0,255.66666666666666,0.5103695324283559,0.11764705882352941,212.0,88.0,3.589901765925281,1.9459101490553132,0.3333333333333333,5.0,-0.7291790246963501,-0.6551684141159058,0.07401061058044434,1,0.19750274231555762
A3TAEN38FM97CE,calibration,0ab98feab04ae70ba2cb6643a3eab995c08de78528229daf7346b66a5f727e41,5.0,99.0,19.8,33.0,0.6,0.6,87.0,17.4,225.0,45.0,0.7395495495495495,0.4,402.0,145.0,2.8261926854722823,1.9459101490553132,0.2,5.0,-1.7463197708129883,-1.7726997137069702,-0.026379942893981934,0,0.14186393341280074
AGHIUO1B3IF8H,calibration,0ada3fb9be8442698aed8abd983c4097c02f3b12baae81c0edd61991f83aeef4,20.0,327.0,16.35,34.0,0.55,0.5,291.0,14.55,1428.0,71.4,0.7220513102103165,0.215,1466.0,584.0,3.5317472582559453,2.70805020110221,0.0,5.0,-1.1660101413726807,-1.3601295948028564,-0.19411945343017578,0,0.13140637114454323
A30GTZH70APRZQ,calibration,0adb284de56ee6b1ddd14948ec08176ce0d5cb3974650a0b02377d925e69f0ec,3.0,76.0,25.333333333333332,33.0,1.0,1.0,72.0,24.0,406.0,135.33333333333334,0.5970623659933237,0.1915367483296214,257.0,88.0,2.9001714161810916,2.5649493574615367,0.0,5.0,-0.39407896995544434,-0.9512752294540405,-0.5571962594985962,0,0.08969927104215326
AF3SQA935XGIK,calibration,0adc0de5db581bf69285b0017f1ecb1998d874eef9d1b71072a0fbe192f9a768,2.0,45.0,22.5,30.0,1.0,1.0,44.0,22.0,45.0,22.5,0.7964322294298396,0.7413793103448276,172.0,58.0,3.1354942159291497,3.1354942159291497,0.0,5.0,-0.5616089701652527,-0.9980747103691101,-0.4364657402038574,0,0.12537950795977054
A71W7G4TCTH3T,calibration,0aecb0bd87c2065f2545abe85a6d1a50770b41036cb40ac1997b9f09d709e610,9.0,268.0,29.77777777777778,35.0,0.8888888888888888,0.8888888888888888,236.0,26.22222222222222,901.0,100.11111111111111,0.541484497447755,0.28135593220338984,736.0,265.0,3.470327389720342,3.1354942159291497,0.0,5.0,-0.7765684723854065,-1.7336270809173584,-0.9570586085319519,0,0.10900814394401045
AVTG6W5FLI620,calibration,0af94f2ab12fe3728083bf0cbf91c43e59b61d48c3c9babc8e4ff0d184e8514d,3.0,95.0,31.666666666666668,33.0,1.0,1.0,87.0,29.0,197.0,65.66666666666667,0.5988953960289499,0.4187192118226601,256.0,87.0,3.468087613482872,2.70805020110221,0.0,5.0,-0.8674913644790649,-1.6683683395385742,-0.8008769750595093,0,0.14263782710413417
A2BQLLMPGCWV7K,calibration,0b0ef24beafe07b3328de5ba12288660d8337e7c1b8d49eda8eaafe4aeda3381,2.0,63.0,31.5,33.0,1.0,1.0,59.0,29.5,104.0,52.0,0.636860814875581,0.5345911949685535,170.0,59.0,2.2769384458002704,1.6094379124341003,0.5,5.0,-1.775671362876892,-2.1882872581481934,-0.41261589527130127,0,0.13674303197608143
A1YXM0VXF9UIC3,calibration,0b27c4f88a9e12ff2ca6551b59bfd268f83c21fdc763d1acf062247caa1eebe1,2.0,65.0,32.5,33.0,1.0,1.0,58.0,29.0,102.0,51.0,0.6388888888888888,0.5512820512820513,171.0,58.0,2.943052015725078,2.70805020110221,0.0,5.0,-0.8419519662857056,-1.1965335607528687,-0.3545815944671631,0,0.12342427835874123
A3M5XCJDFIV21A,calibration,0b33848e0c91b20eab30ab025d53b00f50aea6a56d974bdbc8c85180e9b65e0c,2.0,62.0,31.0,33.0,1.0,1.0,58.0,29.0,102.0,51.0,0.6432472691161867,0.5408805031446541,171.0,59.0,3.3160008886978147,3.1354942159291497,0.0,5.0,-1.2671029567718506,-1.1621652841567993,0.10493767261505127,1,0.1409462013600906
A1RXASB0XM536I,calibration,0b46c866bcc3bc97cff4040210008d01fa90f2a3a490f3dce0eef088c5342fd4,12.0,347.0,28.916666666666668,34.0,0.9166666666666666,0.9166666666666666,309.0,25.75,1146.0,95.5,0.5838771025874774,0.1574074074074074,1015.0,349.0,3.112973255523624,1.9459101490553132,0.08333333333333333,5.0,-1.490753412246704,-1.7032464742660522,-0.21249306201934814,0,0.0857813760803678
AAO899GUBI3DK,calibration,0b48dd915ead563e640283b63630959fc7bf88c3884c861c4cca81b123573b8c,5.0,133.0,26.6,34.0,0.8,0.8,118.0,23.6,307.0,61.4,0.6490295811276169,0.36637931034482757,409.0,147.0,3.2233877964549875,2.4849066497880004,0.0,5.0,-0.9987184405326843,-1.408529281616211,-0.4098108410835266,0,0.1265097666094224
A2Y6NYY11EODRU,calibration,0b5fcfc91ffe6b3aba2dcc788c4ff7df0ac77afd5006282266aabb7369e235e9,2.0,45.0,22.5,33.0,1.0,1.0,41.0,20.5,116.0,58.0,0.6657097288676236,0.45263157894736844,173.0,57.0,1.5890269151739727,1.3862943611198906,1.0,5.0,-1.456365704536438,-1.3164870738983154,0.13987863063812256,1,0.12239951608858014
A3EUOLR9ED95Z7,calibration,0b66e7187f56adff044951683e5eed7e72d3dd2a5ae6ee9a0b8ef2506f311a3a,2.0,67.0,33.5,34.0,1.0,1.0,59.0,29.5,224.0,112.0,0.45768646183910544,0.3524590163934426,171.0,59.0,4.518885553312453,4.442651256490317,0.0,5.0,-1.485176682472229,-1.5239951610565186,-0.03881847858428955,0,0.21001681935164476
A2AYYKD4OODSLY,calibration,0b72e5d2a173c6519c0854f81e96179c38273e5b7fbdc06fbd60b6cbf01cc98d,20.0,500.0,25.0,35.0,0.75,0.75,441.0,22.05,2502.0,125.1,0.5900915840127133,0.1048780487804878,1596.0,587.0,3.6258175662719685,2.70805020110221,0.0,5.0,-0.789807915687561,-2.4063642024993896,-1.6165562868118286,0,0.13366647145465269
A14LAON0CPKL2A,calibration,0b7cb8802572e02b336176c64baaecd8a2ad1787f8ddf5b8a672620a683aae0a,4.0,125.0,31.25,33.0,1.0,1.0,113.0,28.25,286.0,71.5,0.5695221203903876,0.450261780104712,343.0,116.0,2.500062805242109,2.0794415416798357,0.0,5.0,-1.536210060119629,-2.603175640106201,-1.0669655799865723,0,0.08709676723374851
A1FKT49W9YCSTW,calibration,0b7e5bcb1419399575600cf421599d288bf4da794017ea47c3541f54f35e0279,4.0,7.0,1.75,7.0,0.25,0.0,7.0,1.75,7.0,1.75,0.9811827956989247,0.9247311827956989,308.0,116.0,3.111665777612026,1.791759469228055,0.25,5.0,-0.9718693494796753,-0.9949374198913574,-0.02306807041168213,0,0.24456926105411453
A2LSCHJ1T1OUSI,calibration,0b953ab5391110b30413e8a0c96f24b4ab28a136838959aab0e79d18c3b02b0e,2.0,66.0,33.0,33.0,1.0,1.0,58.0,29.0,151.0,75.5,0.5388345747982619,0.48044692737430167,172.0,58.0,2.756714373082491,2.0794415416798357,0.0,5.0,-0.7900928258895874,-1.5437532663345337,-0.7536604404449463,0,0.11909139206633924
A4H2TDIDRHU2Z,calibration,0b9fff03047bc886c91d930f9656c1d43db2c390c7375b8f12bc4b440f9d7e53,2.0,44.0,22.0,33.0,1.0,1.0,40.0,20.0,437.0,218.5,0.526469223475296,0.16634050880626222,171.0,58.0,2.350240182896208,2.3025850929940455,0.0,5.0,-0.926322340965271,-0.8854910135269165,0.04083132743835449,1,0.05922785107076489
A1WIZIN7SANTTH,calibration,0bcfec488f19b3fa7c80245b73a2c4b5b42ac4ba4511de9a6a7c16c5da1da3ea,3.0,62.0,20.666666666666668,33.0,0.6666666666666666,0.6666666666666666,58.0,19.333333333333332,62.0,20.666666666666668,0.8235050541955914,0.7226890756302521,230.0,87.0,3.8147608440825214,3.6375861597263857,0.0,5.0,-1.5999550819396973,-1.4048620462417603,0.195093035697937,1,0.1959793576002581
A2J6LVPWDFMIIZ,calibration,0bd11919dbe6be82c13f9a0e809050574220c609d95e01460df15c7239bee4fd,12.0,311.0,25.916666666666668,34.0,0.9166666666666666,0.8333333333333334,280.0,23.333333333333332,570.0,47.5,0.7098802282042705,0.28104575163398693,994.0,352.0,2.623699804209074,1.3862943611198906,0.25,5.0,-0.5819007158279419,-1.0227198600769043,-0.4408191442489624,0,0.06687578554274855
A1D7VWS3DWS7X8,calibration,0bd4c71e8047cf46f164fdac30114c51540d8e34c0e5a1b5eaf681780d0f7de2,4.0,67.0,16.75,34.0,0.5,0.5,59.0,14.75,213.0,53.25,0.7371879959601788,0.35564853556485354,279.0,117.0,3.214599457892466,2.3025850929940455,0.0,5.0,-0.44840532541275024,-0.9310991168022156,-0.48269379138946533,0,0.16493336831683036
A2Q2A6JKY95RTP,calibration,0bdd3dabb1874a8899448a816bacefe8b6999c32afd6f16fe5c5baab5b6bdf42,8.0,202.0,25.25,33.0,0.875,0.75,178.0,22.25,483.0,60.375,0.6388837883790627,0.450261780104712,652.0,232.0,3.050993059999467,2.3025850929940455,0.0,5.0,-0.6283962726593018,-1.5453214645385742,-0.9169251918792725,0,0.1035963739910792
A4G0OC68P7DAE,calibration,0becb0f4bfc97e1db27348f0e71ff94a00b05422765dc317e348372dab8b63ee,7.0,159.0,22.714285714285715,33.0,0.8571428571428571,0.8571428571428571,143.0,20.428571428571427,762.0,108.85714285714286,0.6313968570350427,0.1524822695035461,572.0,205.0,2.77973044738073,2.0794415416798357,0.0,5.0,-1.8096859455108643,-2.041750431060791,-0.23206448554992676,0,0.0929390877355474
ADY8F6UYX2YAX,calibration,0bf486e327e00755811f3e28fbc5584dfcfef59c3a580e79c6c0f80fb9bd0a70,3.0,73.0,24.333333333333332,33.0,1.0,1.0,68.0,22.666666666666668,202.0,67.33333333333333,0.6609634486661594,0.3467741935483871,257.0,87.0,2.217621009784449,1.6094379124341003,0.6666666666666666,5.0,-1.5911128520965576,-1.6021610498428345,-0.011048197746276855,0,0.12110015879811609
A24PIR3Q8QGVMB,calibration,0c00963647efc6f0ba71d7f7115b926743347bf3ce7dd4b03da81c2237a3dbe3,3.0,66.0,22.0,33.0,0.6666666666666666,0.6666666666666666,58.0,19.333333333333332,391.0,130.33333333333334,0.5507588182405537,0.24079320113314448,221.0,88.0,4.1061336101678645,3.6109179126442243,0.0,5.0,-1.2981598377227783,-1.6287155151367188,-0.33055567741394043,0,0.19967861227457606
A2QSGQAWZ11J2,calibration,0c07c4926a89b9974fd52b718730e554bf0faf14bd5cdebc8a710e7b091993ae,2.0,0.0,0.0,0.0,0.0,0.0,0.0,0.0,0.0,0.0,1.0,1.0,167.0,58.0,2.389561746555765,1.9459101490553132,0.5,5.0,-1.9995826482772827,-2.0552964210510254,-0.055713772773742676,0,0.2142942896326769
A2H4KS3K0ZSF2V,calibration,0c29bbe07df9055b64ff8d351f582d4650f4ca9a27675be30e7a58ea3aa59874,2.0,66.0,33.0,33.0,1.0,1.0,58.0,29.0,155.0,77.5,0.5680753070458953,0.41346153846153844,172.0,58.0,3.598343285417175,2.70805020110221,0.0,5.0,-1.1886005401611328,-1.2558271884918213,-0.06722664833068848,0,0.16397206256028204
A3SMV35531YME,calibration,0c2af810c56f986307533bdf9d4156e5bc206e97646a9cc86f558e14db40c0ad,10.0,99.0,9.9,33.0,0.3,0.3,87.0,8.7,343.0,34.3,0.831878156454905,0.3524590163934426,673.0,291.0,3.3366578959823654,2.0794415416798357,0.0,5.0,-0.3128092288970947,-0.28544434905052185,0.027364879846572876,1,0.17589781819171624
A2V1S8KZM8NCWK,calibration,0c2fc2ed76b6e54aa0bfc0a217e9ecd8736b0de0acdbc48e3254285428d4e578,7.0,165.0,23.571428571428573,33.0,0.7142857142857143,0.7142857142857143,145.0,20.714285714285715,955.0,136.42857142857142,0.5146055403481252,0.2765273311897106,509.0,204.0,3.5512117854333605,2.197224577336219,0.0,5.0,-0.4955180287361145,-0.6733128428459167,-0.17779481410980225,0,0.18101826636692547
AH7LO6OZCLOWD,calibration,0c5bba33fcf4021dd8abd004afa0befe66165990f4e34ab01b6ffece2d269cc1,3.0,66.0,22.0,33.0,0.6666666666666666,0.6666666666666666,58.0,19.333333333333332,154.0,51.333333333333336,0.7127160042761066,0.41545893719806765,237.0,87.0,2.777756784418436,2.5649493574615367,0.0,5.0,-2.0787649154663086,-2.0790510177612305,-0.000286102294921875,0,0.12064956254687371
A1J07GR63HTOC0,calibration,0ca70cde0247d5e7088b9dcc28e0e8b91558bd03c7cf7c58acfab024403cc073,3.0,34.0,11.333333333333334,33.0,0.6666666666666666,0.3333333333333333,30.0,10.0,213.0,71.0,0.7590321170510942,0.28859060402684567,237.0,87.0,2.709724998970598,2.0794415416798357,0.0,5.0,-1.2621804475784302,-1.321656346321106,-0.05947589874267578,0,0.12774255492156292
A2VFCSY7WSD0KU,calibration,0cb7ff0329e2d9d9e0746528d14291340ff55fe512ed3c3f7bac1dd617a0dc1e,2.0,66.0,33.0,33.0,1.0,1.0,58.0,29.0,171.0,85.5,0.5201368317111017,0.4215686274509804,172.0,58.0,2.1242476210246792,1.9459101490553132,0.5,5.0,-1.058193325996399,-1.077523112297058,-0.01932978630065918,0,0.11752077372328454
A1ITPW3I1F436D,calibration,0cbbfdbd04c361d8f51280b18d7643d42d3c182641786cbad8c8157694d4a434,13.0,277.0,21.307692307692307,33.0,0.7692307692307693,0.6923076923076923,249.0,19.153846153846153,792.0,60.92307692307692,0.683240399541288,0.2819672131147541,1081.0,377.0,2.708968546253173,1.6094379124341003,0.3076923076923077,5.0,-0.7365127801895142,-1.3387237787246704,-0.6022109985351562,0,0.09340769587174617
A122UK9IT8QSRE,calibration,0ce6573817027648629cebda23630a16bff3e94a1929badb34c4fc5d46e52e45,8.0,89.0,11.125,34.0,0.375,0.375,81.0,10.125,267.0,33.375,0.8407444743130227,0.3046594982078853,523.0,234.0,3.2165398549849993,1.9459101490553132,0.125,5.0,-0.7161216139793396,-0.6950327157974243,0.021088898181915283,1,0.1741593957929987
A1N2Q04V13T2KR,calibration,0cea0ebad53f6c1a1b9dfd37957e777add3158b4a4027bbc98a471925e577204,3.0,66.0,22.0,33.0,0.6666666666666666,0.6666666666666666,58.0,19.333333333333332,82.0,27.333333333333332,0.7852251804960798,0.6564885496183206,253.0,87.0,2.5454232011264577,1.9459101490553132,0.3333333333333333,5.0,-1.6297286748886108,-1.5926166772842407,0.03711199760437012,1,0.15317181184000467
AO3AWJPJTDHIE,calibration,0d0c59d6cd99ec7ca3b3a8e68d331c60f1726182cdd1738b9f3879fc3aeae9bc,3.0,100.0,33.333333333333336,34.0,1.0,1.0,88.0,29.333333333333332,299.0,99.66666666666667,0.5181059957609847,0.3049645390070922,256.0,88.0,3.277509487865211,1.791759469228055,0.3333333333333333,5.0,-1.5859674215316772,-1.891427755355835,-0.3054603338241577,0,0.17408025117255996
AP1JWAY7J1TSD,calibration,0d19bc74c4c39538f31b638f5cab5257b1e6f75911d3e8aec17cc34475330f2d,3.0,13.0,4.333333333333333,13.0,0.3333333333333333,0.3333333333333333,13.0,4.333333333333333,13.0,4.333333333333333,0.9562289562289562,0.8686868686868687,201.0,87.0,2.3052411495437712,1.9459101490553132,0.3333333333333333,5.0,-1.3209158182144165,-1.3815116882324219,-0.06059587001800537,0,0.1535048687350669
AZ39MF7WP0TW2,calibration,0d303c738721138997edaf62f9c68373a9ac8e15f589ea3f54cf0d0eac8a3b05,3.0,99.0,33.0,33.0,1.0,1.0,87.0,29.0,1184.0,394.6666666666667,0.26956790819686105,0.09277238403451996,257.0,87.0,2.777756784418436,2.0794415416798357,0.0,5.0,-1.6795530319213867,-1.8753089904785156,-0.1957559585571289,0,0.0782116344650307
A24U6WGBZ4P74W,calibration,0d34dc1cd548c5990a5266eb9134a61388d82e4d155baa17408bb6dbaf10c3b5,14.0,287.0,20.5,34.0,0.6428571428571429,0.6428571428571429,255.0,18.214285714285715,668.0,47.714285714285715,0.7144290071042764,0.41148325358851673,1026.0,408.0,3.2414310608780093,2.0794415416798357,0.0,5.0,-0.5324274301528931,-1.1177270412445068,-0.5852996110916138,0,0.0991818434694113
A1JOANG98KBFKU,calibration,0d37692ec34fdc36dc1664e46a8dd7574c157196f7560aa55d1387b192363d91,20.0,582.0,29.1,34.0,0.9,0.9,514.0,25.7,4853.0,242.65,0.44255338323705196,0.10201660735468565,1672.0,583.0,3.306187630439134,2.3025850929940455,0.0,5.0,-1.0273163318634033,-1.4362798929214478,-0.40896356105804443,0,0.2965866452683894
A214SX5SGNCF6Z,calibration,0d4ba8a8378da80d14b95f3cd7330fa7bd8b834ed43d3851cae26baacd9ba017,3.0,9.0,3.0,9.0,0.3333333333333333,0.3333333333333333,9.0,3.0,9.0,3.0,0.968421052631579,0.9052631578947369,222.0,87.0,2.145383456123142,1.791759469228055,0.3333333333333333,5.0,-0.38113436102867126,-0.4573504328727722,-0.07621607184410095,0,0.14087424697163045
A2IDRAYYZ5GKBZ,calibration,0d5ef7e6897b2deba6b9378a1d6e7b894b7ce2efad18657dc21f689324e5e945,6.0,149.0,24.833333333333332,34.0,0.8333333333333334,0.8333333333333334,137.0,22.833333333333332,304.0,50.666666666666664,0.6791809953294651,0.4381443298969072,473.0,176.0,2.504818133822894,1.6094379124341003,0.3333333333333333,5.0,-1.6699731349945068,-1.9805328845977783,-0.3105597496032715,0,0.11158559753110744
A2YDJNFFJZ1KPO,calibration,0d67de46988c27161b196d6a2398e1d13b0b060590b62bc2341577fa099a0f80,4.0,99.0,24.75,33.0,0.75,0.75,87.0,21.75,1023.0,255.75,0.4503514802427846,0.10897435897435898,306.0,117.0,2.9240616305243163,1.0986122886681096,0.25,5.0,-0.582870364189148,-0.8819293975830078,-0.29905903339385986,0,0.15571375239107138
AGZ6G2BHW0Q72,calibration,0d8704ee1899e2a38de457f9cf6bd0c95af7cecc02ed65bb88918e8c0e185bc1,3.0,66.0,22.0,33.0,0.6666666666666666,0.6666666666666666,58.0,19.333333333333332,329.0,109.66666666666667,0.5617168170912219,0.32950191570881227,255.0,88.0,3.395595008890028,2.3025850929940455,0.0,5.0,-1.0902678966522217,-1.234561800956726,-0.1442939043045044,0,0.1684333661684869
ALJUCYH6XKPET,calibration,0d8eb013b28bc6d4ba4a7921fac14c6234d98b6d4f3fff79a47dc2d628d230dd,3.0,99.0,33.0,33.0,1.0,1.0,87.0,29.0,616.0,205.33333333333334,0.3049417095859784,0.23369565217391305,258.0,87.0,2.2910546114041725,1.791759469228055,0.6666666666666666,5.0,-0.88800048828125,-0.9006801843643188,-0.012679696083068848,0,0.12642275079239912
A10P33LX6TP75K,calibration,0d91de5e2bc01bcbffbab1a5c728f5d7591545b3c45cb46985fe9a29ae9d7efd,4.0,132.0,33.0,33.0,1.0,1.0,116.0,29.0,237.0,59.25,0.6259688577804828,0.4056603773584906,344.0,116.0,2.282174095733918,2.0794415416798357,0.0,5.0,-0.4419030249118805,-0.9370265007019043,-0.4951234757900238,0,0.07373801831010718
A1HF32F50XANMO,calibration,0da29bc555edc92b332481f126d633f0cc2a67dcce1cfd59eeea86fb8b1c1f49,2.0,33.0,16.5,33.0,0.5,0.5,29.0,14.5,511.0,255.5,0.5713087248322147,0.14261744966442952,144.0,58.0,2.2386684072391034,2.0794415416798357,0.0,5.0,-0.8743820190429688,-0.8430169224739075,0.03136509656906128,1,0.07411954734185187
A1PYUPO4L7MA5T,calibration,0dc3fd6d1d5a47bc65fcac11be8292c10ff00224caf0bb8be0bfbfb66f56c465,16.0,452.0,28.25,33.0,0.9375,0.875,403.0,25.1875,2305.0,144.0625,0.4822502598274869,0.1853448275862069,1364.0,463.0,2.705795925072951,1.6094379124341003,0.25,5.0,-0.3422890305519104,-0.9863435626029968,-0.6440545320510864,0,0.11036990266960264
A37LYYM0LZBECY,calibration,0dd81584f8e65c2cc3a33cf3e05454ec3e661e3f3b135083c74dd75d41529732,2.0,66.0,33.0,33.0,1.0,1.0,58.0,29.0,181.0,90.5,0.4960457516339869,0.43,172.0,58.0,4.270454859016777,4.1588830833596715,0.0,5.0,-0.8424546122550964,-0.937031626701355,-0.09457701444625854,0,0.19884621584949297
A141X4LAETKE87,calibration,0df06925ca5668d75cd8fa2fccb8db83b98e9844a1850eac63c1747b78f2c954,2.0,67.0,33.5,34.0,1.0,1.0,59.0,29.5,135.0,67.5,0.5639233954451346,0.5119047619047619,171.0,59.0,2.6364997792818734,1.6094379124341003,0.5,5.0,-1.9818706512451172,-2.100633144378662,-0.11876249313354492,0,0.16733668160850013
AMU54W89OXMW1,calibration,0dfb12a1ecfc37ff65cc15994d883036a0b9045ae985f55c14db1c76b516c53a,6.0,133.0,22.166666666666668,34.0,0.6666666666666666,0.6666666666666666,117.0,19.5,456.0,76.0,0.6638808362734743,0.24285714285714285,484.0,175.0,3.008114075650699,2.0794415416798357,0.0,5.0,-0.9190065860748291,-1.494918942451477,-0.575912356376648,0,0.12251114534917383
AH7JE5Y8N56JZ,calibration,0e2c23c0d56ef642bffaf5089415075d6254bac038f831bad8b293390e371249,2.0,66.0,33.0,33.0,1.0,1.0,58.0,29.0,212.0,106.0,0.45912579245912577,0.38738738738738737,172.0,58.0,3.1639683918645973,2.995732273553991,0.0,5.0,-1.5275545120239258,-1.3820221424102783,0.14553236961364746,1,0.1267298697369728
A1YRDTW57QV3TI,calibration,0e31b7ada1506252fb92ad967aaa351bccba1a6085460b7911b527fdffe3623b,2.0,63.0,31.5,33.0,1.0,1.0,58.0,29.0,417.0,208.5,0.46159874608150475,0.18181818181818182,172.0,58.0,3.4667115128653574,1.791759469228055,0.5,5.0,-1.9346386194229126,-2.1967644691467285,-0.2621258497238159,0,0.18092569143550835
ACVVB07ZG6O9,calibration,0e40a41d6c8611bd2630fe55234af392cd06e72f1c63928833d5c329eda25e85,4.0,121.0,30.25,34.0,1.0,1.0,109.0,27.25,214.0,53.5,0.6354570255448451,0.48863636363636365,343.0,117.0,2.470617046328013,1.3862943611198906,0.5,5.0,-1.4359190464019775,-1.6829280853271484,-0.2470090389251709,0,0.1298983328713302
AI19OUH4HVEBT,calibration,0e512cb08f5c025e20719d5a676f5b3f6f1d6c71fc99658dc46a74413aaf90fa,2.0,35.0,17.5,33.0,1.0,0.5,31.0,15.5,84.0,42.0,0.7445887445887446,0.5119047619047619,172.0,58.0,3.149474623427971,2.833213344056216,0.0,5.0,-1.220748782157898,-1.3490493297576904,-0.12830054759979248,0,0.14827488803140865
A2IIQ47QSYS3J7,calibration,0e74578ddaf21cc4448f7c6af4b70d67ec04a75a4517c13983c56f44da64a1de,4.0,127.0,31.75,33.0,1.0,1.0,115.0,28.75,741.0,185.25,0.3883766582272573,0.2478386167146974,344.0,116.0,2.1885007333735658,2.0794415416798357,0.0,5.0,-1.4036246538162231,-1.6961619853973389,-0.2925373315811157,0,0.07171114208720247
A1YSH8X4ZR1S09,calibration,0e7574fd1da2c6312d93a96d533671815000f26bbdd9de9fa8cd20acac6a78cf,3.0,69.0,23.0,33.0,1.0,0.6666666666666666,61.0,20.333333333333332,254.0,84.66666666666667,0.6130961734894319,0.32209737827715357,257.0,88.0,2.923945136596606,2.3025850929940455,0.0,5.0,-0.962354302406311,-0.9105745553970337,0.051779747009277344,1,0.1205839124911392
A1IIYPO3ECU2H2,calibration,0e917a36633139225a8248c99477bc27e6c72e054e2e6aa22433f162feafc53d,2.0,66.0,33.0,33.0,1.0,1.0,58.0,29.0,166.0,83.0,0.5110407876230662,0.4777777777777778,172.0,58.0,2.282174095733918,1.791759469228055,0.5,5.0,-1.236669659614563,-1.4745538234710693,-0.23788416385650635,0,0.13410032052094745
A17B6MZSX9YU5N,calibration,0ea012e55b767262e720ac906d4a0593b467c871d63ab548e2d5a4fc68b427e5,4.0,115.0,28.75,34.0,1.0,1.0,103.0,25.75,464.0,116.0,0.5084674092769458,0.256797583081571,342.0,118.0,2.6461911401313962,2.0794415416798357,0.0,5.0,-0.07250120490789413,-0.6286702752113342,-0.5561690926551819,0,0.08997824079334749
A25FY0JD54B09P,calibration,0ea688e26538ac7af0dc78d5e926b0aa172004f5c6d518aa051a1075c676048d,5.0,66.0,13.2,33.0,0.4,0.4,58.0,11.6,354.0,70.8,0.7308155002891845,0.3233082706766917,355.0,145.0,3.345853351218635,1.6094379124341003,0.2,5.0,-0.8849919438362122,-1.0239229202270508,-0.13893097639083862,0,0.22407037206879316
A3OOQH73VQ97VN,calibration,0ea760e0299fee16b3962f12d8a542bcce2e496188713b51e1c8327c706774f2,2.0,66.0,33.0,33.0,1.0,1.0,58.0,29.0,1216.0,608.0,0.1396616800866743,0.09277238403451996,172.0,58.0,2.3025850929940455,2.3025850929940455,0.0,5.0,-1.0511120557785034,-0.9460299611091614,0.10508209466934204,1,0.03485558298059002
A15NFAT4JJBOO,calibration,0eae3e8663191bc899a31f9df08c58bca7a17aef90d4d2a92452f161340892cd,3.0,72.0,24.0,33.0,1.0,0.6666666666666666,64.0,21.333333333333332,158.0,52.666666666666664,0.6900561623949929,0.4187192118226601,257.0,87.0,2.668789189216749,1.6094379124341003,0.6666666666666666,5.0,-0.6277846097946167,-0.7414700388908386,-0.11368542909622192,0,0.18190143911794396
A3Q5AFM97K9D78,calibration,0ebbc4c5c6b7b81d119f1565d18b66b2f0cc87c9cf67b0b3545b0a2b40060a2f,2.0,0.0,0.0,0.0,0.0,0.0,0.0,0.0,0.0,0.0,1.0,1.0,79.0,59.0,4.528594596241004,4.007333185232471,0.0,5.0,-0.7889189124107361,-0.9011847376823425,-0.11226582527160645,0,0.34655720381726984
AB9ABU6EFXN0L,calibration,0ebf9493ae0e69f0e6f1f23b2c3e6cb1f154873072a79cf871731a40b54c9ede,3.0,66.0,22.0,33.0,0.6666666666666666,0.6666666666666666,58.0,19.333333333333332,152.0,50.666666666666664,0.6938923395445135,0.4673913043478261,240.0,87.0,2.0896987612354203,1.791759469228055,0.3333333333333333,5.0,-1.4024070501327515,-1.848178505897522,-0.4457714557647705,0,0.11830201718977947
A3AIYTYB31TVAY,calibration,0ec6952df2923901115935ed3526d7c208b98792268d92d0c5ad8a075731a510,2.0,66.0,33.0,33.0,1.0,1.0,58.0,29.0,113.0,56.5,0.6074650540299396,0.5584415584415584,172.0,58.0,3.2204732703164605,2.3978952727983707,0.0,5.0,-1.145409107208252,-1.2792465686798096,-0.13383746147155762,0,0.14975091785044553
A19OA3WBX5Z2JK,calibration,0ee0fe0c1a8c14316c50eb27af0516a7687a4a9145f72ea4b406c3277fe4c6cc,4.0,110.0,27.5,33.0,1.0,1.0,101.0,25.25,203.0,50.75,0.6602228585531948,0.5119047619047619,344.0,116.0,4.416967120267671,3.4657359027997265,0.0,5.0,-1.5072811841964722,-1.6565752029418945,-0.14929401874542236,0,0.1977691915468945
A2FGJRITRBLLL3,calibration,0efd2015cca0b9f9931887b9293a40fc870ad9aa2f69398a7a2cc929c13cead1,2.0,33.0,16.5,33.0,0.5,0.5,29.0,14.5,328.0,164.0,0.6038647342995169,0.20772946859903382,172.0,58.0,1.5890269151739727,1.0986122886681096,0.5,5.0,-0.9794765710830688,-0.9450279474258423,0.03444862365722656,1,0.09834133117598494
A1DSCRGHIZC3BK,calibration,0efda780ed83a1b1feccc46cd670bcba372fea3fca349417e37cac523aca2b1e,3.0,99.0,33.0,33.0,1.0,1.0,87.0,29.0,306.0,102.0,0.4663730226390073,0.41545893719806765,258.0,87.0,1.7079879931344195,1.3862943611198906,1.0,5.0,-0.9595584869384766,-1.4601598978042603,-0.5006014108657837,0,0.13335960820334794
A10QTN8ERLQGPH,calibration,0f080ce77a925a94baa2395592c643e4b6c628a53fe879b39f37a49c14e6a48a,5.0,114.0,22.8,33.0,1.0,1.0,106.0,21.2,366.0,73.2,0.6469193299290893,0.3333333333333333,429.0,146.0,2.5158029123865555,1.6094379124341003,0.2,5.0,-1.3204567432403564,-1.458265781402588,-0.13780903816223145,0,0.09411339723858587
AGRANJOBUQQL1,calibration,0f1876237385bb36a7670ca19d315cca6010cab4791727de37f11604dccd3f6a,8.0,260.0,32.5,35.0,1.0,1.0,232.0,29.0,564.0,70.5,0.5658869219525791,0.41346153846153844,684.0,235.0,2.7282674291665465,0.6931471805599453,0.125,5.0,-0.84044349193573,-0.8395769000053406,0.0008665919303894043,0,0.09401989690218604
A2N7UANAFQ9L5C,calibration,0f2040e4dc8ad6d69eafe44412d611a120afc33e6efb06d0dea10e6c0ceebba7,4.0,130.0,32.5,33.0,1.0,1.0,114.0,28.5,2280.0,570.0,0.1936596379089112,0.09277238403451996,346.0,114.0,2.2532161418526373,1.791759469228055,0.25,5.0,-0.746329665184021,-3.770939350128174,-3.0246095657348633,0,0.08196245732151972
A35C8LTB9MQQIT,calibration,0f4a3119fb8b84fbd024ce3d2dc492f562eca0fdd0cdd6154cfbe6f245cc0816,5.0,128.0,25.6,33.0,0.8,0.8,116.0,23.2,413.0,82.6,0.6264998561978717,0.2819672131147541,395.0,147.0,1.8363881794908967,1.3862943611198906,0.6,5.0,-0.47372809052467346,-0.4361412525177002,0.03758683800697327,1,0.10212349243972081
A8S98S73DGYRF,calibration,0f5025372f27ecb50df1326b28750fb0069fff8578d87ca0e26bb7b3979d08cb,3.0,45.0,15.0,33.0,1.0,0.3333333333333333,41.0,13.666666666666666,86.0,28.666666666666668,0.8024287092835479,0.5375,258.0,87.0,2.1930837373367003,1.791759469228055,0.3333333333333333,5.0,-1.1924304962158203,-1.2733755111694336,-0.08094501495361328,0,0.12886092436111024
A3EI4K5U61UZ7,calibration,0f5fd1bd7073ce954827eefd57d880db6bcc6eb87022ca20762452c13bd07c88,14.0,357.0,25.5,34.0,0.8571428571428571,0.7857142857142857,317.0,22.642857142857142,1113.0,79.5,0.6187642658134717,0.2028301886792453,1146.0,407.0,2.822241903492874,1.3862943611198906,0.14285714285714285,5.0,-1.34889817237854,-1.931402564048767,-0.582504391670227,0,0.08200306408549958
A3R1F5QKEDAV51,calibration,0f6046a40daf400d6faca6cccbdf2759a0c4e9eea792155357f04999947963b6,3.0,57.0,19.0,33.0,0.6666666666666666,0.6666666666666666,53.0,17.666666666666668,111.0,37.0,0.7596426694692591,0.49710982658959535,248.0,87.0,3.273821239019179,1.6094379124341003,0.3333333333333333,5.0,-1.3115042448043823,-1.3335278034210205,-0.022023558616638184,0,0.21543368808337282
A1TMAVN4CEM8U8,calibration,0f75afd5d16d506e4ac5de6e57c2e4b98d2ed754db1b456bba091cd00c249623,5.0,76.0,15.2,33.0,0.6,0.6,68.0,13.6,169.0,33.8,0.8004006159306819,0.41262135922330095,390.0,146.0,2.944029934523591,1.791759469228055,0.2,5.0,-1.2818803787231445,-1.3856127262115479,-0.10373234748840332,0,0.15179066104132571
A28PPDRER2THTL,calibration,0f93f6a92fef23f516fd80a2b8eacb56e08992f3ea1e83dcf52de89da7b17d90,2.0,33.0,16.5,33.0,0.5,0.5,29.0,14.5,69.0,34.5,0.7774193548387096,0.5548387096774193,144.0,58.0,4.223599909797851,4.143134726391533,0.0,5.0,-1.6690202951431274,-2.0377204418182373,-0.36870014667510986,0,0.2485203754668445
A36HN1BH173W7F,calibration,0f9a39fd2d42b0d70904f1e91135aebb79a9787b168c967a67e6e5e8c0722092,4.0,99.0,24.75,33.0,0.75,0.75,87.0,21.75,363.0,90.75,0.5857745601057953,0.29965156794425085,338.0,116.0,2.5434549966631987,1.3862943611198906,0.25,5.0,-1.4456945657730103,-1.6048380136489868,-0.15914344787597656,0,0.1300030003864511
AGG9C66TOLJZB,calibration,0faff47b6794837cd7ab4ece8239de9b3e4488b2865f043bd7bfcebf3c03b493,4.0,112.0,28.0,33.0,1.0,1.0,100.0,25.0,1576.0,394.0,0.3511071863546623,0.09277238403451996,344.0,116.0,1.7917594692280547,1.0986122886681096,0.5,5.0,-0.004628532566130161,-1.5946530103683472,-1.590024471282959,0,0.08153547586649446
A1BXVZSQOJE6UE,calibration,0fcdbe827c6bd39a5e1b53723061dbc882180d785920ba5e610b0ac555902b28,20.0,471.0,23.55,34.0,0.75,0.75,423.0,21.15,1386.0,69.3,0.6418153642579745,0.31365313653136534,1598.0,584.0,2.804135123456389,1.3862943611198906,0.2,5.0,-0.35193270444869995,-0.7896377444267273,-0.43770503997802734,0,0.06885228935925844
A1IPYRC4O5ZTRH,calibration,0fd70e1a294ec365c874363db8b9bbbfd0f78a9641deab21f6a2a2abde8ee053,3.0,77.0,25.666666666666668,34.0,1.0,1.0,69.0,23.0,318.0,106.0,0.5404888841181241,0.31386861313868614,256.0,88.0,3.6007077830571874,2.70805020110221,0.0,5.0,-0.17194969952106476,-0.44624075293540955,-0.2742910385131836,0,0.14427959181142003
A3FMPPK0F3Q213,calibration,0fe4694c9b3a5bc0282d113df38b0ef9d7206bf750c54e5e1717b5009073c449,10.0,271.0,27.1,33.0,1.0,1.0,251.0,25.1,1366.0,136.6,0.5514442913624918,0.1574074074074074,858.0,291.0,3.7945330384577667,2.0794415416798357,0.0,5.0,-0.6095567941665649,-0.678770124912262,-0.06921333074569702,0,0.14321390865703032
AMTKZ0I5BOYZV,calibration,0fe640e46300d9c8f37ccf5353afdee04a675767de0b5f4fddbb12221a22c681,2.0,66.0,33.0,33.0,1.0,1.0,58.0,29.0,220.0,110.0,0.49299523266356643,0.32950191570881227,172.0,58.0,2.984353779992683,2.833213344056216,0.0,5.0,-0.8340272903442383,-0.8420912623405457,-0.008063971996307373,0,0.11193591476581333
AZIT7MTLNHYPU,calibration,0ffd8fdb4d94f3eca424a734d6b701e3172cf9595e63635955fe480e91898db1,2.0,11.0,5.5,11.0,0.5,0.5,11.0,5.5,11.0,5.5,0.9432989690721649,0.8865979381443299,166.0,58.0,2.5795276496072646,1.791759469228055,0.5,5.0,-1.2686494588851929,-1.2820210456848145,-0.013371586799621582,0,0.18148760908787115
A1ZSSN5R7HUQH8,calibration,100d4bdd7678d95dcbd20485669b741156ab4ec5e791f6e20c16fd85dccacbf4,2.0,24.0,12.0,24.0,0.5,0.5,24.0,12.0,24.0,12.0,0.8909090909090909,0.7818181818181819,168.0,58.0,2.1242476210246792,1.9459101490553132,0.5,5.0,-1.5818487405776978,-1.7129980325698853,-0.1311492919921875,0,0.1528784848618797
A3MNH79KGUSAP1,calibration,102dcd7cf0636d967f532cd55cca8dd1fab07e1413c3925b5cd139668297039b,3.0,8.0,2.6666666666666665,7.0,0.6666666666666666,0.0,8.0,2.6666666666666665,8.0,2.6666666666666665,0.9705275567344533,0.9230769230769231,218.0,88.0,3.04831605106971,2.833213344056216,0.0,5.0,-0.9665682911872864,-0.8427344560623169,0.12383383512496948,1,0.16952860419850874
A1GBRKCX9ZT7FW,calibration,1036cd324cb1d97645966cb2642cc92814c973cfa6a9b24a7455273a69f15f4f,8.0,187.0,23.375,33.0,0.875,0.875,171.0,21.375,319.0,39.875,0.7228392334975328,0.4574468085106383,657.0,233.0,3.6607118296557095,2.6390573296152584,0.0,5.0,-1.3301255702972412,-1.3848533630371094,-0.054727792739868164,0,0.1202575235720693
ALGLYG73KOEN2,calibration,104afa09d739718253ccf114d00ae3e5efdf3b1542e5424359157d1a4eabf65f,2.0,55.0,27.5,33.0,1.0,1.0,51.0,25.5,150.0,75.0,0.5990827275874004,0.40186915887850466,172.0,58.0,2.920320828686699,2.0794415416798357,0.0,5.0,-1.7614959478378296,-2.0307087898254395,-0.26921284198760986,0,0.11866958036586152
A1RFMMOXS1YHPQ,calibration,105463617a118bd86eec3979780466ef0de5327def538c0506fae3787c935c46,5.0,165.0,33.0,33.0,1.0,1.0,145.0,29.0,562.0,112.4,0.4376624395051366,0.3805309734513274,430.0,145.0,3.748815979801145,2.5649493574615367,0.0,5.0,-0.38973569869995117,-0.34109923243522644,0.04863646626472473,1,0.15763510900488786
A2KRPMQU7P3TX7,calibration,1084fc7c6ce424cd59ffd8dd7ddac62b198facbc1348f49c1663230fca320fc9,3.0,69.0,23.0,34.0,1.0,0.6666666666666666,61.0,20.333333333333332,208.0,69.33333333333333,0.639609505418329,0.3794642857142857,257.0,88.0,2.26598013765831,2.0794415416798357,0.0,5.0,-1.695322036743164,-1.9585306644439697,-0.26320862770080566,0,0.08929821870502312
A2DH1YCRPAHXJA,calibration,10885ffb5225d05c637414f64d8d138f64a7bb46370098a8cda28fb7b9c96dbc,4.0,120.0,30.0,33.0,1.0,1.0,108.0,27.0,283.0,70.75,0.5930370197717811,0.3805309734513274,344.0,116.0,2.839067913731213,2.4849066497880004,0.0,5.0,-1.9256175756454468,-2.088106632232666,-0.16248905658721924,0,0.09599550359558118
A7OT82DN460H2,calibration,10ab6ddad8ecba863addec89f3069fdf9f6ba4d867458d45aba59bc6dfee9419,3.0,99.0,33.0,33.0,1.0,1.0,87.0,29.0,378.0,126.0,0.4430870915456227,0.3269961977186312,257.0,87.0,2.633669017330807,1.791759469228055,0.3333333333333333,5.0,-1.258147954940796,-1.5191962718963623,-0.2610483169555664,0,0.12684480745926102
A36XDAWWRKB0K1,calibration,10b8a77d2243e8af1c10badc982e9749b82dc1d9db1b182eaccf5a6d50f90945,2.0,66.0,33.0,33.0,1.0,1.0,58.0,29.0,264.0,132.0,0.46720494417862835,0.28289473684210525,172.0,58.0,2.4260151319598084,2.0794415416798357,0.0,5.0,-1.979823350906372,-1.9863252639770508,-0.006501913070678711,0,0.08669543439409712
APTFY7XEEM10T,calibration,10c3a223df43f9550d97039c5d8504ca21eae37dbe1bc190bd0c5a8a03ae66b2,2.0,66.0,33.0,33.0,1.0,1.0,58.0,29.0,339.0,169.5,0.3378382533825338,0.3173431734317343,172.0,58.0,1.9659128163621629,1.0986122886681096,0.5,5.0,-0.8177773356437683,-0.783475935459137,0.03430140018463135,1,0.10938749220649585
A1EE6LQS3OPY6R,calibration,10e2cc1dcb108007c82138835933afe7c9483b5bbe76cf37afa19e905e492c71,8.0,189.0,23.625,34.0,0.875,0.75,169.0,21.125,656.0,82.0,0.66100862757035,0.18973214285714285,651.0,234.0,3.3327772136313376,1.791759469228055,0.125,5.0,-1.6474748849868774,-1.8290554285049438,-0.1815805435180664,0,0.13490069911010924
A1D5XZ5NKK07XE,calibration,10f50678552f72566c92c1bb6b1ae8096e6b5b9da39fca9266d69f0a97af2242,3.0,86.0,28.666666666666668,34.0,1.0,1.0,78.0,26.0,220.0,73.33333333333333,0.5804367093707196,0.4365482233502538,257.0,88.0,3.220832736025443,2.5649493574615367,0.0,5.0,-0.8675042390823364,-1.0068676471710205,-0.13936340808868408,0,0.12830347659313754
A1J26WRSH6Y6AZ,calibration,11006e1a2ce34fdc82174dc0a1d91cd49d2356cc0a980a94d6caafd774ee23a3,10.0,116.0,11.6,33.0,0.4,0.4,104.0,10.4,178.0,17.8,0.8701614474337461,0.5548387096774193,784.0,294.0,2.6441845386113783,1.9459101490553132,0.1,5.0,-2.0249674320220947,-2.006978988647461,0.01798844337463379,0,0.11421402743010355
A1C1I4TJ2FDICS,calibration,1109df7ea38e22b8d9d4e7c9a6eafe19df0e741794c4c453d1282fe134ea9c13,6.0,142.0,23.666666666666668,33.0,0.8333333333333334,0.8333333333333334,134.0,22.333333333333332,188.0,31.333333333333332,0.7590007331758301,0.5276073619631901,479.0,175.0,2.127548058907376,1.0986122886681096,0.8333333333333334,5.0,-0.25552040338516235,-0.9416642189025879,-0.6861438155174255,0,0.131305190685622
A2YIRIQQVWFI6V,calibration,1141c182d7dde00a980da6ee3615e8b3e11556bab613a17237209e08bf2546d6,2.0,67.0,33.5,34.0,1.0,1.0,59.0,29.5,130.0,65.0,0.5681296361709642,0.5657894736842105,171.0,59.0,4.2532683056138545,3.9318256327243257,0.0,5.0,-1.5571529865264893,-1.7915016412734985,-0.23434865474700928,0,0.21404777107371745
A3OP1R5V3J6J6,calibration,114531b1419bf1942ab08117a3e29366a94d52d316ffca3713e34c25fc5e91fc,2.0,16.0,8.0,16.0,0.5,0.5,16.0,8.0,16.0,8.0,0.9215686274509804,0.8431372549019608,155.0,58.0,2.0715673631957663,1.9459101490553132,0.5,5.0,-1.1344921588897705,-1.276558518409729,-0.1420663595199585,0,0.1424344117529932
A2OW54IN143NN,calibration,1156d52b117fc381b08b959448d25a9a8eeda3729ffc6c8baff33207a49c72be,2.0,33.0,16.5,33.0,0.5,0.5,29.0,14.5,418.0,209.0,0.5853174603174603,0.17063492063492064,138.0,58.0,2.7647145437557117,2.4849066497880004,0.0,5.0,-0.8981689214706421,-0.9447898864746094,-0.046620965003967285,0,0.10338805031218587
A2IKCYDHAJR4KL,calibration,115bbcef4409f72b9af50d4ab38f460f4b4926aeb0c85307f69d6e5311a3d0ec,2.0,55.0,27.5,33.0,1.0,1.0,51.0,25.5,86.0,43.0,0.6848148148148148,0.5733333333333334,172.0,58.0,2.4986061368820573,1.3862943611198906,0.5,5.0,-0.8926027417182922,-0.9398775100708008,-0.047274768352508545,0,0.15434160550919573
AR964PME0LTNX,calibration,116df9dc12fa89ede8866618179802b7e03608a450c344328b8f5862bee627c9,3.0,66.0,22.0,33.0,0.6666666666666666,0.6666666666666666,58.0,19.333333333333332,136.0,45.333333333333336,0.7063985014295574,0.5341614906832298,254.0,87.0,3.6492497488180518,3.4965075614664802,0.0,5.0,-1.0093481540679932,-1.0678752660751343,-0.05852711200714111,0,0.17773843013712037
A33BRZVHMXLPKH,calibration,1198c70b10ed8a6626d6b9b3611711cefae419f17dd292a272dca1537dfe6337,2.0,11.0,5.5,6.0,1.0,0.0,11.0,5.5,11.0,5.5,0.9395604395604396,0.9340659340659341,171.0,58.0,2.255429753258425,1.9459101490553132,0.5,5.0,-1.8659881353378296,-1.969487190246582,-0.10349905490875244,0,0.16513086062541243
A18XVVKAE0TWPV,calibration,11a31781250130a176c6f2e643df398215722480c1052e4d7502a12adeeebc5c,3.0,44.0,14.666666666666666,34.0,0.6666666666666666,0.6666666666666666,40.0,13.333333333333334,136.0,45.333333333333336,0.7662256450763559,0.4028436018957346,255.0,88.0,2.1930837373367003,1.3862943611198906,0.3333333333333333,5.0,-0.9632940292358398,-0.9515801668167114,0.011713862419128418,0,0.12160701911027173
A12W51UPCEWFHH,calibration,11afadaa76342f00a2a590b7cf91c6f408cd04a5b7396038bf115d10fe0c0124,2.0,67.0,33.5,34.0,1.0,1.0,59.0,29.5,227.0,113.5,0.4286802804023163,0.4117647058823529,170.0,59.0,3.333478396214603,1.791759469228055,0.5,5.0,-1.2791224718093872,-1.1287673711776733,0.15035510063171387,1,0.22137625570006192
A1M0LB5KDATEU1,calibration,11bb09f19886516e553988ba4b3b355e9a1b1a25ce698f2047b371c3e5a66fcb,2.0,33.0,16.5,33.0,0.5,0.5,29.0,14.5,65.0,32.5,0.7847682119205298,0.5695364238410596,136.0,58.0,2.5619819897016294,1.791759469228055,0.5,5.0,-0.5755463242530823,-0.6020255088806152,-0.02647918462753296,0,0.19781057611519387
A2T8X6EYX3PF1B,calibration,11d5745f3812c1ac2f6e329f4cb22da9cd2401dd69a8205171548e5124bfcd15,2.0,34.0,17.0,34.0,0.5,0.5,30.0,15.0,120.0,60.0,0.7058823529411764,0.4117647058823529,133.0,60.0,3.588891208097598,2.3025850929940455,0.0,5.0,-0.8345452547073364,-0.9495180249214172,-0.11497277021408081,0,0.21542480002153236
AZQVN6T2XN0O2,calibration,11e4d75e12f63e05806e7e65c3f7a528045ef98542af24003e9a83b3490d0907,4.0,99.0,24.75,33.0,0.75,0.75,87.0,21.75,231.0,57.75,0.6492770311084265,0.48863636363636365,323.0,116.0,2.2711942872502093,1.791759469228055,0.5,5.0,-1.3562300205230713,-1.5615850687026978,-0.20535504817962646,0,0.1335167348889411
A2NASW7U6IJFVF,calibration,11f9a7393ef9f3cbf4a0b77527486a85118d4fd4eb322eeeec8b72e9b811e77d,3.0,79.0,26.333333333333332,34.0,1.0,1.0,71.0,23.666666666666668,237.0,79.0,0.5888444528358021,0.3706896551724138,257.0,88.0,3.313208866384,1.791759469228055,0.3333333333333333,5.0,-1.8732655048370361,-1.8527826070785522,0.020482897758483887,1,0.17563191680422083
A301SYVALW58GF,calibration,1208348300bd43b1c29c6d16c9ebfb267536bd4725d6b13b2bd667dd50deb126,8.0,222.0,27.75,34.0,0.875,0.875,198.0,24.75,385.0,48.125,0.6718663694214986,0.45698924731182794,658.0,235.0,2.2744318783042288,1.3862943611198906,0.375,5.0,-0.33147507905960083,-0.871838390827179,-0.5403633117675781,0,0.08535388160024689
A30QZ7UKDUJHBB,calibration,120a28c75ca0b4a15e3a3a0c7035c04e775d5896ab3e4f01b3e03fe2112572c9,9.0,247.0,27.444444444444443,34.0,0.8888888888888888,0.8888888888888888,223.0,24.77777777777778,461.0,51.22222222222222,0.668851150266715,0.4187192118226601,766.0,263.0,2.8207989881066515,1.3862943611198906,0.1111111111111111,5.0,-1.0756776332855225,-1.1296035051345825,-0.05392587184906006,0,0.08705113576248201
A1PQD4OCY4MKM3,calibration,120cde62015eadb8b0c04f1fb2ee04b124ed7a5df58ebd0fa2694fcd06328818,3.0,0.0,0.0,0.0,0.0,0.0,0.0,0.0,0.0,0.0,1.0,1.0,179.0,88.0,3.465124991760623,2.5649493574615367,0.0,5.0,-1.3379619121551514,-1.3374720811843872,0.0004898309707641602,0,0.24790149519702676
AZ0RVPZMJNK4R,calibration,12169bcff98d7bc66fab5e6f2d63a78b00e2c730994066208249df2984f95912,9.0,168.0,18.666666666666668,34.0,0.5555555555555556,0.5555555555555556,148.0,16.444444444444443,748.0,83.11111111111111,0.6566541797773007,0.2895622895622896,617.0,265.0,2.282412798103393,1.0986122886681096,0.5555555555555556,5.0,-0.05946030095219612,-0.10321980714797974,-0.043759506195783615,0,0.15215277647252667
A2O0ZDILYOJP6W,calibration,12444f0c84d8d71e9d3eae65a3e595e3402f677da0b5806ae7c90b95932a22d2,3.0,33.0,11.0,33.0,0.3333333333333333,0.3333333333333333,29.0,9.666666666666666,212.0,70.66666666666667,0.7620650953984288,0.28619528619528617,202.0,87.0,3.4910273198225816,3.1354942159291497,0.0,5.0,-1.1455481052398682,-1.0133548974990845,0.1321932077407837,1,0.18549302583327074
A1YW893B70H8JY,calibration,124e96a8098f5b6b9d47a697d62e708024c718c3a8c88f1913b4ce6c3a81bc68,2.0,27.0,13.5,21.0,1.0,0.5,27.0,13.5,27.0,13.5,0.8692604632263308,0.8037383177570093,172.0,58.0,2.1242476210246792,1.6094379124341003,0.5,5.0,-1.1694415807724,-1.389564037322998,-0.22012245655059814,0,0.14075391427905534
A3V14SK22N2VAI,calibration,125aba332023fd662514205ce40009f80597e1b2085ffe6b62ce162d8989b8e1,13.0,239.0,18.384615384615383,33.0,0.6153846153846154,0.6153846153846154,211.0,16.23076923076923,852.0,65.53846153846153,0.6934531457419025,0.3173431734317343,943.0,378.0,3.6121258328975596,1.9459101490553132,0.07692307692307693,5.0,-0.9400092363357544,-1.2501909732818604,-0.31018173694610596,0,0.15942686793313607
A39GY6SGYXQMG0,calibration,1263eeeea8cfbb1c586bba749990b7fc36cbfebf15fcccba8399293f6741d883,2.0,54.0,27.0,33.0,1.0,1.0,50.0,25.0,84.0,42.0,0.6904597629053504,0.5771812080536913,172.0,58.0,2.4814223151299535,2.3978952727983707,0.0,5.0,-1.776102066040039,-1.8822691440582275,-0.10616707801818848,0,0.09670954755347637
ADAPG8M4QTCPJ,calibration,126dc3715a9c7a485d32772df2ccdbb175b4483c258a0c0c38d420109b69cbd0,8.0,136.0,17.0,33.0,0.75,0.625,128.0,16.0,201.0,25.125,0.8113715733542965,0.5119047619047619,663.0,231.0,2.578633547729285,1.791759469228055,0.25,5.0,-1.054895043373108,-1.0571038722991943,-0.0022088289260864258,0,0.1043779990921354
A2U8QA856AC193,calibration,12720af1b1bb997401b291fd705d20f532c795a8c2b61e92d7a0ba22d278f028,3.0,21.0,7.0,11.0,0.6666666666666666,0.6666666666666666,21.0,7.0,21.0,7.0,0.92671783625731,0.8854166666666666,232.0,87.0,3.2039324862289362,2.197224577336219,0.0,5.0,-1.334110975265503,-1.2845208644866943,0.049590110778808594,1,0.1511080647497299
A7RJ3VX0PCJXQ,calibration,127822aa75f3e90ad0117b0b3ba1e74abdbdd2bd6e55ea2e1861f7133117ceec,3.0,76.0,25.333333333333332,33.0,1.0,1.0,72.0,24.0,150.0,50.0,0.6818389775003854,0.4427083333333333,257.0,87.0,3.5064585491830407,3.0910424533583156,0.0,5.0,-1.943952202796936,-1.838698387145996,0.10525381565093994,1,0.13431343881510507
A3EAP2VG0BVYWX,calibration,127b7eeda71e8e61edcb8943af60d3fa4cc142a226177221f6c928a3299f643c,6.0,56.0,9.333333333333334,33.0,0.3333333333333333,0.3333333333333333,52.0,8.666666666666666,60.0,10.0,0.9146963029263321,0.6991869918699187,384.0,175.0,3.062957753374306,1.791759469228055,0.16666666666666666,5.0,-0.8386759161949158,-1.0004884004592896,-0.16181248426437378,0,0.1975283527152041
A345T45YHZK3B5,calibration,127f8a1a6f8a51320509eef295d136b8c3d69fa41f84b581582587517c177851,2.0,47.0,23.5,26.0,1.0,1.0,47.0,23.5,47.0,23.5,0.7857977303070761,0.7678571428571429,172.0,58.0,3.5788677421249533,2.4849066497880004,0.0,5.0,-0.5004662275314331,-0.9504520297050476,-0.4499858021736145,0,0.17001255355855815
AA8R02WLBO7QD,calibration,1280983bc6ae97a65f1c226c3a7d0d73e3a732cfdab4fdd5b130cdeadf19ec15,2.0,56.0,28.0,33.0,1.0,1.0,52.0,26.0,864.0,432.0,0.4408816048612967,0.09277238403451996,172.0,58.0,2.7506291052723633,1.6094379124341003,0.5,5.0,-1.8915363550186157,-1.9476219415664673,-0.05608558654785156,0,0.08087391192054104
A3IZOK5GR51EE2,calibration,12945fbe11332b02e8b260a74a4f8f29482414fa84cd486836d1afe58004173e,7.0,120.0,17.142857142857142,35.0,0.5714285714285714,0.5714285714285714,108.0,15.428571428571429,209.0,29.857142857142858,0.8037233704128369,0.43434343434343436,487.0,206.0,3.3753922295972543,2.4849066497880004,0.0,5.0,-1.5216991901397705,-1.5996986627578735,-0.07799947261810303,0,0.14558582765290945
ADE5C0WAFBIUR,calibration,12a2895740f379a71896048f5167fa2667840243267d676182c269a3d0f6037c,6.0,90.0,15.0,33.0,0.5,0.5,85.0,14.166666666666666,218.0,36.333333333333336,0.8084365658165508,0.3481781376518219,498.0,174.0,3.841491873150439,3.2188758248682006,0.0,5.0,-0.4046197831630707,-0.39571109414100647,0.008908689022064209,0,0.17731663024335054
A1H0E1YSE0PSP9,calibration,12c38b307ad71d7130bb3c2e0131d5ad6489cd28bbc4f1c7382c67eca2f7a8d0,3.0,99.0,33.0,33.0,1.0,1.0,87.0,29.0,498.0,166.0,0.46693014488266416,0.18181818181818182,258.0,87.0,4.714582996552793,4.060443010546419,0.0,5.0,-0.4629398286342621,-0.6228898763656616,-0.15995004773139954,0,0.20379455898569823
AOODCITSG84AG,calibration,12d80047d10c6fe17e8ebf40957f28d3942ae2756cf421ff5f41284500cca50f,2.0,24.0,12.0,24.0,0.5,0.5,24.0,12.0,24.0,12.0,0.8909090909090909,0.7818181818181819,144.0,58.0,4.658609866801639,4.6443908991413725,0.0,5.0,-1.7122910022735596,-1.802494764328003,-0.09020376205444336,0,0.2848932495376509
A1LC465NC0ADYG,calibration,12db8c392d1164f1daf374ba28f23ecf6c07ee8139f454ad7863d3884b2ea558,3.0,77.0,25.666666666666668,33.0,1.0,1.0,69.0,23.0,395.0,131.66666666666666,0.5419195924350564,0.21794871794871795,257.0,87.0,2.1640799450068235,1.6094379124341003,0.3333333333333333,5.0,-0.6175990700721741,-0.6409038305282593,-0.023304760456085205,0,0.08912654958462457
AA0TNO56XPRP8,calibration,12e0c033a8926acac771aafef13c0dfa5f995d60389da430ae500e0afd0b423b,5.0,12.0,2.4,6.0,0.4,0.0,12.0,2.4,12.0,2.4,0.9739130434782609,0.9347826086956522,376.0,145.0,2.4408942728326397,1.791759469228055,0.2,5.0,-0.9194418787956238,-0.9550688862800598,-0.035627007484436035,0,0.16257643094482
A348AAXO1D384T,calibration,12f23c43e4785e6b3981582686e818ed41e825ec8e7e8891cf8709f2f7bf2608,6.0,166.0,27.666666666666668,34.0,0.8333333333333334,0.8333333333333334,146.0,24.333333333333332,487.0,81.16666666666667,0.5930717308240029,0.3161764705882353,499.0,175.0,2.492466805130607,1.6094379124341003,0.3333333333333333,5.0,-1.1513150930404663,-1.199576735496521,-0.04826164245605469,0,0.112080228128689
A1LS8ZNECM4UBY,calibration,12fced6214a0251ca1b8fa84f69a989f9b75ec70673c1c2e06f13d82826b837e,3.0,58.0,19.333333333333332,33.0,0.6666666666666666,0.6666666666666666,54.0,18.0,82.0,27.333333333333332,0.792057792057792,0.6013986013986014,253.0,87.0,2.673752060047999,1.9459101490553132,0.3333333333333333,5.0,-1.5543580055236816,-1.5987179279327393,-0.04435992240905762,0,0.15878716408291413
A42TV8FJP7MI3,calibration,13098211f7a21c06369f54e92209aecc84187683cb1a675097be016a56a08f4c,4.0,132.0,33.0,33.0,1.0,1.0,116.0,29.0,627.0,156.75,0.3573926728538274,0.31970260223048325,344.0,116.0,2.388695194561643,1.791759469228055,0.5,5.0,-0.8449190258979797,-0.8475387692451477,-0.0026197433471679688,0,0.12418783783759497
A2EF1KIQ7TMPPF,calibration,1312ab5cefe3a4ba20f08195febd1c30209d4493ddda2bf755b14006f7a2afb9,2.0,34.0,17.0,34.0,0.5,0.5,30.0,15.0,40.0,20.0,0.8400000000000001,0.68,169.0,59.0,3.591176055942631,3.332204510175204,0.0,5.0,-1.0619107484817505,-1.0125045776367188,0.04940617084503174,1,0.20790541451983466
ATU8547UX4G9F,calibration,13160ec5f8d554270e6b0531d50f10a03e618b5cd5492d5f2c116de92ab8a689,11.0,235.0,21.363636363636363,34.0,0.7272727272727273,0.7272727272727273,211.0,19.181818181818183,835.0,75.9090909090909,0.699249849301609,0.1574074074074074,865.0,320.0,3.454887724973011,1.6094379124341003,0.09090909090909091,5.0,-1.340577483177185,-1.6620476245880127,-0.32147014141082764,0,0.13558846955141324
ASXYJ4JSZCBRI,calibration,1324f82625257856c80704511ab1f6fe0fdfc232b41c464a53924523bc1efc84,6.0,200.0,33.333333333333336,34.0,1.0,1.0,176.0,29.333333333333332,737.0,122.83333333333333,0.4630613642331256,0.273015873015873,514.0,176.0,3.265892973154131,1.9459101490553132,0.16666666666666666,5.0,-0.5656722784042358,-0.7408493161201477,-0.17517703771591187,0,0.13543391483113656
A2TE44DT7N8A0V,calibration,132956acf67bc583a95465cf6d1e305cc40e8bf59a865f8c219abd21d5509ee1,5.0,66.0,13.2,33.0,0.4,0.4,58.0,11.6,178.0,35.6,0.7966741807964978,0.48044692737430167,338.0,145.0,3.5794800829339737,2.3978952727983707,0.0,5.0,-0.5485554337501526,-0.5746991038322449,-0.026143670082092285,0,0.20702792598890454
ACWTHJJQCYG03,calibration,132a667c290e891e1d87c4b4e39ba5e9e2376b9553350e2bcbedf069b6ed893c,3.0,66.0,22.0,33.0,0.6666666666666666,0.6666666666666666,58.0,19.333333333333332,229.0,76.33333333333333,0.6650889850889851,0.31272727272727274,233.0,87.0,2.610671393501823,1.791759469228055,0.3333333333333333,5.0,-1.157069444656372,-1.095613956451416,0.061455488204956055,1,0.14558240217137708
A26HTPPUD3X1ZS,calibration,13460a54863b9738ae828886153a8f1222e4933e8249323f3fb45d164e53eae8,4.0,20.0,5.0,20.0,0.25,0.25,20.0,5.0,20.0,5.0,0.9523809523809523,0.8095238095238095,319.0,117.0,2.192026884918951,1.791759469228055,0.5,5.0,-0.3956363797187805,-0.5152866244316101,-0.11965024471282959,0,0.16925933931853174
ANO7EAXPYVRB3,calibration,1347cf46ef4fd816a2627f21a5f79bc1e7965e80252aca0151f942eafd670984,4.0,80.0,20.0,33.0,0.75,0.75,74.0,18.5,176.0,44.0,0.744544997486174,0.4,330.0,116.0,2.560435977737711,2.3025850929940455,0.0,5.0,-1.0152313709259033,-1.089143991470337,-0.0739126205444336,0,0.09623560617222088
A3JISBGMQM3J7Q,calibration,136d28947fc42c0167578e65127c5dc4e1eca6fcc1cc0c765b30ba0cfb5d0538,3.0,66.0,22.0,33.0,0.6666666666666666,0.6666666666666666,58.0,19.333333333333332,204.0,68.0,0.6657209818675219,0.35537190082644626,253.0,87.0,3.2032848248636356,2.5649493574615367,0.0,5.0,-1.349675178527832,-1.2502065896987915,0.09946858882904053,1,0.14788075511154802
A1J6YJ42ZEFYII,calibration,137f61f04f94537cac6b4c00cde896acf1ae956c490eb78bf67f598805a99392,3.0,99.0,33.0,33.0,1.0,1.0,87.0,29.0,350.0,116.66666666666667,0.43946893344027843,0.35537190082644626,257.0,87.0,1.7079879931344195,1.3862943611198906,1.0,5.0,-1.432631492614746,-1.4635156393051147,-0.030884146690368652,0,0.13038259889413834
A2RAHVQXI12VGA,calibration,138352fc64975915470d1cf426da6dd757e2f8d2ac600b0e139b97934d49269c,4.0,99.0,24.75,33.0,0.75,0.75,87.0,21.75,140.0,35.0,0.7375235016160855,0.6099290780141844,315.0,116.0,2.04717228111105,1.6094379124341003,0.5,5.0,-0.9732884168624878,-1.0766236782073975,-0.10333526134490967,0,0.12200891678682696
AFMLBF6Q826KR,calibration,138e75a75904200dc5e32907e3f7c3b760b33d58980f4508d71d04cb0a967551,3.0,65.0,21.666666666666668,33.0,1.0,1.0,61.0,20.333333333333332,72.0,24.0,0.7915564373897709,0.6825396825396826,258.0,87.0,3.276972286567098,2.70805020110221,0.0,5.0,-2.2054855823516846,-2.555431604385376,-0.3499460220336914,0,0.13037772163824773
ANLJII6QI7TEU,calibration,139c88b928c3d1482d9ca634b15049c2d86f244545246eb21040bb2dfbb125e5,3.0,99.0,33.0,33.0,1.0,1.0,87.0,29.0,323.0,107.66666666666667,0.4502918085432474,0.40375586854460094,258.0,87.0,2.4917797455222455,1.9459101490553132,0.3333333333333333,5.0,-0.9827459454536438,-1.5920915603637695,-0.6093456149101257,0,0.12074597190785026
AEM11EYUQROVQ,calibration,13b6cdd08153a00de48ac6cdc7a097698535c906d766bdc48cd5e4d60866a8bd,4.0,86.0,21.5,33.0,1.0,0.75,79.0,19.75,122.0,30.5,0.7699931538299498,0.5548387096774193,344.0,116.0,2.9485467424047718,1.6094379124341003,0.25,5.0,-2.0752809047698975,-2.228006362915039,-0.1527254581451416,0,0.14815992732636585
A2HNSWGBPZ2E3B,calibration,13b78b1c3708059f24abcb8ef806a57790cc247ab8627bef3eeb7858b020e730,8.0,144.0,18.0,35.0,0.625,0.625,132.0,16.5,290.0,36.25,0.771723599858969,0.41262135922330095,667.0,235.0,3.1747160274290733,1.9459101490553132,0.25,5.0,-0.271180123090744,-0.2710292339324951,0.00015088915824890137,0,0.1470881993339742
ADQUTB2TCWWTV,calibration,13c92991235548ca27db68b52507aa024a4fa4cb83a8549c235496ba36e0b03c,2.0,0.0,0.0,0.0,0.0,0.0,0.0,0.0,0.0,0.0,1.0,1.0,133.0,58.0,3.1457845697791598,2.4849066497880004,0.0,5.0,-1.3638882637023926,-1.398939609527588,-0.03505134582519531,0,0.21680506773378538
A87OAC23M1AVX,calibration,13d4bf71fbfb071e1e069e874e0861db34dff476e91d30f37c8de8b680b233d2,13.0,276.0,21.23076923076923,33.0,0.9230769230769231,0.9230769230769231,252.0,19.384615384615383,864.0,66.46153846153847,0.7321599353874364,0.1465076660988075,1097.0,377.0,3.268902538449741,1.6094379124341003,0.15384615384615385,5.0,-1.1482319831848145,-1.2461347579956055,-0.09790277481079102,0,0.09261366657215235
A1RNYEDG22K83,calibration,13d6eb8466fef5f3a902ad0be8b9ad1144a196a944c51506878ad7271dc8edd3,6.0,86.0,14.333333333333334,33.0,0.5,0.5,78.0,13.0,280.0,46.666666666666664,0.7719481051179806,0.33992094861660077,447.0,174.0,2.969630322609221,1.791759469228055,0.16666666666666666,5.0,-1.1852343082427979,-0.9534767866134644,0.2317575216293335,1,0.15726587081183552
A2Y6LIDX1DW26Q,calibration,13f04996e6339d40ee4197ba86bec0406c7dd5ae9e22287296533e74f6aae398,7.0,66.0,9.428571428571429,33.0,0.2857142857142857,0.2857142857142857,58.0,8.285714285714286,128.0,18.285714285714285,0.8784527574336491,0.5477707006369427,479.0,204.0,3.007214824043847,1.6094379124341003,0.14285714285714285,5.0,-1.0495123863220215,-1.1290041208267212,-0.07949173450469971,0,0.18798805381697284
A3SZECLY107BY2,calibration,13f189055d4251be8e4e3b9e4b931d853825ce9ecc97596f446727f5e99cd05f,10.0,299.0,29.9,34.0,0.9,0.9,263.0,26.3,1082.0,108.2,0.5032276989228509,0.30604982206405695,818.0,292.0,2.8578486664102494,1.791759469228055,0.1,5.0,-0.19631709158420563,-1.1344795227050781,-0.9381624460220337,0,0.09902844501731432
A2IDL9AFN5VN8L,calibration,13f76c28d7b09ca39b8615aa00cca395f0775d47e11267b5dc49eb80fcf0a7e1,4.0,49.0,12.25,33.0,0.5,0.5,45.0,11.25,284.0,71.0,0.7709826140087763,0.24079320113314448,304.0,116.0,3.8631798168359333,2.995732273553991,0.0,5.0,-0.47660642862319946,-1.1612632274627686,-0.6846567988395691,0,0.19544130943998664
A2Q4BMLCC0RYKR,calibration,13f7f10c9ef6e0f76cf977989dfe3ad443b76ecb4ba1181d83d45e6aff25de50,6.0,96.0,16.0,34.0,0.5,0.5,88.0,14.666666666666666,361.0,60.166666666666664,0.752257069248913,0.2507462686567164,468.0,175.0,2.502584243486831,1.6094379124341003,0.3333333333333333,5.0,-1.1363575458526611,-1.2274082899093628,-0.09105074405670166,0,0.13759601732335755
A3R144P0AZSY90,calibration,1406d997ae6a3c40bb7bd1d1446df31b3bc3162bbcf83467064e3ac9be39ac70,6.0,166.0,27.666666666666668,33.0,1.0,1.0,152.0,25.333333333333332,384.0,64.0,0.6285108083920877,0.40186915887850466,514.0,175.0,2.4558598078216534,1.0986122886681096,0.6666666666666666,5.0,-0.6805995106697083,-0.788966715335846,-0.1083672046661377,0,0.1265602207398856
A2KNSDQ9TG818P,calibration,140b11f706be1f75df41cf3eaca5eb02b5d0a3419c04baadc992babf484f0d39,5.0,142.0,28.4,33.0,1.0,1.0,126.0,25.2,330.0,66.0,0.6145123384939435,0.3788546255506608,430.0,145.0,1.8071973969662807,1.6094379124341003,0.8,5.0,-0.0338999405503273,-1.7748043537139893,-1.740904450416565,0,0.09812771609775292
A153LZZ5P998BC,calibration,1421f8466a37740aab79298f7d386c68fcabcdc6c240f39c8895fb1d3d2a0d1e,8.0,235.0,29.375,34.0,1.0,0.875,207.0,25.875,957.0,119.625,0.4982376705935446,0.2492753623188406,687.0,233.0,2.8246867937966185,1.3862943611198906,0.125,5.0,-0.6908325552940369,-0.804874062538147,-0.11404150724411011,0,0.11094652932789369
A3LCK7XLLPFDEI,calibration,1438e0ffbc65b8671109d2f3a6e5757b94a64be8e79e857434038050de7dece9,2.0,33.0,16.5,33.0,0.5,0.5,29.0,14.5,120.0,60.0,0.7087378640776699,0.4174757281553398,146.0,58.0,3.034212794122055,2.0794415416798357,0.0,5.0,-1.2929188013076782,-1.4827016592025757,-0.18978285789489746,0,0.16641257042808877
AFDC6M70FWQC8,calibration,1477a06adbe0912c3ba87f88739c3f02ecf8b5b6709a5023b4ca96d73863063a,8.0,223.0,27.875,33.0,0.875,0.875,200.0,25.0,416.0,52.0,0.6742700153866953,0.3659574468085106,652.0,232.0,2.501488388531532,1.3862943611198906,0.25,5.0,-1.2481695413589478,-1.5359110832214355,-0.2877415418624878,0,0.08577370985654767
A1D0APMZUU1MYX,calibration,1482e896c73b486d3d806568325346c88f09d7f0039f9ed8114a3c4230b1bd4d,11.0,299.0,27.181818181818183,34.0,0.8181818181818182,0.8181818181818182,263.0,23.90909090909091,908.0,82.54545454545455,0.5916826666827952,0.31386861313868614,920.0,322.0,1.9948340891427905,1.6094379124341003,0.45454545454545453,5.0,-0.20318011939525604,-1.23488450050354,-1.0317044258117676,0,0.07375584985200499
AEF7R8OM4ABJZ,calibration,14881ffc798a32b53f0f67e4728f550b5666101792404e87c97aaba7715b3064,3.0,56.0,18.666666666666668,33.0,0.6666666666666666,0.6666666666666666,52.0,17.333333333333332,76.0,25.333333333333332,0.8025652872197656,0.6187050359712231,248.0,87.0,3.3406012597847234,1.9459101490553132,0.3333333333333333,5.0,-1.2660223245620728,-1.593124270439148,-0.3271019458770752,0,0.22079938611046787
AZ7JEZZW830HX,calibration,14ab3fd836d7a14661b77cfe4cbc4060f7386cc19828a8a321fe56396bc34f10,14.0,290.0,20.714285714285715,33.0,0.8571428571428571,0.7142857142857143,262.0,18.714285714285715,1000.0,71.42857142857143,0.6912267556454534,0.215,1160.0,408.0,2.6249117812818743,1.0986122886681096,0.42857142857142855,5.0,-0.5823837518692017,-0.6704392433166504,-0.08805549144744873,0,0.10128888875871925
A2Q8KO3BR338Q5,calibration,14bb6b2d9e5702d2e41c337fd63a8c685a76accc6099fb0db2740654bf365295,2.0,33.0,16.5,33.0,0.5,0.5,29.0,14.5,39.0,19.5,0.844,0.688,160.0,58.0,2.312486406642136,1.791759469228055,0.5,5.0,-0.37498921155929565,-2.0712287425994873,-1.6962394714355469,0,0.17911795470115555
A104EJFDIR2C7R,calibration,14c9162746604649743768467025900db462d935674005752b86eb6a07d86aab,5.0,99.0,19.8,33.0,0.6,0.6,87.0,17.4,214.0,42.8,0.7503711511700625,0.3944954128440367,407.0,145.0,2.3467973700160227,1.791759469228055,0.4,5.0,-0.36865052580833435,-1.2867209911346436,-0.9180704355239868,0,0.12700013279859526
A38Z49JP51XS3M,calibration,14cade3894f357cbecf0f549f7f078b63a09779274e00eedea9a66db94ca8fcc,2.0,44.0,22.0,32.0,1.0,1.0,40.0,20.0,114.0,57.0,0.6689342403628118,0.4603174603174603,173.0,57.0,1.994492023282137,1.791759469228055,0.5,5.0,-1.3706163167953491,-1.591128945350647,-0.22051262855529785,0,0.10267501984494525
A2VIY2TL6QPYLG,calibration,14e303ad7a56d38eeb88dc5c8d73c7aeab24e5dfd1852f1d47a6719243c1e17d,4.0,121.0,30.25,33.0,1.0,1.0,109.0,27.25,246.0,61.5,0.6262046020579612,0.3891402714932127,343.0,117.0,3.6135799534876107,2.0794415416798357,0.0,5.0,-0.4649011492729187,-3.597625255584717,-3.1327240467071533,0,0.1502692123064795
A30KBJ77PO1GE6,calibration,15037027fb63d0b2c591e20e93027dc6c92cc568786a3c0445f9995914866cf6,2.0,55.0,27.5,33.0,1.0,1.0,51.0,25.5,89.0,44.5,0.6791938997821351,0.5620915032679739,172.0,58.0,3.985888061440314,3.737669618283368,0.0,5.0,-0.8964912295341492,-0.8770378232002258,0.01945340633392334,0,0.1811927227228725
A39EA0O2NYRAX3,calibration,1503db66599e1c2694da2014b0d3e3c77097cbd9967ad9db8db437aded6bfe4a,2.0,33.0,16.5,33.0,0.5,0.5,29.0,14.5,102.0,51.0,0.7287234042553191,0.4574468085106383,135.0,58.0,2.92177220851568,1.6094379124341003,0.5,5.0,-1.528428554534912,-1.5005537271499634,0.02787482738494873,1,0.23036410234688198
AP44J9A3AVGAN,calibration,152a75a09050a83e8a2d40d350911fb964d14e10da60afd5986f7d3aba97b1bb,2.0,66.0,33.0,33.0,1.0,1.0,58.0,29.0,245.0,122.5,0.46402877697841727,0.30935251798561153,172.0,58.0,2.5795276496072646,1.791759469228055,0.5,5.0,-0.7842129468917847,-2.5840916633605957,-1.799878716468811,0,0.14093390865029315
A24KBIHD8Y345A,calibration,152e82775beecbbbc9a81ebc86b3517e7f4f39244e8c55271547c2fdd5a5b7d8,2.0,67.0,33.5,34.0,1.0,1.0,59.0,29.5,200.0,100.0,0.49110022326966013,0.3706896551724138,171.0,59.0,3.8120652928306447,3.1354942159291497,0.0,5.0,-0.7560864090919495,-1.6107097864151,-0.8546233773231506,0,0.1731747618022408
A2RGEQ4EOILD9Q,calibration,15355fa8100b04fe2aeaf346d9370caad1c5c7b71a31d31bc11405ec92908019,2.0,0.0,0.0,0.0,0.0,0.0,0.0,0.0,0.0,0.0,1.0,1.0,139.0,57.0,2.04717228111105,1.6094379124341003,0.5,5.0,-1.1526644229888916,-1.2620044946670532,-0.10934007167816162,0,0.19005997678705688
AS66GS1PE5YVO,calibration,153d43cc3458e1d79d380723b8db6f7d8b171117e40397e1c0152c0db979ca93,2.0,33.0,16.5,33.0,0.5,0.5,29.0,14.5,57.0,28.5,0.8006993006993006,0.6013986013986014,160.0,59.0,2.0794415416798357,2.0794415416798357,0.0,5.0,-1.2844438552856445,-1.434903860092163,-0.15046000480651855,0,0.10803069278604532
A1QRICS543MVIB,calibration,153f53db4ae895b2f88f2d917e2696265ab3a201cf1129c019bb6faca45bc288,5.0,85.0,17.0,33.0,0.8,0.6,80.0,16.0,563.0,112.6,0.7352481649785406,0.14261744966442952,401.0,145.0,2.959305558661243,1.9459101490553132,0.2,5.0,-0.24029870331287384,-1.970146894454956,-1.7298481464385986,0,0.13520821299425856
AJKK4G0MD4OIA,calibration,154923d019a2b54c4860d9f2b1bc0301dfc2dea2e17ffc40f83a9b6aa0b1fc81,6.0,99.0,16.5,34.0,0.6666666666666666,0.6666666666666666,91.0,15.166666666666666,273.0,45.5,0.7543885653852453,0.40865384615384615,480.0,176.0,2.7041960477269265,1.6094379124341003,0.3333333333333333,5.0,-0.6410716772079468,-0.8028485178947449,-0.1617768406867981,0,0.14015883394277073
A3CLWZGMC7M9Z1,calibration,1556da465749ba2b141e8a04bc4279ec1699a002d536ab31a3a01433058ee128,18.0,356.0,19.77777777777778,33.0,0.6666666666666666,0.6111111111111112,316.0,17.555555555555557,1058.0,58.77777777777778,0.7213426188331389,0.18655097613882862,1369.0,523.0,3.3480011764532587,2.197224577336219,0.0,5.0,-1.2189507484436035,-1.197827935218811,0.02112281322479248,1,0.0884708212688025
A3ACQXKMCU4ZCQ,calibration,155f00a0e9cea4a6403a18d91b1e830827aa3215f7cf71d14dc414e34e3da430,6.0,117.0,19.5,33.0,0.6666666666666666,0.6666666666666666,105.0,17.5,221.0,36.833333333333336,0.7697257215480203,0.40375586854460094,445.0,175.0,2.7746184471675117,1.9459101490553132,0.16666666666666666,5.0,-1.432469129562378,-1.511734962463379,-0.07926583290100098,0,0.1212266913895566
AE4RZCGB5RDH8,calibration,15619c759a3b64780481c77c639eb87fec376ec4c6ba0926b1e7bee71e49b7a8,2.0,54.0,27.0,33.0,1.0,1.0,50.0,25.0,125.0,62.5,0.6281849483521889,0.45263157894736844,172.0,58.0,2.6155543084272934,2.3978952727983707,0.0,5.0,-0.9013040661811829,-2.5593104362487793,-1.6580064296722412,0,0.09908458089755745
A12ZPX7NST48Q4,calibration,156c2e753873fd52facce5e3d4101d58defeae75eeca2ef146d8969ae53af922,2.0,33.0,16.5,33.0,0.5,0.5,29.0,14.5,100.0,50.0,0.7311827956989247,0.46236559139784944,139.0,58.0,1.242453324894,1.0986122886681096,1.0,5.0,-0.5078867077827454,-0.7363779544830322,-0.22849124670028687,0,0.1457307637902859
AX7NRFYUHG70M,calibration,15847d46984c679dcd05d8d54dd07a407187e8634b0e9fd9623ae68c9f3ccd8c,3.0,67.0,22.333333333333332,32.0,1.0,1.0,64.0,21.333333333333332,67.0,22.333333333333332,0.7969994777572046,0.7288135593220338,258.0,87.0,2.988146611179786,2.833213344056216,0.0,5.0,-1.6658008098602295,-1.6357818841934204,0.030018925666809082,1,0.11150114750432301
AS8V12QAP5YYL,calibration,159382093fbce7329d227ff7df0983450becb9b2193033c46d8d22258511852c,3.0,31.0,10.333333333333334,21.0,0.6666666666666666,0.6666666666666666,31.0,10.333333333333334,31.0,10.333333333333334,0.8976045883940621,0.7980769230769231,231.0,90.0,2.06818592085623,1.6094379124341003,0.3333333333333333,5.0,-1.3190683126449585,-1.223416805267334,0.09565150737762451,1,0.11570587868575741
A1FEXRXE2HOTSF,calibration,15a8f2992cccde43f1616ffc3a6caaa32975f9230cb489600101871350fe9525,3.0,29.0,9.666666666666666,15.0,0.6666666666666666,0.6666666666666666,29.0,9.666666666666666,29.0,9.666666666666666,0.9038283828382839,0.8514851485148515,250.0,87.0,2.328238773372755,1.791759469228055,0.3333333333333333,5.0,-0.04453015699982643,-0.28898191452026367,-0.24445176124572754,0,0.12721212420717587
A2OASA5WU0Y7CV,calibration,15aa602e4db49d882523b81caeb0fdfb7632af54c142d10cf302d145c29d64cb,7.0,165.0,23.571428571428573,35.0,0.7142857142857143,0.7142857142857143,149.0,21.285714285714285,491.0,70.14285714285714,0.6523440353450354,0.29965156794425085,547.0,208.0,3.6937136244468296,2.197224577336219,0.0,5.0,-0.8541521430015564,-0.9077563285827637,-0.053604185581207275,0,0.16267472331645963
ADQOVML1E5L4A,calibration,15abd9d66b60ebd6a4890c8c1d7c42e27beb3129f45bceabc2d4e9232afc6ae7,5.0,73.0,14.6,33.0,0.6,0.6,69.0,13.8,78.0,15.6,0.8646594405372596,0.6935483870967742,409.0,145.0,3.955841919243703,3.526360524616161,0.0,5.0,-0.7608736753463745,-0.9862874150276184,-0.2254137396812439,0,0.19200667788295045
A307Y5TTLG6H4X,calibration,15ce314c794bd7f91d2e2f5b2a06cac492bb9cfba70c5ac87e0cec3e0c403033,2.0,36.0,18.0,33.0,1.0,0.5,32.0,16.0,213.0,106.5,0.6284163376860006,0.2905405405405405,172.0,58.0,1.7005986908310775,1.6094379124341003,1.0,5.0,-1.792344093322754,-1.6486566066741943,0.14368748664855957,1,0.1369199458935047
A30PY8WWO2DKW9,calibration,15ced93c343b8a598f5cf9a60dde78827d5744b40ae9e183c097746e253fb74c,3.0,24.0,8.0,12.0,0.6666666666666666,0.6666666666666666,24.0,8.0,24.0,8.0,0.9183673469387754,0.8775510204081632,227.0,87.0,2.4241327975233484,2.0794415416798357,0.0,5.0,-0.9016425013542175,-1.043416976928711,-0.1417744755744934,0,0.10245326738097925
A3QFD0J9ZWFOHX,calibration,15dfe57a4354938b77f45ee2d48ada858b641e204e0e66475b6a1aced8fdc5e8,2.0,67.0,33.5,34.0,1.0,1.0,59.0,29.5,149.0,74.5,0.5653295365440965,0.43147208121827413,171.0,59.0,2.418140953475739,1.9459101490553132,0.5,5.0,-1.089059591293335,-1.2952755689620972,-0.2062159776687622,0,0.13807572265552456
A24RCBRDXRXR0Y,calibration,15e1b3ae72dda5fa79ed6e8df5d2aeaefb25d17ceb7eaa2ede6976854a034b88,20.0,554.0,27.7,35.0,0.85,0.85,490.0,24.5,1862.0,93.1,0.556855833264901,0.28135593220338984,1643.0,584.0,3.4085360147327153,2.197224577336219,0.0,5.0,-0.4541737139225006,-1.2160005569458008,-0.7618268728256226,0,0.0762587311768989
A17GTGSS2E5QN0,calibration,15e454f4646ac4eca5a97a414af2e349f61e824fd22490755b6d355c172f9e71,2.0,33.0,16.5,33.0,0.5,0.5,29.0,14.5,236.0,118.0,0.6335403726708074,0.2670807453416149,131.0,58.0,4.0046815383150225,3.9318256327243257,0.0,5.0,-1.614863395690918,-1.4466228485107422,0.16824054718017578,1,0.1969129383120615
A2KDRA8S043UHP,calibration,15e54f88e9dfb4dd7e46bdc6c5595d57cb5cedba98aa7315bf0bc2fb517a5b18,2.0,38.0,19.0,33.0,1.0,0.5,34.0,17.0,39.0,19.5,0.8308608058608058,0.7166666666666667,172.0,58.0,2.9318155877990484,2.0794415416798357,0.0,5.0,-0.700002908706665,-1.0857932567596436,-0.3857903480529785,0,0.15556487980294056
A3W56OT4J58OKF,calibration,15ed00a0279d010dec9928e16375c3e59911b0ba1e0693e59305c79b71df96f1,4.0,44.0,11.0,33.0,0.5,0.5,40.0,10.0,70.0,17.5,0.8699253466050479,0.593103448275862,315.0,116.0,3.0640012535695957,1.791759469228055,0.25,5.0,-1.894848108291626,-2.336912155151367,-0.4420640468597412,0,0.19191888931854956
A3E56JORRTDYP7,calibration,15fa2caf4f364cd11d3df07735cec90dbf453b25b3a800cd75ea7b92fa3cc1f2,2.0,52.0,26.0,33.0,1.0,1.0,48.0,24.0,78.0,39.0,0.7060755336617406,0.593103448275862,172.0,58.0,3.9976533101454113,3.7612001156935624,0.0,5.0,-0.6587924361228943,-0.9073824882507324,-0.24859005212783813,0,0.1813873392449472
AV52HFI0M0ELQ,calibration,160f17b14f3f3f79e4e818c9b1800717c0e1f942efeeadc7b263ff66671d84c4,3.0,20.0,6.666666666666667,15.0,0.6666666666666666,0.3333333333333333,20.0,6.666666666666667,20.0,6.666666666666667,0.9321800311899322,0.8514851485148515,236.0,87.0,2.89648813745223,2.3025850929940455,0.0,5.0,-0.6069871783256531,-1.153208613395691,-0.5462214350700378,0,0.14840604815770406
A29UNXK7F3S93L,calibration,162174405bb11cc37c7f8556462e7122073b0c77245e0e73f53e27cc672d1049,4.0,106.0,26.5,34.0,1.0,1.0,98.0,24.5,194.0,48.5,0.6710143695365012,0.5058823529411764,343.0,117.0,2.1190927992239956,1.3862943611198906,0.5,5.0,-0.7427239418029785,-1.0642131567001343,-0.32148921489715576,0,0.10664030562063441
A38AIYQCHFF68A,calibration,1637bfe4ca122ef3b712f5376549b60b4b780f12ab9938a6cf5d04ed2eabc200,17.0,297.0,17.470588235294116,33.0,0.5882352941176471,0.5882352941176471,269.0,15.823529411764707,512.0,30.11764705882353,0.7923704859098044,0.5088757396449705,1329.0,495.0,3.033491931954073,1.6094379124341003,0.11764705882352941,5.0,-0.41398221254348755,-1.5167124271392822,-1.1027302742004395,0,0.08453027889356733
A2OHEOE34LLQBO,calibration,163f23eb343ad6c965c6c99adf07d13021ec98aff1e91d1e822f466e4c0d6946,2.0,37.0,18.5,26.0,1.0,1.0,37.0,18.5,37.0,18.5,0.8255912162162162,0.7657657657657657,170.0,59.0,2.2154083994216567,1.9459101490553132,0.5,5.0,-0.3767108917236328,-0.7990070581436157,-0.4222961664199829,0,0.11909868288148441
A3GXFT6MRZK99N,calibration,16566d9cd2bb70fb6dfd3daa4bf2eeb9799919b0878b185d4b668a8ee81ecca3,10.0,178.0,17.8,34.0,0.6,0.6,162.0,16.2,741.0,74.1,0.7431817977175105,0.16074766355140188,720.0,294.0,3.9206121913008802,2.0794415416798357,0.0,5.0,-0.49308663606643677,-1.6717714071273804,-1.1786847114562988,0,0.18380481611798702
AZK9CCTYQNRNL,calibration,165eb929eced4cc569b5116c7b3be58df6b25c69eaede2d9fa0064e45a2f2a42,20.0,535.0,26.75,34.0,0.9,0.9,479.0,23.95,1798.0,89.9,0.5757969132020726,0.28104575163398693,1694.0,581.0,2.6917930187250723,1.6094379124341003,0.2,5.0,-0.4493665099143982,-0.8585279583930969,-0.40916144847869873,0,0.05900002734175814
A27FD1YUH2APZO,calibration,16635a2cfbeb410f1082bbdb5fe69261768ee256c8cdcc4509bceb6da9c79b6f,4.0,131.0,32.75,34.0,1.0,1.0,117.0,29.25,386.0,96.5,0.5324509724496562,0.27960526315789475,342.0,117.0,2.1429203441750766,1.6094379124341003,0.5,5.0,-1.1258970499038696,-1.2581660747528076,-0.132269024848938,0,0.10222671181823353
A2S4K12ZRWAEJR,calibration,166ce7dac6da860874e8e37b35b6dc39b8d856d1d64c4b50b313100f20935536,4.0,66.0,16.5,33.0,0.5,0.5,58.0,14.5,176.0,44.0,0.7497996794871795,0.4479166666666667,318.0,116.0,2.66839894355805,1.6094379124341003,0.25,5.0,-1.2193695306777954,-1.2402279376983643,-0.020858407020568848,0,0.16072333501546965
ATO06M2U1Q15L,calibration,166ce7fcb94ed4975297d553b4707a80c961a4492514ba7e542d1e46a93ff9dc,3.0,33.0,11.0,33.0,0.3333333333333333,0.3333333333333333,29.0,9.666666666666666,67.0,22.333333333333332,0.8540305010893245,0.5620915032679739,238.0,87.0,2.1323098850720488,1.6094379124341003,0.6666666666666666,5.0,-1.2696937322616577,-1.471076250076294,-0.20138251781463623,0,0.18536332116431212
A2S6EIJSP6UBUW,calibration,168bcce0a469cc8c87fce0ed1a4d891804a0456242e96c86bb531e09206b224d,3.0,68.0,22.666666666666668,35.0,0.6666666666666666,0.6666666666666666,60.0,20.0,538.0,179.33333333333334,0.5525664811379097,0.15769944341372913,218.0,90.0,2.652858967937966,2.3978952727983707,0.0,5.0,-1.7109369039535522,-1.8335459232330322,-0.12260901927947998,0,0.10101324709212603
A1J1KO98HQ80YW,calibration,169bd9b87c8bb82b5411021c3701d48d93b8425a2a97134bf837d23846782b5f,2.0,0.0,0.0,0.0,0.0,0.0,0.0,0.0,0.0,0.0,1.0,1.0,108.0,58.0,3.8331109628313627,3.5553480614894135,0.0,5.0,-1.4350295066833496,-1.4005635976791382,0.034465909004211426,1,0.268014180815452
AC5AJ4N72WAG9,calibration,16a6fe05c3710e27f5229a669578e2bcfbcbf0b2984ec2d536faad2c160e4e48,2.0,66.0,33.0,33.0,1.0,1.0,58.0,29.0,196.0,98.0,0.4748102139406487,0.41545893719806765,172.0,58.0,1.7776740307447068,1.6094379124341003,1.0,5.0,-1.537814736366272,-1.4813963174819946,0.056418418884277344,1,0.1422477419235641
AEVO0UWFCAK02,calibration,16c7352821af1f266b0426d5929ee6bba9ca85176e2cb0707e53229b17eac964,8.0,207.0,25.875,34.0,0.875,0.75,183.0,22.875,761.0,95.125,0.5594076959150023,0.2910958904109589,643.0,236.0,3.204541373931487,2.0794415416798357,0.0,5.0,-1.1277316808700562,-1.659420371055603,-0.5316886901855469,0,0.12401186600121566
A2FYOI0JA5MP9Z,calibration,171212d28d64dc47ca5509f5134b21d352e0c23bd883065e538b9d46c5915de7,8.0,175.0,21.875,33.0,0.75,0.75,159.0,19.875,413.0,51.625,0.7046259697736537,0.3944954128440367,622.0,232.0,3.3847840114146224,2.772588722239781,0.0,5.0,-1.0231530666351318,-1.094989538192749,-0.07183647155761719,0,0.11772070698537614
A2UF1LG383U72L,calibration,1716d32b51177365d5183751c0912281c0e9716cc32213e5b2b7cca47c51c57e,4.0,137.0,34.25,35.0,1.0,1.0,121.0,30.25,544.0,136.0,0.38455635043804315,0.3333333333333333,335.0,121.0,2.249904835165132,1.6094379124341003,0.25,5.0,-0.22479410469532013,-1.5838289260864258,-1.359034776687622,0,0.10054339042703603
A1SGYMJC1ESE27,calibration,171b08a9a0efd2299cf9ad9a6d6da9c05463f34e8464f7bee55b66f6452ab58d,2.0,67.0,33.5,34.0,1.0,1.0,59.0,29.5,891.0,445.5,0.3612010068320748,0.09277238403451996,171.0,59.0,2.34106561356211,1.791759469228055,0.5,5.0,-0.9111987948417664,-0.9860523343086243,-0.07485353946685791,0,0.06654927605922781
A1OLSW8DPUIQSA,calibration,171fb8382e4a87042c946f0646465d0038aaeb7bcb816c46c0e5410cf90a6e3e,2.0,66.0,33.0,33.0,1.0,1.0,58.0,29.0,217.0,108.5,0.4442998300042499,0.41346153846153844,172.0,58.0,2.178354413344796,1.791759469228055,0.5,5.0,-2.117824077606201,-2.091123342514038,0.026700735092163086,1,0.12297096304729924
A3Q4GE8F5OD1HV,calibration,1720047066af5ab3342cc2fec284fcf3279ca53eda76ea4e43c0539a5a47fe53,4.0,74.0,18.5,33.0,0.75,0.75,69.0,17.25,156.0,39.0,0.7632443121222894,0.425,318.0,116.0,2.7403194616709956,2.3025850929940455,0.0,5.0,-1.1688538789749146,-1.5786327123641968,-0.4097788333892822,0,0.10675413651005021
A151IA6N46ZMQA,calibration,17287cfb072c647b3a4878ae94343c00724fc2ebf55594c98f84247386875c43,2.0,0.0,0.0,0.0,0.0,0.0,0.0,0.0,0.0,0.0,1.0,1.0,118.0,58.0,2.4414009612931853,1.791759469228055,0.5,5.0,-1.5804119110107422,-1.63558030128479,-0.05516839027404785,0,0.2265927659865447
A1QL898DOQT0JB,calibration,175a1556e0050860499d78ca963e48cea513995e1910acc6af0d436c42e56acc,3.0,83.0,27.666666666666668,33.0,1.0,1.0,79.0,26.333333333333332,149.0,49.666666666666664,0.6718490420244807,0.4648648648648649,258.0,87.0,2.5944080054453456,2.3025850929940455,0.0,5.0,-1.785212516784668,-2.0687766075134277,-0.28356409072875977,0,0.09231082941112674
AKJAYC10UDO1R,fit,0008f89af6a57659f7ef9547a1b7bc9cfbc70149b038c264651a9e13e216ff8a,2.0,67.0,33.5,34.0,1.0,1.0,59.0,29.5,262.0,131.0,0.39735385679695606,0.3559322033898305,170.0,59.0,2.983073369561846,2.70805020110221,0.0,5.0,-1.6521797180175781,-1.5356957912445068,0.11648392677307129,1,0.11755716788716761
A2NPRTXUAOYSUE,fit,000f9c300ede0b5de207876971ff6e78616c0c97ba476324c5b59988a07be660,3.0,99.0,33.0,33.0,1.0,1.0,87.0,29.0,305.0,101.66666666666667,0.4671757464053803,0.3805309734513274,258.0,87.0,2.914510544542322,2.3025850929940455,0.0,5.0,-0.44250601530075073,-0.3570604920387268,0.08544552326202393,1,0.11444058640609907
A3FVAWZNKW9GX,fit,001c9736c5f45305a7f0ecc782e9fe111f18029f09ca96e80933cb6e4265fe13,4.0,133.0,33.25,34.0,1.0,1.0,117.0,29.25,598.0,149.5,0.37565704168204034,0.2961672473867596,343.0,117.0,3.0558430356520585,2.6390573296152584,0.0,5.0,-1.5730483531951904,-1.5453513860702515,0.027696967124938965,1,0.11305662428196019
A1WQZ0DF76GZRR,fit,001f9a9f8a733fb724f14768afae47bedb64ec9d07e46847b5dc5362bf63aed4,2.0,33.0,16.5,33.0,0.5,0.5,29.0,14.5,539.0,269.5,0.5688,0.1376,150.0,58.0,4.093092997113041,3.295836866004329,0.0,5.0,-2.237104892730713,-2.295199155807495,-0.05809426307678223,0,0.1677266213108912
A1HF7HD4IO7ZJI,fit,00210e24633ba26579c72f4eca1e43cd9fadf5a99f4cc6f2540af0d7bcd3c208,10.0,283.0,28.3,34.0,1.0,1.0,255.0,25.5,1009.0,100.9,0.6030726816066863,0.1382636655948553,858.0,292.0,3.1610681384450436,1.9459101490553132,0.1,5.0,-1.5522329807281494,-2.211609125137329,-0.6593761444091797,0,0.09241592221735165
A1J3OQ40G22L71,fit,0026ba1f891593f608e1f28b5bfc28152e7da53d4919838866f69fa43db19578,2.0,38.0,19.0,33.0,1.0,0.5,34.0,17.0,163.0,81.5,0.6487569807241939,0.3524590163934426,172.0,58.0,3.8198211439290066,3.044522437723423,0.0,5.0,-1.5834565162658691,-1.6071174144744873,-0.023660898208618164,0,0.1901752403849299
AQ6SHOW0VMZGF,fit,002d2c3484f3bcde966511740120a5f78e432aaf068546754c65a4e7ea77b391,4.0,133.0,33.25,34.0,1.0,1.0,117.0,29.25,232.0,58.0,0.6062427573093041,0.48863636363636365,343.0,117.0,2.8227577832641124,1.6094379124341003,0.25,5.0,-2.659019947052002,-2.988248825073242,-0.32922887802124023,0,0.13067475419350477
A31U9NN8X7HXIH,fit,003268ec3842a6b6b4582ea5c0fb423a9be8c5bd015e2c4250c274f603d713f8,2.0,33.0,16.5,33.0,0.5,0.5,29.0,14.5,90.0,45.0,0.7443181818181819,0.48863636363636365,156.0,58.0,2.8617925509761903,2.833213344056216,0.0,5.0,-1.1752846240997314,-1.263852834701538,-0.08856821060180664,0,0.14379786669030195
A1XU4ZI0NUZ68M,fit,0035e8cbac30d8b6d70fbca479de103348f42794027365238e43739532090e6a,3.0,99.0,33.0,33.0,1.0,1.0,87.0,29.0,359.0,119.66666666666667,0.4595232993883176,0.32950191570881227,258.0,87.0,1.8782632010564164,1.3862943611198906,0.6666666666666666,5.0,-1.1382390260696411,-1.201134204864502,-0.06289517879486084,0,0.11129452491371897
A21U2R8YBJA5Y0,fit,0043ccd11e83ea274b4c9aa6f239e4aaf185616b13a70d29e686d4fe24cd1efa,4.0,99.0,24.75,33.0,0.75,0.75,87.0,21.75,243.0,60.75,0.6407494058229353,0.45989304812834225,315.0,116.0,2.66839894355805,2.197224577336219,0.0,5.0,-1.3408422470092773,-1.9102954864501953,-0.569453239440918,0,0.11181933787463114
A3NC0UA98KNEZM,fit,00489709e7dc463b602d05550d449d4057fe363377628a70dd196f9b10da3ef6,7.0,133.0,19.0,34.0,0.5714285714285714,0.5714285714285714,117.0,16.714285714285715,252.0,36.0,0.7644391879185793,0.49707602339181284,505.0,204.0,4.139041492898989,3.4657359027997265,0.0,5.0,-1.1559311151504517,-1.2184213399887085,-0.062490224838256836,0,0.19622833282422542
A357B1R6P3TSKI,fit,004ccbff6b956377fb747f854131a0fc213cecb6c039986e79d467ab944b24db,3.0,100.0,33.333333333333336,34.0,1.0,1.0,88.0,29.333333333333332,1110.0,370.0,0.32999915370523736,0.09277238403451996,257.0,88.0,2.3052411495437712,1.3862943611198906,0.3333333333333333,5.0,-1.2670482397079468,-1.6601569652557373,-0.3931087255477905,0,0.08285320258855447
A3BTL4FV6ODKAT,fit,004f48095cb04518ef761a7f31c9789d53ca2eea789d78684b9cf31cb35f843a,20.0,388.0,19.4,35.0,0.6,0.6,344.0,17.2,1070.0,53.5,0.7081406450147278,0.3739130434782609,1491.0,583.0,3.294184692400487,2.4849066497880004,0.0,5.0,-0.6764367818832397,-0.7397137880325317,-0.06327700614929199,0,0.08335630918334859
A9NE9ZFK22BNY,fit,0058c145bb1573668bb7596ab1a93fe3b8b4f661ed1b52a71b3db08772a017d2,2.0,33.0,16.5,33.0,0.5,0.5,29.0,14.5,233.0,116.5,0.6347962382445141,0.26959247648902823,172.0,58.0,3.3876830454681954,2.4849066497880004,0.0,5.0,-1.471629023551941,-1.5621787309646606,-0.09054970741271973,0,0.16873897804441385
A3LVDB70Z5ZNP,fit,005d2cda0700c1d1b627f5b4bf845702e82150227f2f8823054c39b3deb791f5,6.0,133.0,22.166666666666668,33.0,1.0,0.8333333333333334,123.0,20.5,214.0,35.666666666666664,0.7558855472782701,0.43,516.0,174.0,2.5029001993476476,1.6094379124341003,0.3333333333333333,5.0,-1.1739213466644287,-1.3549715280532837,-0.18105018138885498,0,0.0998972565147988
A2F1G2IKVW6610,fit,00606e572675eb02db4edfb3e08356710429d87e204a47773fdc8ec7c57a2f40,2.0,62.0,31.0,33.0,1.0,1.0,58.0,29.0,99.0,49.5,0.6495540691192865,0.5512820512820513,172.0,58.0,2.787974551573158,2.4849066497880004,0.0,5.0,-1.3687372207641602,-1.305214762687683,0.06352245807647705,1,0.11553911116007796
A1UNI64M36ZLFC,fit,0060f6296ccea0373b1bd7298e07784703166e9ea85bef8de20f8af6e1f4a9b7,20.0,393.0,19.65,34.0,0.8,0.7,356.0,17.8,1975.0,98.75,0.7074276857369253,0.09277238403451996,1660.0,581.0,2.757338920091855,1.6094379124341003,0.35,5.0,-1.1196991205215454,-1.1851516962051392,-0.06545257568359375,0,0.10830738271919481
A28BV2W5BO5KFU,fit,00653391aa12184c6fe48d16f6c86d5198dfc6b9eb42810aacf3f64a54f8c437,3.0,81.0,27.0,33.0,1.0,1.0,73.0,24.333333333333332,275.0,91.66666666666667,0.5818131249920987,0.29411764705882354,254.0,88.0,2.7940201724749136,1.9459101490553132,0.3333333333333333,5.0,-0.1746966391801834,-1.424920678138733,-1.250223994255066,0,0.12704559019782113
A3PPXFIVMJ9MV8,fit,006efae6c8f772b5a2f043c4a1d7e27e47820a9de96e31e719c3cc46f02e4f9d,5.0,154.0,30.8,33.0,1.0,1.0,138.0,27.6,940.0,188.0,0.4259328093387838,0.1419141914191419,430.0,145.0,3.560538596516384,2.70805020110221,0.0,5.0,-1.5640170574188232,-1.5869696140289307,-0.022952556610107422,0,0.13361388572530083
AU4C2605UPXLR,fit,006f0b5746cde0319cf8e758b6d62f2e2290c097676aa4234c8942dad8f6c79c,2.0,55.0,27.5,35.0,1.0,1.0,51.0,25.5,91.0,45.5,0.6757296466973887,0.5419354838709678,169.0,61.0,2.4181409534757385,2.197224577336219,0.0,5.0,-0.663937509059906,-0.9686611890792847,-0.30472368001937866,0,0.09609334718612587
A3RN32JBRAK1FP,fit,007fe87d273d97f44c1cb5d25e172541a95cea96fa91fd75437968b4a91728e8,3.0,77.0,25.666666666666668,33.0,1.0,1.0,69.0,23.0,114.0,38.0,0.714502317249924,0.5850340136054422,258.0,87.0,2.2444672972791193,1.6094379124341003,0.6666666666666666,5.0,-1.059182047843933,-1.2506961822509766,-0.19151413440704346,0,0.1346867006025808
A26BDXG9KVH7SU,fit,0084ffd0541de56e371af2fd7a00d71574ef7ca746f19b6ccfa16cb6b9ada04b,20.0,316.0,15.8,34.0,0.5,0.5,280.0,14.0,810.0,40.5,0.781256003214732,0.2670807453416149,1421.0,582.0,3.201508402344852,1.791759469228055,0.05,5.0,-0.5299339890480042,-1.5849907398223877,-1.0550568103790283,0,0.09477672918318518
A3IMK08UX0I46A,fit,00889a604ef21810094b61d8ecd33d1e683e4280da4808eab78bb93abc66534e,20.0,359.0,17.95,34.0,0.6,0.55,320.0,16.0,778.0,38.9,0.765412877528646,0.35714285714285715,1477.0,586.0,3.1626099905505756,1.3862943611198906,0.05,5.0,-0.6135870814323425,-0.9730459451675415,-0.359458863735199,0,0.0828018756801847
A3JD87DUPU2I56,fit,009422e633826cdb2ed0e058391ce5264e41e6030ddc9651ec36da302400044f,9.0,212.0,23.555555555555557,34.0,0.7777777777777778,0.7777777777777778,188.0,20.88888888888889,435.0,48.333333333333336,0.696397105000544,0.4381443298969072,742.0,264.0,2.4789089724746,1.6094379124341003,0.2222222222222222,5.0,-0.6484682559967041,-1.4849032163619995,-0.8364349603652954,0,0.08787813495497597
A2KOOQINUMPGDZ,fit,009767aa91c15b01b465234138c90d918d0003229b63fb3eb7a1e3e13fc0160f,2.0,58.0,29.0,33.0,1.0,1.0,54.0,27.0,158.0,79.0,0.5837344193508577,0.3926940639269406,172.0,58.0,1.7776740307447068,1.6094379124341003,1.0,5.0,-1.132619857788086,-1.3616636991500854,-0.2290438413619995,0,0.13471518906681101
A6YEAHCVOHKWM,fit,0097b98f35e03dd8a65f175e712017b1ce54ed6ec390047a08f620559f799a3d,6.0,142.0,23.666666666666668,33.0,0.8333333333333334,0.8333333333333334,130.0,21.666666666666668,413.0,68.83333333333333,0.661905435507211,0.27564102564102566,510.0,175.0,2.1511979992898826,1.3862943611198906,0.6666666666666666,5.0,-0.8674480319023132,-1.2832186222076416,-0.41577059030532837,0,0.11414159884351276
A1HBI9BBQIG1NH,fit,0098d355a7a089b3d0a97a410321279de0e043c9210a58ba803fae7442b62050,3.0,66.0,22.0,33.0,0.6666666666666666,0.6666666666666666,58.0,19.333333333333332,233.0,77.66666666666667,0.6181294869907931,0.3944954128440367,253.0,87.0,2.8572271255667694,2.3978952727983707,0.0,5.0,-0.924537181854248,-1.4144649505615234,-0.4899277687072754,0,0.12977229166197665
A3HLAMP842AMWI,fit,00990a6fca5f86853ca4829a780668748f6340033d5000f95f3eab29fa86398c,3.0,59.0,19.666666666666668,33.0,0.6666666666666666,0.6666666666666666,55.0,18.333333333333332,115.0,38.333333333333336,0.7530952380952382,0.49142857142857144,236.0,87.0,2.9039790894029163,2.197224577336219,0.0,5.0,-1.5562738180160522,-2.0147910118103027,-0.4585171937942505,0,0.13655340463330143
AQJI6M1E30R0,fit,009c6284a3ac0fe8ca23b492ae4dd02510fc12449899f4d5825bdb0c9240c574,4.0,65.0,16.25,33.0,0.5,0.5,57.0,14.25,242.0,60.5,0.7084533376689739,0.41148325358851673,257.0,115.0,4.607282199609598,4.304065093204169,0.0,5.0,-1.6201496124267578,-1.6929385662078857,-0.07278895378112793,0,0.266816411487885
ADGYS9FJ3G8SG,fit,00a1dc95de3105bc08a6e60c95af33362ab7532b4bac9d9ebc3d431efeedcc36,3.0,65.0,21.666666666666668,33.0,0.6666666666666666,0.6666666666666666,57.0,19.0,148.0,49.333333333333336,0.6933017082717682,0.5149700598802395,234.0,86.0,2.1640799450068235,1.791759469228055,0.3333333333333333,5.0,-1.1032880544662476,-1.7730432748794556,-0.669755220413208,0,0.12559615875053703
A3GAMMVQ4RVZQ2,fit,00a457a59d9fc686c5b119c5300ae4a8f0075d59c223f3198b80c226ed36d2de,4.0,100.0,25.0,34.0,0.75,0.75,88.0,22.0,666.0,166.5,0.4854948544904877,0.18181818181818182,306.0,118.0,3.6373035244416365,1.9459101490553132,0.25,5.0,-2.3935296535491943,-2.7149581909179688,-0.3214285373687744,0,0.2111092038081574
A2OT5UW4ADG05A,fit,00a89990c82ec6d28bc8083df7579637d4979ae65001d48126a54591be88e844,6.0,166.0,27.666666666666668,34.0,0.8333333333333334,0.8333333333333334,146.0,24.333333333333332,895.0,149.16666666666666,0.5416818878320697,0.13458528951486698,496.0,175.0,3.640269458477102,1.3862943611198906,0.16666666666666666,5.0,-1.263308048248291,-1.3111751079559326,-0.0478670597076416,0,0.1918622822732447
A3IAU6ZPVF2R5K,fit,00a9b85fab4e7915bfc32747d4b943d4ab7668a9b17833a4c41d0b4107a9e090,7.0,66.0,9.428571428571429,33.0,0.2857142857142857,0.2857142857142857,58.0,8.285714285714286,160.0,22.857142857142858,0.8647137852006006,0.45989304812834225,454.0,203.0,3.5027537442613337,3.2580965380214817,0.0,5.0,-1.447112798690796,-1.6393312215805054,-0.19221842288970947,0,0.18148436810967478
A2VESKYGU4Z2HA,fit,00af808b07f225c792f5cd8ff71f27a64271478a1c5ee990d14cbb2883b28bd9,2.0,66.0,33.0,33.0,1.0,1.0,58.0,29.0,387.0,193.5,0.3419787161393125,0.23369565217391305,172.0,58.0,3.436581917106259,3.1354942159291497,0.0,5.0,-1.1472686529159546,-1.324306607246399,-0.17703795433044434,0,0.1239932414759854
AKRYMPNRNOTYV,fit,00b5454c827f804c605cb0c2b9b221bc00bd0a92435f4b5b99097a85e3b18864,3.0,92.0,30.666666666666668,33.0,1.0,1.0,84.0,28.0,194.0,64.66666666666667,0.5939558026012458,0.48314606741573035,258.0,87.0,2.1008729919149682,1.791759469228055,0.6666666666666666,5.0,-0.0706586018204689,-0.5960122346878052,-0.5253536105155945,0,0.1237337779787968
A2HWUH403JTB4D,fit,00b5af90d0f1fec01d2b085b025d2798a8c314de06ddf74b20350141317625f9,2.0,52.0,26.0,33.0,1.0,1.0,48.0,24.0,171.0,85.5,0.5901960784313726,0.36134453781512604,172.0,58.0,4.821028925614206,4.465908118654584,0.0,5.0,-0.9101330637931824,-0.8344260454177856,0.07570701837539673,1,0.2273278628063924
A1XT4961W3YCBC,fit,00bf64cdb6efe2ab98047e8680065ff2386d8b185ddd8390d21dca92362d905c,3.0,66.0,22.0,33.0,0.6666666666666666,0.6666666666666666,58.0,19.333333333333332,408.0,136.0,0.5331730769230769,0.26875,256.0,87.0,2.396640723581936,1.791759469228055,0.3333333333333333,5.0,-2.0284154415130615,-2.1858901977539062,-0.15747475624084473,0,0.1281437603061051
A3UD4HSTTIMYDC,fit,00bf7edc4d6582517fdd679564a155a5c524cd398dd0026284f6f08bb374eea8,2.0,15.0,7.5,15.0,0.5,0.5,15.0,7.5,15.0,7.5,0.9257425742574257,0.8514851485148515,125.0,58.0,3.4208077382387962,1.791759469228055,0.5,5.0,-1.2102711200714111,-1.1300785541534424,0.08019256591796875,1,0.27808627050022794
AL8OXLWOXDQ4R,fit,00c95ef3ccb714d44aee9c7cb585a841826fc93fe4056fd3739521dc6294a657,3.0,49.0,16.333333333333332,33.0,0.6666666666666666,0.6666666666666666,45.0,15.0,228.0,76.0,0.7100582541475623,0.28859060402684567,251.0,87.0,2.688212158591407,1.791759469228055,0.3333333333333333,5.0,-1.4137152433395386,-1.7588154077529907,-0.34510016441345215,0,0.1438326524143932
A3TGTB0V5BPI8Z,fit,00d4de567f0c45d4808d24a4a55403461ae9b72b7bb4d8e425eef5458c3a31d0,3.0,66.0,22.0,33.0,0.6666666666666666,0.6666666666666666,58.0,19.333333333333332,287.0,95.66666666666667,0.5889277389277389,0.32575757575757575,255.0,87.0,2.8144437809392606,2.197224577336219,0.0,5.0,-1.7311283349990845,-1.8657104969024658,-0.13458216190338135,0,0.12618426565006727
A26LQSC65AMTGK,fit,00e0cd8d5b73371bb09aada54637243b278540304392397f3e0bb0360237f2ff,3.0,99.0,33.0,33.0,1.0,1.0,87.0,29.0,222.0,74.0,0.5376836346428236,0.5276073619631901,258.0,87.0,3.4727219152058697,3.0910424533583156,0.0,5.0,-1.670257806777954,-1.7068016529083252,-0.036543846130371094,0,0.14615915737310334
A232PE4B8ETAJO,fit,00e451243ebfa008c1c320f0f6f6dd33f4edd24837ee049826c483c53ffa179f,3.0,53.0,17.666666666666668,34.0,1.0,0.6666666666666666,49.0,16.333333333333332,98.0,32.666666666666664,0.7779071689921143,0.5182926829268293,257.0,88.0,4.688920328065698,4.1588830833596715,0.0,5.0,-1.2962214946746826,-1.3628532886505127,-0.06663179397583008,0,0.24234842789675654
AZOAWF6SKRKJ0,fit,00e725dc3befd9a7854a893817ee10c242e0d26103c94ec51b2710530ed6d22a,3.0,90.0,30.0,33.0,1.0,1.0,82.0,27.333333333333332,925.0,308.3333333333333,0.48787722058103755,0.09277238403451996,258.0,87.0,2.662054953444242,1.9459101490553132,0.3333333333333333,5.0,-1.1887089014053345,-1.473015546798706,-0.2843066453933716,0,0.09084828191575127
A2H1LEEDGEGN5T,fit,00ed598b2d90f43ac1e4ab5b0dc980fc80dcaaecb9f97fd39c66407932451b40,2.0,33.0,16.5,33.0,0.5,0.5,29.0,14.5,106.0,53.0,0.7239583333333334,0.4479166666666667,136.0,58.0,3.2854414811697925,1.791759469228055,0.5,5.0,-1.299799919128418,-1.31464421749115,-0.014844298362731934,0,0.265670498111933
A1YTXJE0ZS0IK7,fit,00f2fbe845b4e74b3fce83671ff2da72f1f35aa6f70b864212f94a4d04cd92ad,6.0,161.0,26.833333333333332,34.0,0.8333333333333334,0.8333333333333334,146.0,24.333333333333332,626.0,104.33333333333333,0.5823974084708984,0.21794871794871795,497.0,175.0,2.1413912492860603,1.3862943611198906,0.16666666666666666,5.0,-1.5403320789337158,-1.9237298965454102,-0.38339781761169434,0,0.08437625980601583
AYVRVB1SHZSGG,fit,00f58e6d7e0ebd4199d5e2e03b3344bf539d532e2c809c0017ed58ea9a70daf5,2.0,66.0,33.0,33.0,1.0,1.0,58.0,29.0,79.0,39.5,0.6857923497267759,0.6666666666666666,172.0,58.0,2.84517972716203,2.0794415416798357,0.0,5.0,-1.4850366115570068,-1.5661723613739014,-0.08113574981689453,0,0.13119368413081844
A1FRUIJXY2NMRI,fit,0100773903fa4eebf1ba85d8ebc8b79a35078343f395e2d8ecdcd84e817d0058,2.0,34.0,17.0,34.0,0.5,0.5,30.0,15.0,86.0,43.0,0.7470588235294118,0.49411764705882355,160.0,59.0,2.543798167616192,2.197224577336219,0.0,5.0,-0.4723523259162903,-0.595626711845398,-0.12327438592910767,0,0.1326568010348533
A1XDP550N8ANQ2,fit,0103b0d92fc8b6eb6fdf0ef9a6d7b952640811cff91482e9ce187963fa6624cb,5.0,100.0,20.0,34.0,0.6,0.6,88.0,17.6,417.0,83.4,0.638400132562812,0.31954887218045114,371.0,147.0,2.943659220793726,1.9459101490553132,0.2,5.0,-0.20717528462409973,-0.10636492073535919,0.10081036388874054,1,0.15879809156672045
A1XMD6DGGT9RUJ,fit,01074567b919bb6cdad935a53658d4f96e549e95ff9cedaff53082d89060d182,3.0,44.0,14.666666666666666,33.0,0.6666666666666666,0.6666666666666666,40.0,13.333333333333334,54.0,18.0,0.8514739229024944,0.6666666666666666,227.0,86.0,2.69812614832432,2.5649493574615367,0.0,5.0,-1.059476375579834,-1.0867063999176025,-0.027230024337768555,0,0.11996662231837084
A81UQY2JL2F6A,fit,010cc2c73857b330c1662febe4fef80b3b26ce70dd7b889bc30859ed1859e226,15.0,368.0,24.533333333333335,34.0,0.8666666666666667,0.7333333333333333,328.0,21.866666666666667,5232.0,348.8,0.4795589935406326,0.09277238403451996,1248.0,436.0,2.32237795385176,1.6094379124341003,0.26666666666666666,5.0,-0.9012592434883118,-0.6008491516113281,0.30041009187698364,1,0.411214640112023
A384AQ2T0EGFH6,fit,010ebd7521f9921193749512f5ca072bb6e3b2d881a7051c7201960d18b3c40f,7.0,161.0,23.0,34.0,0.8571428571428571,0.8571428571428571,151.0,21.571428571428573,231.0,33.0,0.7517750702980406,0.5379746835443038,564.0,204.0,2.788912126843711,1.9459101490553132,0.2857142857142857,5.0,-0.47980403900146484,-0.5240801572799683,-0.04427611827850342,0,0.10885667574231286
APD7XINUVG5AL,fit,0111d37292a84ac1c483f1cd91dc442cf517f976d85d6461fbc73b371cee654b,4.0,66.0,16.5,33.0,0.5,0.5,58.0,14.5,123.0,30.75,0.7939881338648372,0.5341614906832298,275.0,116.0,3.51660622655596,3.1780538303479453,0.0,5.0,-0.9197629690170288,-1.0350526571273804,-0.11528968811035156,0,0.18031953540961246
AW0XJI75HFGN,fit,01166c1819e8642cf7c5c0c7618ad9e893207b192e293387cc08f3e2ade55a85,4.0,99.0,24.75,33.0,0.75,0.75,87.0,21.75,375.0,93.75,0.5604009612047843,0.3453815261044177,308.0,116.0,2.536961125062384,1.0986122886681096,0.25,5.0,-0.17731799185276031,-1.9287160634994507,-1.7513980865478516,0,0.13945132931010468
A310UDGID3QZWH,fit,011808c7a22f214b1c8093a9f39a905dbd2a0e48f35504b82c1a767988dba37f,2.0,34.0,17.0,34.0,0.5,0.5,30.0,15.0,79.0,39.5,0.7591463414634146,0.5182926829268293,156.0,59.0,3.8865868402412675,2.3978952727983707,0.0,5.0,-1.150044322013855,-1.3450934886932373,-0.19504916667938232,0,0.2530656609299148
A2N715689IJJXZ,fit,0118968ce7f33dab643dd8935a105c73236267952bfeb1cff628339eb2699d3f,3.0,66.0,22.0,33.0,0.6666666666666666,0.6666666666666666,58.0,19.333333333333332,224.0,74.66666666666667,0.6316932996916176,0.3706896551724138,233.0,87.0,2.440396185579826,2.197224577336219,0.0,5.0,-0.5078574419021606,-0.5998035073280334,-0.0919460654258728,0,0.1057798555243811
A33BNBCL9RSBNF,fit,0128807669524d79a4588683845957960c27553358b1b2d9cbab98ce7a53e645,7.0,155.0,22.142857142857142,33.0,0.8571428571428571,0.8571428571428571,141.0,20.142857142857142,264.0,37.714285714285715,0.7452002779133632,0.4215686274509804,599.0,204.0,2.3497353313966585,1.6094379124341003,0.2857142857142857,5.0,-1.6159896850585938,-1.7103086709976196,-0.09431898593902588,0,0.08623186842000219
AY7QLRH2EB0TX,fit,0128915f5ac4828df304f6abfa1a82dd914dcc69065d0449576f58a0f3934ded,2.0,33.0,16.5,33.0,0.5,0.5,29.0,14.5,36.0,18.0,0.8524590163934427,0.7049180327868853,136.0,58.0,3.7215391871742574,3.332204510175204,0.0,5.0,-1.270329475402832,-1.2468652725219727,0.023464202880859375,1,0.22297832060324663
A365QF1QUY68Y0,fit,012e8ffc03d246f08b027558e9cec3b9284cc61d8030b8ed050037b7ed1cb2ef,3.0,36.0,12.0,33.0,0.6666666666666666,0.3333333333333333,32.0,10.666666666666666,48.0,16.0,0.8742602281499271,0.6564885496183206,217.0,87.0,2.26598013765831,1.9459101490553132,0.3333333333333333,5.0,-1.9655338525772095,-1.9397172927856445,0.02581655979156494,1,0.14707508312223824
A2ZS2JNLSCCRWR,fit,013625e9a37292757e9ab15c71d30383b15ebdd5587c5843f51467db094468c1,3.0,67.0,22.333333333333332,34.0,0.6666666666666666,0.6666666666666666,59.0,19.666666666666668,499.0,166.33333333333334,0.5354181473584458,0.18336886993603413,246.0,88.0,2.495724564737913,1.9459101490553132,0.3333333333333333,5.0,-0.2892626225948334,-1.0725898742675781,-0.7833272218704224,0,0.12520741370466146
A1PMSCELF9PEFK,fit,0138d25cce2b656e0779b4d2a9f12800cbcff2ef5b711030db3ad2182e0d4240,5.0,104.0,20.8,33.0,0.8,0.8,96.0,19.2,294.0,58.8,0.7018460841990255,0.31135531135531136,420.0,145.0,2.09061060092361,1.6094379124341003,0.8,5.0,-1.4709736108779907,-1.7479197978973389,-0.27694618701934814,0,0.12661437453092142
ANNBG6YSIOI72,fit,013908b18515e5ed1d66af02fe4fd6388b28c977b0feec5a4f1fcb9e1ed883a0,4.0,133.0,33.25,34.0,1.0,1.0,117.0,29.25,580.0,145.0,0.4497807384931862,0.20047169811320756,342.0,117.0,2.3817982054319358,1.791759469228055,0.25,5.0,-0.9959403276443481,-1.761826753616333,-0.7658864259719849,0,0.09566519841045752
A1QRVOBSWATQ1,fit,013efe06188c65c932ea0ae4a1e406cdd8ecd54edfed7f0fe6d622185b82e59f,2.0,16.0,8.0,16.0,0.5,0.5,16.0,8.0,16.0,8.0,0.9215686274509804,0.8431372549019608,163.0,58.0,2.5529727369502906,2.3978952727983707,0.0,5.0,-1.0701788663864136,-1.0678768157958984,0.0023020505905151367,0,0.12442729621459302
A3AGWRMHKLFLWR,fit,013f9f0425ded4277c5235afe426f901b1772cb41c02bac57ce230d65aaf7371,17.0,400.0,23.529411764705884,35.0,0.7647058823529411,0.7647058823529411,360.0,21.176470588235293,2705.0,159.11764705882354,0.6129083744627093,0.09277238403451996,1335.0,495.0,3.417089657852764,1.9459101490553132,0.058823529411764705,5.0,-0.7759808897972107,-0.9845773577690125,-0.20859646797180176,0,0.19103444351149987
A2HP9A2I1SWZ3Z,fit,014d73d970cd8a2a405bdd79960cd2ec51e8a75c6366bed4cbb7531ce7a3e7ba,2.0,66.0,33.0,33.0,1.0,1.0,58.0,29.0,188.0,94.0,0.4806856291143957,0.44329896907216493,172.0,58.0,1.9033312448851598,1.6094379124341003,0.5,5.0,-0.9812105894088745,-1.1044974327087402,-0.12328684329986572,0,0.11037195035239761
A1336TTPYUZKXU,fit,014dea75aae82479a2129e4cce05f2946fa34432232d975c4288201f4e318d3a,2.0,45.0,22.5,33.0,1.0,1.0,41.0,20.5,75.0,37.5,0.7273661142309273,0.5771812080536913,172.0,58.0,2.2769384458002704,1.6094379124341003,0.5,5.0,-1.0317234992980957,-1.0923123359680176,-0.060588836669921875,0,0.12880587723754605
A1SN8XGT6DW2MO,fit,0152655149575098bdb5675420bd6cd7d8967a9bab0daa996c5d8215cbb715b0,4.0,100.0,25.0,34.0,0.75,0.75,88.0,22.0,366.0,91.5,0.5897046969518239,0.28859060402684567,342.0,118.0,2.2932115418871506,1.3862943611198906,0.5,5.0,-1.0577003955841064,-1.4643183946609497,-0.40661799907684326,0,0.13419267299687465
A3BVDW4DOLJAN0,fit,0157bb3a4e72f4a89432b50eb48e3ea31edaaad19cd8f53f30a77d45c0fa48b7,14.0,258.0,18.428571428571427,34.0,0.7142857142857143,0.5714285714285714,230.0,16.428571428571427,987.0,70.5,0.6803465489665225,0.31835205992509363,1051.0,410.0,3.3257916236709817,1.9459101490553132,0.14285714285714285,5.0,-0.8535798192024231,-0.834112286567688,0.019467532634735107,0,0.14297728338762442
A3TMF9ZQS7MQYE,fit,015eddfa9fcb25f5307a0197ca40bd5ba1a56120f4783a7ea363dbd0d2e35740,2.0,67.0,33.5,34.0,1.0,1.0,59.0,29.5,224.0,112.0,0.48191513695888377,0.32950191570881227,171.0,59.0,2.389561746555765,1.9459101490553132,0.5,5.0,-0.37770751118659973,-0.7490081191062927,-0.371300607919693,0,0.12839607947022497
A18GJRJKK36UBX,fit,016489474db60371ae7673d82b2af640a13ff7ed89d1fce6b6fa7216c8637fa3,6.0,171.0,28.5,34.0,1.0,1.0,155.0,25.833333333333332,1922.0,320.3333333333333,0.4604829334918091,0.0918918918918919,514.0,176.0,2.6511624232702213,1.9459101490553132,0.16666666666666666,5.0,-0.6642047166824341,-0.5505409240722656,0.11366379261016846,1,0.1146933411307457
A17MLJOM4OBVB3,fit,01670260a780c9f47b2c60761c78f114ee5f02ee9a6fcd312bda97b36630810c,2.0,66.0,33.0,33.0,1.0,1.0,58.0,29.0,302.0,151.0,0.4095320380156322,0.27129337539432175,172.0,58.0,3.7273599746820003,3.4657359027997265,0.0,5.0,-0.7002483010292053,-0.6583691835403442,0.041879117488861084,1,0.14632156735348148
A2T6UCE94P1BSZ,fit,0186b988bae7614fa67992c8cc198beb4f3b14cdc7749a99a387aac6d3ad4202,3.0,89.0,29.666666666666668,33.0,1.0,1.0,85.0,28.333333333333332,93.0,31.0,0.7337546393305668,0.6967213114754098,255.0,88.0,2.740313722760463,2.5649493574615367,0.0,5.0,-0.1385882943868637,-0.5250797867774963,-0.38649147748947144,0,0.10465196397568595
A38HXFG7SRXGON,fit,019b8749610d6fcb612940e3c4179ef446f83672ccaa5494390f41af531b39c9,4.0,100.0,25.0,34.0,0.75,0.75,88.0,22.0,195.0,48.75,0.6759865097759552,0.5316455696202531,315.0,118.0,2.5490019754070397,1.9459101490553132,0.25,5.0,-1.4059598445892334,-1.2381865978240967,0.16777324676513672,1,0.13003809763755056
A2OOZZDSOHG4UY,fit,019f4cb241fe1a986814ba29a3d19a3fbb8b0381325772350b9cbd5093584535,20.0,460.0,23.0,34.0,0.7,0.7,407.0,20.35,1789.0,89.45,0.6275147488489663,0.15985130111524162,1603.0,583.0,3.4208625996228763,2.0794415416798357,0.0,5.0,-0.6602458357810974,-0.722157895565033,-0.06191205978393555,0,0.09959599860040652
A3QYD27F90N4OE,fit,01a44de9227b403ef457d4368a7d5cb57e13a6d0533cfd5ba8ed8b85ef3c68ef,2.0,66.0,33.0,33.0,1.0,1.0,58.0,29.0,177.0,88.5,0.5305076357466063,0.3891402714932127,172.0,58.0,2.393745871391023,2.3025850929940455,0.0,5.0,-2.1477420330047607,-1.9044101238250732,0.2433319091796875,1,0.09025451733596276
A1FATTRIXTSTEB,fit,01adb72bfc20b65bdb4c8dc798de76edc845b02b4f7a033aed2054502295d4a0,11.0,266.0,24.181818181818183,34.0,0.7272727272727273,0.7272727272727273,234.0,21.272727272727273,1025.0,93.18181818181819,0.617211030807075,0.17525773195876287,831.0,321.0,3.293770251641287,2.4849066497880004,0.0,5.0,-0.6249898672103882,-0.8535528182983398,-0.22856295108795166,0,0.11481994696279081
A212UKX4UFSRLK,fit,01aed618fda00aa6b92bf85add37c9d83e22332b8514ef64846559b7d6ef8c29,2.0,24.0,12.0,24.0,0.5,0.5,24.0,12.0,24.0,12.0,0.8909090909090909,0.7818181818181819,134.0,59.0,2.84686606940135,2.3978952727983707,0.0,5.0,-1.0180656909942627,-1.1156600713729858,-0.09759438037872314,0,0.15373665487837745
A8PNH73J06GRV,fit,01b22432e8da9ab7e167292e1892f1909858de346b4b8a55848c05cfe8b87852,3.0,59.0,19.666666666666668,33.0,0.6666666666666666,0.6666666666666666,55.0,18.333333333333332,188.0,62.666666666666664,0.7048771121351768,0.3467741935483871,249.0,89.0,2.7147962885158736,1.9459101490553132,0.3333333333333333,5.0,-1.1772654056549072,-1.1526992321014404,0.024566173553466797,1,0.15003314176102084
A22E5SK61NWJWU,fit,01b64dc7eaab6ca1e4b4e57ffc337dfd9a503c60f42c09522370376f8d00decc,3.0,66.0,22.0,33.0,0.6666666666666666,0.6666666666666666,58.0,19.333333333333332,1063.0,354.3333333333333,0.4261945355191257,0.1376,254.0,87.0,4.340920600907553,3.7135720667043075,0.0,5.0,-1.7017791271209717,-1.6682007312774658,0.03357839584350586,1,0.17884138070175448
A14B80UD17CI8P,fit,01bb42d4c202c148f6402512c5c3842f5e34ed43c8e0c5f70bd8079dc852c555,5.0,92.0,18.4,34.0,0.6,0.6,84.0,16.8,191.0,38.2,0.7654579953087416,0.4228855721393035,360.0,146.0,2.7641951194790666,1.3862943611198906,0.4,5.0,-1.325458288192749,-1.5787761211395264,-0.25331783294677734,0,0.16910086282681755
A3T73OYO0MS1FW,fit,01c466335a6361033f3a5b1aa2d0438ba5f37db3722c265c97449f54f1936df7,4.0,68.0,17.0,35.0,0.5,0.5,60.0,15.0,253.0,63.25,0.7012570085006331,0.37719298245614036,268.0,119.0,3.181956584956964,2.3978952727983707,0.0,5.0,-0.8412379026412964,-0.935784637928009,-0.09454673528671265,0,0.1656035519131658
A2UEP55CE6QDVB,fit,01cc8c5e16378a621b4ea800e8a59a0b7878d3c56ce374487e20c40b6fdab50f,2.0,65.0,32.5,33.0,1.0,1.0,58.0,29.0,266.0,133.0,0.4987817796610169,0.26875,172.0,58.0,2.197224577336219,2.197224577336219,0.0,5.0,-1.2379224300384521,-2.1955246925354004,-0.9576022624969482,0,0.0731048288482974
A2F8EOU79DK8DG,fit,01d2f7befcde75c7f0998c4c8d0626171019a1954d68802096f52a17f513bf16,3.0,67.0,22.333333333333332,34.0,0.6666666666666666,0.6666666666666666,59.0,19.666666666666668,112.0,37.333333333333336,0.7469939195190273,0.5182926829268293,230.0,88.0,4.270042094298721,3.0910424533583156,0.0,5.0,-1.3075021505355835,-1.2549121379852295,0.052590012550354004,1,0.24824665787725403
A3IP6MI767BBQN,fit,01d689f856f81f5c50589591d2d1a52ac51e476256f780821c1ffb53b1f2c426,2.0,33.0,16.5,33.0,0.5,0.5,29.0,14.5,54.0,27.0,0.8071428571428572,0.6142857142857143,166.0,59.0,2.7764797924608087,1.791759469228055,0.5,5.0,-1.0267387628555298,-1.179955005645752,-0.15321624279022217,0,0.21987315007696384
A10E3V94MQ9IVU,fit,01da40d4be18cc41aa8553876ced407a8a3d7361af64c6ab150af8c9e88fbe7c,5.0,99.0,19.8,33.0,0.6,0.6,87.0,17.4,230.0,46.0,0.7380451846711389,0.38222222222222224,368.0,145.0,2.6875632493602932,1.791759469228055,0.4,5.0,-1.4433029890060425,-1.4883861541748047,-0.04508316516876221,0,0.1541358179530226
AJW30RHOZC4OY,fit,01e62f87f5dc3e207a6606e8542e5d095bd90109dedd95fd0b8bfab8e36fd24f,6.0,150.0,25.0,33.0,0.8333333333333334,0.8333333333333334,134.0,22.333333333333332,418.0,69.66666666666667,0.6235686174637968,0.3628691983122363,475.0,174.0,3.6265863064003305,3.2580965380214817,0.0,5.0,-0.2722163498401642,-0.5531666874885559,-0.2809503376483917,0,0.1354655853224826
A3LQO3O8B70WLB,fit,01e6dd1b082506924ffeafe4d70c47238a5c046c3c0bc56dbdd52998b9c89f7d,2.0,34.0,17.0,34.0,0.5,0.5,30.0,15.0,55.0,27.5,0.8035714285714286,0.6071428571428571,147.0,59.0,2.7058230259275198,2.6390573296152584,0.0,5.0,-1.3479228019714355,-1.5562665462493896,-0.2083437442779541,0,0.142821699615596
A1O4NVWP0LKHH3,fit,01e7dc44f283627f67ca09dca98934e35e0b103c2781e0c76f593990dcbe40cf,2.0,46.0,23.0,33.0,1.0,1.0,42.0,21.0,87.0,43.5,0.7030934343434343,0.5375,172.0,58.0,2.2154083994216567,1.9459101490553132,0.5,5.0,-0.8668397068977356,-0.9258759617805481,-0.0590362548828125,0,0.11872094060764396
A164O47CXA68XZ,fit,01f038f6131dd75302685ada4ade3404f2ba9170f463f193c415e3e8da1a0e0e,3.0,94.0,31.333333333333332,34.0,1.0,1.0,86.0,28.666666666666668,201.0,67.0,0.5949280427883717,0.41379310344827586,256.0,88.0,2.214596577715891,1.3862943611198906,0.3333333333333333,5.0,-0.4262014925479889,-1.2091315984725952,-0.7829301357269287,0,0.1078685862686772
A2C0BF9XTMF2K3,fit,01f0e42f1da555c602ee9554a037a710904d01cd38e59e0a6441ded998c190f2,3.0,23.0,7.666666666666667,23.0,0.3333333333333333,0.3333333333333333,23.0,7.666666666666667,23.0,7.666666666666667,0.9296636085626911,0.7889908256880734,188.0,87.0,2.0971897131861064,1.791759469228055,0.3333333333333333,5.0,-1.3582078218460083,-1.2929589748382568,0.06524884700775146,1,0.14644117517520008
A5JB5UALLO36M,fit,01fb946c6dd4b0a6c1c264a7081541262d0be37d2a3a25c98186bc99721f360b,2.0,51.0,25.5,34.0,1.0,1.0,47.0,23.5,88.0,44.0,0.6899116255912372,0.5448717948717948,171.0,59.0,3.034212794122055,2.8903717578961645,0.0,5.0,-0.03135962411761284,-0.5414928793907166,-0.5101332664489746,0,0.12049402572078188
AFRWXEHK151Z1,fit,0200e2f5926596498f7aaf1aac319cd566f4a335837584ce844b4aeb01f56a06,2.0,65.0,32.5,33.0,1.0,1.0,58.0,29.0,96.0,48.0,0.6510734463276836,0.5733333333333334,172.0,58.0,2.2154083994216567,1.9459101490553132,0.5,5.0,-1.3626974821090698,-1.4190605878829956,-0.05636310577392578,0,0.12930528846841424
A194K60CWZ371J,fit,020e923a3f55c17c801639dfad20c31b43081e8f6113b83635fed81c0c475def,20.0,531.0,26.55,35.0,0.9,0.9,475.0,23.75,1932.0,96.6,0.5825000624303664,0.2052505966587112,1633.0,588.0,3.057531596256758,0.6931471805599453,0.05,5.0,-1.2559282779693604,-1.4743629693984985,-0.21843469142913818,0,0.07960393131313165
A161IYUBP78IV5,fit,020f07c6a70c9cd9746c97bb3fdb083b2008cfff26fc20044b5f6a508aab58a6,6.0,99.0,16.5,33.0,0.5,0.5,87.0,14.5,442.0,73.66666666666667,0.7191429417295373,0.2925170068027211,417.0,175.0,2.5825311609622794,1.791759469228055,0.3333333333333333,5.0,-0.13724516332149506,-1.98849356174469,-1.8512483835220337,0,0.1488853783731211
A1YXKR8FJDKOQC,fit,0210be914ca07f47c4917b3f7b61def92083c09c00f812dff8980827977227fd,2.0,33.0,16.5,33.0,0.5,0.5,29.0,14.5,91.0,45.5,0.7429378531073446,0.4858757062146893,164.0,58.0,2.772588722239781,2.0794415416798357,0.0,5.0,-2.267204761505127,-2.306899070739746,-0.03969430923461914,0,0.14932023977134185
A3R993BYM706G1,fit,02113021966b589be759beb1290e39bbf5eb81753cdd99ccb5e9aef62a38063c,4.0,71.0,17.75,33.0,0.75,0.5,63.0,15.75,112.0,28.0,0.7962637362637363,0.5733333333333334,337.0,116.0,3.348607032980257,2.0794415416798357,0.0,5.0,-1.6921775341033936,-2.041776657104492,-0.34959912300109863,0,0.17463617134991274
AZCOTN09OQM1A,fit,0211e0ffd03f956c34403ab6bf59798e833b90c01ffdd11832099fe527c45b35,2.0,33.0,16.5,33.0,0.5,0.5,29.0,14.5,104.0,52.0,0.7263157894736842,0.45263157894736844,140.0,58.0,2.748584112646601,1.3862943611198906,0.5,5.0,-1.292893648147583,-1.3648715019226074,-0.07197785377502441,0,0.21668753155973283
A2CJ7T10RH6ZUK,fit,0215ad77ec3fd02de435eaa3bf506ec1d05ae0abb1c577d5566bb8499fec1da4,2.0,47.0,23.5,33.0,1.0,1.0,43.0,21.5,132.0,66.0,0.6407843137254902,0.4215686274509804,172.0,58.0,3.3619162204106043,2.772588722239781,0.0,5.0,-1.3357555866241455,-1.498831033706665,-0.16307544708251953,0,0.1349417722645342
A341HCMGNZCBIT,fit,02198b4fcc06c96d2a18fd444e258cbd70c4a93ff49483c0fbe27f8949976c84,3.0,89.0,29.666666666666668,34.0,1.0,1.0,81.0,27.0,298.0,99.33333333333333,0.5409140134286333,0.3017543859649123,257.0,88.0,2.445645637902539,2.0794415416798357,0.0,5.0,-1.7516133785247803,-2.075591564178467,-0.3239781856536865,0,0.08471922477375882
A1WSU0HEMHXL32,fit,0222db72317685513ccd2cdf2f4d08c1a4f6d10b52998aacbd07bd18cab7b6ba,10.0,278.0,27.8,35.0,1.0,0.8,246.0,24.6,1147.0,114.7,0.5050933143544033,0.31343283582089554,855.0,295.0,2.015193412683838,1.791759469228055,0.7,5.0,-0.9176144599914551,-1.0675996541976929,-0.1499851942062378,0,0.10251108446284432
A3EDQOXFO4PR70,fit,0229ef8c57050d0e385e3e1f56963559f1a561e366ba6f96058930e4a07f3d35,17.0,466.0,27.41176470588235,35.0,0.9411764705882353,0.9411764705882353,418.0,24.58823529411765,1328.0,78.11764705882354,0.5881823347612251,0.3514644351464435,1430.0,496.0,2.491647103447581,1.6094379124341003,0.29411764705882354,5.0,-0.7586713433265686,-0.8535598516464233,-0.09488850831985474,0,0.055806928728635304
A3F0407FPF87D5,fit,02341e62d790c4be1072484e11b0d8fe258407846fe36e46e28223f79bf9da97,5.0,112.0,22.4,33.0,1.0,0.8,105.0,21.0,115.0,23.0,0.8009594563223128,0.7049180327868853,430.0,145.0,3.1204193336836665,2.833213344056216,0.0,5.0,-1.675968885421753,-1.6937869787216187,-0.017818093299865723,0,0.11168516588314681
A31SOAA2RO5EI1,fit,0236f3ec1a93d10381b8257a2cf5e04525c6fe27306052b2f80a3a9f9021d091,2.0,46.0,23.0,33.0,1.0,1.0,42.0,21.0,372.0,186.0,0.5309726478265804,0.19325842696629214,172.0,58.0,2.6208735075298213,2.197224577336219,0.0,5.0,-1.228094458580017,-1.458721399307251,-0.2306269407272339,0,0.07549213272731356
A7RREDNRPPB9U,fit,023ccc1ca4bd107a2a3ea02f23866b98d862851ca662d54e424eb6e2bcc99ea2,3.0,99.0,33.0,33.0,1.0,1.0,87.0,29.0,442.0,147.33333333333334,0.369032411047659,0.3510204081632653,258.0,87.0,3.7997770481284334,2.8903717578961645,0.0,5.0,-0.40560251474380493,-0.3687746822834015,0.03682783246040344,1,0.16821025475688656
A42P7MF5WOOD3,fit,0240d50b136733d69350fee02545e5b8065b7a1442977bad0edf76ab6e5c8930,2.0,67.0,33.5,34.0,1.0,1.0,59.0,29.5,225.0,112.5,0.4360117513658386,0.3944954128440367,171.0,59.0,3.869026148844658,3.4339872044851463,0.0,5.0,-1.4017616510391235,-1.4626166820526123,-0.06085503101348877,0,0.17510620614948738
A157XIAC7WR9OZ,fit,0258e0c0f950eec98cae4bfae99ae6149fdbf4b60d5fe88a5b062d28150fc8ce,8.0,149.0,18.625,33.0,1.0,0.625,137.0,17.125,376.0,47.0,0.7319921835416408,0.39631336405529954,683.0,236.0,2.0613383667744256,1.6094379124341003,0.5,5.0,-1.0024728775024414,-1.2562191486358643,-0.25374627113342285,0,0.09209334102056652
A19GTQ0YMXO8VW,fit,0262211ae4624677239f34a57712277db91e9655882529b20d7ad56296dc95e7,8.0,270.0,33.75,35.0,1.0,1.0,238.0,29.75,801.0,100.125,0.5277825225007251,0.29642857142857143,675.0,238.0,2.5109752165708814,2.0794415416798357,0.0,5.0,-0.3654874861240387,-0.5697523951530457,-0.20426490902900696,0,0.06689889630672018
A2DMX9ASE4KH40,fit,026ab8758ce05c4095b9b96fefb588035b1cffa580caedbac0a3d622a7fa58b4,5.0,67.0,13.4,34.0,0.4,0.4,59.0,11.8,141.0,28.2,0.8192315594822273,0.5477707006369427,352.0,146.0,3.4532871518595214,3.1354942159291497,0.0,5.0,-0.8196921348571777,-0.9159730672836304,-0.09628093242645264,0,0.18105458129185367
A23U2RC1J3W42O,fit,026dcc1a280a2ff919e0042f4bc1f2e2674fca390f09f7c43dcda7f3fa0c46e1,2.0,23.0,11.5,23.0,0.5,0.5,23.0,11.5,23.0,11.5,0.8944954128440368,0.7889908256880734,144.0,58.0,2.6876392038420827,2.4849066497880004,0.0,5.0,-2.395763635635376,-2.5979645252227783,-0.20220088958740234,0,0.13884564205190023
A2RNXSQKBSDOHV,fit,026efc491d2338882096f4bd52fe0ce77a8b8efce2579ae9425c109866c39dbe,3.0,76.0,25.333333333333332,35.0,1.0,1.0,72.0,24.0,90.0,30.0,0.7488999694882047,0.6287878787878788,255.0,89.0,2.3600088333075298,2.197224577336219,0.0,5.0,-1.0097306966781616,-1.025253415107727,-0.01552271842956543,0,0.08606691658348369
A1Y1PREAQQJFEK,fit,02722759325250be3d9e258c31516b84b832a336a15368c336a92619a25e4d3e,2.0,66.0,33.0,33.0,1.0,1.0,58.0,29.0,239.0,119.5,0.4345463486599459,0.3510204081632653,172.0,58.0,1.6094379124341003,1.6094379124341003,1.0,5.0,-1.665024995803833,-1.7229496240615845,-0.057924628257751465,0,0.12520931773730587
A1UXYKT3295IFA,fit,0275257c4c2123c0de1090f457caa047a5f7a24f0f2b6e8d8fb92c19753ddb80,3.0,76.0,25.333333333333332,35.0,1.0,1.0,68.0,22.666666666666668,167.0,55.666666666666664,0.6543639384064917,0.4648648648648649,256.0,89.0,2.5362902097304194,2.0794415416798357,0.0,5.0,-1.697248101234436,-1.9737269878387451,-0.2764788866043091,0,0.09284490977366718
AK4HKI46S49NA,fit,02786b014ae4ae04cb823dcf312b7b8259aa89552952a269d2c64f0c6c0dc470,11.0,166.0,15.090909090909092,34.0,0.45454545454545453,0.45454545454545453,146.0,13.272727272727273,1727.0,157.0,0.683020288770783,0.09277238403451996,776.0,321.0,3.1086493405935838,2.3025850929940455,0.0,5.0,-0.7579792737960815,-0.970940113067627,-0.2129608392715454,0,0.19911337147502042
ASL48MLGEONCD,fit,02805f689c93a406efd1058d0917e3d30b0a0a4eb28e37303387ab66f0fc86c9,2.0,33.0,16.5,33.0,0.5,0.5,29.0,14.5,105.0,52.5,0.725130890052356,0.450261780104712,135.0,59.0,3.295150524098343,2.0794415416798357,0.0,5.0,-1.6619021892547607,-1.6948741674423218,-0.032971978187561035,0,0.19304603916635493
A2PL0US7RN67G,fit,02853fdf48e5cf895129e33d8a349c16a46ce1018c8ee271f2643e883db5fd19,13.0,203.0,15.615384615384615,35.0,0.6153846153846154,0.46153846153846156,183.0,14.076923076923077,459.0,35.30769230769231,0.8000793835722243,0.3017543859649123,920.0,383.0,3.071090367907197,1.0986122886681096,0.15384615384615385,5.0,-1.2866010665893555,-1.8526710271835327,-0.5660699605941772,0,0.12945628635229528
A3QSU3E3G9JRJL,fit,0285ff1b27086135fe820a66dc676d6a475950aa603a9553f7c8a44b45078e74,2.0,39.0,19.5,33.0,1.0,0.5,35.0,17.5,41.0,20.5,0.8227632051742724,0.7107438016528925,172.0,58.0,2.9346484565668876,1.791759469228055,0.5,5.0,-2.127920150756836,-2.6132006645202637,-0.48528051376342773,0,0.2201806849366013
A18OBUSMXVE8R0,fit,028854ce442e5abb5d20e41e232d498b71d46f53667fea8f855c15ba1d293fcf,20.0,544.0,27.2,35.0,0.85,0.85,486.0,24.3,2374.0,118.7,0.5677391876369301,0.09544950055493896,1625.0,583.0,2.5621933329360247,1.791759469228055,0.3,5.0,-0.21198852360248566,-12.684865951538086,-12.472877502441406,0,0.07856511800519062
A34763KA9IR9LG,fit,028e982b7e816c88e0a47fe781bbbdf84c2d956298852796a2f7b1af058f4f34,2.0,45.0,22.5,33.0,1.0,1.0,41.0,20.5,68.0,34.0,0.7415924116125323,0.6056338028169014,172.0,58.0,3.268345798795653,3.1354942159291497,0.0,5.0,-1.4692189693450928,-1.6081222295761108,-0.13890326023101807,0,0.13098345900292097
A16Z2I635OPUQB,fit,029216f6b65ff2f49527f72e59e99b2ff24f7d7838ce6ea1c5f2a3ec0ec9b60e,2.0,67.0,33.5,34.0,1.0,1.0,59.0,29.5,920.0,460.0,0.3055325334806746,0.09277238403451996,171.0,59.0,3.465735902799726,2.772588722239781,0.0,5.0,-1.0077968835830688,-3.0751376152038574,-2.067340850830078,0,0.07791657798810579
A3IYT41OTSN91K,fit,0299388ab521a4425ad2b628d102094d8f90119333c69b49cd25dbb440510f46,2.0,40.0,20.0,30.0,1.0,1.0,39.0,19.5,40.0,20.0,0.8186063218390804,0.7413793103448276,172.0,58.0,3.194280702772815,2.833213344056216,0.0,5.0,-1.7155416011810303,-1.751146912574768,-0.03560531139373779,0,0.1311463937508151
APCU5MPM2Y0LY,fit,029c6a27bd3b4112338235e139ff7b5c49613896fb1d85e6256060f59d043852,6.0,142.0,23.666666666666668,34.0,0.8333333333333334,0.8333333333333334,126.0,21.0,374.0,62.333333333333336,0.6655907451952557,0.3148148148148148,472.0,175.0,2.52652291212746,1.6094379124341003,0.16666666666666666,5.0,-1.8305790424346924,-2.1408371925354004,-0.310258150100708,0,0.09946664099955076
A14KGTLUYL9B07,fit,02a67dc8677abd57e146c86ce02a66be423c461141ead714b6eecfa116c5bd95,2.0,33.0,16.5,33.0,0.5,0.5,29.0,14.5,54.0,27.0,0.8071428571428572,0.6142857142857143,169.0,58.0,2.736135336835737,2.6390573296152584,0.0,5.0,-1.4029390811920166,-1.653441071510315,-0.25050199031829834,0,0.14310823381214113
A1TC3Z9S5LK4C1,fit,02a9bc11f286064c7afc9f000a810d251ddc0aaa180f7ffb1f6153bf6791f842,6.0,121.0,20.166666666666668,33.0,0.6666666666666666,0.6666666666666666,109.0,18.166666666666668,255.0,42.5,0.7408506193412521,0.41545893719806765,489.0,174.0,2.9237683708163176,1.6094379124341003,0.3333333333333333,5.0,-1.431837797164917,-1.535644769668579,-0.10380697250366211,0,0.1530189778470625
AX05DBU8IRUWY,fit,02b9e9f719b5a7e0645c261f87b0f4e3c440efc363e12539067b835d6734d230,2.0,34.0,17.0,34.0,0.5,0.5,30.0,15.0,79.0,39.5,0.7591463414634146,0.5182926829268293,158.0,60.0,3.4923581600591325,1.6094379124341003,0.5,5.0,-1.0832014083862305,-1.3616840839385986,-0.27848267555236816,0,0.30329881236441875
A2Z867F7BMJBZM,fit,02bb79646ea12725e700e51f8cb1af1f730f133d3ab70df2345e2055eeeee9ac,2.0,21.0,10.5,21.0,0.5,0.5,21.0,10.5,21.0,10.5,0.9018691588785046,0.8037383177570093,144.0,58.0,2.596478425445105,2.4849066497880004,0.0,5.0,-1.6222267150878906,-1.675123929977417,-0.05289721488952637,0,0.13077403165022208
A2RO70ATW4Q9RK,fit,02bf6317336e5c60d9348f5378019ed29d65e26ef7035401aaabf16d556a1a13,3.0,99.0,33.0,33.0,1.0,1.0,87.0,29.0,191.0,63.666666666666664,0.5919460991844941,0.46236559139784944,258.0,87.0,2.307219394717043,1.791759469228055,0.3333333333333333,5.0,-1.0057320594787598,-1.9916054010391235,-0.9858733415603638,0,0.11036495066016462
A1G76710K1HON,fit,02c2046840ca781ed6038c52a9a7f8fd9360eaf1e4578acf540e52a65c7cece7,5.0,118.0,23.6,33.0,0.8,0.8,106.0,21.2,299.0,59.8,0.6837894779762527,0.32209737827715357,425.0,145.0,2.4201424259744693,1.6094379124341003,0.4,5.0,-1.494782567024231,-1.2432851791381836,0.25149738788604736,1,0.11567831161869302
A2DG1NQM08X1EI,fit,02c7a0728b4159162dbbecf9f785d204f3356fe8487f683d83cd76e55e484f39,20.0,367.0,18.35,34.0,0.65,0.6,331.0,16.55,1025.0,51.25,0.7417804379716302,0.26380368098159507,1613.0,582.0,2.959397261054945,1.791759469228055,0.15,5.0,-1.2610279321670532,-1.7698253393173218,-0.5087974071502686,0,0.07557603783407477
A30HIH5U76OK6D,fit,02d0bb9abc8c145dbc922c00e0bd721d76432f0d993905f82083f004f266b2b5,5.0,149.0,29.8,33.0,1.0,1.0,133.0,26.6,368.0,73.6,0.6008736708382949,0.36134453781512604,429.0,145.0,3.4266165645561726,2.70805020110221,0.0,5.0,-0.364459753036499,-2.0316073894500732,-1.6671476364135742,0,0.11884889966610937
ATI347DKEGPG0,fit,02d3c5fc3a1ffaeb5a263b5d892a47fb30ff373a9a196532475e84bd0f9ae2fe,3.0,58.0,19.333333333333332,33.0,0.6666666666666666,0.6666666666666666,54.0,18.0,156.0,52.0,0.7220819304152638,0.39351851851851855,233.0,87.0,2.6727653795051736,2.3978952727983707,0.0,5.0,-1.080485224723816,-1.2988574504852295,-0.21837222576141357,0,0.11414621545453224
AT2K6AWJFYZQ1,fit,02d4a955b956216e9647c91c8e423406ff9b8916847c785f492769e9d76226c0,4.0,101.0,25.25,34.0,0.75,0.75,89.0,22.25,193.0,48.25,0.6816823211233004,0.5182926829268293,299.0,118.0,2.5670326665310093,2.3025850929940455,0.0,5.0,-0.19938406348228455,-1.4354383945465088,-1.2360543012619019,0,0.10598542664428111
A6FZ1MG3WEXIF,fit,02d71f320779250cc95e3b9f25fff7f75e1cb551f4092a06ce68be05cdaf4afc,2.0,57.0,28.5,33.0,1.0,1.0,53.0,26.5,113.0,56.5,0.6366233766233766,0.49142857142857144,172.0,58.0,2.0715673631957663,1.9459101490553132,0.5,5.0,-0.09715062379837036,-2.795928478240967,-2.698777914047241,0,0.11307028066687685
A305GY9YZTQEB,fit,02e27bc28337a2f05f7d4449df3e67496bc7aadb0c80cc54f3aa1211a200f3bc,7.0,119.0,17.0,33.0,0.8571428571428571,0.7142857142857143,111.0,15.857142857142858,264.0,37.714285714285715,0.770695746280891,0.38565022421524664,567.0,203.0,2.000828612058201,1.3862943611198906,0.5714285714285714,5.0,-1.0119997262954712,-0.9449766278266907,0.06702309846878052,1,0.09905195917100065
A223R888QONFAO,fit,02e2e34362921c19cbb8905f4ead36f6662683cc5ad59683fefbb8988e827fdd,2.0,66.0,33.0,33.0,1.0,1.0,58.0,29.0,86.0,43.0,0.6678719008264462,0.625,171.0,58.0,3.366700945918679,3.1780538303479453,0.0,5.0,-0.36648887395858765,-1.5084720849990845,-1.1419832706451416,0,0.14966077005660208
A16BJ43Z46QS3N,fit,02e4cc131c37591020b45b60d36a8313d3097a3072d3dcd1cf34e04158e81b9e,2.0,65.0,32.5,33.0,1.0,1.0,57.0,28.5,194.0,97.0,0.4782457938853042,0.4223300970873786,173.0,57.0,3.8356804615953215,3.3672958299864737,0.0,5.0,-1.3973724842071533,-1.2430669069290161,0.1543055772781372,1,0.17398565953851217
AZTBE3J2MJRKW,fit,02e7ed75a6cc6d2ac0020a725811c616242749ed2f4571e7c3ede22c941ad118,4.0,79.0,19.75,35.0,0.75,0.75,73.0,18.25,93.0,23.25,0.8081293706293706,0.6287878787878788,315.0,118.0,3.14073389294978,1.9459101490553132,0.25,5.0,-0.33225053548812866,-0.39474815130233765,-0.062497615814208984,0,0.17256258479054426
A29RAOOQ1C85FG,fit,02eb3cc1057b5b4db08d17333c4c15ba069ee8b6df7f9f5e012ca645f470ddaf,5.0,105.0,21.0,36.0,0.6,0.6,93.0,18.6,428.0,85.6,0.6213073373627088,0.3565217391304348,366.0,153.0,3.0725345973317895,2.3025850929940455,0.0,5.0,-0.420281320810318,-0.663995623588562,-0.24371430277824402,0,0.14753150790653186
APPCJX62WKIIP,fit,02f297e256943cd23f24e5b4bdae515b23112a5572c14beff0e26288baca5541,17.0,309.0,18.176470588235293,35.0,0.5882352941176471,0.5882352941176471,277.0,16.294117647058822,1450.0,85.29411764705883,0.7410436587058119,0.09100758396533044,1252.0,499.0,3.3564068450954703,2.70805020110221,0.0,5.0,-0.32551151514053345,-0.7256307005882263,-0.40011918544769287,0,0.11866627562116144
A2546LZHF202T5,fit,02f6b7d769d432d4d1a6ecedc379ef8135f638c7204d86e1a79fd7fcf2aca4f2,2.0,33.0,16.5,33.0,0.5,0.5,29.0,14.5,37.0,18.5,0.8495934959349594,0.6991869918699187,163.0,58.0,2.746530721670274,2.197224577336219,0.0,5.0,-1.5490095615386963,-1.4409867525100708,0.10802280902862549,1,0.1550541340049866
A2LENX3JISE7FW,fit,0315ebc1e1dac560d43a4e60e18d1e4a3fb1d99179736f4cd2a00db15b0aa813,2.0,33.0,16.5,33.0,0.5,0.5,29.0,14.5,221.0,110.5,0.6388888888888888,0.2777777777777778,137.0,58.0,2.7403194616709956,2.0794415416798357,0.0,5.0,-0.08003690093755722,-1.861283302307129,-1.7812464237213135,0,0.12969809667905088
A21P2TXB19CFRT,fit,0317a8335bae165afdbfc9dde5ae40c46724e986ca07ebc8b4b6127c95d6fc56,8.0,191.0,23.875,33.0,0.875,0.75,171.0,21.375,466.0,58.25,0.6646385431065513,0.4056603773584906,667.0,233.0,2.0603423455682783,1.3862943611198906,0.5,5.0,-0.8558594584465027,-1.4169671535491943,-0.5611076951026917,0,0.09287771105766936
A3H2BWZ5ZMVIHP,fit,032421f346110c1978dda080699b3211c3da3d8650da9f27189254166b3378c4,3.0,33.0,11.0,33.0,0.3333333333333333,0.3333333333333333,29.0,9.666666666666666,90.0,30.0,0.8295454545454546,0.48863636363636365,213.0,87.0,2.777596489472653,1.791759469228055,0.3333333333333333,5.0,-1.1454060077667236,-1.482174277305603,-0.3367682695388794,0,0.20024811508723162
AZXX2IV3T43M2,fit,032d60e327b56e4b0e33cc303c3eee590e5a0047252d97c9c8fbaa1d3b984dfb,3.0,100.0,33.333333333333336,34.0,1.0,1.0,88.0,29.333333333333332,290.0,96.66666666666667,0.504725264722091,0.33203125,257.0,88.0,2.9129118204544913,2.5649493574615367,0.0,5.0,-1.2112220525741577,-1.7600739002227783,-0.5488518476486206,0,0.10775343800538821
A30P9UFFUTLZAX,fit,0336a93c5a8874ea6defcf6982a1c7f31a49c103d0f66a3dc1a79e6c0d5fb650,4.0,133.0,33.25,34.0,1.0,1.0,117.0,29.25,390.0,97.5,0.49937007373506226,0.3739130434782609,342.0,117.0,2.396851501390662,1.791759469228055,0.25,5.0,-0.11299236118793488,-0.38906019926071167,-0.276067852973938,0,0.10208787457750107
A31FL8I2C1WV32,fit,033bcd2e02da69a6549f154955cba173462c0307e931a68b5fb5aa2a6826aba2,9.0,211.0,23.444444444444443,34.0,0.7777777777777778,0.7777777777777778,188.0,20.88888888888889,1008.0,112.0,0.579731419830803,0.21994884910485935,707.0,262.0,2.4333772542997725,1.3862943611198906,0.5555555555555556,5.0,-0.08532112091779709,-2.555361032485962,-2.4700398445129395,0,0.13488136257490793
A2V1Z11YAVUFRI,fit,034fd222619ab358a491d8b4a1ed1da5661f1058b7bbcf491c24cd60c8708c32,8.0,124.0,15.5,34.0,0.625,0.625,112.0,14.0,198.0,24.75,0.8185941855571464,0.5771812080536913,617.0,233.0,3.407334009765666,2.197224577336219,0.0,5.0,-1.902380347251892,-1.9608590602874756,-0.058478713035583496,0,0.14425755685147817
A3KP80ROO50I4K,fit,03556d42687c6ea9ecd5089ed238405a55f396639834758aa1f8f69165fa6e7f,3.0,49.0,16.333333333333332,33.0,0.6666666666666666,0.6666666666666666,45.0,15.0,62.0,20.666666666666668,0.8315508021390374,0.6515151515151515,238.0,87.0,2.507286417400543,1.9459101490553132,0.3333333333333333,5.0,-1.8808196783065796,-1.9707982540130615,-0.08997857570648193,0,0.14607216460274794
A7BQB93ZWUII3,fit,03572c0cd9b0b7f0363b9bd493afbf58b47f023cd498af537f6aa58fd53e579f,3.0,99.0,33.0,33.0,1.0,1.0,87.0,29.0,1019.0,339.6666666666667,0.36166428272318035,0.09277238403451996,258.0,87.0,2.9470047701612976,2.197224577336219,0.0,5.0,-1.0711991786956787,-1.6912429332733154,-0.6200437545776367,0,0.08548608791771899
A2NZMBTSY5B0VC,fit,0359369d03e361cc409f6f63f5fe05d1129bcd2dfe9e1bb722e0e6f161b07cdd,4.0,33.0,8.25,33.0,0.25,0.25,29.0,7.25,264.0,66.0,0.8114285714285714,0.24571428571428572,252.0,116.0,2.6426753377673924,1.3862943611198906,0.25,5.0,-0.5747944712638855,-1.6462314128875732,-1.071436882019043,0,0.17804056194909507
A2PEF2YCO16IFY,fit,036079b0d016675b7071b8d36544efcfb07c03189fb58885886eb2918d1cf006,2.0,42.0,21.0,33.0,1.0,1.0,38.0,19.0,55.0,27.5,0.7783891547049442,0.6515151515151515,172.0,58.0,3.3497501700808385,3.332204510175204,0.0,5.0,-1.0830830335617065,-2.0187008380889893,-0.9356178045272827,0,0.13347028951787693
A3LTM8P4W2ZIUU,fit,036120a20d648a1721e87dcb8cfe8808a1ea1720c6fe45d8e43e951a1c42ffdd,3.0,99.0,33.0,33.0,1.0,1.0,87.0,29.0,327.0,109.0,0.5183871560286479,0.27129337539432175,258.0,87.0,3.3673778240833125,2.833213344056216,0.0,5.0,-1.443155288696289,-1.6352183818817139,-0.1920630931854248,0,0.12643676566566994
AC5UOO7YRH4IK,fit,03615699fd6b9bda9697c991d40291c1d5b6478613a0f4c3ddfe7eddcf89f18d,13.0,389.0,29.923076923076923,33.0,0.9230769230769231,0.9230769230769231,345.0,26.53846153846154,1648.0,126.76923076923077,0.4593343764715413,0.28104575163398693,1077.0,377.0,2.528330229263268,1.791759469228055,0.23076923076923078,5.0,-0.4869905412197113,-3.7699599266052246,-3.2829694747924805,0,0.08886296476955156
A1T392NVVDXHWD,fit,036272e2f3d2974f34eec2bc188354c9ce77e03bf4cf13f3cfdb3bbbaa1b9b13,3.0,91.0,30.333333333333332,33.0,1.0,1.0,83.0,27.666666666666668,202.0,67.33333333333333,0.5868403216669112,0.48863636363636365,258.0,87.0,2.4241327975233484,1.6094379124341003,0.3333333333333333,5.0,-0.9310145378112793,-1.4261970520019531,-0.49518251419067383,0,0.12030145014214083
A1YPELVB6ZOV8E,fit,0364475f5fe7b6baf3881acb3e609e277aa54225ef436010c2ca332d4b1a10c9,3.0,47.0,15.666666666666666,33.0,0.6666666666666666,0.6666666666666666,43.0,14.333333333333334,190.0,63.333333333333336,0.7294147582697201,0.3282442748091603,244.0,88.0,2.4294148003400413,1.9459101490553132,0.3333333333333333,5.0,-1.836564302444458,-1.9548213481903076,-0.11825704574584961,0,0.12568794048522658
A17V9XL4CWTQ6G,fit,0366adfc3fd0b3583920db748028d933ef7235d62e1aa239d7a19ff70ccdee9d,6.0,144.0,24.0,34.0,0.8333333333333334,0.8333333333333334,128.0,21.333333333333332,344.0,57.333333333333336,0.6654818151647934,0.40375586854460094,506.0,176.0,2.788266473746292,2.0794415416798357,0.0,5.0,-0.6853336691856384,-0.7181708216667175,-0.0328371524810791,0,0.09788176067357827
A3I5FTOFQO2S5N,fit,0367e883dd7735fd4d2687bafb03e4f4e9f84097785212486ac7d555eb71441d,4.0,89.0,22.25,33.0,0.75,0.75,81.0,20.25,147.0,36.75,0.7378015118368018,0.5771812080536913,311.0,116.0,3.846346732792621,3.4339872044851463,0.0,5.0,-0.6484178900718689,-1.813348412513733,-1.1649305820465088,0,0.178136746957461
A3NE7BWSEOHIWJ,fit,0371b5738efe38fb8d2f467468e2ed88a79fe63bb38b105b07aac5655d0d7da4,4.0,114.0,28.5,33.0,1.0,1.0,102.0,25.5,497.0,124.25,0.4778668413591517,0.31386861313868614,344.0,116.0,2.5315577559572495,1.9459101490553132,0.5,5.0,-1.4314677715301514,-1.5443042516708374,-0.11283648014068604,0,0.124591039227833
A1YFQU7U7YOYWY,fit,0376eee1dbf7c3b9778dbe1acbbf83cf240e417f6bedd8a330c0c5ccac2bc7b7,4.0,100.0,25.0,34.0,1.0,0.75,91.0,22.75,146.0,36.5,0.7282858537465275,0.5850340136054422,343.0,117.0,3.2677780468483832,2.8903717578961645,0.0,5.0,-1.211761236190796,-1.3802343606948853,-0.16847312450408936,0,0.1321795135195598
A3HL1LRW4VDG6A,fit,037821992143b70a7ec5156a3f64c0f24f07847ce8fa05f320d52950d79d5258,12.0,363.0,30.25,34.0,1.0,1.0,323.0,26.916666666666668,1028.0,85.66666666666667,0.569318646967493,0.26461538461538464,1029.0,350.0,2.376691367921097,1.6094379124341003,0.3333333333333333,5.0,-0.2735746502876282,-0.31163546442985535,-0.03806081414222717,0,0.06338183625918227
A2S5M7NAP0DH1M,fit,0378515f420ed23531aac74328f24fc4ac284f8ce2b0554eba6853f2381342c5,2.0,24.0,12.0,24.0,0.5,0.5,24.0,12.0,24.0,12.0,0.8909090909090909,0.7818181818181819,125.0,58.0,3.4978830781524253,1.9459101490553132,0.5,5.0,-1.631204605102539,-1.5783969163894653,0.05280768871307373,1,0.2962773655022547
A24O15MYDNLZBE,fit,037b6706733cc95248863116e0f4fb2eb9b243994f87332cd57f6f04c9fe6e65,6.0,102.0,17.0,35.0,0.5,0.5,90.0,15.0,606.0,101.0,0.647650546387295,0.28135593220338984,406.0,178.0,3.8213873098012336,3.332204510175204,0.0,5.0,-1.1481341123580933,-1.0935275554656982,0.05460655689239502,1,0.20184316057993265
A2QEUSIYUOY9KB,fit,0383682b3e830ea7caa340c8c9203e863caad2d7d3e47613acc64e1e2c595a5f,2.0,66.0,33.0,33.0,1.0,1.0,58.0,29.0,937.0,468.5,0.2826499282809962,0.09277238403451996,172.0,58.0,2.8173948015846246,2.6390573296152584,0.0,5.0,-1.0490187406539917,-1.3355439901351929,-0.28652524948120117,0,0.05432184385811996
A3VVJAQYJKJC33,fit,0385b6908e41d50fc32378ec9a460b2ed1c0e4a7622920ecc4b73e4bc09990f7,4.0,84.0,21.0,34.0,1.0,0.75,76.0,19.0,195.0,48.75,0.7075171292639468,0.4207920792079208,343.0,117.0,2.2109037730459873,1.6094379124341003,0.5,5.0,-1.6210540533065796,-1.856205701828003,-0.23515164852142334,0,0.11709784714629054
A367RV1T05L0NO,fit,038c383abb2929a741a976ca0c99df21872b9d6a0efcc16f6ce04eee4ecb6bed,3.0,71.0,23.666666666666668,33.0,1.0,0.6666666666666666,63.0,21.0,130.0,43.333333333333336,0.7016317016317015,0.5584415584415584,258.0,87.0,3.743211246939913,3.295836866004329,0.0,5.0,-1.3947187662124634,-1.4187052249908447,-0.023986458778381348,0,0.17772848999761995
AVLH2QMDH0DXN,fit,0393a1240a72bbb0365e0c185a61eae2dd99e05a8a352df6d198deb3198e4021,4.0,66.0,16.5,33.0,0.5,0.5,58.0,14.5,269.0,67.25,0.7151756535947713,0.2986111111111111,326.0,117.0,3.113867141997112,1.6094379124341003,0.5,5.0,-1.0224601030349731,-1.0554516315460205,-0.03299152851104736,0,0.22334052525431902
A5JOVJ1IR9KV7,fit,039545fea682ea424ef4c2b2eb7cdc129d73c8fe15b9dc5322e2ba96f7be6ab0,2.0,54.0,27.0,33.0,1.0,1.0,50.0,25.0,173.0,86.5,0.5825414277860677,0.36134453781512604,172.0,58.0,3.870549545017683,2.5649493574615367,0.0,5.0,-0.8730679750442505,-0.9912095069885254,-0.1181415319442749,0,0.17797254626824832
AVCNHCPISQT3Y,fit,0397af34c1c46c5120c0e6e7d4a218c99209b9e60ec4d207e9067236b850e900,3.0,0.0,0.0,0.0,0.0,0.0,0.0,0.0,0.0,0.0,1.0,1.0,194.0,87.0,3.397173187917399,2.197224577336219,0.0,5.0,-1.821783423423767,-1.7709563970565796,0.0508270263671875,1,0.24842391405822722
A2KBKHIR26SABS,fit,039be82490a16a17182c180bcc8f3ac118e20ac8c115f35ccd7003b56c3cb6e0,2.0,67.0,33.5,34.0,1.0,1.0,59.0,29.5,278.0,139.0,0.4314997522187683,0.2847682119205298,171.0,59.0,1.868834809141684,1.791759469228055,1.0,5.0,-0.8682563900947571,-1.5819411277770996,-0.7136847376823425,0,0.13366097278165104
A23OKGKSP56NF3,fit,03a977d9fe54087ceaaab94f2e62ea5f9b90b6876a6fba344330bc9824dac48a,2.0,67.0,33.5,34.0,1.0,1.0,59.0,29.5,196.0,98.0,0.46648672964462434,0.4358974358974359,170.0,59.0,2.5737472384067264,1.3862943611198906,0.5,5.0,-1.7742040157318115,-1.7568382024765015,0.01736581325531006,0,0.16194557214992245
A1ZRD3WNHP8O3T,fit,03ac08db26a2400b683735803f507a81232b0e02fa62a73b5e63c2f9d3a1b6ef,2.0,33.0,16.5,33.0,0.5,0.5,29.0,14.5,81.0,40.5,0.7574850299401197,0.5149700598802395,158.0,58.0,2.6208735075298213,1.9459101490553132,0.5,5.0,-1.641725778579712,-1.5663206577301025,0.07540512084960938,1,0.19532921062535447
AJWN7P2JU1KYN,fit,03ae963e1f85b069bfff74827267bd3d5820049c74ecc9508d097f482caf3cb9,2.0,51.0,25.5,33.0,1.0,1.0,47.0,23.5,182.0,91.0,0.5854615384615385,0.344,172.0,58.0,2.4181409534757385,2.197224577336219,0.0,5.0,-0.8686004877090454,-0.9947131872177124,-0.126112699508667,0,0.08424878087744521
A1FT0QZX0L3RJD,fit,03ba5553c8d95fb13d21a4a748b1aabbd7f8ffa4c54ea991e8bf1c1bea83ec5d,2.0,18.0,9.0,18.0,0.5,0.5,18.0,9.0,18.0,9.0,0.9134615384615384,0.8269230769230769,126.0,58.0,3.3619162204106043,2.5649493574615367,0.0,5.0,-1.7929961681365967,-1.7217861413955688,0.07121002674102783,1,0.18901605490866644
A3L1BNBV4SS1H8,fit,03bb7c8e3f28ddd892a77cd85ddc6a7c8fa026b46c63e1921fb2f0e89cb47a8b,11.0,197.0,17.90909090909091,33.0,0.5454545454545454,0.5454545454545454,173.0,15.727272727272727,1727.0,157.0,0.6485399328305482,0.09277238403451996,785.0,320.0,3.4281586837123057,1.791759469228055,0.09090909090909091,5.0,-0.653307318687439,-0.8271356225013733,-0.17382830381393433,0,0.23218654282387702
A2HC9549CZAKNN,fit,03bbb675ead4b461b270b8c75fbf51c18bc505a4494b7b603d92e7c9f9035524,20.0,419.0,20.95,34.0,0.75,0.7,379.0,18.95,1962.0,98.1,0.6521437574538108,0.1293233082706767,1606.0,581.0,3.176378685793406,1.9459101490553132,0.1,5.0,-0.20847463607788086,-1.1997106075286865,-0.9912359714508057,0,0.11024289290732422
A1M2CZP3XOVZO5,fit,03bea3cd96410fddd5cde5481058a33778c74a5fec1f8899dd3ec01fbc452464,3.0,99.0,33.0,33.0,1.0,1.0,87.0,29.0,172.0,57.333333333333336,0.6298725074672102,0.450261780104712,258.0,87.0,2.7071601249169173,2.3978952727983707,0.0,5.0,-0.8554785251617432,-0.909486711025238,-0.05400818586349487,0,0.09938016537994522
A2MUR4PPB1PKV9,fit,03c7b4394181961bd99e3c079f1e51bc67dcb7331706a20ee05676e38c4ff614,3.0,99.0,33.0,33.0,1.0,1.0,87.0,29.0,408.0,136.0,0.40132361926179216,0.3208955223880597,258.0,87.0,2.832330161366239,1.6094379124341003,0.3333333333333333,5.0,-1.285447359085083,-1.8404127359390259,-0.5549653768539429,0,0.1451770371083046
A337T56JH8J5YZ,fit,03ca1b961305b801d4eb6b2d802f8faf608d28012fd9c01ae74c737a3bfd5667,4.0,99.0,24.75,33.0,0.75,0.75,87.0,21.75,157.0,39.25,0.7205161567999168,0.5584415584415584,336.0,116.0,3.1712899733772377,1.791759469228055,0.25,5.0,-1.4448655843734741,-1.5777177810668945,-0.1328521966934204,0,0.17788022895219588
A32M15RZXWZ5GS,fit,03cdcd41a9a1a9bf213eb371ab6cdf4b8203df87e013e10d73cf985278245adc,2.0,33.0,16.5,33.0,0.5,0.5,29.0,14.5,525.0,262.5,0.5703764320785597,0.1407528641571195,142.0,58.0,3.2625148289217307,3.0910424533583156,0.0,5.0,-0.9575008153915405,-1.0465476512908936,-0.08904683589935303,0,0.1132586800396799
A2OY5YNT2040OT,fit,03d1f5c455fea5ae8eb833bc896cbb5e5ef05478b07286f51d0a56d79aa9514f,2.0,33.0,16.5,33.0,0.5,0.5,29.0,14.5,76.0,38.0,0.7654320987654322,0.5308641975308642,164.0,59.0,2.4260151319598084,1.3862943611198906,0.5,5.0,-1.0266737937927246,-1.0744491815567017,-0.04777538776397705,0,0.18956187018848653
A2FQZKL2KIZACO,fit,03d26a4b4c8ffc3dfdb575ce627f0981f12dd58f46b6bda5e7a948daaffa2d11,14.0,374.0,26.714285714285715,34.0,0.8571428571428571,0.8571428571428571,331.0,23.642857142857142,787.0,56.214285714285715,0.6517790255354698,0.41148325358851673,1178.0,408.0,2.9857374493988966,1.3862943611198906,0.21428571428571427,5.0,-0.7417639493942261,-0.7783561944961548,-0.03659224510192871,0,0.07830978122631684
A3U7SC5HOS58OA,fit,03d4269e0c022b2193c477b02c7567fa9c6b15524db585d1e7bfa5e72ff0ba0b,4.0,99.0,24.75,33.0,0.75,0.75,87.0,21.75,860.0,215.0,0.5893592703926821,0.1018957345971564,321.0,116.0,2.196881406383226,1.9459101490553132,0.25,5.0,-1.7155698537826538,-2.1988091468811035,-0.4832392930984497,0,0.08908355352619672
A377R0BSYTY0L2,fit,03d76bb5a1635e518ec6b6b8b3e3521effa89890ca11a9f0b2cfb06f186f2f10,2.0,66.0,33.0,33.0,1.0,1.0,58.0,29.0,261.0,130.5,0.4386101295641932,0.303886925795053,172.0,58.0,2.6364997792818734,2.5649493574615367,0.0,5.0,-1.1386677026748657,-1.697747826576233,-0.5590801239013672,0,0.09423277686976012
A26OMR4B9EOQT5,fit,03dcc982b8b79c03f42ee37b77a0fc7cd1999daf59ac69f52cdbd4ee6ca76b18,3.0,66.0,22.0,33.0,0.6666666666666666,0.6666666666666666,58.0,19.333333333333332,331.0,110.33333333333333,0.5654165996029831,0.3017543859649123,244.0,87.0,3.1819373694212705,2.8903717578961645,0.0,5.0,-0.4756828248500824,-1.746952772140503,-1.2712699174880981,0,0.1398475653682248
AH55S1FV7JZRJ,fit,03dda99fa4132d2cea4560b8b9490c3650e70e80dd675e1dd2f0e0a8e91242c2,7.0,217.0,31.0,33.0,1.0,1.0,193.0,27.571428571428573,431.0,61.57142857142857,0.6047116479199663,0.44559585492227977,602.0,203.0,3.635199139517881,2.5649493574615367,0.0,5.0,-1.0914641618728638,-1.4544117450714111,-0.36294758319854736,0,0.1184861652479501
AAN4GV4JMU734,fit,03e83ec5d1adc74fe6d888b11479e7e53fc30c6dead06b3fee31fb5b78d544ca,3.0,99.0,33.0,33.0,1.0,1.0,87.0,29.0,481.0,160.33333333333334,0.42519387704371797,0.2038369304556355,257.0,87.0,2.2992349810428787,1.6094379124341003,0.6666666666666666,5.0,-1.3579256534576416,-1.4497684240341187,-0.09184277057647705,0,0.12614551640794794
A2UGVB778GMH1V,fit,03ecb4e64ee5c9c89c5795d399b3b8b6a3be79eb127074390ac8d0179465173f,4.0,99.0,24.75,33.0,0.75,0.75,87.0,21.75,312.0,78.0,0.5997111344537815,0.36134453781512604,341.0,117.0,3.299831104635114,2.3025850929940455,0.0,5.0,-1.605159044265747,-1.8874552249908447,-0.28229618072509766,0,0.14960674222465742
A2RY4E6DP3M2L2,fit,03f4460597b705bb74d44fd1efee334f023a372d4441afafa79e8b7e99ee4450,2.0,0.0,0.0,0.0,0.0,0.0,0.0,0.0,0.0,0.0,1.0,1.0,124.0,58.0,3.8444566684323975,2.6390573296152584,0.0,5.0,-0.6354586482048035,-0.5660213828086853,0.06943726539611816,1,0.2932717434331022
A36HEY6E2XQT75,fit,03f45d8468705f57f544bb78e1d497439952a4781b03ff80dd2fac6d9fbf63fb,7.0,201.0,28.714285714285715,35.0,0.8571428571428571,0.8571428571428571,177.0,25.285714285714285,1381.0,197.28571428571428,0.5006465664399173,0.0918918918918919,563.0,206.0,3.385805238028705,1.791759469228055,0.14285714285714285,5.0,-1.3881994485855103,-1.4236938953399658,-0.035494446754455566,0,0.16995279012515616
AN6OX1V2YV0DK,fit,03f4c6cd6c2127dd9b0a09b39041091c1ad7778901aead11650de841640c88ad,2.0,33.0,16.5,33.0,0.5,0.5,29.0,14.5,92.0,46.0,0.7415730337078652,0.48314606741573035,156.0,58.0,3.122083450331868,1.6094379124341003,0.5,5.0,-1.5197087526321411,-1.4394789934158325,0.0802297592163086,1,0.25337901370827315
A5DRC21Y2E5PI,fit,03f5363399d7f67b7eccf58647b11f9f732a06451b9067a5fa8df5eb72ae2e1c,2.0,68.0,34.0,34.0,1.0,1.0,60.0,30.0,211.0,105.5,0.4514218009478673,0.4028436018957346,170.0,60.0,2.596478425445105,2.4849066497880004,0.0,5.0,-1.5317590236663818,-1.800184965133667,-0.26842594146728516,0,0.10174443469019451
A1PFZOLRQ2A1FQ,fit,03fef6d11b2a0a7077ef9567754ec8f2766572a2dfd80e0217bdd010ae718f36,2.0,67.0,33.5,34.0,1.0,1.0,59.0,29.5,81.0,40.5,0.679483944230648,0.6564885496183206,171.0,59.0,2.6287476860138907,2.0794415416798357,0.0,5.0,-0.9718077778816223,-1.2267063856124878,-0.2548986077308655,0,0.11773428399471647
A1ZWAIL1BGYK6K,fit,04052c604f8f53fef268f62cdb9aafc7eefed9f33f1f56436942334aa6a898d4,2.0,31.0,15.5,31.0,0.5,0.5,29.0,14.5,31.0,15.5,0.8675213675213675,0.7350427350427351,157.0,58.0,2.827995905409926,2.3978952727983707,0.0,5.0,-0.6536896824836731,-0.9807540774345398,-0.3270643949508667,0,0.15738534035319818
A20VXYT5DL0ZC6,fit,04094f21494defc8f26af8e66dcf3a859c6c5706a68aad01efc1469d33741d45,4.0,0.0,0.0,0.0,0.0,0.0,0.0,0.0,0.0,0.0,1.0,1.0,212.0,117.0,3.7056071304345934,3.295836866004329,0.0,5.0,-0.9638131260871887,-1.0112890005111694,-0.04747587442398071,0,0.2560531352879033
A24YEME785ZU4B,fit,040b4bd26e50bd930bf474e33fb832c45a8ecf5c39c282fedf9ff5867c472c94,7.0,154.0,22.0,34.0,0.7142857142857143,0.7142857142857143,138.0,19.714285714285715,1177.0,168.14285714285714,0.6171336423871902,0.0918918918918919,574.0,207.0,2.998974780783463,1.3862943611198906,0.2857142857142857,5.0,-1.6125297546386719,-1.6813510656356812,-0.06882131099700928,0,0.16780908894820631
A1GSV1KC08A2AR,fit,040c9455bc771b8806d98c36da799900ad690b65f747cd0c213a6e36202bc18d,6.0,113.0,18.833333333333332,33.0,0.6666666666666666,0.6666666666666666,101.0,16.833333333333332,545.0,90.83333333333333,0.6719505452604286,0.215,453.0,174.0,2.9656284401942616,2.3025850929940455,0.0,5.0,-0.11269750446081161,-2.450050115585327,-2.3373525142669678,0,0.11991001622752298
AM8VMLXUOLP59,fit,040e7c2ab0e3f0b56bca662ff5d8322ada0bad3a10ced56e09c2baad43f001ad,8.0,243.0,30.375,33.0,1.0,1.0,215.0,26.875,1223.0,152.875,0.46690742525323553,0.18067226890756302,688.0,232.0,2.6482691255171327,2.0794415416798357,0.0,5.0,-0.6489965319633484,-2.29121732711792,-1.6422207355499268,0,0.08438677434919242
A129PLFBKS3D49,fit,040f6512535983c530210ad628c2c38692feb543d54873b8c24fae06383f9e30,4.0,134.0,33.5,34.0,1.0,1.0,118.0,29.5,576.0,144.0,0.37656638852291024,0.31851851851851853,342.0,118.0,3.7107619522352766,1.791759469228055,0.25,5.0,-3.4009265899658203,-3.4490230083465576,-0.048096418380737305,0,0.2065204404001669
A2G9S6VVEH7S2Q,fit,0413fcbd688f961efbd6ddb3e1d4257b8bad2a42c52563fb7a5878506535ff99,4.0,99.0,24.75,34.0,0.75,0.75,88.0,22.0,142.0,35.5,0.7370751847023034,0.5733333333333334,303.0,117.0,2.4576216649129092,1.3862943611198906,0.5,5.0,-0.15980492532253265,-0.21507707238197327,-0.05527214705944061,0,0.15441129923340619
A3N5Z9AKY4QR3V,fit,0417166e580f91198f0f871ca455f68907be75777596e1d7dd13a9dda99f4f1f,2.0,54.0,27.0,33.0,1.0,1.0,50.0,25.0,96.0,48.0,0.6689499042201196,0.5341614906832298,172.0,58.0,1.7005986908310775,1.6094379124341003,1.0,5.0,-2.377352237701416,-2.458427667617798,-0.08107542991638184,0,0.13576482589430922
A1QYKN80JL0QQZ,fit,0418cfa2a9271aea06d7cfd1cba16601ee6f5c79dceb806b948590a8e9e258c6,2.0,33.0,16.5,33.0,0.5,0.5,29.0,14.5,63.0,31.5,0.7885906040268457,0.5771812080536913,137.0,58.0,4.139975357861263,4.060443010546419,0.0,5.0,-0.7623400688171387,-1.2207410335540771,-0.4584009647369385,0,0.24328418033739244
A3NSMGE2T71EGV,fit,041ba12533854ed9af0128befcfebc8b3695559c52066aea9d72180abe0ab6ac,2.0,65.0,32.5,33.0,1.0,1.0,58.0,29.0,121.0,60.5,0.6101210653753026,0.49142857142857144,172.0,58.0,2.3269801750787615,1.6094379124341003,0.5,5.0,-0.8741201162338257,-1.4351704120635986,-0.561050295829773,0,0.13853681741667684
A1WZCOAUPQNRWD,fit,041fe994e32de823d684d8df9d965b7797d6975eb05ab1ba5c705007df9f94fa,2.0,33.0,16.5,33.0,0.5,0.5,29.0,14.5,60.0,30.0,0.7945205479452055,0.589041095890411,171.0,58.0,4.174268912693049,3.4965075614664802,0.0,5.0,-0.3886798620223999,-0.4940820634365082,-0.10540220141410828,0,0.25989665625497094
A2WRWK0ARXOFSZ,fit,0426da7686b2e48d40549c90f0b24c7432195b89657cf0122e2438496e8560b4,2.0,35.0,17.5,35.0,0.5,0.5,31.0,15.5,41.0,20.5,0.8360000000000001,0.672,134.0,61.0,4.729614819854405,4.663439094112067,0.0,5.0,-1.0927871465682983,-1.0436437129974365,0.049143433570861816,1,0.30803013618923203
A1LOKZN3PV0KHW,fit,042c6a71894aec71eb1fbe3e0ce4fcbf5ca49c123355f1bc80e1cbfcb69bdda7,3.0,99.0,33.0,33.0,1.0,1.0,87.0,29.0,433.0,144.33333333333334,0.38309305047655823,0.29965156794425085,257.0,87.0,2.868401356246317,2.5649493574615367,0.0,5.0,-1.4827228784561157,-1.8413931131362915,-0.3586702346801758,0,0.10496257530565178
ATD9I008SY8PD,fit,0439688af2d6d911ce86acec198e736187dd31e32018a9d936f19312b4b87601,2.0,66.0,33.0,33.0,1.0,1.0,58.0,29.0,140.0,70.0,0.5523942850084407,0.5276073619631901,172.0,58.0,1.7005986908310775,1.6094379124341003,1.0,5.0,-0.5975543856620789,-0.7117444276809692,-0.11419004201889038,0,0.14324570964321165
A2MRRVSFSIC9XR,fit,043972a9d4ed01f268d3ea72f14b4d8f28deae427d5ee25d0501478ce4982b60,2.0,66.0,33.0,33.0,1.0,1.0,58.0,29.0,984.0,492.0,0.2341591177814521,0.09277238403451996,172.0,58.0,3.5524827241349213,2.6390573296152584,0.0,5.0,-1.0607508420944214,-1.5945682525634766,-0.5338174104690552,0,0.08089054620511081
APVLI8PO3OAPN,fit,0446b68832bdafa73e334bf077c204aba7f00b953f4756416a63022e7436d98f,5.0,151.0,30.2,33.0,1.0,1.0,135.0,27.0,754.0,150.8,0.49851359211080293,0.1574074074074074,428.0,145.0,4.042047112945594,3.044522437723423,0.0,5.0,-0.4829906225204468,-1.3505266904830933,-0.8675360679626465,0,0.1580583682003178
A1T87B21VNGADN,fit,0449c7fa03114f5232c7e20fb22f9873feb8345d1abda0373a38ad35cd546d0f,2.0,39.0,19.5,33.0,1.0,0.5,35.0,17.5,108.0,54.0,0.6961147086031453,0.4574468085106383,172.0,58.0,2.445174564110877,1.9459101490553132,0.5,5.0,-0.31365975737571716,-1.0975587368011475,-0.7838989496231079,0,0.15783286592194656
A21D98LT0BJPSN,fit,045136e506dcffb2cad86f6ffa0856e661fafaf856dd45a265345dc108999e0f,5.0,113.0,22.6,33.0,0.8,0.8,104.0,20.8,347.0,69.4,0.7044023257691998,0.24571428571428572,390.0,147.0,3.2350116091175516,2.197224577336219,0.0,5.0,-0.06512642651796341,-0.20214122533798218,-0.13701480627059937,0,0.12424193168090474
A3W4G0SSIE6NKG,fit,04573db5e59f357f3a89482a9f49b0693d9ee71f10732e320d96b5bcd4bdc03e,10.0,238.0,23.8,33.0,0.9,0.8,214.0,21.4,651.0,65.1,0.6540382111939634,0.33204633204633205,858.0,290.0,3.012582611708019,1.6094379124341003,0.2,5.0,-0.32598721981048584,-2.456721544265747,-2.130734443664551,0,0.10664719215771389
AM42FA4N9WGID,fit,045a4f671686be95a29fa2aecb3caf0043667bb694ce1c379bcb6ad3eb95023f,8.0,135.0,16.875,33.0,0.625,0.5,119.0,14.875,247.0,30.875,0.7927308837014757,0.5088757396449705,595.0,233.0,3.4943424711011524,2.197224577336219,0.0,5.0,-1.3308568000793457,-1.3926970958709717,-0.06184029579162598,0,0.15827979113084492
A29DSOBFG7A68F,fit,045b84d473133f1b773a68a64fe2ad3b64b391b617ddf433bcdb7613fade69da,3.0,99.0,33.0,33.0,1.0,1.0,87.0,29.0,380.0,126.66666666666667,0.405956659510756,0.3805309734513274,258.0,87.0,3.035917927733694,2.9444389791664403,0.0,5.0,-0.3490639626979828,-1.0332810878753662,-0.684217095375061,0,0.11380210056805727
ADP0SA1ZOIT0F,fit,045c0e1d6179c1277d0501226f32be7fd6c7976e9d9e49cf207469ff42664e64,3.0,86.0,28.666666666666668,33.0,1.0,1.0,82.0,27.333333333333332,440.0,146.66666666666666,0.5702457571926599,0.18181818181818182,258.0,87.0,4.189998916897822,3.4965075614664802,0.0,5.0,-0.7629572749137878,-1.7727997303009033,-1.0098423957824707,0,0.1600363152699921
ABGGLHSYICL1N,fit,04651a951d41efa1f73c6c4dea181e7db135d993ade57755b5134916b4e285a6,3.0,72.0,24.0,33.0,1.0,0.6666666666666666,64.0,21.333333333333332,133.0,44.333333333333336,0.6941767854811333,0.5666666666666667,257.0,87.0,2.0296816251489487,1.9459101490553132,0.6666666666666666,5.0,-1.075190782546997,-1.1580021381378174,-0.08281135559082031,0,0.13401330494871858
A177XBNQ3ZPBBI,fit,046f24e23896f0b00b0e652578f023243b8cc2463a955f136cd808f462ff144e,15.0,403.0,26.866666666666667,34.0,0.8666666666666667,0.8666666666666667,363.0,24.2,2207.0,147.13333333333333,0.5403932102604797,0.09277238403451996,1216.0,438.0,2.70361474644459,1.791759469228055,0.3333333333333333,5.0,-0.39627158641815186,-0.34370675683021545,0.0525648295879364,1,0.12104538455344711
AGQQH06BMQGK7,fit,047748d2c80d17d9db28083067372320659b39fb506f31503dc5a938e41b3f93,7.0,205.0,29.285714285714285,34.0,1.0,1.0,185.0,26.428571428571427,855.0,122.14285714285714,0.5312312973495189,0.16443594646271512,599.0,205.0,2.451973337695986,1.6094379124341003,0.2857142857142857,5.0,-0.7864962220191956,-2.912083864212036,-2.1255877017974854,0,0.09094206309216077
A4BVCSLY01UPF,fit,0479b8e66e9a9aebadf8d17f6dcc8c8eda23dce2fa6c7d051ce1e9385ef836b1,8.0,233.0,29.125,34.0,0.875,0.875,205.0,25.625,497.0,62.125,0.6108396926444765,0.46236559139784944,656.0,234.0,2.3882559671491683,1.6094379124341003,0.375,5.0,-1.4101864099502563,-1.23987877368927,0.17030763626098633,1,0.09362314349733548
A3OV17BERQ3LGT,fit,047c47b47759d152d92b0441b14aafe9203b961fd47a086e916177b6e1f040c1,11.0,259.0,23.545454545454547,33.0,0.8181818181818182,0.8181818181818182,231.0,21.0,847.0,77.0,0.6342719655658698,0.24571428571428572,909.0,319.0,2.8045448189561326,1.3862943611198906,0.2727272727272727,5.0,-1.2017313241958618,-1.6512072086334229,-0.44947588443756104,0,0.10470434556761149
AFWQSE44MMQXP,fit,048142b57a6153f02ecb48ce922c95a4e0f67d4b72d0cabd8926f55f7458d4b7,2.0,33.0,16.5,33.0,0.5,0.5,29.0,14.5,141.0,70.5,0.6894273127753304,0.3788546255506608,138.0,58.0,2.7444688630783434,2.3978952727983707,0.0,5.0,-0.4488524794578552,-0.6030935049057007,-0.15424102544784546,0,0.13563765595624533
A5JI9EG5PW9FH,fit,048592d6c1562559b4084f2d5eb3a5371e76d779bedbc141d3b3c4800eb03255,3.0,78.0,26.0,33.0,1.0,1.0,74.0,24.666666666666668,171.0,57.0,0.664060341039565,0.4028436018957346,257.0,87.0,3.565644151470479,3.0910424533583156,0.0,5.0,-0.9159221053123474,-0.9187397956848145,-0.002817690372467041,0,0.13705744848006488
A2063RFBMQDV47,fit,04891abc76a831cde8cf09e88126dab32a9e9b9cfef4f915179c8af5da76a20f,2.0,57.0,28.5,33.0,1.0,1.0,53.0,26.5,194.0,97.0,0.5578770068807339,0.3359375,171.0,58.0,2.596478425445105,2.3025850929940455,0.0,5.0,-0.43831866979599,-0.794653594493866,-0.356334924697876,0,0.0935490286327142
A1S52XH2CS4Y26,fit,048a30d930c585f3089a55636118484b46a165ee5470cfb3fb205f2ca2825447,12.0,199.0,16.583333333333332,34.0,0.5833333333333334,0.5,179.0,14.916666666666666,690.0,57.5,0.7549636856059299,0.18973214285714285,912.0,352.0,3.5890853162520124,2.6390573296152584,0.0,5.0,-0.8051334619522095,-0.8864901661872864,-0.0813567042350769,0,0.138327005218209
A2I1B7GHNP1JTA,fit,048db74ced2d70fc5cddf66c00bd7667edb119acaec2f6cd22f5e1652b1e4075,3.0,82.0,27.333333333333332,33.0,1.0,1.0,74.0,24.666666666666668,515.0,171.66666666666666,0.48408289969847357,0.18336886993603413,258.0,87.0,2.6790733437110035,1.9459101490553132,0.3333333333333333,5.0,-1.0848857164382935,-1.0700430870056152,0.014842629432678223,0,0.11072096269583177
A1X6TD4D3D9YUP,fit,048dd31bd59b9199cfae178c1aa0d24aea47eefe6fa598d243a8bf8d221cb48b,3.0,0.0,0.0,0.0,0.0,0.0,0.0,0.0,0.0,0.0,1.0,1.0,162.0,88.0,2.2444672972791193,1.791759469228055,0.3333333333333333,5.0,-0.9841111302375793,-1.020975947380066,-0.03686481714248657,0,0.1852950329534652
AYKNGRL42QFTP,fit,0492427adbe1ce107577839b2b671704adc43cc0c5bc6fa5532e6e857bb2feea,3.0,91.0,30.333333333333332,33.0,1.0,1.0,83.0,27.666666666666668,222.0,74.0,0.5802673906783496,0.3926940639269406,258.0,87.0,3.03089410950265,1.6094379124341003,0.3333333333333333,5.0,-0.17407062649726868,-0.5477118492126465,-0.3736412227153778,0,0.15881152926270772
A3UORBSIKQ56ZB,fit,0496afc011c1133032049c61e20f3d5d5cca6b0b72a7ac2cbe35b1dd16303e64,5.0,122.0,24.4,34.0,0.8,0.8,110.0,22.0,357.0,71.4,0.6359405706583605,0.3173431734317343,391.0,146.0,3.4951906999667175,2.4849066497880004,0.0,5.0,-0.6752921342849731,-0.6432894468307495,0.03200268745422363,1,0.14663273293515658
A2BVWV5NFTBOJE,fit,0497a907d21809e1d2512fe6296e47cc1194f1196da4b603b5d60b960e5d603e,7.0,165.0,23.571428571428573,33.0,1.0,1.0,153.0,21.857142857142858,187.0,26.714285714285715,0.7727518909661768,0.6666666666666666,603.0,202.0,3.6044719172810322,2.4849066497880004,0.0,5.0,-1.3497461080551147,-1.4841605424880981,-0.1344144344329834,0,0.11720501574878578
A3N8RWH3NY2MC5,fit,049979531a946ef4626c801fda7d732a7800ac15d76728a7a00fd68b975b19ee,3.0,33.0,11.0,33.0,0.3333333333333333,0.3333333333333333,29.0,9.666666666666666,84.0,28.0,0.834319526627219,0.5029585798816568,205.0,88.0,2.224853797271475,1.791759469228055,0.6666666666666666,5.0,-1.9895963668823242,-1.9663589000701904,0.02323746681213379,1,0.18921133843221588
A2T904CO2FZG69,fit,0499cae2eb5da9ee86b7e04a23ef9569a1a0196004b7139692926af53b72f163,6.0,175.0,29.166666666666668,34.0,1.0,1.0,155.0,25.833333333333332,823.0,137.16666666666666,0.5050883231102111,0.1756198347107438,513.0,175.0,3.0547679265702197,2.6390573296152584,0.0,5.0,-2.0174529552459717,-2.1232993602752686,-0.10584640502929688,0,0.09781889228294109
A2C0FJVUA7CAET,fit,049e41996ac7fb0de43d26c964d9b9528c68b5a694260752bc8c0c27434b6fd0,5.0,118.0,23.6,35.0,0.8,0.8,106.0,21.2,284.0,56.8,0.6613979688113643,0.46195652173913043,410.0,148.0,2.8553703553262713,1.3862943611198906,0.4,5.0,-0.33612194657325745,-0.44844383001327515,-0.1123218834400177,0,0.16097540553441642
AGL3R6EEVS69N,fit,04a7a6de72ffdec5724f8610b86ddef910a6b1f9177e323d9f50e864aa4b6d93,2.0,0.0,0.0,0.0,0.0,0.0,0.0,0.0,0.0,0.0,1.0,1.0,116.0,59.0,4.297632363418196,3.9318256327243257,0.0,5.0,-1.5860787630081177,-1.6936976909637451,-0.10761892795562744,0,0.3147320277600315
A14AJAMALII28Q,fit,04ac039484eb27e87c39f07a603f53108106907a267e39fcbe7ce040c0adfb23,2.0,36.0,18.0,33.0,1.0,0.5,32.0,16.0,228.0,114.0,0.6212182110494008,0.2765273311897106,171.0,59.0,2.596478425445105,2.4849066497880004,0.0,5.0,-0.713224470615387,-0.7609187960624695,-0.04769432544708252,0,0.09979816655746067
A3CDDXZ9WYJIQA,fit,04af4ed6883ceb89d8b362076f8a26a0aac24acb6c8622ff0e8a3080fec9aa6c,3.0,66.0,22.0,33.0,0.6666666666666666,0.6666666666666666,58.0,19.333333333333332,168.0,56.0,0.6806966273447617,0.4321608040201005,232.0,88.0,2.482583760015969,1.791759469228055,0.3333333333333333,5.0,-2.139460325241089,-2.197383403778076,-0.057923078536987305,0,0.14421440402709293
A39JU6OLEL45SW,fit,04af882b37df40aeae7d6160809662b7293b6dd9035dadc6195566be16b9b0eb,2.0,50.0,25.0,33.0,1.0,1.0,46.0,23.0,53.0,26.5,0.7699347445487824,0.7049180327868853,172.0,58.0,2.4563274428680257,2.0794415416798357,0.0,5.0,-2.209355115890503,-2.1359827518463135,0.07337236404418945,1,0.10110344393603969
A3FE5V9OE61LZ4,fit,04b162369592d11aa308f7f6bf7449e473945ef18d9f62c7a534e2a1245e133a,2.0,45.0,22.5,33.0,1.0,1.0,41.0,20.5,61.0,30.5,0.7572940287226002,0.6370370370370371,172.0,58.0,2.6711671259824055,2.3978952727983707,0.0,5.0,-1.7799460887908936,-1.9101234674453735,-0.13017737865447998,0,0.10501272770397664
A1XPGJABZCUUXZ,fit,04b3423f9a3c7697af7880218992bbae4365a2a7c3e922d85f70cad7fa89e3b4,2.0,33.0,16.5,33.0,0.5,0.5,29.0,14.5,68.0,34.0,0.7792207792207793,0.5584415584415584,144.0,58.0,3.4881740352238744,2.833213344056216,0.0,5.0,-0.46061694622039795,-0.44296300411224365,0.017653942108154297,0,0.2023825345200429
A1KYIXKE14GNE4,fit,04b9eab75715b6aa32f99ba31d3cde17327e9852bd9a95f00f1e8258a65c7268,5.0,100.0,20.0,34.0,0.6,0.6,88.0,17.6,467.0,93.4,0.6160695546507904,0.3017543859649123,394.0,147.0,3.0499189165840024,2.197224577336219,0.0,5.0,-2.116759777069092,-2.08172869682312,0.03503108024597168,1,0.14321540286309187
A3Q09XODDLORO2,fit,04cf60a3fcd27aa20a82bcc7c1b2b29e205fcc5015cbe1268188613db24ed6ef,2.0,50.0,25.0,33.0,1.0,1.0,46.0,23.0,472.0,236.0,0.4961794318590435,0.1574074074074074,171.0,58.0,4.101515120857429,3.0910424533583156,0.0,5.0,-1.3265390396118164,-1.2478227615356445,0.07871627807617188,1,0.13995121240011743
A14CW5YAG08MO6,fit,04d04663b630594660d0cbf5023b01ed8c5b1a5d04eeaaeda0a621eb1b58183c,5.0,168.0,33.6,35.0,1.0,1.0,148.0,29.6,671.0,134.2,0.41772002131918057,0.2507462686567164,425.0,148.0,2.5945683931921466,2.0794415416798357,0.0,5.0,-1.283078908920288,-1.410282015800476,-0.127203106880188,0,0.08860055173818705
A3P1OQ9ORH766T,fit,04d3a80022c0eed80039e72e2aa533d24f31a9ea2fec15aabff7a27852531b40,6.0,172.0,28.666666666666668,36.0,0.8333333333333334,0.8333333333333334,152.0,25.333333333333332,444.0,74.0,0.5791465113833535,0.40865384615384615,494.0,182.0,2.761505188851874,1.6094379124341003,0.3333333333333333,5.0,-1.03700852394104,-1.3017834424972534,-0.2647749185562134,0,0.13450343157149386
A1216X3L91LJ4G,fit,04dbb659179f323df9a08e984b9c99dcc22099a0785002818cc1dce2b891a622,5.0,166.0,33.2,34.0,1.0,1.0,146.0,29.2,923.0,184.6,0.34403881891428456,0.24157303370786518,428.0,146.0,3.342988892723375,2.3978952727983707,0.0,5.0,-1.9789955615997314,-2.236515998840332,-0.2575204372406006,0,0.13388935738264754
A1VRX99JLDPX3M,fit,04dfe0800d4cd5f8cce226a8a1a0157c5542fdec0f62c1a2dadd299d7550a8b4,9.0,224.0,24.88888888888889,34.0,0.7777777777777778,0.7777777777777778,200.0,22.22222222222222,602.0,66.88888888888889,0.6460720149428395,0.36134453781512604,754.0,263.0,2.926088107864748,1.6094379124341003,0.4444444444444444,5.0,-1.4544426202774048,-1.4868683815002441,-0.032425761222839355,0,0.13402820724063205
A38LCFWHN7IPLW,fit,04e85dfcb786c66aaee2df96f02081d6902a9bbb0e762c6fa8aa5bb74ad194ab,20.0,522.0,26.1,33.0,0.9,0.85,467.0,23.35,1801.0,90.05,0.6098288186501106,0.1853448275862069,1685.0,582.0,3.1951434622110946,1.3862943611198906,0.15,5.0,-0.6259531378746033,-0.9683891534805298,-0.3424360156059265,0,0.07801977468813764
A2WQCTXF2T8X93,fit,050c14b149d769a0ca442f6293807c2e7dfd5b9388f591c034ac262309f2c6a1,8.0,274.0,34.25,37.0,1.0,1.0,242.0,30.25,559.0,69.875,0.5510054828075178,0.4381443298969072,672.0,242.0,2.3966799159141656,1.6094379124341003,0.375,5.0,-0.10267997533082962,-0.7311589121818542,-0.6284789443016052,0,0.08414683763183746
A7MJCZH5UUKVN,fit,0511d0466c30a6c08f9e69709e305a0bd1b0731b26ec42c7540ef227b758e210,6.0,97.0,16.166666666666668,34.0,0.5,0.5,89.0,14.833333333333334,358.0,59.666666666666664,0.7408535707083801,0.2857142857142857,473.0,178.0,2.6561307972076738,1.9459101490553132,0.16666666666666666,5.0,-0.43203866481781006,-0.5126641988754272,-0.08062553405761719,0,0.13043305368821206
ANV5G8C4MP5TM,fit,05135a8cfbd1655ad592b875ac435a743ae7848fb40af2e3b5a15fe8682e8be3,2.0,33.0,16.5,33.0,0.5,0.5,29.0,14.5,61.0,30.5,0.7925170068027211,0.5850340136054422,141.0,58.0,2.884160497896886,2.0794415416798357,0.0,5.0,-1.3450849056243896,-1.9763902425765991,-0.6313053369522095,0,0.16477870682581636
A1VROSP8YSWDGE,fit,0515b556fc77075e8d07f9506cbca2b0b16bd2f882e6270d28f0280dd565e3a5,4.0,60.0,15.0,33.0,0.5,0.5,56.0,14.0,152.0,38.0,0.7921612213228201,0.4075829383886256,317.0,116.0,2.405943412433381,2.197224577336219,0.0,5.0,-1.5153887271881104,-1.4284250736236572,0.08696365356445312,1,0.10676006035847109
A1K5VLKMIUXX6R,fit,05173c6eeccfcdbde1b091eab325cf1ac9159fc026a22531fb2e52e40e609552,5.0,165.0,33.0,33.0,1.0,1.0,145.0,29.0,660.0,132.0,0.4275185699399559,0.28013029315960913,428.0,145.0,3.27966032941263,2.0794415416798357,0.0,5.0,-0.7552153468132019,-0.6483005285263062,0.10691481828689575,1,0.12767869451254016
A3LBXN9F2N8KH9,fit,051d5fc6075da5f8465f930b6ebe30c810d2cdd520099450ac0238c68932c1d0,3.0,33.0,11.0,33.0,0.3333333333333333,0.3333333333333333,29.0,9.666666666666666,61.0,20.333333333333332,0.8616780045351474,0.5850340136054422,182.0,87.0,2.2674649211081035,1.791759469228055,0.6666666666666666,5.0,-1.507020115852356,-1.6071035861968994,-0.10008347034454346,0,0.19871456912605986
A3HQ7ZWZ3UCQEL,fit,0524038ab58f24e6ee6aff610416f7a2d9cb50300850f1d121e20b6d7bf72ecb,2.0,66.0,33.0,33.0,1.0,1.0,58.0,29.0,217.0,108.5,0.4478953049109552,0.38990825688073394,171.0,58.0,3.8492413939404733,3.8066624897703196,0.0,5.0,-1.7706191539764404,-2.494293689727783,-0.7236745357513428,0,0.16482005504923453
A2Z84CIV60N0N4,fit,05279e2c64ca1ccdbd399cc9aa3d6388c92a873c48dc57fb669925e86de6ae53,2.0,66.0,33.0,33.0,1.0,1.0,58.0,29.0,107.0,53.5,0.6178288186218972,0.589041095890411,172.0,58.0,2.4414009612931853,1.791759469228055,0.5,5.0,-0.3440174460411072,-0.922359824180603,-0.5783423781394958,0,0.15053125419825483
A3APUOTAMNPPWC,fit,05350486685dfbb1524fbb344f2701b55f33b18e4a76f70b92f167a30f3ce7fd,2.0,18.0,9.0,14.0,1.0,0.5,18.0,9.0,18.0,9.0,0.9077777777777778,0.86,172.0,58.0,2.0126758453675744,1.9459101490553132,0.5,5.0,-0.631058931350708,-0.6835414171218872,-0.0524824857711792,0,0.12107790162690396
A2BWAVIMVRO4Q8,fit,05391cc21825adcb62e2be4bfe42be9a593cb7e766fbca9369acfc44359efec0,2.0,46.0,23.0,33.0,1.0,1.0,42.0,21.0,87.0,43.5,0.7030934343434343,0.5375,172.0,58.0,2.2769384458002704,1.6094379124341003,0.5,5.0,-1.6657623052597046,-2.2730906009674072,-0.6073282957077026,0,0.12767751939320873
AHL00M9D10IOS,fit,0539a08a102fae6754578a6ad247fa65c309935cd91759d58b6d1a7407a8798c,4.0,109.0,27.25,34.0,1.0,0.75,97.0,24.25,354.0,88.5,0.5463178710603955,0.4158415841584158,336.0,121.0,2.2102535776209726,1.791759469228055,0.5,5.0,-0.1293032169342041,-1.0398259162902832,-0.9105226993560791,0,0.1230492107673234
AQCM9TS14QMXR,fit,053ab1ae4daf8ccbe71cbffac526d06800031286342dddae083e44c46ae290ed,6.0,195.0,32.5,34.0,1.0,1.0,175.0,29.166666666666668,382.0,63.666666666666664,0.5884322901346103,0.46994535519125685,513.0,175.0,2.6555850155412153,1.791759469228055,0.5,5.0,-1.0218753814697266,-1.2082939147949219,-0.1864185333251953,0,0.1182156262059997
A2RM6NA6TYFH8R,fit,05401eb3ea477ba8ee112e6b3a65e6f547c2dc001f86a5d0e28951250ecd219f,5.0,105.0,21.0,33.0,0.8,0.6,93.0,18.6,265.0,53.0,0.6952173913043478,0.4,413.0,145.0,3.3372501747822425,1.9459101490553132,0.2,5.0,-1.2330951690673828,-1.2573058605194092,-0.024210691452026367,0,0.1777430749759415
A3IY5FWLIQDL0W,fit,0544e48f23d26ec6a1a75fe9ecea7f09c94e005f4434235ece6b49b0cb29c343,3.0,100.0,33.333333333333336,34.0,1.0,1.0,88.0,29.333333333333332,1141.0,380.3333333333333,0.27507507507507506,0.0918918918918919,257.0,88.0,2.877435332838914,2.70805020110221,0.0,5.0,-0.3929126262664795,-1.1291077136993408,-0.7361950874328613,0,0.07792072814462718
A4YZH857YFUV0,fit,0553019e2594305a871f64c6afdd803ebd99fe7884390341a1f075f7efd86a2a,6.0,181.0,30.166666666666668,33.0,1.0,1.0,161.0,26.833333333333332,1429.0,238.16666666666666,0.4174723166643885,0.09277238403451996,516.0,174.0,3.218339598911072,1.791759469228055,0.16666666666666666,5.0,-1.9112701416015625,-1.956215500831604,-0.044945359230041504,0,0.14669254444617819
A3FFRDN3PV5L7P,fit,055799f978af86010fe023c7326d545e299e08e00a4dd192b68dd6f0f445609d,2.0,41.0,20.5,35.0,1.0,0.5,37.0,18.5,75.0,37.5,0.7415427709545357,0.5490196078431373,169.0,61.0,2.0715673631957663,1.9459101490553132,0.5,5.0,-1.0823029279708862,-1.1531190872192383,-0.07081615924835205,0,0.1373186223993209
A1AYXE8HK80Q5Q,fit,05608ff73732f7ae0242e64c449cc6c80902e6ac9e2a5caf0b54bdc6f5c32ae5,14.0,238.0,17.0,33.0,0.7857142857142857,0.7142857142857143,218.0,15.571428571428571,731.0,52.214285714285715,0.7674725917652088,0.1799163179916318,1120.0,406.0,3.227671123373105,1.6094379124341003,0.14285714285714285,5.0,-1.256009578704834,-1.42911696434021,-0.17310738563537598,0,0.104883726208697
A3JWY8TCBF81H0,fit,0566709f301e538ae165dc9a6fed054bef3ab55480fdddc8fb51a79d4964e0e7,9.0,217.0,24.11111111111111,34.0,0.7777777777777778,0.7777777777777778,195.0,21.666666666666668,909.0,101.0,0.6393702029733679,0.18181818181818182,691.0,263.0,3.029963352056196,1.791759469228055,0.1111111111111111,5.0,-1.7891852855682373,-1.8828274011611938,-0.09364211559295654,0,0.11974225957880553
AIP6MBCJ1JC1M,fit,056b9079283d4a25aadd7db9177e9052c09fd04b6f7a6c02c10f799cc8bbb1cc,3.0,33.0,11.0,33.0,0.3333333333333333,0.3333333333333333,29.0,9.666666666666666,53.0,17.666666666666668,0.8729016786570744,0.6187050359712231,214.0,88.0,3.121420818082813,2.197224577336219,0.0,5.0,-1.8721444606781006,-1.8032907247543335,0.06885373592376709,1,0.1907273862376488
A3O8Z6IZ0VU3BB,fit,056f51cc28cefaff6f957450ebd51d6249ec56615646ae8254ed650852ebf5f4,2.0,66.0,33.0,33.0,1.0,1.0,58.0,29.0,287.0,143.5,0.4582136937694049,0.2599388379204893,171.0,58.0,3.3372806959072125,2.8903717578961645,0.0,5.0,-0.6768078804016113,-1.7161308526992798,-1.0393229722976685,0,0.12547585883665988
AXHIE1NIRSZM5,fit,0575d2ed0a9103251731fb57b28836fc031dec673e8452571d39a33b337873bb,8.0,137.0,17.125,33.0,0.875,0.625,125.0,15.625,223.0,27.875,0.7975727509807078,0.5375,652.0,233.0,2.376036201909045,1.3862943611198906,0.25,5.0,-1.5162937641143799,-1.7470786571502686,-0.23078489303588867,0,0.09797244228934328
ADLFP9M6IA3HO,fit,057924e5edb1370a675fb2eff71b4d9057aebf805f955816938f74f445537360,3.0,67.0,22.333333333333332,34.0,0.6666666666666666,0.6666666666666666,59.0,19.666666666666668,169.0,56.333333333333336,0.695688968538431,0.39351851851851855,243.0,88.0,2.215463504949243,1.9459101490553132,0.3333333333333333,5.0,-1.6387226581573486,-2.0333564281463623,-0.39463376998901367,0,0.12054599805911798
A1NYXNBP05FD8Y,fit,057ba6ea71955bd9c50104c85ed5f74ad4888685ce7716556f07e31a4c274ef9,3.0,92.0,30.666666666666668,34.0,1.0,1.0,84.0,28.0,247.0,82.33333333333333,0.5523851674064238,0.3881278538812785,257.0,88.0,3.141171464084301,2.5649493574615367,0.0,5.0,-0.15955094993114471,-0.5867036581039429,-0.42715269327163696,0,0.12210187912580162
A1UCHRXLFQUVYN,fit,057dbf3047cb2c09da2e612c0ac4d9aeac8c2515102ef6c7b13232eb9f0ccd10,5.0,149.0,29.8,33.0,1.0,1.0,133.0,26.6,451.0,90.2,0.5351225900199507,0.35537190082644626,431.0,144.0,3.350614239732579,2.5649493574615367,0.0,5.0,-0.6394655108451843,-0.7775225043296814,-0.13805699348449707,0,0.1207501230099396
A39DIX6CJ3LRM7,fit,0583fdfb8b7151a22c50f10e3ad2b875b687cdc717cae7f216095e887301c517,3.0,84.0,28.0,33.0,1.0,1.0,76.0,25.333333333333332,210.0,70.0,0.5943807629152457,0.4187192118226601,257.0,87.0,3.243044721797117,2.4849066497880004,0.0,5.0,-0.8406067490577698,-0.764876663684845,0.0757300853729248,1,0.1288193684053305
A9UPV7OQYV03F,fit,05942089bcc554a8fde7c2c4d53cf07ab893efa04a25f5f78ee741dd2b3e2917,6.0,111.0,18.5,33.0,0.8333333333333334,0.8333333333333334,107.0,17.833333333333332,218.0,36.333333333333336,0.7745056440569867,0.3805309734513274,474.0,174.0,2.1264151944324166,1.6094379124341003,0.3333333333333333,5.0,-1.313363790512085,-1.4136983156204224,-0.1003345251083374,0,0.08597361736572218
AH9AUW175XCVP,fit,0594c655f0eecf21d23673595c734cc4111fe8aeba8cbfc1904b2b532ea62027,9.0,121.0,13.444444444444445,33.0,0.5555555555555556,0.4444444444444444,109.0,12.11111111111111,987.0,109.66666666666667,0.766735431530692,0.09783845278725825,678.0,261.0,3.1537817320447794,1.6094379124341003,0.1111111111111111,5.0,-0.3433496654033661,-0.7578709721565247,-0.41452130675315857,0,0.17735189611015886
AAQ9NJ480N9W5,fit,059acc2661b3fd6938f5a6029ba096f50e6f4ea56de055abf97f42dad6819ebb,13.0,214.0,16.46153846153846,34.0,0.5384615384615384,0.5384615384615384,190.0,14.615384615384615,421.0,32.38461538461539,0.7962900312048222,0.41346153846153844,954.0,379.0,2.3570889781834343,0.6931471805599453,0.38461538461538464,5.0,-1.3408418893814087,-1.368769645690918,-0.027927756309509277,0,0.10552906443434117
A15B8KRI6K9U19,fit,059ff3570386de349681ffd25ff2b3e61ea394efb7e20f36891b266e03fe8184,2.0,0.0,0.0,0.0,0.0,0.0,0.0,0.0,0.0,0.0,1.0,1.0,113.0,58.0,2.8762863194128165,1.6094379124341003,0.5,5.0,-1.411077857017517,-1.4556251764297485,-0.044547319412231445,0,0.281293434378279
A2RLGKF6LX0AHG,fit,059ff5f6cdf7899e02413d5a8e9812001aaec762ec3d46445da589afc8cd8b88,2.0,66.0,33.0,33.0,1.0,1.0,58.0,29.0,246.0,123.0,0.41609371021135727,0.3722943722943723,172.0,58.0,2.2499048351651325,1.6094379124341003,0.5,5.0,-0.5550055503845215,-0.5752336382865906,-0.020228087902069092,0,0.1272325415968364
A1OL5PD9OMZGVQ,fit,05abcf462bc6f309352172130f4163723c192047754c2244f1eb5e9578e8095f,3.0,36.0,12.0,15.0,1.0,0.6666666666666666,36.0,12.0,36.0,12.0,0.8787387771035168,0.8514851485148515,258.0,87.0,2.975682882608565,2.197224577336219,0.0,5.0,-0.9345077276229858,-1.05740487575531,-0.12289714813232422,0,0.12663483923564597
A16BB04DCCVBO9,fit,05aea30315a7f2cda1e6a81372408baefb1aa9581aca6c8f44fb2c0097c58eb3,3.0,66.0,22.0,33.0,0.6666666666666666,0.6666666666666666,58.0,19.333333333333332,666.0,222.0,0.513785289514867,0.1376,223.0,87.0,3.3826148334165116,2.0794415416798357,0.0,5.0,-0.9986128807067871,-1.1688565015792847,-0.17024362087249756,0,0.14737293905207818
AN116M3JKYIM4,fit,05b1c9e0f9f9ac853d9a7325e51f339b36dc9e0736e11a89239cd6fee6330e5e,2.0,56.0,28.0,33.0,1.0,1.0,52.0,26.0,93.0,46.5,0.6701364384850623,0.5512820512820513,172.0,58.0,1.868834809141684,1.791759469228055,1.0,5.0,-0.06330401450395584,-2.7565746307373047,-2.693270683288574,0,0.1470148104158068
ASTQMYNESCQKH,fit,05b8d5fdf1b89aa5a3f41cc093143a73cbb10d3c7e7be5cbb7f5f14c00847489,4.0,88.0,22.0,33.0,0.75,0.75,80.0,20.0,147.0,36.75,0.7467386274956664,0.49710982658959535,304.0,116.0,2.593372795445466,2.0794415416798357,0.0,5.0,-0.9442221522331238,-1.4148191213607788,-0.47059696912765503,0,0.10544819792443118
ANV76W9WWIB0V,fit,05bef769ea4f82fac416330cc2be3657509293406797dc2717b890c6e034a8b9,5.0,137.0,27.4,33.0,1.0,1.0,125.0,25.0,192.0,38.4,0.7044494529958581,0.6187050359712231,429.0,146.0,2.6844135779666654,1.6094379124341003,0.2,5.0,-0.1044979840517044,-1.6414483785629272,-1.5369503498077393,0,0.10791666220924276
AIXBCY1J3BLPA,fit,05c2109e2bd0867b18d7b7eb29906a85971891a5075b68167d96e3803f499326,2.0,15.0,7.5,15.0,0.5,0.5,15.0,7.5,15.0,7.5,0.9257425742574257,0.8514851485148515,167.0,58.0,2.8518912373281005,2.70805020110221,0.0,5.0,-0.974862813949585,-1.0439013242721558,-0.0690385103225708,0,0.13928653963696006
A3KZV3WIH9MIK3,fit,05cf593f1286c6e01834a6c7935a5e8f514bf3a76913a71700e9a80e2f88efd4,2.0,66.0,33.0,33.0,1.0,1.0,58.0,29.0,283.0,141.5,0.39103409681416634,0.31970260223048325,172.0,58.0,3.35950657719263,2.197224577336219,0.0,5.0,-1.6730117797851562,-1.7541897296905518,-0.08117794990539551,0,0.14660096906707903
A1J8DTD2A50A9T,fit,05d3c6133c1580e96cc361dbe6b48e145bfaaa4b646a6fe89c1c74e1df2926b6,9.0,168.0,18.666666666666668,34.0,0.8888888888888888,0.6666666666666666,152.0,16.88888888888889,366.0,40.666666666666664,0.7436275887535266,0.441025641025641,761.0,262.0,2.983043214296711,1.9459101490553132,0.1111111111111111,5.0,-1.6088542938232422,-1.919891595840454,-0.3110373020172119,0,0.10745781006346958
A3EFHGFK4C1HVN,fit,05d7255f24dd22d8f651794baa51c1cc0b67eaf02dd05f7a6b40c2a17f3709ac,3.0,102.0,34.0,35.0,1.0,1.0,90.0,30.0,305.0,101.66666666666667,0.5126148705096073,0.2912280701754386,253.0,90.0,1.7823691769058227,1.6094379124341003,1.0,5.0,-0.2052265703678131,-2.0685932636260986,-1.863366723060608,0,0.12764972034842328
A3PNOH9KHS2NBK,fit,05dc6be9b45a2dead4856cbec67e667fc99fc4bfbf72020a37a68dc5a5441f33,13.0,300.0,23.076923076923077,34.0,0.6923076923076923,0.6923076923076923,264.0,20.307692307692307,1156.0,88.92307692307692,0.5988104985687489,0.2857142857142857,1047.0,384.0,2.919139734409764,2.0794415416798357,0.0,5.0,-0.5814632773399353,-0.6142225861549377,-0.03275930881500244,0,0.09921632480181233
A1EV78KATHKFAC,fit,05e78c3365608048c08ace5eb4f8ee50b580d9726bfbef25c13c7e3f5e1b4c9c,5.0,99.0,19.8,33.0,0.6,0.6,87.0,17.4,123.0,24.6,0.8075904560081627,0.6277372262773723,390.0,145.0,2.7850845398480173,1.6094379124341003,0.2,5.0,-1.6174103021621704,-1.9638395309448242,-0.3464292287826538,0,0.15055958588776294
A2GCEBDTV8R0M2,fit,05f2d6a43b6ce9390fa42d56dd2ee8b11363819c52116d6489b7295ea16b9382,13.0,174.0,13.384615384615385,34.0,0.6153846153846154,0.46153846153846156,158.0,12.153846153846153,338.0,26.0,0.8358623614593022,0.36637931034482757,1041.0,381.0,3.2450892241314793,1.9459101490553132,0.07692307692307693,5.0,-1.2247315645217896,-1.3579095602035522,-0.1331779956817627,0,0.11775077996188364
A2W5Q0C4D15Z3,fit,05f31cb26db8cfa92f7d88507ca3ca8609a82659859c1355e869722f7023dc44,3.0,33.0,11.0,33.0,0.3333333333333333,0.3333333333333333,29.0,9.666666666666666,72.0,24.0,0.8481012658227849,0.5443037974683544,185.0,87.0,3.1003649117482155,2.3025850929940455,0.0,5.0,-0.9154044985771179,-0.9248014688491821,-0.009396970272064209,0,0.18480139353028402
A1GOSLJ2V9KO3L,fit,05f8843bae49a6d43c42dbe83be1de689b320154cf598c609c04e507cc949598,2.0,56.0,28.0,33.0,1.0,1.0,52.0,26.0,76.0,38.0,0.7038479308296482,0.6187050359712231,172.0,58.0,2.6390573296152584,1.9459101490553132,0.5,5.0,-1.6645758152008057,-1.6383203268051147,0.026255488395690918,1,0.1581511770150086
AG1JZXJ1VZ1HW,fit,05faa23de9527d74a093dcd6a586b6f438a52049cc437328fe4bd34f3166b981,2.0,33.0,16.5,33.0,0.5,0.5,29.0,14.5,179.0,89.5,0.6622641509433962,0.32452830188679244,138.0,58.0,2.9621278987072657,2.3978952727983707,0.0,5.0,-1.050889253616333,-1.1702924966812134,-0.11940324306488037,0,0.14615015771659665
A38PAYVUSASXYG,fit,05ffa2ae44f506c4339f47a393f90e6f2ffb8408c7ff869b751bd40f95380bb0,2.0,33.0,16.5,33.0,0.5,0.5,29.0,14.5,196.0,98.0,0.6524822695035462,0.3049645390070922,135.0,58.0,2.71467281447722,1.791759469228055,0.5,5.0,-1.051637887954712,-1.3203686475753784,-0.2687307596206665,0,0.18719486255363532
A23TXD0C5CX6IM,fit,06007eaebb570d0fceba988f8b1f45373d7d0275989acb3b0db27e35c9752ce2,2.0,33.0,16.5,33.0,0.5,0.5,29.0,14.5,167.0,83.5,0.6699604743083004,0.33992094861660077,162.0,58.0,3.9211393895586757,3.6375861597263857,0.0,5.0,-1.3619343042373657,-1.3713018894195557,-0.009367585182189941,0,0.20593254045440887
A3850L5KD5LYXV,fit,06030f1f1ed7a64dfd8928daf0be676314a39631ad6692fb1a68e7f4ea19cf29,2.0,66.0,33.0,33.0,1.0,1.0,58.0,29.0,123.0,61.5,0.5838626530424376,0.5620915032679739,172.0,58.0,4.288955963225472,4.23410650459726,0.0,5.0,-0.3831818103790283,-1.0849621295928955,-0.7017803192138672,0,0.20848171486825653
A2E5YZURTHJS6M,fit,0608627b4b48c17b58eb7a16cfab3ab097f8bbb6e6f3d7bd9b4b362d90a3a62b,6.0,165.0,27.5,33.0,0.8333333333333334,0.8333333333333334,145.0,24.166666666666668,932.0,155.33333333333334,0.5239128261734521,0.1419141914191419,515.0,174.0,3.486773814810027,2.197224577336219,0.0,5.0,-0.9765684008598328,-2.5152676105499268,-1.5386991500854492,0,0.1469467634901795
A28RSMADFCBJDT,fit,060924fd64fe6fa36b9f1968f7881532969e67c039de516d93bdd221e8d39f1d,3.0,0.0,0.0,0.0,0.0,0.0,0.0,0.0,0.0,0.0,1.0,1.0,163.0,87.0,3.797054842648207,3.4339872044851463,0.0,5.0,-1.2518991231918335,-1.265738844871521,-0.0138397216796875,0,0.26476336289755664
ATD9Q1D7P9V95,fit,0610d2f731c8e4ab45aac2edcba8118069a64d211d7c1ec2d28878ad6abee70a,3.0,33.0,11.0,33.0,0.3333333333333333,0.3333333333333333,29.0,9.666666666666666,58.0,19.333333333333332,0.8657407407407408,0.5972222222222222,244.0,87.0,2.197224577336219,2.197224577336219,0.0,5.0,-1.8241325616836548,-2.1944122314453125,-0.3702796697616577,0,0.11687904452881324
A23VKF4GTLY8U0,fit,062592cc063cfe7680fd359a37a932ce98492632c45d02048cdb4ce91f10a3d2,3.0,66.0,22.0,33.0,0.6666666666666666,0.6666666666666666,58.0,19.333333333333332,624.0,208.0,0.5607853300506032,0.13458528951486698,224.0,87.0,2.779036376520825,2.197224577336219,0.0,5.0,-1.480647325515747,-1.6298229694366455,-0.14917564392089844,0,0.10429963532809572
A5RR3AFLCE2HM,fit,062a30159f362c1543a055bd1c610ec50e8c15efa1fc61e9451a5f2045fd55a0,4.0,84.0,21.0,33.0,0.75,0.75,76.0,19.0,123.0,30.75,0.772237232464505,0.5512820512820513,312.0,116.0,2.5091547162848276,1.0986122886681096,0.5,5.0,-1.6294200420379639,-1.6744295358657837,-0.045009493827819824,0,0.15892005006063942
A3QUM7IJF6VZTY,fit,063b5c926529472cb3018800222a1b4d73702695dd0a18e3a37f0e97fedb83a4,7.0,197.0,28.142857142857142,34.0,0.8571428571428571,0.8571428571428571,177.0,25.285714285714285,485.0,69.28571428571429,0.6200188567887679,0.32075471698113206,562.0,206.0,2.189793660674687,1.791759469228055,0.42857142857142855,5.0,-0.572730541229248,-0.6580806374549866,-0.08535009622573853,0,0.08935590179408767
A17R26S8COQ8G,fit,063f7048645ca3a73a1e74556d0b9ab387084a7f45a8ba3205e9164fda73a661,7.0,198.0,28.285714285714285,33.0,0.8571428571428571,0.8571428571428571,174.0,24.857142857142858,1244.0,177.71428571428572,0.44842089343517755,0.1853448275862069,559.0,203.0,2.2579797937785933,1.3862943611198906,0.5714285714285714,5.0,-0.7001048922538757,-1.5522011518478394,-0.8520962595939636,0,0.1353617442155602
A1H9WSOHXZPM07,fit,0646c76918bc8efbef56ddfc0bc13c5dacad376cc1a90c1a0ec3ab8d27eef875,3.0,99.0,33.0,33.0,1.0,1.0,87.0,29.0,265.0,88.33333333333333,0.5187142185244652,0.4215686274509804,258.0,87.0,2.0364158609214553,1.6094379124341003,0.6666666666666666,5.0,-0.6500838994979858,-1.161910057067871,-0.5118261575698853,0,0.12215615388013423
A3067W3P78C0HD,fit,06482a4a324fc5383bd193d0ac2f97ef2b7c6fe7a1dc9b044729399ba1a9f7de,2.0,66.0,33.0,33.0,1.0,1.0,58.0,29.0,363.0,181.5,0.3217482517482517,0.31272727272727274,172.0,58.0,3.4202732646443437,2.833213344056216,0.0,5.0,-0.34504234790802,-0.719291090965271,-0.374248743057251,0,0.13554911620807053
A1M0JILIURABYY,fit,064b220d127e459210ff9625568afe6bae41170deeef4d755b7b2d54852f78fa,3.0,92.0,30.666666666666668,33.0,1.0,1.0,84.0,28.0,161.0,53.666666666666664,0.6323709723410321,0.5149700598802395,258.0,87.0,4.1248270657013775,3.332204510175204,0.0,5.0,-1.5191335678100586,-2.011211633682251,-0.4920780658721924,0,0.1898351846655221
A1ILAVWMGIZUZX,fit,064c9ca5eec0b49a8ec5a6bf755df4f1502194727afa60f744fea39209a9939c,4.0,134.0,33.5,34.0,1.0,1.0,118.0,29.5,546.0,136.5,0.45526030433088616,0.245014245014245,342.0,118.0,2.4712672417530275,1.6094379124341003,0.5,5.0,-0.733366072177887,-2.057565689086914,-1.3241996765136719,0,0.12375572471034281
ACI4789O50TU5,fit,064da926053c8168605b4c55bb569c4c3dc7fe6469c11c5523d61d4726321a5a,19.0,563.0,29.63157894736842,34.0,0.8947368421052632,0.8947368421052632,495.0,26.05263157894737,2573.0,135.42105263157896,0.4601400861864029,0.2356164383561644,1565.0,554.0,2.2240150099260734,1.6094379124341003,0.5263157894736842,5.0,-0.4470450282096863,-0.7307313084602356,-0.2836862802505493,0,0.09160911873523837
A2291LBNORVPZ5,fit,064e5343dfb833783b74beff0b91a6d630452fc90d0705ddfb989b8a265ac096,7.0,153.0,21.857142857142858,33.0,0.7142857142857143,0.7142857142857143,137.0,19.571428571428573,835.0,119.28571428571429,0.6503022795712361,0.13458528951486698,557.0,203.0,2.647658478462575,1.6094379124341003,0.2857142857142857,5.0,-1.5928905010223389,-1.5126508474349976,0.08023965358734131,1,0.12569484146767418
A3AE2LAXSIML73,fit,0650c114c6c4fe77a0560f9cd75f42e1507ba81650549fab12e8fefae23424e4,4.0,54.0,13.5,33.0,0.5,0.5,50.0,12.5,147.0,36.75,0.8023496737788749,0.4056603773584906,325.0,116.0,2.6350160954019195,1.9459101490553132,0.25,5.0,-1.9693504571914673,-1.9408601522445679,0.028490304946899414,1,0.1457316884303123
A2OTGX253O4J4D,fit,06551308a5164a6d12b94da4e693dd1f5782444fd8c42ad5625c212bea917445,4.0,121.0,30.25,35.0,1.0,1.0,109.0,27.25,466.0,116.5,0.48782575332474576,0.2757475083056478,341.0,118.0,2.405943412433381,1.791759469228055,0.25,5.0,-1.486641526222229,-2.382535457611084,-0.895893931388855,0,0.09941205310889058
A165EMA3YTIM6A,fit,0656a78fcdb01edc3b08ec2b969c1a0112a62cef41d5a5e54a9b2459e433a976,2.0,61.0,30.5,34.0,1.0,1.0,57.0,28.5,74.0,37.0,0.7000749727371864,0.6412213740458015,169.0,60.0,2.787974551573158,2.3978952727983707,0.0,5.0,-0.37666669487953186,-0.44601544737815857,-0.06934875249862671,0,0.12038874363485434
A3SZMX0JJRE8DX,fit,065aaf6c985a551c8bd3267b1aa98092d01f4e61e619e581e368bcf3f9214172,4.0,126.0,31.5,33.0,1.0,1.0,114.0,28.5,752.0,188.0,0.4604668553754381,0.14098360655737704,344.0,116.0,3.81955603669981,2.70805020110221,0.0,5.0,-2.0164599418640137,-2.085432529449463,-0.06897258758544922,0,0.14769750903965728
AFU29W6251TEM,fit,065b4d2ffa2d815ce22924e5bc9a19bcd0544364229d215df395274dca115a6c,2.0,33.0,16.5,33.0,0.5,0.5,29.0,14.5,33.0,16.5,0.8613445378151261,0.7226890756302521,138.0,58.0,4.045354358041998,3.9318256327243257,0.0,5.0,-2.021540641784668,-1.8880754709243774,0.13346517086029053,1,0.2441104054367832
AQJH1WMWQAIWQ,fit,0666986e25854511f077be3995880f7b8a00665a44a777ba14535c409b763cbe,3.0,50.0,16.666666666666668,33.0,1.0,0.6666666666666666,46.0,15.333333333333334,138.0,46.0,0.7456131613460166,0.41545893719806765,258.0,87.0,2.524167661673461,1.791759469228055,0.3333333333333333,5.0,-0.458223819732666,-0.6213306188583374,-0.1631067991256714,0,0.12796319111002452
A30JPZ9TZ7I61U,fit,066bf00e469c8e8d5c12994e019878a93b5eb51477ae67be663ed7a5d3e6ba06,15.0,365.0,24.333333333333332,35.0,0.8,0.8,325.0,21.666666666666668,2186.0,145.73333333333332,0.5575498377880527,0.09100758396533044,1179.0,441.0,2.8985585689356346,1.6094379124341003,0.13333333333333333,5.0,-0.7221776843070984,-1.3362038135528564,-0.6140261292457581,0,0.1383034172222917
A19WQFX3JJJ2UJ,fit,06876f81bf10b2d6108c28f38ead2b31663f0c6d8c214d78f33af8a2084ef942,6.0,150.0,25.0,34.0,0.8333333333333334,0.8333333333333334,139.0,23.166666666666668,367.0,61.166666666666664,0.7000074575425358,0.2599388379204893,505.0,176.0,3.7533038049388696,2.70805020110221,0.0,5.0,-0.8957246541976929,-1.1833490133285522,-0.2876243591308594,0,0.13997127036390802
A14C65X2PJPQMT,fit,068e209aa9d3afc93cdd08df339241d5131f25ff3c9254e2c674f2716059cc98,3.0,99.0,33.0,33.0,1.0,1.0,87.0,29.0,276.0,92.0,0.5084563994374122,0.3628691983122363,257.0,87.0,2.5592878335594036,1.3862943611198906,0.3333333333333333,5.0,-1.6045488119125366,-1.723449945449829,-0.11890113353729248,0,0.1297990307408018
A1KVXPIUWAAG3K,fit,06975c37d75e28c9fefb638cb28882653dbb8debf2e9fbb9bb7b699930c512f7,2.0,54.0,27.0,33.0,1.0,1.0,50.0,25.0,54.0,27.0,0.7632136966936307,0.7226890756302521,172.0,58.0,3.812309493079699,3.4657359027997265,0.0,5.0,-0.9521878957748413,-1.01093590259552,-0.05874800682067871,0,0.1779008132133099
A1ZICRF3PTIHO6,fit,06a0108cb2f5f36116143aeb0c0b53558f2c96a7aeb4a6777784068ebea8b566,2.0,33.0,16.5,33.0,0.5,0.5,29.0,14.5,162.0,81.0,0.6733870967741935,0.3467741935483871,146.0,58.0,1.7005986908310775,1.6094379124341003,1.0,5.0,-1.7442591190338135,-1.7518608570098877,-0.007601737976074219,0,0.1625822748902727
A1JUAHVYRZRQJV,fit,06a05b4a535b4c237475ee5f8c666d3a802c5a6b89abbc9f8460b1ae74800650,5.0,145.0,29.0,33.0,1.0,1.0,133.0,26.6,599.0,119.8,0.5090054825804868,0.28859060402684567,430.0,145.0,3.4631213647672596,1.6094379124341003,0.2,5.0,-1.1704199314117432,-1.3367555141448975,-0.1663355827331543,0,0.1631501782717434
A394ODETD69NJP,fit,06a2752691fafc0fbd64b2539c4a671b0434fc4894ef2a3fb5bf9f00bf5f65fa,4.0,132.0,33.0,33.0,1.0,1.0,116.0,29.0,328.0,82.0,0.5151443478139734,0.47513812154696133,344.0,116.0,2.6884096204764343,2.4849066497880004,0.0,5.0,-1.4755834341049194,-1.6963764429092407,-0.2207930088043213,0,0.09532031294746134
ALEVRDKQ2M79G,fit,06a80b6d5d12b1ba086a88f4500365ad9f2e1d5a6869217e98adf51171d5e603,2.0,66.0,33.0,33.0,1.0,1.0,58.0,29.0,200.0,100.0,0.46581246359930106,0.42574257425742573,172.0,58.0,1.4978661367769954,1.3862943611198906,1.0,5.0,-1.949962854385376,-2.1476216316223145,-0.19765877723693848,0,0.1267996021990609
ACU5O7XF3T6JF,fit,06ace57d44b1325e7876ca59f4d1a1c5970a297cac3658ddad3302f2fc77f082,9.0,186.0,20.666666666666668,33.0,0.7777777777777778,0.6666666666666666,166.0,18.444444444444443,750.0,83.33333333333333,0.6782871199240513,0.18220338983050846,715.0,262.0,3.2661807482803615,1.791759469228055,0.1111111111111111,5.0,-0.8842505216598511,-1.0799760818481445,-0.19572556018829346,0,0.1384428640164083
A3MGS0LSJOXLTB,fit,06b81a0c851ca5a2331ddc7aa88a5108f4ceb53018f4e2304ede7fd670ab3edf,2.0,33.0,16.5,33.0,0.5,0.5,29.0,14.5,113.0,56.5,0.7160804020100502,0.4321608040201005,139.0,58.0,3.7365345440160986,3.6888794541139363,0.0,5.0,-0.7071645259857178,-0.9038223028182983,-0.19665777683258057,0,0.19872532845206894
A72AYFQ9I706V,fit,06c057a349e91e872353b591877753a6b66506fd1242c8f4d1f8a3a7d1c6d040,9.0,220.0,24.444444444444443,34.0,0.8888888888888888,0.8888888888888888,196.0,21.77777777777778,833.0,92.55555555555556,0.6296086175790516,0.20190023752969122,731.0,262.0,3.429199808655243,1.9459101490553132,0.1111111111111111,5.0,-1.3164246082305908,-1.288326382637024,0.028098225593566895,1,0.12983230810614835
A1SY4X1WWNOBX5,fit,06c3366f6f0c2d472f70f6d6ff6400ca87959b03881d1020fd34cea797a0de2f,4.0,65.0,16.25,33.0,0.5,0.5,58.0,14.5,108.0,27.0,0.8149194392132245,0.5308641975308642,284.0,117.0,3.625321407798649,2.9444389791664403,0.0,5.0,-1.4218673706054688,-1.4963382482528687,-0.0744708776473999,0,0.19255134296940973
A1HYRQZPJ0U6PY,fit,06c449bb0feb778607b5570192f3ae74eb17e81b0406dbc2b6cea8479f810f77,2.0,40.0,20.0,33.0,1.0,0.5,36.0,18.0,157.0,78.5,0.6445689812283579,0.3644067796610169,172.0,58.0,3.031892604343804,2.3025850929940455,0.0,5.0,-1.1619112491607666,-1.3024803400039673,-0.14056909084320068,0,0.14138185699355835
ATQ22E6YAUNXP,fit,06c50ef7af657a407c9da9583b5ec995867687d76fae5665635fca39b5a7b964,16.0,291.0,18.1875,34.0,0.5625,0.5625,259.0,16.1875,813.0,50.8125,0.7348301424777014,0.2975778546712803,1158.0,468.0,3.158219713414087,1.3862943611198906,0.0625,5.0,-0.4196165204048157,-0.6222801208496094,-0.2026636004447937,0,0.11102973312505282
A969VLBBX8LQ7,fit,06c625352d0fe16008ba01ee741bb2654552141340d24a7e23221370711a320a,7.0,165.0,23.571428571428573,33.0,0.7142857142857143,0.7142857142857143,145.0,20.714285714285715,633.0,90.42857142857143,0.588126048491463,0.2925170068027211,536.0,203.0,3.05363528751673,2.5649493574615367,0.0,5.0,-0.8743718862533569,-0.9781500101089478,-0.10377812385559082,0,0.11914352425223527
A2DK5VM0K4B27,fit,06cfdf4bd79741bb7300518d2624367f4fb0f740dc66bb0a6ecdf93689cc076c,4.0,125.0,31.25,33.0,1.0,1.0,113.0,28.25,199.0,49.75,0.6466575078485528,0.5337423312883436,344.0,116.0,2.530535259644368,1.0986122886681096,0.25,5.0,-1.2307846546173096,-1.590440273284912,-0.35965561866760254,0,0.11795647464161271
ADUIFGJE9I7GA,fit,06db5f449fa475ac86cc079fa3e41665420e2aa00d23b15ba727caa9479550ce,9.0,231.0,25.666666666666668,33.0,0.8888888888888888,0.7777777777777778,207.0,23.0,422.0,46.888888888888886,0.6886836931453532,0.41545893719806765,751.0,261.0,2.2350053185746415,1.6094379124341003,0.4444444444444444,5.0,-1.2392948865890503,-1.3029676675796509,-0.06367278099060059,0,0.08209457757722359
A3K4AJLVHAH4OZ,fit,06e3d5b1243ca8e8739d54f579f449edef994034cf2c6002e00d541a504742fa,20.0,497.0,24.85,34.0,0.75,0.75,437.0,21.85,3197.0,159.85,0.5514687803559657,0.10201660735468565,1590.0,583.0,3.438227706698882,2.4849066497880004,0.0,5.0,-1.0953395366668701,-1.2800225019454956,-0.1846829652786255,0,0.1836428390870589
A3CYQNJD5EB7PK,fit,06e479cc15adf7b38f31f41804c3c1067c889bd429810386ec9d1d9e61f3a512,11.0,275.0,25.0,34.0,0.8181818181818182,0.8181818181818182,247.0,22.454545454545453,961.0,87.36363636363636,0.603105704686797,0.20476190476190476,888.0,321.0,2.5050344617348794,1.6094379124341003,0.2727272727272727,5.0,-1.8313629627227783,-1.8900455236434937,-0.05868256092071533,0,0.08885792691766965
A29V62XBC6CR75,fit,06e4e2adb2779b825bc39142d1ce3f034172f67d5ecf2bc80c58c2a051fb95cd,14.0,244.0,17.428571428571427,34.0,0.6428571428571429,0.5714285714285714,224.0,16.0,557.0,39.785714285714285,0.7717116954607847,0.3175182481751825,1142.0,406.0,2.4068256954063485,1.3862943611198906,0.21428571428571427,5.0,-1.0979769229888916,-1.5534603595733643,-0.45548343658447266,0,0.07620460547640966
A81VK61YMTCRS,fit,06eb31d1c0f5d351b33c9498e9661f3b8b603c86c7bb6a1dd60f3e1d6ee71deb,4.0,33.0,8.25,33.0,0.25,0.25,29.0,7.25,91.0,22.75,0.8714689265536724,0.4858757062146893,262.0,116.0,2.6420202314195027,1.791759469228055,0.25,5.0,-1.494499683380127,-1.459510087966919,0.03498959541320801,1,0.18134561950634925
A3N0KFDA9418YI,fit,06fdcd1e3d58fced375031ae84d7fcfc9b8574307691861c4533b85c8ebc9b9f,3.0,99.0,33.0,33.0,1.0,1.0,87.0,29.0,375.0,125.0,0.42535214472636246,0.31272727272727274,258.0,87.0,3.4613533777103656,2.4849066497880004,0.0,5.0,-1.0725568532943726,-1.2559716701507568,-0.18341481685638428,0,0.14535130662243684
A3VEEHFVY1YSDC,fit,0704c530ed933b48bb0dab5710471660f67655d9431d598ebea964281e90c4e7,10.0,230.0,23.0,33.0,0.8,0.8,206.0,20.6,616.0,61.6,0.6654717921443913,0.3282442748091603,840.0,292.0,2.8996899053017575,1.6094379124341003,0.2,5.0,-1.9355669021606445,-1.7172771692276,0.21828973293304443,1,0.1033971629172861
AW9FZO9WF88CV,fit,070612e0086986cc3dd9278e1b0f5c9d5355c9bd2c63ca952df5d2c7bfc4c98e,4.0,81.0,20.25,33.0,1.0,1.0,77.0,19.25,118.0,29.5,0.7699874361936356,0.5512820512820513,342.0,118.0,2.924701835739735,2.6390573296152584,0.0,5.0,-1.2904980182647705,-1.3148281574249268,-0.02433013916015625,0,0.09736343086335555
A10L132FI5QHV6,fit,0707eb3962255f05c99b565cb84380988a11aa004662621b3fd283e9ff01352d,12.0,268.0,22.333333333333332,33.0,0.75,0.6666666666666666,236.0,19.666666666666668,688.0,57.333333333333336,0.6773119409206595,0.36752136752136755,949.0,349.0,2.4144052920414647,1.3862943611198906,0.3333333333333333,5.0,-1.447323203086853,-2.0636649131774902,-0.6163417100906372,0,0.08981941459352842
A3DPQ03LF49I8T,fit,070841601d14525458674c52d5d1280893e846f43785c27cbb2f5f652d802a62,2.0,33.0,16.5,33.0,0.5,0.5,29.0,14.5,60.0,30.0,0.7945205479452055,0.589041095890411,166.0,58.0,4.244808211823002,3.4657359027997265,0.0,5.0,-2.434814453125,-2.9069595336914062,-0.47214508056640625,0,0.2693897722948254
A2P4UE17TMGXA0,fit,070aa60d2652621e255aa31cfcdccd013a5c308091c7aed025c09ebbad4101e5,4.0,66.0,16.5,33.0,0.5,0.5,58.0,14.5,340.0,85.0,0.7173260680723367,0.2275132275132275,315.0,117.0,2.150383584962497,1.3862943611198906,0.5,5.0,-1.5251630544662476,-1.5466325283050537,-0.021469473838806152,0,0.13781652428143795
A1BF6QPBURWX92,fit,070c2148a73b1ad9cbc2ab3f4531b4ea6e1a3d5e02fd39c3787f997b878fc010,4.0,71.0,17.75,33.0,0.75,0.75,67.0,16.75,262.0,65.5,0.7294738322604086,0.27741935483870966,314.0,116.0,2.2711942872502093,1.9459101490553132,0.5,5.0,-0.2862498462200165,-0.915270209312439,-0.6290203332901001,0,0.11634539926038312
A3G8B6EN4KPEO4,fit,070e9ed49360a30a91f27f6a709aa15c60d08d998e0d5b89f4249cda0360d752,4.0,78.0,19.5,33.0,0.75,0.75,70.0,17.5,160.0,40.0,0.7394140512675104,0.5029239766081871,335.0,116.0,3.662617437994991,2.3978952727983707,0.0,5.0,-0.2854251265525818,-0.3128378093242645,-0.02741268277168274,0,0.17676031817771276
A30H51HPRD3C55,fit,0710c889cdd47bb20245fc8ee7e034914354bfc870eaca24e945ff0c456cd412,2.0,31.0,15.5,23.0,1.0,1.0,31.0,15.5,31.0,15.5,0.851942221354675,0.7889908256880734,172.0,58.0,2.5053176470481278,2.3025850929940455,0.0,5.0,-2.427501678466797,-2.6290342807769775,-0.20153260231018066,0,0.09156800050485281
A2E0LYZCVBJCCJ,fit,071237b7daf40c284a7aca9b1edc52e3879caedaa86216d020b144d7c4e85010,2.0,33.0,16.5,33.0,0.5,0.5,29.0,14.5,41.0,20.5,0.8385826771653544,0.6771653543307087,141.0,58.0,2.2154083994216567,1.9459101490553132,0.5,5.0,-1.400286316871643,-1.5451267957687378,-0.14484047889709473,0,0.1683219891876094
AG2IEP1MJQHFS,fit,07130de15295802c59aa159f8e0245f657796c499e314ab3e24d183a05b48bf6,3.0,100.0,33.333333333333336,34.0,1.0,1.0,88.0,29.333333333333332,185.0,61.666666666666664,0.5837999610584057,0.5512820512820513,257.0,88.0,3.5204221964194278,3.4011973816621555,0.0,5.0,-0.4133298993110657,-0.40382084250450134,0.009509056806564331,0,0.14484947090788264
ADKRINKXGWDAI,fit,07181ddb38a98e5ef1129668e82bf11ad0149ea9945310cb9399848d225d78ef,5.0,132.0,26.4,33.0,0.8,0.8,116.0,23.2,391.0,78.2,0.607691775260829,0.2986111111111111,430.0,145.0,3.387949415588248,1.6094379124341003,0.2,5.0,-1.5762532949447632,-1.7965061664581299,-0.2202528715133667,0,0.17234337107477743
A1H8R02GMT1NIC,fit,0718761afa591380e7afea22472f34199818e267721183435833f0ac12e1a26f,3.0,66.0,22.0,33.0,0.6666666666666666,0.6666666666666666,58.0,19.333333333333332,261.0,87.0,0.6197883011784978,0.3115942028985507,207.0,87.0,1.9227736652645906,1.6094379124341003,0.3333333333333333,5.0,-1.1875622272491455,-1.2410290241241455,-0.053466796875,0,0.10572744612584827
A2ZDV9YTDN7MDS,fit,071f9f49ae6d77c149f9fe4509e2e3ec144c7ca2f8d6db82dc95104324c3656d,4.0,81.0,20.25,33.0,0.75,0.75,73.0,18.25,130.0,32.5,0.7631389270313893,0.5733333333333334,316.0,116.0,3.5796541153037613,2.3978952727983707,0.0,5.0,-1.2484257221221924,-1.7982356548309326,-0.5498099327087402,0,0.1729861532933996
A1UTKL1MY28K6Y,fit,07206397238c256880443553a53dae9d15a96fa12d196713073d4a10ea4cf2ed,3.0,97.0,32.333333333333336,33.0,1.0,1.0,88.0,29.333333333333332,178.0,59.333333333333336,0.6182984669314556,0.450261780104712,257.0,88.0,2.5402350289460873,2.3025850929940455,0.0,5.0,-0.038635339587926865,-1.1386308670043945,-1.099995493888855,0,0.09205601296590835
AAKFJT5W8AB44,fit,0721de22265ab1e28586806d36c9f6884b46d1ec1395473f5c432e270d6228ed,4.0,55.0,13.75,33.0,0.75,0.5,51.0,12.75,65.0,16.25,0.8647276828875282,0.6666666666666666,331.0,116.0,3.731456029735006,3.1354942159291497,0.0,5.0,-1.1847933530807495,-1.1164600849151611,0.06833326816558838,1,0.18841363792866955
A4KNTF8EEFAKK,fit,072d552cac781c6222433d618ca765b78621d0cc35e31fa22fd1ffce6c32c402,2.0,34.0,17.0,34.0,0.5,0.5,30.0,15.0,44.0,22.0,0.8294573643410852,0.6589147286821705,135.0,59.0,2.3221954495706862,2.0794415416798357,0.0,5.0,-1.543698787689209,-1.490540862083435,0.053157925605773926,1,0.12709707178764615
A3U2UEBJNEX68I,fit,07349de7618b6be29eea95de5fa438285e50adf9b1433658d9648e6ba147c5f2,2.0,14.0,7.0,14.0,0.5,0.5,14.0,7.0,14.0,7.0,0.9299999999999999,0.86,170.0,58.0,3.0546237913821823,2.3025850929940455,0.0,5.0,-0.3606787323951721,-0.7123762369155884,-0.35169750452041626,0,0.16087937176803146
AHPX71LWPYX04,fit,0736adf01d1cba76d1da1005f0506e618201d4abc765d6efa046b9bc7f75b9b2,3.0,75.0,25.0,33.0,1.0,1.0,67.0,22.333333333333332,167.0,55.666666666666664,0.6688406840856932,0.4187192118226601,257.0,87.0,2.1323098850720488,1.0986122886681096,0.3333333333333333,5.0,-1.1410324573516846,-1.4573572874069214,-0.3163248300552368,0,0.1018505567520233
A3DW3ZVLS39I6S,fit,07394ed434454b7c09cd1943f324b234063689da18bdafabc911bd0c5f52e6d7,3.0,93.0,31.0,33.0,1.0,1.0,85.0,28.333333333333332,185.0,61.666666666666664,0.6140311120440696,0.4365482233502538,257.0,88.0,2.3052411495437712,1.9459101490553132,0.3333333333333333,5.0,-1.1718839406967163,-1.2385894060134888,-0.06670546531677246,0,0.10555745399770568
A3MQGCON7N8WWB,fit,073eaa9b295a3b46aee2229538de3042fbedf20f8430814e550a8748edcdcbb7,6.0,116.0,19.333333333333332,33.0,0.8333333333333334,0.8333333333333334,112.0,18.666666666666668,146.0,24.333333333333332,0.8011230635011818,0.5771812080536913,495.0,176.0,2.329468791255692,1.791759469228055,0.3333333333333333,5.0,-1.5725481510162354,-2.661510944366455,-1.0889627933502197,0,0.09707828009869293
A3MMBLQ4200L8H,fit,073ebf2833e56f5fe4fecf00a00ef51ad08799975eeda169906fbd9784c46f78,3.0,73.0,24.333333333333332,34.0,1.0,0.6666666666666666,65.0,21.666666666666668,192.0,64.0,0.6466907127589591,0.3944954128440367,256.0,89.0,3.6628078034626648,1.9459101490553132,0.3333333333333333,5.0,-1.5361311435699463,-1.3770408630371094,0.15909028053283691,1,0.23280665981257603
A3JL3G7SU01JDP,fit,07437f4261aa5042ff2689729d34ed2285090fb69e84dda94aa5fba526ba3659,11.0,229.0,20.818181818181817,34.0,0.6363636363636364,0.6363636363636364,203.0,18.454545454545453,879.0,79.9090909090909,0.7129560950171905,0.13458528951486698,919.0,319.0,2.4757177727175654,1.791759469228055,0.45454545454545453,5.0,-1.6358121633529663,-1.831998586654663,-0.19618642330169678,0,0.10756262382023819
AMBJ1VOG2ZZ5J,fit,0745f78350a14a20a0774eca8b769e6726eceee7d37c6d7e9a614532a3cb92ac,8.0,261.0,32.625,33.0,1.0,1.0,232.0,29.0,906.0,113.25,0.4717712899493765,0.32452830188679244,688.0,232.0,2.388055806978297,1.791759469228055,0.375,5.0,-0.5878439545631409,-2.3378076553344727,-1.7499637603759766,0,0.09087404749949846
A2V9LVAC3KKEE9,fit,074857dbf3b9ff05e25939214298acb9722ae7ffb34a4ef8bbcab1743eabccca,2.0,33.0,16.5,33.0,0.5,0.5,29.0,14.5,226.0,113.0,0.6378205128205128,0.27564102564102566,145.0,58.0,2.9318155877990484,2.772588722239781,0.0,5.0,-0.9162360429763794,-1.0155872106552124,-0.09935116767883301,0,0.13116078435126985
A2Q8NQKS53T29P,fit,074b3e43e349441480767c5a2a9cad66def32c706b37740ebe3a0075bc389abd,5.0,133.0,26.6,34.0,0.8,0.8,117.0,23.4,274.0,54.8,0.6494064871301133,0.5029239766081871,412.0,146.0,1.7106664476064222,1.3862943611198906,0.8,5.0,-0.32468515634536743,-0.543035626411438,-0.21835047006607056,0,0.11594781792572964
A2CSUA388LZ26O,fit,074ce1037c2458d136f3a531db5177710ff5e35f4c0702f52be951c2abe1b13a,8.0,198.0,24.75,34.0,0.875,0.875,182.0,22.75,1049.0,131.125,0.6661313891140106,0.09544950055493896,662.0,234.0,2.0803234331860154,1.6094379124341003,0.375,5.0,-1.106034517288208,-1.2505314350128174,-0.14449691772460938,0,0.08296293377178267
A3OLEOENEYIE7O,fit,074dc611d6d035825f3a3cb8203ae40d7d5e1596153a595f70887463b7f2fe1e,3.0,62.0,20.666666666666668,33.0,1.0,1.0,58.0,19.333333333333332,294.0,98.0,0.6521260526415166,0.24285714285714285,257.0,87.0,2.566614135798995,1.791759469228055,0.3333333333333333,5.0,-0.11503024399280548,-0.10250242799520493,0.012527815997600555,0,0.10553535310132489
A1N6JUSCBSRSBH,fit,075129ba9fb139c1597825883ed398f1ff2da40a773c394d573fd2151087f5ea,3.0,52.0,17.333333333333332,33.0,0.6666666666666666,0.6666666666666666,48.0,16.0,133.0,44.333333333333336,0.7496825396825396,0.43,221.0,87.0,3.069579696869736,2.4849066497880004,0.0,5.0,-0.5322073698043823,-0.5659226179122925,-0.033715248107910156,0,0.1401236439103953
ACTSUGP8XY3UM,fit,0756679f7087350e576b205668306490d4aa30bd98137a6123525e6b0516acc6,2.0,33.0,16.5,33.0,0.5,0.5,29.0,14.5,79.0,39.5,0.7606060606060606,0.5212121212121212,149.0,58.0,3.7108878968223236,3.6375861597263857,0.0,5.0,-0.9478691816329956,-1.1300827264785767,-0.18221354484558105,0,0.203735419004448
AZJF5T6HWZZFD,fit,07626bbdf8f890a7cd5e45530e09bdc538e886256b45f40d6c8b0ff64851f3de,2.0,66.0,33.0,33.0,1.0,1.0,58.0,29.0,214.0,107.0,0.46529817031850007,0.3648068669527897,171.0,58.0,2.34106561356211,1.791759469228055,0.5,5.0,-0.5317772626876831,-0.27256128191947937,0.25921598076820374,1,0.13049109798393466
A22GT1ZWSEOE1H,fit,076421c55754a11f8774622dcf824250953327b9b92087b435293c5b944cc0e8,2.0,0.0,0.0,0.0,0.0,0.0,0.0,0.0,0.0,0.0,1.0,1.0,120.0,58.0,2.7403194616709956,1.791759469228055,0.5,5.0,-0.34415265917778015,-0.38699766993522644,-0.04284501075744629,0,0.25965157785047066
A3SE49YW4G92A,fit,07685c3e682c8c9891342a0a87f7b7b37142ab3f7a34a055e54279cc58524a34,3.0,66.0,22.0,33.0,0.6666666666666666,0.6666666666666666,58.0,19.333333333333332,993.0,331.0,0.48470564061654864,0.09277238403451996,230.0,88.0,3.848683571800685,2.0794415416798357,0.0,5.0,-1.2844598293304443,-1.5206780433654785,-0.23621821403503418,0,0.16569890879478588
A1GP0DM1YCDGHX,fit,0770ce67b3c02152dd4851c2ba134d6a5319c0e0a4a738e7271965239b202514,4.0,66.0,16.5,33.0,0.5,0.5,58.0,14.5,494.0,123.5,0.6315310846560847,0.2275132275132275,289.0,117.0,3.364108182352308,1.9459101490553132,0.25,5.0,-1.066323161125183,-1.443609595298767,-0.377286434173584,0,0.21082887753087043
AHUH4WDS3H9HD,fit,077ab4f5fb8b8995de114fa7ba6bd84ddc77fed76d5b7481b4f117e2c01bfba9,2.0,66.0,33.0,33.0,1.0,1.0,58.0,29.0,217.0,108.5,0.4861369448965357,0.33992094861660077,172.0,58.0,2.9289665772417295,2.3025850929940455,0.0,5.0,-1.106649398803711,-1.8045669794082642,-0.6979175806045532,0,0.11706792333055822
A1RXTEZRL16TJO,fit,077fadd2d873e2667b4ee50db342d51e89787c7773c60d5f22ade7371b8dd142,2.0,17.0,8.5,17.0,0.5,0.5,17.0,8.5,17.0,8.5,0.9174757281553398,0.8349514563106796,148.0,58.0,3.42506308307275,2.772588722239781,0.0,5.0,-1.1296360492706299,-1.1585630178451538,-0.028926968574523926,0,0.18813814619181468
API5JLBRT6FIN,fit,078cc5f074fa8f92b4ea2053cc6b1818c361e50c538152749229d195385acbe7,20.0,500.0,25.0,34.0,0.85,0.8,444.0,22.2,3740.0,187.0,0.5268445973936665,0.09277238403451996,1632.0,582.0,2.8834378190949117,1.6094379124341003,0.2,5.0,-1.0440372228622437,-1.0516313314437866,-0.007594108581542969,0,0.21447003770576006
AFILWKZWZEGIT,fit,07a6f516d48997326b67b4fbc6503defd6bfe224a3888da6ccfffe80b9a6791f,2.0,33.0,16.5,33.0,0.5,0.5,29.0,14.5,89.0,44.5,0.7457142857142858,0.49142857142857144,141.0,58.0,2.138333059508027,2.0794415416798357,0.0,5.0,-1.860618233680725,-1.9324963092803955,-0.07187807559967041,0,0.10797237847330149
AKKD4NIONN7DJ,fit,07aae6dd643c9363216d2a00e73dfcc34789c4cb8ce0d56f0cf1244e47713995,11.0,320.0,29.09090909090909,34.0,0.9090909090909091,0.9090909090909091,284.0,25.818181818181817,1201.0,109.18181818181819,0.5312213551470886,0.21339950372208435,926.0,321.0,2.8492358973632106,1.3862943611198906,0.18181818181818182,5.0,-0.9743358492851257,-0.8343753814697266,0.13996046781539917,1,0.10061134929481924
A2QYUNCXAYZ76N,fit,07aafa7377f3c68371559ae2862d5f2e110cb9c5fe26d729e9a9d7a1876b4ba7,3.0,56.0,18.666666666666668,33.0,1.0,0.6666666666666666,52.0,17.333333333333332,136.0,45.333333333333336,0.733070367466774,0.4321608040201005,257.0,88.0,2.260730685335597,1.9459101490553132,0.3333333333333333,5.0,-1.1899397373199463,-2.0598702430725098,-0.8699305057525635,0,0.11128712676808912
A1S40UN8O0IU0K,fit,07b152755c6dd42736765363791508811bacd9307f4563fdcd7e150e0c31c0c2,2.0,33.0,16.5,33.0,0.5,0.5,29.0,14.5,34.0,17.0,0.8583333333333334,0.7166666666666667,168.0,58.0,4.154345958419449,3.7135720667043075,0.0,5.0,-1.1253230571746826,-1.7115428447723389,-0.5862197875976562,0,0.2595861527689773
APQU90CFJS0AE,fit,07be176c93f10e0a7902b61fd87d45e9d270deed4eb04309e6fc58aaba45b03c,5.0,132.0,26.4,33.0,0.8,0.8,116.0,23.2,369.0,73.8,0.6018175489552124,0.3706896551724138,393.0,145.0,3.362351299913648,2.3978952727983707,0.0,5.0,-1.4503600597381592,-1.1900460720062256,0.2603139877319336,1,0.14212662898574294
A2PAC9IAV4RLWV,fit,07c27fdac7ba4054ce973dadb3f8d80f65a4c1deafed04498404247a8180047c,3.0,33.0,11.0,33.0,0.3333333333333333,0.3333333333333333,29.0,9.666666666666666,101.0,33.666666666666664,0.8199643493761141,0.45989304812834225,199.0,87.0,3.2411344968941216,3.1780538303479453,0.0,5.0,-0.907049298286438,-1.1347196102142334,-0.2276703119277954,0,0.1746653442973447
A3V3TB1231EN40,fit,07c7b56638e78da767f1078af4934af44e606891f6e75e6fc6e63d92c42738b1,5.0,91.0,18.2,33.0,0.8,0.8,83.0,16.6,745.0,149.0,0.6441488254453,0.13458528951486698,421.0,145.0,3.2553789420620154,2.4849066497880004,0.0,5.0,-0.7733146548271179,-0.8693806529045105,-0.09606599807739258,0,0.12428659553804204
AEUMQD91C6V85,fit,07ce590a00dba0b7904d18cf1e68f504925750737cb5147caa7a161d917b4593,3.0,88.0,29.333333333333332,33.0,1.0,1.0,80.0,26.666666666666668,255.0,85.0,0.5482170957190281,0.41148325358851673,257.0,87.0,2.8931040136308908,1.791759469228055,0.3333333333333333,5.0,-1.603161096572876,-1.5399529933929443,0.06320810317993164,1,0.14644089128912902
A1CCVVXXVAHCCD,fit,07d24c7f7454472cdcf43fd431e756aa06cdb9eab1d67a9967b15afece56b76f,3.0,33.0,11.0,33.0,0.3333333333333333,0.3333333333333333,29.0,9.666666666666666,33.0,11.0,0.907563025210084,0.7226890756302521,244.0,88.0,3.875227519459424,3.4657359027997265,0.0,5.0,-0.8095639944076538,-1.0649511814117432,-0.25538718700408936,0,0.24145237904759775
A1QHWF511KA356,fit,07d4a1a2cb4e71c844de91875bbc5f1a874d2681659176f996edf6f2710ceb85,2.0,66.0,33.0,33.0,1.0,1.0,58.0,29.0,490.0,245.0,0.2587675121325886,0.2537313432835821,171.0,58.0,2.931815587799049,2.3978952727983707,0.0,5.0,-0.4207269251346588,-0.34472036361694336,0.07600656151771545,1,0.09932562003721668
A8NIZAIRT4EF7,fit,07d556a2828ba9c22d50125bead6dc94e3bd3cc3f7d78b172551b1ad69bae6e8,4.0,66.0,16.5,33.0,0.5,0.5,58.0,14.5,119.0,29.75,0.7970797720797721,0.5512820512820513,283.0,117.0,2.8324008519606725,1.6094379124341003,0.25,5.0,-1.4423420429229736,-1.5108667612075806,-0.06852471828460693,0,0.17938114127578508
A3476ZWAJ1WHXL,fit,07df49bdb90186b8e060db201b86cd06054acdd04372706c1101e7907405134d,3.0,100.0,33.333333333333336,34.0,1.0,1.0,88.0,29.333333333333332,145.0,48.333333333333336,0.6457935446906035,0.5584415584415584,256.0,88.0,3.815434925876111,3.4965075614664802,0.0,5.0,-1.869122862815857,-2.0269157886505127,-0.15779292583465576,0,0.16382793261708667
A1FGKP58UH6269,fit,07e6a6bb95c970b89d7c07f356611175b73a0b830f000516c35f4b1058d19811,3.0,80.0,26.666666666666668,34.0,1.0,1.0,72.0,24.0,114.0,38.0,0.7105956316427386,0.5862068965517241,255.0,90.0,2.5773102406494957,2.0794415416798357,0.0,5.0,-0.15367110073566437,-0.4001801609992981,-0.24650906026363373,0,0.0980078794945506
A1XWUUP84I4D5R,fit,07e9a002493eac62e5f609bf4237e1d6642e45bb05d0b4a0f27f58624368b63e,7.0,171.0,24.428571428571427,33.0,1.0,0.8571428571428571,159.0,22.714285714285715,251.0,35.857142857142854,0.7345115446858009,0.5276073619631901,603.0,202.0,2.959175170024941,1.9459101490553132,0.14285714285714285,5.0,-0.8593732118606567,-0.994472861289978,-0.1350996494293213,0,0.10178135311419939
A3FC2NHA7USWWM,fit,07eb0f8d8a60d3b7f569a04c4754d6108e31b1b86a8d68fe963e046c867d67eb,4.0,120.0,30.0,35.0,1.0,1.0,109.0,27.25,420.0,105.0,0.5495324802712422,0.2616822429906542,342.0,118.0,2.3386101789874845,1.6094379124341003,0.5,5.0,-0.8371602892875671,-1.0367010831832886,-0.19954079389572144,0,0.11207991636369924
A32UIU20HTSM0T,fit,07ef5a3ed758cd3ddcabf1250358b08b4e2fc0e1a2eaee110c2d0e2b2c9d9e5b,5.0,151.0,30.2,33.0,1.0,1.0,135.0,27.0,589.0,117.8,0.5012984999140435,0.296551724137931,429.0,146.0,3.2562213918435545,1.6094379124341003,0.2,5.0,-0.9508808255195618,-1.0003740787506104,-0.049493253231048584,0,0.14753114935514666
A2ILX4FPX798K0,fit,07f3755e01ca23138a51610a68e5238decbbca60068aecd7c1439226c1f3443b,10.0,207.0,20.7,34.0,0.8,0.7,187.0,18.7,283.0,28.3,0.7817604823529324,0.5526315789473685,825.0,291.0,2.7967499102533226,1.6094379124341003,0.4,5.0,-1.7858574390411377,-1.9562718868255615,-0.17041444778442383,0,0.1108995262400803
AHRDV8PEA4M0J,fit,07febf1daeb44418a516e49bec16361e4e59a3905c8798e15d473319ff4a7c49,2.0,33.0,16.5,33.0,0.5,0.5,29.0,14.5,52.0,26.0,0.8115942028985508,0.6231884057971014,143.0,58.0,3.285441481169792,3.044522437723423,0.0,5.0,-0.4899822771549225,-1.3264271020889282,-0.8364448547363281,0,0.18246500799326942
A1Z5WRHOERLUXJ,fit,080d6cb7e7aaabd57ef4469a3a1026d671d1b75db3b5f91b9ae8d3318f09be50,6.0,163.0,27.166666666666668,33.0,0.8333333333333334,0.8333333333333334,145.0,24.166666666666668,263.0,43.833333333333336,0.6924211070457663,0.5180722891566265,480.0,174.0,2.8955803197418746,1.791759469228055,0.16666666666666666,5.0,-1.5871021747589111,-2.1405913829803467,-0.5534892082214355,0,0.11954343917375171
A2U1SJB87Y4BEN,fit,0827be0e35dc439d85e8786d016f1f5bccbf672a441a92b30b73523c4e0939aa,7.0,167.0,23.857142857142858,34.0,0.7142857142857143,0.7142857142857143,147.0,21.0,670.0,95.71428571428571,0.6340849296126222,0.1738241308793456,546.0,204.0,3.3136586761776172,2.772588722239781,0.0,5.0,-1.1646060943603516,-1.6092065572738647,-0.4446004629135132,0,0.12536892832803528
A2GI1KLF9P1J1M,fit,0827d39718b40c570a7cbc436a10c8d8b04eb63781aefc27dd73781bc7eb4588,2.0,67.0,33.5,34.0,1.0,1.0,59.0,29.5,377.0,188.5,0.32908892726706496,0.2514792899408284,170.0,59.0,3.8044353145956293,2.772588722239781,0.0,5.0,-1.557281255722046,-1.3672713041305542,0.1900099515914917,1,0.1614568071008211
A1DJA1ADDO3L6M,fit,082a110a8abbe5d93b343461d24217ed155395a67eda05902e9c900044e98759,2.0,67.0,33.5,34.0,1.0,1.0,59.0,29.5,917.0,458.5,0.31036134729676307,0.09277238403451996,171.0,59.0,2.393745871391023,1.791759469228055,0.5,5.0,-2.1406779289245605,-2.446713924407959,-0.30603599548339844,0,0.06893145191611856
A8NODYFEIARK8,fit,082b03f4588e70af29e7e97af27cc219a422cfe925fb8a3d596bd77d35e814af,3.0,47.0,15.666666666666666,33.0,0.6666666666666666,0.6666666666666666,43.0,14.333333333333334,84.0,28.0,0.8032893032893034,0.5512820512820513,215.0,88.0,2.69812614832432,2.197224577336219,0.0,5.0,-1.0856965780258179,-1.4471304416656494,-0.36143386363983154,0,0.12297269625310238
A2DR6AFTT4LZ7S,fit,082f45b2ae618931c8439d288ef265e2086249d20b4e2d470319a095b1a89305,2.0,33.0,16.5,33.0,0.5,0.5,29.0,14.5,40.0,20.0,0.8412698412698413,0.6825396825396826,145.0,58.0,3.1639683918645973,2.772588722239781,0.0,5.0,-1.6272170543670654,-1.4070216417312622,0.22019541263580322,1,0.17960556092217952
A11YNU19L1BMO,fit,08341e5646c101126dedd193efaf58dcd738def0d6316a8ad3b9cf46031babba,2.0,66.0,33.0,33.0,1.0,1.0,58.0,29.0,122.0,61.0,0.585061088485746,0.581081081081081,172.0,58.0,2.1383330595080277,1.791759469228055,0.5,5.0,-1.5581458806991577,-1.5925064086914062,-0.034360527992248535,0,0.12883648522957372
A3FFKU2MTCOBM1,fit,0838454ee84b28627ce6dd456c194b0f18abbadb876191fd806124759a3e77e1,11.0,166.0,15.090909090909092,34.0,0.45454545454545453,0.45454545454545453,146.0,13.272727272727273,532.0,48.36363636363637,0.7510406766165842,0.3811659192825112,770.0,322.0,3.74068636968393,3.1354942159291497,0.0,5.0,-1.5809853076934814,-1.730011224746704,-0.14902591705322266,0,0.1676958653499942
A20L2QLC7JLXSA,fit,083b8580fe01433a64f280f1e65348f55801e858c159b7b74aa7b314d89e024b,3.0,67.0,22.333333333333332,34.0,0.6666666666666666,0.6666666666666666,59.0,19.666666666666668,166.0,55.333333333333336,0.6716211139288063,0.5029585798816568,220.0,88.0,3.070113457325394,2.995732273553991,0.0,5.0,-1.0529086589813232,-1.2257241010665894,-0.1728154420852661,0,0.14223624261420215
A763Z2F0WMWRC,fit,08443b0197bea96e05769427dd229c177413731e602abf90eb2ba9b8affe2982,20.0,457.0,22.85,34.0,0.85,0.8,409.0,20.45,1039.0,51.95,0.6881049743687724,0.36637931034482757,1672.0,583.0,2.8451760711891447,1.6094379124341003,0.2,5.0,-0.055296409875154495,-3.755587100982666,-3.7002906799316406,0,0.0534002373357591
A35LMAGS0H997L,fit,0856a93497215d640defb11a03319440e79ce2faec3a0c3a5290c4046bc919bb,2.0,10.0,5.0,10.0,0.5,0.5,10.0,5.0,10.0,5.0,0.9479166666666667,0.8958333333333334,167.0,58.0,3.855326661750601,3.4339872044851463,0.0,5.0,-0.3615298867225647,-0.36384254693984985,-0.0023126602172851562,0,0.20617409271385767
AOYLRWPUR003L,fit,085c4cf8481957f60bd110ec9a63582ef1db15385a442deaec3e41b11d62d3cd,2.0,16.0,8.0,16.0,0.5,0.5,16.0,8.0,16.0,8.0,0.9215686274509804,0.8431372549019608,166.0,58.0,1.9356005054539454,1.791759469228055,0.5,5.0,-0.37174415588378906,-0.4778207838535309,-0.10607662796974182,0,0.13461497816616716
A1BMNHQ0T5S8ZS,fit,086015a0a5fcd231b8c7600ae7d94f09a03836765f3435ef09d07d9d66f7f26c,4.0,87.0,21.75,33.0,1.0,1.0,83.0,20.75,133.0,33.25,0.7520140231788809,0.5182926829268293,342.0,116.0,2.0664125413950822,1.791759469228055,0.5,5.0,-1.6060806512832642,-1.7147495746612549,-0.10866892337799072,0,0.09496815680590061
A2AGWZTH5QG2KI,fit,0865580d6abdaaa558e2f9d45f8a90a5119406c148506f52487e5c92391d6e17,7.0,109.0,15.571428571428571,33.0,0.7142857142857143,0.7142857142857143,105.0,15.0,147.0,21.0,0.8331043607538166,0.5477707006369427,575.0,203.0,3.0835693698121562,1.6094379124341003,0.14285714285714285,5.0,-0.3533816933631897,-0.4814499020576477,-0.128068208694458,0,0.13440058430718008
A6T5J9QGAH5AV,fit,08687ddbf368df52fab3b14882559f89b44c7c95eba09a20c9cf83b21168e0f2,2.0,68.0,34.0,34.0,1.0,1.0,60.0,30.0,131.0,65.5,0.5801587301587302,0.4857142857142857,170.0,60.0,3.012932986912657,2.8903717578961645,0.0,5.0,-0.3253033757209778,-1.452155590057373,-1.12685227394104,0,0.12487393089403663
A1Z55FISZGOMC7,fit,086c26dd58eeda513e61d6688419287b19a01274388b2954023a2f5401f395c5,2.0,66.0,33.0,33.0,1.0,1.0,58.0,29.0,489.0,244.5,0.2737508186616327,0.21287128712871287,172.0,58.0,3.2506448352701947,2.8903717578961645,0.0,5.0,-0.5403636693954468,-1.3929589986801147,-0.852595329284668,0,0.10860037919119088
A3UY2ZIAYCK4DQ,fit,086c4bf5ec1991d254979022d8fcfcf777984beab561642c6c160b60d419346f,2.0,33.0,16.5,33.0,0.5,0.5,29.0,14.5,82.0,41.0,0.7559523809523809,0.5119047619047619,139.0,58.0,3.198464827608073,1.791759469228055,0.5,5.0,-1.8506466150283813,-2.3251986503601074,-0.4745520353317261,0,0.26123733992672526
AHNHLGKIZ2N3B,fit,086ea10df2a397eb07fc2a03355e381286ba6100832df069264caf1abd0b1fb0,20.0,380.0,19.0,34.0,0.65,0.65,340.0,17.0,2282.0,114.1,0.6729491828478624,0.11512717536813923,1495.0,581.0,3.2628420643609184,1.6094379124341003,0.15,5.0,-0.40545740723609924,-0.3670926094055176,0.038364797830581665,1,0.1749974679784284
AD3SF0T5WCQ64,fit,086f4a623e550330a2f24be8711eed5d01c1db1af2a8896cb3e5b7e13542b2d6,2.0,33.0,16.5,33.0,0.5,0.5,29.0,14.5,142.0,71.0,0.6885964912280702,0.37719298245614036,172.0,58.0,2.0036665926162356,1.6094379124341003,0.5,5.0,-0.5825046300888062,-0.5597739815711975,0.022730648517608643,1,0.1388584090006648
ADP2GX1QS1IP4,fit,08702bd0dfb456cd243d2cf86f6746b9736efa0d18a064e69e1f74e9088b166e,7.0,88.0,12.571428571428571,33.0,0.42857142857142855,0.42857142857142855,80.0,11.428571428571429,205.0,29.285714285714285,0.8240337462177109,0.45263157894736844,510.0,203.0,2.7814813456495906,1.9459101490553132,0.14285714285714285,5.0,-0.739414632320404,-0.8877429962158203,-0.14832836389541626,0,0.14177348293042893
A1RZMKEOLP4NRR,fit,087843033ac2d6a11027efb99538e4f904872cf6cbd9207c711de4e1b3011bcc,2.0,66.0,33.0,33.0,1.0,1.0,58.0,29.0,256.0,128.0,0.40442129782231306,0.3722943722943723,172.0,58.0,3.118184795101852,1.9459101490553132,0.5,5.0,-1.2860004901885986,-1.4602928161621094,-0.17429232597351074,0,0.19007684981784576
A3M450F1MI9G5X,fit,0878b8b6bad955370ace93382f5022a9754dd7afcd6f92ede21757b89a793b52,2.0,66.0,33.0,33.0,1.0,1.0,58.0,29.0,112.0,56.0,0.6134217400040185,0.5443037974683544,172.0,58.0,3.352207177482053,2.0794415416798357,0.0,5.0,-2.451998233795166,-2.892958402633667,-0.440960168838501,0,0.16488231034063874
AXCT226RLJULZ,fit,0889ea90c8472cc19c3b88e35650b69f6a3ee3c63203301f682c2efe20e54803,3.0,99.0,33.0,33.0,1.0,1.0,87.0,29.0,369.0,123.0,0.4602345292000465,0.26959247648902823,256.0,87.0,3.3193252459400657,2.70805020110221,0.0,5.0,-0.8680049777030945,-0.9839458465576172,-0.1159408688545227,0,0.12730577582280597
A3VSUYCR2WFHI,fit,088aa626cf93eb7ca15c55639963928826c913ea9afeee47e4f2240493fffba0,17.0,365.0,21.470588235294116,35.0,0.7058823529411765,0.6470588235294118,325.0,19.11764705882353,714.0,42.0,0.7422622930302534,0.29577464788732394,1373.0,496.0,3.6016532325830393,2.4849066497880004,0.0,5.0,-0.6161540746688843,-0.7026309967041016,-0.08647692203521729,0,0.07993683032729347
A1RULH2QPYJ2PT,fit,088bed8d75a369cc83fd54fbd3504169aba2807635f74d14cda96178065c75f4,6.0,86.0,14.333333333333334,34.0,0.6666666666666666,0.6666666666666666,78.0,13.0,173.0,28.833333333333332,0.8090849571812617,0.49707602339181284,479.0,175.0,2.537032601455316,1.6094379124341003,0.5,5.0,-1.4557607173919678,-1.568300724029541,-0.11254000663757324,0,0.14364693452731003
A3FBS8I5QDJ2JW,fit,088f7426dec95c675ad3941b0fd8dee8d5367354f09190277a030fc257319dd0,2.0,66.0,33.0,33.0,1.0,1.0,58.0,29.0,356.0,178.0,0.38559782608695653,0.23369565217391305,172.0,58.0,2.5407021824922316,1.9459101490553132,0.5,5.0,-1.8655054569244385,-2.2239575386047363,-0.35845208168029785,0,0.12471699477867125
A2QF8425V80NU2,fit,0891e76f99af50bd69c32f237a09c264fe02404f5c07396a51daeac2ef6d0140,2.0,66.0,33.0,33.0,1.0,1.0,58.0,29.0,132.0,66.0,0.576799188103958,0.49710982658959535,172.0,58.0,2.433767225227791,2.3025850929940455,0.0,5.0,-1.0133581161499023,-1.105250597000122,-0.09189248085021973,0,0.09757280198457118
A3I2YCM1DJ0I54,fit,08938f9b0c88f2708b85367b171e45b5ebc01279e329ff87f07c61027c107299,2.0,57.0,28.5,33.0,1.0,1.0,53.0,26.5,228.0,114.0,0.5391849529780565,0.296551724137931,172.0,58.0,3.2322941518449806,1.791759469228055,0.5,5.0,-1.373090386390686,-1.407636046409607,-0.0345456600189209,0,0.18615221947393912
ATMQEI1LKR6VB,fit,08ad560dec70d075098b4333b58c9f71a484ff865ba6a0b02991ccd1d881130b,14.0,396.0,28.285714285714285,35.0,0.8571428571428571,0.8571428571428571,352.0,25.142857142857142,1152.0,82.28571428571429,0.5896585394069728,0.28135593220338984,1125.0,411.0,3.365794430672533,1.791759469228055,0.07142857142857142,5.0,-0.7474536895751953,-0.7481134533882141,-0.0006597638130187988,0,0.09526089940888473
A2YEDJEVKRYSGA,fit,08ad675493e182925cde70352b5c23f2972f7c73e0985d149fff438a7168ad50,2.0,66.0,33.0,33.0,1.0,1.0,58.0,29.0,387.0,193.5,0.3160683760683761,0.26461538461538464,172.0,58.0,2.1097538525880535,1.3862943611198906,0.5,5.0,-0.30450624227523804,-0.5421057939529419,-0.23759955167770386,0,0.10840220573998438
A1SDF47VS5C6BD,fit,08be093f0c8675a93bc5bbd0a12eacbf7858b96aa24f4da42825a5577222a414,7.0,141.0,20.142857142857142,33.0,0.8571428571428571,0.7142857142857143,132.0,18.857142857142858,228.0,32.57142857142857,0.7666697262474431,0.5088757396449705,575.0,203.0,2.8014759575002786,1.791759469228055,0.14285714285714285,5.0,-0.46011883020401,-0.6669963598251343,-0.20687752962112427,0,0.10861326197313972
A1V59DIYP90AOK,fit,08bfa5d34f60b6f2bf0d63550b1cb480d81e2d695c84727605ba4c6f5f0ea431,2.0,33.0,16.5,33.0,0.5,0.5,29.0,14.5,33.0,16.5,0.8613445378151261,0.7226890756302521,136.0,58.0,3.719485796197931,3.295836866004329,0.0,5.0,-0.819722056388855,-0.7432113289833069,0.0765107274055481,1,0.22444652228211914
A5U5T6EWH90O0,fit,08c323e91e53f42435e7e409e5b019a60cff8557f777f4e2fc5a51ecfc8b0690,3.0,59.0,19.666666666666668,33.0,0.6666666666666666,0.6666666666666666,55.0,18.333333333333332,188.0,62.666666666666664,0.7048771121351766,0.3467741935483871,230.0,87.0,3.448963499994895,2.995732273553991,0.0,5.0,-1.2322752475738525,-1.389165997505188,-0.15689074993133545,0,0.1569299005228893
AXAUID80U4XJX,fit,08c9fa8c6c9a725b0b29c1e42987f3263c3d915a7c74b943e8a9e168ea3aae2f,3.0,99.0,33.0,33.0,1.0,1.0,87.0,29.0,1028.0,342.6666666666667,0.3819497795668008,0.0918918918918919,257.0,87.0,2.6457915653877646,1.9459101490553132,0.3333333333333333,5.0,-1.6466429233551025,-1.7103322744369507,-0.06368935108184814,0,0.0927849916750667
A1PZLIK77K4WH3,fit,08ca9489f8ab97e4d8031b8310453ad6efcf522d83f1e55072409c57aca5f95e,4.0,105.0,26.25,33.0,1.0,1.0,97.0,24.25,110.0,27.5,0.7649742207542204,0.6935483870967742,344.0,116.0,3.452851536594795,2.772588722239781,0.0,5.0,-0.9634333848953247,-0.6511314511299133,0.3123019337654114,1,0.13365915136688422
A1LQ2N1IBXFV0E,fit,08ccab42572d6518a355adafe33254a7ddce6ccb016c568e4db1832198b23f05,2.0,33.0,16.5,33.0,0.5,0.5,29.0,14.5,79.0,39.5,0.7606060606060606,0.5212121212121212,132.0,58.0,3.7108878968223236,3.6375861597263857,0.0,5.0,-0.7384930849075317,-2.107797145843506,-1.3693040609359741,0,0.2048230498651613
A1LIIUZSNYF56D,fit,08d668e19a6859153adad003b64b9a4cef5bfb81b70445d28c26b13ed4fcd4f7,4.0,81.0,20.25,32.0,1.0,1.0,77.0,19.25,83.0,20.75,0.8133709757641527,0.7166666666666667,344.0,115.0,3.094756363080007,2.197224577336219,0.0,5.0,-1.140742540359497,-1.505540132522583,-0.36479759216308594,0,0.11647154922604941
A2HMWJ202FQVYA,fit,08db1f8da3aefbf3415850c50ecd7a70d705466c7a271b51568bef04c4116822,2.0,67.0,33.5,34.0,1.0,1.0,59.0,29.5,453.0,226.5,0.4291703406813627,0.17034068136272545,171.0,59.0,1.994492023282137,1.791759469228055,0.5,5.0,-0.9099876284599304,-1.294541597366333,-0.3845539689064026,0,0.08284023788909925
A2GVV5NXDKRXYC,fit,08dbff88082a54771ef321702fb4daedc3c8c3a95d019a50e5f6208b6422c2d3,3.0,34.0,11.333333333333334,16.0,1.0,0.6666666666666666,34.0,11.333333333333334,34.0,11.333333333333334,0.8842328042328043,0.84,254.0,89.0,2.8287738425830504,1.791759469228055,0.3333333333333333,5.0,-1.1845709085464478,-1.4038615226745605,-0.2192906141281128,0,0.15298885238940468
A2ZK0J4WOCS5IA,fit,08de2a3faccd3568edc2f1e182b6f7aa2916322227e15762814f991fa200c4e6,5.0,70.0,14.0,33.0,0.8,0.6,66.0,13.2,226.0,45.2,0.7880504388755474,0.31272727272727274,419.0,146.0,3.2285743544513728,2.3978952727983707,0.0,5.0,-0.9993707537651062,-0.9372943639755249,0.0620763897895813,1,0.1318792053944019
A1FWTDVXH82XVR,fit,08de340b7a94962ff7cf2595f16f66583cf9d0cc296ac9e6ef6509cd8ff87f9d,4.0,107.0,26.75,33.0,1.0,1.0,95.0,23.75,250.0,62.5,0.6350426607604123,0.41148325358851673,344.0,116.0,3.132668677395225,1.791759469228055,0.25,5.0,-0.963000476360321,-1.0407871007919312,-0.07778662443161011,0,0.1435905610462613
A2R8R97INVXBR1,fit,08e3699a52d9dd3f5a56b0f2ec3baafd51ecf3316345c1eb4664c14255d44dc2,15.0,217.0,14.466666666666667,33.0,0.6,0.5333333333333333,197.0,13.133333333333333,440.0,29.333333333333332,0.8149933275860397,0.4223300970873786,1160.0,438.0,2.8438344759697456,1.791759469228055,0.13333333333333333,5.0,-0.9420196413993835,-2.062110662460327,-1.1200909614562988,0,0.09166308028757171
AWWN2E0D9VBYD,fit,08ffe9264d59804a1d3c71ba6ee92b58c92ac7f30c097888b6aff4bdb8f36857,5.0,112.0,22.4,35.0,0.8,0.8,100.0,20.0,842.0,168.4,0.6588326216397968,0.10340632603406326,392.0,149.0,2.9548433787776456,2.5649493574615367,0.0,5.0,-1.6975332498550415,-1.9227569103240967,-0.22522366046905518,0,0.10379823326362121
A3SCIP098VYA23,fit,09012c4a2a8c2c52438234072eee78306028b266a1b4c74faf0e86de6aa114d0,4.0,85.0,21.25,33.0,1.0,1.0,77.0,19.25,143.0,35.75,0.7483278471091819,0.5029239766081871,345.0,115.0,3.1691065533850495,2.0794415416798357,0.0,5.0,-0.025106821209192276,-0.4366454482078552,-0.41153863072395325,0,0.1178812420584877
A22I55P15NSAOX,fit,09174a6eecddc03f5ba3f4f9f5245f1bf53eb204f8ac966d4f1c78659df6539a,8.0,205.0,25.625,36.0,0.75,0.75,181.0,22.625,1156.0,144.5,0.5707406543597904,0.12721893491124261,629.0,239.0,3.4769815559251933,2.197224577336219,0.0,5.0,-1.3235304355621338,-1.4645211696624756,-0.1409907341003418,0,0.1561175581939878
A3819RMETUCJAT,fit,0925ceda4d73b0bc2cdb372ad6b8dc3a740ea010421fc88b73fc79bc07a1fa58,3.0,99.0,33.0,33.0,1.0,1.0,87.0,29.0,499.0,166.33333333333334,0.4653454756363034,0.18181818181818182,258.0,87.0,3.895671072279027,2.4849066497880004,0.0,5.0,-1.1422982215881348,-0.9487247467041016,0.1935734748840332,1,0.16208449208753503
A1EGBJJAG74MZF,fit,0927b4cf64c64c34ac685f618b45ac7042e9e90cbd99026d1f6960a5f4aa16b0,7.0,231.0,33.0,33.0,1.0,1.0,203.0,29.0,384.0,54.857142857142854,0.6146314805761383,0.5408805031446541,602.0,203.0,1.9637555841317602,1.6094379124341003,0.42857142857142855,5.0,-0.32045048475265503,-1.5727999210357666,-1.2523493766784668,0,0.07177374853169512
A3VVLD0I7AITYN,fit,093955c43e4bd9fdb76720bc03f6b6c0a9043843651be8bd9577f4df5938c87e,2.0,67.0,33.5,34.0,1.0,1.0,59.0,29.5,677.0,338.5,0.36640419681180303,0.12129760225669958,171.0,59.0,3.284038955705988,2.0794415416798357,0.0,5.0,-0.418698251247406,-0.609902560710907,-0.19120430946350098,0,0.09447438682818374
AWH2AY17ZU7W2,fit,093985a1f92d12d6676a60f715a9be10b414b4da111a7041cb3560ab04709103,20.0,503.0,25.15,34.0,0.8,0.8,447.0,22.35,2309.0,115.45,0.5733280229809599,0.10201660735468565,1634.0,583.0,3.210003983213248,2.0794415416798357,0.0,5.0,-0.703050434589386,-0.8458505868911743,-0.14280015230178833,0,0.09776883649413594
A2V4ZEM7Z5MYVI,fit,093d8b346e2ecd66ff97cdf174adadf8e870be149e8977bca3415c4e46f15795,2.0,42.0,21.0,33.0,1.0,1.0,38.0,19.0,81.0,40.5,0.7247834776815456,0.5443037974683544,172.0,58.0,4.1754512258474055,4.060443010546419,0.0,5.0,-0.48917311429977417,-0.7576595544815063,-0.2684864401817322,0,0.18130365222754843
A28WYYIWBDVB9A,fit,094473c7465b87f01e3b57464abd2b22eb405ea50bcd7b9b3a9add89f88db14e,3.0,66.0,22.0,33.0,0.6666666666666666,0.6666666666666666,58.0,19.333333333333332,322.0,107.33333333333333,0.5684737788847378,0.31272727272727274,257.0,87.0,4.096689688478075,3.5553480614894135,0.0,5.0,-1.04429030418396,-1.219480276107788,-0.17518997192382812,0,0.20541044879828044
A1CL7FREKBWLA3,fit,0946f7b9ff1b00edbf9c58264b3df9b7bc2dfdeae54555bb9026613c43029d88,3.0,62.0,20.666666666666668,33.0,1.0,0.6666666666666666,58.0,19.333333333333332,91.0,30.333333333333332,0.7693180693180692,0.581081081081081,258.0,87.0,2.597174273050244,2.3025850929940455,0.0,5.0,-0.8047666549682617,-14.205453872680664,-13.400687217712402,0,0.10759012580617273
AP7N0KHWFC9UT,fit,0949c775d3106d6ddfaef154e4119558c0995a081b04e7e9a541fa0b10fe702d,11.0,273.0,24.818181818181817,34.0,0.9090909090909091,0.8181818181818182,246.0,22.363636363636363,954.0,86.72727272727273,0.6690460090608823,0.1360759493670886,928.0,319.0,2.739122129596203,1.791759469228055,0.18181818181818182,5.0,-0.543724000453949,-0.8681743741035461,-0.32445037364959717,0,0.08349177634142499
A1L6C3SEXGC8Z7,fit,094c6202ad2b127e72afc54c1e7d89936862b5bb38c88366a06dfc2ce22cd740,5.0,166.0,33.2,34.0,1.0,1.0,146.0,29.2,546.0,109.2,0.47347507184290694,0.3269961977186312,428.0,146.0,2.4393498636138577,1.791759469228055,0.4,5.0,-0.8633791208267212,-1.0845400094985962,-0.221160888671875,0,0.10935493191592659
A2CL36ZVWK6IQE,fit,09642a39412fa42fbfd1addbf645791110d63b442273423c0b39ac75c22efb18,4.0,66.0,16.5,33.0,0.5,0.5,58.0,14.5,157.0,39.25,0.7614005912786401,0.5212121212121212,280.0,116.0,2.9622065274231204,1.3862943611198906,0.25,5.0,-0.5294792056083679,-0.5878286361694336,-0.058349430561065674,0,0.19706709504404035
A19QPS78GOF43U,fit,0966af494fa1a9b718764ec092f3f029c3431a2d25cdc529f7bfd228d206a99f,2.0,33.0,16.5,33.0,0.5,0.5,29.0,14.5,108.0,54.0,0.7216494845360825,0.44329896907216493,141.0,58.0,2.04717228111105,1.6094379124341003,0.5,5.0,-0.6006186008453369,-1.7997522354125977,-1.1991336345672607,0,0.14870935141925257
A2N5G1JF94MSXB,fit,09718d83e8ac3b713d7aa7469fc54c4dace38e6b61f3daa6cd54097a05e6836f,5.0,115.0,23.0,33.0,0.8,0.8,103.0,20.6,331.0,66.2,0.6528436843728884,0.36134453781512604,384.0,146.0,3.9291343108698897,1.3862943611198906,0.2,5.0,-1.7600024938583374,-1.8045978546142578,-0.04459536075592041,0,0.23386454584626895
A5QSI9MNS8NMS,fit,097552e8a4338e74f0da6f6a2399809550605398783795f5fb2c51810ed40781,4.0,133.0,33.25,34.0,1.0,1.0,117.0,29.25,358.0,89.5,0.5185650795944913,0.38738738738738737,342.0,117.0,2.7526905535707225,1.791759469228055,0.5,5.0,-0.5193251967430115,-0.6394079923629761,-0.1200827956199646,0,0.14541405232285573
A26OTKEK2ZK6P3,fit,097982cb033389209dfa5a7df13033968172112bed34097c4b7a9b884b1135fa,4.0,132.0,33.0,33.0,1.0,1.0,116.0,29.0,519.0,129.75,0.4042741166458175,0.35537190082644626,344.0,116.0,2.361194970758061,1.791759469228055,0.75,5.0,-1.1161651611328125,-1.1639807224273682,-0.047815561294555664,0,0.14413517261146533
A3DL9DT7P4PC4G,fit,09822b87b32e672e7302f61877fcc1db3a980284b2a1c869472c479466fab608,4.0,70.0,17.5,33.0,0.75,0.5,62.0,15.5,135.0,33.75,0.7749890206411947,0.5212121212121212,312.0,116.0,4.08595057867292,3.4011973816621555,0.0,5.0,-0.9776557087898254,-0.8658406138420105,0.11181509494781494,1,0.2162399050457356
A2S1A8JBE2EKP9,fit,0989b498323d145a1ef7e8a286d83a0bc64e1bbf59af8891687785c95f4b6018,2.0,66.0,33.0,33.0,1.0,1.0,58.0,29.0,1072.0,536.0,0.18203287971442084,0.09277238403451996,172.0,58.0,2.6735537653587342,1.6094379124341003,0.5,5.0,-1.5371067523956299,-1.6601616144180298,-0.1230548620223999,0,0.07604653159078323
A3F1GYC0ZR0TSG,fit,098b636cf99fd38d7232476d815ad0d249028593cb0ce808a71b6ca334c9a900,2.0,33.0,16.5,33.0,0.5,0.5,29.0,14.5,72.0,36.0,0.7721518987341772,0.5443037974683544,167.0,58.0,2.976621667143892,2.3978952727983707,0.0,5.0,-0.6590541005134583,-0.9552100896835327,-0.29615598917007446,0,0.16301653341465902
A28FJ93TJSSQS4,fit,099cec9633194b2c1c5f19dd743f43ec11b5f0ae744e2b47a897151b381d0cc1,11.0,109.0,9.909090909090908,33.0,0.36363636363636365,0.36363636363636365,97.0,8.818181818181818,260.0,23.636363636363637,0.8583462151883204,0.43,717.0,320.0,3.6235977847399337,3.044522437723423,0.0,5.0,-1.2537429332733154,-1.4453246593475342,-0.19158172607421875,0,0.16627748153718402
A2EU7LVM8UIFPJ,fit,09a45cd42fe8c6f0092cb422573a72ba1fe3fd3accfc9a3e45359d1cb8a2027c,2.0,66.0,33.0,33.0,1.0,1.0,58.0,29.0,105.0,52.5,0.6211410095953275,0.6099290780141844,172.0,58.0,2.0126758453675744,1.9459101490553132,0.5,5.0,-0.21946319937705994,-7.297547817230225,-7.078084468841553,0,0.1190047595031243
ACB6M1M2TVJMH,fit,09a9121c5565ea4eaf832348acee39d44891afa306e67e3fa9f10e275ae739e8,5.0,147.0,29.4,33.0,1.0,1.0,131.0,26.2,795.0,159.0,0.550795119274062,0.12893553223388307,430.0,145.0,3.045694433233165,2.0794415416798357,0.0,5.0,-1.258435606956482,-1.7056701183319092,-0.44723451137542725,0,0.10123475565394766
A3BRSKXH5657SJ,fit,09ab2bd410448309763cb5c932c9d239708c73837778a0a44a8c58c1197629c2,4.0,52.0,13.0,33.0,0.5,0.5,48.0,12.0,85.0,21.25,0.8453308635666837,0.5657894736842105,312.0,118.0,2.5497844486592713,1.6094379124341003,0.25,5.0,-0.535603404045105,-0.9660390019416809,-0.4304355978965759,0,0.1516429387325509
A1M7Y63Y5GYJI1,fit,09ac28f58eca99409b3f9cc03cd5cfc59e54ce0ea8c70f38cd141a5f1324863d,15.0,219.0,14.6,34.0,0.4666666666666667,0.4666666666666667,198.0,13.2,1098.0,73.2,0.7445065271202295,0.17525773195876287,1083.0,436.0,3.586638512546889,3.0910424533583156,0.0,5.0,-0.9443855285644531,-0.9314607381820679,0.012924790382385254,0,0.15357947539146058
A3PIPYAG27DYR7,fit,09b694cd03727f366bc75c33152d93409ab3a8beefaf82381aabee8b1dd8c4b5,3.0,66.0,22.0,33.0,0.6666666666666666,0.6666666666666666,58.0,19.333333333333332,113.0,37.666666666666664,0.7362113894006539,0.5695364238410596,221.0,87.0,2.7426366125324937,1.791759469228055,0.3333333333333333,5.0,-0.5066783428192139,-0.44091272354125977,0.0657656192779541,1,0.1715340718079704
A3K91X9X2ARDOK,fit,09b867ec882f72374a21010a9c81a861ca38f296eaebc729b358171299dcae64,18.0,298.0,16.555555555555557,34.0,0.5,0.5,263.0,14.61111111111111,1143.0,63.5,0.7205414053427337,0.2536873156342183,1274.0,524.0,3.554587609932125,1.791759469228055,0.05555555555555555,5.0,-1.7151386737823486,-2.023925304412842,-0.30878663063049316,0,0.1533152254918144
ARIFCL50JD5SK,fit,09cb575572316a56a828458a161061bcf7ab8cd41c47783ba10c511ee85c08f9,8.0,264.0,33.0,33.0,1.0,1.0,232.0,29.0,800.0,100.0,0.477755374887745,0.31272727272727274,688.0,232.0,3.446537547495338,2.0794415416798357,0.0,5.0,-0.6504528522491455,-1.5598716735839844,-0.9094188213348389,0,0.11545841804528986
A1R9AG1AYUO3Y,fit,09cf3641fbee960e91c368f88dcc608eaaeeefad9f8435fe9b28213348a690ce,2.0,37.0,18.5,19.0,1.0,1.0,37.0,18.5,37.0,18.5,0.8221153846153846,0.8173076923076923,171.0,59.0,3.1191623125197534,2.0794415416798357,0.0,5.0,-1.1939189434051514,-1.0907716751098633,0.10314726829528809,1,0.1334082468364775
A3NY3HRSDU16NC,fit,09d1b6814f118b337a75c3c83c06abeccaf3ea315702d2b5cc9e00bca29c436f,2.0,33.0,16.5,33.0,0.5,0.5,29.0,14.5,167.0,83.5,0.6699604743083004,0.33992094861660077,145.0,59.0,2.649158683274018,2.3025850929940455,0.0,5.0,-1.1904089450836182,-1.2971826791763306,-0.1067737340927124,0,0.12676369675529411
A3BHZSE1OQCANO,fit,09d726c112f842971b53372a8fe022492470e6259022f889db6ea1f26331e77a,4.0,109.0,27.25,33.0,1.0,1.0,101.0,25.25,157.0,39.25,0.7108825622344059,0.5149700598802395,344.0,116.0,2.544654039729072,1.791759469228055,0.5,5.0,-1.0488535165786743,-1.0786871910095215,-0.029833674430847168,0,0.12473166856346729
ADRH9RBV9NQS,fit,09d76dde59ac731c7953e954524429c96a7ba0d7baa51c854f963413c3646a12,6.0,159.0,26.5,33.0,0.8333333333333334,0.8333333333333334,143.0,23.833333333333332,530.0,88.33333333333333,0.5832594231373636,0.2765273311897106,501.0,175.0,2.110587134784048,1.791759469228055,0.6666666666666666,5.0,-0.9134989976882935,-0.9567147493362427,-0.04321575164794922,0,0.11175590940647709
A4UGMKUSX9XHI,fit,09d99e3f69ef917367abd7da6b21f8d6c815f9bd386f0423c100722e7cadbf9c,14.0,292.0,20.857142857142858,34.0,0.6428571428571429,0.6428571428571429,261.0,18.642857142857142,585.0,41.785714285714285,0.7416875697058672,0.4187192118226601,1042.0,410.0,3.2781353226990366,2.0794415416798357,0.0,5.0,-1.0071685314178467,-1.3034790754318237,-0.29631054401397705,0,0.09404339095435689
A2XUH5RF4OISMB,fit,09de941d371a95dbc7d223fe988931ca9191d9dc04c35a536dafb88014d4665f,3.0,99.0,33.0,33.0,1.0,1.0,87.0,29.0,302.0,100.66666666666667,0.4637529114007893,0.4321608040201005,258.0,87.0,2.8636051104289506,2.5649493574615367,0.0,5.0,-0.7502495646476746,-0.8996970057487488,-0.14944744110107422,0,0.11030617569776122
A38H4XCCPLRF93,fit,09df3212e88d9cd8d612678ddd05e3d56d87c2c701d1ef0eec31d54441bde124,20.0,469.0,23.45,33.0,0.85,0.75,421.0,21.05,1560.0,78.0,0.6617282260955092,0.17408906882591094,1640.0,583.0,3.455841399529407,2.3978952727983707,0.0,5.0,-0.9858675003051758,-0.9951879382133484,-0.009320437908172607,0,0.07505649694672446
A22ZWCPMU5HJTI,fit,09e29983dafe9750c9eba224d46a7aa42618f6fdf7b78dd065dc16b5471868dd,4.0,108.0,27.0,33.0,1.0,1.0,96.0,24.0,464.0,116.0,0.5370091283591337,0.23822714681440443,344.0,116.0,3.4821526614290685,2.8903717578961645,0.0,5.0,-0.8760977983474731,-0.8262678384780884,0.049829959869384766,1,0.12457723499241252
A2ER5EXBTGHA43,fit,09e4e006e13e9f67818c209dbcc279ee3e1c41150b0650b3abcde547abf97656,3.0,75.0,25.0,33.0,1.0,1.0,67.0,22.333333333333332,720.0,240.0,0.5295665634674922,0.11764705882352941,258.0,87.0,3.1644706106234266,1.791759469228055,0.3333333333333333,5.0,-1.238332986831665,-1.166178584098816,0.07215440273284912,1,0.127870038882158
AHYPBBLBVS54P,fit,09e53ff683afc01807903aa3b62e126b7c90f5721257d0e47356781c8d7f8c83,3.0,81.0,27.0,33.0,1.0,1.0,77.0,25.666666666666668,180.0,60.0,0.6528829506658252,0.3944954128440367,258.0,87.0,3.6057917999313243,2.995732273553991,0.0,5.0,-0.7573937773704529,-0.8984025716781616,-0.14100879430770874,0,0.14176836271202103
A139EDZNBVH4AX,fit,09e9062167780ac3233405ce408841138ddfef8c3bfd303c06d643e112e58da7,5.0,133.0,26.6,34.0,0.8,0.8,117.0,23.4,1023.0,204.6,0.4146360685290832,0.195852534562212,415.0,146.0,2.113647051714875,1.791759469228055,0.6,5.0,-0.9155436754226685,-1.983458161354065,-1.0679144859313965,0,0.12732793743834314
ARH2SWMG48VCI,fit,09faeff21197a61b3e45ea89017e523c38afc09750bf46278e38c9c2bfeacf5f,2.0,24.0,12.0,24.0,0.5,0.5,24.0,12.0,24.0,12.0,0.8909090909090909,0.7818181818181819,139.0,60.0,1.844439727056968,1.3862943611198906,0.5,5.0,-0.9545506238937378,-0.9292515516281128,0.025299072265625,1,0.1426672868979924
AKFGSU829J32R,fit,0a00308624d796994d909f1c6763edf73d3eb5f5f54a8be430da0152b421ec78,2.0,41.0,20.5,33.0,1.0,1.0,37.0,18.5,91.0,45.5,0.7114271171343132,0.5088757396449705,171.0,58.0,2.3025850929940455,2.3025850929940455,0.0,5.0,-1.3324509859085083,-1.6217858791351318,-0.28933489322662354,0,0.08168537799223825
A2GOZQPHJ788UQ,fit,0a08ca9e5f0e0cd3ae5635620811e72680db5f32d413a809df551c52e45aff63,2.0,66.0,33.0,33.0,1.0,1.0,58.0,29.0,212.0,106.0,0.45990585744923823,0.38565022421524664,172.0,58.0,3.1567740231385475,3.1354942159291497,0.0,5.0,-0.7079538106918335,-1.7762298583984375,-1.068276047706604,0,0.12403385588394555
A2F2DG41NB39PX,fit,0a0bff8daeca40f2a7754cd5ab42afe373a18526c80817e3314a784949639ac4,3.0,52.0,17.333333333333332,33.0,1.0,1.0,48.0,16.0,114.0,38.0,0.7587448709250105,0.47513812154696133,258.0,87.0,3.4341773642804565,3.1354942159291497,0.0,5.0,-1.3538800477981567,-1.3577196598052979,-0.0038396120071411133,0,0.1240553178027952
A5BJMAHZWGJ7N,fit,0a1199ae018375698621c09e36e7df583f06db60e3794a60258cf218129e3915,20.0,312.0,15.6,34.0,0.5,0.5,276.0,13.8,1693.0,84.65,0.7227269271339656,0.14680483592400692,1419.0,582.0,3.1397027490925504,1.791759469228055,0.05,5.0,-0.4671401083469391,-0.7601099014282227,-0.29296979308128357,0,0.14837770160499297
A37CV9A09ZZ0PE,fit,0a1496eff46bb7083b7c2a85ec8f1a943b243565700025b17ac00222c65ae40e,3.0,41.0,13.666666666666666,27.0,0.6666666666666666,0.6666666666666666,41.0,13.666666666666666,41.0,13.666666666666666,0.8732159351628378,0.7610619469026548,248.0,88.0,2.975992487000667,2.5649493574615367,0.0,5.0,-1.6429471969604492,-1.4603773355484009,0.18256986141204834,1,0.1371822793511864
ASEYZYO85DOTA,fit,0a17a13e018972bdbba53beeeb5b05dc03d102f7e8f3119539768ead0a94d959,9.0,151.0,16.77777777777778,33.0,0.5555555555555556,0.5555555555555556,135.0,15.0,971.0,107.88888888888889,0.7424522498049155,0.10201660735468565,647.0,264.0,3.281457614262653,2.0794415416798357,0.0,5.0,-1.028430461883545,-1.3345316648483276,-0.3061012029647827,0,0.1540355695766778
A19I70I7ALH86Q,fit,0a1810d941963ffc22f9a8a736dd92cce633bede62c5c64dbfe87626fd950f37,2.0,66.0,33.0,33.0,1.0,1.0,58.0,29.0,845.0,422.5,0.2707131360653708,0.1048780487804878,172.0,58.0,3.5114340430413207,3.0910424533583156,0.0,5.0,-1.2899065017700195,-1.3671029806137085,-0.07719647884368896,0,0.08393935257792873
A2GOS755C86D8H,fit,0a1a53521391886e16249d2bf70825d4ec09c1ba02eecd3d7cef51010b86bb6c,3.0,71.0,23.666666666666668,33.0,1.0,1.0,67.0,22.333333333333332,197.0,65.66666666666667,0.6654761904761904,0.3510204081632653,258.0,87.0,3.5744811933199228,2.772588722239781,0.0,5.0,-1.2554885149002075,-1.2391903400421143,0.01629817485809326,0,0.13809721197617567
A48ONL6DO4PU,fit,0a1c50266706e0ebfa330c0de92ecd2672dd5fbba043b4df0c4243686dda875b,15.0,265.0,17.666666666666668,34.0,0.5333333333333333,0.5333333333333333,235.0,15.666666666666666,762.0,50.8,0.7340638463673509,0.34,1089.0,439.0,2.3905099939097334,1.3862943611198906,0.4666666666666667,5.0,-0.7510371804237366,-0.6569575667381287,0.09407961368560791,1,0.10637384370945982
A1VGWWV36PBC3W,fit,0a1d8d770fee9bef2eab1e98e4a3a9a582a1f63dae1c2c2bb3d7449bf365e85c,8.0,165.0,20.625,33.0,0.625,0.625,145.0,18.125,596.0,74.5,0.6467824436238735,0.3524590163934426,616.0,233.0,2.992979876362787,1.9459101490553132,0.125,5.0,-1.370474100112915,-1.6139333248138428,-0.24345922470092773,0,0.1385777182449558
A2BF1ZPZKVN2ZN,fit,0a1f24568b919c98bb4ec41b95af6e734a69671e9d5478def33c961a4cf506d7,2.0,66.0,33.0,33.0,1.0,1.0,58.0,29.0,365.0,182.5,0.32134847210541073,0.29310344827586204,171.0,58.0,1.791759469228055,1.791759469228055,1.0,5.0,-1.0472794771194458,-1.337704062461853,-0.2904245853424072,0,0.12560249053713646
ARFCFY2JIZLU2,fit,0a1f827724e99c94ece0e490ba10e79bd1cee2bda9be2553f396e5e303a7facb,2.0,61.0,30.5,33.0,1.0,1.0,57.0,28.5,230.0,115.0,0.5264985380116959,0.2986111111111111,172.0,58.0,3.2930858274273374,1.6094379124341003,0.5,5.0,-1.188731074333191,-1.2360585927963257,-0.047327518463134766,0,0.19877511211404456
A1SCD2NYTIAQTY,fit,0a25e42d9b79527e89bc04445cd46d7f5c57605bb6538a54e4d4f519e82b21cc,4.0,133.0,33.25,34.0,1.0,1.0,117.0,29.25,739.0,184.75,0.34325859140960063,0.25748502994011974,343.0,117.0,2.4561110862989186,1.791759469228055,0.25,5.0,-0.4871528744697571,-1.7282260656356812,-1.2410731315612793,0,0.10639002084086374
A1AR6ZYFKZXT7U,fit,0a3323cd0dd1b21c67df2ee4c88b94cd9ea95dba0871903ccd0c383736993c4f,6.0,112.0,18.666666666666668,33.0,0.8333333333333334,0.6666666666666666,104.0,17.333333333333332,138.0,23.0,0.8103007654219203,0.6187050359712231,514.0,174.0,2.8338861132924826,2.197224577336219,0.0,5.0,-1.378812551498413,-1.4675376415252686,-0.08872509002685547,0,0.10576248263033863
A1QU0RNIBI14MK,fit,0a357dc138e196b45f1b215bd7dfb08791f7519af3e64487b9f415b8ad8454f9,3.0,33.0,11.0,33.0,0.3333333333333333,0.3333333333333333,29.0,9.666666666666666,60.0,20.0,0.863013698630137,0.589041095890411,189.0,87.0,3.9320391573830484,3.4657359027997265,0.0,5.0,-1.1954196691513062,-1.3208930492401123,-0.12547338008880615,0,0.2446771602547036
A3O0IKJI5OLDIW,fit,0a38068782118122c712ced6c1b9aab04e4cbc65b255a885427e6e6c6cf8bccd,2.0,66.0,33.0,33.0,1.0,1.0,58.0,29.0,73.0,36.5,0.7023333333333333,0.688,172.0,58.0,2.4849066497880004,2.4849066497880004,0.0,5.0,-0.9014215469360352,-1.699805498123169,-0.7983839511871338,0,0.10349877235080748
A31ZDQ38B3X2I,fit,0a43f7e566509d3d6271c22242286cfeb72b82951a4b44311361b72896961cf7,6.0,143.0,23.833333333333332,34.0,0.8333333333333334,0.8333333333333334,127.0,21.166666666666668,395.0,65.83333333333333,0.6343593225410831,0.4187192118226601,489.0,175.0,2.777510053556697,1.6094379124341003,0.3333333333333333,5.0,-1.2456141710281372,-1.2424511909484863,0.003162980079650879,0,0.13414560248165183
A3C8SJB75N97U,fit,0a498a5b8a9362d82b4a1ef133aeb5602858562e5946f1ab38af6970b05a1906,2.0,34.0,17.0,34.0,0.5,0.5,30.0,15.0,203.0,101.5,0.6475694444444444,0.2951388888888889,171.0,59.0,2.8297411078798103,1.9459101490553132,0.5,5.0,-0.9648009538650513,-1.0936199426651,-0.12881898880004883,0,0.19261211429001152
A3T6HX48F66512,fit,0a4c65e9376e31908ca7bc59b4d2654a4e3b02a5fe7b0c83abd0b914acc7e3da,20.0,440.0,22.0,34.0,0.75,0.7,392.0,19.6,1012.0,50.6,0.7004324522282557,0.35714285714285715,1560.0,584.0,3.117278609233657,1.6094379124341003,0.05,5.0,-0.8074477314949036,-1.470091700553894,-0.6626439690589905,0,0.06461207890890269
A23YNT1NS1V0OJ,fit,0a4fd9be080e29a5435c832091c386f989713bb02b803fda1dfb398a69349845,4.0,33.0,8.25,33.0,0.25,0.25,29.0,7.25,587.0,146.75,0.7819465081723626,0.1277860326894502,337.0,116.0,3.3868737889636313,2.0794415416798357,0.0,5.0,-0.9439342617988586,-0.9651627540588379,-0.021228492259979248,0,0.18725547222665234
A1OO2RFK2QMFVF,fit,0a52622311ebf7521ae404247e9a279138214eebcb8f49b00715dec4fe59afb1,2.0,66.0,33.0,33.0,1.0,1.0,58.0,29.0,414.0,207.0,0.33134336208710286,0.2193877551020408,172.0,58.0,2.463626842578602,1.791759469228055,0.5,5.0,-1.5328067541122437,-1.6517099142074585,-0.11890316009521484,0,0.11863481505836108
A3K8LJJGKU4U96,fit,0a566b50a987e760eac8d15900eb9a0c602306acb41adc0736a87ddb1d120b3e,2.0,66.0,33.0,33.0,1.0,1.0,58.0,29.0,91.0,45.5,0.654001850566736,0.6515151515151515,172.0,58.0,2.484906649788,2.197224577336219,0.0,5.0,-1.627899169921875,-2.2225613594055176,-0.5946621894836426,0,0.10694123617160037
A82F4CJO93U9W,fit,0a6858c930d4bd2f6fe55eecddf8bf00783a8272905d5d0e2aa100c4eb3f7a16,3.0,99.0,33.0,33.0,1.0,1.0,87.0,29.0,233.0,77.66666666666667,0.5385420231226677,0.450261780104712,258.0,87.0,3.646918736987729,3.4011973816621555,0.0,5.0,-1.6132123470306396,-1.9175409078598022,-0.3043285608291626,0,0.14938788763887548
A3RIXMMLCBROJY,fit,0a68d82ce9514b48767fc24035d5e4798c6c0059c0bf010570a69e1dc88ce8a1,2.0,0.0,0.0,0.0,0.0,0.0,0.0,0.0,0.0,0.0,1.0,1.0,137.0,58.0,2.282174095733918,2.0794415416798357,0.0,5.0,-1.3916809558868408,-1.3508689403533936,0.040812015533447266,1,0.14769979540412548
A3U0L571I9HHWO,fit,0a6a785c0016b83bcc389b2127dcdce0c832bd6228059c7a927c48dd371fd718,8.0,252.0,31.5,34.0,1.0,1.0,224.0,28.0,1074.0,134.25,0.42985161479751877,0.3102189781021898,686.0,233.0,2.658537108527403,2.197224577336219,0.0,5.0,-0.04031480848789215,-1.799621343612671,-1.75930655002594,0,0.08479977187107615
ACPF5ZJFQ1ODK,fit,0a700cc75f6dfaf4c4cb342770d3f62a620185030a76aa28324860b52abdbd9e,3.0,70.0,23.333333333333332,33.0,1.0,0.6666666666666666,62.0,20.666666666666668,287.0,95.66666666666667,0.5973056200731146,0.28859060402684567,258.0,87.0,3.843283803186607,2.9444389791664403,0.0,5.0,-0.5672916173934937,-0.7855928540229797,-0.21830123662948608,0,0.17708500793370796
ASR4CX3NF75WM,fit,0a70c5e7bff646d40cf1bd794b0720948c5893b1a8b0ee3f91860497e8229ae1,3.0,56.0,18.666666666666668,33.0,0.6666666666666666,0.6666666666666666,52.0,17.333333333333332,93.0,31.0,0.7794396961063628,0.5512820512820513,223.0,88.0,3.0050994169242826,2.3978952727983707,0.0,5.0,-1.2451744079589844,-1.3574353456497192,-0.11226093769073486,0,0.14303241773293005
A1YQK3Y9JRV7V0,fit,0a7437b2c78edc3b194678df33af969596f11275966cb11d2e62cc20e23aeda5,6.0,168.0,28.0,34.0,1.0,0.8333333333333334,150.0,25.0,306.0,51.0,0.6710032268395346,0.4095238095238095,514.0,175.0,1.8525714210852067,1.0986122886681096,0.6666666666666666,5.0,-0.9794813394546509,-0.8646653890609741,0.11481595039367676,1,0.0962058664772331
A2NF2YYHCE956T,fit,0a74ac6d5891fc7f7b9c6797d3ee8390a48cec97994052727ed828de3f9babd1,3.0,68.0,22.666666666666668,35.0,0.6666666666666666,0.6666666666666666,60.0,20.0,260.0,86.66666666666667,0.5971271135924164,0.3656387665198238,229.0,89.0,2.620061685824055,1.3862943611198906,0.3333333333333333,5.0,-0.8049321174621582,-0.9885654449462891,-0.18363332748413086,0,0.1623258590391951
A2BSA3NCW7E7GK,fit,0a7b832465def87be2acaa738cf6aa6fd6538107a07447017d75f5bfa0982031,2.0,66.0,33.0,33.0,1.0,1.0,58.0,29.0,150.0,75.0,0.5409227643864515,0.48044692737430167,172.0,58.0,3.7390848470798925,3.3672958299864737,0.0,5.0,-0.9174146056175232,-0.8929035067558289,0.024511098861694336,1,0.1703985870286309
AZ79H1B4CQAGG,fit,0a7d2743a423c67434b42cee603360a6ba818df70e53e4612ce411e5353d2e84,5.0,43.0,8.6,33.0,0.4,0.4,39.0,7.8,64.0,12.8,0.9020238095238096,0.6142857142857143,338.0,146.0,3.4542028580395496,2.197224577336219,0.0,5.0,-0.47020167112350464,-0.6249904036521912,-0.15478873252868652,0,0.1992200701695112
A2W5EPWH46DUCL,fit,0a858583b23052c2f429ec8b606225e89161d68fb002b3659818e4bbc76ae74f,4.0,132.0,33.0,33.0,1.0,1.0,116.0,29.0,536.0,134.0,0.4133466598288623,0.26959247648902823,344.0,116.0,3.7319472593490493,2.8903717578961645,0.0,5.0,-1.7275886535644531,-2.2141475677490234,-0.4865589141845703,0,0.15195023215344722
A1FQSSLJ72JRBT,fit,0a8a3dfe3bb49f5a1d0153b6fabe0c56868d2d3fa31640dccda070b2ede58fc0,2.0,67.0,33.5,34.0,1.0,1.0,59.0,29.5,323.0,161.5,0.41357427657810586,0.24495677233429394,170.0,59.0,2.381086967398878,2.197224577336219,0.0,5.0,-0.7292246222496033,-0.6315065622329712,0.09771806001663208,1,0.08086719466110619
AQRJSGDDBHYE,fit,0a8eb6b88600ebff3a0c3d08f4210662f0c03308cef895337b55bcd0d39bc03c,2.0,27.0,13.5,27.0,0.5,0.5,27.0,13.5,27.0,13.5,0.8794642857142857,0.7589285714285714,155.0,59.0,2.3221954495706862,2.0794415416798357,0.0,5.0,-0.14629565179347992,-0.3021165728569031,-0.15582092106342316,0,0.12276289562471775
A3Q8OTSNHRR376,fit,0a8fcbb6d320faa24bc1c08976f04a47907778f6ad18b38f98f23684fd15cfad,3.0,54.0,18.0,33.0,0.6666666666666666,0.6666666666666666,50.0,16.666666666666668,124.0,41.333333333333336,0.7529215909278214,0.455026455026455,227.0,87.0,1.9390370533210681,1.3862943611198906,0.6666666666666666,5.0,-0.822007954120636,-0.8828535079956055,-0.06084555387496948,0,0.1386020821333836
A330X3KZTTLTVN,fit,0a942204dfb8b4acb140143338eebc38961b06d916b894f258e1683b816e7789,8.0,146.0,18.25,33.0,0.75,0.75,138.0,17.25,200.0,25.0,0.8048291110622611,0.5620915032679739,657.0,232.0,3.5734888647139833,2.0794415416798357,0.0,5.0,-0.30584898591041565,-0.8730263710021973,-0.567177414894104,0,0.13728573936890223
A3JRK240EEJ82X,fit,0a9ba83909c2966af53031dd6daefe5d3829d8b9f1b86efab6fd58f5d129a17e,17.0,468.0,27.529411764705884,34.0,0.8235294117647058,0.8235294117647058,412.0,24.235294117647058,1877.0,110.41176470588235,0.5551795241868246,0.24495677233429394,1412.0,502.0,1.7901158057332491,1.3862943611198906,0.7647058823529411,5.0,-0.7017001509666443,-6.641718864440918,-5.940018653869629,0,0.07907715602732752
A34Y4DQTHIL41N,fit,0aa33e619cdbb8d7342ffeea329d04734885e2a555e683112982676708f18b9a,2.0,66.0,33.0,33.0,1.0,1.0,58.0,29.0,234.0,117.0,0.42401573846938523,0.41148325358851673,172.0,58.0,2.810200432858575,2.4849066497880004,0.0,5.0,-0.5384229421615601,-0.8179658055305481,-0.27954286336898804,0,0.11257918144707493
A1EWVCAJQNVC4C,fit,0aa8fe434e7a9bfa844bed3a24bb041a7a4970e94cf5b55fffd317f7767c88f8,2.0,66.0,33.0,33.0,1.0,1.0,58.0,29.0,242.0,121.0,0.4726403823178017,0.30824372759856633,172.0,58.0,2.3025850929940455,2.3025850929940455,0.0,5.0,-1.224103331565857,-2.2465109825134277,-1.0224076509475708,0,0.08094319345412854
A1UGVFJ5XXVZV1,fit,0aac6f224685c08531f9ef532b73d2ba8d0f7d6821cda739f831bcede4c8e984,4.0,34.0,8.5,30.0,0.5,0.25,33.0,8.25,34.0,8.5,0.9242337164750958,0.7413793103448276,304.0,116.0,2.8173948015846246,1.9459101490553132,0.25,5.0,-1.340928077697754,-1.3679884672164917,-0.027060389518737793,0,0.18909007238785658
AIOV0F7BGBWYL,fit,0abfbcb1dc4f0a96cac231bdca40ef7a9bcfecde187621ef63ddabb0ca9d9b8f,2.0,13.0,6.5,13.0,0.5,0.5,13.0,6.5,13.0,6.5,0.9336734693877551,0.8673469387755102,155.0,59.0,3.1073040492110957,2.995732273553991,0.0,5.0,-1.2219936847686768,-1.2591670751571655,-0.03717339038848877,0,0.15250957342225652
A2T5OON2DGE1PR,fit,0ac6718e757d5b8fd9cd205376fe7c97be14bb72b4f77c3d9d19fa72cb3274f7,2.0,50.0,25.0,33.0,1.0,1.0,46.0,23.0,50.0,25.0,0.7788202659704658,0.7226890756302521,172.0,58.0,2.7058230259275198,2.6390573296152584,0.0,5.0,-1.5698647499084473,-1.32363760471344,0.24622714519500732,1,0.10855433667751783
A2Y20VP3OQA6ZO,fit,0ac986db3948eecdbcaf976474d596cdf5e136414e3bdb944e1fce0ffd7cb94b,2.0,32.0,16.0,32.0,0.5,0.5,28.0,14.0,82.0,41.0,0.757396449704142,0.514792899408284,169.0,57.0,2.668769039850659,2.0794415416798357,0.0,5.0,-0.16957822442054749,-10.386938095092773,-10.21735954284668,0,0.14165179712421383
A29TIA5LX5QTRN,fit,0acdb9ccab8ad84f4940da1a0a6b6d02ff74ec72f9cbcd10077051b8e53323ea,2.0,67.0,33.5,34.0,1.0,1.0,59.0,29.5,392.0,196.0,0.30654842233789603,0.273015873015873,170.0,59.0,2.808385548833286,2.3978952727983707,0.0,5.0,-0.037658773362636566,-0.8983071446418762,-0.8606483936309814,0,0.10060525002619268
A1GAEORWPBZ7DG,fit,0acddfd9b8a8299ef4a7f773a8b536468e8d11984040c2ea49a1567a3501a636,3.0,99.0,33.0,33.0,1.0,1.0,87.0,29.0,373.0,124.33333333333333,0.42145656321274433,0.3644067796610169,258.0,87.0,3.835803428094039,3.526360524616161,0.0,5.0,-0.8420106768608093,-0.6639529466629028,0.1780577301979065,1,0.15949711282984136
A2TA40MV2H4O6F,fit,0ad0870f9c9905ea3047b89972373281e6bb0f77d99ecf6005f9cdad75ecba92,2.0,66.0,33.0,33.0,1.0,1.0,58.0,29.0,198.0,99.0,0.4757632845907718,0.40375586854460094,172.0,58.0,2.4414009612931853,2.3978952727983707,0.0,5.0,-1.083957314491272,-1.1850199699401855,-0.10106265544891357,0,0.09321836449765476
AL4N6EDXCO8SC,fit,0ad0d69b7f46d34da8d7c82bde4370e6781723632c7aa7ade9e956e73f3dd152,3.0,66.0,22.0,33.0,0.6666666666666666,0.6666666666666666,58.0,19.333333333333332,744.0,248.0,0.49143901944610024,0.12893553223388307,221.0,88.0,3.3220602072915173,1.791759469228055,0.3333333333333333,5.0,-1.193913221359253,-1.1782844066619873,0.015628814697265625,0,0.17952970820337544
A2LLWR95JTWX4F,fit,0ad32c20a530e5881cfe5a21c9ad9a798a1170d2d8d51a5bc4413850b7f765f2,2.0,66.0,33.0,33.0,1.0,1.0,58.0,29.0,204.0,102.0,0.4907871171417297,0.3628691983122363,172.0,58.0,2.470821211304652,1.9459101490553132,0.5,5.0,-3.7666802406311035,-4.113215446472168,-0.34653520584106445,0,0.13628529592432329
A2UGV0XSQKQ8UI,fit,0ad90c59454e7d8fc0dcd3c24113040b3d7f3d400243b745b35cd41fa1dff6da,2.0,35.0,17.5,18.0,1.0,1.0,35.0,17.5,35.0,17.5,0.8293031226199543,0.8269230769230769,170.0,60.0,1.7776740307447068,1.6094379124341003,1.0,5.0,-1.644673466682434,-1.471544623374939,0.17312884330749512,1,0.13431257633707552
A2WZBKDNVBMLWZ,fit,0aee909712004f1aa15be3c644835f11471b47411b6122543a723a03154da438,2.0,37.0,18.5,34.0,1.0,0.5,33.0,16.5,39.0,19.5,0.8341942148760331,0.7024793388429752,170.0,60.0,2.0126758453675744,1.9459101490553132,0.5,5.0,-0.27072200179100037,-2.1905083656311035,-1.9197863340377808,0,0.13574971351245824
AW2TWQNYJVOX8,fit,0af0a9b7cc0a8adf953f6772eefb3ff3052c35dca8f75389f1e77101701f3275,6.0,51.0,8.5,27.0,0.5,0.3333333333333333,51.0,8.5,51.0,8.5,0.9224810555144319,0.7610619469026548,421.0,173.0,3.4444784005820495,1.9459101490553132,0.16666666666666666,5.0,-1.7218564748764038,-1.8297395706176758,-0.10788309574127197,0,0.21922864376580778
A2161K33Q5DZ3D,fit,0af0d3fb8edb5b9941a1e35d8cf485c52a39eb0257327e2aa21e070feaa254c1,3.0,89.0,29.666666666666668,33.0,1.0,1.0,81.0,27.0,201.0,67.0,0.6106402436989188,0.39631336405529954,258.0,87.0,2.3699598210240906,1.3862943611198906,0.3333333333333333,5.0,-1.2238844633102417,-1.3158838748931885,-0.09199941158294678,0,0.11434568194680304
A3NV1LOXMR6F7K,fit,0af766c56dfbcf5b379558a531372f2182df8d3fa635aa1fa0bc61f251114c62,4.0,105.0,26.25,33.0,1.0,1.0,97.0,24.25,197.0,49.25,0.6693382766658629,0.4942528735632184,343.0,117.0,3.9968502292312857,2.8903717578961645,0.0,5.0,-0.3660484850406647,-0.6406989097595215,-0.2746504247188568,0,0.16982452865683662
A2EQY3V78BQVNX,fit,0afbf38908880399fb3f157108fd221a0d93693025d26a77abaa448624048d11,3.0,33.0,11.0,33.0,0.3333333333333333,0.3333333333333333,29.0,9.666666666666666,86.0,28.666666666666668,0.8333333333333334,0.5,191.0,87.0,2.1958500049415988,1.791759469228055,0.3333333333333333,5.0,-0.5888457894325256,-0.7995285391807556,-0.21068274974822998,0,0.15139579158855498
A34T2GZM0U40O0,fit,0afd1f46f1a2b12fb350481950ff9d1030a7515c0503ada468f8cddb76495e1e,10.0,236.0,23.6,34.0,0.8,0.7,208.0,20.8,656.0,65.6,0.6411534828309278,0.3811659192825112,842.0,293.0,2.592342008432599,2.0794415416798357,0.0,5.0,-0.25562232732772827,-0.23675695061683655,0.018865376710891724,0,0.07884210529005314
A286DQ4WH9EKEL,fit,0b013d75726f0a6aeaee1b37dcbcbee6a2bbcb2e4b0f04c212d7090466c6949d,4.0,134.0,33.5,35.0,1.0,1.0,118.0,29.5,301.0,75.25,0.5472936365793734,0.4174757281553398,342.0,118.0,2.8321304354929873,2.197224577336219,0.0,5.0,-1.6249710321426392,-1.612727165222168,0.012243866920471191,0,0.10394309850344338
A2HB6FR1J7PHT8,fit,0b0426dc8129467309c1e01486d78166c02992670d1d4c4a156c3e6dd1179229,7.0,122.0,17.428571428571427,33.0,0.7142857142857143,0.5714285714285714,110.0,15.714285714285714,264.0,37.714285714285715,0.7645260413205008,0.4521276595744681,580.0,205.0,2.923224277139938,1.6094379124341003,0.2857142857142857,5.0,-1.1925331354141235,-1.6588817834854126,-0.46634864807128906,0,0.14765581802317967
AFCPY9MKZX60T,fit,0b05c7264a47bedacc21220575bfda2101d3130d96a1479574832af4657712cf,3.0,55.0,18.333333333333332,28.0,0.6666666666666666,0.6666666666666666,55.0,18.333333333333332,55.0,18.333333333333332,0.8391945620110298,0.7565217391304347,246.0,86.0,2.9943962664214774,2.0794415416798357,0.0,5.0,-0.7336022257804871,-1.003516435623169,-0.2699142098426819,0,0.1505990642935854
AHL7BZN8TLRDO,fit,0b0f5e14f10e42094d99af44e22c9bbdb1c77078acca252df337e7bb96220285,6.0,114.0,19.0,33.0,0.6666666666666666,0.6666666666666666,102.0,17.0,431.0,71.83333333333333,0.6778897637978467,0.30714285714285716,451.0,174.0,2.987660227574768,2.197224577336219,0.0,5.0,-1.5009595155715942,-1.640401840209961,-0.1394423246383667,0,0.12421295097909675
A2WCAE2313FJP7,fit,0b1582ce25aa30ff6ca7f5ec201a014ab5a25f2f427510aa0c724b3b03c9738c,4.0,132.0,33.0,33.0,1.0,1.0,116.0,29.0,566.0,141.5,0.39387509005907134,0.2689873417721519,343.0,116.0,2.6310160100653093,2.3025850929940455,0.0,5.0,-1.201841115951538,-1.235697627067566,-0.03385651111602783,0,0.0914828850528953
AJF85EJ6Y2X0U,fit,0b15d2bee698771f8b96ce51910587faeddb7e71dea389185bcf3b2a3ebe2610,6.0,91.0,15.166666666666666,34.0,0.5,0.5,83.0,13.833333333333334,142.0,23.666666666666668,0.8296579730541994,0.5345911949685535,486.0,175.0,2.6544394659851003,2.0794415416798357,0.0,5.0,-1.3870761394500732,-2.100924491882324,-0.713848352432251,0,0.11557252203893155
A3C381WL7PTQZ4,fit,0b163cab2b514ef33825b614f68d018987b14ee6b43774a01a666a610550ec86,2.0,67.0,33.5,34.0,1.0,1.0,59.0,29.5,192.0,96.0,0.5049220272904483,0.37280701754385964,171.0,59.0,2.5375869076169133,2.3025850929940455,0.0,5.0,-2.1416471004486084,-2.1157429218292236,0.025904178619384766,1,0.09796679906533072
A14JCJGC2QL0MR,fit,0b1e0d9c35fc5010a53f89b38ecb25b7bf918bd033d94bf96ea8fc84a6812364,4.0,29.0,7.25,29.0,0.25,0.25,29.0,7.25,29.0,7.25,0.9369565217391305,0.7478260869565218,253.0,116.0,2.9441472212923347,2.5649493574615367,0.0,5.0,-0.13245005905628204,-5.094526767730713,-4.962076663970947,0,0.17260395864683886
A1IP0AXGD8TRW5,fit,0b2592859d87c2f3102f63cdc29b265cbdab35794b976a56dda1e4fd73e06d3c,2.0,33.0,16.5,33.0,0.5,0.5,29.0,14.5,79.0,39.5,0.7606060606060606,0.5212121212121212,156.0,58.0,3.2461199175102355,2.70805020110221,0.0,5.0,-1.5241386890411377,-1.6350456476211548,-0.11090695858001709,0,0.17941128443072643
AY63732T42L3V,fit,0b2807255286facf63d0811171aa1323074caed36dcd4947156778cff759d29c,4.0,53.0,13.25,33.0,0.75,0.75,49.0,12.25,58.0,14.5,0.8713037634408602,0.6935483870967742,338.0,116.0,3.2858941934508814,1.6094379124341003,0.25,5.0,-1.7753536701202393,-1.8142616748809814,-0.03890800476074219,0,0.1888658614377537
A6UVUMRPL86B1,fit,0b2a39fd665614602d121ec1c2c347764cffcf590110c532ec0cea66dad9eda2,2.0,66.0,33.0,33.0,1.0,1.0,58.0,29.0,146.0,73.0,0.5412230358203047,0.5276073619631901,172.0,58.0,1.5222612188617113,1.0986122886681096,1.0,5.0,-1.0785117149353027,-1.2668311595916748,-0.18831944465637207,0,0.1387266454606133
A7QEY0IX5IU8S,fit,0b32ab8c1caca79ea0c658d60711df3c81cb05fd696084310ea71429ccdf84e2,3.0,28.0,9.333333333333334,15.0,0.6666666666666666,0.6666666666666666,28.0,9.333333333333334,28.0,9.333333333333334,0.9067240057339068,0.8514851485148515,227.0,87.0,3.0241522215375984,2.197224577336219,0.0,5.0,-0.9187464714050293,-1.2639992237091064,-0.34525275230407715,0,0.14082296258063617
A1H88L8X6HM1BQ,fit,0b34bd0fdcde7c969855d7d14de9b1e65e592c090ba1189abe13d7e9b3bc0334,20.0,359.0,17.95,35.0,0.6,0.6,323.0,16.15,1161.0,58.05,0.7444059262158482,0.15567765567765568,1454.0,585.0,3.1470591456757693,1.6094379124341003,0.1,5.0,-0.8688774108886719,-0.9460140466690063,-0.07713663578033447,0,0.09471568571119293
AR01C3SYL0MTP,fit,0b3a38dc765f5de234426915109be93518a10e3c27729b56fce6ae22b9b9de37,2.0,66.0,33.0,33.0,1.0,1.0,58.0,29.0,250.0,125.0,0.40803202014750856,0.3944954128440367,172.0,58.0,3.889942557535261,3.828641396489095,0.0,5.0,-1.60874342918396,-1.772193193435669,-0.16344976425170898,0,0.16683283634563717
A40UTSS993WSK,fit,0b3ea6675e81eaa20a0292e0f6d1e4c2c852291d9eed83382516558a0e4dec09,10.0,232.0,23.2,34.0,0.7,0.7,204.0,20.4,1057.0,105.7,0.6048476213243592,0.18777292576419213,786.0,292.0,2.3597711899484244,0.6931471805599453,0.4,5.0,-0.5827797651290894,-0.9787014126777649,-0.39592164754867554,0,0.12726036712783811
A3UJFHPSR7BGZ5,fit,0b401b90608c531dd3f5ed06af892fd8f2c00a9c8e4795dd73cb61ccd4b1d3e9,4.0,104.0,26.0,34.0,1.0,0.75,92.0,23.0,590.0,147.5,0.4929932715170651,0.22251308900523561,343.0,117.0,1.8405026378149334,1.0986122886681096,0.75,5.0,-1.6861989498138428,-1.7104079723358154,-0.024209022521972656,0,0.12148739821283645
A116S2TU5SW5F7,fit,0b415dbe491003e6068edb59b23ad02fc699f4cc1370eb472efedd45dd2ce817,2.0,14.0,7.0,14.0,0.5,0.5,14.0,7.0,14.0,7.0,0.9299999999999999,0.86,152.0,58.0,3.9122229654388097,3.7135720667043075,0.0,5.0,-1.099364161491394,-1.0659680366516113,0.033396124839782715,1,0.21111811316494655
A12H774IJ9EWZI,fit,0b4f30e9fc06579d2ffcc50ddff758ee717361db837a96890636f0ff7e64e5d8,3.0,82.0,27.333333333333332,33.0,1.0,1.0,74.0,24.666666666666668,137.0,45.666666666666664,0.6757512654184481,0.5375,258.0,87.0,2.5498975412371716,1.9459101490553132,0.3333333333333333,5.0,-1.442314863204956,-1.3731898069381714,0.06912505626678467,1,0.1217002165482488
A2YEOR4XJ8N3QE,fit,0b6568e48cb5daad3149ab5ff460c001f5c462547bcb49f3470ec5fb17a6a438,20.0,466.0,23.3,34.0,0.8,0.75,418.0,20.9,1128.0,56.4,0.6761441468581574,0.36752136752136755,1632.0,586.0,3.4227555016246343,2.3978952727983707,0.0,5.0,-0.5785783529281616,-1.7229496240615845,-1.1443712711334229,0,0.06339392072972844
AUNL7H2TKVSMC,fit,0b669ce62127727e7cee134a5e14e7982b3345a5a3e76ab5f34b710fdba71bc5,8.0,176.0,22.0,33.0,0.75,0.75,156.0,19.5,526.0,65.75,0.663369166294116,0.28762541806020064,629.0,233.0,2.731259208617958,1.6094379124341003,0.125,5.0,-1.2032725811004639,-1.4446532726287842,-0.2413806915283203,0,0.1058624030654955
A2AR6QSP1ZRVHK,fit,0b6b19e80fef00a96fcdd4453f1557d4a59bcd4ffc71e889c90416b6614f2547,4.0,44.0,11.0,33.0,0.5,0.5,40.0,10.0,56.0,14.0,0.8851110229976209,0.6538461538461539,272.0,116.0,3.097186035272104,2.197224577336219,0.0,5.0,-1.7678062915802002,-2.075227737426758,-0.3074214458465576,0,0.16385859381963527
A2LSSZMICF04NI,fit,0b6fb0d643e9fb32f8378a5fda0eedbe60b1361b16f587f7a935f9aeb3b0cc34,2.0,66.0,33.0,33.0,1.0,1.0,58.0,29.0,238.0,119.0,0.43067226890756305,0.36134453781512604,172.0,58.0,3.561029940814571,1.9459101490553132,0.5,5.0,-1.2101558446884155,-1.5839582681655884,-0.37380242347717285,0,0.23421206901305494
A2U5GU21D0HHU1,fit,0b7158a2fb43b1f05017767b3afe329cc95a1df3a82139f09537c109dd9e6c44,11.0,197.0,17.90909090909091,33.0,0.7272727272727273,0.6363636363636364,177.0,16.09090909090909,392.0,35.63636363636363,0.7654364744575701,0.48044692737430167,868.0,319.0,3.40406893154439,2.197224577336219,0.0,5.0,-0.17666704952716827,-0.2827804386615753,-0.10611338913440704,0,0.11757684934625408
A12DTQ8CIORMCK,fit,0b74ab67931a22cdee85a9cdbf61fa32a67f962c62b5f4302f08c57b25b5360a,2.0,33.0,16.5,33.0,0.5,0.5,29.0,14.5,382.0,191.0,0.5918803418803419,0.18376068376068377,149.0,58.0,2.7917481543908496,1.9459101490553132,0.5,5.0,-1.3444985151290894,-1.7174705266952515,-0.3729720115661621,0,0.16060712494191598
A3HPIHVQFF9HU8,fit,0b7588baf99091d3c40a75db8ee068d6be8a8ee7e9b4fcadfbfb664b5cca1dba,2.0,20.0,10.0,19.0,1.0,0.5,20.0,10.0,20.0,10.0,0.903776683087028,0.819047619047619,172.0,58.0,3.017740716262378,2.3978952727983707,0.0,5.0,-1.8590247631072998,-1.8715918064117432,-0.01256704330444336,0,0.1417635972524916
A1GBTGBMAVPT46,fit,0b824e126fd7b8b92f99a5ee1419e5da9cd8e16ed5fcc51a91dbba359caf908e,2.0,33.0,16.5,33.0,0.5,0.5,29.0,14.5,149.0,74.5,0.6829787234042553,0.3659574468085106,139.0,58.0,2.827995905409926,2.5649493574615367,0.0,5.0,-1.016327977180481,-1.0480698347091675,-0.03174185752868652,0,0.13774206386083898
A292FHOCHDIYB6,fit,0b9c5f0e75cf83044e795c310da994724392a60a64ac0e713a385561ac9539a3,3.0,45.0,15.0,33.0,0.6666666666666666,0.6666666666666666,41.0,13.666666666666666,86.0,28.666666666666668,0.8040474051255723,0.5345911949685535,227.0,87.0,3.444027692677716,2.833213344056216,0.0,5.0,-1.5186967849731445,-1.8357818126678467,-0.31708502769470215,0,0.1658687456568257
A2QPY7AWL38XY8,fit,0ba92f2343945df688e9a475cb0d568dd00bd832b4251f19d0ee4edffd8634ba,3.0,99.0,33.0,33.0,1.0,1.0,87.0,29.0,301.0,100.33333333333333,0.48157157569504644,0.3628691983122363,258.0,87.0,2.340361321429713,1.9459101490553132,0.3333333333333333,5.0,-0.9957081079483032,-1.2327170372009277,-0.2370089292526245,0,0.10863086589422621
A3QPAXR2XDK5AV,fit,0bb6ddfc9fa08eb4242d78fd9c4fd20cdcf64e2e5bb9ab2fbf692ab8729a4345,2.0,52.0,26.0,33.0,1.0,1.0,48.0,24.0,78.0,39.0,0.7060755336617406,0.593103448275862,172.0,58.0,4.6088565631527985,4.23410650459726,0.0,5.0,-0.3308331072330475,-0.4760836660861969,-0.14525055885314941,0,0.23113797864336735
A357W5QSM12DGU,fit,0bc3145c2fa2040b62200d720d54b0a1f3ce0286306be8ba8a06560b76171378,5.0,134.0,26.8,34.0,0.8,0.8,118.0,23.6,426.0,85.2,0.5729684255563057,0.3453815261044177,427.0,147.0,3.117499975873737,1.791759469228055,0.2,5.0,-1.0429288148880005,-1.1791714429855347,-0.13624262809753418,0,0.15343512355100877
A2T73ILK4WCOSP,fit,0bc60661d48bbf850ff3ba58dc6b38ce31a89660fc2b67182a061f95ce570fe9,5.0,86.0,17.2,33.0,0.8,0.8,78.0,15.6,275.0,55.0,0.718810181747562,0.39814814814814814,394.0,144.0,2.4756687732941254,1.3862943611198906,0.4,5.0,-0.7796711325645447,-1.3057969808578491,-0.5261258482933044,0,0.12769548861285535
A13IBA8PM2LVB0,fit,0bca9b4102e7c6c72a497bf1c457dc61745c4528f0b36c92816f750c7a12256b,2.0,33.0,16.5,33.0,0.5,0.5,29.0,14.5,97.0,48.5,0.7349726775956285,0.46994535519125685,136.0,58.0,3.3625168210834215,1.9459101490553132,0.5,5.0,-0.5843014121055603,-0.862796425819397,-0.27849501371383667,0,0.27295650002086963
A3MFZXNFCFE2Z4,fit,0be2a4bbcb82c3b292ff36ff597daab7be046031265dba842a9b686e6668e00e,2.0,58.0,29.0,33.0,1.0,1.0,54.0,27.0,108.0,54.0,0.6418252572098726,0.5088757396449705,172.0,58.0,2.6020033435383976,2.5649493574615367,0.0,5.0,-1.4431949853897095,-1.7229045629501343,-0.2797095775604248,0,0.10034827525613554
A1HS30ES2C3YPM,fit,0beb9a0f775d4cdc550ba926c278d5078861b67f461b31ed9566e9b74dbba900,3.0,99.0,33.0,33.0,1.0,1.0,87.0,29.0,359.0,119.66666666666667,0.4483380254585154,0.3481781376518219,258.0,87.0,2.0715360328073973,1.6094379124341003,0.3333333333333333,5.0,-2.0025243759155273,-2.0372560024261475,-0.03473162651062012,0,0.09700752948241646
A3E6AHBQEKGHEB,fit,0bed749c8fd3fd6640513d4354232f69c292b59333600545dd1bb85b59d33135,4.0,99.0,24.75,33.0,0.75,0.75,87.0,21.75,267.0,66.75,0.6164036544850499,0.4857142857142857,331.0,116.0,2.3353421585956466,1.3862943611198906,0.25,5.0,-1.049111008644104,-1.258254051208496,-0.2091430425643921,0,0.12403112429427648
A30I7L0ZQ5X0Y9,fit,0beff6ea165452d146d23b89fbbc1864636859a6388d22a06ed0022ab1f9dab1,2.0,0.0,0.0,0.0,0.0,0.0,0.0,0.0,0.0,0.0,1.0,1.0,139.0,58.0,4.057461487102296,3.0910424533583156,0.0,5.0,-1.3217604160308838,-1.375330924987793,-0.05357050895690918,0,0.30614886839478067
A10Y058K7B96C6,fit,0bf0023d97df78e43b11ec6207fbc029eaa1b85747ff22a816e1e6e6bec844cd,2.0,66.0,33.0,33.0,1.0,1.0,58.0,29.0,157.0,78.5,0.5327634254726218,0.45989304812834225,172.0,58.0,1.844439727056968,1.6094379124341003,0.5,5.0,-1.0654165744781494,-1.1030322313308716,-0.03761565685272217,0,0.1074458001174386
AX73AVN2K3PNB,fit,0bf2a4cf5fe69e549f7b4bacf2b2040fe51a08db88e036390054a486cfd6c803,2.0,65.0,32.5,33.0,1.0,1.0,58.0,29.0,78.0,39.0,0.6901643554185927,0.6515151515151515,172.0,58.0,2.8173948015846246,2.6390573296152584,0.0,5.0,-1.0608495473861694,-0.8464245796203613,0.2144249677658081,1,0.11984336681436726
A3Q9HY0LU7MN6E,fit,0bf32e50766cea2b2245c7201b1ebedf3eeb37104e283c1b87eb9f43009d8c8c,20.0,368.0,18.4,34.0,0.65,0.65,336.0,16.8,1575.0,78.75,0.694749656756034,0.16443594646271512,1526.0,581.0,3.4665135288631577,2.197224577336219,0.0,5.0,-0.7250797748565674,-0.7402342557907104,-0.015154480934143066,0,0.11494920045282161
A398B342YBT08B,fit,0bf4841f6fe9474a5ac18c3add79322ff492297fe53b691a03622ca7d216bd50,7.0,189.0,27.0,33.0,0.8571428571428571,0.8571428571428571,169.0,24.142857142857142,805.0,115.0,0.614310126853102,0.1376,577.0,203.0,3.553411511163521,2.4849066497880004,0.0,5.0,-0.9342440366744995,-0.9406710863113403,-0.00642704963684082,0,0.12993257429109864
A3824KT64RNUHI,fit,0bfe268bf97e8519d99347c93ffa57d93ea7a81d63e41370c470915c1b8cc1e8,2.0,48.0,24.0,34.0,1.0,1.0,44.0,22.0,226.0,113.0,0.5730976430976431,0.28619528619528617,171.0,59.0,3.346041871253314,3.2580965380214817,0.0,5.0,-1.0045291185379028,-1.1486561298370361,-0.1441270112991333,0,0.115603592830997
A2A56MRVND9JVW,fit,0c05f9d06aa061acd20e6ffafd035613b5b0da1f54c6a04bc225a1fa001d895c,3.0,77.0,25.666666666666668,33.0,1.0,1.0,69.0,23.0,239.0,79.66666666666667,0.6276687446075662,0.31386861313868614,258.0,87.0,3.2138244089443084,2.197224577336219,0.0,5.0,-1.2373367547988892,-1.6519851684570312,-0.4146484136581421,0,0.12196601821068523
A2NBKS27M3ORAC,fit,0c121a248960982a400bc2a9cedcb12836fe59f6e67aabd84c085ccb18d9ed2e,5.0,82.0,16.4,33.0,0.8,0.6,78.0,15.6,188.0,37.6,0.7824601997201619,0.38222222222222224,404.0,147.0,2.9401463173521702,2.0794415416798357,0.0,5.0,-1.8469749689102173,-2.0072250366210938,-0.16025006771087646,0,0.12008981339166196
AIAI8FEIFIV1T,fit,0c17a7bf52315e2d21cb51d0feed0c78e8871dbe6d2edaa243725cbfd560f9b6,5.0,138.0,27.6,33.0,1.0,1.0,125.0,25.0,236.0,47.2,0.6708122972006819,0.5212121212121212,430.0,145.0,3.058011230426902,1.0986122886681096,0.2,5.0,-1.4474633932113647,-1.3167020082473755,0.13076138496398926,1,0.13781601696844292
A20ESD3SE5HLVC,fit,0c1801e2ebbd7e11102d2646534c519255fb3dde2cc2a9b374119fccf83b811d,5.0,166.0,33.2,34.0,1.0,1.0,146.0,29.2,444.0,88.8,0.5442955723693428,0.2777777777777778,428.0,146.0,2.0748981364229895,1.3862943611198906,0.4,5.0,-0.6431723833084106,-0.9706231951713562,-0.32745081186294556,0,0.08822899189753142
A2OW09X5RRMZFJ,fit,0c1f6f1677680ca0741e142a041556c796dd39aa21588202eb95d2c2a95b4bd5,5.0,100.0,20.0,34.0,0.6,0.6,88.0,17.6,998.0,199.6,0.6271831821291787,0.09277238403451996,378.0,147.0,3.0553461113716445,1.791759469228055,0.2,5.0,-0.9701250195503235,-0.8814734220504761,0.08865159749984741,1,0.16357622095487262
AHLU75XIG94TZ,fit,0c21c4cf184e6348293b6ed5494420e0dfdf8c0a041c392ba826e22c30819bbc,3.0,44.0,14.666666666666666,34.0,0.6666666666666666,0.6666666666666666,40.0,13.333333333333334,130.0,43.333333333333336,0.7691993464052288,0.4117647058823529,216.0,89.0,3.4655527470211323,2.3025850929940455,0.0,5.0,-0.2699414789676666,-0.3017701506614685,-0.03182867169380188,0,0.17253414678479514
A214POB2583GYP,fit,0c2a4087179a757f53589898dd59f1d21a852d2576792620cebb560a499b8e2d,4.0,68.0,17.0,33.0,0.75,0.5,61.0,15.25,180.0,45.0,0.7668500166119667,0.3722943722943723,328.0,117.0,2.8768525710705295,2.5649493574615367,0.0,5.0,-0.5696827173233032,-0.6932421326637268,-0.12355941534042358,0,0.1220747397328117
AMFIPCYDYWGVT,fit,0c2c8f451b1cd00169ac506cb70501a69043043d62d3421524a3bedfd88361f3,2.0,49.0,24.5,33.0,1.0,1.0,45.0,22.5,97.0,48.5,0.6790536573911001,0.5149700598802395,172.0,58.0,3.1172053628591856,2.833213344056216,0.0,5.0,-1.9709689617156982,-1.73371160030365,0.23725736141204834,1,0.12377086870577521
A3T0EIFRQGAGEF,fit,0c31d8a2480963566aba8412a75400f791c1057dbda2421e39ed7c29a08961a1,3.0,66.0,22.0,33.0,0.6666666666666666,0.6666666666666666,58.0,19.333333333333332,235.0,78.33333333333333,0.622443585423068,0.3644067796610169,239.0,87.0,3.565002799151444,2.5649493574615367,0.0,5.0,-1.2578999996185303,-1.5324832201004028,-0.27458322048187256,0,0.18114565900356788
A3TGNQYRUYB3UU,fit,0c32086ab5ef5212e28d0cb4b35d19367e7d622281e13391625c6712b47771e4,2.0,67.0,33.5,34.0,1.0,1.0,59.0,29.5,170.0,85.0,0.532191031717098,0.4028436018957346,171.0,59.0,2.4849066497880004,2.4849066497880004,0.0,5.0,-1.4176232814788818,-1.8372560739517212,-0.41963279247283936,0,0.09458476006698548
AA994TW9GB432,fit,0c3404fd3aece4c306d35a2212d70cbd4058b169a6c808536cf1dbab78816988,7.0,102.0,14.571428571428571,33.0,0.5714285714285714,0.42857142857142855,90.0,12.857142857142858,456.0,65.14285714285714,0.7396175635854977,0.28013029315960913,535.0,203.0,1.7095972481782604,1.6094379124341003,1.0,5.0,-0.320018470287323,-0.9007478952407837,-0.5807294249534607,0,0.145569091962391
A3RU9BFS2C4KBF,fit,0c3cbff20c197bc0f69d043f10b016e7b002b5b817a4ce7951c6a54a5188ed26,2.0,66.0,33.0,33.0,1.0,1.0,58.0,29.0,71.0,35.5,0.7079268292682928,0.6991869918699187,172.0,58.0,1.791759469228055,1.791759469228055,1.0,5.0,-1.9024629592895508,-2.005026340484619,-0.10256338119506836,0,0.1523942743315448
A3MJISYNXNYEQD,fit,0c40c149b0732416c2704c468a66373ef934971bbc5d8f8286bb36a5e0542409,6.0,139.0,23.166666666666668,33.0,1.0,0.8333333333333334,127.0,21.166666666666668,308.0,51.333333333333336,0.6965320396994126,0.3644067796610169,515.0,175.0,3.0833630941234103,1.9459101490553132,0.16666666666666666,5.0,-1.1721571683883667,-1.5480543375015259,-0.3758971691131592,0,0.11941233574820928
A2CZPM110DW516,fit,0c53f4875f28cb32428e6b2b791c3cd68a0ba61420eaba9244cfa188aac04cde,8.0,99.0,12.375,33.0,0.375,0.375,87.0,10.875,309.0,38.625,0.8141898980815347,0.30935251798561153,548.0,234.0,3.5215917491359954,2.9444389791664403,0.0,5.0,-1.3349586725234985,-1.521109700202942,-0.18615102767944336,0,0.16787489634645694
A30U5K1JZTO80R,fit,0c540f1676ddcb7a2a12061b4441017648208537b7b3ce3c020031382108b00f,5.0,153.0,30.6,34.0,1.0,1.0,137.0,27.4,856.0,171.2,0.4891545922884274,0.13458528951486698,429.0,146.0,2.8822530785031137,1.791759469228055,0.4,5.0,-0.8689454793930054,-0.9444514513015747,-0.07550597190856934,0,0.13112039336156228
A2PWDBZQPR9JU6,fit,0c552bee244adf0984369ab0e8b09ce1d3b9b6efdd62647ac71068a45318162a,3.0,50.0,16.666666666666668,33.0,0.6666666666666666,0.6666666666666666,46.0,15.333333333333334,73.0,24.333333333333332,0.8135284197091938,0.6056338028169014,221.0,87.0,2.0741920893571226,1.3862943611198906,0.6666666666666666,5.0,-0.8906500935554504,-0.9032661318778992,-0.01261603832244873,0,0.15432103740767175
A1Y2ES3X1M0Q3T,fit,0c5abdfe170a9f4e9b51c52534f0181da2f6b42f84e112642d682ffebc8898d4,17.0,421.0,24.764705882352942,35.0,0.8823529411764706,0.7647058823529411,374.0,22.0,1066.0,62.705882352941174,0.6594949261612872,0.271875,1416.0,496.0,2.5241094508608666,1.3862943611198906,0.4117647058823529,5.0,-0.8189843893051147,-3.0301172733306885,-2.2111330032348633,0,0.06473682457585206
A12PN254PTSGU5,fit,0c5d4768ac407d2d7208f541ce0987732be091fe84db8eedfd597f34018a35cd,20.0,482.0,24.1,34.0,0.75,0.75,427.0,21.35,1901.0,95.05,0.6312406595602802,0.13738019169329074,1631.0,580.0,3.4583869879677764,2.5649493574615367,0.0,5.0,-0.6362444758415222,-0.7960413694381714,-0.15979689359664917,0,0.09056990148607719
A1M6YL1SSVVWZY,fit,0c65570fe452bf8e7a0f3a365cab52d4547d0da0c9c9933324bc4e1aa7d3fc2a,6.0,189.0,31.5,33.0,1.0,1.0,169.0,28.166666666666668,1742.0,290.3333333333333,0.3835871394759826,0.09277238403451996,516.0,173.0,3.3390445066554624,1.9459101490553132,0.16666666666666666,5.0,-0.9755557775497437,-1.7132771015167236,-0.73772132396698,0,0.16237128312965177
A2CUP8G1P2H44P,fit,0c7697fb7ca1a6d26fbf1dda3043815c3f545d15e647a5c419e9815cd44332a7,5.0,144.0,28.8,34.0,1.0,1.0,132.0,26.4,219.0,43.8,0.6814309723295383,0.5443037974683544,428.0,147.0,2.79597741222067,1.791759469228055,0.2,5.0,-0.357422798871994,-1.767287254333496,-1.4098644256591797,0,0.11057835294345693
AEWYUPCNDV7HY,fit,0c7e2af5186d870ea5822a2c055b867278347d05738957d92a0ad931cf610b25,19.0,569.0,29.94736842105263,35.0,0.8947368421052632,0.8947368421052632,501.0,26.36842105263158,3523.0,185.42105263157896,0.4759167833318787,0.0918918918918919,1602.0,559.0,2.781247670844101,1.6094379124341003,0.3157894736842105,5.0,-0.9317053556442261,-1.288142442703247,-0.356437087059021,0,0.1628239471835925
A1FU1UY55LM8FA,fit,0c844d75792cdc385a36b3ce68c98074ed76bda3b11608d48a3ad896d5cd26bc,5.0,66.0,13.2,33.0,0.4,0.4,58.0,11.6,936.0,187.2,0.7135821011162963,0.09277238403451996,377.0,145.0,3.97689407477075,2.9444389791664403,0.0,5.0,-1.2395665645599365,-1.42622971534729,-0.18666315078735352,0,0.22238881897902113
AK94FH4U2I5H6,fit,0c899bc72318689d72310ce87b1c97ce5b7e2a597e2f13cba63d8c4512786928,9.0,261.0,29.0,33.0,0.8888888888888888,0.8888888888888888,231.0,25.666666666666668,578.0,64.22222222222223,0.6100161040297356,0.4223300970873786,769.0,260.0,2.5907692055955494,1.6094379124341003,0.3333333333333333,5.0,-0.9802921414375305,-1.104369878768921,-0.12407773733139038,0,0.09155051733616042
A2IBJETX1NA5IC,fit,0c8e19b9cbf86eddbf0eeba8589e6fd6c8d7059b46212635218bcd6cc8cc994f,8.0,177.0,22.125,33.0,0.75,0.75,160.0,20.0,341.0,42.625,0.7329823611919517,0.3722943722943723,654.0,232.0,2.78077140268827,2.197224577336219,0.0,5.0,-0.5189995169639587,-0.5329314470291138,-0.01393193006515503,0,0.08560013676865358
A19JGPUJAX048H,fit,0c901e226baf0538cfc6f43fba5997147db8ac8e6f1c76ee6027fe0f32c9eac2,20.0,416.0,20.8,34.0,0.65,0.65,372.0,18.6,1617.0,80.85,0.7030091413056625,0.10201660735468565,1505.0,583.0,3.352029140500843,2.0794415416798357,0.0,5.0,-0.5011880993843079,-0.6723947525024414,-0.17120665311813354,0,0.09794506356530773
A3IFB1Y1EBX3C5,fit,0c93e3191b48110ef8d60be46b7ff21468adb91b34be15f683618e64551e9902,4.0,132.0,33.0,33.0,1.0,1.0,116.0,29.0,858.0,214.5,0.3803623961952638,0.1376,344.0,116.0,2.8418303727778587,1.6094379124341003,0.25,5.0,-1.021870493888855,-1.097782850265503,-0.07591235637664795,0,0.12296618427831843
A3LZXB9WABL8M4,fit,0ca2dda1387ca80ecef1d879f8919fcde4279cd4f58cbdf23c8da9cc04dc7756,5.0,158.0,31.6,33.0,1.0,1.0,142.0,28.4,782.0,156.4,0.527298287566989,0.14006514657980457,428.0,146.0,2.1209205805490496,1.6094379124341003,0.6,5.0,-1.3284108638763428,-1.8669233322143555,-0.5385124683380127,0,0.09875767150808375
A1M6P39FC6ZJRO,fit,0caa81cb1e813d23bd3c08acec96b5168e1422124a568b00b383465006c11162,3.0,70.0,23.333333333333332,33.0,1.0,0.6666666666666666,62.0,20.666666666666668,577.0,192.33333333333334,0.5520523256991273,0.14576271186440679,258.0,87.0,2.034931077471662,1.9459101490553132,0.3333333333333333,5.0,-0.6490601301193237,-0.7759869694709778,-0.12692683935165405,0,0.08370239590867881
AIP0VIGQWIW90,fit,0cab052c44fb505dc8d6f678cb23e7ae7e9c9728a751260a1b653f2a57d4d798,20.0,453.0,22.65,34.0,0.7,0.7,401.0,20.05,1748.0,87.4,0.6192480581168672,0.2442528735632184,1526.0,585.0,3.2155720123523395,2.3025850929940455,0.0,5.0,-0.8263520002365112,-0.8489316701889038,-0.022579669952392578,0,0.09195458320681366
A3A94KPJIRV36H,fit,0cbd9c45c585a99cd804a2c2fb3e62197549ba4afe8bf09cb147eb512fe82af3,6.0,154.0,25.666666666666668,33.0,1.0,0.8333333333333334,138.0,23.0,271.0,45.166666666666664,0.6872733700749473,0.48863636363636365,515.0,174.0,2.1097877727401326,1.3862943611198906,0.5,5.0,-1.0981719493865967,-1.2645831108093262,-0.1664111614227295,0,0.09771481762763798
A2WV7X2T9ZCEEJ,fit,0cc3734a8914a5dd4613e860090ca16405aee6ebb5f1591aedb4dceb721050cb,2.0,67.0,33.5,34.0,1.0,1.0,59.0,29.5,337.0,168.5,0.39112990674474085,0.2413793103448276,170.0,59.0,2.6441335153472676,1.791759469228055,0.5,5.0,-1.7898731231689453,-1.7217357158660889,0.06813740730285645,1,0.13755389009567262
A2L68GXVPHY9Q5,fit,0ccbafdba171d4af772c0903f72550c656975474954a433465e3e3ad6da7c6c9,3.0,70.0,23.333333333333332,33.0,1.0,1.0,66.0,22.0,492.0,164.0,0.6014276600221259,0.1574074074074074,257.0,87.0,3.9194594344014235,2.6390573296152584,0.0,5.0,-1.5701208114624023,-1.7985414266586304,-0.22842061519622803,0,0.1454682813698698
A22ZE30JQPMQ5Z,fit,0cd0958388f557c3bf71b3075f25015b086c35a2e90fa9007df7a24fc7c88db8,2.0,60.0,30.0,34.0,1.0,1.0,56.0,28.0,105.0,52.5,0.6420292243462975,0.5182926829268293,170.0,60.0,4.493098160164195,3.6109179126442243,0.0,5.0,-0.3242434859275818,-0.554328203201294,-0.23008471727371216,0,0.23639417794543616
A2FNS49A28Z0IS,fit,0cd8406c5da98d86f65306cb3938402ffba53807a742577aa51946e95a8d373b,2.0,22.0,11.0,20.0,1.0,0.5,22.0,11.0,22.0,11.0,0.8942967409948542,0.8113207547169812,172.0,58.0,2.34106561356211,2.197224577336219,0.0,5.0,-1.2691019773483276,-1.4175350666046143,-0.14843308925628662,0,0.10251558151022847
ASOWPC6NCNA9N,fit,0ce10827a651df9eca1f07e19becf0f71b0e568e9b8838d3cf8bbaefa9aaa600,2.0,20.0,10.0,14.0,1.0,0.5,20.0,10.0,20.0,10.0,0.8966842336407554,0.8585858585858586,171.0,58.0,3.713274536198652,2.995732273553991,0.0,5.0,-0.35488030314445496,-0.42677226662635803,-0.07189196348190308,0,0.18721053664179196
A3OUN7W917RXX6,fit,0ce7c0b9ff96b5372d2ce370a52021ef920783066bf5baa4bc32a6bfeb18c024,2.0,0.0,0.0,0.0,0.0,0.0,0.0,0.0,0.0,0.0,1.0,1.0,138.0,58.0,3.6694440669194397,3.295836866004329,0.0,5.0,-1.6556823253631592,-1.683988332748413,-0.028306007385253906,0,0.25347734849575965
A2CEOFKK3BEKHU,fit,0ce9a4252b560efec91911197e177907422c4d46318b41fefd820bed808d3518,3.0,68.0,22.666666666666668,34.0,0.6666666666666666,0.6666666666666666,60.0,20.0,374.0,124.66666666666667,0.5419486402107808,0.30141843971631205,244.0,89.0,1.7215953246411713,1.6094379124341003,1.0,5.0,-0.8457191586494446,-1.3410123586654663,-0.49529320001602173,0,0.1472924491510283
A2Z548GT5948WH,fit,0cefa05fa28747af7fcf09167a03423599fc36d8c583830d4775ed847c989d0c,5.0,133.0,26.6,34.0,0.8,0.8,117.0,23.4,393.0,78.6,0.5950400650358492,0.3269961977186312,395.0,147.0,2.4968241924027335,1.9459101490553132,0.4,5.0,-0.26219335198402405,-0.6172783374786377,-0.35508498549461365,0,0.12329996371828618
A2C6PJK1LWKEIE,fit,0cf4ddf27a47d8614052c9bffef1bc1c51641c87d9f252400729ee91e17c8a8b,3.0,100.0,33.333333333333336,34.0,1.0,1.0,88.0,29.333333333333332,322.0,107.33333333333333,0.4576775053424899,0.36909871244635195,257.0,88.0,3.1013376159462727,2.833213344056216,0.0,5.0,-0.5723772048950195,-0.6929476857185364,-0.12057048082351685,0,0.11876014408876581
A1RR36YKJB917S,fit,0cffb98a161751e22e21460f378f8aa36494c4d686449f18d7d732eb20a24444,14.0,223.0,15.928571428571429,34.0,0.5714285714285714,0.5,199.0,14.214285714285714,722.0,51.57142857142857,0.7465413530444022,0.3269961977186312,1009.0,409.0,3.489499774986737,2.70805020110221,0.0,5.0,-1.056384801864624,-1.0008935928344727,0.05549120903015137,1,0.1305416952656775
A36X8JDWXGQHQ0,fit,0d08f1bc25c62f96932da34ea16e4812ac4742a826e2e5d6b9e8d8dfb44149d3,3.0,99.0,33.0,33.0,1.0,1.0,87.0,29.0,475.0,158.33333333333334,0.35164643856889916,0.3333333333333333,257.0,87.0,2.7688240533668615,1.791759469228055,0.3333333333333333,5.0,-0.6333300471305847,-1.0167739391326904,-0.3834438920021057,0,0.1385936625548937
A11YV8Y3CIA8L7,fit,0d0f0334897d0749c1cb36d7ed5f32777fdbc18cc247bd96f0e567dbc18324cd,5.0,168.0,33.6,34.0,1.0,1.0,148.0,29.6,389.0,77.8,0.5318400296755138,0.41346153846153844,426.0,148.0,2.157384891907841,1.3862943611198906,0.6,5.0,-0.17774762213230133,-1.5521119832992554,-1.3743643760681152,0,0.11180621276771896
A3UTIIXWLL904I,fit,0d172d13179e566f3b2b31df65776a048458dc5a77d4722bd40a09d2817beb34,3.0,33.0,11.0,33.0,0.3333333333333333,0.3333333333333333,29.0,9.666666666666666,40.0,13.333333333333334,0.8941798941798943,0.6825396825396826,189.0,87.0,2.9793355254904004,1.9459101490553132,0.3333333333333333,5.0,-1.2411623001098633,-1.2717077732086182,-0.030545473098754883,0,0.22895210685654535
A2PZLRQFNVNHAM,fit,0d1784894aab7f40e9986bebe815f5b8032688657b56c26b329a2d751c740204,3.0,33.0,11.0,33.0,0.3333333333333333,0.3333333333333333,29.0,9.666666666666666,76.0,25.333333333333332,0.8436213991769548,0.5308641975308642,197.0,87.0,2.349751613751945,2.0794415416798357,0.0,5.0,-0.4681282043457031,-0.46059417724609375,0.007534027099609375,0,0.12824440478232169
APOWDZ0UM1MYM,fit,0d17ba20749fddafca9f1b9e831624eaa71c0ec94523806748ba0faa6f4bebe8,2.0,33.0,16.5,33.0,0.5,0.5,29.0,14.5,34.0,17.0,0.8583333333333334,0.7166666666666667,154.0,58.0,2.596478425445105,2.4849066497880004,0.0,5.0,-0.41302594542503357,-0.5596649050712585,-0.14663895964622498,0,0.1397887981915434
AXDTSURVYXH3O,fit,0d1de00c26ac8be398a55ad932a0a7e1627e48127914fcf832ac0ebfef9102da,2.0,66.0,33.0,33.0,1.0,1.0,58.0,29.0,139.0,69.5,0.5751827956989247,0.46236559139784944,172.0,58.0,2.71467281447722,2.4849066497880004,0.0,5.0,-0.5255700349807739,-0.8701062202453613,-0.3445361852645874,0,0.1090740218199685
A3VZ19VIUS87CT,fit,0d1e0402e29cfe7c3d851ba5fc2604754bc73e157c146736e91da5f25d4f2ea1,2.0,34.0,17.0,34.0,0.5,0.5,30.0,15.0,43.0,21.5,0.83203125,0.6640625,159.0,59.0,3.151309487872452,2.6390573296152584,0.0,5.0,-1.56582772731781,-1.5801641941070557,-0.014336466789245605,0,0.18096543292886538
AVXVMD36FPP8F,fit,0d1e2fb288b2d18d84acc04ff83b585098dc1911ba4fbb2b9f7e36aacfad4fae,3.0,49.0,16.333333333333332,33.0,0.6666666666666666,0.6666666666666666,45.0,15.0,50.0,16.666666666666668,0.8532679738562092,0.7166666666666667,223.0,88.0,2.5661609292936487,1.9459101490553132,0.3333333333333333,5.0,-2.1646034717559814,-2.302391529083252,-0.1377880573272705,0,0.15369748704064753
A3D60ZDNS96B4E,fit,0d1f15c244d6de894bb0da2ba036f281b38f538b4a41093f5328d0f18985b024,8.0,144.0,18.0,33.0,0.875,0.875,132.0,16.5,208.0,26.0,0.7985208400356897,0.5548387096774193,671.0,232.0,2.4937363434455317,1.791759469228055,0.5,5.0,-1.768720269203186,-1.9794037342071533,-0.21068346500396729,0,0.10286693508728127
A1FVD7AOS18DW4,fit,0d21fa014689a649d1b184b86027d329a2ae5bbda544eaa444d07352dd73da31,3.0,66.0,22.0,33.0,0.6666666666666666,0.6666666666666666,58.0,19.333333333333332,68.0,22.666666666666668,0.8111442924277149,0.7107438016528925,252.0,87.0,3.1960762374380374,2.0794415416798357,0.0,5.0,-0.9235138893127441,-1.1116082668304443,-0.1880943775177002,0,0.17113705211421126
A15PRS2NOQG4ME,fit,0d268eaef7710aecb9ae5b4e8b7ebbbebffe541a0e6b9fc9d2dc02ac940b5898,2.0,59.0,29.5,33.0,1.0,1.0,55.0,27.5,101.0,50.5,0.6510093167701864,0.5341614906832298,172.0,58.0,3.2322941518449806,1.791759469228055,0.5,5.0,-1.655060052871704,-1.665065050125122,-0.010004997253417969,0,0.2124916812230437
A102BB2V3UFSH2,fit,0d2bd89101a8096baf53308db9ccac63bc30b4530fb372293abf745d89c5ca63,4.0,90.0,22.5,33.0,0.75,0.75,82.0,20.5,148.0,37.0,0.7363270716211893,0.5620915032679739,337.0,116.0,2.5434549966631987,2.0794415416798357,0.0,5.0,-1.1540969610214233,-1.1798958778381348,-0.025798916816711426,0,0.10449540368909287
AFPEJG62IBS5F,fit,0d31a13464852bd793ffe33da96e524dd9a5d42ccd8824772b74a20ef769e21b,3.0,66.0,22.0,33.0,0.6666666666666666,0.6666666666666666,58.0,19.333333333333332,912.0,304.0,0.5468476948904876,0.09277238403451996,252.0,87.0,3.061468996649893,2.0794415416798357,0.0,5.0,-1.7201385498046875,-2.070512294769287,-0.3503737449645996,0,0.10844597533178543
A1BF5030JMHQ7F,fit,0d37522e25f47064bbd80520ef64c4f0818a8957734415e2e0b5316490965a4d,2.0,48.0,24.0,33.0,1.0,1.0,44.0,22.0,160.0,80.0,0.6118897604046118,0.3722943722943723,172.0,58.0,2.6155543084272934,2.3978952727983707,0.0,5.0,-1.266250729560852,-2.6777076721191406,-1.4114569425582886,0,0.09229886390268108
A33Y8C4818EJL0,fit,0d3d405055076fb52328c727d1ee0c3335d9104806811959e3a0068b69827aec,10.0,132.0,13.2,33.0,0.4,0.4,116.0,11.6,657.0,65.7,0.763157563703798,0.19239373601789708,660.0,291.0,3.18751923910423,1.6094379124341003,0.1,5.0,-1.2366969585418701,-1.4180443286895752,-0.18134737014770508,0,0.177547312053406
A1EBGQURP973TL,fit,0d45aa2e72347d1caf64a5fe57a9416785dab71bcc8a7947299b696bcbf49d79,4.0,128.0,32.0,33.0,1.0,1.0,116.0,29.0,217.0,54.25,0.6297132625755116,0.48044692737430167,344.0,116.0,2.416148911063445,1.9459101490553132,0.25,5.0,-1.4728305339813232,-2.0384573936462402,-0.565626859664917,0,0.09880005862288813
A1R0SWASNAZNWZ,fit,0d4ab6817193054ac55080d790cb84c24341d1e58efa4175424d51451df48c45,3.0,67.0,22.333333333333332,34.0,0.6666666666666666,0.6666666666666666,59.0,19.666666666666668,203.0,67.66666666666667,0.673764969662193,0.3441295546558704,227.0,88.0,2.689467652856566,1.9459101490553132,0.3333333333333333,5.0,-1.0522186756134033,-1.090499758720398,-0.03828108310699463,0,0.15246606702175208
AO2PMQ2RA0DNM,fit,0d4f70fdaed27e292095a515e76bcd7a56d15379ab51a5912ed574706ee73d6e,3.0,99.0,33.0,33.0,1.0,1.0,87.0,29.0,309.0,103.0,0.47085484022703755,0.3811659192825112,257.0,87.0,2.2515346998293206,1.791759469228055,0.3333333333333333,5.0,-0.20105087757110596,-1.6994273662567139,-1.498376488685608,0,0.10659687958563015
A1JL84URLR9Q3O,fit,0d516502fb976d08e90a6f330a479024964aff7bd62a9cc29bf9aedca904d480,8.0,120.0,15.0,33.0,0.75,0.5,112.0,14.0,162.0,20.25,0.8399961051457558,0.5771812080536913,616.0,232.0,3.047179338594919,1.6094379124341003,0.125,5.0,-1.1178480386734009,-1.3186101913452148,-0.20076215267181396,0,0.13899504156616563
AAFP0X79NAMNY,fit,0d645466feb6272aaeeab37d80270d213f0a38bfe2949550d6d8bb2e219cfc76,4.0,73.0,18.25,33.0,0.75,0.75,69.0,17.25,99.0,24.75,0.8039723462701225,0.593103448275862,314.0,116.0,3.3280144221319246,1.791759469228055,0.25,5.0,-1.4150018692016602,-1.5603501796722412,-0.14534831047058105,0,0.1889365074816243
A26UDW3CADN9U3,fit,0d66a11533bfb113d93a71b25077a0928b2643dcce684be9f17e811f4e534bbf,8.0,143.0,17.875,33.0,0.75,0.625,131.0,16.375,409.0,51.125,0.7286996780374697,0.38222222222222224,663.0,235.0,2.2798912612420614,1.6094379124341003,0.25,5.0,-0.40286368131637573,-0.37156158685684204,0.03130209445953369,1,0.0959696571441104
A5ILSK8L8KZ9L,fit,0d77d603c142d806e599e90ad19f17ddf7c9f4674c5704e0944eadc30be021f4,2.0,13.0,6.5,13.0,0.5,0.5,13.0,6.5,13.0,6.5,0.9336734693877551,0.8673469387755102,144.0,59.0,3.6471886496444106,3.1354942159291497,0.0,5.0,-1.83794367313385,-2.1216013431549072,-0.28365767002105713,0,0.1972710245028134
A3MG8X4926DEH4,fit,0d79334ef35d7abe81bd98b402968d11c243026d895683fb5f23bfa4346e3fa9,6.0,110.0,18.333333333333332,33.0,0.8333333333333334,0.8333333333333334,102.0,17.0,161.0,26.833333333333332,0.7978893540852403,0.5149700598802395,486.0,174.0,2.5289009074270776,1.791759469228055,0.3333333333333333,5.0,-0.013327728025615215,-0.04361815005540848,-0.030290421098470688,0,0.10774824478416203
ADUM5WIKCUZQ4,fit,0d7c4fc219ee836eab1c4948d8d546e5c9c4c555f3e87cd8039dcb6abad5989e,6.0,123.0,20.5,33.0,0.8333333333333334,0.8333333333333334,115.0,19.166666666666668,174.0,29.0,0.7757579386356365,0.5733333333333334,498.0,175.0,2.6503570314815743,1.3862943611198906,0.3333333333333333,5.0,-0.9569571614265442,-1.208387017250061,-0.25142985582351685,0,0.12256978252528207
A2RQIXCQ4EAU0B,fit,0d7e33bd8f5e41aca5be5139c7428000e632947b70b2742c79c248fb78e08a9c,2.0,66.0,33.0,33.0,1.0,1.0,58.0,29.0,71.0,35.5,0.7079268292682928,0.6991869918699187,172.0,58.0,2.393745871391023,2.3025850929940455,0.0,5.0,-0.846226692199707,-0.958268940448761,-0.11204224824905396,0,0.1010026708371749
A14HFTOZGKCFJQ,fit,0d82235a7062e6a56fb32d3d5f901cf521013378165ffd180a63f17437d9b032,7.0,159.0,22.714285714285715,33.0,0.8571428571428571,0.7142857142857143,143.0,20.428571428571427,448.0,64.0,0.6621350888267468,0.3441295546558704,574.0,203.0,2.6271468029657146,1.9459101490553132,0.2857142857142857,5.0,-1.526708960533142,-1.5543712377548218,-0.027662277221679688,0,0.11045893465687164
A270R1LS9AA048,fit,0d8300c5b6b789472a35d9432ca08c0d43e9ffc4b1f9c69e6021196768edb936,3.0,33.0,11.0,33.0,0.3333333333333333,0.3333333333333333,29.0,9.666666666666666,33.0,11.0,0.907563025210084,0.7226890756302521,226.0,87.0,3.56392102606255,3.2580965380214817,0.0,5.0,-1.3895670175552368,-1.5597254037857056,-0.17015838623046875,0,0.21453664888209867
A3IV701XFS5COA,fit,0d8378c28256f3a2fbc98727909d18b83d303ae21cfca952fa1f3b6c2fd73780,5.0,75.0,15.0,34.0,0.6,0.6,67.0,13.4,212.0,42.4,0.7681120654868276,0.40669856459330145,398.0,145.0,3.705523207000057,2.0794415416798357,0.0,5.0,-1.295799970626831,-1.444640874862671,-0.14884090423583984,0,0.19342252766362053
A3RMEU4GNP60BM,fit,0d881c6ca08c2ff7942906883b95da82eb8402f08cb2bdc1b0a52e2b21345dc3,4.0,52.0,13.0,32.0,0.5,0.5,48.0,12.0,93.0,23.25,0.8383184523809524,0.54375,308.0,115.0,2.1480751659757606,1.9459101490553132,0.5,5.0,-0.9479562640190125,-0.9785760045051575,-0.03061974048614502,0,0.13829706867179067
A2GQVYE3YF5YQV,fit,0d9690cef0307daf29531f41164a4dde06beb5a3a2ee5033f4530ea3ce092f17,2.0,37.0,18.5,33.0,1.0,0.5,33.0,16.5,844.0,422.0,0.5237237237237238,0.0918918918918919,171.0,58.0,3.506507894819815,2.3978952727983707,0.0,5.0,-1.136116623878479,-1.2059531211853027,-0.06983649730682373,0,0.09177124324385241
AL0X8Q2SH2WFU,fit,0d9e03f9cfd7e355e21cab6fda49ba81e444f5eec27b462c9f5bf79d3f311996,3.0,58.0,19.333333333333332,33.0,0.6666666666666666,0.6666666666666666,54.0,18.0,88.0,29.333333333333332,0.7839853276094887,0.5771812080536913,232.0,87.0,2.9642953803969103,1.9459101490553132,0.3333333333333333,5.0,-0.8795874714851379,-1.1089191436767578,-0.22933167219161987,0,0.18379884295663107
A3FRPEUKURM327,fit,0da1f764c46e9e5921ffb25b97c4e3b4207474014399befa59392ed79de00d53,4.0,39.0,9.75,34.0,0.5,0.25,35.0,8.75,131.0,32.75,0.83697463673767,0.4028436018957346,289.0,117.0,2.1018445813522577,1.3862943611198906,0.5,5.0,-1.1630642414093018,-1.2055132389068604,-0.042448997497558594,0,0.15602670870082747
A1WR3SVI3YRADM,fit,0da29f62c80fbf283412454ec5fa22dc738f0944454507016342b53717c9bf64,7.0,213.0,30.428571428571427,33.0,1.0,1.0,191.0,27.285714285714285,559.0,79.85714285714286,0.586374286772483,0.2823920265780731,601.0,203.0,2.2918289967604055,1.6094379124341003,0.5714285714285714,5.0,-0.7578288912773132,-0.6006115078926086,0.1572173833847046,1,0.09384570679088661
A55DTIQUD24DK,fit,0da305c73bba367214fe70667fa422f144e2c5c46ad9f0bbd5badbe1f5b27717,2.0,66.0,33.0,33.0,1.0,1.0,58.0,29.0,1682.0,841.0,0.09277238403451996,0.09277238403451996,172.0,58.0,2.6020033435383976,2.5649493574615367,0.0,5.0,-0.8457725644111633,-0.8367072939872742,0.00906527042388916,0,0.025767257495666822
AHFTNZW2GFHVX,fit,0da610b8821e47c1453bccfa1b8f21be2a76fb3f5cb924e1d726ff7eb4c64198,3.0,78.0,26.0,33.0,1.0,1.0,70.0,23.333333333333332,165.0,55.0,0.645367584997944,0.524390243902439,258.0,87.0,2.224853797271475,1.791759469228055,0.3333333333333333,5.0,-1.218150019645691,-1.2380298376083374,-0.019879817962646484,0,0.1040542370004971
AGGAR5GNA865S,fit,0daa9bc5b4472efc580b8eedd7747425f4c24fc5c78789350d3f088688b8ba42,7.0,231.0,33.0,33.0,1.0,1.0,203.0,29.0,709.0,101.28571428571429,0.4849692334223289,0.34959349593495936,602.0,203.0,2.249153009812068,1.6094379124341003,0.5714285714285714,5.0,-0.3965521454811096,-1.017148733139038,-0.6205965876579285,0,0.1011852617232634
ABCIAH6BLLATX,fit,0dade480dc3c3337218428fb00acb668063b7ff6ae4f7eb114e60d73d064c3c2,4.0,98.0,24.5,34.0,1.0,1.0,90.0,22.5,916.0,229.0,0.6126454595563883,0.09277238403451996,342.0,117.0,3.1523638968585033,2.6390573296152584,0.0,5.0,-1.514628291130066,-1.7762136459350586,-0.2615853548049927,0,0.09343836277576907
A3CO1P0AI9AEWR,fit,0db1a75bf546c3bd4b748a63564e4286ca981a22815a275d7ea9d22c21d28d37,2.0,33.0,16.5,33.0,0.5,0.5,29.0,14.5,55.0,27.5,0.8035714285714286,0.6071428571428571,169.0,58.0,2.967447097809794,2.6390573296152584,0.0,5.0,-0.784731388092041,-0.8353344202041626,-0.05060303211212158,0,0.16089207323590746
A1343E56RWHPSY,fit,0db2b5eb2a380aabb712315bf67ff7e6e28910fd928b982c621482026d2032e2,8.0,129.0,16.125,33.0,0.625,0.625,117.0,14.625,192.0,24.0,0.8220292593859053,0.5477707006369427,665.0,232.0,2.7529922884570706,0.6931471805599453,0.125,5.0,-2.4978694915771484,-2.3901286125183105,0.10774087905883789,1,0.12703931928090353
A1UIKN7YTD4UF3,fit,0dbf2dc2dbf290848298ee67f858b7d2978aa0b647ed063e7d2575ef4cbce66a,3.0,76.0,25.333333333333332,33.0,1.0,1.0,72.0,24.0,76.0,25.333333333333332,0.7717195073572203,0.7226890756302521,254.0,90.0,2.6704517030537622,1.6094379124341003,0.3333333333333333,5.0,-1.576235055923462,-1.7874248027801514,-0.21118974685668945,0,0.13936537924994358
A2P8YANRF6R0YM,fit,0dc22eb67e959521ff2124577f87ac76611096023c8b23db2bf45179257aa169,8.0,81.0,10.125,34.0,0.375,0.375,73.0,9.125,101.0,12.625,0.8986338448422848,0.6231884057971014,604.0,234.0,3.2347191405224884,1.9459101490553132,0.125,5.0,-0.4812234044075012,-0.5162373781204224,-0.03501397371292114,0,0.17912641673864108
A2ECYNLB83Y62O,fit,0dc5887e8602147998901301e41d299838d81c63dc85abfe6ae02c4ce884ea39,6.0,140.0,23.333333333333332,35.0,0.8333333333333334,0.8333333333333334,128.0,21.333333333333332,424.0,70.66666666666667,0.6563599714114646,0.3017543859649123,509.0,178.0,2.7702891994336354,1.791759469228055,0.3333333333333333,5.0,-0.13228635489940643,-0.4812327027320862,-0.34894633293151855,0,0.12421569621677916
A2QCE7L6GRE3MT,fit,0dc5a13548b6ccf6da1af95511c0dc1a04029a56fa8cdf8c3f3253c4bb6077e7,20.0,492.0,24.6,33.0,0.9,0.9,444.0,22.2,2035.0,101.75,0.583692548735835,0.2052505966587112,1697.0,581.0,2.8112105291553737,1.0986122886681096,0.2,5.0,-0.5499477386474609,-1.0653271675109863,-0.5153794288635254,0,0.08285562631786972
A2IOQZR1KNFNJK,fit,0dc7ca8c9879338265324f19c414a7295a140aeebbd95e86db92d6cc1087718a,5.0,69.0,13.8,34.0,0.6,0.4,61.0,12.2,520.0,104.0,0.7160592983297371,0.17525773195876287,368.0,148.0,3.2969207382311483,2.772588722239781,0.0,5.0,-1.73927903175354,-1.7194817066192627,0.019797325134277344,0,0.15607884864586552
AAOPX9PTTOP3G,fit,0dc80d80908054aec4878b75a03cad0200ce4c75edb64a8494ae8216ab533477,2.0,66.0,33.0,33.0,1.0,1.0,58.0,29.0,225.0,112.5,0.44538477712363334,0.36637931034482757,171.0,58.0,2.6663593966326844,2.197224577336219,0.0,5.0,-1.7815748453140259,-1.929377794265747,-0.1478029489517212,0,0.10570989646418565
A3EXUTKZCHD4ZR,fit,0dcaa6456d35f15eb5e753f24845f49066babe5d1fc453ad1c2e69f87ebf4594,6.0,116.0,19.333333333333332,33.0,0.6666666666666666,0.6666666666666666,104.0,17.333333333333332,747.0,124.5,0.677234143459518,0.13458528951486698,482.0,174.0,2.885269673234902,1.791759469228055,0.3333333333333333,5.0,-1.6442970037460327,-2.0550451278686523,-0.41074812412261963,0,0.15024197439646791
A1R6DKN9YQ2YU1,fit,0dce5461dfbadd2148a97bf70e1fe79d83265304647c874a5a04add803602f18,20.0,356.0,17.8,33.0,0.65,0.6,323.0,16.15,1272.0,63.6,0.7468428524549234,0.14904679376083188,1456.0,582.0,3.144376124876966,1.6094379124341003,0.15,5.0,-0.9780677556991577,-1.0172806978225708,-0.039212942123413086,0,0.10150801295856052
A14CH8L7LPBN8A,fit,0dd8ed164b9808b72797c6db82f9bf3fd901be485a0c96c9cec0a647c8fa6d8a,5.0,100.0,20.0,33.0,0.8,0.6,88.0,17.6,507.0,101.4,0.6072856901676538,0.27129337539432175,392.0,145.0,2.509523541574421,1.0986122886681096,0.2,5.0,-0.9108964800834656,-1.0042595863342285,-0.09336310625076294,0,0.13188869406362916
A22FW6KBK0SMKD,fit,0ddbaf48293d14001e58baa4fd94741b6716f34d82c26b6edb52098cf9de926d,8.0,194.0,24.25,33.0,0.75,0.75,174.0,21.75,623.0,77.875,0.6504523084905804,0.23822714681440443,646.0,232.0,3.5504705089578223,2.197224577336219,0.0,5.0,-1.8147624731063843,-1.9653400182724,-0.15057754516601562,0,0.13731921479365444
A302JEPH6HRPPL,fit,0df11983e5a473bf9f2c8e6323f6e808803feab99662acd35afe709952e2d172,2.0,21.0,10.5,21.0,0.5,0.5,21.0,10.5,21.0,10.5,0.9018691588785046,0.8037383177570093,165.0,57.0,3.255129170261575,3.044522437723423,0.0,5.0,-1.0444247722625732,-1.291623830795288,-0.24719905853271484,0,0.17070021364632518
A1J9T48L93OAKW,fit,0df33260c269285785b73d464c39a08cb3a0d5cb3717cc95ac0469b423558476,5.0,117.0,23.4,33.0,0.8,0.8,105.0,21.0,340.0,68.0,0.633615692095175,0.4187192118226601,404.0,145.0,3.0374600465762565,1.9459101490553132,0.2,5.0,-0.7681751847267151,-0.6809330582618713,0.08724212646484375,1,0.14493856144268594
AG1ZDUF0N9UWQ,fit,0df6868911eab99cef9aa997d444301cd8c6b6807bc551285cada36e69f6be08,3.0,96.0,32.0,34.0,1.0,1.0,88.0,29.333333333333332,151.0,50.333333333333336,0.6396651853555557,0.5443037974683544,256.0,88.0,2.219764639894546,1.6094379124341003,0.3333333333333333,5.0,-0.9313215017318726,-2.2359020709991455,-1.304580569267273,0,0.109917668128534
A3F9V6IX31DKMR,fit,0df75fceb2aac9f898b5da7c29c570543ed2fbdf500d212792cb4f6c3efcf96a,3.0,68.0,22.666666666666668,35.0,0.6666666666666666,0.6666666666666666,60.0,20.0,198.0,66.0,0.6727103672710367,0.3514644351464435,234.0,89.0,2.8170177963038974,1.791759469228055,0.3333333333333333,5.0,-1.3338558673858643,-1.1361621618270874,0.19769370555877686,1,0.16693225657272978
A39Y4ADI4F9I5U,fit,0dfc93bece90c542363716fffaf79b6840f9569fb52881b11295b77ed95dcf23,2.0,33.0,16.5,33.0,0.5,0.5,29.0,14.5,62.0,31.0,0.7905405405405406,0.581081081081081,135.0,58.0,3.6525941076965185,3.1780538303479453,0.0,5.0,-1.3070405721664429,-1.3567430973052979,-0.04970252513885498,0,0.21296810291812818
A2WA94ESPYZF0J,fit,0dfdb8424882e2352e3e15d970efeaeeeb88121fa59a863dcee91a97bdf67aa3,5.0,165.0,33.0,33.0,1.0,1.0,145.0,29.0,767.0,153.4,0.3605661536695628,0.3359375,430.0,145.0,2.0151517546953164,1.6094379124341003,0.4,5.0,-0.5370343327522278,-0.7487770915031433,-0.21174275875091553,0,0.09592015782268185
A3SKG857D2PO4K,fit,0dffcb781f2908862d6436fe319a15a0150a22c3953609f75c89435d3458a1db,3.0,50.0,16.666666666666668,32.0,0.6666666666666666,0.6666666666666666,47.0,15.666666666666666,50.0,16.666666666666668,0.8505794816474429,0.7264957264957265,242.0,88.0,2.2348047849880355,1.791759469228055,0.3333333333333333,5.0,-1.7484686374664307,-1.8124080896377563,-0.06393945217132568,0,0.13103754777399512
A10STX704CY2IH,fit,0e029ffe5af80dd727f545bb4f819b462a71c8c034160e6d3ed7ef7a94c6fd74,7.0,151.0,21.571428571428573,33.0,0.7142857142857143,0.7142857142857143,135.0,19.285714285714285,321.0,45.857142857142854,0.7126291687400872,0.42574257425742573,549.0,204.0,3.7175279897409497,2.3978952727983707,0.0,5.0,-1.3240909576416016,-1.7978498935699463,-0.4737589359283447,0,0.15815705725945986
A14B4MJ7KZE63B,fit,0e08684f6ff174c056eef2e917c2667754a7151a70472671212ed5b02b038a62,9.0,220.0,24.444444444444443,33.0,0.7777777777777778,0.7777777777777778,196.0,21.77777777777778,966.0,107.33333333333333,0.6113018498595422,0.1447811447811448,738.0,261.0,2.8431370172373094,1.6094379124341003,0.2222222222222222,5.0,-1.5792945623397827,-1.4514844417572021,0.12781012058258057,1,0.11905516021883818
AFN32PGTZ31MV,fit,0e0a058874d173d871dbf0a471474e5d1f01379094dd8bbc424e84831dfac1a9,6.0,150.0,25.0,33.0,0.8333333333333334,0.8333333333333334,134.0,22.333333333333332,356.0,59.333333333333336,0.6564360620873029,0.4075829383886256,477.0,175.0,3.089032044947649,2.3978952727983707,0.0,5.0,-0.8768847584724426,-0.9880400896072388,-0.11115533113479614,0,0.11142663253564529
A17TNK9SYQXZFN,fit,0e0e31bd41d3a21e989459eb860810556d19c22108df198e7cbd81b7ac9cde97,2.0,66.0,33.0,33.0,1.0,1.0,58.0,29.0,132.0,66.0,0.5673751095530236,0.5276073619631901,171.0,58.0,4.329346376844969,3.8066624897703196,0.0,5.0,-1.3438024520874023,-1.1538900136947632,0.18991243839263916,1,0.22025254634010538
A2A2JYDOR6GJ3E,fit,0e130c8915a25713e34cb350af64663e1202ecb46f13a9320ca44b6a4919e095,2.0,0.0,0.0,0.0,0.0,0.0,0.0,0.0,0.0,0.0,1.0,1.0,141.0,58.0,3.4334666422309406,2.0794415416798357,0.0,5.0,-1.4441070556640625,-1.374298334121704,0.0698087215423584,1,0.25759211367631313
A3NRUW4TP0OJIE,fit,0e14e99167a7da234166045199d76c170e5fbd3b8ebf2bd5c289d32f8d11ffaa,8.0,104.0,13.0,34.0,0.5,0.5,96.0,12.0,171.0,21.375,0.8478559710767739,0.5119047619047619,549.0,234.0,3.298571201386231,1.6094379124341003,0.5,5.0,-0.4846650958061218,-0.7594484686851501,-0.2747833728790283,0,0.21900035737624926
A2PM3BVT9TWZM2,fit,0e18d42f41a85cdb3cdaf11496182ab1792c43bce5900157f79d739f6fe83a16,6.0,121.0,20.166666666666668,33.0,0.6666666666666666,0.6666666666666666,109.0,18.166666666666668,642.0,107.0,0.6784813653629987,0.1574074074074074,465.0,174.0,4.232621918906176,3.0910424533583156,0.0,5.0,-1.2409684658050537,-1.5376884937286377,-0.296720027923584,0,0.2039722309471439
A2G82XZYUY0986,fit,0e2026a0c18f3b57d644a5edd7736c81a6050e05113810f4e765df01d643738f,3.0,102.0,34.0,35.0,1.0,1.0,90.0,30.0,661.0,220.33333333333334,0.28333344294856194,0.2413793103448276,253.0,90.0,2.9796417573294245,1.9459101490553132,0.3333333333333333,5.0,-0.5674116611480713,-0.850786566734314,-0.2833749055862427,0,0.14451380005392994
A2H74LPCO42BAJ,fit,0e2e8cad46235c6d009fa8e73d21b144a650ea40a02a60187524e5cbeb6b78e5,2.0,33.0,16.5,33.0,0.5,0.5,29.0,14.5,41.0,20.5,0.8385826771653544,0.6771653543307087,152.0,58.0,2.1242476210246792,1.9459101490553132,0.5,5.0,-1.5733903646469116,-1.547365665435791,0.026024699211120605,1,0.1601662998397152
A9XCW04U6X4NP,fit,0e3115f6ca6b2ac2a5797fedecb66f96defbc1892d3c1645e5f31fda13f84416,7.0,168.0,24.0,33.0,1.0,0.8571428571428571,156.0,22.285714285714285,303.0,43.285714285714285,0.7114462601966961,0.4215686274509804,602.0,203.0,3.1897767687659067,2.6390573296152584,0.0,5.0,-0.31285610795021057,-1.0192592144012451,-0.7064031362533569,0,0.09531425144641813
A26UIADA3AI330,fit,0e343356ea633fcb8d8597a9c7aa90ee5d8f3991137fb562e10c859deaaa992b,7.0,143.0,20.428571428571427,34.0,0.8571428571428571,0.7142857142857143,135.0,19.285714285714285,191.0,27.285714285714285,0.785549013965163,0.5584415584415584,581.0,204.0,2.3144530418706144,1.6094379124341003,0.42857142857142855,5.0,-0.5479267239570618,-0.8896158337593079,-0.3416891098022461,0,0.10345985992196183
A38QHZEEYZKT27,fit,0e3a0f33e2b9e01fb91a9a4ff6ab55a12de974f87225d9e3be19995c2b64fd95,7.0,155.0,22.142857142857142,33.0,0.8571428571428571,0.7142857142857143,139.0,19.857142857142858,450.0,64.28571428571429,0.6696666804027466,0.34959349593495936,570.0,203.0,2.6439558744202136,1.791759469228055,0.42857142857142855,5.0,-1.1082065105438232,-1.218584418296814,-0.11037790775299072,0,0.12577115105437356
AUEW0SKOB1XYF,fit,0e3b253a30c6e2610e48ed529fb5feaca4ddcec01ef9e771817b9230e30916df,8.0,181.0,22.625,34.0,0.75,0.75,161.0,20.125,389.0,48.625,0.7036069832944832,0.40865384615384615,627.0,235.0,3.462890479033933,2.772588722239781,0.0,5.0,-0.6606243848800659,-1.6945699453353882,-1.0339455604553223,0,0.12224829901036145
AQ3K8EDX90RVZ,fit,0e4a1b301f01d8440544214eb1e9c825b3dd48f1d73ab2bd6f3359b8870659d2,2.0,67.0,33.5,34.0,1.0,1.0,59.0,29.5,272.0,136.0,0.3873056464811784,0.3659574468085106,171.0,59.0,2.178354413344796,1.791759469228055,0.5,5.0,-1.0733917951583862,-1.476365327835083,-0.4029735326766968,0,0.1196891916025574
A3IZNGVJM7SE9Z,fit,0e4cff6a37e8c0f745bbe379b4130900bfdf5c296ef1f552abd536081083009f,6.0,137.0,22.833333333333332,33.0,0.8333333333333334,0.6666666666666666,121.0,20.166666666666668,200.0,33.333333333333336,0.749969437651057,0.6187050359712231,505.0,174.0,2.0985558410534697,1.6094379124341003,0.5,5.0,-1.5902626514434814,-1.7173868417739868,-0.12712419033050537,0,0.10996354113520088
A2HD9RUV2OQXN1,fit,0e5294e067fb4570c1df3e1e2bcd8264c92b03004640a22afd57b6e6e528c8bc,2.0,52.0,26.0,33.0,1.0,1.0,48.0,24.0,115.0,57.5,0.6457875457875457,0.4725274725274725,172.0,58.0,2.6020033435383976,2.5649493574615367,0.0,5.0,-1.3371963500976562,-1.3334563970565796,0.00373995304107666,0,0.09644118192674989
A12HE61UWPEV19,fit,0e65a5295047e5d362e56bbe32704de93164da0bce286ef8e9f2e41c72ea1375,2.0,57.0,28.5,33.0,1.0,1.0,53.0,26.5,62.0,31.0,0.7376832844574781,0.6935483870967742,172.0,58.0,3.7410594617760573,3.6109179126442243,0.0,5.0,-1.2331280708312988,-1.5517504215240479,-0.318622350692749,0,0.16969285634714798
A1KNM9LA9NKOWR,fit,0e65ce7b67729f0bccfa100550c8a7a527ab312211465fd4f0431f8269572a27,6.0,168.0,28.0,35.0,0.8333333333333334,0.8333333333333334,148.0,24.666666666666668,707.0,117.83333333333333,0.4906431956262431,0.3049645390070922,506.0,177.0,2.074050305710404,1.0986122886681096,0.5,5.0,-0.12209586799144745,-0.8197847604751587,-0.69768887758255,0,0.11687432225135165
A2SD01IQGOX97S,fit,0e6a7bbd3aac722dd25bed4fa724cee571f4d91b7cf21b33a39f4524b5290e58,2.0,67.0,33.5,34.0,1.0,1.0,59.0,29.5,74.0,37.0,0.6979874716779955,0.6910569105691057,171.0,59.0,2.756714373082491,2.0794415416798357,0.0,5.0,-1.5201683044433594,-1.698999047279358,-0.17883074283599854,0,0.12707625694575247
A200FU07IQGUD9,fit,0e77c9b0a0a16fb828344985f625b18a7aa38ab6bacce529f30dc2b1c57898a8,3.0,32.0,10.666666666666666,32.0,0.3333333333333333,0.3333333333333333,28.0,9.333333333333334,69.0,23.0,0.8525641025641025,0.5576923076923077,237.0,86.0,2.327620917156314,1.9459101490553132,0.3333333333333333,5.0,-0.3497479259967804,-0.34559696912765503,0.004150956869125366,0,0.15828933186783448
A29Z359C0UM3PG,fit,0e84dd6bcff1b2e265bc6cd8352d8db754bc364748989a33f3a8c5e418251bfe,2.0,37.0,18.5,33.0,1.0,0.5,33.0,16.5,404.0,202.0,0.5662551440329219,0.17695473251028807,172.0,58.0,2.297559925067295,2.197224577336219,0.0,5.0,-1.5737414360046387,-1.7774677276611328,-0.20372629165649414,0,0.07390745655442058
A2A85Q3LH9QVBJ,fit,0e885ea426dba60cac91fed6341495fba1329a8924ce5900342221b0d46a7062,5.0,121.0,24.2,33.0,0.8,0.8,109.0,21.8,326.0,65.2,0.6597034409346351,0.3481781376518219,383.0,145.0,3.7062694635107336,2.8903717578961645,0.0,5.0,-0.49631112813949585,-0.7682527303695679,-0.271941602230072,0,0.15510883216373442
A1CMD08Z49PGKQ,fit,0e8e3376a2a3c1d04c1b99c8863aaac374117aa26a0ce0569af71d8f4b9cd574,20.0,533.0,26.65,33.0,0.85,0.85,474.0,23.7,2851.0,142.55,0.5460831644961178,0.09287257019438445,1651.0,579.0,2.3104267990209535,1.3862943611198906,0.25,5.0,-0.47786909341812134,-3.384150743484497,-2.9062817096710205,0,0.09314789671557111
A38411TEV4YO99,fit,0e90160423e52c08328525d8e28592d338928e8ab5155f7802d2bec6e7464366,7.0,171.0,24.428571428571427,34.0,0.8571428571428571,0.7142857142857143,151.0,21.571428571428573,323.0,46.142857142857146,0.6926634675388754,0.49710982658959535,594.0,204.0,3.289737016005346,2.0794415416798357,0.0,5.0,-0.4571925103664398,-0.43790778517723083,0.019284725189208984,0,0.1265609318932076
A3GBQFV3SMMS0Q,fit,0e97bf282de9a600929bc7962b1ced29be7c6fb6eee85f7aae2380b06f0dfd53,2.0,66.0,33.0,33.0,1.0,1.0,58.0,29.0,197.0,98.5,0.4676392572944297,0.441025641025641,172.0,58.0,2.8535551323744377,1.9459101490553132,0.5,5.0,-1.993902564048767,-2.2590749263763428,-0.2651723623275757,0,0.17360543900413133
A1QL2MCLLMCE0W,fit,0e9c4714c09d4837f500573f250478feb0a1761be202ed201ae2084d2083c74e,3.0,68.0,22.666666666666668,33.0,1.0,0.6666666666666666,63.0,21.0,103.0,34.333333333333336,0.7473299369851093,0.5555555555555556,257.0,87.0,2.923841761395488,2.5649493574615367,0.0,5.0,-0.6461853981018066,-0.8566681146621704,-0.21048271656036377,0,0.1245858156226384
A2WAKIWHTHSZDR,fit,0e9e7b41f949377e5e2324f9f10f82ff4344e90b76f50f1cbcd570452d1d9b7b,2.0,66.0,33.0,33.0,1.0,1.0,58.0,29.0,183.0,91.5,0.5271791683934245,0.37719298245614036,172.0,58.0,1.5890269151739727,1.3862943611198906,1.0,5.0,-0.9785314798355103,-1.2636524438858032,-0.28512096405029297,0,0.12821836875564246
A1ZNGFZGG84K50,fit,0ea91237ac953cbfcbe8234ae57050ae19bf4d9600422a6854a29bc3d0bf36a9,3.0,52.0,17.333333333333332,33.0,1.0,0.6666666666666666,48.0,16.0,94.0,31.333333333333332,0.778393777757581,0.5341614906832298,257.0,87.0,3.0968764010683287,2.4849066497880004,0.0,5.0,-0.476706326007843,-1.8658441305160522,-1.3891377449035645,0,0.13318909421794894
A1F1HEIAW7X3H,fit,0eb9aca889b74f64b197be7db4f411d842886d5a0f4b861888cd241e56612124,5.0,99.0,19.8,33.0,0.6,0.6,87.0,17.4,268.0,53.6,0.6983829895594601,0.4215686274509804,365.0,145.0,3.21953286921716,1.9459101490553132,0.2,5.0,-1.5316345691680908,-1.802300214767456,-0.27066564559936523,0,0.18106626170980708
A21ILC74IUXA8Y,fit,0ebe46ef366ba4f5bdc829a737f64cfab3a036cd86799ae4701c5cb256b56fe5,5.0,90.0,18.0,34.0,0.8,0.6,82.0,16.4,319.0,63.8,0.7424624030011582,0.2492753623188406,386.0,147.0,2.5109934804299887,1.3862943611198906,0.4,5.0,-0.7412932515144348,-1.3125669956207275,-0.5712737441062927,0,0.13427646299837648
A2AR2ZJ1QHHK01,fit,0ebeeeff89f1977e9100c0312ca51699b4f3d958251fab0eaf6cfa278958d6a7,2.0,52.0,26.0,28.0,1.0,1.0,52.0,26.0,52.0,26.0,0.7660818713450293,0.7543859649122807,170.0,59.0,2.6208735075298213,2.197224577336219,0.0,5.0,-1.660559058189392,-1.6548516750335693,0.005707383155822754,0,0.10955349392229549
A1B29BL4GE4U87,fit,0ebf6f6e307e5ca03962081c0e5961e7720cfb8010a028a31cd010ab8cea288a,7.0,203.0,29.0,35.0,0.8571428571428571,0.8571428571428571,179.0,25.571428571428573,398.0,56.857142857142854,0.6456967239503023,0.36796536796536794,557.0,208.0,2.715409375402942,1.3862943611198906,0.2857142857142857,5.0,-1.0802001953125,-1.162843942642212,-0.08264374732971191,0,0.11137576349322079
A24Y31NWP4BPEQ,fit,0ebfacf017ca22b22a67d775d207407d77082a18b1733b66c565901345a70aad,7.0,132.0,18.857142857142858,33.0,0.5714285714285714,0.5714285714285714,116.0,16.571428571428573,236.0,33.714285714285715,0.7679821103616155,0.5512820512820513,567.0,203.0,2.8060534299100226,1.3862943611198906,0.14285714285714285,5.0,-1.7102657556533813,-1.9289629459381104,-0.218697190284729,0,0.13750246715690959
A1WSM2KPKNHC44,fit,0ec49a509db1f87173a549fe3e7c417e402f2ee2638e3196f43fce19c9111338,4.0,33.0,8.25,33.0,0.25,0.25,29.0,7.25,158.0,39.5,0.8381147540983607,0.3524590163934426,289.0,116.0,3.460271183270925,3.0910424533583156,0.0,5.0,-1.4540704488754272,-1.5227856636047363,-0.06871521472930908,0,0.1926087119865517
AUHK0NH341JEB,fit,0ec57b220234bae82f18effb1e91660603579b07519163c4fe87ce3305c35ed7,9.0,150.0,16.666666666666668,33.0,0.5555555555555556,0.5555555555555556,134.0,14.88888888888889,677.0,75.22222222222223,0.716545759978506,0.20623501199040767,659.0,261.0,2.652744043574879,1.791759469228055,0.2222222222222222,5.0,-0.9952946901321411,-1.124651551246643,-0.12935686111450195,0,0.12649180698715387
A2JYBSC22OH9E0,fit,0eee36bae0085782ddead86aafe1d53ebfd4129354c193bfc90fa3685486a0fa,2.0,33.0,16.5,33.0,0.5,0.5,29.0,14.5,59.0,29.5,0.796551724137931,0.593103448275862,136.0,58.0,3.558197072046732,3.0910424533583156,0.0,5.0,-0.7494438886642456,-1.3311117887496948,-0.5816679000854492,0,0.2061141106754907
AAC7F4XR6Z18B,fit,0eef25c6bc13d05046ca96adfdd423c9f458e172e3d074ef3a69af6003292262,2.0,5.0,2.5,5.0,0.5,0.0,5.0,2.5,5.0,2.5,0.9725274725274725,0.945054945054945,168.0,58.0,2.596478425445105,2.3025850929940455,0.0,5.0,-1.8104597330093384,-1.9492356777191162,-0.13877594470977783,0,0.1511690036391181
A1WAV1NWCPNI04,fit,0ef23bf24fec718f68de714823fe7c196278c8c46a43612a757ef428abdc654e,5.0,99.0,19.8,33.0,0.6,0.6,87.0,17.4,757.0,151.4,0.6181242246238438,0.13458528951486698,364.0,145.0,3.541102739166952,1.791759469228055,0.2,5.0,-1.0087964534759521,-1.3477811813354492,-0.33898472785949707,0,0.20920222153604207
A1Z2XMEI8JWEOS,fit,0efcd52d55a93c65b60bd00c0b783305e5a9c006fa088f7f0588c5c7e9bde89d,2.0,33.0,16.5,33.0,0.5,0.5,29.0,14.5,101.0,50.5,0.7299465240641712,0.45989304812834225,167.0,59.0,2.359249435647547,1.9459101490553132,0.5,5.0,-0.1554461568593979,-0.44360312819480896,-0.28815698623657227,0,0.16755169870100106
A227V4CHFJ29OE,fit,0f02283dc23b4a1858cc9caa4e8132aa9f82a67e9ed7e931e968b09c23768a87,4.0,100.0,25.0,34.0,0.75,0.75,88.0,22.0,279.0,69.75,0.6249660634621637,0.3881278538812785,320.0,117.0,2.833975462317393,1.9459101490553132,0.25,5.0,-1.3914700746536255,-1.6487412452697754,-0.2572711706161499,0,0.14587458994508004
A1XAI08G1SA66C,fit,0f034345aad6cc85734c1e8bbdb0bc71b38bd4ffef8ea464546b1a548b91e330,3.0,77.0,25.666666666666668,33.0,1.0,1.0,69.0,23.0,233.0,77.66666666666667,0.5956568397899815,0.3706896551724138,257.0,88.0,3.3443997196859283,3.0910424533583156,0.0,5.0,-1.5921509265899658,-1.5105196237564087,0.08163130283355713,1,0.12250565274959099
A5D9VIP0G31DI,fit,0f074f0c806cc1f2f4261948ddbd9aa4e5aa3372a439adb83a1d733f17fb99a3,2.0,50.0,25.0,33.0,1.0,1.0,46.0,23.0,181.0,90.5,0.5894757281553398,0.344,172.0,58.0,2.6235120360802426,2.3025850929940455,0.0,5.0,-0.9074533581733704,-0.9755451083183289,-0.0680917501449585,0,0.09271585465262094
A3OISJSXTOR2XS,fit,0f0985fd29559bf1eff71353b9e32e4812860aa18884a27645fc0d9b81f2403f,2.0,66.0,33.0,33.0,1.0,1.0,58.0,29.0,228.0,114.0,0.433916092736951,0.3926940639269406,172.0,58.0,3.461321945737944,3.3672958299864737,0.0,5.0,-1.5300323963165283,-1.428954839706421,0.10107755661010742,1,0.14195701799551827
A1TK0U65V5PYE3,fit,0f0a9529ff5726b51af2d699bd24e46205501c6a584ce01764b82fa045b6cddc,4.0,126.0,31.5,34.0,1.0,1.0,115.0,28.75,186.0,46.5,0.6627938034188033,0.5119047619047619,341.0,118.0,3.0170472345416965,2.3025850929940455,0.0,5.0,-1.174043893814087,-1.803236722946167,-0.6291928291320801,0,0.11061140165437146
A1N61N05IPTL35,fit,0f1ed509f237c23ea6675be66a37732b7609cf52befecdfdaac1e69bd90809c8,2.0,40.0,20.0,33.0,1.0,0.5,36.0,18.0,43.0,21.5,0.8148246077912921,0.7049180327868853,172.0,58.0,2.0794415416798357,1.3862943611198906,0.5,5.0,-2.4861836433410645,-2.437129497528076,0.04905414581298828,1,0.15154770407409063
A30VCWUTDXT917,fit,0f226ccd1c0a0981c70520b52bd55f067beeee947d49b621040b85bf4ab8eae9,4.0,67.0,16.75,33.0,0.75,0.75,63.0,15.75,107.0,26.75,0.8012248330530067,0.5408805031446541,308.0,118.0,3.204597327043892,1.6094379124341003,0.25,5.0,-1.802557349205017,-2.204925537109375,-0.4023681879043579,0,0.17904957276343444
A34BGBLEA2522I,fit,0f26a37d6c701f927174d6781d2b5959db44ad5e55d4368866a9de9d741c3526,4.0,105.0,26.25,33.0,1.0,1.0,97.0,24.25,185.0,46.25,0.6840320415777298,0.4725274725274725,344.0,116.0,3.3031424113226198,2.4849066497880004,0.0,5.0,-0.962044894695282,-0.9411947131156921,0.020850181579589844,1,0.12252269240893886
A2ME89MSWVG9NF,fit,0f30a9b5c8d2cadd94d35a9affa9c2e118e2a266616c1e42505718a0d7988267,20.0,494.0,24.7,34.0,0.75,0.75,437.0,21.85,2100.0,105.0,0.571982416453241,0.16443594646271512,1576.0,583.0,2.8569409505822954,1.0986122886681096,0.3,5.0,-0.47433075308799744,-0.8822009563446045,-0.40787020325660706,0,0.11101063147520955
A2XK009VM3OBG7,fit,0f3462a8259fc9bd94afe9905abb76c6bd6509f91c2f5e8533da0af9d3210354,2.0,66.0,33.0,33.0,1.0,1.0,58.0,29.0,253.0,126.5,0.4289301976247477,0.3269961977186312,172.0,58.0,1.5890269151739727,1.3862943611198906,1.0,5.0,-0.11188693344593048,-1.9802656173706055,-1.8683786392211914,0,0.12488461384063185
A3TLAW3UQ8W4FR,fit,0f3697e9cfc859f229d8d21a5cdf216f16d7c59de00f8510331c9176595fbabd,6.0,123.0,20.5,33.0,0.8333333333333334,0.8333333333333334,114.0,19.0,205.0,34.166666666666664,0.7590974724964873,0.48863636363636365,478.0,174.0,2.858347875380755,1.6094379124341003,0.16666666666666666,5.0,-0.19828659296035767,-1.359325885772705,-1.1610393524169922,0,0.11813247145588687
A3234ITFF99TO2,fit,0f36c6e5e22477875783d81c21d65d3f93a8c633beb9d995b659a7ee93b200b7,6.0,57.0,9.5,33.0,0.6666666666666666,0.3333333333333333,53.0,8.833333333333334,90.0,15.0,0.8860212729892365,0.5657894736842105,484.0,174.0,2.554592687398287,1.6094379124341003,0.5,5.0,-1.1775239706039429,-1.302280068397522,-0.1247560977935791,0,0.16738306766050542
A6T098A9B0GZC,fit,0f47f284d7b102121e2bf771d6423ae24babb6555ce56dc6e02c5e071e921b46,6.0,75.0,12.5,33.0,0.5,0.5,67.0,11.166666666666666,151.0,25.166666666666668,0.8371245203843459,0.48044692737430167,445.0,174.0,2.6869840647500247,1.3862943611198906,0.3333333333333333,5.0,-0.43504229187965393,-0.8189104199409485,-0.38386812806129456,0,0.16007954950078182
A2F04VREV7SM7O,fit,0f49a546b764399c3d587906df7677c8cbee516a074950023205bbb99d3190d2,2.0,33.0,16.5,33.0,0.5,0.5,29.0,14.5,45.0,22.5,0.8282442748091603,0.6564885496183206,163.0,59.0,1.5890269151739727,1.3862943611198906,1.0,5.0,-1.0520639419555664,-0.9637244939804077,0.08833944797515869,1,0.17766676201166093
A2ZZR0JBXPIXHI,fit,0f4e0e4d7a221f2d70b7bb156b8ed12c9a416cc83dd1021856062b594426c944,3.0,34.0,11.333333333333334,34.0,0.3333333333333333,0.3333333333333333,30.0,10.0,35.0,11.666666666666666,0.9027777777777778,0.7083333333333334,213.0,88.0,1.8782632010564164,1.6094379124341003,0.6666666666666666,5.0,-1.1788709163665771,-1.5817897319793701,-0.40291881561279297,0,0.1715657676936978
AC5160V10S7XZ,fit,0f4e2884fe294d05436ac436f4c81e567b22705aa59ed7fe57553aef6b57cf21,3.0,76.0,25.333333333333332,33.0,1.0,1.0,68.0,22.666666666666668,998.0,332.6666666666667,0.4525681432714017,0.09277238403451996,258.0,87.0,3.404880660391017,2.3025850929940455,0.0,5.0,-1.7942686080932617,-2.1210174560546875,-0.3267488479614258,0,0.10176064844452944
A13VUNP9EECQHP,fit,0f57d1263c97a3c53d4241beae553b2062fd18f39bd269ebbdc46ae02fee93ce,2.0,62.0,31.0,33.0,1.0,1.0,58.0,29.0,157.0,78.5,0.5748476229175132,0.40186915887850466,172.0,58.0,3.0742341479588235,2.4849066497880004,0.0,5.0,-0.9855111241340637,-1.1543278694152832,-0.16881674528121948,0,0.12602577061391412
A3T08BQ4Z8Q1TP,fit,0f58974e84c050db1d9de05c15c983dffde863561e3cc9e71f3d4e583b646cc0,2.0,45.0,22.5,33.0,1.0,1.0,41.0,20.5,185.0,92.5,0.6047986762272477,0.33204633204633205,172.0,58.0,1.7005986908310775,1.6094379124341003,1.0,5.0,-1.5125740766525269,-1.5013325214385986,0.011241555213928223,0,0.11765022423526786
ALBJMR0AL4X9Q,fit,0f84b10cab1bf658ff99e0e701ece4aecbef2b5118d15b3c2c2e0716bbaead15,3.0,66.0,22.0,33.0,0.6666666666666666,0.6666666666666666,58.0,19.333333333333332,187.0,62.333333333333336,0.6558041402937059,0.4365482233502538,223.0,88.0,1.6350915928128096,1.0986122886681096,0.6666666666666666,5.0,-1.1084553003311157,-1.2370082139968872,-0.12855291366577148,0,0.12670543651763913
A6HXQP526K9W5,fit,0f85eac76ce8f1e1bbfc10b995179fe7d59f362f3e18da01f0e331d6d4b7f771,2.0,33.0,16.5,33.0,0.5,0.5,29.0,14.5,48.0,24.0,0.8208955223880596,0.6417910447761194,149.0,58.0,2.350240182896208,1.6094379124341003,0.5,5.0,-1.9681918621063232,-2.387712001800537,-0.41952013969421387,0,0.18482467188807394
A1LGK59VMYKLG3,fit,0f8630b87bd7fc1921daeb5952766691c448c6f6f61b79f3e2e4fb379a324a67,6.0,127.0,21.166666666666668,34.0,1.0,0.6666666666666666,115.0,19.166666666666668,390.0,65.0,0.6639304052134096,0.37610619469026546,513.0,176.0,2.5719118585645946,1.6094379124341003,0.3333333333333333,5.0,-0.6919573545455933,-0.594477653503418,0.09747970104217529,1,0.12133491558992278
A1IT4KXVKCGH86,fit,0f885dd8baa900ddd19d825bcc2d7eada16a7763cd3adbd1ef30a1ed9400ee5b,2.0,66.0,33.0,33.0,1.0,1.0,58.0,29.0,160.0,80.0,0.5180910905461804,0.5149700598802395,172.0,58.0,3.9764833954615657,3.58351893845611,0.0,5.0,-1.413282036781311,-1.6547067165374756,-0.24142467975616455,0,0.1900052669976991
A14NYU9YYWBI7J,fit,0f9192de51ab0ba69514c75b6b568664ca8cc8cfa6156e370566f8e9dcb0973a,2.0,66.0,33.0,33.0,1.0,1.0,58.0,29.0,113.0,56.5,0.6102571830419932,0.5379746835443038,171.0,58.0,1.791759469228055,1.791759469228055,1.0,5.0,-1.1480741500854492,-1.340436577796936,-0.19236242771148682,0,0.1464157821133079
A27DE92CX538PS,fit,0f987326c89891dd04deb8cec8aea462e4a2f1196e0b55bf74005e1af66e82bc,3.0,18.0,6.0,13.0,0.6666666666666666,0.3333333333333333,18.0,6.0,18.0,6.0,0.937913937913938,0.8686868686868687,248.0,87.0,2.912377203927166,1.9459101490553132,0.3333333333333333,5.0,-1.167487382888794,-1.2006542682647705,-0.03316688537597656,0,0.1903835082668232
A3H4TIVTTA5IBB,fit,0fa25b72a0d7ca3e323e539c110cdca775c05b6aebd1f45974b70cda56f6bb8a,5.0,70.0,14.0,33.0,0.6,0.4,62.0,12.4,145.0,29.0,0.8169143155402697,0.4725274725274725,395.0,146.0,3.461476386873725,3.1780538303479453,0.0,5.0,-1.8057348728179932,-1.5098565816879272,0.2958782911300659,1,0.16427619644980213
A3GZ8KHONLIEIA,fit,0fa7633ec1047be8a24fedfe8c022a4c8fc39363ceb2309f351eb2457e4194ea,4.0,116.0,29.0,33.0,1.0,1.0,104.0,26.0,206.0,51.5,0.651849193682639,0.5088757396449705,344.0,116.0,3.58437481056899,2.6390573296152584,0.0,5.0,-0.36157435178756714,-0.7323566675186157,-0.3707823157310486,0,0.14341402572823103
A2LB4FLRZG6CUV,fit,0fab1f3e3259d60ff346cf19c3ec42d53f123a14339c049d12c1993a0dbc9701,10.0,253.0,25.3,34.0,0.9,0.9,229.0,22.9,736.0,73.6,0.624183646007607,0.273015873015873,827.0,293.0,3.244261025028964,2.6390573296152584,0.0,5.0,-1.08281672000885,-1.1778638362884521,-0.09504711627960205,0,0.08967584840913564
A3OJJN11RPR1EL,fit,0fada0bbbf0eb2e6eef52fdba69c98a85f484413e914282cb907b720ef6bb703,4.0,73.0,18.25,33.0,0.75,0.75,69.0,17.25,593.0,148.25,0.6893428065798739,0.13458528951486698,307.0,116.0,4.170937804945918,3.4657359027997265,0.0,5.0,-1.61480712890625,-1.5914819240570068,0.023325204849243164,1,0.1765625148973329
AYNRALJ4X1COS,fit,0fb8652b59fb329427b9556b1e55644de19a90ae70eaa4bd9d914a66ed1c448f,14.0,285.0,20.357142857142858,34.0,0.6428571428571429,0.6428571428571429,257.0,18.357142857142858,1739.0,124.21428571428571,0.659264315425351,0.1048780487804878,1045.0,410.0,3.434443592793182,1.791759469228055,0.07142857142857142,5.0,-0.9427685737609863,-1.1149095296859741,-0.1721409559249878,0,0.17959846411510488
A23TGI02RB7JC,fit,0fb98bbb2f31b741a03f484593ed3f859cd74065ecbbcdc3500547ffac5879cd,20.0,480.0,24.0,35.0,0.75,0.75,424.0,21.2,1586.0,79.3,0.6231531704508909,0.28135593220338984,1574.0,584.0,3.4360645232631404,2.3978952727983707,0.0,5.0,-0.6380316019058228,-0.6547025442123413,-0.016670942306518555,0,0.08395561879905289
A1ZLD0S18W9OK8,fit,0fbd9730d1ff5fb32bf0f1ffdeb4116955148267499a63d7c707a91f26799625,3.0,66.0,22.0,33.0,0.6666666666666666,0.6666666666666666,58.0,19.333333333333332,237.0,79.0,0.6127438023148705,0.4187192118226601,245.0,87.0,3.720649514048711,2.3978952727983707,0.0,5.0,-0.2622113525867462,-0.6873664855957031,-0.4251551330089569,0,0.20324521093240439
A3HZEQAJ0O35R2,fit,0fc65fdbe2cfa4f49997349e6f8076c977b12302dced401c65cf239776b34bd2,2.0,33.0,16.5,33.0,0.5,0.5,29.0,14.5,74.0,37.0,0.76875,0.5375,144.0,59.0,3.6430958573511907,2.995732273553991,0.0,5.0,-1.4729998111724854,-1.6073986291885376,-0.13439881801605225,0,0.2128423184811278
A2FLJCJ3SW0TUY,fit,0fcb76bad89931cbdac48236f6ef565e8220c523bfdb6383c0518adbe14d125e,2.0,66.0,33.0,33.0,1.0,1.0,58.0,29.0,333.0,166.5,0.34070227187146984,0.3346303501945525,172.0,58.0,3.341054298724904,3.044522437723423,0.0,5.0,-0.825222373008728,-1.015464186668396,-0.19024181365966797,0,0.12996978852540797
A334RTWLLVFWDR,fit,0fcb7c37f4669f8dbcceb3bb33766af67e58cff1d1b66863753523211a78f39e,3.0,33.0,11.0,33.0,0.3333333333333333,0.3333333333333333,29.0,9.666666666666666,60.0,20.0,0.863013698630137,0.589041095890411,191.0,88.0,3.583711783895873,2.197224577336219,0.0,5.0,-1.8894166946411133,-1.6523406505584717,0.2370760440826416,1,0.23762274392365104
A3DIAAWURNRABB,fit,0fd0e830116b1b513ebc8b581f88a9dc1fde224f67e7b34066cc7105178d0b6c,5.0,100.0,20.0,33.0,0.8,0.6,88.0,17.6,295.0,59.0,0.7029340085684505,0.3233082706766917,403.0,145.0,3.4748210914105804,1.791759469228055,0.2,5.0,-0.27034658193588257,-0.583513617515564,-0.3131670355796814,0,0.18945957989055973
AWNN8N662EOZ7,fit,0fda1cd3ff556bdf0d06576a20426a66b73c44389dba6e07be4692ed2cec2aba,9.0,145.0,16.11111111111111,34.0,0.5555555555555556,0.5555555555555556,129.0,14.333333333333334,498.0,55.333333333333336,0.734852437553191,0.3161764705882353,657.0,263.0,2.836739368915879,1.6094379124341003,0.1111111111111111,5.0,-0.3759884238243103,-0.29920902848243713,0.07677939534187317,1,0.1301884386649194
A3GTI284ZE3B6W,fit,0ff47fa5e57cbd3b9735b356312841e8cc2f6c5f73f912c1b83167f5307d92eb,9.0,202.0,22.444444444444443,34.0,1.0,0.8888888888888888,188.0,20.88888888888889,365.0,40.55555555555556,0.7285339932023056,0.417910447761194,767.0,265.0,3.1601401816842865,1.791759469228055,0.1111111111111111,5.0,-0.9463406801223755,-1.8518764972686768,-0.9055358171463013,0,0.09771677007524399
A1LACH6MLQWZ,fit,0ffcedc805229273b50a671abed72ce1d8b16ea82b843343a6d70f35b5e9e089,7.0,99.0,14.142857142857142,33.0,0.42857142857142855,0.42857142857142855,87.0,12.428571428571429,256.0,36.57142857142857,0.8073630741583929,0.3426294820717131,458.0,204.0,3.3310843826967056,1.3862943611198906,0.14285714285714285,5.0,-0.9749999046325684,-0.8942317962646484,0.08076810836791992,1,0.19659444336686824
A29VZ6937SCRX6,fit,1004c0d4b6e6d07dea3bc038ccfc251de0b995a02f026e165f794cd9d9971983,2.0,33.0,16.5,33.0,0.5,0.5,29.0,14.5,180.0,90.0,0.6616541353383458,0.3233082706766917,138.0,58.0,2.171902710926842,1.9459101490553132,0.5,5.0,-0.1157846748828888,-0.10973268747329712,0.006051987409591675,0,0.14183553362757556
A24718TMPXS68S,fit,10062f6070836a06fe12550d124ec50fe4f6948888fdc57961b93a1337d0b2a7,2.0,66.0,33.0,33.0,1.0,1.0,58.0,29.0,342.0,171.0,0.3346303501945525,0.3346303501945525,172.0,58.0,3.5224525585646855,3.4339872044851463,0.0,5.0,-0.2758047580718994,-1.0838758945465088,-0.8080711364746094,0,0.13587038259595127
A3N2Z3KNJW1FFG,fit,10086fbe2819fd0ff9e5d407e0e4be951ad027a020886ebf7a961a55c643f494,3.0,23.0,7.666666666666667,23.0,0.3333333333333333,0.3333333333333333,23.0,7.666666666666667,23.0,7.666666666666667,0.9296636085626911,0.7889908256880734,211.0,87.0,2.125575649299542,1.9459101490553132,0.6666666666666666,5.0,-1.173355221748352,-1.2260282039642334,-0.05267298221588135,0,0.1793429927233737
A1BCDC7CT8NZJA,fit,101193eea7110237aa778db735f537de8f66f3293b8ac5521b0a6987e669f5c8,2.0,66.0,33.0,33.0,1.0,1.0,58.0,29.0,233.0,116.5,0.43591989987484353,0.3659574468085106,172.0,58.0,2.6390573296152584,1.3862943611198906,0.5,5.0,-1.4998228549957275,-1.6050866842269897,-0.10526382923126221,0,0.15948664023895004
A3GDWNHC7Q8R4D,fit,1015415ce2b062a2de0b999aeba0796886e6d2aea37846bed4b5d318a33154cd,2.0,66.0,33.0,33.0,1.0,1.0,58.0,29.0,155.0,77.5,0.5259988029328146,0.524390243902439,172.0,58.0,2.04717228111105,1.791759469228055,0.5,5.0,-2.585634708404541,-2.415351390838623,0.17028331756591797,1,0.12067562595662318
A2QUBJUGBUFA5A,fit,1018ffb1a593d4e4b3f9c5120aebcb5951f7f94912b1e4fd50c8c99ee20ec259,3.0,73.0,24.333333333333332,33.0,1.0,1.0,69.0,23.0,88.0,29.333333333333332,0.7542418187588562,0.6417910447761194,257.0,88.0,1.9390370533210681,1.791759469228055,0.6666666666666666,5.0,-0.4244576096534729,-1.3747522830963135,-0.9502946734428406,0,0.11262861970891648
AVLSGR94E3ZVE,fit,10203bd9ae6b048a7f3a4c8d35caea6d8489771a663618aee47dd6d1bb2dc603,9.0,185.0,20.555555555555557,33.0,0.7777777777777778,0.6666666666666666,165.0,18.333333333333332,512.0,56.888888888888886,0.7342019787339075,0.22279792746113988,701.0,262.0,3.245679537112308,2.0794415416798357,0.0,5.0,-0.7274225354194641,-1.3414033651351929,-0.6139808297157288,0,0.1120814626937952
A28MIGUM4B08YV,fit,10278b06103d71032abe51c6f24a7100bf42543b578129863a3c50418fbd63e3,3.0,56.0,18.666666666666668,33.0,1.0,0.6666666666666666,52.0,17.333333333333332,186.0,62.0,0.7044166546006925,0.3453815261044177,258.0,87.0,3.3462391672654106,2.8903717578961645,0.0,5.0,-1.4189460277557373,-1.5788472890853882,-0.15990126132965088,0,0.13652272644934835
AWCODMEOA89YZ,fit,1027c5dc73cd1542bb62aeebb284150d04d33365183139a89165031ca21a37c1,2.0,0.0,0.0,0.0,0.0,0.0,0.0,0.0,0.0,0.0,1.0,1.0,147.0,58.0,3.524627420627918,2.772588722239781,0.0,5.0,-1.023617148399353,-1.0836982727050781,-0.0600811243057251,0,0.24972947935165352
A2LBGX3GUS2S1K,fit,103e3eb2683b3b411d5d68f939ca10db5e27666bb0d2605b84a827f905e5e73b,20.0,497.0,24.85,35.0,0.8,0.8,445.0,22.25,3550.0,177.5,0.5619666648499941,0.09199134199134198,1662.0,584.0,2.586505286794785,1.6094379124341003,0.15,5.0,-1.2951786518096924,-1.2963396310806274,-0.0011609792709350586,0,0.1618649378689079
AI2XINIZFPBI8,fit,103f931909ba322ccc007f58c83336f7f9d664a6613f4b5fdaf1e6352ead20c4,20.0,457.0,22.85,34.0,0.75,0.75,411.0,20.55,1812.0,90.6,0.6435995369468757,0.15985130111524162,1582.0,582.0,3.3630696826424797,1.791759469228055,0.05,5.0,-0.8412834405899048,-1.5862408876419067,-0.744957447052002,0,0.10043800910714186
A1COG6HZTWUKVV,fit,1041abbd5da237eb55870287ce5c2a10e4bd4217d53bb4731027851f6340d59a,3.0,66.0,22.0,33.0,0.6666666666666666,0.6666666666666666,58.0,19.333333333333332,369.0,123.0,0.5886704643990034,0.225130890052356,221.0,87.0,2.5755512216158807,1.791759469228055,0.3333333333333333,5.0,-0.91339111328125,-0.9603224992752075,-0.04693138599395752,0,0.13787423323563652
A27ADCSD15F3GL,fit,1044ddc7346c8581e87bd9ad7e3f296611b87ce0975fce7bf04575c5e1517975,8.0,166.0,20.75,34.0,0.625,0.625,146.0,18.25,742.0,92.75,0.623938726228308,0.23822714681440443,589.0,236.0,3.612195261295594,2.833213344056216,0.0,5.0,-1.0400645732879639,-1.6126086711883545,-0.5725440979003906,0,0.1628369159366925
A3ILO637M9PLDP,fit,1050339de77d773ac738e24c593465ad8af6dd1335fb6cf4bad14895e04423f0,2.0,66.0,33.0,33.0,1.0,1.0,58.0,29.0,167.0,83.5,0.5306516199490353,0.4195121951219512,172.0,58.0,2.6235120360802426,2.3025850929940455,0.0,5.0,-1.3296271562576294,-1.8504188060760498,-0.5207916498184204,0,0.10445561941005743
A28O12821HMYP8,fit,10565c851b3b69e79c9801dc7c2225d5636d19c144625a8de9dd91118c429c17,9.0,110.0,12.222222222222221,34.0,0.5555555555555556,0.4444444444444444,98.0,10.88888888888889,361.0,40.111111111111114,0.8069912900931937,0.2982456140350877,746.0,262.0,2.780095092974651,2.0794415416798357,0.0,5.0,-1.4972245693206787,-1.6784563064575195,-0.18123173713684082,0,0.10978666392267912
A3CU0QL4C4LAA8,fit,1060d5964d6e893cdb34189d055dd1a86323e472481171fc711cf01c6077bb20,8.0,133.0,16.625,34.0,0.5,0.5,117.0,14.625,1122.0,140.25,0.6716671836002401,0.10723192019950124,613.0,233.0,3.34796668053618,2.70805020110221,0.0,5.0,-1.2576969861984253,-1.0836251974105835,0.1740717887878418,1,0.17101709892913813
A3G8T4D5526VBB,fit,10668bf84e4fb5cab0c06ad40ba17de692738c10cfd4bfd9cdb043c48ff526b3,4.0,39.0,9.75,33.0,0.5,0.25,35.0,8.75,184.0,46.0,0.815135046113307,0.32575757575757575,308.0,116.0,2.4444810823901952,1.6094379124341003,0.25,5.0,-1.4931809902191162,-1.628983497619629,-0.1358025074005127,0,0.1492967314691829
A1RFEO61AGIRPR,fit,106cd496834bf69be516a678d0f4872eb2a28d4380564f71757768a731f0b1e4,3.0,22.0,7.333333333333333,21.0,0.6666666666666666,0.3333333333333333,22.0,7.333333333333333,22.0,7.333333333333333,0.9307480216278153,0.8037383177570093,248.0,87.0,2.7339781170647406,2.0794415416798357,0.0,5.0,-0.4301609396934509,-0.5244981646537781,-0.09433722496032715,0,0.14133647729437934
A3D0PALWMQ02HN,fit,107aefd10769faf63912cd40462676eecd08319a170908553adbf5851aac7bfb,3.0,101.0,33.666666666666664,34.0,1.0,1.0,89.0,29.666666666666668,151.0,50.333333333333336,0.6310543374437897,0.5862068965517241,256.0,89.0,2.824622688892621,2.6390573296152584,0.0,5.0,-1.2155075073242188,-1.3951276540756226,-0.1796201467514038,0,0.10981900915177525
AO3DRAKEHY8CP,fit,1082250c08dab43fcd13d32651ca4dea4172b1b7a216e3fa2c5f4eef4e243d55,3.0,33.0,11.0,33.0,0.3333333333333333,0.3333333333333333,29.0,9.666666666666666,133.0,44.333333333333336,0.797564687975647,0.3926940639269406,254.0,88.0,2.4092208329095515,2.197224577336219,0.0,5.0,-0.08739171177148819,-0.10875670611858368,-0.02136499434709549,0,0.12229738777551374
A2OK61KBUCMXR1,fit,108770031f553ec4d5d941bfae1be763c1a35c7b83d2493e69a1633cd4de6681,3.0,52.0,17.333333333333332,32.0,0.6666666666666666,0.6666666666666666,48.0,16.0,63.0,21.0,0.8268505079825834,0.6692307692307692,224.0,86.0,2.771284089132736,2.70805020110221,0.0,5.0,-0.8262597918510437,-1.5685487985610962,-0.7422890067100525,0,0.12427853303861383
A2CBPT24N2SQDJ,fit,1099c3e2ed552d5211421148576b4856e1703ab53adae0280cacd69b27305014,2.0,66.0,33.0,33.0,1.0,1.0,58.0,29.0,183.0,91.5,0.4862084341954389,0.4574468085106383,172.0,58.0,2.0794415416798357,1.3862943611198906,0.5,5.0,-0.3653227984905243,-1.8300788402557373,-1.4647560119628906,0,0.1253577956945007
A3FI4DE6ADI0PR,fit,10a013ed78c09b0339e0077c7845d2f3b643d6b104ff77259f2693a4c2eb457d,2.0,33.0,16.5,33.0,0.5,0.5,29.0,14.5,127.0,63.5,0.7018779342723005,0.40375586854460094,138.0,58.0,3.4094620326377605,2.70805020110221,0.0,5.0,-0.9758423566818237,-1.0486109256744385,-0.07276856899261475,0,0.18612564863705824
A37R3P5JFNQG8S,fit,10a894e551fb4137feef1407e2aa5f2b37a2cd2909d693a4bf84ae93fc1fc381,15.0,344.0,22.933333333333334,34.0,0.7333333333333333,0.7333333333333333,308.0,20.533333333333335,872.0,58.13333333333333,0.6873748827667966,0.245014245014245,1181.0,438.0,3.285318644796594,1.791759469228055,0.06666666666666667,5.0,-0.7659522294998169,-0.8263600468635559,-0.060407817363739014,0,0.08952532406512521
A270KRIQDGWS6D,fit,10aab78166ba1d3226dcc08ab509448889e06922c3acc6f7b0aef13824af5cd4,2.0,33.0,16.5,33.0,0.5,0.5,29.0,14.5,75.0,37.5,0.7670807453416149,0.5341614906832298,141.0,58.0,2.5375869076169133,1.6094379124341003,0.5,5.0,-0.46247825026512146,-0.5918553471565247,-0.1293770968914032,0,0.19692632111539352
A18EHF0FLYLEY7,fit,10ac8f777ff6bbad1aa765561e357d644f67901ee2df9f6d537633f98be5173c,2.0,62.0,31.0,33.0,1.0,1.0,58.0,29.0,74.0,37.0,0.7021573182874212,0.6564885496183206,172.0,58.0,3.5926935077902082,3.4011973816621555,0.0,5.0,-0.8252471089363098,-1.8696094751358032,-1.0443623065948486,0,0.16274449286890508
A1H4ME81LZ452H,fit,10ad66f9b8b3fb9022a6a9a0da5216a164b76e728a6711773ebd4b26c9c85ffb,2.0,40.0,20.0,33.0,1.0,0.5,36.0,18.0,75.0,37.5,0.7415863706186286,0.5584415584415584,172.0,58.0,3.6288538385800213,3.4965075614664802,0.0,5.0,-1.6305097341537476,-1.612131118774414,0.018378615379333496,0,0.18211265716288652
A272WUDCEDYJSL,fit,10ae9e216d8ee06a8a36b49f12ea9a0955b539284531db0253875dd14cafdf25,2.0,67.0,33.5,34.0,1.0,1.0,59.0,29.5,87.0,43.5,0.6670999334985792,0.6115107913669064,171.0,59.0,4.416220895792912,4.343805421853684,0.0,5.0,-1.3712105751037598,-1.4465577602386475,-0.0753471851348877,0,0.221207514410921
A2EA49SKDEPPQV,fit,10b80ecc813601c610137fd6750af76ad6a447441d8269f28b52c58c2f2d4c75,2.0,67.0,33.5,34.0,1.0,1.0,59.0,29.5,161.0,80.5,0.5150987224157956,0.5119047619047619,171.0,59.0,2.884160497896886,2.772588722239781,0.0,5.0,-1.2026159763336182,-1.361323356628418,-0.1587073802947998,0,0.12016964434294226
A2W8DUZ7JXIFAL,fit,10c30611f1b4097ea9b2be3fd34b4b46cf4eb837f3f53ad73107494ae59dc818,2.0,33.0,16.5,33.0,0.5,0.5,29.0,14.5,38.0,19.0,0.8467741935483871,0.6935483870967742,147.0,58.0,3.2050874409830836,2.772588722239781,0.0,5.0,-0.4460940361022949,-0.5498854517936707,-0.10379141569137573,0,0.183641516913786
A1YE1MVN4NQRIM,fit,10c87954d679bf0f1a9a9e68d1cf889b399bc90bd1ce681cd1b5b3c23dd203bb,5.0,132.0,26.4,33.0,0.8,0.8,116.0,23.2,371.0,74.2,0.5961022505225114,0.3706896551724138,425.0,146.0,2.0536261332248076,1.6094379124341003,0.6,5.0,-1.1071374416351318,-1.052972435951233,0.054165005683898926,1,0.1159602828924192
A1RI676ZCGXUWF,fit,10cf19818cd291d1ca5917f7d5c8aa78a420bf3e0121f3bbaad208b568b7ddc9,9.0,285.0,31.666666666666668,33.0,1.0,1.0,253.0,28.11111111111111,1867.0,207.44444444444446,0.441208874088805,0.13870967741935483,773.0,261.0,3.407880235841097,2.0794415416798357,0.0,5.0,-1.2759428024291992,-1.8301174640655518,-0.5541746616363525,0,0.14564059610106553
A1NQK5MH9GTJ6S,fit,10d325269c490fafb34c1fea7958075447ad25ea9674176314e246ed2f3b90e0,18.0,352.0,19.555555555555557,35.0,0.6111111111111112,0.6111111111111112,312.0,17.333333333333332,1956.0,108.66666666666667,0.6599459504538483,0.10723192019950124,1335.0,526.0,3.613764787530954,2.833213344056216,0.0,5.0,-0.5745317935943604,-0.9703704714775085,-0.3958386778831482,0,0.15967216648185797
A3D8XQGYC6OXP5,fit,10e0dd4bf36364ba5562edf83900392df08a533a20b9ad97016d1856da3f561e,2.0,39.0,19.5,25.0,1.0,1.0,39.0,19.5,39.0,19.5,0.8159588159588159,0.7747747747747747,170.0,60.0,2.0126758453675744,1.9459101490553132,0.5,5.0,-0.1142711415886879,-0.1492246687412262,-0.0349535271525383,0,0.10768379768535033
A39BMSIEADPLN5,fit,10ec6d6b39accc75a32d228884d2b9f53cece3a290f770ec8d54fcb27ad363de,12.0,337.0,28.083333333333332,34.0,0.9166666666666666,0.9166666666666666,305.0,25.416666666666668,1389.0,115.75,0.5531062450417149,0.1376,1028.0,349.0,3.440890052170889,2.0794415416798357,0.0,5.0,-0.7817989587783813,-1.3748098611831665,-0.5930109024047852,0,0.10851108466191246
A3B20R4ZAH0Y2Y,fit,10f06e06109eabb5135b7e186e991716b14246a7eddd45c264563d3d12ef8d95,9.0,170.0,18.88888888888889,34.0,0.6666666666666666,0.5555555555555556,150.0,16.666666666666668,757.0,84.11111111111111,0.6578239453587613,0.25,701.0,265.0,2.9376708997761645,2.197224577336219,0.0,5.0,-1.048081636428833,-1.1065350770950317,-0.05845344066619873,0,0.1211649916345207
A1U6JXEUR57P8A,fit,10f1a111ed22b5e037c58f2292e4b2fb4a466f94342c89432d85be6a3d66dee7,4.0,71.0,17.75,33.0,0.75,0.75,67.0,16.75,145.0,36.25,0.7707960768840646,0.4427083333333333,335.0,116.0,3.478068556599146,2.70805020110221,0.0,5.0,-0.654078483581543,-0.9143549203872681,-0.2602764368057251,0,0.14979960168244086
A1H2BLICVBKVQR,fit,10f5f62e349859421a6348f7a9be6ba9321af9b7db6c6b7b70d97d301fe50231,3.0,85.0,28.333333333333332,33.0,1.0,1.0,77.0,25.666666666666668,323.0,107.66666666666667,0.5472663671035694,0.26791277258566976,258.0,87.0,3.4481066014938615,2.6390573296152584,0.0,5.0,-1.392398715019226,-1.5051722526550293,-0.11277353763580322,0,0.13139682298591449
A25UZ7MA72SMKM,fit,10f7a0c24ad45c15962415d2e70a14e6057709c370a488c8abb482eb740384ba,7.0,198.0,28.285714285714285,33.0,0.8571428571428571,0.8571428571428571,174.0,24.857142857142858,1086.0,155.14285714285714,0.4588814198153945,0.17659137577002054,556.0,204.0,3.0844553494629543,1.9459101490553132,0.14285714285714285,5.0,-0.7866091728210449,-0.9951515197753906,-0.2085423469543457,0,0.14051760776023706
AT08NIODVL3GP,fit,11016058beec5b6141e0b2a42073a068aa626bee204bc596b31b363512c875c5,4.0,110.0,27.5,34.0,1.0,1.0,98.0,24.5,174.0,43.5,0.6851058987974455,0.5512820512820513,343.0,117.0,2.9040509536059327,1.9459101490553132,0.25,5.0,-0.47239765524864197,-0.43347153067588806,0.038926124572753906,1,0.12956105728911135
A2D7X9N3IV3S7B,fit,1104837c6377c7a72cfb7be7f6d6c6a609ceb01c07bed427898264993ace488c,5.0,152.0,30.4,35.0,1.0,1.0,136.0,27.2,240.0,48.0,0.656853682469596,0.5341614906832298,427.0,147.0,3.348190037424186,1.791759469228055,0.2,5.0,-2.529972553253174,-2.546084403991699,-0.01611185073852539,0,0.14975997265265592
A1BM8DQ5745A4A,fit,1113a9785007367399de0c3d8288e0f7893a43cd3f51e343d585423e109ff30b,5.0,133.0,26.6,34.0,0.8,0.8,117.0,23.4,630.0,126.0,0.5394653102756537,0.20673076923076922,399.0,146.0,2.7538912296407707,1.6094379124341003,0.4,5.0,-0.8840295076370239,-10.8919095993042,-10.007880210876465,0,0.1466463633648666
A2RCW5TRHSG487,fit,1114ff303db2f3bd239dd4e8fd69505580127604233e818bbca9c201aafc44fe,2.0,66.0,33.0,33.0,1.0,1.0,58.0,29.0,1431.0,715.5,0.10999565947288129,0.09277238403451996,172.0,58.0,2.34106561356211,1.791759469228055,0.5,5.0,-1.201238989830017,-1.6404021978378296,-0.4391632080078125,0,0.045149444103838914
A1HJV5IHYTBXEQ,fit,1115ef2f2525ac5e5a89dae3bccede8f4570d2e7f87ddcaca4b1c9957cc4ffea,2.0,42.0,21.0,32.0,1.0,1.0,38.0,19.0,186.0,93.0,0.6133159062103929,0.33079847908745247,173.0,57.0,2.6735537653587342,1.6094379124341003,0.5,5.0,-1.7523342370986938,-2.093583583831787,-0.34124934673309326,0,0.1380033450042174
A37I6BQMMGJA25,fit,11195dbf2b98ad6a46848903593105b6239817124619f1babd3f1914174e365c,2.0,0.0,0.0,0.0,0.0,0.0,0.0,0.0,0.0,0.0,1.0,1.0,119.0,59.0,2.445174564110877,1.9459101490553132,0.5,5.0,-0.9103299379348755,-0.9281220436096191,-0.017792105674743652,0,0.22330825850336755
A3VKFO5C6QOE4K,fit,11222ea8f74693bf0e2e224bf9c788e76bafbacb99dd2aacf1c6e2cec9989823,3.0,66.0,22.0,33.0,0.6666666666666666,0.6666666666666666,58.0,19.333333333333332,83.0,27.666666666666668,0.7835673811283567,0.6515151515151515,223.0,87.0,2.6321842338810133,1.791759469228055,0.3333333333333333,5.0,-1.938238501548767,-2.052274703979492,-0.1140362024307251,0,0.16435853092449054
A3OOS2B1ZZBCHI,fit,1126d5d92b4751d78f0cf25d9bcf840e5b857b68f04238ebed81b6cd7a2948cb,2.0,39.0,19.5,33.0,1.0,0.5,35.0,17.5,158.0,79.0,0.6480635732553891,0.36134453781512604,172.0,58.0,4.8034832657085715,4.430816798843313,0.0,5.0,-1.3791958093643188,-1.8772605657577515,-0.4980647563934326,0,0.26301402833225535
AXE4ABZKFHJ66,fit,1128afb3560364188e0eb20fe2ed3e1f0c6d24f49b6db62341bce93c4c78fa94,6.0,121.0,20.166666666666668,33.0,0.6666666666666666,0.6666666666666666,109.0,18.166666666666668,222.0,37.0,0.7545123847013343,0.47513812154696133,456.0,174.0,3.525783353342218,2.772588722239781,0.0,5.0,-0.4277110695838928,-1.0165445804595947,-0.5888335108757019,0,0.14962686864388625
A4DFGP0F9IY3T,fit,112942f729576ad88db8302e755132f0b4ef43d246830987ac130323256892a7,3.0,66.0,22.0,33.0,0.6666666666666666,0.6666666666666666,58.0,19.333333333333332,137.0,45.666666666666664,0.7034647550776584,0.5548387096774193,234.0,89.0,3.252435014119349,2.70805020110221,0.0,5.0,-2.4962353706359863,-2.3608202934265137,0.13541507720947266,1,0.16166237515881557
A20K7U0CEP800W,fit,112dd2031a65a03e4ee97914d2ea771db64171e126405972e8d1e0fa76d5b264,4.0,33.0,8.25,33.0,0.25,0.25,29.0,7.25,40.0,10.0,0.9206349206349207,0.6825396825396826,306.0,117.0,2.9587232538471397,2.3978952727983707,0.0,5.0,-1.646918535232544,-1.9215786457061768,-0.2746601104736328,0,0.1750188292148999
A2C8YVK4LO88TO,fit,11326b0b1d2fea45487a6dd59bea82b983947739eda6f7483d85c2c605280d29,6.0,172.0,28.666666666666668,33.0,1.0,1.0,156.0,26.0,548.0,91.33333333333333,0.5453553968283807,0.36134453781512604,516.0,174.0,3.1615419603925052,1.3862943611198906,0.3333333333333333,5.0,-1.3654247522354126,-1.393218755722046,-0.0277940034866333,0,0.1494180333105831
A288PBSTFAXIF,fit,11465c1634c39b546a5472e8b6c1ecfb9078cbad1839d3cffa5e1a2fb5908957,3.0,66.0,22.0,33.0,0.6666666666666666,0.6666666666666666,58.0,19.333333333333332,232.0,77.33333333333333,0.6417165934407314,0.33204633204633205,222.0,87.0,3.0526646305346574,1.6094379124341003,0.3333333333333333,5.0,-0.20995137095451355,-0.21199914813041687,-0.0020477771759033203,0,0.1897751880671736
A2CWANTNE71TOS,fit,114ba8b90cd4208f6f308208493266a69d2b70ab6f0d80c471a15ccd85589785,3.0,79.0,26.333333333333332,34.0,1.0,1.0,71.0,23.666666666666668,175.0,58.333333333333336,0.6496180084875428,0.4187192118226601,255.0,88.0,1.8268796411139971,1.6094379124341003,0.6666666666666666,5.0,-0.7906821370124817,-0.9901543855667114,-0.19947224855422974,0,0.1036779401443276
A2HVPVHPXCHJRF,fit,115216b676b249f3ab0eaec92c6c693428de535e366068c180681b9db2910691,20.0,530.0,26.5,34.0,0.85,0.85,474.0,23.7,1367.0,68.35,0.6305829050126583,0.25,1609.0,581.0,2.7678263744748515,1.6094379124341003,0.3,5.0,-0.898194432258606,-1.4119914770126343,-0.5137970447540283,0,0.05361858161653905
A7CRWATHSYO2L,fit,115cb6909e2d8271ec5d8cf34e27564f6884fb3912f8cdf6bd7c131935d4ef31,2.0,66.0,33.0,33.0,1.0,1.0,58.0,29.0,149.0,74.5,0.5381286549707602,0.5029239766081871,172.0,58.0,4.49677579314999,4.418840607796597,0.0,5.0,-1.5029304027557373,-1.9289588928222656,-0.4260284900665283,0,0.22171964489687992
ACJW23SBXLE3Y,fit,115f1da12978458ef51ddce4218ebe4687b423d6e144d145272ac9fe97535e39,3.0,33.0,11.0,33.0,0.3333333333333333,0.3333333333333333,29.0,9.666666666666666,86.0,28.666666666666668,0.8323586744639376,0.49707602339181284,202.0,87.0,3.282799195406056,2.5649493574615367,0.0,5.0,-1.196138620376587,-1.2131088972091675,-0.016970276832580566,0,0.19283627559603447
AQ1MB0S0F3197,fit,1168ed0c892d461d8ce38944a97ce75200aa8794d09acad1578aa87633a798a3,9.0,203.0,22.555555555555557,34.0,0.7777777777777778,0.6666666666666666,179.0,19.88888888888889,461.0,51.22222222222222,0.6874549235270209,0.43434343434343436,706.0,264.0,3.8454562284471723,3.1354942159291497,0.0,5.0,-1.141891598701477,-1.5144054889678955,-0.37251389026641846,0,0.14386806923896428
A2JT529S3E1BG2,fit,116f0afe385315d8c8b021ae8b5000b2706aaf34e6334827d34d84e8f9432a07,4.0,0.0,0.0,0.0,0.0,0.0,0.0,0.0,0.0,0.0,1.0,1.0,269.0,117.0,2.429770957384462,1.791759469228055,0.25,5.0,-1.4544473886489868,-1.4846643209457397,-0.03021693229675293,0,0.18779356848296505
A2NT5NQ89GSCCS,fit,1170954b2b9649c848889217024b83e0190d5c3a96bee6c52526033f20fffad1,3.0,103.0,34.333333333333336,35.0,1.0,1.0,91.0,30.333333333333332,463.0,154.33333333333334,0.40945022953756577,0.23931623931623933,252.0,91.0,2.401135173694365,2.0794415416798357,0.0,5.0,-0.4078686833381653,-1.9245884418487549,-1.5167198181152344,0,0.08337890079283478
A2N36OJYEVC2M7,fit,1177916684b51b15fb308652c35a8cf7018807856735df179275d41b5b6aa011,2.0,25.0,12.5,25.0,0.5,0.5,25.0,12.5,25.0,12.5,0.8863636363636364,0.7727272727272727,154.0,59.0,1.9033312448851598,1.6094379124341003,0.5,5.0,-1.1575108766555786,-1.149256706237793,0.008254170417785645,0,0.1434039876763562
A1XTVN0TGNHW92,fit,117dbe237efb7139885a0dea1e6e3561f93755d5d471a9f2bf22791394b6d9ee,2.0,33.0,16.5,33.0,0.5,0.5,29.0,14.5,265.0,132.5,0.6225071225071225,0.245014245014245,136.0,58.0,4.3554745629179275,3.9318256327243257,0.0,5.0,-1.8090527057647705,-1.915834665298462,-0.1067819595336914,0,0.22653429665081187
A16J4MPRK58TC4,fit,117e2783f5f935a314a4c7956c1b2401e54e7b41b7780697146f170f7992e00b,3.0,66.0,22.0,33.0,0.6666666666666666,0.6666666666666666,58.0,19.333333333333332,351.0,117.0,0.5548561859732072,0.2986111111111111,243.0,87.0,3.055462828149,1.791759469228055,0.3333333333333333,5.0,-1.1397005319595337,-1.155643105506897,-0.01594257354736328,0,0.18371560101240306
AZDKB30I8494P,fit,11821a79d9014a139ef52bc2dd9d7526bc63ccb53b6d5952ffc415c68458ea68,2.0,66.0,33.0,33.0,1.0,1.0,58.0,29.0,511.0,255.5,0.34649598867390274,0.16538461538461538,172.0,58.0,3.8712010109078907,2.8903717578961645,0.0,5.0,-1.3217750787734985,-1.601635217666626,-0.27986013889312744,0,0.13941561494140453
A2WTZYJFWNRAOI,fit,11822a490ee1ba37ab719f7fc793579f07e86fa6d703d3ae2900857185cba597,5.0,166.0,33.2,34.0,1.0,1.0,146.0,29.2,741.0,148.2,0.4084064438846003,0.20987654320987653,428.0,146.0,3.0343103751826286,2.0794415416798357,0.0,5.0,-0.005090691149234772,-2.805262565612793,-2.8001718521118164,0,0.11137291456113231
A38UCV1LPMCJOP,fit,1183df9836f3f876b3eb6026f28e329d2e0f5303fbafe04e9f1b812994ad2215,20.0,488.0,24.4,35.0,0.8,0.75,432.0,21.6,2549.0,127.45,0.5421742261339881,0.195852534562212,1623.0,591.0,2.4647497333644095,1.6094379124341003,0.3,5.0,-0.3332715630531311,-0.9183149337768555,-0.5850433707237244,0,0.1104099173958025
A39DWHBEWM3B1Z,fit,118545263da172f20e415b9e050265e3dfcd055f5a150ee202aebff4650a8a0a,4.0,87.0,21.75,33.0,1.0,0.75,81.0,20.25,113.0,28.25,0.7772893070870834,0.593103448275862,344.0,116.0,2.605570336487824,1.6094379124341003,0.25,5.0,-0.18418748676776886,-0.6430472135543823,-0.45885974168777466,0,0.12508490180288057
A3A1UIZX5H92MK,fit,11891a73fcee6f686b2c974b73f059a18953b09dda222e9a823ef519e309c369,2.0,28.0,14.0,24.0,1.0,0.5,28.0,14.0,28.0,14.0,0.8686868686868687,0.7818181818181819,172.0,58.0,2.393745871391023,2.0794415416798357,0.0,5.0,-1.039750337600708,-1.2513891458511353,-0.21163880825042725,0,0.11084324313936814
AF41ELZ2DWMV6,fit,118a58ae7136aed9b2096f4b7eea57b0b9aa8006bdd40e62e579a17a93e37d7d,2.0,48.0,24.0,33.0,1.0,1.0,44.0,22.0,83.0,41.5,0.7049633534782049,0.5584415584415584,172.0,58.0,2.0126758453675744,1.9459101490553132,0.5,5.0,-1.5814738273620605,-1.6844615936279297,-0.10298776626586914,0,0.10821511627377349
A1CEO7S4330SW2,fit,118c76c48b3e36d86bf32d76428d1860d81804aa07cfc75cfd9e5a638e652762,2.0,33.0,16.5,33.0,0.5,0.5,29.0,14.5,109.0,54.5,0.7205128205128205,0.441025641025641,161.0,58.0,2.6020033435383976,2.5649493574615367,0.0,5.0,-0.2581779956817627,-0.3893449902534485,-0.1311669945716858,0,0.12666445753274355
A38J23164FA3VH,fit,118f2dfa05f44449ec3239d643c9212f62f2564101416848b784795eb70f4404,2.0,70.0,35.0,35.0,1.0,1.0,62.0,31.0,126.0,63.0,0.5685198217217922,0.564625850340136,166.0,62.0,2.8903717578961645,2.8903717578961645,0.0,5.0,-0.06595654040575027,-0.3163774609565735,-0.2504209280014038,0,0.123303829876287
A1GB8H2W8WLAFR,fit,11a054747a35151b8e8f9aabe338d8351b2cdbe608815fc362842ec3f81e3dc2,4.0,133.0,33.25,34.0,1.0,1.0,117.0,29.25,341.0,85.25,0.5116389220398878,0.4095238095238095,343.0,117.0,2.4408838980271703,1.791759469228055,0.25,5.0,-1.1627987623214722,-1.8782899379730225,-0.7154911756515503,0,0.10571995386429106
AAHOL35692RX2,fit,11a8817e02c2b507301946c313cebd69555bb13162210db3b552a43a833393f1,9.0,134.0,14.88888888888889,34.0,0.4444444444444444,0.4444444444444444,118.0,13.11111111111111,318.0,35.333333333333336,0.7915157357164622,0.43147208121827413,606.0,263.0,3.2036421987755017,2.0794415416798357,0.0,5.0,-1.9049921035766602,-1.79059636592865,0.11439573764801025,1,0.14833036942183486
A30PGVFBSML3YV,fit,11ab8898c7d9edbe85285bb705b52e07f10d70b39c52ad8b5830a287e13ec019,5.0,88.0,17.6,33.0,0.8,0.8,80.0,16.0,140.0,28.0,0.7973028586549354,0.5180722891566265,392.0,145.0,2.40508992907436,1.6094379124341003,0.4,5.0,-1.025014042854309,-1.027295470237732,-0.0022814273834228516,0,0.11865458517375176
A102QPG7QM1J40,fit,11bcf65441f24a37fe290a0669b3ffec29e1678a10774a54b0ce6b04825270ee,14.0,294.0,21.0,34.0,0.7142857142857143,0.7142857142857143,262.0,18.714285714285715,973.0,69.5,0.6910728061399815,0.20190023752969122,1115.0,408.0,3.0425846583451026,1.9459101490553132,0.14285714285714285,5.0,-1.3930368423461914,-1.3530759811401367,0.03996086120605469,1,0.097830819198601
AHY7ALSBCV6QH,fit,11c5d61b9ea473388d78937e1ba318c4647969e8603470f8c5576d6f11a94659,2.0,33.0,16.5,33.0,0.5,0.5,29.0,14.5,53.0,26.5,0.8093525179856116,0.6187050359712231,146.0,58.0,2.8903717578961645,1.791759469228055,0.5,5.0,-1.9271997213363647,-1.8060023784637451,0.12119734287261963,1,0.2335286923557585
A1W59X44Y3CZ0R,fit,11cfd9328995897784a32451f255d2dae700a28759146bee5bf72ffe15da37ba,3.0,21.0,7.0,21.0,0.3333333333333333,0.3333333333333333,21.0,7.0,21.0,7.0,0.9345794392523364,0.8037383177570093,228.0,87.0,2.5200268216739423,1.791759469228055,0.3333333333333333,5.0,-1.7713069915771484,-1.717233419418335,0.05407357215881348,1,0.17769121536040844
A1TR1R2QKWRSRA,fit,11d7ce1a0b2f29e76ff7bec887a2144e13bd29997c41b2d3801162c4c2ddb956,20.0,415.0,20.75,34.0,0.65,0.65,370.0,18.5,1304.0,65.2,0.6887353856918648,0.22631578947368422,1546.0,584.0,3.3711292482026116,2.3978952727983707,0.0,5.0,-1.2440564632415771,-1.1364179849624634,0.10763847827911377,1,0.08353177638741974
A38GAVKN4596I3,fit,11d93219027e888c4098a75051dcf2ed90dc3e49b4b96b927960346bc97ff3ea,2.0,33.0,16.5,33.0,0.5,0.5,29.0,14.5,67.0,33.5,0.7810457516339869,0.5620915032679739,155.0,58.0,2.484906649788,1.791759469228055,0.5,5.0,-1.0983479022979736,-0.8780975341796875,0.22025036811828613,1,0.18894771992097154
A1C8B6R6FQNGXF,fit,11e98710fa418c5b74ff500ba65ce20ef6a63a86112f14c5b286cf71e5804f76,6.0,131.0,21.833333333333332,33.0,0.6666666666666666,0.6666666666666666,116.0,19.333333333333332,373.0,62.166666666666664,0.6830409264427247,0.3359375,492.0,174.0,2.1532684192896423,1.0986122886681096,0.6666666666666666,5.0,-1.4854553937911987,-1.4413049221038818,0.044150471687316895,1,0.13719888972900868
AF2GA3EI62GNY,fit,11eddc05213687cdb27734c07f3385b895792332eb7b91d9adbd4245b60f1c38,4.0,132.0,33.0,33.0,1.0,1.0,116.0,29.0,684.0,171.0,0.35595462602737266,0.2478386167146974,344.0,116.0,3.257972868560063,1.6094379124341003,0.25,5.0,-0.7757726907730103,-1.5422974824905396,-0.7665247917175293,0,0.1637997988727111
A3FDLVDWUR93PS,fit,11f41834bed63678d9b1c8dc4ea52d91f4356c191b477ca19daa5d4bd1a106af,2.0,33.0,16.5,33.0,0.5,0.5,29.0,14.5,55.0,27.5,0.8049645390070922,0.6099290780141844,134.0,58.0,3.6950907141132148,2.8903717578961645,0.0,5.0,-0.5655315518379211,-0.6731081604957581,-0.10757660865783691,0,0.22583374611126392
A2ZKB9XFUCOWSH,fit,11f6b77780dd227202b93b4b6f3327092bf4cafbf63568c886dfc5e1986d6d10,2.0,54.0,27.0,28.0,1.0,1.0,54.0,27.0,54.0,27.0,0.7611215538847118,0.7543859649122807,172.0,58.0,2.8965068041920716,2.0794415416798357,0.0,5.0,-0.524171769618988,-2.6609199047088623,-2.1367480754852295,0,0.1294023808283795
A2LMSWLORQEURQ,fit,11f9773354023ec216a4cf73b44e2f2ba6b4c427200adbd8142f9b5978dd444b,3.0,34.0,11.333333333333334,20.0,0.6666666666666666,0.6666666666666666,34.0,11.333333333333334,34.0,11.333333333333334,0.890440251572327,0.8113207547169812,230.0,87.0,3.673476932629654,2.8903717578961645,0.0,5.0,-1.9607349634170532,-2.1346688270568848,-0.17393386363983154,0,0.1843514663421707
A3E24VKTO09LVQ,fit,11fe399b31b63e2c090b9131d407e6a8bbd30df45ba95a08bb63de7afcaf77ef,7.0,166.0,23.714285714285715,33.0,0.8571428571428571,0.8571428571428571,150.0,21.428571428571427,1108.0,158.28571428571428,0.6305262230888691,0.09277238403451996,599.0,203.0,2.6643130262212535,1.9459101490553132,0.14285714285714285,5.0,-0.9288231134414673,-1.1853715181350708,-0.2565484046936035,0,0.10211374465397186
A2FZQF0MH29VYN,fit,1204747ea3a6fb4abf51c5c67d51a56f6790d69e85d5c8af4f1356fc6606e794,5.0,154.0,30.8,34.0,1.0,1.0,138.0,27.6,557.0,111.4,0.4769687124285282,0.3359375,428.0,147.0,2.638974013638215,1.6094379124341003,0.2,5.0,-0.7816597819328308,-0.9058845639228821,-0.12422478199005127,0,0.10969902111265167
A8YA7VIK8BKVC,fit,12067dfd55c3e37446d99eba4c0d1151006d56d9738df73d85eff2625cb36f3d,2.0,67.0,33.5,34.0,1.0,1.0,59.0,29.5,88.0,44.0,0.659471766848816,0.6222222222222222,169.0,59.0,2.7546941683139883,2.5649493574615367,0.0,5.0,-0.042836062610149384,-0.8357528448104858,-0.7929167747497559,0,0.11797563676373736
A3B86I1032MTQ3,fit,1206845fe39e66abd9d60aa9c6a06590cc9d05eeb4348ce914878507fe2ac218,3.0,87.0,29.0,33.0,1.0,1.0,79.0,26.333333333333332,185.0,61.666666666666664,0.6157011820458611,0.450261780104712,258.0,87.0,3.7063905042633585,2.6390573296152584,0.0,5.0,-2.1791892051696777,-2.495339870452881,-0.3161506652832031,0,0.1624290019838042
A2BAAKZHSUGCDP,fit,122063176046293816d734342e2fa86f1a70af9e20e44ab29f8a1574836f5139,4.0,134.0,33.5,34.0,1.0,1.0,118.0,29.5,353.0,88.25,0.5111206963779392,0.3811659192825112,341.0,118.0,3.3228239242698168,2.70805020110221,0.0,5.0,-1.8447105884552002,-1.6970207691192627,0.1476898193359375,1,0.12673032337589374
A31VBJNPAWHUN6,fit,122081826785ddd7b78a868b407ecae94cf07e9ec05b4fe18342fe7cdf6ebe71,3.0,45.0,15.0,33.0,0.6666666666666666,0.6666666666666666,41.0,13.666666666666666,336.0,112.0,0.6957690393230463,0.2097560975609756,238.0,87.0,3.0296168247961575,2.0794415416798357,0.0,5.0,-1.6570037603378296,-1.768965482711792,-0.1119617223739624,0,0.1256944845504333
A3LZBN54U1MR5A,fit,1223c96d27cf771ceda615714a1f76ec54b7614df52d9218ed00cc560ca2a7a9,2.0,66.0,33.0,33.0,1.0,1.0,58.0,29.0,208.0,104.0,0.5213950668496123,0.33204633204633205,172.0,58.0,1.844439727056968,1.6094379124341003,0.5,5.0,-2.1930527687072754,-2.303779125213623,-0.11072635650634766,0,0.09830368288497421
A34QK4KENG0VXQ,fit,1226fc7f9231e941489eed44782cea2717303848d16fc4092358216a209e5898,2.0,59.0,29.5,33.0,1.0,1.0,55.0,27.5,444.0,222.0,0.46924603174603174,0.17063492063492064,172.0,58.0,2.8417898836693407,2.6390573296152584,0.0,5.0,-0.7549906969070435,-1.1860427856445312,-0.4310520887374878,0,0.0805337069202598
A105ME60VV2K2W,fit,122b6681ac5f90b5a9cb499e03ef78fdd39aa3aa1b678c606d1f944454510bad,3.0,66.0,22.0,34.0,0.6666666666666666,0.6666666666666666,58.0,19.333333333333332,883.0,294.3333333333333,0.5876804461942258,0.09375,256.0,87.0,2.0896987612354203,1.791759469228055,0.3333333333333333,5.0,-1.4775699377059937,-1.554067611694336,-0.07649767398834229,0,0.08243460815549167
A2RG4WJUKUP1BX,fit,122f74db1ed8ff6f9f10ac1f771590eb328f9b2560cd3042111a5a2c77a77902,2.0,21.0,10.5,21.0,0.5,0.5,21.0,10.5,21.0,10.5,0.9018691588785046,0.8037383177570093,148.0,58.0,3.451873628792299,1.791759469228055,0.5,5.0,-2.202568292617798,-2.3394646644592285,-0.13689637184143066,0,0.28860047827234664
A12DO6ZFOVON8G,fit,123c54fe32927bbda2b820806f461e0e65fcc209e0084cadd0f64d35f8a9ca57,2.0,33.0,16.5,33.0,0.5,0.5,29.0,14.5,201.0,100.5,0.6498257839721254,0.29965156794425085,136.0,58.0,2.0794415416798357,2.0794415416798357,0.0,5.0,-0.32764583826065063,-8.96420955657959,-8.636563301086426,0,0.09281344286806074
A1ZNKNL4Z0MINN,fit,123e5dbcc4b920f5c346beaf5f9109c4552ac5bace30383db23556cd01f9cba3,3.0,66.0,22.0,33.0,0.6666666666666666,0.6666666666666666,58.0,19.333333333333332,141.0,47.0,0.7113526570048309,0.4673913043478261,212.0,88.0,3.976373159550459,3.7135720667043075,0.0,5.0,-2.0347976684570312,-2.274240255355835,-0.2394425868988037,0,0.2010186432747913
A6816HXDJRHFL,fit,12409ea53cc6c6ef0778d1b835fbfeeb980d1f87351bce7ff9109f0b285d1b2e,5.0,135.0,27.0,33.0,1.0,0.8,119.0,23.8,507.0,101.4,0.5376087189493886,0.30824372759856633,430.0,145.0,2.8897496971540617,1.791759469228055,0.2,5.0,-0.5931792259216309,-0.997585654258728,-0.40440642833709717,0,0.12980293093945267
A1W3BJBH2E48IN,fit,124521976a3eefd68dfac19e651718265e8eb0476a60aa9ab4988cab8420ba3f,4.0,133.0,33.25,34.0,1.0,1.0,117.0,29.25,519.0,129.75,0.40962429403681166,0.3359375,343.0,117.0,2.376497653519285,1.791759469228055,0.25,5.0,-0.982530951499939,-1.4797229766845703,-0.49719202518463135,0,0.10339641427212351
A1VJPT9JEL3C04,fit,1246b1eb717a15e3003a094e8aba67729a1fd7631962b8ce2482af0805ecfc9d,2.0,66.0,33.0,33.0,1.0,1.0,58.0,29.0,169.0,84.5,0.5345606999635435,0.4075829383886256,172.0,58.0,2.8903717578961645,2.4849066497880004,0.0,5.0,-1.77670419216156,-1.7662856578826904,0.010418534278869629,0,0.1169351457989509
A3Z9QN0RCOHEY,fit,124874a609b4a16bf2ae0fb9dc911b9dcaf7a975c75478c7b663d11083cfc670,20.0,331.0,16.55,34.0,0.5,0.5,291.0,14.55,1495.0,74.75,0.7515487759355333,0.09587513935340022,1485.0,583.0,3.302650761877063,1.3862943611198906,0.05,5.0,-1.477285385131836,-1.6261943578720093,-0.14890897274017334,0,0.1377382403756147
A2ODS8JSTWZ2E3,fit,124932a8b0ca020d97b7a3c2bed34e8847a69545862de21ca7ed363e1b60036b,3.0,67.0,22.333333333333332,34.0,0.6666666666666666,0.6666666666666666,59.0,19.666666666666668,149.0,49.666666666666664,0.7126264933482841,0.4271356783919598,217.0,88.0,2.0800919483902565,1.0986122886681096,0.3333333333333333,5.0,-1.963721513748169,-1.9141552448272705,0.04956626892089844,1,0.12652276264545737
AF5Y30EFUDDY3,fit,125102f33704455f7e1535a35e618d418b9fddec4e0fe20f012feaf64e602e0c,4.0,100.0,25.0,34.0,0.75,0.75,88.0,22.0,1206.0,301.5,0.4158647888639968,0.10340632603406326,298.0,117.0,2.483164482458977,2.0794415416798357,0.0,5.0,-1.0137332677841187,-1.2428748607635498,-0.22914159297943115,0,0.09319851015793877
A3AL7WXMX6MLGD,fit,1257ba94d2837a8305e5761db35cffc42b233b7fbccd1df4ec333c095243f5ee,4.0,115.0,28.75,33.0,1.0,1.0,110.0,27.5,147.0,36.75,0.7117799702290873,0.5695364238410596,344.0,116.0,2.126785713890684,1.6094379124341003,0.25,5.0,-1.126283049583435,-1.3811513185501099,-0.2548682689666748,0,0.08722899649386709
A3KKO4KDS1IA9D,fit,125b1d41fbf2edbee81254f3a4d4c00d605521252d9fd208680146d0b6d54157,4.0,81.0,20.25,33.0,0.75,0.75,73.0,18.25,127.0,31.75,0.7686605499492256,0.5512820512820513,298.0,116.0,3.5970740954632587,3.0910424533583156,0.0,5.0,-1.6458762884140015,-2.1284372806549072,-0.48256099224090576,0,0.16061422598820405
A2F72U3CO9ARSM,fit,125dda5bd6f744e3cb7edb71c1535a4720c2784b5ec9002049d13e257c29fff4,3.0,67.0,22.333333333333332,34.0,0.6666666666666666,0.6666666666666666,59.0,19.666666666666668,184.0,61.333333333333336,0.6544973544973546,0.4777777777777778,232.0,88.0,2.6269347815583,1.9459101490553132,0.3333333333333333,5.0,-1.3394362926483154,-1.8940784931182861,-0.5546422004699707,0,0.1572471749754837
A2FP77TBO4YI8C,fit,1261abbe98280a6b097ebf8b502e73cf8f5a0b283a3cb615d967d7d5f53ba09a,4.0,122.0,30.5,35.0,1.0,1.0,110.0,27.5,287.0,71.75,0.5713047315369237,0.4221105527638191,337.0,122.0,2.7854364587071534,1.9459101490553132,0.25,5.0,-0.03135552629828453,-0.03756345063447952,-0.006207924336194992,0,0.12294526278921589
A32BMZA1GEVCU3,fit,1263577a80ddfb40ac300b11b3b6a41c61bef4af498ab5e0df4d9b280bb8d1de,5.0,165.0,33.0,33.0,1.0,1.0,145.0,29.0,632.0,126.4,0.4139306915336249,0.3510204081632653,430.0,145.0,3.4487349684213258,2.833213344056216,0.0,5.0,-1.6432605981826782,-1.6510311365127563,-0.007770538330078125,0,0.1316789864528406
A15GY7YEEQ1OR1,fit,1269a63a1a5182f8e856cfac126055e31649a2fa96be6a9d16c6e0da26344650,4.0,94.0,23.5,34.0,0.75,0.75,86.0,21.5,330.0,82.5,0.6447603800414691,0.26959247648902823,328.0,117.0,3.332057636943324,1.6094379124341003,0.25,5.0,-1.4651917219161987,-1.7772283554077148,-0.3120366334915161,0,0.18350446923420577
AR29QK6HPFYZ4,fit,1271211890739ebb5c2251ff0c10115a43f58f4152181f4e5e2fcd9afdcc0802,2.0,33.0,16.5,33.0,0.5,0.5,29.0,14.5,57.0,28.5,0.8006993006993006,0.6013986013986014,133.0,58.0,3.255129170261575,2.772588722239781,0.0,5.0,-1.2344558238983154,-1.3628036975860596,-0.12834787368774414,0,0.1847725458545152
A3BOQUBLO633PF,fit,12899904bdb24f7c2ef4e962c5fae56671e19d9df849bcb39bbba27441b6e81c,3.0,34.0,11.333333333333334,34.0,0.3333333333333333,0.3333333333333333,30.0,10.0,66.0,22.0,0.8533333333333334,0.56,187.0,88.0,2.580800673938594,1.791759469228055,0.3333333333333333,5.0,-1.0798470973968506,-1.3178250789642334,-0.2379779815673828,0,0.18812408731132407
A3MEMX0XF00TBD,fit,128c72e232d85d67efbbf01487789944852f01228d2577f7639863bf31b5bbb7,20.0,384.0,19.2,36.0,0.6,0.6,340.0,17.0,788.0,39.4,0.7535273506092806,0.3644067796610169,1481.0,589.0,3.411779828805772,1.9459101490553132,0.05,5.0,-1.2403688430786133,-2.534898281097412,-1.2945294380187988,0,0.08324256611818713
AWBVQDOSDEAV0,fit,128cbe19f7c23647bfe05280b6a21c9e798e430b2674c2f08e05a1d418a1072a,3.0,65.0,21.666666666666668,33.0,1.0,1.0,61.0,20.333333333333332,90.0,30.0,0.7617236887650071,0.5972222222222222,256.0,89.0,2.6588651364388585,1.9459101490553132,0.3333333333333333,5.0,-0.6197926998138428,-0.9424934387207031,-0.32270073890686035,0,0.12617089902989853
A2J812QEDM03AS,fit,128f962fc25d9004afb7c52ed81124246225549f087e6b3bce15bbeb50faae1a,8.0,242.0,30.25,33.0,1.0,1.0,219.0,27.375,671.0,83.875,0.5752893329992832,0.31970260223048325,688.0,232.0,3.802192865286277,3.044522437723423,0.0,5.0,-0.714353084564209,-1.4003474712371826,-0.6859943866729736,0,0.11677913092565766
A3V0DQUYBCDKD0,fit,1295746e72b67c6c752f7977c509a4e7f2d7e6ef7035ab3a3ca60990be273549,4.0,67.0,16.75,34.0,0.5,0.5,59.0,14.75,401.0,100.25,0.649480408337918,0.2961672473867596,257.0,117.0,3.3246038302961716,1.6094379124341003,0.25,5.0,-0.6212328672409058,-0.9752615690231323,-0.35402870178222656,0,0.22235662199149547
A289JMKLF9CYZ3,fit,12963fbf3458a13dbdf66bcffefefe8ccb4f23e01240e3ef69104ba0978cdde8,3.0,52.0,17.333333333333332,30.0,0.6666666666666666,0.6666666666666666,51.0,17.0,52.0,17.333333333333332,0.8452572779031046,0.7413793103448276,248.0,88.0,3.2915245141238287,2.3025850929940455,0.0,5.0,-0.9850872755050659,-3.108537197113037,-2.1234498023986816,0,0.1706506773738343
A1FOTWBNLXV5OO,fit,12966c53fb26b11507d478d626413f5690529f47c74b75e670059130081b3e8f,2.0,67.0,33.5,34.0,1.0,1.0,59.0,29.5,298.0,149.0,0.3633109292811222,0.3559322033898305,170.0,59.0,3.045654941038849,2.833213344056216,0.0,5.0,-1.333004117012024,-1.5239359140396118,-0.1909317970275879,0,0.11810850413184146
A3SUP9JD9FDHN2,fit,12a856be827966369b613d4c17f1ae592b7fe19e189314c5cc726a2034435a5d,7.0,191.0,27.285714285714285,33.0,0.8571428571428571,0.8571428571428571,171.0,24.428571428571427,552.0,78.85714285714286,0.5804473314940947,0.35537190082644626,586.0,203.0,2.723920785630201,2.0794415416798357,0.0,5.0,-0.866341233253479,-1.1513105630874634,-0.2849693298339844,0,0.09015636543266127
A2K1H0ML6NZPB6,fit,12b3b13e41b1903fb5affb1299638b73ea0053a5b04ff214931006d85e2d41e2,3.0,80.0,26.666666666666668,33.0,1.0,1.0,72.0,24.0,483.0,161.0,0.466605300953127,0.2492753623188406,258.0,87.0,1.5958305809273485,1.3862943611198906,1.0,5.0,-1.6693918704986572,-1.8043920993804932,-0.13500022888183594,0,0.10895959151098525
A35ARMKIU5UCM,fit,12b5efce56ef861fe38d51db60620dc6e77670f464e39a98aaa5cbd249cda411,5.0,90.0,18.0,33.0,0.8,0.6,86.0,17.2,95.0,19.0,0.8348635235732009,0.6935483870967742,389.0,145.0,2.700181879232246,1.791759469228055,0.4,5.0,-0.4684334397315979,-0.5017434358596802,-0.033309996128082275,0,0.1538176701622061
A1APDJ4ZJZEX,fit,12cb95c28b7ae16cdae08493b5e688e2b1702082f4480096321144c30ea1c163,2.0,34.0,17.0,34.0,0.5,0.5,30.0,15.0,118.0,59.0,0.7093596059113301,0.4187192118226601,141.0,59.0,3.705173548910512,3.3672958299864737,0.0,5.0,-1.6119238138198853,-1.4507131576538086,0.16121065616607666,1,0.20298885613660245
AEMV9IMH665B9,fit,12ccc3a11d0d2a264d2d4913f885e22288abd114e46b51196d928cc86da77851,20.0,549.0,27.45,34.0,0.9,0.85,489.0,24.45,2008.0,100.4,0.5649046437740521,0.2413793103448276,1661.0,584.0,2.8870677953631656,1.3862943611198906,0.15,5.0,-0.6199501752853394,-0.3205394744873047,0.29941070079803467,1,0.0733931078787493
A2TCG2HV1VJP6V,fit,12cead758854e09a20bf4588bd4a35108c77977e3e151748589de6859d3ebf71,2.0,33.0,16.5,33.0,0.5,0.5,29.0,14.5,453.0,226.5,0.5797773654916512,0.15955473098330242,130.0,58.0,2.8518912373281005,1.791759469228055,0.5,5.0,-1.5717425346374512,-1.3824044466018677,0.1893380880355835,1,0.15904351989049154
APQMHDPUMROOK,fit,12d26d803600ec964ca4558e81742491451535d6eee70017465e169c8bdc7b87,3.0,57.0,19.0,33.0,0.6666666666666666,0.6666666666666666,53.0,17.666666666666668,75.0,25.0,0.8022727272727272,0.625,229.0,88.0,4.172878779033236,3.5553480614894135,0.0,5.0,-0.2573172450065613,-0.21955840289592743,0.03775884211063385,1,0.2279456241168249
A230MXOPPE503H,fit,12d3a5813c30adaf68c85cba76a46e03907463860dcff941038ec20c5fe81eec,4.0,132.0,33.0,33.0,1.0,1.0,116.0,29.0,515.0,128.75,0.43695165911590594,0.27564102564102566,344.0,116.0,2.540229145454222,1.9459101490553132,0.25,5.0,-0.37437230348587036,-1.007204294204712,-0.6328319907188416,0,0.10618353033622877
A3VFK4J8M70O9E,fit,12d3d031797a6ec67c22fc30463355403b99fc34669c332c12e1bd92786fcae6,5.0,124.0,24.8,33.0,0.8,0.8,112.0,22.4,198.0,39.6,0.7252669010733527,0.4725274725274725,399.0,146.0,2.337765290792252,1.3862943611198906,0.6,5.0,-1.6821391582489014,-1.9436395168304443,-0.26150035858154297,0,0.13388290083653842
A3HJPO9F59YA98,fit,12d81a509b56fb11db3f51c4f9367e428d71c117cf37ada67c5d933748278b56,3.0,89.0,29.666666666666668,34.0,1.0,1.0,81.0,27.0,185.0,61.666666666666664,0.6076357811589879,0.48863636363636365,257.0,88.0,1.8782632010564164,1.3862943611198906,0.6666666666666666,5.0,-1.2370631694793701,-1.7115452289581299,-0.47448205947875977,0,0.11547993350312073
A2ZCFVF6U2AHSN,fit,12dae0b3052ceb39f36b373b11e2195a885aae6b6b4978a3d0d1b8e0bd42f548,2.0,0.0,0.0,0.0,0.0,0.0,0.0,0.0,0.0,0.0,1.0,1.0,127.0,58.0,2.2924837393352857,1.9459101490553132,0.5,5.0,-0.3857651352882385,-0.4015432298183441,-0.01577809453010559,0,0.20715513692370865
A1KBZLR15QT6F9,fit,12e64a7cabdc4a672e9c9bcfc7c493a7a79382a958a5b668aa0912e1dfd748d3,4.0,105.0,26.25,34.0,1.0,0.75,93.0,23.25,792.0,198.0,0.48848445085798914,0.1360759493670886,343.0,117.0,2.995131552399913,2.0794415416798357,0.0,5.0,-0.9927269220352173,-1.1582510471343994,-0.16552412509918213,0,0.11452542622653729
A3NQLKUNEG474M,fit,12e74bd3d8f2a5c7a2e758b32a0937b2789910ea104b77ec28c61535abed1403,2.0,33.0,16.5,33.0,0.5,0.5,29.0,14.5,43.0,21.5,0.8333333333333333,0.6666666666666666,163.0,58.0,2.9661225937240054,2.5649493574615367,0.0,5.0,-1.3203474283218384,-1.4949113130569458,-0.17456388473510742,0,0.16492679957560338
AXUD0WYLU4OU4,fit,12ebe16228e2a0aa34e3caf90ba35eba8b8ace32323b0f8853bb5bb349fc1375,3.0,103.0,34.333333333333336,35.0,1.0,1.0,91.0,30.333333333333332,409.0,136.33333333333334,0.44614501538320245,0.2754098360655738,253.0,91.0,2.396640723581936,1.791759469228055,0.3333333333333333,5.0,-0.5789390802383423,-1.744566559791565,-1.1656274795532227,0,0.10986779695181811
A1OJ2JMC9B4HLZ,fit,12edb26078ab6f003a63188478f06991d46f8c240956d4395f735c130156e1f7,2.0,33.0,16.5,33.0,0.5,0.5,29.0,14.5,38.0,19.0,0.8467741935483871,0.6935483870967742,135.0,59.0,4.074222833121618,3.6375861597263857,0.0,5.0,-1.6521008014678955,-2.0006062984466553,-0.34850549697875977,0,0.2536453191436564
A3AM4NVJRPA2TT,fit,12f053936d1673daa4e1159b6a56749c1952c74defea086228493da74f4295fa,2.0,33.0,16.5,33.0,0.5,0.5,29.0,14.5,93.0,46.5,0.7402234636871509,0.48044692737430167,158.0,59.0,3.2392548211042844,1.9459101490553132,0.5,5.0,-1.9624344110488892,-1.8632707595825195,0.09916365146636963,1,0.25779600184112633
AY94CUC7YHCN,fit,12fce8b8338a8656061e37e34ec66ea431415bf1a00ba4a256f42ecbc7d1a26f,2.0,56.0,28.0,33.0,1.0,1.0,52.0,26.0,60.0,30.0,0.7440889087789961,0.6991869918699187,172.0,58.0,2.34106561356211,2.197224577336219,0.0,5.0,-2.189840793609619,-2.6302270889282227,-0.4403862953186035,0,0.09581939861327421
A1IQ68HCRAHUJ5,fit,12fcea07ef72b76405bb156cf1084c003500bc9087ba97fd7165cfada98a687e,3.0,99.0,33.0,33.0,1.0,1.0,87.0,29.0,214.0,71.33333333333333,0.5508310700367581,0.5029239766081871,258.0,87.0,3.8871496376713197,3.2580965380214817,0.0,5.0,-1.392662525177002,-1.5417592525482178,-0.14909672737121582,0,0.17469910535754077
A1OUQCTNVKPVR9,fit,12fd441262e7137a4e9e3e853c4c5a31d2bfa6949c449f8a425712b6ec84a9a3,3.0,94.0,31.333333333333332,33.0,1.0,1.0,86.0,28.666666666666668,158.0,52.666666666666664,0.6311695906432749,0.5657894736842105,258.0,87.0,2.221469673450136,1.9459101490553132,0.6666666666666666,5.0,-0.7921369075775146,-0.7908051013946533,0.0013318061828613281,0,0.13258322446232398
A1Y2MU208EZ8HS,fit,1308eb1ca9fa3607c7807cf89a866bc75616c9a347a234229613b522fdf8baaa,2.0,33.0,16.5,33.0,0.5,0.5,29.0,14.5,86.0,43.0,0.75,0.5,135.0,58.0,2.9907071056272403,2.3978952727983707,0.0,5.0,-0.44234591722488403,-0.9623316526412964,-0.5199857354164124,0,0.16335100379164924
A3RY92VWOYZWA5,fit,131cb3709de381e68aa6604f94af1c7ec7f731a2ee21d42f0b6f28a0950cb821,2.0,32.0,16.0,32.0,0.5,0.5,30.0,15.0,32.0,16.0,0.8620689655172413,0.7241379310344828,166.0,59.0,2.6711671259824055,2.3978952727983707,0.0,5.0,-0.37638726830482483,-0.32639217376708984,0.049995094537734985,1,0.1456471993204717
AFRIWX8FP7L1P,fit,132451c5797a9d19552e5c872c62cc1a30ecef73e96b2a8e04b39eee98628d57,2.0,33.0,16.5,33.0,0.5,0.5,29.0,14.5,116.0,58.0,0.7128712871287128,0.42574257425742573,134.0,58.0,2.7276605576788504,2.197224577336219,0.0,5.0,-1.515379786491394,-1.5488805770874023,-0.0335007905960083,0,0.14149803846825376
A2WU1CT9AXRS33,fit,13267b4b02d9ec4e46a9fc30376900c08d02bd61b03b4bea9165e7e4ae868425,2.0,47.0,23.5,33.0,1.0,1.0,43.0,21.5,163.0,81.5,0.6129787234042553,0.3659574468085106,172.0,58.0,2.0126758453675744,1.9459101490553132,0.5,5.0,-1.7080726623535156,-1.8708187341690063,-0.16274607181549072,0,0.09830871273247509
A375ZZTRRLXR7G,fit,132acca7e76072100a53902430ad46df01fd401e5503ed84c2ab83fb30dedc3b,2.0,66.0,33.0,33.0,1.0,1.0,58.0,29.0,192.0,96.0,0.4777340292403015,0.42786069651741293,172.0,58.0,3.1780538303479453,2.8903717578961645,0.0,5.0,-0.9479206800460815,-1.0328853130340576,-0.08496463298797607,0,0.13219359321862756
A3GYC1655EN2UQ,fit,132c37e8b25dee613b5bf40e987804eb46fb252d10294ce147d670020c38b029,3.0,66.0,22.0,33.0,1.0,1.0,62.0,20.666666666666668,67.0,22.333333333333332,0.79779817787604,0.7166666666666667,257.0,88.0,2.0741920893571226,1.9459101490553132,0.3333333333333333,5.0,-2.165139675140381,-2.140162706375122,0.02497696876525879,1,0.09515107560954593
A2LJAQ5OCLTU10,fit,132f61e38de79c16f55b5fdcc6fe61725bb82aa01c763efb9839cd64b413dd2b,3.0,99.0,33.0,33.0,1.0,1.0,87.0,29.0,930.0,310.0,0.47031806740544607,0.09277238403451996,258.0,87.0,3.2350122046040966,2.995732273553991,0.0,5.0,-2.1301910877227783,-2.8333427906036377,-0.7031517028808594,0,0.08810339382122616
A34IS8UWEQLWOL,fit,13320ee0428cfae0d99ed9ae3140f7651e999f8834f3267c62d00574372734bd,2.0,0.0,0.0,0.0,0.0,0.0,0.0,0.0,0.0,0.0,1.0,1.0,123.0,58.0,2.70805020110221,1.6094379124341003,0.5,5.0,-1.2858607769012451,-1.3557984828948975,-0.06993770599365234,0,0.2604428579235018
A3MHUT3SV5NI6V,fit,1341a2aab3603f83db0c425a463d810cb9cd7eb322c76fb529796474f3148a1a,3.0,100.0,33.333333333333336,34.0,1.0,1.0,88.0,29.333333333333332,379.0,126.33333333333333,0.4135493098800413,0.3346303501945525,256.0,88.0,3.8272825031331217,2.995732273553991,0.0,5.0,-0.25844839215278625,-0.8818160891532898,-0.6233676671981812,0,0.16835739142621475
A89ZZKNDFQH23,fit,1342913313778e88475ece8b04136a4df74a15aa144a5903a58eda0426e90a70,20.0,455.0,22.75,35.0,0.75,0.7,407.0,20.35,1441.0,72.05,0.6798787793709695,0.17659137577002054,1533.0,587.0,3.505414537155752,1.6094379124341003,0.05,5.0,-0.725770115852356,-0.8262815475463867,-0.10051143169403076,0,0.09406910494341912
A13WNQJ6YCYPJX,fit,1345f7ad9c8e3900ffc7ce383d5fc20985a98579cd6844477fb2eb4be926e385,2.0,16.0,8.0,16.0,0.5,0.5,16.0,8.0,16.0,8.0,0.9215686274509804,0.8431372549019608,125.0,58.0,3.623540292292878,2.197224577336219,0.0,5.0,-2.453998565673828,-2.5664520263671875,-0.11245346069335938,0,0.22064923617836674
A3A31QU1F6KCUX,fit,13615f7aa8bb2a64ac0df127a220a6ab6036da50b0edf6999a904817362f7cf7,2.0,31.0,15.5,31.0,0.5,0.5,29.0,14.5,31.0,15.5,0.8675213675213675,0.7350427350427351,170.0,58.0,2.2154083994216567,1.9459101490553132,0.5,5.0,-0.12414173781871796,-0.4478277564048767,-0.32368600368499756,0,0.16666910260639334
A14CPE16HGLDW2,fit,136d2124effc3fe75b64b6432bc7d73aa03a44fd68f6061ba1700dbb47656820,3.0,72.0,24.0,33.0,1.0,0.6666666666666666,64.0,21.333333333333332,220.0,73.33333333333333,0.6428420200915858,0.33725490196078434,258.0,87.0,1.5958305809273485,1.3862943611198906,1.0,5.0,-1.2559494972229004,-1.226723313331604,0.029226183891296387,1,0.1304486906678846
A3UX3UDVQ9OHLI,fit,138042fc252ddfc3c7e84bf42c05a2c4598d7252917f1ee10b77a0a5cbb78a40,5.0,106.0,21.2,33.0,0.8,0.8,98.0,19.6,112.0,22.4,0.80644561807463,0.688,406.0,146.0,2.503621161769157,1.6094379124341003,0.6,5.0,-0.2985604703426361,-0.35833901166915894,-0.05977854132652283,0,0.14758136310374223
A3JVUAN6RI36EE,fit,138306ffaeac45c3a18825df04bd298fb30bd81262cc20711f6cbe7eb9e9cf8d,3.0,41.0,13.666666666666666,34.0,0.6666666666666666,0.3333333333333333,37.0,12.333333333333334,106.0,35.333333333333336,0.7955625681782764,0.46195652173913043,225.0,88.0,1.8876534933786484,1.0986122886681096,0.6666666666666666,5.0,-1.426584243774414,-1.6990070343017578,-0.27242279052734375,0,0.15921509867402248
A2K6T14EI8G5SN,fit,13840f535a9b379d7364a3a77bbd087dfd9f29721a6e7d1070c47f56755ad452,2.0,66.0,33.0,33.0,1.0,1.0,58.0,29.0,235.0,117.5,0.44003318917831635,0.3524590163934426,172.0,58.0,3.5773076784568314,2.3025850929940455,0.0,5.0,-1.9317753314971924,-2.196782350540161,-0.26500701904296875,0,0.1662740278184536
A25FWP777WLEHO,fit,1385738e19b386d7d4e4e19f7b6538df4d2da84cf822f80b1b8d47215f9cbe7a,3.0,57.0,19.0,33.0,0.6666666666666666,0.6666666666666666,53.0,17.666666666666668,160.0,53.333333333333336,0.7230685230685231,0.38738738738738737,218.0,88.0,3.102125853391042,2.0794415416798357,0.0,5.0,-0.9629472494125366,-0.9894865155220032,-0.026539266109466553,0,0.14856863677567525
A3ETNS9H2MOHUZ,fit,138a2ab4741ca2979b4c5294f4525d546025cd8243768f8db67fa600856b61b1,2.0,5.0,2.5,5.0,0.5,0.0,5.0,2.5,5.0,2.5,0.9725274725274725,0.945054945054945,166.0,59.0,2.359249435647547,1.9459101490553132,0.5,5.0,-1.2683031558990479,-1.3563576936721802,-0.08805453777313232,0,0.1920052327634748
A15FLIW5C7UBRV,fit,1393dcccdc40cbdbb757d399717f7d0c1ff705bda8db1f5e9d3bc81ebf08491a,8.0,68.0,8.5,33.0,0.375,0.25,60.0,7.5,162.0,20.25,0.88553533160388,0.41346153846153844,597.0,235.0,2.865082699953698,1.791759469228055,0.25,5.0,-1.264736294746399,-1.4078309535980225,-0.14309465885162354,0,0.16846477405665974
A24HD3TRDRTNM9,fit,1397e8b83fa1dae3002c88187b64b11c21df85965e0f5e37fd4386ef567ab4a8,4.0,102.0,25.5,34.0,1.0,0.75,90.0,22.5,252.0,63.0,0.6261042074044433,0.48863636363636365,342.0,118.0,3.7964981400169844,1.9459101490553132,0.25,5.0,-1.128461480140686,-1.2310316562652588,-0.10257017612457275,0,0.22666583079775096
AU4T575EPA0FQ,fit,1399ce9c142e321917b67e72701b4750506ce87969369e18fdfb1995fbe51009,6.0,158.0,26.333333333333332,34.0,1.0,1.0,146.0,24.333333333333332,320.0,53.333333333333336,0.6689021295810985,0.3722943722943723,512.0,177.0,2.9719923529041163,1.791759469228055,0.16666666666666666,5.0,-1.1560471057891846,-1.7965612411499023,-0.6405141353607178,0,0.10619520570366654
A2868V503LH1NV,fit,139acc384efda4927547430d0c5512e3aae6b57e1804541707137fbba0a5bf6f,2.0,61.0,30.5,33.0,1.0,1.0,57.0,28.5,109.0,54.5,0.6346780123962601,0.5149700598802395,172.0,58.0,3.1639683918645973,2.995732273553991,0.0,5.0,-1.51175057888031,-1.6141061782836914,-0.10235559940338135,0,0.13048731191306936
A39F5YVCRG7QXA,fit,139d3c8ebcffd5d77bf2e2ffd73efdf58da355313f0cebb04610af129f34b1a4,2.0,66.0,33.0,33.0,1.0,1.0,58.0,29.0,276.0,138.0,0.384555037013196,0.35564853556485354,171.0,58.0,3.425592463746871,3.044522437723423,0.0,5.0,-0.3242339789867401,-0.5073782205581665,-0.1831442415714264,0,0.14064741619045512
A3EIMV2KXH9FWB,fit,13a4f695abb30fa74386b05ecbefc6cddfd4f281f7fff17d210d297aa4d531fc,3.0,54.0,18.0,33.0,0.6666666666666666,0.6666666666666666,50.0,16.666666666666668,68.0,22.666666666666668,0.8167849530367975,0.6466165413533834,216.0,87.0,2.723583807919178,2.5649493574615367,0.0,5.0,-1.4575529098510742,-2.5467476844787598,-1.0891947746276855,0,0.12387508381698242
A2XP4YDXVOA892,fit,13aba1eca9083c310704d72f750c526215845b252a0bab6f1079a48f7505bd01,2.0,33.0,16.5,33.0,0.5,0.5,29.0,14.5,76.0,38.0,0.7654320987654322,0.5308641975308642,140.0,58.0,3.332204510175204,3.332204510175204,0.0,5.0,-0.7828269600868225,-0.7125536799430847,0.07027328014373779,1,0.17611575592702777
A2DETO2H7NE3X4,fit,13bd02af2f48c92960e0a96af30cfb0e8b86a89706ce1c8b95a3c39513c9252f,5.0,133.0,26.6,34.0,1.0,0.8,121.0,24.2,244.0,48.8,0.7032639340105756,0.37117903930131,428.0,147.0,2.8442719184726615,2.0794415416798357,0.0,5.0,-0.8339489698410034,-0.7172539234161377,0.11669504642486572,1,0.09838767407085953
A1V1J0U6T09U1T,fit,13bdfeef0cb206af2d90fe3b5c429636df5df04029dca0456b4e45dfbfdcc22d,3.0,49.0,16.333333333333332,32.0,0.6666666666666666,0.6666666666666666,46.0,15.333333333333334,49.0,16.333333333333332,0.8545883385442378,0.7288135593220338,238.0,87.0,3.222757139995883,2.0794415416798357,0.0,5.0,-0.6692282557487488,-0.7145583033561707,-0.045330047607421875,0,0.16946711701007397
A1PAQFZ8RHMZ5A,fit,13c1521fa6663a02c1ed5c2f0adfe8967cb1c066c92f78a0e5f7e1cdc35ab5ad,2.0,43.0,21.5,33.0,1.0,1.0,39.0,19.5,130.0,65.0,0.6566545307443366,0.4174757281553398,172.0,58.0,2.9674470978097935,2.197224577336219,0.0,5.0,-1.4527705907821655,-1.4779638051986694,-0.025193214416503906,0,0.11499218524407184
A2LJE0N3GQAIAS,fit,13c8544f4bba437a2308d44505610867e1d94486fd92c22ad4cd444db473d698,2.0,66.0,33.0,33.0,1.0,1.0,58.0,29.0,297.0,148.5,0.42146290491118077,0.26959247648902823,172.0,58.0,4.354650024472495,4.290459441148391,0.0,5.0,-0.9527080655097961,-1.0944817066192627,-0.14177364110946655,0,0.18242049985209144
A2E19EK7RLVK59,fit,13cbbb1f1d3cfc596912700fe512995d8e0e4ac56265df696e5ae8bd7fe26fb5,2.0,3.0,1.5,3.0,0.5,0.0,3.0,1.5,3.0,1.5,0.9831460674157304,0.9662921348314607,152.0,58.0,2.1910133173369406,2.0794415416798357,0.0,5.0,-0.9178569912910461,-1.1034598350524902,-0.1856028437614441,0,0.12483645772720393
A239PBBB2650QM,fit,13cd098b2591b75f7e62ba9dab060c918ee25d6afe2b44a76fe864790fe8af02,2.0,66.0,33.0,33.0,1.0,1.0,58.0,29.0,180.0,90.0,0.4938013832702597,0.44329896907216493,172.0,58.0,2.0871936349478184,1.6094379124341003,0.5,5.0,-1.5263766050338745,-1.9160621166229248,-0.3896855115890503,0,0.12174661162670435
A2D9JBCYNAL56W,fit,13cd2561de3be389530c07799f5ee690882da1426407e77af9c860bbadf07d3d,13.0,299.0,23.0,33.0,0.9230769230769231,0.7692307692307693,272.0,20.923076923076923,738.0,56.76923076923077,0.6834263478409438,0.2920962199312715,1107.0,379.0,1.9442423763992998,1.3862943611198906,0.6153846153846154,5.0,-1.0514171123504639,-1.4234554767608643,-0.3720383644104004,0,0.06578773454939993
A2J39GPS8D4YJI,fit,13d12f7d8a8f4d5f00c5885b61adedc1b53598ea1692ce3b8f97837d993bb483,8.0,233.0,29.125,34.0,0.875,0.875,205.0,25.625,477.0,59.625,0.619703231880458,0.46195652173913043,658.0,234.0,3.327210997101254,2.70805020110221,0.0,5.0,-0.1881268322467804,-0.22567586600780487,-0.037549033761024475,0,0.10411259481920107
ABB06DY4Y525K,fit,13dd895c9fde6356b88abfe724c4499f5df1349e6ee5fe1615d503d6fa1b26cf,3.0,71.0,23.666666666666668,33.0,1.0,0.6666666666666666,63.0,21.0,162.0,54.0,0.6884773050132993,0.41545893719806765,258.0,87.0,3.50586384191854,2.995732273553991,0.0,5.0,-1.318356990814209,-1.32999587059021,-0.011638879776000977,0,0.1545804974905377
A11PA1KJ6M0KD,fit,13e442b3c2f9f58f89f536a58fcbae37561fc1865a02d15c7984c08216736461,3.0,77.0,25.666666666666668,33.0,1.0,1.0,69.0,23.0,145.0,48.333333333333336,0.6708374849648088,0.5408805031446541,258.0,87.0,2.320747821422069,1.3862943611198906,0.3333333333333333,5.0,-1.2610867023468018,-1.4549909830093384,-0.19390428066253662,0,0.11488158520192837
A3AX59GEBFMNG5,fit,13ee7fecec75e37c9255691e9d55d9af4413ddf5eab1b725126c243b4b216139,11.0,248.0,22.545454545454547,35.0,0.8181818181818182,0.8181818181818182,224.0,20.363636363636363,548.0,49.81818181818182,0.6941893456717305,0.38181818181818183,902.0,322.0,1.9285145596218072,1.0986122886681096,0.7272727272727273,5.0,-1.071227788925171,-1.1103757619857788,-0.03914797306060791,0,0.08518283845693227
AG990YPK6WQLN,fit,13f57dfd700e7a808f399d4cf72f401d5aabdfb3a677fd27d262528422e7cb70,2.0,33.0,16.5,33.0,0.5,0.5,29.0,14.5,52.0,26.0,0.8115942028985508,0.6231884057971014,167.0,58.0,3.988640993377575,3.4339872044851463,0.0,5.0,-0.7452148795127869,-1.027432918548584,-0.2822180390357971,0,0.24284329591870732
A2EGMFOJ97FN8N,fit,13f9c143ae24b0359d65e6250913e1c0a6bcb23974611c558b084ab130c99888,2.0,38.0,19.0,33.0,1.0,0.5,34.0,17.0,55.0,27.5,0.7873422873422873,0.6296296296296297,171.0,58.0,2.0794415416798357,2.0794415416798357,0.0,5.0,-1.6815922260284424,-1.7343828678131104,-0.05279064178466797,0,0.09700187604628427
A39IC6CLYV5V3F,fit,13fb921929371ed4ebaa3c785dae03e0066df1d93475d56061cf4ec0d909f52e,2.0,66.0,33.0,33.0,1.0,1.0,58.0,29.0,115.0,57.5,0.6005352798053528,0.5733333333333334,172.0,58.0,4.139087145471869,3.4339872044851463,0.0,5.0,-1.1753963232040405,-1.6469800472259521,-0.4715837240219116,0,0.21187387728380533
A3LA01QM2IU080,fit,1400322d5969c008ed9db646bee55c9e6badc2ad6654a3584b89dbffc91163d9,3.0,41.0,13.666666666666666,34.0,0.6666666666666666,0.3333333333333333,37.0,12.333333333333334,60.0,20.0,0.8468910705937355,0.6159420289855072,243.0,89.0,2.824622688892621,2.197224577336219,0.0,5.0,-0.3174428939819336,-0.6332914233207703,-0.31584852933883667,0,0.1527334420376643
A1GPP1IX6JZCP0,fit,14041957b8824b31e036529bc52a15a90528b8b89e92893f7cbda0c89df35bc8,12.0,265.0,22.083333333333332,36.0,0.75,0.75,241.0,20.083333333333332,809.0,67.41666666666667,0.707919907246133,0.16666666666666666,940.0,353.0,2.3795232930931913,1.0986122886681096,0.4166666666666667,5.0,-0.9329755902290344,-1.0445388555526733,-0.11156326532363892,0,0.09069247984612792
AODZXY5RCM4QT,fit,140636689b21183157a3f432859823f8766c4eed5458f6bb70f7d2ffc05164dd,6.0,173.0,28.833333333333332,33.0,1.0,1.0,157.0,26.166666666666668,318.0,53.0,0.6656834508369741,0.3644067796610169,516.0,174.0,2.122572565049096,1.791759469228055,0.6666666666666666,5.0,-1.276803970336914,-1.8943783044815063,-0.6175743341445923,0,0.09205876982384413
A1Q48I7K1Y6K5T,fit,1416919596d892d6da26538c982b9a3fef4638a2c6801e0ae04b8db03c959091,9.0,159.0,17.666666666666668,33.0,0.5555555555555556,0.5555555555555556,143.0,15.88888888888889,552.0,61.333333333333336,0.7082052216751147,0.33992094861660077,713.0,260.0,2.0229449847356014,1.6094379124341003,0.5555555555555556,5.0,-0.03325221687555313,-8.292243957519531,-8.258992195129395,0,0.1127184989046049
A36ZZM8MREDUSX,fit,141d7c0426dace91597fe66c3b7161559e85decbc28885e318686a2ae994e4b9,2.0,66.0,33.0,33.0,1.0,1.0,58.0,29.0,116.0,58.0,0.5979431220124571,0.5771812080536913,172.0,58.0,3.128833793941319,2.197224577336219,0.0,5.0,-1.5555956363677979,-2.148059606552124,-0.5924639701843262,0,0.14756903362842336
AT1RF4WNPGGLC,fit,1429daa03fa230d2dbc58dc8027d16ff4916febe3420a0a4924828b8cbe3e231,20.0,528.0,26.4,35.0,0.85,0.85,472.0,23.6,1423.0,71.15,0.6200646283535174,0.2910958904109589,1640.0,586.0,3.27321033433955,2.772588722239781,0.0,5.0,-0.1557030975818634,-0.057016752660274506,0.0986863449215889,1,0.052477318986775774
A3F5RK1VFSUUXQ,fit,142eb3f758201bd8b177a9dd19ebd058c0c0a32dd51eac1f99f6012ae0b65392,3.0,95.0,31.666666666666668,33.0,1.0,1.0,87.0,29.0,351.0,117.0,0.5142703722988805,0.25748502994011974,258.0,87.0,2.8127166613585945,1.9459101490553132,0.3333333333333333,5.0,-1.1622097492218018,-2.0605359077453613,-0.8983261585235596,0,0.1289675580827781
AUJ9F4P9W8NGW,fit,143480c649181ee04c7b2c5ce946daaf4f0c6f0c56087c3ada7aa8bb5d5e83dd,3.0,33.0,11.0,33.0,0.3333333333333333,0.3333333333333333,29.0,9.666666666666666,59.0,19.666666666666668,0.864367816091954,0.593103448275862,204.0,88.0,4.01555159503217,2.772588722239781,0.0,5.0,-1.4495012760162354,-1.546565055847168,-0.09706377983093262,0,0.27152635376131373
AOEUN9718KVRD,fit,143a901c61b180cffeafccac7df8bcc90f4b08eaaba15ee7e377ac6c34bd7eeb,20.0,431.0,21.55,34.0,0.75,0.75,387.0,19.35,1647.0,82.35,0.6775994212813848,0.11716621253405994,1614.0,586.0,3.2350808622099456,1.6094379124341003,0.05,5.0,-1.023810625076294,-1.5704082250595093,-0.5465975999832153,0,0.08945559896051127
A1WD8G6TYUMNJG,fit,144b195abe1a2569c31636c90239b6cc8bfe86a87fb2bf67cea8992fb27e91a4,2.0,41.0,20.5,33.0,1.0,1.0,37.0,18.5,177.0,88.5,0.6260742594910305,0.33725490196078434,172.0,58.0,1.4978661367769954,1.3862943611198906,1.0,5.0,-1.2071565389633179,-1.2012654542922974,0.005891084671020508,0,0.10687696335236026
A26P9PKBLP8QBY,fit,144c4a674570722f9f4562135db9eeddea2e154650365e19a270bd278151618f,3.0,82.0,27.333333333333332,33.0,1.0,1.0,74.0,24.666666666666668,140.0,46.666666666666664,0.6719308324029815,0.5308641975308642,258.0,87.0,2.028924908970769,1.3862943611198906,0.3333333333333333,5.0,-0.9259132146835327,-0.9427369832992554,-0.016823768615722656,0,0.09825677971942187
A1NEP2IL0D9N66,fit,145b3a6bfe3785484be7d561a115cea3eb616b73426f1da9af7b530ea0fdc8b2,2.0,66.0,33.0,33.0,1.0,1.0,58.0,29.0,346.0,173.0,0.33786879029199846,0.2935153583617747,172.0,58.0,2.5184763012068148,2.3978952727983707,0.0,5.0,-1.1592744588851929,-1.1825166940689087,-0.02324223518371582,0,0.08792144353741566
A2SQFFQRZX0GEJ,fit,14659401c69e337ae51f46679789b58bc852fadec0288f0e4685eb9aa8dfe8a8,2.0,66.0,33.0,33.0,1.0,1.0,58.0,29.0,105.0,52.5,0.6209467208841623,0.6187050359712231,172.0,58.0,3.1249876211297414,2.6390573296152584,0.0,5.0,-1.7661848068237305,-1.7006679773330688,0.06551682949066162,1,0.14155933503889417
A329W2R4PIFVQC,fit,1468cd9b9a84e239f69f4ffbef0c0d0280f42343d16336c131e4f90c6d136965,3.0,84.0,28.0,33.0,1.0,1.0,79.0,26.333333333333332,162.0,54.0,0.6595970324965307,0.4336734693877551,257.0,87.0,1.5607104090414066,1.0986122886681096,1.0,5.0,-0.18567852675914764,-0.4811832904815674,-0.29550474882125854,0,0.12011454008363298
A2AZKIANQ7RXBO,fit,147006d7476a7e33b27d3a2151e00ff7e48998f83b23139b356f63a3e14df655,2.0,8.0,4.0,8.0,0.5,0.5,8.0,4.0,8.0,4.0,0.9574468085106382,0.9148936170212766,145.0,58.0,3.6632328069201607,2.995732273553991,0.0,5.0,-1.2078306674957275,-1.2009880542755127,0.006842613220214844,0,0.19627933913117795
A14X8PU4E3APFE,fit,1470bca977c7fd3f76761252ba19b036212461d9c77e2749837fc64f1f8a98d4,18.0,507.0,28.166666666666668,34.0,0.9444444444444444,0.8888888888888888,451.0,25.055555555555557,2844.0,158.0,0.5132808580380693,0.09277238403451996,1544.0,522.0,2.4980208709397447,1.3862943611198906,0.3888888888888889,5.0,-0.8372021913528442,-0.9518628120422363,-0.11466062068939209,0,0.11858908130096737
A2ZXTFYBCBZSRH,fit,147906f101e2ba76794b58df9afa70cc25bd7e4d152aeb42f5cafc61b9ad07a0,2.0,67.0,33.5,34.0,1.0,1.0,59.0,29.5,118.0,59.0,0.6031463414634146,0.5182926829268293,171.0,59.0,2.770631772579213,2.70805020110221,0.0,5.0,-0.2549608051776886,-2.0599215030670166,-1.8049607276916504,0,0.11301376649068903
A1EM9H1FJTEO4E,fit,147cf007530741ac74d7b2c279d103c9315840ebcb4062c26aa996efdce84c88,4.0,77.0,19.25,33.0,0.75,0.75,69.0,17.25,267.0,66.75,0.6837015642687706,0.3269961977186312,316.0,116.0,2.4175734163421043,1.6094379124341003,0.5,5.0,-1.642646074295044,-1.4622013568878174,0.18044471740722656,1,0.13662930087139807
A3KS3XYBP6YCFO,fit,14817cab2aa90f7c0a9ea4dce3d23c2ec7dfad68b8e9aea378f1fb4de7ea4c08,7.0,138.0,19.714285714285715,34.0,0.7142857142857143,0.7142857142857143,126.0,18.0,384.0,54.857142857142854,0.73280128153639,0.26791277258566976,538.0,205.0,3.2435824155757618,2.3025850929940455,0.0,5.0,-2.1941328048706055,-2.3406074047088623,-0.14647459983825684,0,0.12153182409780587
AYDCLME2ODKWY,fit,14888a413280054be0cd7fcfe59f5e338a5a89e39d9d4698742db7c57af7f2d5,6.0,81.0,13.5,33.0,0.6666666666666666,0.6666666666666666,77.0,12.833333333333334,96.0,16.0,0.8629525995584904,0.6417910447761194,505.0,174.0,2.9357452071012062,1.6094379124341003,0.3333333333333333,5.0,-2.0598526000976562,-2.19242525100708,-0.13257265090942383,0,0.15788218347049907
A3JEPPCGV55FAQ,fit,14905be5e742e1a62b9f4fd9c0160bf0ebf2e7c98ce6ddf6a95751b00a69dca1,11.0,235.0,21.363636363636363,34.0,0.6363636363636364,0.6363636363636364,207.0,18.818181818181817,513.0,46.63636363636363,0.7218045221881959,0.35714285714285715,834.0,324.0,3.2252701621995925,2.772588722239781,0.0,5.0,-0.14406822621822357,-0.8508545160293579,-0.7067862749099731,0,0.09927927460984269
A3EB16F6T5X1OL,fit,1499054e9b36e54d9892c8b0a005e525b5ca8cc6103921831dec1905f05d7ffd,3.0,89.0,29.666666666666668,33.0,1.0,1.0,85.0,28.333333333333332,124.0,41.333333333333336,0.689109864100245,0.5584415584415584,258.0,87.0,3.2660423456261007,2.0794415416798357,0.0,5.0,-1.5419052839279175,-1.796574354171753,-0.25466907024383545,0,0.1411190000681545
A3A1TCSOWY8IDI,fit,149af38b8cad8e87c49c04e5279ebaddc4a088c8a499cdf41a8e003c861e94db,2.0,65.0,32.5,33.0,1.0,1.0,58.0,29.0,209.0,104.5,0.5279048785203325,0.3269961977186312,172.0,58.0,1.5222612188617113,1.0986122886681096,1.0,5.0,-0.2524525821208954,-0.6850986480712891,-0.4326460659503937,0,0.12249220320053006
AUCOL2XUE1IX7,fit,149d9f2d8b3bd96701c06d1fb1e7610d5197fabb5df3da98d1903865eca7aa60,10.0,131.0,13.1,33.0,0.4,0.4,116.0,11.6,742.0,74.2,0.7911870193181267,0.14904679376083188,678.0,290.0,3.3533050375504216,1.6094379124341003,0.1,5.0,-0.9991704225540161,-0.94572514295578,0.053445279598236084,1,0.19174170905834356
A28KL4VGU24MWS,fit,149da366e48948302d6063491f4cbcc7f774d9cc8c4f258351053ae64eb7db8b,5.0,156.0,31.2,33.0,1.0,1.0,140.0,28.0,1425.0,285.0,0.37505704858918026,0.14431239388794567,428.0,145.0,3.755762541184923,1.9459101490553132,0.2,5.0,-0.9223278760910034,-1.054495096206665,-0.13216722011566162,0,0.19288006096071653
A29A8Q5EWPXBN6,fit,14a6a0b1c5461f8d82bfc174ecf588394f3c1bb9dfee616619c5b925c9f382c4,4.0,132.0,33.0,33.0,1.0,1.0,116.0,29.0,792.0,198.0,0.32002722199537226,0.23118279569892472,344.0,116.0,2.3395176210001294,1.791759469228055,0.5,5.0,-0.94066321849823,-1.4749765396118164,-0.5343133211135864,0,0.11756745405346554
A2XQL1IICTEE29,fit,14a9c06ab684b8c8da8da197de6f59748be848db674879ab2cae5c5715e907f4,4.0,38.0,9.5,34.0,0.5,0.25,34.0,8.5,148.0,37.0,0.8309941520467836,0.3684210526315789,294.0,117.0,1.8110568789008372,1.3862943611198906,0.75,5.0,-0.16617794334888458,-0.40279969573020935,-0.23662175238132477,0,0.15619258581623177
A3NW4V0D0GAP1O,fit,14aa971520fbae7b015a8228896a99fa991916913761d8989df9f2e652f162ae,3.0,99.0,33.0,33.0,1.0,1.0,87.0,29.0,703.0,234.33333333333334,0.26943864858235356,0.2551928783382789,258.0,87.0,2.566915931503933,1.6094379124341003,0.3333333333333333,5.0,-1.3664648532867432,-1.5590388774871826,-0.19257402420043945,0,0.11903140683774634
A2YYS5KXLL016Z,fit,14ada42b5e8ee2d5ee3a6a0fa947529fb94ec31b6c59e7328664e8115294b098,2.0,64.0,32.0,32.0,1.0,1.0,56.0,28.0,139.0,69.5,0.5560524381279098,0.5471698113207547,174.0,56.0,1.732867951399863,1.3862943611198906,0.5,5.0,-0.4913462996482849,-0.5301910638809204,-0.0388447642326355,0,0.10646023940947677
A2CYXQOAR1EJRQ,fit,14c028a2c5d7f47d401dc43c2d3c1dccdbbea20dd8860e268189e7d659ec31f0,4.0,63.0,15.75,33.0,0.75,0.75,59.0,14.75,68.0,17.0,0.848783136378154,0.6935483870967742,335.0,116.0,3.4033363532588137,2.4849066497880004,0.0,5.0,-0.9655871391296387,-1.0386135578155518,-0.07302641868591309,0,0.15638985609538836
A30QAOLNZ4415R,fit,14c10f534881797bc8ca832e596dd8233e670e6114c5e2a22dd1de6cec2b9bd1,20.0,483.0,24.15,34.0,0.8,0.8,431.0,21.55,2513.0,125.65,0.588941318300183,0.16443594646271512,1613.0,584.0,3.5156088861339057,2.3025850929940455,0.0,5.0,-0.8054301142692566,-1.1601498126983643,-0.35471969842910767,0,0.13447172048437353
A1C9RXXYKVZD0Q,fit,14c722ea5a33a0312f4b730387b54417f8e243f1b7ba16b83fa7685b7071161d,6.0,62.0,10.333333333333334,30.0,0.6666666666666666,0.6666666666666666,61.0,10.166666666666666,62.0,10.333333333333334,0.902533275992046,0.7413793103448276,508.0,173.0,2.8812332279581603,1.6094379124341003,0.3333333333333333,5.0,-1.8109891414642334,-1.6419155597686768,0.16907358169555664,1,0.15567421207302243
A39TKCTUJVZ8M7,fit,14cd54dbda4f3943453c1e85afc295d462f726d7811e31180a5f5861bfae39f6,2.0,64.0,32.0,33.0,1.0,1.0,58.0,29.0,81.0,40.5,0.6823361823361824,0.6296296296296297,171.0,58.0,3.111288134035684,3.044522437723423,0.0,5.0,-1.1464169025421143,-1.5197802782058716,-0.3733633756637573,0,0.13231323946266693
AJAIUCEOIJXK3,fit,14ce047112e16d7855f0e7df24a198790a81b12a927c9956b5d7ce319b00255c,4.0,105.0,26.25,33.0,1.0,0.75,93.0,23.25,150.0,37.5,0.7233607692538029,0.53125,343.0,116.0,3.1615934671184487,1.6094379124341003,0.25,5.0,-1.218223214149475,-1.3693128824234009,-0.15108966827392578,0,0.16717223464717376
A2J5ZIUR1C1KKE,fit,14dbd9873b40b7f8573a3cb6aaf4002d63deda0d7c6a3d39b6a7794f0b6fa40a,8.0,173.0,21.625,34.0,0.75,0.625,153.0,19.125,1101.0,137.625,0.5434605463980209,0.2478386167146974,634.0,233.0,2.5469840606817087,1.6094379124341003,0.25,5.0,-0.4686887264251709,-1.2734895944595337,-0.8048008680343628,0,0.13986149762565547
A3FKAZNKWZ3Y5D,fit,14e758441660c266680da3d7801aecff6ada1b6fe242f7a0c82cd7e7386a0445,3.0,99.0,33.0,33.0,1.0,1.0,87.0,29.0,703.0,234.33333333333334,0.30332171438409256,0.17695473251028807,257.0,87.0,3.4264736193460847,2.9444389791664403,0.0,5.0,-1.2130711078643799,-1.6687647104263306,-0.4556936025619507,0,0.12209454488446696
A1IH6BL33256WK,fit,14eb99a7ed7049c3e81632b920eb8bce1d83c3ece8882a1821350ef915e89dd1,3.0,80.0,26.666666666666668,34.0,1.0,1.0,72.0,24.0,578.0,192.66666666666666,0.5592844613635118,0.1412151067323481,256.0,89.0,2.0289249089707693,1.6094379124341003,0.3333333333333333,5.0,-1.1476255655288696,-1.2105666399002075,-0.06294107437133789,0,0.07454414513309769
A16IQIEFLGEQCB,fit,1501c84ff73af2d47d56e837936d6097a5a994d138501de0c7de6ad4e1a20523,4.0,65.0,16.25,34.0,0.75,0.5,61.0,15.25,124.0,31.0,0.7985363980864627,0.47752808988764045,314.0,117.0,2.8587409808751287,1.6094379124341003,0.25,5.0,-1.1169403791427612,-1.5714406967163086,-0.45450031757354736,0,0.16483013587604597
A2IKUVB2PS4QLT,fit,1501e5a88aea55062b10cd3eedb746e03665e4b9bd4cb23970795d4464be7314,4.0,85.0,21.25,33.0,0.75,0.75,77.0,19.25,293.0,73.25,0.694919187871502,0.2670807453416149,338.0,116.0,3.81996911362608,3.2188758248682006,0.0,5.0,-0.37600159645080566,-0.3377313017845154,0.03827029466629028,1,0.16193911917962645
A1K5MWZ0XLBTJZ,fit,1503237e314e49b53b3f57547c814abc5b92c269b2d476918a05051248b274d5,7.0,178.0,25.428571428571427,34.0,0.8571428571428571,0.8571428571428571,158.0,22.571428571428573,515.0,73.57142857142857,0.6063609771734478,0.37554585152838427,581.0,204.0,2.7668615680998703,2.0794415416798357,0.0,5.0,-0.3972594439983368,-0.4590184688568115,-0.06175902485847473,0,0.09340844557430038
A1M545AA87PCD5,fit,1504369cf380ccec9fd3652c62d808d60a53eca1ae911a1f984110a0f1f15895,3.0,57.0,19.0,33.0,0.6666666666666666,0.6666666666666666,53.0,17.666666666666668,175.0,58.333333333333336,0.7139958911145352,0.3601694915254237,223.0,87.0,2.2599739691574174,1.3862943611198906,0.3333333333333333,5.0,-1.562218427658081,-1.4751365184783936,0.0870819091796875,1,0.1278835850919086
A3B1JS7ETFOLSQ,fit,1513b6f22aa52a6fee0aa48051555799f38fde4545626dedf8b79189413cb824,3.0,80.0,26.666666666666668,33.0,1.0,1.0,72.0,24.0,146.0,48.666666666666664,0.6713589766714767,0.49142857142857144,256.0,87.0,2.7848914206394877,2.3025850929940455,0.0,5.0,-0.11101963371038437,-0.19547244906425476,-0.08445281535387039,0,0.10351033713597782
A356PDI67MS3BH,fit,1517bba45a42a91d7c85e5a764d7b99a6368d1faf6f1e846b6d32d3a21e9f058,2.0,42.0,21.0,33.0,1.0,1.0,38.0,19.0,654.0,327.0,0.5114551083591331,0.11764705882352941,172.0,58.0,3.1576790007611675,1.9459101490553132,0.5,5.0,-0.9824979901313782,-1.1022512912750244,-0.11975330114364624,0,0.11000751374968831
A4YYDUZOTPTIX,fit,1520ce14c48e71f4adfd4d7900a1e3d46bc37f4318e69a8e791352070a1e73e8,2.0,34.0,17.0,34.0,0.5,0.5,30.0,15.0,121.0,60.5,0.7063106796116505,0.41262135922330095,168.0,59.0,2.04717228111105,1.791759469228055,0.5,5.0,-2.3148353099823,-2.670842409133911,-0.35600709915161133,0,0.14337420869652812
A12Q1DFSKXYC8A,fit,1526bdcf53b3541cffe5873929bd566038166f1ab8b492158e5c085507a7c24e,6.0,99.0,16.5,33.0,0.5,0.5,87.0,14.5,937.0,156.16666666666666,0.7293924122644597,0.09277238403451996,509.0,174.0,2.6930131916732507,1.3862943611198906,0.3333333333333333,5.0,-1.7603118419647217,-1.9142487049102783,-0.15393686294555664,0,0.16037532325068268
AU2TRZD0M5MOJ,fit,152803b11924ce047fb89361be23485669a53932338b4eb416d1a846709359d2,3.0,79.0,26.333333333333332,34.0,1.0,1.0,71.0,23.666666666666668,137.0,45.666666666666664,0.677856125322931,0.5629139072847682,257.0,88.0,3.9960136687007135,3.0910424533583156,0.0,5.0,-0.04607269912958145,-0.20976486802101135,-0.1636921763420105,0,0.18241337217199588
A34C4PYU4H1ZIJ,fit,152fb19db6209f55eb3b1baa1c6fce220b1dddefe53bb43a50dd2406c9ff796b,2.0,33.0,16.5,33.0,0.5,0.5,29.0,14.5,80.0,40.0,0.7590361445783133,0.5180722891566265,162.0,58.0,2.04717228111105,1.6094379124341003,0.5,5.0,-1.0349212884902954,-1.3690383434295654,-0.33411705493927,0,0.15226269742854145
A3LTZH0OXPVLCG,fit,1538559cc0f9b600122d3d4517d2c680f86192ac562ce1c9c6a870bfa864b7d2,3.0,99.0,33.0,33.0,1.0,1.0,87.0,29.0,181.0,60.333333333333336,0.6031059036080557,0.4777777777777778,258.0,87.0,1.7627556768981785,1.0986122886681096,0.6666666666666666,5.0,-0.8238752484321594,-1.0572233200073242,-0.2333480715751648,0,0.11269387035766687
A2H7OV6LTO2RB,fit,153976ca03386a68d45fffc0e00b758429e7862614805f8fc1d95d8b9e1b758c,2.0,0.0,0.0,0.0,0.0,0.0,0.0,0.0,0.0,0.0,1.0,1.0,117.0,59.0,3.8219809745012645,2.4849066497880004,0.0,5.0,-0.989902138710022,-0.9575738906860352,0.032328248023986816,1,0.2954265253208304
A2AFSJMXVDKBFM,fit,1551aacb7149c92cdd850163e99aca9472671a8b168273e8284115f598845921,2.0,66.0,33.0,33.0,1.0,1.0,58.0,29.0,480.0,240.0,0.33832526820085196,0.17954070981210857,172.0,58.0,2.1242476210246792,1.9459101490553132,0.5,5.0,-0.8735032081604004,-0.8473225831985474,0.026180624961853027,1,0.08934751905560674
AN5VB2YFIUW0S,fit,155a9fc9f6b073f0e47893438b54dbea288813bd57bcb3223f06280be626071a,2.0,33.0,16.5,33.0,0.5,0.5,29.0,14.5,34.0,17.0,0.8583333333333334,0.7166666666666667,160.0,58.0,2.92177220851568,2.70805020110221,0.0,5.0,-1.0127227306365967,-1.0679559707641602,-0.05523324012756348,0,0.16068293133287653
A3M3MC7577AHRW,fit,155ba03058efcbf4d0c9661d72d31788a95d59e89ca9964b680a84a53a90b20a,5.0,166.0,33.2,34.0,1.0,1.0,146.0,29.2,491.0,98.2,0.4887072052015141,0.3706896551724138,429.0,146.0,2.942406228402957,1.791759469228055,0.2,5.0,-1.86050283908844,-2.543677806854248,-0.6831749677658081,0,0.12544808870358173
AURWQH1ZTB2TC,fit,155c72ee89f2c085fb5810369207996c26285d079235cacc1f730c1d328c67d5,9.0,149.0,16.555555555555557,34.0,0.6666666666666666,0.5555555555555556,133.0,14.777777777777779,432.0,48.0,0.7417788769321786,0.40669856459330145,720.0,265.0,2.4823177668177667,1.3862943611198906,0.3333333333333333,5.0,-0.45518937706947327,-0.4998697340488434,-0.04468035697937012,0,0.1220062204835951
A1UPHV6VD8CH4T,fit,156634c0a366222b0c86186dcd6033559a3488c78fafd7171fc3ada3ddca8d05,4.0,114.0,28.5,34.0,1.0,1.0,102.0,25.5,319.0,79.75,0.5601099787261822,0.41148325358851673,343.0,117.0,3.1444780064971694,2.6390573296152584,0.0,5.0,-1.2729891538619995,-1.3859821557998657,-0.11299300193786621,0,0.11498942739394125
A2UJ651ABZP41G,fit,156e2ff06152a3cf3a0f17d9c81c604826c065c0256bfb3d58742e188dd15093,4.0,33.0,8.25,33.0,0.25,0.25,29.0,7.25,48.0,12.0,0.9104477611940298,0.6417910447761194,306.0,118.0,3.7670683816149104,2.3025850929940455,0.0,5.0,-1.276237964630127,-1.517128586769104,-0.24089062213897705,0,0.2573051813660111
A3J0PV46K99ZFS,fit,157614b742c3943e318c49b962babc7d2873d0577735f1405777e351194addef,2.0,33.0,16.5,33.0,0.5,0.5,29.0,14.5,77.0,38.5,0.7638036809815951,0.5276073619631901,133.0,58.0,2.596478425445105,2.3025850929940455,0.0,5.0,-0.17116060853004456,-0.5411623120307922,-0.3700017035007477,0,0.1363314957444452
AQFXG3IQTAKQY,fit,1578efdda4db86fac019787083afe9d8b96ad13c889b6531d2e6f9bd5e464547,2.0,66.0,33.0,33.0,1.0,1.0,58.0,29.0,79.0,39.5,0.6852698412698413,0.6825396825396826,172.0,58.0,3.2353997518913005,2.9444389791664403,0.0,5.0,-0.38169005513191223,-0.7402081489562988,-0.3585180938243866,0,0.1461273840676234
A1WGRWF9TSCJRO,fit,157a069ad508f171e37a4a34c5f7f14089bd96763395e92813bceb0ea717cb73,5.0,130.0,26.0,33.0,0.8,0.8,116.0,23.2,140.0,28.0,0.7691281933313177,0.6771653543307087,403.0,145.0,2.2564003452674113,1.6094379124341003,0.8,5.0,-1.958561658859253,-2.2313358783721924,-0.27277421951293945,0,0.14844451058099664
A28UK6YNF5GRET,fit,157a5ec36479cc4a21e14abdf18dccd8eff435e0d5da0e3052fa6180c29602f1,5.0,116.0,23.2,33.0,0.8,0.8,104.0,20.8,234.0,46.8,0.712880058786959,0.4,412.0,145.0,2.8676717243414966,1.9459101490553132,0.2,5.0,-1.6132358312606812,-1.2097679376602173,0.40346789360046387,1,0.1250300762475569
A1PAGHECG401K1,fit,157b4951f547766da173e7ce0ea5dfd5cc9bb64086f1466bbc29f6ec9ed92cbb,18.0,321.0,17.833333333333332,34.0,0.6111111111111112,0.5555555555555556,285.0,15.833333333333334,745.0,41.388888888888886,0.7497179091085929,0.43,1368.0,523.0,3.1378590485610234,1.3862943611198906,0.2222222222222222,5.0,-1.4636744260787964,-1.6393901109695435,-0.17571568489074707,0,0.10614360458274633
A2J9L2AWKTGCQD,fit,15809f6f64a787d995b8775f645f0224fbb0947b0ac21b8a4ff99fd3c4132ce5,5.0,88.0,17.6,33.0,0.6,0.6,80.0,16.0,97.0,19.4,0.8381720743853096,0.671875,398.0,145.0,2.7991499897107808,1.9459101490553132,0.2,5.0,-1.7621791362762451,-1.8763484954833984,-0.11416935920715332,0,0.1460127469173174
A1W7TOV3F9AQJS,fit,15813925e3e0d2f00ef03c23cb13c29baf49bcaeedab4819d9c02661c00da5fa,3.0,24.0,8.0,16.0,0.6666666666666666,0.6666666666666666,24.0,8.0,24.0,8.0,0.9193436239744125,0.8431372549019608,222.0,87.0,2.514777369351229,1.9459101490553132,0.3333333333333333,5.0,-1.5560106039047241,-1.6138713359832764,-0.057860732078552246,0,0.13787812394782994
A16RI68PS6T5CA,fit,158f29413686ecca531216751b88e630c554ea70b9dc48ee0f8f9fc8b845a80e,2.0,66.0,33.0,33.0,1.0,1.0,58.0,29.0,166.0,83.0,0.5153900709219859,0.4574468085106383,172.0,58.0,3.176314698159783,2.6390573296152584,0.0,5.0,-0.42893701791763306,-1.2962448596954346,-0.8673078417778015,0,0.13781280965941542
A3SZBE5F3UQ9EC,fit,15936d21cb5b036cb6737dfbe1d2f2648f170fafdfb50b1476a5b1061b1c429a,2.0,66.0,33.0,33.0,1.0,1.0,58.0,29.0,214.0,107.0,0.4509345794392523,0.40186915887850466,172.0,58.0,2.381086967398878,2.197224577336219,0.0,5.0,-0.7879976034164429,-1.0095247030258179,-0.221527099609375,0,0.09233258478976154
A2GUP9M5FIHJEO,fit,15938c160689b602b834493e87c831cc39b618176d44f2839a1260824741e7a6,5.0,166.0,33.2,34.0,1.0,1.0,146.0,29.2,640.0,128.0,0.4203290165310075,0.315018315018315,428.0,146.0,1.9684925701396707,1.791759469228055,0.6,5.0,-0.11477760970592499,-1.6704986095428467,-1.5557210445404053,0,0.10033676770228227
A5G4O45EW2WOF,fit,1594a4621708d4c10c80080468d7fe8e9da96676ca7b06cf5e833a47fbaa1b64,11.0,325.0,29.545454545454547,33.0,1.0,1.0,301.0,27.363636363636363,881.0,80.0909090909091,0.6367293769404543,0.2222222222222222,946.0,319.0,2.4378472759757095,1.3862943611198906,0.45454545454545453,5.0,-1.034698724746704,-1.3075015544891357,-0.27280282974243164,0,0.07134811581503536
AOSSZ5GTWWI2,fit,159882fda26f0265368002ba8edf49d7fefa2c83fc1f652dcfc08d304b4d41d2,6.0,135.0,22.5,34.0,0.8333333333333334,0.6666666666666666,119.0,19.833333333333332,569.0,94.83333333333333,0.6815470285994261,0.1673228346456693,513.0,176.0,3.353824778702687,2.3025850929940455,0.0,5.0,-1.3672144412994385,-1.6098968982696533,-0.24268245697021484,0,0.13266762354584313
APERWKISKSO5X,fit,159e1ea0702b5d3319baa369608729d6055c70134e91e89c5535ccb18cf1cfb0,2.0,12.0,6.0,12.0,0.5,0.5,12.0,6.0,12.0,6.0,0.9387755102040816,0.8775510204081632,170.0,59.0,2.8029010331479984,2.772588722239781,0.0,5.0,-0.5669832825660706,-1.5252660512924194,-0.9582827687263489,0,0.13222953943852786
A32LA0HS2W8MT0,fit,15a70060631429753cafa944413643df8b4102ca622ae74f38967001e4686416,2.0,66.0,33.0,33.0,1.0,1.0,58.0,29.0,233.0,116.5,0.44797402597402597,0.344,171.0,58.0,2.2213256282451583,1.6094379124341003,0.5,5.0,-0.6772019863128662,-1.5763447284698486,-0.8991427421569824,0,0.12331041362730799
A2DVC4J6GBJ487,fit,15aec43888294da0734a85226bd3dba4455fe3ad9a5d0caf833b32ce9b235634,4.0,66.0,16.5,33.0,0.5,0.5,58.0,14.5,515.0,128.75,0.6459218351741716,0.18181818181818182,312.0,117.0,3.292448153983605,1.791759469228055,0.5,5.0,-1.8290729522705078,-1.6669269800186157,0.1621459722518921,1,0.2330578555103513
A1ZBEIL78MLR9Z,fit,15b37eea0cad8eb422213fb9267cba89a841acf61d361c5fa9afaa455800d192,12.0,266.0,22.166666666666668,34.0,0.6666666666666666,0.6666666666666666,234.0,19.5,1295.0,107.91666666666667,0.6355162993652875,0.11764705882352941,900.0,354.0,3.0873521091073037,1.9459101490553132,0.08333333333333333,5.0,-0.7151343822479248,-0.867538571357727,-0.15240418910980225,0,0.13055802491028282
ALCXODPDVCNFQ,fit,15bed8fa0c28f548dff622972b006c81f9d7658cf1300637666b52167104c211,6.0,199.0,33.166666666666664,34.0,1.0,1.0,175.0,29.166666666666668,1155.0,192.5,0.42537720203062723,0.12893553223388307,515.0,175.0,2.751984856974335,2.0794415416798357,0.0,5.0,-0.395962119102478,-0.5261744856834412,-0.13021236658096313,0,0.09392788451095317
A13JBDME4SICGV,fit,15c2b56cd0faf7653c7bc69313b4e21a1b1693e477c1b7bf0ba70ff770a0f4c0,2.0,34.0,17.0,33.0,1.0,0.5,30.0,15.0,107.0,53.5,0.7182112068965517,0.4479166666666667,172.0,58.0,1.9560115027140728,1.6094379124341003,0.5,5.0,-1.3510596752166748,-1.3534538745880127,-0.0023941993713378906,0,0.12374113563322137
AQPQN76P082B7,fit,15c3e936c6cac48f317a2a2ba3b17aa35341285d4af5c66bb16f6046453768d7,15.0,324.0,21.6,33.0,0.8666666666666667,0.6666666666666666,288.0,19.2,728.0,48.53333333333333,0.7161978245281154,0.2986111111111111,1257.0,435.0,2.8826168023983127,1.6094379124341003,0.2,5.0,-1.0067627429962158,-1.337626338005066,-0.3308635950088501,0,0.0761019575229968
A2PECRL4AQWCX,fit,15ca550677a95dc06beb0343d2b71aec5fed8b009ef119504dcdb91013ff48b4,6.0,173.0,28.833333333333332,33.0,1.0,1.0,157.0,26.166666666666668,596.0,99.33333333333333,0.5442552677415992,0.2670807453416149,515.0,175.0,2.089127449138737,1.6094379124341003,0.6666666666666666,5.0,-1.4484126567840576,-1.7217342853546143,-0.27332162857055664,0,0.10035949918775168
AQWKQ6944E9WJ,fit,15d3c0f0704dcb395cfa9cfd16b98b279a9c1d54b3f549e9a7207db4b8c459f9,2.0,33.0,16.5,33.0,0.5,0.5,29.0,14.5,49.0,24.5,0.8185185185185185,0.6370370370370371,140.0,58.0,2.3269801750787615,1.6094379124341003,0.5,5.0,-0.395969033241272,-0.5183439254760742,-0.12237489223480225,0,0.18302467773550354
A14PZVC6FDG1FL,fit,15d63868894ad425ba9b421be82d058c41c6f7ceaa0c3cbab9103952bba6a715,5.0,164.0,32.8,34.0,1.0,1.0,146.0,29.2,723.0,144.6,0.4245453184861246,0.2471264367816092,429.0,146.0,2.900175510241051,1.9459101490553132,0.2,5.0,-0.26566281914711,-0.4013366103172302,-0.13567379117012024,0,0.12098264274278173
A2JJLWP0GNGSL9,fit,15d7341ec429534ff382c65f883d597a90a1e258b911c8c135b98624e0e737e1,5.0,101.0,20.2,33.0,0.8,0.6,90.0,18.0,233.0,46.6,0.7255024943025513,0.42574257425742573,379.0,145.0,3.6066833963546814,2.833213344056216,0.0,5.0,-0.6434207558631897,-1.0592695474624634,-0.4158487915992737,0,0.16288747724500646
A2I4993A06Y86F,fit,15d80b30aabac77fab7fd1e2783f2415a8048d8c0607394027e2e79eb72cab4b,3.0,91.0,30.333333333333332,33.0,1.0,1.0,83.0,27.666666666666668,151.0,50.333333333333336,0.650161541889483,0.5058823529411764,257.0,88.0,2.4925347477325293,1.3862943611198906,0.3333333333333333,5.0,-1.3978575468063354,-1.6497657299041748,-0.25190818309783936,0,0.12682088392076876
A2WOZOO71SE81Q,fit,15d8c03ca9c257ee30af82cbee5dccedaf4dfa2c45029eed4d40f803f9e18c23,9.0,187.0,20.77777777777778,35.0,0.7777777777777778,0.6666666666666666,168.0,18.666666666666668,767.0,85.22222222222223,0.6510485608138981,0.2757475083056478,738.0,264.0,2.7268582401666928,1.6094379124341003,0.4444444444444444,5.0,-2.253526210784912,-2.4623045921325684,-0.20877838134765625,0,0.14034985889652998
A2LWH9SH6PUPIE,fit,15dcd99592f95ef29d68b9fd9a3925c60209b2e814cf323de95cade8dbebe770,2.0,33.0,16.5,33.0,0.5,0.5,29.0,14.5,139.0,69.5,0.6911111111111111,0.38222222222222224,135.0,58.0,4.062815494238532,2.995732273553991,0.0,5.0,-0.6608796715736389,-0.6640219688415527,-0.0031422972679138184,0,0.24361524273508456
A38YG5WVWQXW2F,fit,15ee178283baf45d4fe1546e798dc892995480f01b5c60e9714cd3f0e55472f7,2.0,66.0,33.0,33.0,1.0,1.0,58.0,29.0,147.0,73.5,0.5656494845360824,0.44329896907216493,172.0,58.0,2.607467878804493,2.0794415416798357,0.0,5.0,-0.02126718871295452,-0.39239779114723206,-0.3711306154727936,0,0.10717015257880035
A3132JOAMYZ3GT,fit,15fa8067902e2251bd6296011a2b4f80070a1983b3a7e15a0883e7285b0167b0,2.0,33.0,16.5,33.0,0.5,0.5,29.0,14.5,54.0,27.0,0.8071428571428572,0.6142857142857143,155.0,58.0,3.2001287226544104,2.6390573296152584,0.0,5.0,-1.1865289211273193,-1.2483775615692139,-0.06184864044189453,0,0.18186316057595822
A23HWEKQMJ98V4,fit,160338b4cfe32413694b6f8739883f27f51c1aa44a3347679f3e62fe795d8cde,16.0,397.0,24.8125,33.0,0.9375,0.9375,361.0,22.5625,2724.0,170.25,0.5604694569420228,0.09277238403451996,1364.0,463.0,3.360963867215155,1.6094379124341003,0.0625,5.0,-1.0392433404922485,-1.430985689163208,-0.3917423486709595,0,0.171266450509468
A21ODV5X5VJVKF,fit,1611c033fbeae4f37d391c276c8cad5b0d3416dd2c5a2e9ec8ed8b8b645956ca,3.0,71.0,23.666666666666668,33.0,1.0,0.6666666666666666,63.0,21.0,190.0,63.333333333333336,0.6692340148660237,0.36909871244635195,258.0,87.0,2.898948173218104,2.3978952727983707,0.0,5.0,-1.0782263278961182,-1.126244306564331,-0.04801797866821289,0,0.1188449930522781
A2V68VWCJY9KDG,fit,1617eb4916b45eae6b833c8a4746bd0d6fb87bf01271069e618cfc108d3e9e5d,2.0,17.0,8.5,17.0,0.5,0.5,17.0,8.5,17.0,8.5,0.9174757281553398,0.8349514563106796,135.0,58.0,2.7647145437557112,2.6390573296152584,0.0,5.0,-1.848528265953064,-2.016798734664917,-0.16827046871185303,0,0.137291141377213
AAO1GG47I67R9,fit,161c154732d1fd0036f8b557f582557d1185de622898ab159eab0c0f505ca081,18.0,261.0,14.5,33.0,0.5555555555555556,0.5555555555555556,237.0,13.166666666666666,500.0,27.77777777777778,0.8196863444693255,0.4009433962264151,1345.0,526.0,2.82761503933437,1.3862943611198906,0.16666666666666666,5.0,-2.065850019454956,-2.070204257965088,-0.004354238510131836,0,0.08465519076990571
A2Y31A0NRROB1W,fit,1628ac214fb29887d0eca6b0bc6d420fcc3a79a24063c22ca460d32aa6865169,2.0,66.0,33.0,33.0,1.0,1.0,58.0,29.0,334.0,167.0,0.38550673281360737,0.2529411764705882,172.0,58.0,2.7803408155077634,2.3025850929940455,0.0,5.0,-0.09080630540847778,-0.8174333572387695,-0.7266270518302917,0,0.0994475653381739
A2EYTOR6PTGHUC,fit,1632fb6c2d21182202bdbdaeec4de4b2f9a0ba1c13b8553ea86bea4a402f8695,6.0,173.0,28.833333333333332,34.0,1.0,0.8333333333333334,153.0,25.5,737.0,122.83333333333333,0.49545572779736874,0.2356164383561644,515.0,175.0,2.946352453607774,1.6094379124341003,0.3333333333333333,5.0,-0.9732206463813782,-1.1008754968643188,-0.12765485048294067,0,0.1434585693162148
A17HMM1M7T9PJ1,fit,163debeac0a89cb9de5f4c1d68b86528427ead0f53e361a72486beabc40fa8b0,10.0,249.0,24.9,34.0,0.9,0.9,221.0,22.1,1016.0,101.6,0.6316017181133745,0.1465076660988075,840.0,291.0,3.1883632087929867,2.0794415416798357,0.0,5.0,-0.9752705693244934,-2.4966442584991455,-1.5213737487792969,0,0.09962427605534606
A17SPLXQZNLUGW,fit,163ecb6b92e7616d198feae67312b49674b16fb9c0343a75754c60ad3c093e4c,2.0,58.0,29.0,33.0,1.0,1.0,54.0,27.0,88.0,44.0,0.675977991414233,0.5771812080536913,172.0,58.0,2.904071244990222,2.197224577336219,0.0,5.0,-1.7241220474243164,-2.2769598960876465,-0.5528378486633301,0,0.1263439502639931
A1ETE1XPY48J33,fit,164b64f0dec306d64e61a1e308cb878455287c7d049703244ef7794fcc858400,2.0,36.0,18.0,33.0,1.0,0.5,32.0,16.0,52.0,26.0,0.8016645859342488,0.6370370370370371,172.0,58.0,2.858513850703111,2.772588722239781,0.0,5.0,-1.7746117115020752,-1.6840293407440186,0.09058237075805664,1,0.13420924106077928
A358YXS5OL4LRY,fit,164f925ad110fb70111523abd9f69b8a9c631e1dc9d237a9dc6c44a348f8519d,6.0,113.0,18.833333333333332,33.0,0.6666666666666666,0.6666666666666666,101.0,16.833333333333332,278.0,46.333333333333336,0.7349218604422224,0.3891402714932127,496.0,174.0,2.5550396184842987,1.9459101490553132,0.5,5.0,-0.8023403286933899,-0.8313862085342407,-0.02904587984085083,0,0.1363612137429519
A1EQ8WXLL9CWEW,fit,1678453ff1d26dd5e983d683127f45ddae05a4f927212a57aec284902a30c8e8,5.0,165.0,33.0,33.0,1.0,1.0,145.0,29.0,336.0,67.2,0.5787681161433885,0.42574257425742573,430.0,145.0,2.1270749122824006,1.0986122886681096,0.6,5.0,-1.4186185598373413,-1.5509697198867798,-0.13235116004943848,0,0.11054632066257333
A39JK733NLJ47X,fit,167beb8c806b3d258c80d271757f0f51e8bd675e6b5789a1f7bea36488236f7e,3.0,66.0,22.0,33.0,0.6666666666666666,0.6666666666666666,58.0,19.333333333333332,149.0,49.666666666666664,0.6998008761449622,0.46236559139784944,240.0,87.0,2.4872134640695247,1.3862943611198906,0.6666666666666666,5.0,-1.6064373254776,-1.6216520071029663,-0.015214681625366211,0,0.18800630265244195
A35LLSJL8OIEQC,fit,167c20c62daf25e3577bbf469e4bb138f0e5ae298f64c85885d046de600f74de,4.0,83.0,20.75,34.0,1.0,0.75,75.0,18.75,330.0,82.5,0.682757815258013,0.23943661971830985,340.0,120.0,2.750524960301059,1.6094379124341003,0.25,5.0,-0.1444227248430252,-0.15834079682826996,-0.013918071985244751,0,0.12360344483429841
A88O7D04SH3N,fit,167d0f73832a3f82a56b6f2d798ac79b017ab637ceeb7f0beffe90b0d2d915d1,9.0,111.0,12.333333333333334,34.0,0.7777777777777778,0.5555555555555556,103.0,11.444444444444445,202.0,22.444444444444443,0.8436741559157075,0.47513812154696133,757.0,260.0,2.7865841998610836,1.3862943611198906,0.2222222222222222,5.0,-0.7457345128059387,-1.0867140293121338,-0.34097951650619507,0,0.12160714217466148
A3J0Q0HXJ24NHE,fit,167e353342248a7fd010dece31fe4441f3cb82ebdffc70ff6d8fe965e43512da,5.0,132.0,26.4,33.0,0.8,0.8,116.0,23.2,765.0,153.0,0.5035243339355875,0.16538461538461538,410.0,145.0,3.3492543153530008,2.8903717578961645,0.0,5.0,-0.8398679494857788,-0.9493972063064575,-0.10952925682067871,0,0.132873379117709
A21C28T8Q8H6MJ,fit,167e6c37fffda6a82483d1b25749a66c079d9bf4707f98f9623ac4215122945f,2.0,47.0,23.5,24.0,1.0,1.0,47.0,23.5,47.0,23.5,0.7854045037531276,0.7818181818181819,172.0,58.0,3.881510654509259,3.8712010109078907,0.0,5.0,-1.4858925342559814,-1.6931883096694946,-0.20729577541351318,0,0.16849750160314422
AKCS3ZWF1J2NZ,fit,1690374ab0e2461d5578348dd5b25ef5b01dcb16ef1881c9450aedee5225b4f0,6.0,133.0,22.166666666666668,34.0,0.6666666666666666,0.6666666666666666,117.0,19.5,165.0,27.5,0.786801221866157,0.5850340136054422,450.0,176.0,2.539982530971883,1.6094379124341003,0.3333333333333333,5.0,-1.0546934604644775,-1.1266969442367554,-0.07200348377227783,0,0.1288418705493226
APM0P6ZSM9N3V,fit,16912eea03114737894bef37c8c794cbcbdb9c11173993cf70c90b960e9038de,5.0,138.0,27.6,33.0,1.0,0.8,122.0,24.4,600.0,120.0,0.558889188694494,0.18181818181818182,428.0,145.0,3.4758469738184408,1.791759469228055,0.2,5.0,-1.405036449432373,-1.6917396783828735,-0.2867032289505005,0,0.16639928714250743
AXK8IVO4YLSJD,fit,1691a90868360102350329e177535e07f29634f3704ed8da331148d981348e72,3.0,33.0,11.0,33.0,0.3333333333333333,0.3333333333333333,29.0,9.666666666666666,54.0,18.0,0.8714285714285714,0.6142857142857143,218.0,87.0,4.502638964093247,3.7612001156935624,0.0,5.0,-1.5531632900238037,-1.533477783203125,0.01968550682067871,0,0.3044190188072571
A1DA8U3I1KT5H2,fit,16944cd1779d27018cd947661058b3225606bd4eb98859be5089b1361619193e,2.0,66.0,33.0,33.0,1.0,1.0,58.0,29.0,200.0,100.0,0.5015677912956227,0.36134453781512604,172.0,58.0,5.058896077591566,4.941642422609304,0.0,5.0,-0.6850225925445557,-0.9061318635940552,-0.2211092710494995,0,0.25436169013999677
A313YCDIVOKNIS,fit,1696c3259245c0d37bd74d54137bba7f65dc4f52a25921a064e758ffc6894df3,4.0,132.0,33.0,33.0,1.0,1.0,116.0,29.0,623.0,155.75,0.3688244575995014,0.2847682119205298,344.0,116.0,2.5685903039686684,1.9459101490553132,0.25,5.0,-0.4265874922275543,-0.5115456581115723,-0.08495816588401794,0,0.11123230410640186
A39YKY3F1VBF62,fit,16993414e7df20c52097d844b9276816b8a67dbefb65cbd586dc803e0d3b0be3,2.0,66.0,33.0,33.0,1.0,1.0,58.0,29.0,980.0,490.0,0.2361183348744028,0.09277238403451996,171.0,58.0,3.420807738238796,3.2580965380214817,0.0,5.0,-1.7154979705810547,-1.788058876991272,-0.07256090641021729,0,0.06973439198221695
A7F0F7Z25A22W,fit,16a7bc43efff879c592e80463094d7f85082230c408bf41a24b5d7a77a7f3c43,6.0,110.0,18.333333333333332,34.0,0.6666666666666666,0.6666666666666666,98.0,16.333333333333332,498.0,83.0,0.727565870950336,0.17954070981210857,466.0,177.0,2.459928681130631,1.3862943611198906,0.3333333333333333,5.0,-1.336060881614685,-1.624412178993225,-0.28835129737854004,0,0.12202108312411485
A2PEIERQZR3COP,fit,16a96a497f188e1173e3466346e597db53e069989384a7c09f1a4f0eedfa8fd8,12.0,270.0,22.5,34.0,0.75,0.6666666666666666,238.0,19.833333333333332,749.0,62.416666666666664,0.6640266121969566,0.36637931034482757,953.0,351.0,3.017406897060585,1.791759469228055,0.16666666666666666,5.0,-0.6405872702598572,-1.5205334424972534,-0.8799461722373962,0,0.1094390913904812
AW4REX48OOBG7,fit,16ad982f16688e672e3c2eb4d2e29365c0656e6e4cdf9257b8da49859e58a665,2.0,2.0,1.0,2.0,0.5,0.0,2.0,1.0,2.0,1.0,0.9886363636363636,0.9772727272727273,135.0,58.0,3.414356035820842,1.9459101490553132,0.5,5.0,-1.4620498418807983,-1.4029854536056519,0.059064388275146484,1,0.3083882400176054
A30G8SGUPL9XLE,fit,16b23c80e442d3ddf20412494c23ff49eed5d1967c5c5be9f71e25c37788c1dc,9.0,187.0,20.77777777777778,33.0,0.6666666666666666,0.6666666666666666,167.0,18.555555555555557,379.0,42.111111111111114,0.7303855385302868,0.4574468085106383,664.0,261.0,2.551621958949742,1.791759469228055,0.2222222222222222,5.0,-1.9408245086669922,-2.0409905910491943,-0.10016608238220215,0,0.10081921531950865
AGOCUK7HRQ7P7,fit,16b66bf0edeb0859063fbea1694314090aa0fdcc90ca46d2e1fb3b94a56ad274,2.0,33.0,16.5,33.0,0.5,0.5,29.0,14.5,37.0,18.5,0.8495934959349594,0.6991869918699187,136.0,59.0,3.6512482118636624,2.6390573296152584,0.0,5.0,-1.9646351337432861,-2.023725748062134,-0.059090614318847656,0,0.2318427167622523
A2H6KLXQ2J87RR,fit,16b75cca7cabb3f744afe93ab4600c349df3ac8a99ca18c11a963c7d2cb96936,4.0,112.0,28.0,33.0,1.0,1.0,102.0,25.5,159.0,39.75,0.7030069708893967,0.5375,344.0,116.0,2.655575619961162,2.3025850929940455,0.0,5.0,-0.39948058128356934,-1.1500983238220215,-0.7506177425384521,0,0.08960488282137068
A30SQ028C0I38D,fit,16c302802abed0edfbc3388d1cbb9b8e795d51cdd73d41070074de96160c63bd,11.0,174.0,15.818181818181818,35.0,0.6363636363636364,0.5454545454545454,159.0,14.454545454545455,361.0,32.81818181818182,0.8007954379154625,0.36363636363636365,852.0,323.0,3.464363880755352,1.9459101490553132,0.09090909090909091,5.0,-1.6476562023162842,-1.6864932775497437,-0.03883707523345947,0,0.13993520378613503
AW16OPD78QHJ,fit,16ca5d24ac33b3d11286ccacb000e940c522d32e72abf37e3781fa01487027ea,2.0,44.0,22.0,30.0,1.0,1.0,43.0,21.5,44.0,22.0,0.8006896551724139,0.7413793103448276,172.0,58.0,3.7641658833536233,3.4339872044851463,0.0,5.0,-1.0294744968414307,-1.1456927061080933,-0.1162182092666626,0,0.16686880768152476
A37VM91OA9PBZ4,fit,16cb8f533e6e44eb27c489684911d3dcff4798e4ab48395de26d479b5d77932d,2.0,33.0,16.5,33.0,0.5,0.5,29.0,14.5,80.0,40.0,0.7590361445783133,0.5180722891566265,161.0,58.0,2.799210979499187,2.197224577336219,0.0,5.0,-1.282024621963501,-1.4468939304351807,-0.1648693084716797,0,0.15132233236939754
AX9GYP3BMRQV3,fit,16ccf70f10620d1e312ff492754377be18826f23e8a42f145aef71833fcd5b50,3.0,60.0,20.0,33.0,0.6666666666666666,0.6666666666666666,56.0,18.666666666666668,123.0,41.0,0.7445298064767091,0.4725274725274725,256.0,87.0,2.507286417400543,1.791759469228055,0.3333333333333333,5.0,-1.3347980976104736,-1.2491058111190796,0.08569228649139404,1,0.14347266782507082
A1ROVVJWH0MYAA,fit,16d2689317ae332877e3e31caa0d97cc949cfe642d0bf8c7adca76a9bbe96889,2.0,0.0,0.0,0.0,0.0,0.0,0.0,0.0,0.0,0.0,1.0,1.0,153.0,58.0,3.2228599096927892,2.6390573296152584,0.0,5.0,-0.3703823387622833,-0.37855347990989685,-0.008171141147613525,0,0.21983347970255318
A4R8DQZXZQUGG,fit,16d279e5265dd54b740418cde3a487b9f7de8175acc64d2311017e61dc40085e,2.0,65.0,32.5,34.0,1.0,1.0,59.0,29.5,76.0,38.0,0.6944444444444444,0.6538461538461539,171.0,59.0,1.9356005054539454,1.791759469228055,0.5,5.0,-1.2563265562057495,-1.4174697399139404,-0.16114318370819092,0,0.11689939785150012
ABC9P1LL6ULBU,fit,16da571cd97b4bfab626c7e64e7460d8e4a81d90ca4d0e4556614a1ac32b8c9f,9.0,300.0,33.333333333333336,35.0,1.0,1.0,264.0,29.333333333333332,706.0,78.44444444444444,0.5806195297604142,0.2275132275132275,769.0,264.0,2.489831121003876,1.9459101490553132,0.2222222222222222,5.0,-1.3557343482971191,-1.3965202569961548,-0.040785908699035645,0,0.06541266246773593
A3LEG2QM1EQH4S,fit,16db96d3eec3c58bd772ace7db4b15c32b418a0a442b7b0c27eb9759b548251c,4.0,80.0,20.0,33.0,0.75,0.75,72.0,18.0,213.0,53.25,0.7151382003147493,0.3628691983122363,314.0,118.0,2.4960478949877722,1.0986122886681096,0.25,5.0,-0.4509391188621521,-0.6362244486808777,-0.18528532981872559,0,0.1282520622735801
AYKCTUS0XQBGD,fit,16dc32da788fb6ab5cfc30bf1f0b74a876db4e84c65032e5290a1b57767bcf6e,3.0,66.0,22.0,33.0,0.6666666666666666,0.6666666666666666,58.0,19.333333333333332,295.0,98.33333333333333,0.5998433933216542,0.28762541806020064,226.0,87.0,3.622856149526571,3.044522437723423,0.0,5.0,-1.7799901962280273,-1.8467073440551758,-0.06671714782714844,0,0.17125443069702512
A3FKSPDMAPW67X,fit,16dc34142a73d5651cc1eac1566bc7bb201cc725b536173901f5c8429b4e93f0,14.0,365.0,26.071428571428573,34.0,0.9285714285714286,0.9285714285714286,329.0,23.5,819.0,58.5,0.6561193923821135,0.3620689655172414,1189.0,407.0,2.3867365524214437,1.3862943611198906,0.21428571428571427,5.0,-1.339194655418396,-1.5819454193115234,-0.24275076389312744,0,0.052946333906209724
A2VGXB6X0L90S6,fit,16dc5d4381a7cfff03d2092d41e720e4ed021d34afa6b8ef56224beaf138b221,20.0,392.0,19.6,34.0,0.85,0.75,363.0,18.15,903.0,45.15,0.7470929097540283,0.26625386996904027,1646.0,583.0,2.9252374179237544,1.0986122886681096,0.25,5.0,-0.8093438148498535,-0.8524147868156433,-0.043070971965789795,0,0.06439535735757457
A2AXH4EFH2UBJJ,fit,16df8b63a943e87d300fa13954a06385c3efcd5dda8408351b565a5effbc1e11,5.0,127.0,25.4,34.0,0.8,0.8,115.0,23.0,185.0,37.0,0.7284175391911438,0.5276073619631901,418.0,147.0,3.0520524977311463,1.6094379124341003,0.2,5.0,-1.211174726486206,-1.3105143308639526,-0.09933960437774658,0,0.14726469261466962
ALXDCS16EP3ZR,fit,16ea0a2311cdfa13a3fdf90dbd0c7ec45f7c03ed39c431175cca4cf899bcea89,4.0,48.0,12.0,33.0,0.5,0.5,44.0,11.0,70.0,17.5,0.8646570014144271,0.6071428571428571,267.0,118.0,2.890428907284915,2.3025850929940455,0.0,5.0,-1.5174262523651123,-1.5528218746185303,-0.03539562225341797,0,0.14482284608010665
AHKXY5Q26EAJT,fit,16ec44280b36c79444e96222d1040f1abe3976b0dfc8ba775a4a89f7cec3256e,3.0,85.0,28.333333333333332,34.0,1.0,1.0,77.0,25.666666666666668,171.0,57.0,0.6371930538597205,0.455026455026455,257.0,88.0,3.5190206526587495,2.197224577336219,0.0,5.0,-1.5601474046707153,-1.6632194519042969,-0.10307204723358154,0,0.15514137046796497
A164DHXPNTXF7C,fit,16f2b983efd52ab1ff4cf4143a540d4f1ff259a98953182f18e679342e9ef87b,3.0,33.0,11.0,33.0,0.3333333333333333,0.3333333333333333,29.0,9.666666666666666,63.0,21.0,0.8590604026845637,0.5771812080536913,244.0,87.0,2.9471976156010604,2.5649493574615367,0.0,5.0,-0.6080746650695801,-0.6380541324615479,-0.029979467391967773,0,0.16448771734368742
ARU4CJIMN3EXN,fit,16f378514490fb946ee1ac7ed9e244a3623832613e584131fa7ca3b3140bb52e,2.0,4.0,2.0,4.0,0.5,0.0,4.0,2.0,4.0,2.0,0.9777777777777779,0.9555555555555556,151.0,58.0,1.7005986908310775,1.6094379124341003,1.0,5.0,-1.9737393856048584,-1.9866443872451782,-0.012905001640319824,0,0.19652019135211768
A1YF18O5P7J5TN,fit,16f581d91eb47ca628fc986ae1855210dd0f1a05eb8b0e828117a154b5f3d6e0,5.0,92.0,18.4,33.0,0.8,0.6,84.0,16.8,110.0,22.0,0.8198266629523013,0.6370370370370371,418.0,145.0,2.5332051877844814,1.3862943611198906,0.2,5.0,-1.0195032358169556,-0.9592918157577515,0.0602114200592041,1,0.12718194326864263
AF77G6NFY4GZR,fit,16f58c0306a33aaccfec45385143e3634976d37b8288e4d5942d8b5b95fa0b19,4.0,125.0,31.25,33.0,1.0,1.0,113.0,28.25,235.0,58.75,0.6332556242969629,0.4,344.0,116.0,2.198706232003629,1.6094379124341003,0.5,5.0,-1.0721662044525146,-1.2624740600585938,-0.1903078556060791,0,0.10507088212351946
A3TQ0G8QKYBCNV,fit,17094d19d0cd3c932e521e50831d1697e708207a26814a75640f5a04dd9c4ac1,2.0,66.0,33.0,33.0,1.0,1.0,58.0,29.0,210.0,105.0,0.4509326396191952,0.4187192118226601,171.0,58.0,3.198464827608073,1.791759469228055,0.5,5.0,-1.6049553155899048,-1.590899109840393,0.014056205749511719,0,0.20710260160240712
A2KE7YZ2TXS8QB,fit,170cbbea768c1d49957454801f5e87de168018a8f5971dc87a08b5b1f9752077,4.0,75.0,18.75,34.0,0.75,0.75,67.0,16.75,287.0,71.75,0.6757055266105758,0.3208955223880597,300.0,117.0,2.062328436565159,1.6094379124341003,0.5,5.0,-1.6575902700424194,-1.4204884767532349,0.23710179328918457,1,0.11453491267871199
A1RQCRGIOVPLW0,fit,170e122557d06c1f4930627c4ad38b03d5a1ed314f3dc547e1a483b26b83ce26,4.0,33.0,8.25,33.0,0.25,0.25,29.0,7.25,553.0,138.25,0.7836463223787168,0.13458528951486698,314.0,116.0,3.231747655758869,1.3862943611198906,0.25,5.0,-1.2828317880630493,-1.5556484460830688,-0.27281665802001953,0,0.22073608512628098
A263ACJCNTURTL,fit,171ac49d82342910bc3484b35a22f8553bf9d7ce9558795164d5ebda1d3d676e,3.0,72.0,24.0,34.0,1.0,1.0,68.0,22.666666666666668,170.0,56.666666666666664,0.6766496335881608,0.391705069124424,257.0,88.0,2.349751613751945,2.0794415416798357,0.0,5.0,-0.684342086315155,-1.0042641162872314,-0.3199220299720764,0,0.07952776030676333
A2PDL6TSVWIKEU,fit,171c23c932f1865cb6b55781d50a9eeeb08a45bc8de814e3093b213b6cf42dc7,3.0,40.0,13.333333333333334,33.0,0.6666666666666666,0.3333333333333333,36.0,12.0,198.0,66.0,0.7450668322917071,0.3104693140794224,232.0,87.0,2.5268999174081874,1.9459101490553132,0.3333333333333333,5.0,-1.430499792098999,-1.7415615320205688,-0.3110617399215698,0,0.1509784428332509
AQH1SWR5HA413,fit,17265fede0942d6082ba74671eb5b506da1972901e517de0fde4395006c31e73,6.0,85.0,14.166666666666666,34.0,0.5,0.5,81.0,13.5,628.0,104.66666666666667,0.7785051181954504,0.1283987915407855,459.0,175.0,3.2851733383435975,2.9444389791664403,0.0,5.0,-0.8970401883125305,-1.0468250513076782,-0.1497848629951477,0,0.1416647768714974
ANJC18SBOHO1K,fit,1728618816096f884fb6804d49fdc0420e01ef737d48a2b458df1b2684d4bc2f,2.0,46.0,23.0,34.0,1.0,1.0,42.0,21.0,76.0,38.0,0.7240104095329407,0.5704697986577181,171.0,59.0,2.282174095733918,2.0794415416798357,0.0,5.0,-1.2533519268035889,-1.6689131259918213,-0.4155611991882324,0,0.087318093431725
AQR89SGX4AYJX,fit,172e8073c4c9c41740bc531b7981c3eb71602b44506cc2b7d2d8c08393996397,2.0,50.0,25.0,33.0,1.0,1.0,46.0,23.0,89.0,44.5,0.689627626889517,0.5443037974683544,172.0,58.0,3.66651150719324,2.70805020110221,0.0,5.0,-0.728074848651886,-1.1582978963851929,-0.4302230477333069,0,0.1691972609891508
A266WA41P7G5XE,fit,1735d75978668356308451b2e9a354fd8fe6ce5a21958aeaf6d900d1ec8f45bb,3.0,44.0,14.666666666666666,34.0,0.6666666666666666,0.6666666666666666,40.0,13.333333333333334,62.0,20.666666666666668,0.8383915994365476,0.6204379562043796,238.0,89.0,2.7696460841985924,2.3025850929940455,0.0,5.0,-1.555059790611267,-1.8480157852172852,-0.29295599460601807,0,0.12719326018339255
A36E8PT1SBJ5RB,fit,1737f45c345eb757fb9188491ffcc0c4f05af873e4b3c7f26a98b08b5941cd3c,5.0,119.0,23.8,34.0,0.8,0.8,107.0,21.4,308.0,61.6,0.6502589324111282,0.40669856459330145,389.0,146.0,3.299024849364372,1.9459101490553132,0.2,5.0,-1.7159560918807983,-1.975441336631775,-0.25948524475097656,0,0.16452343134778924
A2UR1HHD8R2MTG,fit,173db50e5a688acfaec2ff6f3b1529bf900619d91004e5bcf64e1a8b431730fa,2.0,40.0,20.0,33.0,1.0,0.5,36.0,18.0,51.0,25.5,0.7931348221670802,0.6615384615384615,172.0,58.0,2.8314802400679726,2.772588722239781,0.0,5.0,-0.47824662923812866,-0.48335790634155273,-0.005111277103424072,0,0.13574282185871134
ALWY4OQ8BCOKZ,fit,174530336c5ed1b0df4ad0aaf685458cb7988cc8d1a07d0056a8c9fadffcb856,5.0,165.0,33.0,33.0,1.0,1.0,145.0,29.0,486.0,97.2,0.47736019759824755,0.40186915887850466,430.0,145.0,3.491855766427905,2.4849066497880004,0.0,5.0,-1.4234875440597534,-1.7037782669067383,-0.28029072284698486,0,0.13680432732719527
A1SBUM00RCDDF0,fit,175d0a4b0593d495de4fd35670b94209aaebbefb94d0def283e9d37d496531b2,13.0,313.0,24.076923076923077,33.0,0.8461538461538461,0.8461538461538461,285.0,21.923076923076923,1070.0,82.3076923076923,0.6787424510936664,0.1419141914191419,1083.0,378.0,3.2486778732628827,1.791759469228055,0.07692307692307693,5.0,-1.469666838645935,-1.892431616783142,-0.42276477813720703,0,0.0941508512189875
A20A8QHHIGKHOA,fit,17710e1565d24fe4a5ed289488ffbc68c7f88741b8b2a022cb563c1787f9ff81,3.0,75.0,25.0,33.0,1.0,1.0,67.0,22.333333333333332,201.0,67.0,0.647181645851918,0.3644067796610169,258.0,87.0,2.4197053760323666,1.9459101490553132,0.6666666666666666,5.0,-1.039932370185852,-1.639507532119751,-0.5995751619338989,0,0.13158383891632927
A3FE4FASHOV3QC,fit,1777a6b101958f1d784a2b2d3ca9e7f74fbfb444a37fa8ca9feae425f3ae6279,4.0,82.0,20.5,33.0,0.75,0.75,74.0,18.5,179.0,44.75,0.7270088949193427,0.42786069651741293,327.0,120.0,3.0308629042104593,1.791759469228055,0.25,5.0,-0.5800853967666626,-0.49117565155029297,0.08890974521636963,1,0.15850425202791124
A1RHP5HOL4COQ4,fit,1779efce99f5b68c29bce0ef59ef2d77589c15fc2f8333bc1c47151473e9176b,10.0,199.0,19.9,34.0,0.8,0.7,179.0,17.9,1424.0,142.4,0.6750575104553099,0.09277238403451996,823.0,290.0,2.910175628733563,1.6094379124341003,0.3,5.0,-2.6827938556671143,-2.883866548538208,-0.20107269287109375,0,0.15477707989174103
A2QA6X1TBLVJS8,fit,177bc3186b1e37c8308d549e7a8db09f53b6db717db2caf521b66062d3f90e9e,5.0,153.0,30.6,34.0,1.0,1.0,137.0,27.4,1720.0,344.0,0.42025134636769046,0.09544950055493896,428.0,146.0,3.0278019887507,2.772588722239781,0.0,5.0,-1.9836628437042236,-2.5953962802886963,-0.6117334365844727,0,0.10350644890907686
A1T7N2MN2Y0ECF,fit,177d487bbb5eefee772e85b620b240f903d61c3a8f618a16ee1b91e37a86625c,2.0,67.0,33.5,34.0,1.0,1.0,59.0,29.5,250.0,125.0,0.42146198830409354,0.34,171.0,59.0,3.1832352238657187,1.791759469228055,0.5,5.0,-1.7981433868408203,-1.730912446975708,0.0672309398651123,1,0.19812281149941907
A2JSLC9F2VWPFZ,fit,17827423f756669798eef072a7b4b86e52deb183c2c068e840fc34d32825fb30,16.0,482.0,30.125,34.0,1.0,1.0,430.0,26.875,1635.0,102.1875,0.5195256743365255,0.2478386167146974,1373.0,466.0,2.746017167845971,1.3862943611198906,0.1875,5.0,-0.31248754262924194,-0.7551444172859192,-0.44265687465667725,0,0.06739776291593444
A3EOVXI1VZIHUQ,fit,179d32c26feea568339dc46f5d85cc604f3f5cbc7a4b4fbb93d97194de4bff1a,7.0,202.0,28.857142857142858,34.0,0.8571428571428571,0.8571428571428571,178.0,25.428571428571427,727.0,103.85714285714286,0.5613436348759221,0.18973214285714285,563.0,207.0,3.440652379302841,2.70805020110221,0.0,5.0,-1.251873254776001,-1.5124889612197876,-0.2606157064437866,0,0.12217022443848337
A26G7LECAVZLRP,fit,17a1700d7373bb1eb233a5ce8df5744ee360f2ad350d41415111e9a5a8cf4fdc,8.0,180.0,22.5,33.0,0.875,0.75,166.0,20.75,319.0,39.875,0.7371598858996071,0.4195121951219512,652.0,232.0,2.7717771568347835,1.3862943611198906,0.25,5.0,-1.421424150466919,-1.9202381372451782,-0.4988139867782593,0,0.10801588200333102
A2EJQ9TQ8WBOQQ,fit,17a21a1083599f9ddea3cd59ab0bfcdb062ec51cf846c40e538c4af8118ab559,5.0,166.0,33.2,34.0,1.0,1.0,146.0,29.2,408.0,81.6,0.5175989805515356,0.45989304812834225,428.0,146.0,2.494627476780462,1.6094379124341003,0.2,5.0,-1.0751953125,-1.34281325340271,-0.26761794090270996,0,0.10209308043342166
A1KKSZCWTDPMGJ,fit,17b26d13cec792e5067dfb7c89a0600f99e6af399e6652abc3741e634e87b4ae,3.0,0.0,0.0,0.0,0.0,0.0,0.0,0.0,0.0,0.0,1.0,1.0,229.0,87.0,2.716148555414412,2.5649493574615367,0.0,5.0,-1.2889173030853271,-1.3872085809707642,-0.09829127788543701,0,0.17045375560973078
AMRM5RGR7NI5Q,fit,17b4c7043b3bde4ace13a7faa612ac32f2032f29564ea1de891664c76f5161ef,2.0,68.0,34.0,34.0,1.0,1.0,60.0,30.0,250.0,125.0,0.4088504088504088,0.36796536796536794,170.0,60.0,3.401197381662155,2.995732273553991,0.0,5.0,-0.7740482091903687,-1.5526340007781982,-0.7785857915878296,0,0.14323133799001975
A15Y9Y28DTIC05,fit,17b9522350151eef9427c8bf0f7a6ed48e15191f28deee00126be7a60c7ca668,2.0,29.0,14.5,29.0,0.5,0.5,29.0,14.5,29.0,14.5,0.8728070175438596,0.7456140350877193,138.0,59.0,3.275540167521702,3.2188758248682006,0.0,5.0,-1.0164644718170166,-1.0879641771316528,-0.07149970531463623,0,0.17882008296821764
A2Z8ZFM4SGCTYL,fit,17b9bc2f3aa586bb38939393f99df3d09143593c2bfec1d1ebd78760453e22dd,5.0,137.0,27.4,33.0,1.0,1.0,124.0,24.8,714.0,142.8,0.552175525092918,0.18777292576419213,429.0,145.0,2.4085742260364995,1.791759469228055,0.2,5.0,-0.5354072451591492,-1.6204578876495361,-1.0850505828857422,0,0.08704581432247699
A3JLERGZ90RMZH,fit,17bdac08567cde64a451d69c8a601a60528c6fd4402b44fd7c5a6967377d3f5b,3.0,34.0,11.333333333333334,34.0,0.3333333333333333,0.3333333333333333,30.0,10.0,78.0,26.0,0.8404907975460123,0.5214723926380368,201.0,89.0,3.3425500650521833,2.4849066497880004,0.0,5.0,-0.8812936544418335,-0.9703505635261536,-0.08905690908432007,0,0.20276844182173173
AF3X7J0XC391L,fit,17be1d9329ccb4169e26ecd83ee52d48c74282094582034c3ab3dec12d622eb4,5.0,67.0,13.4,34.0,0.4,0.4,59.0,11.8,140.0,28.0,0.8285639754793269,0.45989304812834225,334.0,147.0,3.1925814866149103,2.6390573296152584,0.0,5.0,-1.2211930751800537,-1.1508158445358276,0.07037723064422607,1,0.16319635628516743
A15AX29IXAE4LC,fit,17d4439777f6c91498b1cb7deb3a72356eeab20eef4b9a731f99b83cb197cb0b,2.0,66.0,33.0,33.0,1.0,1.0,58.0,29.0,176.0,88.0,0.49959935897435903,0.4479166666666667,172.0,58.0,1.7776740307447068,1.6094379124341003,1.0,5.0,-1.7160879373550415,-1.6556262969970703,0.06046164035797119,1,0.14449384325317366
A2J705EL3BSZ3W,fit,17d85e0884c0f5bc69b6a3b97b64f29f865e1667518bb940dcf17af4c74cc110,4.0,79.0,19.75,33.0,0.75,0.75,75.0,18.75,79.0,19.75,0.8263666547243634,0.7226890756302521,316.0,116.0,3.452851536594795,2.772588722239781,0.0,5.0,-1.4572736024856567,-1.7793333530426025,-0.3220597505569458,0,0.15882035406613343
A19NRLFY57CQNK,fit,17dfa695613ef1fa8f4197a694d3f51b253192e0d5e8f077b9bffe2f11bb3754,2.0,33.0,16.5,33.0,0.5,0.5,29.0,14.5,92.0,46.0,0.7415730337078652,0.48314606741573035,148.0,57.0,1.791759469228055,1.791759469228055,1.0,5.0,-1.512294054031372,-1.497457504272461,0.014836549758911133,0,0.17882953335599866
A16S04WKNCZHJI,fit,17ec55ebd5024e8dcd69362d07dd78f3a3a423dde9e341c8284407f83439d3be,2.0,66.0,33.0,33.0,1.0,1.0,58.0,29.0,200.0,100.0,0.47834928229665075,0.39090909090909093,172.0,58.0,3.438648035748714,2.3025850929940455,0.0,5.0,-1.3911324739456177,-1.4222676753997803,-0.031135201454162598,0,0.15863715019913863
A36K2N527TXXJN,fit,17edcedc2b0be3b2fd7d1d51c32c59567cba1a923e3a6aaceef74bb738a57c17,20.0,481.0,24.05,34.0,0.85,0.7,425.0,21.25,1620.0,81.0,0.625333414426376,0.23822714681440443,1661.0,582.0,3.2519509442313366,1.3862943611198906,0.2,5.0,-1.0560322999954224,-1.4358618259429932,-0.3798295259475708,0,0.09477062433877438
A28FT3QZMU0A86,fit,17f53f3a1476b2f2a8129baa8145ed7ecc94704b86189292f8be3600c95267e0,3.0,99.0,33.0,33.0,1.0,1.0,87.0,29.0,522.0,174.0,0.3540355078960025,0.25748502994011974,257.0,87.0,2.4166418455726624,2.0794415416798357,0.0,5.0,-0.3206993639469147,-0.4036397337913513,-0.08294036984443665,0,0.08415847664183146
A4XF2RNR4LQ39,fit,17f7b70525945c8a61bbac82502b16d8f62e4903b73e39d3a72e033be932fb16,4.0,59.0,14.75,33.0,0.75,0.75,55.0,13.75,90.0,22.5,0.8281386366008978,0.5733333333333334,306.0,117.0,3.4812078054684346,2.3025850929940455,0.0,5.0,-0.6120033264160156,-0.7176659107208252,-0.10566258430480957,0,0.162499325616525
A168EGNF9MK2KZ,fit,17f7f32af1483e11a1b4f3b32c393dce6efc64e8c436dba99c5540a48e418975,3.0,46.0,15.333333333333334,33.0,0.6666666666666666,0.6666666666666666,42.0,14.0,136.0,45.333333333333336,0.7600567074251284,0.41148325358851673,222.0,87.0,2.1700861135077165,1.9459101490553132,0.3333333333333333,5.0,-1.016791582107544,-1.1529759168624878,-0.13618433475494385,0,0.11396296089108764
A1M1VHDTN07A1X,fit,17f881012d70c3eee9e425ac95a9f3b41adef0833c66b88da424478afb3f3955,4.0,99.0,24.75,33.0,0.75,0.75,87.0,21.75,401.0,100.25,0.5449452939998731,0.36134453781512604,308.0,116.0,3.2711342229659675,1.6094379124341003,0.25,5.0,-1.041137456893921,-1.5525091886520386,-0.5113717317581177,0,0.19277469996129218
A2ESPNN31X5YX,fit,180245afaee6387c96b08b908e1df6870315c00380244b03999854b23a3ca024,4.0,45.0,11.25,33.0,0.75,0.5,41.0,10.25,74.0,18.5,0.8624466463108011,0.5782312925170068,312.0,116.0,2.5645200825676335,1.791759469228055,0.5,5.0,-0.6822041273117065,-0.7030388116836548,-0.020834684371948242,0,0.16435397497728277
A3SA41FNSURN2,fit,18034cad40b7c958c2d4ad76d2e6385ff1948e0f60b7da9ef290ceb2fffd6a7d,2.0,0.0,0.0,0.0,0.0,0.0,0.0,0.0,0.0,0.0,1.0,1.0,133.0,58.0,3.151309487872452,2.6390573296152584,0.0,5.0,-1.2927665710449219,-1.2947739362716675,-0.0020073652267456055,0,0.21382721955502745
AHX12MOTJPWLA,fit,18146df190c0f04373bdc8a3137256de86356dfdd4cb40c0afdcbc2a30c69942,8.0,247.0,30.875,34.0,1.0,1.0,219.0,27.375,780.0,97.5,0.5322503344093883,0.245014245014245,687.0,233.0,3.2863794947780267,2.3025850929940455,0.0,5.0,-1.5831135511398315,-1.9220943450927734,-0.3389807939529419,0,0.09997700090860272
AC3X9XOJVAVTB,fit,181d766ff05c41a76d24425ee1935e19bd5e262fc944f70a74fe96362e891f2a,7.0,129.0,18.428571428571427,33.0,0.5714285714285714,0.5714285714285714,116.0,16.571428571428573,476.0,68.0,0.7131177838877057,0.2356164383561644,511.0,203.0,2.7220467230061254,1.3862943611198906,0.5714285714285714,5.0,-1.6817916631698608,-1.8426672220230103,-0.16087555885314941,0,0.17288161622552956
A1UB84NKI8L3AY,fit,18217dac6d336de1047aa2142de1d6d14e3b5f41b9eaafff993006066121bc80,2.0,66.0,33.0,33.0,1.0,1.0,58.0,29.0,425.0,212.5,0.3067025089605735,0.23118279569892472,172.0,58.0,2.255429753258425,1.9459101490553132,0.5,5.0,-0.10893510282039642,-1.2318798303604126,-1.122944712638855,0,0.1050077782597954
A2YMV767AP7Q4C,fit,1822c22af0715bb003d4f0bbb3a9fc72018455f74d5085aa616e4a97c1277aa3,4.0,99.0,24.75,33.0,0.75,0.75,87.0,21.75,214.0,53.5,0.6743842178208728,0.45263157894736844,307.0,116.0,3.3162156100027778,2.772588722239781,0.0,5.0,-0.5944945216178894,-1.5606656074523926,-0.9661710858345032,0,0.14464410953190626
A1Y56TCZBXPN92,fit,182d0ca0cb6c02aefc9dc0a051d2eb179f17750d41686f09917ccf4f35fcb81d,10.0,327.0,32.7,33.0,1.0,1.0,290.0,29.0,1907.0,190.7,0.43916707834501717,0.09277238403451996,859.0,290.0,2.686504736463852,1.6094379124341003,0.3,5.0,-1.5647157430648804,-1.4399328231811523,0.12478291988372803,1,0.11956717629596614
A3UF11NIFLH9QE,fit,183313a370a490086608f81df55f74c334fc5163102fd0b5ffc4db35e103eec5,4.0,132.0,33.0,33.0,1.0,1.0,116.0,29.0,1591.0,397.75,0.2842879661317691,0.10723192019950124,344.0,116.0,3.0267066827180504,1.9459101490553132,0.25,5.0,-0.5019354820251465,-0.756985604763031,-0.2550501227378845,0,0.12587000122231065
A2IWHA1XEYSPD6,fit,183b714d5e08a5fa4ed520b606ff50567c748d5d9b7622932b6cc8cdea77ba84,4.0,83.0,20.75,34.0,1.0,1.0,75.0,18.75,144.0,36.0,0.7467326799258851,0.5119047619047619,341.0,118.0,2.383431842262185,1.791759469228055,0.75,5.0,-1.5771358013153076,-1.7381540536880493,-0.1610182523727417,0,0.13449985165445288
A1GJKM6YGR3FM2,fit,1843b5107893d86f416b947ecb7e25b967d4d023e88c2333ebeb52ce789f3d59,3.0,39.0,13.0,21.0,0.6666666666666666,0.6666666666666666,39.0,13.0,39.0,13.0,0.8756410256410256,0.8,237.0,90.0,2.288977761487294,1.6094379124341003,0.3333333333333333,5.0,-0.299835205078125,-2.753890037536621,-2.454054832458496,0,0.13189223174694562
A2ZUN86K91AWIF,fit,18465662bff24e20f89665423769232acb86958ddc2bb340d564b37d4fd19af0,4.0,99.0,24.75,33.0,0.75,0.75,87.0,21.75,217.0,54.25,0.6622091883225486,0.5029239766081871,308.0,116.0,3.0484595269654577,1.9459101490553132,0.25,5.0,-0.3963930606842041,-2.0121965408325195,-1.6158034801483154,0,0.16694719201466326
A1JG9AXH4GWOOS,fit,1856fc687fd202ac0a95d05ef95e9f6359e2dfca6d6312b348e34a241ce87bf5,3.0,100.0,33.333333333333336,34.0,1.0,1.0,88.0,29.333333333333332,796.0,265.3333333333333,0.31422478827863637,0.1673228346456693,257.0,88.0,2.013418237092471,1.0986122886681096,0.3333333333333333,5.0,-1.894524335861206,-2.1570897102355957,-0.26256537437438965,0,0.0858607927987076
ALVNT3GJD8QX3,fit,1865e133e65943703893c235433a2755a4fc1de53fc83ed6de4f7bd8aa768e69,8.0,240.0,30.0,33.0,1.0,1.0,216.0,27.0,463.0,57.875,0.6398899968245482,0.3481781376518219,687.0,233.0,2.5736145980518543,1.791759469228055,0.375,5.0,-1.3127987384796143,-1.2900664806365967,0.022732257843017578,1,0.082904151816549
AIJ5H9MNSCGQ3,fit,1868e5f905bf28d7207f5d63500a9fbcf0f73ef9ef608f155be9b5faab0c0122,6.0,108.0,18.0,33.0,0.6666666666666666,0.6666666666666666,96.0,16.0,701.0,116.83333333333333,0.6870578259467979,0.1465076660988075,474.0,174.0,3.116847084021139,1.6094379124341003,0.3333333333333333,5.0,-1.1964008808135986,-1.3524067401885986,-0.156005859375,0,0.1732472921926742
A2VB8PYIOVBWZN,fit,186d3afeda80106817fd47ba31e7d3f8fde0aeca656de4ac679516e561d2388e,4.0,106.0,26.5,34.0,1.0,1.0,98.0,24.5,223.0,55.75,0.6762740264902294,0.36637931034482757,342.0,118.0,3.7070491746875973,2.9444389791664403,0.0,5.0,-1.6642154455184937,-1.6652705669403076,-0.0010551214218139648,0,0.1389140926550964
A3QFHH2N2OORO3,fit,1876e9ce266de01ab5618b658c85756fefea3c4671b978d9e150e1ea29885ece,5.0,43.0,8.6,33.0,0.6,0.2,39.0,7.8,81.0,16.2,0.8875218978215752,0.5477707006369427,382.0,146.0,3.4141702604543918,2.0794415416798357,0.0,5.0,-1.1569515466690063,-1.4417537450790405,-0.2848021984100342,0,0.19946150398234072
A36ZMWJS6U5RKL,fit,188421f8cea6c5c519bd67215d6047cb0ba9cc788ea5a6e21ce4165dd773afd3,9.0,305.0,33.888888888888886,35.0,1.0,1.0,269.0,29.88888888888889,1519.0,168.77777777777777,0.3968973881139036,0.22950819672131148,760.0,269.0,2.2393631755916723,1.6094379124341003,0.2222222222222222,5.0,-0.08309365808963776,-0.647048830986023,-0.5639551877975464,0,0.08843255394441815
A2WTNQ1AB9RS57,fit,18844ffe1ff74ad2c5f66e351a5de15bf996202e646844f013c4d95ba86d5764,2.0,66.0,33.0,33.0,1.0,1.0,58.0,29.0,182.0,91.0,0.5378038439796495,0.3706896551724138,172.0,58.0,3.436581917106259,3.1354942159291497,0.0,5.0,-0.8945070505142212,-1.0384858846664429,-0.14397883415222168,0,0.14049379816643998
A35AC2R3LPUPVJ,fit,1886477111fb5233f73ede861604e6dd0033d51a6b185abb4e54647e0921367c,4.0,66.0,16.5,33.0,0.5,0.5,58.0,14.5,213.0,53.25,0.7236315988544875,0.4321608040201005,304.0,116.0,3.3094786477661073,1.9459101490553132,0.5,5.0,-2.2426440715789795,-2.269789934158325,-0.027145862579345703,0,0.2481408901317759
A3VR6HBWKFZZ77,fit,18865673f0c05fa9704a62470e2a47528e76dc8e1f652637514d8dc518f0c78d,4.0,111.0,27.75,33.0,1.0,1.0,99.0,24.75,332.0,83.0,0.5611443553093451,0.39906103286384975,343.0,116.0,2.8011172733254925,1.791759469228055,0.5,5.0,-2.1419310569763184,-2.2098021507263184,-0.06787109375,0,0.14640995772201268
A1C0YT5HU0OEBF,fit,188aac313715f6f614a8b731409716dbda5c011cb59fe22eb753c1ff64db7f4d,6.0,132.0,22.0,33.0,0.8333333333333334,0.6666666666666666,119.0,19.833333333333332,628.0,104.66666666666667,0.6640407750482732,0.1574074074074074,480.0,174.0,3.856304053708779,1.9459101490553132,0.16666666666666666,5.0,-1.4322383403778076,-1.7061777114868164,-0.2739393711090088,0,0.2023461255051745
ALO0B3PTAMJ7Q,fit,188b6203ed2e38fb60275fef5e8eed836c2f8fa29fe2365ab1bfa31cdb0985cb,4.0,86.0,21.5,31.0,1.0,0.75,84.0,21.0,86.0,21.5,0.8052155810445912,0.7327586206896551,341.0,117.0,3.088480880802226,2.5649493574615367,0.0,5.0,-1.4070446491241455,-1.4215389490127563,-0.01449429988861084,0,0.1252851480787657
A3PSVI1D7LQ4GN,fit,188e5804707853645a6f672adf6a59d1567753d171ae9b802a2aee4deed2a18d,6.0,169.0,28.166666666666668,35.0,0.8333333333333334,0.8333333333333334,149.0,24.833333333333332,1206.0,201.0,0.5201610322510412,0.09277238403451996,473.0,178.0,3.146143376487504,1.791759469228055,0.16666666666666666,5.0,-1.0131876468658447,-1.731789231300354,-0.7186015844345093,0,0.15105935156682837
A14GN0FD0D0H96,fit,188f18b0dd1d791ecc21619927dfd048cb1e05650c821b05ab584b3eb62611f2,18.0,331.0,18.38888888888889,33.0,0.7777777777777778,0.6666666666666666,303.0,16.833333333333332,585.0,32.5,0.7834055678374814,0.3628691983122363,1413.0,523.0,2.86375086762187,1.3862943611198906,0.2777777777777778,5.0,-0.3202865719795227,-0.3986491560935974,-0.07836258411407471,0,0.07062205103910184
A2RDJXZ2GRQZMC,fit,18919711f0ed56f526435cfd7a63108ed33266c1c2fb2c24b45813a84c7d2bab,2.0,12.0,6.0,12.0,0.5,0.5,12.0,6.0,12.0,6.0,0.9387755102040816,0.8775510204081632,141.0,58.0,2.5619819897016294,2.4849066497880004,0.0,5.0,-1.0728633403778076,-1.1060993671417236,-0.033236026763916016,0,0.12167189103853408
A13YWTC9CP2V3X,fit,18951ba9950807608cd66d786aa39468ef0919a543bf55dbcf5b9323caf270d3,7.0,80.0,11.428571428571429,33.0,0.5714285714285714,0.42857142857142855,72.0,10.285714285714286,305.0,43.57142857142857,0.7997720441753744,0.33992094861660077,570.0,204.0,3.228890642101316,1.3862943611198906,0.14285714285714285,5.0,-1.6748034954071045,-1.8178632259368896,-0.14305973052978516,0,0.18087501405765394
A3P3X4WTM6WGRY,fit,1895489fbbdd5272b4aee9a31c6fa1071b1376684e055242d0d23dffea906824,7.0,171.0,24.428571428571427,33.0,0.8571428571428571,0.7142857142857143,151.0,21.571428571428573,566.0,80.85714285714286,0.6239613553924769,0.24285714285714285,567.0,204.0,2.4763808419024422,1.3862943611198906,0.2857142857142857,5.0,-0.4352763295173645,-0.42207884788513184,0.013197481632232666,0,0.10909936869479235
A26Q45BG5BVHIQ,fit,1899e7e03729d769f2c74aa11cc2027a52d11b3f037146886f8d2490a8eb30d9,4.0,71.0,17.75,33.0,0.75,0.75,66.0,16.5,173.0,43.25,0.7613532997148291,0.3891402714932127,293.0,116.0,2.9562396570714595,1.791759469228055,0.25,5.0,-0.8422104716300964,-0.9645384550094604,-0.12232798337936401,0,0.14954873487007944
A5STFHVRZC9H3,fit,189ec514a61b8be7f508a5324632df9503811e9f3cf7f6c1cb6996153a1b4d9c,2.0,35.0,17.5,35.0,0.5,0.5,31.0,15.5,90.0,45.0,0.7413793103448276,0.4827586206896552,161.0,60.0,2.04717228111105,1.791759469228055,0.5,5.0,-1.8860547542572021,-2.030003547668457,-0.14394879341125488,0,0.149695174476977
AFFWDOGWU5XRL,fit,18a5e554dd3cef254f9168fbb586efdb930db050190d02596f9a7cc0598ad0ab,2.0,13.0,6.5,13.0,0.5,0.5,13.0,6.5,13.0,6.5,0.9343434343434344,0.8686868686868687,164.0,58.0,3.6694440669194393,2.9444389791664403,0.0,5.0,-0.9508846402168274,-1.295462727546692,-0.3445780873298645,0,0.20229800997445546
A3P2GVYTV0GYL1,fit,18ac868c4d0fe716c0163c7cdb205cc55ca10e2866d792d0584f9549d35deecd,10.0,188.0,18.8,33.0,0.7,0.7,176.0,17.6,298.0,29.8,0.7848671711608906,0.5119047619047619,776.0,293.0,3.0000609156864315,2.0794415416798357,0.0,5.0,-1.3077118396759033,-1.6855638027191162,-0.3778519630432129,0,0.09434285943565414
A26IPF4JQYN9RQ,fit,18af66cad1dcc3a19309e35999b4ddea91d330cde39c26f453bb4e86576cb5a4,2.0,24.0,12.0,24.0,0.5,0.5,24.0,12.0,24.0,12.0,0.8909090909090909,0.7818181818181819,153.0,58.0,3.7410594617760573,3.6109179126442243,0.0,5.0,-1.4301328659057617,-1.5705592632293701,-0.1404263973236084,0,0.2078637914254997
A14D004DHSPWI1,fit,18b1bcd4e2d13ba67e6adae5f97d66b224b42d5bfdd080d0ffe7643986e476a8,2.0,33.0,16.5,33.0,0.5,0.5,29.0,14.5,74.0,37.0,0.76875,0.5375,146.0,59.0,3.546702312934383,3.332204510175204,0.0,5.0,-0.8641742467880249,-0.9985119104385376,-0.1343376636505127,0,0.19581139771470202
AKBEKORV5VUQA,fit,18b54c9a3869d8c2add4f78fdffc3db372ab8b09a2af374a3406d35e8ac0c961,5.0,133.0,26.6,34.0,0.8,0.8,117.0,23.4,1816.0,363.2,0.3558740478346392,0.11168831168831168,407.0,146.0,2.3771073496414625,1.9459101490553132,0.2,5.0,-0.9901008605957031,-1.275538682937622,-0.28543782234191895,0,0.1154820650807152
A3JT5SVYJC1LOL,fit,18bee1a7aa74cfc9627af0c2d9e14080e2fc49a90cc2e838618e3759f2600f73,2.0,33.0,16.5,33.0,0.5,0.5,29.0,14.5,54.0,27.0,0.8071428571428572,0.6142857142857143,145.0,59.0,2.5184763012068148,2.3978952727983707,0.0,5.0,-1.9411309957504272,-2.2978649139404297,-0.35673391819000244,0,0.132529624559503
AXBNC8KNV3MY0,fit,18c14ff3bdfdf34ae7c4d8442a4beb7b2d74cdb633c1d7e02f096d34fa15f251,2.0,32.0,16.0,32.0,0.5,0.5,28.0,14.0,119.0,59.5,0.7111650485436893,0.4223300970873786,151.0,57.0,3.1917533174420027,2.0794415416798357,0.0,5.0,-1.1698672771453857,-1.2867200374603271,-0.1168527603149414,0,0.17864523436188945
A1EDWIXMTOJ2HF,fit,18c3a7a512fcd8c123b91c2c097a08e8216ba1af4696d7f4fdb56aded637cd2d,2.0,58.0,29.0,33.0,1.0,1.0,54.0,27.0,480.0,240.0,0.4660910910910911,0.1574074074074074,171.0,58.0,3.9422882552981617,2.772588722239781,0.0,5.0,-2.1614747047424316,-1.9018208980560303,0.25965380668640137,1,0.13799575721052687
A2WTEV5FT5WVPI,fit,18cfd760a8824ffdc2e39c05ee5a985f4dafcd3bedaa93ffad24ab63b027d456,3.0,39.0,13.0,33.0,0.6666666666666666,0.3333333333333333,35.0,11.666666666666666,247.0,82.33333333333333,0.7325931835305589,0.26299694189602446,224.0,88.0,2.1640799450068235,1.791759469228055,0.3333333333333333,5.0,-1.1271919012069702,-1.0501946210861206,0.07699728012084961,1,0.12396612882645101
A3PVM083UFTZQJ,fit,18dc6dcbeaf34cc24deb13e6290deb96f07b3358f9c5c515dd2fac5036b0b987,5.0,130.0,26.0,33.0,0.8,0.8,116.0,23.2,206.0,41.2,0.7063101618834102,0.5477707006369427,423.0,145.0,2.1444771876803266,1.791759469228055,0.4,5.0,-1.9689826965332031,-1.7201366424560547,0.24884605407714844,1,0.10323580815697876
A12E0Y0J6584RT,fit,18e3922cc0dd7f58b04841f7735a0809e24ecd1a83010deb4ccc2ef1a58c595a,20.0,408.0,20.4,34.0,0.7,0.7,368.0,18.4,2335.0,116.75,0.6389733311623996,0.1048780487804878,1548.0,583.0,3.302601035914094,1.9459101490553132,0.05,5.0,-0.9689248204231262,-0.9047025442123413,0.06422227621078491,1,0.14826445501031146
ATCC0INFYE0U0,fit,18e813304e485480bb4c1a952fa73f296a13455b7328a215de6f4d720e4ce9a8,9.0,172.0,19.11111111111111,34.0,0.6666666666666666,0.5555555555555556,152.0,16.88888888888889,408.0,45.333333333333336,0.7402771080287955,0.3722943722943723,685.0,263.0,3.03903175381388,1.6094379124341003,0.2222222222222222,5.0,-0.8514953851699829,-1.0314927101135254,-0.17999732494354248,0,0.14081519768614312
A3JC6350NTZ654,fit,18ee39d6f18618ddd8af1a39c344423930034819479511ad0d9b1d3554ff0caf,8.0,229.0,28.625,33.0,0.875,0.875,203.0,25.375,657.0,82.125,0.6117962403274517,0.2670807453416149,679.0,232.0,3.4578249871300413,2.3978952727983707,0.0,5.0,-1.3238650560379028,-1.3503682613372803,-0.02650320529937744,0,0.11358619286210006
AUU4G4TASZUWV,fit,18f711c659a2959b97a9e5130307edd0e1a3a22671790e21820637a906cd9533,7.0,167.0,23.857142857142858,34.0,0.7142857142857143,0.7142857142857143,147.0,21.0,766.0,109.42857142857143,0.5661721506684014,0.2945205479452055,523.0,206.0,2.6694491715653608,1.6094379124341003,0.2857142857142857,5.0,-0.23888444900512695,-1.2552273273468018,-1.0163428783416748,0,0.13883457080329248
A1WUGR5HJ4D0ZY,fit,18fac2284a35e5724a3c8b32391e3409d3bd1ae92d7cf8ed16598f92789e0f72,7.0,195.0,27.857142857142858,34.0,1.0,0.8571428571428571,175.0,25.0,881.0,125.85714285714286,0.598959822223537,0.12893553223388307,600.0,204.0,4.343013069013924,3.6635616461296463,0.0,5.0,-1.0645126104354858,-1.3556187152862549,-0.29110610485076904,0,0.1658164619755922
A1MN62WAJ4MKNH,fit,18fcfcb149116a5b87cc8c6fd8d2fec6acf0a1cd0860e52bbf6c0936a669eb2a,3.0,72.0,24.0,33.0,1.0,0.6666666666666666,64.0,21.333333333333332,310.0,103.33333333333333,0.5524905614419681,0.36134453781512604,258.0,87.0,4.105005577506451,2.70805020110221,0.0,5.0,-1.3138186931610107,-1.285479187965393,0.028339505195617676,1,0.21506002435134572
A1QMME1ZE54RGT,fit,18fd15aaa8475dc0935afd6c1facfa3f5b66508cf5e009f72ded4c9296a8e562,2.0,62.0,31.0,33.0,1.0,1.0,58.0,29.0,62.0,31.0,0.7352575812933869,0.7226890756302521,172.0,58.0,2.0948273710132126,1.791759469228055,0.5,5.0,-2.3107781410217285,-2.313260793685913,-0.0024826526641845703,0,0.12747063179137935
A2RDDWG0BJMMBP,fit,18fe3f893a0a2122e76c0777e47ce8ba66cafa13bfab0e21f26074f6cab0a5d9,2.0,32.0,16.0,27.0,1.0,0.5,32.0,16.0,32.0,16.0,0.8530584459788,0.7610619469026548,172.0,58.0,2.359249435647547,1.9459101490553132,0.5,5.0,-0.3941425383090973,-0.5174041390419006,-0.12326160073280334,0,0.15766302908161844
ASPQIRCQ7ZLW,fit,19065405efaf6510c616d517712ca9a2654e5ef439def273c286465b94973885,5.0,166.0,33.2,34.0,1.0,1.0,146.0,29.2,866.0,173.2,0.42834841382761873,0.1574074074074074,428.0,146.0,3.726195465040366,1.791759469228055,0.2,5.0,-1.376304030418396,-1.3835923671722412,-0.007288336753845215,0,0.1833948833671048
A2IWFH4JINUQC3,fit,190ad74cc7397342065fd7c509065e334b69af7110b6d40cd5799fc1b7ba9c13,2.0,41.0,20.5,33.0,1.0,1.0,37.0,18.5,270.0,135.0,0.5799251946777852,0.24495677233429394,171.0,58.0,2.297559925067295,2.197224577336219,0.0,5.0,-0.0950719565153122,-0.37040799856185913,-0.27533602714538574,0,0.06787596228862301
ALWIY0BRL8GJC,fit,190c8acf3b1c81623133a767778b2a8e191696ae95e71afa55dab11ca1371a3a,10.0,227.0,22.7,34.0,1.0,0.9,211.0,21.1,368.0,36.8,0.7376024809557645,0.450261780104712,857.0,292.0,2.52686399945397,1.3862943611198906,0.5,5.0,-1.3421332836151123,-1.5620057582855225,-0.21987247467041016,0,0.08712307002085179
A2UDF8U7P3H5P,fit,191878d305a8ce5b504bd52aa94e251b8d27d52c6e8a7d31c7567d65ec04ec5f,12.0,228.0,19.0,33.0,0.75,0.6666666666666666,204.0,17.0,503.0,41.916666666666664,0.7558706555183643,0.32209737827715357,964.0,348.0,2.54437661025637,1.6094379124341003,0.25,5.0,-1.034775733947754,-1.3028690814971924,-0.2680933475494385,0,0.08280176536605287
A20ZNRP97VQQH6,fit,191aae35abaa079e43d05b0961187e20641984d76c88137e32d15cea36a2709a,3.0,34.0,11.333333333333334,34.0,0.3333333333333333,0.3333333333333333,30.0,10.0,47.0,15.666666666666666,0.8813131313131314,0.6439393939393939,228.0,88.0,2.1485732731285263,1.9459101490553132,0.3333333333333333,5.0,-0.4470686912536621,-0.5630599856376648,-0.11599129438400269,0,0.1498607352753582
AV4HC7M9MRARM,fit,191e93124c78d070e1612f0d6e88aac1ee88538dba0a3df4c824ec5aa119ce8f,2.0,67.0,33.5,34.0,1.0,1.0,59.0,29.5,201.0,100.5,0.45975948196114713,0.4521276595744681,171.0,59.0,3.2972067298748895,2.833213344056216,0.0,5.0,-1.7345199584960938,-1.5525046586990356,0.1820152997970581,1,0.14428734763746404
AB3IXSZN2CIKV,fit,1920b7b5eb52dee1ba2d1611d932fa041c29d66fe7a7a052ede6549c31e59a96,10.0,331.0,33.1,34.0,1.0,1.0,291.0,29.1,3519.0,351.9,0.3394695731317615,0.09277238403451996,858.0,291.0,2.8806699916911245,1.9459101490553132,0.1,5.0,-0.3391144275665283,-2.012605667114258,-1.6734912395477295,0,0.21173823771001068
A2QSEW18F5SNMP,fit,1923ac379bfed048bd6370107387e394d71fbb2eaa161779386a2a47b56ec011,2.0,47.0,23.5,33.0,1.0,1.0,43.0,21.5,191.0,95.5,0.5934980988593156,0.3269961977186312,172.0,58.0,2.9513166667006834,1.791759469228055,0.5,5.0,-1.1260559558868408,-1.1960070133209229,-0.06995105743408203,0,0.15966554514176906
A1XJW0XA8VDU4,fit,19297d0e58b595b1c2751ac08167cfc4eb5c21d24385fdc69efcdec5b0644643,4.0,132.0,33.0,33.0,1.0,1.0,116.0,29.0,257.0,64.25,0.5887934922680412,0.44329896907216493,344.0,116.0,2.49787460746471,1.791759469228055,0.5,5.0,-1.1164464950561523,-1.1720308065414429,-0.05558431148529053,0,0.12548623638651935
A3G59LXVP094TY,fit,192cdf66fdce55d27c4dc872700fa2cb6d96256c9254c554917fb0fb681ceaea,9.0,161.0,17.88888888888889,33.0,0.6666666666666666,0.6666666666666666,148.0,16.444444444444443,356.0,39.55555555555556,0.7707351830452874,0.33992094861660077,742.0,261.0,3.2652522981133147,1.6094379124341003,0.1111111111111111,5.0,-1.655941367149353,-2.021815061569214,-0.36587369441986084,0,0.13208613528905017
A3LOGP4VA9DX46,fit,19338dce3935b229213b7d1d98ab22f1e4ae1a1a0cd576eb1feb8b082e1f56d9,11.0,222.0,20.181818181818183,33.0,0.6363636363636364,0.6363636363636364,198.0,18.0,925.0,84.0909090909091,0.6478707809836496,0.27129337539432175,881.0,319.0,3.603170575432488,2.3025850929940455,0.0,5.0,-1.4566166400909424,-1.6447826623916626,-0.18816602230072021,0,0.15360314743529477
A2LXC5ZHHP0WXP,fit,19339ecc3a10588c59e1cbbd7994d6e519721bd124989263849b01d0739ea901,20.0,442.0,22.1,34.0,0.7,0.7,390.0,19.5,1597.0,79.85,0.6368421078598918,0.23822714681440443,1519.0,585.0,3.2150870495131363,2.197224577336219,0.0,5.0,-0.42961615324020386,-0.4169544577598572,0.01266169548034668,0,0.08739332078376467
A394F57MK7RG4Q,fit,193491d9ac6515990103bc51ec11026dd150f49fc1cbfa8bb4da4de2401d511f,2.0,15.0,7.5,12.0,1.0,0.5,15.0,7.5,15.0,7.5,0.9225400068096697,0.8787878787878788,173.0,57.0,2.484906649788,1.791759469228055,0.5,5.0,-2.0158627033233643,-2.0486855506896973,-0.03282284736633301,0,0.15500100247192009
AYYVYHEQA3699,fit,19391ec6eba28a85f949bc957915bde26370c6a6256cf725680ef1c2f11d761f,4.0,29.0,7.25,29.0,0.25,0.25,29.0,7.25,29.0,7.25,0.9369565217391305,0.7478260869565218,314.0,116.0,3.228694541251493,2.772588722239781,0.0,5.0,-0.7832211256027222,-0.8955627679824829,-0.11234164237976074,0,0.19037749578128943
A2BYTAC87S23BA,fit,193afa31654ffd79895ef6bf360b01387597679ffae827ada0271aa4ef6896c3,3.0,83.0,27.666666666666668,33.0,1.0,1.0,75.0,25.0,233.0,77.66666666666667,0.6252416703980229,0.31970260223048325,257.0,88.0,3.177474623715099,1.791759469228055,0.3333333333333333,5.0,-2.0928263664245605,-2.3801443576812744,-0.28731799125671387,0,0.15793179639864666
A1PI2MSVWR8LWR,fit,194f3ba1d89b2b1cc93e8e97ef89514eea57eeb75ee7acf7332c4cbcfe948564,3.0,66.0,22.0,33.0,0.6666666666666666,0.6666666666666666,58.0,19.333333333333332,86.0,28.666666666666668,0.7777777777777777,0.6666666666666666,234.0,87.0,2.118702553565297,1.0986122886681096,0.3333333333333333,5.0,-1.6027580499649048,-2.1394801139831543,-0.5367220640182495,0,0.13731580114165295
A1D2Q0ZNMIGKD5,fit,1956006befe70870a64416181539812ffe0a052f836ca431b50598f1f842a843,3.0,66.0,22.0,33.0,0.6666666666666666,0.6666666666666666,58.0,19.333333333333332,139.0,46.333333333333336,0.7167885304659499,0.46236559139784944,220.0,87.0,2.3833056120440363,1.9459101490553132,0.6666666666666666,5.0,-1.2297282218933105,-1.230400800704956,-0.0006725788116455078,0,0.16786895441985297
A2SQ8MYJI4SCHJ,fit,1969f9f656c01c963ec4916b326484f850c421e79520dd9cea699a6cd77b70d6,3.0,79.0,26.333333333333332,34.0,1.0,1.0,71.0,23.666666666666668,185.0,61.666666666666664,0.6346297015630759,0.4228855721393035,256.0,89.0,2.3306988091386294,2.0794415416798357,0.0,5.0,-0.5394549369812012,-0.9962803721427917,-0.4568254351615906,0,0.08172790843997856
A1WI236ZYBWCI2,fit,196b2f43242eaa044293780252ce33e8917fc19be0fe33e9d82c6889b7eefb3a,2.0,33.0,16.5,33.0,0.5,0.5,29.0,14.5,67.0,33.5,0.7810457516339869,0.5620915032679739,148.0,58.0,3.190061268449883,2.3025850929940455,0.0,5.0,-1.2132645845413208,-1.2676113843917847,-0.05434679985046387,0,0.18547679670122716
ATJE929ETFFNH,fit,196f383359d796f3ba19cfe93edfcb677de6570752d6e8b61872629568223736,13.0,235.0,18.076923076923077,35.0,0.5384615384615384,0.5384615384615384,207.0,15.923076923076923,625.0,48.07692307692308,0.7442009220988629,0.26959247648902823,938.0,382.0,3.348958510007416,2.0794415416798357,0.0,5.0,-0.7923794984817505,-0.9244579076766968,-0.1320784091949463,0,0.12137215622786661
A33NBW87C0HZCT,fit,197bb1151e15e175ecc50acf65dae8dc2e84b6c537b89d991fd731cfd6ec0f66,3.0,66.0,22.0,33.0,0.6666666666666666,0.6666666666666666,58.0,19.333333333333332,162.0,54.0,0.69659557118467,0.41262135922330095,217.0,87.0,2.566915931503933,2.3025850929940455,0.0,5.0,-0.5540592074394226,-0.5522255897521973,0.0018336176872253418,0,0.11261567268120977
A2HDU0SXYMB0S5,fit,197c89b9afd740e6ccc8aca756e72c46daae0bc99fd6eed3dcbeddd2497486a0,2.0,58.0,29.0,31.0,1.0,1.0,56.0,28.0,58.0,29.0,0.7480523409726949,0.7350427350427351,172.0,58.0,1.9560115027140728,1.6094379124341003,0.5,5.0,-1.6890363693237305,-1.7988113164901733,-0.10977494716644287,0,0.11877278615582187
AIP7X9PXRM3KY,fit,1982e8923315e50965c898c22475ca877f5b7a62ffe5f05cf66ba29dad19a222,10.0,213.0,21.3,33.0,0.9,0.7,191.0,19.1,377.0,37.7,0.7400774360975231,0.5119047619047619,859.0,289.0,2.5398860547516926,1.3862943611198906,0.4,5.0,-1.1464413404464722,-1.0015963315963745,0.14484500885009766,1,0.09819260435800509
A1PN9KVU0YP6SW,fit,19871ac3259e2efe35e37d5e222bd7afe75c1efbd9e32ccaa2cc985e30ff5d52,4.0,132.0,33.0,33.0,1.0,1.0,116.0,29.0,553.0,138.25,0.3956151015274298,0.344,344.0,116.0,1.868834809141684,1.791759469228055,1.0,5.0,-0.3392350673675537,-0.8210439682006836,-0.4818089008331299,0,0.1311271545077153
A3679T0MJY25FI,fit,198764225c310a23bb5203e7da7786f4cf46b1fac7b2979340c560546a765ecd,5.0,85.0,17.0,33.0,0.6,0.6,77.0,15.4,272.0,54.4,0.763536299765808,0.2819672131147541,387.0,145.0,2.8743613111550044,2.4849066497880004,0.0,5.0,-2.533658504486084,-2.7372143268585205,-0.20355582237243652,0,0.11484841301254749
A2414GMYG82NSD,fit,1987fe18e6b21fccb627f359d82a42f0ce89d97a460a6808d707a48354f53004,3.0,67.0,22.333333333333332,34.0,0.6666666666666666,0.6666666666666666,59.0,19.666666666666668,267.0,89.0,0.5936211394429016,0.36909871244635195,241.0,89.0,3.218106938770893,1.9459101490553132,0.3333333333333333,5.0,-1.7727305889129639,-1.6906455755233765,0.0820850133895874,1,0.20324418499200173
A2D8ZZRX45WLSQ,fit,198a7e05d73f681e7171429112796480705e76e2a4234dd27abcd1302fab4d78,3.0,99.0,33.0,33.0,1.0,1.0,87.0,29.0,354.0,118.0,0.4445265618495629,0.31272727272727274,258.0,87.0,3.836690465329107,3.6109179126442243,0.0,5.0,-0.9747134447097778,-1.270643949508667,-0.29593050479888916,0,0.15429800680213362
ATAOOPNXGJYXW,fit,198bcdd68add2614876ad7c1aa61e651f50962dc9a0526e9d7d3d8d79a4ce954,4.0,136.0,34.0,34.0,1.0,1.0,120.0,30.0,816.0,204.0,0.29642428140777466,0.256797583081571,340.0,120.0,1.7005986908310777,1.6094379124341003,1.0,5.0,-0.14766786992549896,-0.5145822763442993,-0.36691439151763916,0,0.12294201371495078
ANU2UXMA3XT65,fit,198c86b42af62b43c7e93667c890baeea89b6f49ec654c3389892c1d2258b75d,3.0,99.0,33.0,33.0,1.0,1.0,87.0,29.0,140.0,46.666666666666664,0.6499039822983484,0.6056338028169014,258.0,87.0,2.642441453436598,1.791759469228055,0.3333333333333333,5.0,-0.35449784994125366,-0.932197093963623,-0.5776992440223694,0,0.13697899391977916
A3AXDQD8GWJFO8,fit,199a0887f5892998c784bee4c135c8e391feb70d90c4776773ab0e0b0a61d332,2.0,66.0,33.0,33.0,1.0,1.0,58.0,29.0,403.0,201.5,0.3003741769322351,0.28104575163398693,172.0,58.0,3.4598419249237056,2.3978952727983707,0.0,5.0,-1.4843168258666992,-1.0639814138412476,0.42033541202545166,1,0.14054832918850535
ACEA95FQS1AVP,fit,199a2b6cb7427db86468b647d3f107fdc2cedbd023c6b6c7353f02c57bd0daf3,6.0,66.0,11.0,33.0,0.3333333333333333,0.3333333333333333,58.0,9.666666666666666,343.0,57.166666666666664,0.7897231576256681,0.2551928783382789,414.0,175.0,3.366522988133774,2.3978952727983707,0.0,5.0,-0.9631425142288208,-1.0244969129562378,-0.06135439872741699,0,0.18225117725587103
AV0LB83EE35PX,fit,199de00d6ad8b798371ad1b29615c8ef357186e8b23b4df23e85b2007fc48471,5.0,125.0,25.0,33.0,0.8,0.8,113.0,22.6,408.0,81.6,0.6268931960544154,0.2986111111111111,383.0,146.0,3.366706511898465,1.6094379124341003,0.2,5.0,-0.7185600996017456,-0.6985442042350769,0.0200158953666687,1,0.17204693097260637
A2RL98UIYSCVB9,fit,199ec05f6e5f26c26490f7eb8c5e4dcfd6901a6abcfb25136c299a868e60a6c2,8.0,206.0,25.75,33.0,0.875,0.875,190.0,23.75,273.0,34.125,0.7355525078948,0.5771812080536913,678.0,233.0,2.24934804137146,1.6094379124341003,0.25,5.0,-1.0040805339813232,-1.1856781244277954,-0.18159759044647217,0,0.0735195519989185
AMJQETFTLDOFA,fit,19b18ab620da257030433f8b21e822a1ed77eb7bfa5659715b9d58557a06957c,3.0,62.0,20.666666666666668,33.0,0.6666666666666666,0.6666666666666666,58.0,19.333333333333332,84.0,28.0,0.7859183883235686,0.6099290780141844,221.0,88.0,3.3969231816555223,2.833213344056216,0.0,5.0,-0.9855602383613586,-1.3484525680541992,-0.3628923296928406,0,0.17038808064717306
A3HVI5XAFI8HV9,fit,19b29a87751e52f07b290e205b9f825354049ea056fc4d4e85b38b1ebb2c4690,3.0,68.0,22.666666666666668,34.0,0.6666666666666666,0.6666666666666666,60.0,20.0,189.0,63.0,0.6634322061400661,0.391705069124424,228.0,89.0,2.6927927012088397,2.0794415416798357,0.0,5.0,-0.8101676106452942,-1.2930614948272705,-0.4828938841819763,0,0.12420717259896565
A2U7V66VTVG6GS,fit,19b4ff07308296df622576025abdb5860ad777a0f6ed0c635b058d5c64059429,9.0,179.0,19.88888888888889,33.0,0.7777777777777778,0.7777777777777778,163.0,18.11111111111111,1291.0,143.44444444444446,0.64669600753649,0.13738019169329074,737.0,261.0,2.915536114775,1.6094379124341003,0.3333333333333333,5.0,-1.3705253601074219,-1.432691216468811,-0.06216585636138916,0,0.15588939557000567
A1VHPPBMKS6U1N,fit,19b5b7440af9b523109787f20c81d992f9b764a4fc6670a2bc7d15c44f6aad80,2.0,67.0,33.5,34.0,1.0,1.0,59.0,29.5,257.0,128.5,0.453048162700472,0.2961672473867596,171.0,59.0,3.185805923615928,2.5649493574615367,0.0,5.0,-0.7075952887535095,-1.1311930418014526,-0.4235977530479431,0,0.1267461247502532
A1SH2M0LXT323,fit,19c9d1cdb8068120c48743d5c79cdf7b1bf0f227d206b551247ef8e4bd42acee,12.0,278.0,23.166666666666668,33.0,0.75,0.75,249.0,20.75,1357.0,113.08333333333333,0.6313054195725155,0.1376,978.0,351.0,3.0653375243716003,1.791759469228055,0.16666666666666666,5.0,-1.567531704902649,-1.8281313180923462,-0.26059961318969727,0,0.12713914317313138
A24AAQLN5EPWEU,fit,19d229a3ceeac87c3a70ff372ce9f88ee958904fef270c23fe5a56459d0d8f20,6.0,47.0,7.833333333333333,33.0,0.3333333333333333,0.3333333333333333,43.0,7.166666666666667,59.0,9.833333333333334,0.9194147582697201,0.6564885496183206,422.0,174.0,3.9890440272731094,3.4965075614664802,0.0,5.0,-0.12012092024087906,-0.2097531259059906,-0.08963220566511154,0,0.22722001898815372
A2UYP7X35HRDUQ,fit,19d464e9a1fde1c467028c5c60263629e75f707e9a5933d86ab281388782769e,2.0,62.0,31.0,33.0,1.0,1.0,58.0,29.0,67.0,33.5,0.7195812110922468,0.6935483870967742,171.0,59.0,1.844439727056968,1.3862943611198906,0.5,5.0,-0.9815894961357117,-1.05230712890625,-0.07071763277053833,0,0.11647782543618641
A1CMUB8SH8X3G3,fit,19dd49f311711ddb9d29af7bbbd12bffdafbb49c24d548f0e70d3a2b67ec5f80,3.0,98.0,32.666666666666664,33.0,1.0,1.0,86.0,28.666666666666668,159.0,53.0,0.623754971315947,0.564935064935065,258.0,86.0,2.4113923932499493,1.791759469228055,0.3333333333333333,5.0,-2.4286532402038574,-4.077444076538086,-1.6487908363342285,0,0.12031956844961501
A3QVB0XT53D53Q,fit,19e1fa0ca3164387969e54b314fa6de0c3fac34e3d2791532e09be9d331a232b,3.0,66.0,22.0,33.0,0.6666666666666666,0.6666666666666666,58.0,19.333333333333332,141.0,47.0,0.6996842506396647,0.5477707006369427,222.0,87.0,2.6714452457664746,1.9459101490553132,0.3333333333333333,5.0,-0.9409111738204956,-1.1218507289886475,-0.18093955516815186,0,0.16294178590695527
A6XX15DB8S4EG,fit,19e4dbcfb23522bb86cd95372b91ae4ce9cff5c030c41bfcb3355e4d9fb644ff,2.0,66.0,33.0,33.0,1.0,1.0,58.0,29.0,111.0,55.5,0.6208039995918784,0.5308641975308642,172.0,58.0,3.2180751841847135,3.1780538303479453,0.0,5.0,-1.3548429012298584,-1.4673714637756348,-0.11252856254577637,0,0.13445091972071346
A20Q8XO0Q85S3B,fit,19e531335709b10a42feb23e4d5859dda381ebd2be72190ba77ab8feb363e620,6.0,100.0,16.666666666666668,34.0,0.5,0.5,88.0,14.666666666666666,520.0,86.66666666666667,0.7178030303030303,0.18181818181818182,436.0,177.0,3.838016880665562,1.3862943611198906,0.16666666666666666,5.0,-0.7779780626296997,-0.8890508413314819,-0.11107277870178223,0,0.25154054518351854
A39DIW9IN23IH8,fit,19e6f5121c5e21e20a8679f7a8bbfac5b1323d000658032cfc2063b3434c6aa4,4.0,90.0,22.5,33.0,1.0,0.75,82.0,20.5,170.0,42.5,0.7201210404623067,0.45989304812834225,344.0,116.0,2.9774114454841993,1.9459101490553132,0.25,5.0,-1.2995816469192505,-1.6367906332015991,-0.33720898628234863,0,0.14295320536916853
A1INB5MQ687DPH,fit,19e93f05a13528a3f8784b4fd56033c90089af36d26b3554c26dcb6339c93de5,5.0,152.0,30.4,34.0,1.0,1.0,136.0,27.2,519.0,103.8,0.4927283719723464,0.3684210526315789,426.0,147.0,2.2831066237923157,2.0794415416798357,0.0,5.0,-0.9012128710746765,-1.1329782009124756,-0.23176532983779907,0,0.07432985778726234
A1Z7Y2GMAP9SRY,fit,19f0f20ccbac7859ca8a70cad25fb9183849f44b4fbee883b5ce65c5358c4e97,15.0,293.0,19.533333333333335,35.0,0.6666666666666666,0.6,261.0,17.4,741.0,49.4,0.7210264193663039,0.3483606557377049,1143.0,441.0,3.3656173526497066,2.3025850929940455,0.0,5.0,-1.3919941186904907,-1.3055429458618164,0.08645117282867432,1,0.100700108652481
A2IHF4LLA9ANV8,fit,19f89b495f6118625e8b66a10c14800af55a3eedfdef0b3a6d50e20bf5d3148e,2.0,66.0,33.0,33.0,1.0,1.0,58.0,29.0,214.0,107.0,0.45383206190359004,0.3926940639269406,172.0,58.0,3.5553480614894135,3.5553480614894135,0.0,5.0,-1.1271560192108154,-1.2200863361358643,-0.09293031692504883,0,0.14601611958192678
A2AOWA38TS1ITP,fit,19fbe7be41e6efa4355dfe8c862ed59a8cc083e34cb697d0438b19ff3c1fb248,6.0,173.0,28.833333333333332,33.0,1.0,1.0,153.0,25.5,627.0,104.5,0.5241570943467185,0.26959247648902823,515.0,174.0,2.4100092594475004,1.9459101490553132,0.3333333333333333,5.0,-0.23618748784065247,-0.341674268245697,-0.10548678040504456,0,0.09315426799990731
A1C19MMLBEY1DC,fit,19ff709d21a38f6a103ef381adb9676ae8fbff575428586f4a0e5cfff967d199,2.0,50.0,25.0,33.0,1.0,1.0,46.0,23.0,292.0,146.0,0.536589301562542,0.23822714681440443,172.0,58.0,3.496048213707944,2.833213344056216,0.0,5.0,-1.478086233139038,-1.932572603225708,-0.4544863700866699,0,0.12440014230141867
A2ST87925CHU2V,fit,1a00310be0fa4723bdd772ff3759df96ad28b2d747330174ccf0700265316930,2.0,47.0,23.5,33.0,1.0,1.0,43.0,21.5,289.0,144.5,0.5491135734072022,0.23822714681440443,172.0,58.0,4.05506340097055,3.951243718581427,0.0,5.0,-1.0933620929718018,-1.1611698865890503,-0.06780779361724854,0,0.1442871929445813
A3N0UT7KT7PKFY,fit,1a03448f3b2a5ea5c661a73016ee97bba0219d85b035bfce3ba7dc77c46d1342,2.0,33.0,16.5,33.0,0.5,0.5,29.0,14.5,42.0,21.0,0.8359375,0.671875,168.0,58.0,3.316659216640188,2.995732273553991,0.0,5.0,-1.1207704544067383,-1.4944427013397217,-0.3736722469329834,0,0.1870644086997988
A3NO9NOCWLFAAJ,fit,1a111f74be8937ea3a00e1ad294a9dd16dff93b2fcea388562a8987b20ebf7e8,8.0,140.0,17.5,34.0,0.625,0.5,124.0,15.5,765.0,95.625,0.6942268547005084,0.14904679376083188,577.0,234.0,3.307112534343974,2.0794415416798357,0.0,5.0,-1.3772436380386353,-1.1307095289230347,0.24653410911560059,1,0.15775182522347436
APLL7CBHYAGGQ,fit,1a1d9c1db1259ee5ba11ac3921ff9f79dbc8a6b7f6daf446c9b0dd3b1a854d43,2.0,37.0,18.5,33.0,1.0,0.5,33.0,16.5,244.0,122.0,0.6096796182685753,0.26380368098159507,172.0,58.0,3.3423058638339636,3.2188758248682006,0.0,5.0,-1.6176702976226807,-1.5626132488250732,0.05505704879760742,1,0.13464385950898364
A2W8OF3Q9YAPK1,fit,1a21b96457c0b350d101b3fadd85e5d16b8b6f029df2bbdc863382885126429d,5.0,80.0,16.0,33.0,0.6,0.6,76.0,15.2,413.0,82.6,0.7521029625742433,0.1902654867256637,372.0,146.0,2.390905923938853,1.791759469228055,0.2,5.0,-1.9206244945526123,-1.9820537567138672,-0.06142926216125488,0,0.10895553707538023
A31G7R5KSHQ814,fit,1a3418955392e9fc9b944d15c9b092948a19282be5c70fa1601731e33dbc6d27,4.0,46.0,11.5,33.0,0.5,0.5,42.0,10.5,263.0,65.75,0.7811598124098125,0.25595238095238093,301.0,116.0,2.9238992401321173,2.197224577336219,0.0,5.0,-1.0565073490142822,-1.0692775249481201,-0.01277017593383789,0,0.1335775629389171
A3R13XE6WE24CU,fit,1a396bdbdd42f3d383fce2391e2a7aad990d743b405ecbe4bd7d036d99940070,3.0,36.0,12.0,33.0,0.6666666666666666,0.3333333333333333,32.0,10.666666666666666,43.0,14.333333333333334,0.8829439391237145,0.6825396825396826,244.0,87.0,2.6818627602678426,2.0794415416798357,0.0,5.0,-2.6458640098571777,-3.0113933086395264,-0.36552929878234863,0,0.14397278810695743
A1PSNH3BSAHHWG,fit,1a3e44f16d3d97a6995580cda91918250000bf5762bc11714169f6660ecf5e4c,2.0,66.0,33.0,33.0,1.0,1.0,58.0,29.0,398.0,199.0,0.30356324543912017,0.28013029315960913,172.0,58.0,2.567899218525131,2.3025850929940455,0.0,5.0,-1.7957746982574463,-1.9576572179794312,-0.16188251972198486,0,0.08833998527428048
A2YQBFG9YCVZ0K,fit,1a435fbd1b4fc1f93fdc3078c9a0eedca0333357f28f93e7b6a1a26092e26e4f,3.0,99.0,33.0,33.0,1.0,1.0,87.0,29.0,330.0,110.0,0.48868691748378784,0.2925170068027211,258.0,87.0,2.664314849106035,1.3862943611198906,0.3333333333333333,5.0,-0.8861972093582153,-2.031308650970459,-1.1451114416122437,0,0.1324736579835772
AMAI301HTSKI6,fit,1a4a466ef397cd594998e73ae03b6ef74ac7a2e33aa9c043fce5f620ce39ed50,10.0,336.0,33.6,34.0,1.0,1.0,296.0,29.6,1586.0,158.6,0.3859982999278301,0.2361111111111111,853.0,296.0,2.2619757144255948,1.3862943611198906,0.3,5.0,-0.3894043564796448,-0.6202864050865173,-0.23088204860687256,0,0.09317500870648558
A1P6ICAKAOCDEY,fit,1a4e476e5fecbbdf1eacaaf7229b2a5ac140d8021a5c61c7ff74723c8c2cf484,6.0,155.0,25.833333333333332,33.0,1.0,0.8333333333333334,139.0,23.166666666666668,273.0,45.5,0.6885666538496883,0.4858757062146893,515.0,175.0,2.998768638986513,1.6094379124341003,0.3333333333333333,5.0,-1.0928888320922852,-1.1145451068878174,-0.021656274795532227,0,0.13631339405915524
A1VWX0NPENPNWR,fit,1a51f2fcb10efe394b04804cf992010266363893cdb090d8b77ae56b2bbfa7bb,12.0,192.0,16.0,33.0,0.75,0.5833333333333334,177.0,14.75,401.0,33.416666666666664,0.8080091097607106,0.2986111111111111,987.0,350.0,2.589113087044972,1.3862943611198906,0.08333333333333333,5.0,-0.7793310284614563,-1.1209230422973633,-0.341592013835907,0,0.07930909502909574
ANYPFR38T1I4A,fit,1a54db6d52e89fde09ba55476fc4e61c439cdeaccf2a20df990d5b2c5cda2d71,3.0,99.0,33.0,33.0,1.0,1.0,87.0,29.0,309.0,103.0,0.4837991380436202,0.33076923076923076,258.0,87.0,2.6146162127174906,1.791759469228055,0.3333333333333333,5.0,-1.0390809774398804,-1.629225492477417,-0.5901445150375366,0,0.12605200511811387
A1M24WF88AAVZ8,fit,1a65aad320757c52fdc371ad00bdb56724d54afd6fc13f17a2073e902e5abc20,3.0,57.0,19.0,34.0,0.6666666666666666,0.6666666666666666,53.0,17.666666666666668,177.0,59.0,0.714879787084309,0.35564853556485354,220.0,88.0,3.9103762778839832,2.772588722239781,0.0,5.0,-1.4574449062347412,-1.6857051849365234,-0.22826027870178223,0,0.203912796463483
A3V4XZQXW7PZ20,fit,1a772e6f18c0dc8651f0b12d249229736048e5283b57ae33f10416d847bebcc5,2.0,33.0,16.5,33.0,0.5,0.5,29.0,14.5,36.0,18.0,0.8524590163934427,0.7049180327868853,131.0,58.0,2.649158683274018,1.6094379124341003,0.5,5.0,-0.22152522206306458,-2.835702419281006,-2.6141772270202637,0,0.2178946871199106
A20YF75XYVEMBG,fit,1a7ec5c266c545f0cd902bb2338692d0bcf90942720516e386c6b3abd5993153,5.0,166.0,33.2,34.0,1.0,1.0,146.0,29.2,1186.0,237.2,0.29418074788312626,0.2073170731707317,429.0,146.0,2.426312918671022,1.6094379124341003,0.4,5.0,-0.5206528902053833,-0.5887914299964905,-0.06813853979110718,0,0.12200537250255633
A1Z9ZZ8F901IJU,fit,1a7ff25e48713c7ffb392e5716d52c4437e45e8983ed3fa9a8d2372a287e697b,4.0,53.0,13.25,33.0,1.0,0.5,49.0,12.25,234.0,58.5,0.767041259017927,0.2842809364548495,338.0,119.0,2.319733290860449,1.791759469228055,0.5,5.0,-0.6782462000846863,-0.7196089029312134,-0.0413627028465271,0,0.12533037864320748
A44A3MTDGBAEH,fit,1a9cb719acc64a8711bd25bc605bda1bc64860442028ee32b67826796fa6a8e2,2.0,66.0,33.0,33.0,1.0,1.0,58.0,29.0,384.0,192.0,0.33051436837566417,0.24355300859598855,171.0,58.0,3.133600274270681,2.833213344056216,0.0,5.0,-0.2322363555431366,-0.3564542233943939,-0.12421786785125732,0,0.11085261567826175
ANOVW3DZ7YSNF,fit,1a9ffa74017940775b3ec2776de3879cbf604c869578489ec2a97a51e2d79d45,9.0,162.0,18.0,33.0,0.7777777777777778,0.6666666666666666,146.0,16.22222222222222,554.0,61.55555555555556,0.719989450705556,0.2857142857142857,693.0,262.0,2.7576893342997844,1.3862943611198906,0.3333333333333333,5.0,-1.452732801437378,-1.472564935684204,-0.019832134246826172,0,0.1285599685466961
A225BO73H6LS8F,fit,1ab36326b4807c62587a1303627791063c137f5602066bbc8890b92b93e97f2b,3.0,99.0,33.0,33.0,1.0,1.0,87.0,29.0,206.0,68.66666666666667,0.5736266978958948,0.46236559139784944,258.0,87.0,1.9056759004687407,0.6931471805599453,0.3333333333333333,5.0,-0.04360576719045639,-1.5519615411758423,-1.508355736732483,0,0.10203480184405406
A1W7KTV14KC1YP,fit,1ab898570c77f3d3e66eb1e3e0720dd1efbf54993c3a6e4056735ea5aacd1e96,2.0,50.0,25.0,34.0,1.0,1.0,46.0,23.0,76.0,38.0,0.7138955274837828,0.5862068965517241,170.0,59.0,2.71467281447722,2.4849066497880004,0.0,5.0,-1.7476675510406494,-2.0893611907958984,-0.341693639755249,0,0.107707396608414
AOLG5WEM21QH,fit,1ab9a4c0dc0bb93af76b60cdfbd794fd43f59d4ec2e0aea815acd8ca0f50da08,2.0,66.0,33.0,33.0,1.0,1.0,58.0,29.0,736.0,368.0,0.21866039426523298,0.13870967741935483,172.0,58.0,4.20536047345286,3.4339872044851463,0.0,5.0,-0.5590394735336304,-0.7436728477478027,-0.18463337421417236,0,0.13524849363306465
A1F5O1USOUOOXI,fit,1ac516d184d816b728044ba0d835a559ef88d51facc53aa55d11b24e6543fc04,18.0,362.0,20.11111111111111,35.0,0.6111111111111112,0.6111111111111112,321.0,17.833333333333332,1086.0,60.333333333333336,0.7002544067923996,0.31272727272727274,1347.0,524.0,3.4533697122361433,2.772588722239781,0.0,5.0,-0.6978743076324463,-1.3041210174560547,-0.6062467098236084,0,0.09591072146693828
A3LANSRXLT1PW0,fit,1ac5a373f1f3438dc6760d67988059cb54f584eab16b33421a710468d1db7c1b,9.0,163.0,18.11111111111111,33.0,0.6666666666666666,0.5555555555555556,149.0,16.555555555555557,240.0,26.666666666666668,0.8051199627190555,0.5088757396449705,711.0,262.0,2.8825658159535625,1.791759469228055,0.2222222222222222,5.0,-1.6667954921722412,-2.038395404815674,-0.3715999126434326,0,0.12097267904472848
A1J8Y90DLZDTB,fit,1ac9dc8bc82355550c039266c80c3feecd0557029abd73ffdc5ea4c038f6c7d4,13.0,266.0,20.46153846153846,34.0,0.6153846153846154,0.6153846153846154,234.0,18.0,1530.0,117.6923076923077,0.6967211648902176,0.09287257019438445,1052.0,379.0,3.2617138408940676,1.791759469228055,0.07692307692307693,5.0,-0.8033103942871094,-2.5284392833709717,-1.7251288890838623,0,0.15411450680542577
A1XG5WYLFMRRX1,fit,1ad2ad5081eb887c09983c2e2ecbe5d623a49db082bccb19c614bb71d988d8ea,6.0,95.0,15.833333333333334,34.0,0.6666666666666666,0.6666666666666666,87.0,14.5,229.0,38.166666666666664,0.7889160703327268,0.35269709543568467,465.0,175.0,3.5515902668354165,1.791759469228055,0.16666666666666666,5.0,-0.7866657376289368,-0.7402029633522034,0.0464627742767334,1,0.18297628966083138
A3PYXG3I5K12OE,fit,1ad419bc151c5cc6ca31fabf09c1be46de651093fb1ed2f8d7c18730bc49e195,11.0,309.0,28.09090909090909,35.0,0.9090909090909091,0.9090909090909091,273.0,24.818181818181817,868.0,78.9090909090909,0.5817913455103026,0.3208955223880597,906.0,322.0,2.847494395946203,1.791759469228055,0.18181818181818182,5.0,-1.0433796644210815,-1.540294885635376,-0.49691522121429443,0,0.08721049070168911
A2XX2A4OJCDNLZ,fit,1ad4c185fb235fb5d29d2ca4be7d4abed8d5df0ce425bb4bce0a24038d4213b0,13.0,318.0,24.46153846153846,34.0,0.7692307692307693,0.7692307692307693,282.0,21.692307692307693,1418.0,109.07692307692308,0.5506827164539365,0.2765273311897106,1036.0,378.0,2.5365826266060756,1.3862943611198906,0.5384615384615384,5.0,-0.701520562171936,-0.8151941299438477,-0.11367356777191162,0,0.13248999693389424
