user,stratum,history_length,lp_full,lp_coarse_only,lp_minus_oldest,lp_minus_newest,g_all,g_old,g_new
A1022QCIW8Z720,head_hit,11,-0.7351198792457581,-0.8236322402954102,-0.7781967520713806,-0.8330553770065308,-0.0885123610496521,-0.04307687282562256,-0.0979354977607727
A2E9QY9G6O20BQ,head_hit,9,-0.6263378858566284,-0.802681028842926,-0.6147444844245911,-0.5349999666213989,-0.1763431429862976,0.011593401432037354,0.09133791923522949
A2BMZRO0H7TFCS,head_hit,5,-0.34051743149757385,-1.1867903470993042,-0.33244067430496216,-0.498524010181427,-0.8462729156017303,0.008076757192611694,-0.15800657868385315
A1B57QL7VO83GH,head_hit,3,-0.5001861453056335,-1.0605814456939697,-0.5167988538742065,-0.7632859945297241,-0.5603953003883362,-0.016612708568572998,-0.2630998492240906
ARVRHICSF1HJ,head_hit,14,-0.1461317241191864,-1.6291126012802124,-0.16123366355895996,-0.7151328325271606,-1.482980877161026,-0.01510193943977356,-0.5690011084079742
A1W7BPELKI494R,head_hit,13,-0.12642887234687805,-2.18685245513916,-0.11968578398227692,-0.7696266174316406,-2.060423582792282,0.006743088364601135,-0.6431977450847626
A1PDILN0SG4OI6,head_hit,13,-0.07950029522180557,-1.2452800273895264,-0.06068325787782669,-0.9923287034034729,-1.1657797321677208,0.018817037343978882,-0.9128284081816673
A1E8L3PG4Q1G7A,head_hit,4,-0.7960638403892517,-0.555885374546051,-0.8285946846008301,-0.2897188067436218,0.24017846584320068,-0.03253084421157837,0.5063450336456299
A1235VEPYG7KG9,head_hit,4,-0.8046911358833313,-1.2931478023529053,-0.78252774477005,-0.7540999054908752,-0.488456666469574,0.02216339111328125,0.050591230392456055
A9KLAL1CXZ0W5,head_hit,16,-0.6490453481674194,-1.5700738430023193,-0.6122066974639893,-0.9092912673950195,-0.9210284948348999,0.036838650703430176,-0.2602459192276001
AW5JSQCHC2ZJO,head_hit,20,-0.816374659538269,-1.139125943183899,-0.797723650932312,-0.9124845266342163,-0.3227512836456299,0.01865100860595703,-0.09610986709594727
A2N8FJ7TG8YW7R,head_hit,3,-0.6015316247940063,-0.7298986315727234,-0.5826264023780823,-0.5397003889083862,-0.12836700677871704,0.018905222415924072,0.06183123588562012
A2KYFJPCOJY35Q,head_hit,3,-0.686664879322052,-0.7567653656005859,-0.7088566422462463,-0.6620100736618042,-0.07010048627853394,-0.022191762924194336,0.024654805660247803
A2JI40JZX9W6J7,head_hit,4,-0.6497249007225037,-0.9619682431221008,-0.6592163443565369,-0.6891651749610901,-0.31224334239959717,-0.009491443634033203,-0.039440274238586426
A1EQL66CVJ80SP,head_hit,20,-0.824254035949707,-1.0930700302124023,-0.8415141105651855,-0.866953432559967,-0.2688159942626953,-0.017260074615478516,-0.04269939661026001
A73DFWJE0CGY6,head_hit,11,-0.473507821559906,-0.8075808882713318,-0.49298331141471863,-0.5146145224571228,-0.3340730667114258,-0.019475489854812622,-0.0411067008972168
A2NOIGZ6VV86IB,head_hit,6,-0.487921804189682,-0.7834901213645935,-0.4842461943626404,-0.4644934833049774,-0.2955683171749115,0.003675609827041626,0.02342832088470459
A1FCD3WO6W3OP1,head_hit,3,-0.8161212801933289,-0.8837206959724426,-0.7694079279899597,-1.0470796823501587,-0.06759941577911377,0.04671335220336914,-0.23095840215682983
A3R11XXC7MVNYW,head_hit,6,-0.20051456987857819,-1.064879059791565,-0.1802738904953003,-0.7886039018630981,-0.8643644899129868,0.020240679383277893,-0.58808933198452
A2O7DH7A35YE43,head_hit,4,-0.44905784726142883,-4.021519184112549,-0.47127896547317505,-0.5520336031913757,-3.57246133685112,-0.022221118211746216,-0.1029757559299469
A10Q5LBB5HQ0BJ,head_hit,3,-0.7869678735733032,-0.7859480977058411,-0.7830711007118225,-0.8587428331375122,0.0010197758674621582,0.003896772861480713,-0.07177495956420898
A33PBU9EHZ28PC,head_hit,10,-0.7856321930885315,-1.3705357313156128,-0.7877619862556458,-0.8366367220878601,-0.5849035382270813,-0.002129793167114258,-0.05100452899932861
A3PECZX773ME74,head_hit,7,-0.47196727991104126,-0.7066932320594788,-0.46531397104263306,-0.6495465040206909,-0.2347259521484375,0.006653308868408203,-0.17757922410964966
A2LZEANFXD8QLI,head_hit,4,-0.6477383971214294,-0.7678998112678528,-0.6451950073242188,-0.5726128220558167,-0.12016141414642334,0.0025433897972106934,0.07512557506561279
AFZJNYR931ZCN,head_hit,4,-0.11417732387781143,-0.5826224684715271,-0.11306889355182648,-0.7518097162246704,-0.46844514459371567,0.0011084303259849548,-0.637632392346859
AV0F59NZ356HJ,head_hit,5,-0.8845057487487793,-1.5060526132583618,-0.8921322226524353,-0.7958793044090271,-0.6215468645095825,-0.007626473903656006,0.0886264443397522
A2M5OY3CHFXB8N,head_hit,4,-0.8048216104507446,-1.3480488061904907,-0.8108238577842712,-0.9287124872207642,-0.5432271957397461,-0.006002247333526611,-0.12389087677001953
ABOT9KWIWRPQX,head_hit,4,-0.7576371431350708,-1.0891104936599731,-0.7533246874809265,-1.1236900091171265,-0.33147335052490234,0.004312455654144287,-0.36605286598205566
AJI3DNLK0MWVI,head_hit,3,-0.4253014922142029,-0.6985326409339905,-0.4297851622104645,-0.8696532845497131,-0.2732311487197876,-0.004483669996261597,-0.44435179233551025
A1EMHVHJIAYNLK,head_hit,8,-0.40553492307662964,-0.7516289949417114,-0.4016028344631195,-0.6464776992797852,-0.3460940718650818,0.003932088613510132,-0.24094277620315552
AYU8U8SS32O8,head_hit,3,-0.2918396294116974,-0.33732035756111145,-0.27782541513442993,-0.40231531858444214,-0.04548072814941406,0.014014214277267456,-0.11047568917274475
A2M1DBI9NHPKHB,head_hit,20,-0.0038737396243959665,-3.5872459411621094,-0.004991959780454636,-1.5823040008544922,-3.5833722015377134,-0.001118220156058669,-1.5784302612300962
A2D8ZGF10N0CF9,head_hit,3,-0.5268816351890564,-0.9540088772773743,-0.5072367191314697,-1.0304337739944458,-0.42712724208831787,0.01964491605758667,-0.5035521388053894
A2TKE6US6D3NCV,head_hit,4,-0.7168349027633667,-0.891866147518158,-0.7187337875366211,-0.8995147943496704,-0.17503124475479126,-0.0018988847732543945,-0.1826798915863037
ATHI1A9N10E6A,head_hit,17,-0.3504924476146698,-2.1605820655822754,-0.34628772735595703,-0.3862077593803406,-1.8100896179676056,0.0042047202587127686,-0.035715311765670776
A2MYCLMG0D3YR7,head_hit,10,-0.5888814926147461,-0.385444700717926,-0.5550968050956726,-0.6389774680137634,0.20343679189682007,0.033784687519073486,-0.050095975399017334
ASNEWWV7GY6LF,head_hit,4,-1.0225290060043335,-1.9527353048324585,-1.1468669176101685,-0.8880729675292969,-0.930206298828125,-0.12433791160583496,0.13445603847503662
A2W5BKBUOSS2AZ,head_hit,3,-0.6710763573646545,-1.098692774772644,-0.6897074580192566,-0.30666112899780273,-0.4276164174079895,-0.01863110065460205,0.3644152283668518
A38FD660E1T9UZ,head_hit,3,-0.7356539964675903,-0.7030743956565857,-0.7038280367851257,-0.581308901309967,0.03257960081100464,0.0318259596824646,0.1543450951576233
A3FWVV13DJELLV,head_hit,20,-0.3609746992588043,-2.061641216278076,-0.37405648827552795,-0.5617682933807373,-1.7006665170192719,-0.013081789016723633,-0.20079359412193298
A2XH6KI5ZLRLPS,head_hit,19,-0.6419426202774048,-1.8398969173431396,-0.6490182876586914,-0.7778581976890564,-1.1979542970657349,-0.007075667381286621,-0.1359155774116516
A2LF16F0KX9L7P,head_hit,3,-0.7776184678077698,-1.226351022720337,-0.7759069800376892,-0.8067836761474609,-0.44873255491256714,0.0017114877700805664,-0.029165208339691162
A26TDMPN9HZGYT,head_hit,5,-0.734091579914093,-1.2411683797836304,-0.7169880270957947,-0.9755590558052063,-0.5070767998695374,0.01710355281829834,-0.24146747589111328
A13IRKEEPFTWFM,head_hit,4,-0.48350948095321655,-0.6527020335197449,-0.505156934261322,-0.5645220875740051,-0.16919255256652832,-0.02164745330810547,-0.08101260662078857
A1OQUUAAFRBVAG,head_hit,3,-0.5182724595069885,-1.2049657106399536,-0.5221649408340454,-0.7751064300537109,-0.6866932511329651,-0.0038924813270568848,-0.2568339705467224
A1S2BTVDZV4PYD,head_hit,7,-0.5866070985794067,-0.7542403936386108,-0.5462827682495117,-0.5466848611831665,-0.1676332950592041,0.04032433032989502,0.039922237396240234
A1TYDGH7C52O85,head_hit,5,-0.7676388025283813,-0.9563706517219543,-0.7839638590812683,-0.7560436129570007,-0.188731849193573,-0.016325056552886963,0.011595189571380615
A4DMBG1O76C1S,head_hit,5,-0.7386729121208191,-0.6967908143997192,-0.8021160960197449,-0.7877649068832397,0.041882097721099854,-0.06344318389892578,-0.049091994762420654
A28SGSRAU64NDM,head_hit,15,-0.5905714631080627,-0.5744654536247253,-0.6004883050918579,-0.4604054391384125,0.016106009483337402,-0.009916841983795166,0.13016602396965027
AR99EEX9N41L5,head_hit,5,-0.5416027903556824,-1.5080252885818481,-0.538899838924408,-1.0932629108428955,-0.9664224982261658,0.002702951431274414,-0.5516601204872131
A2M293BQ51XXDO,head_hit,5,-0.2760254144668579,-1.353991150856018,-0.2657858431339264,-1.2529194355010986,-1.0779657363891602,0.010239571332931519,-0.9768940210342407
AG8E2F0G98ZTB,head_hit,8,-0.7153536677360535,-2.1563029289245605,-0.7163774371147156,-1.7880194187164307,-1.440949261188507,-0.0010237693786621094,-1.0726657509803772
A2EIIDTYMJAEXV,head_hit,16,-0.5676378607749939,-1.4632381200790405,-0.5645729303359985,-0.4458049237728119,-0.8956002593040466,0.0030649304389953613,0.121832937002182
A2B3DIT71R4LVM,head_hit,3,-0.8135491013526917,-0.9823608994483948,-0.7427962422370911,-0.9224759340286255,-0.16881179809570312,0.07075285911560059,-0.10892683267593384
A168SB7R44I9IQ,head_hit,4,-0.7958744168281555,-0.9473734498023987,-0.9344860911369324,-0.9232786297798157,-0.15149903297424316,-0.13861167430877686,-0.12740421295166016
A3NWQXUC2DMN3T,head_hit,3,-0.02169928327202797,-6.332923412322998,-0.018098222091794014,-0.6280862092971802,-6.31122412905097,0.0036010611802339554,-0.6063869260251522
A1PSSB1PTAFOS5,head_hit,7,-0.47557762265205383,-0.5106460452079773,-0.4681316912174225,-0.47316494584083557,-0.03506842255592346,0.007445931434631348,0.0024126768112182617
A3R01WHD75L6FG,head_hit,5,-0.7716914415359497,-1.4884434938430786,-0.7823842763900757,-0.767728328704834,-0.7167520523071289,-0.010692834854125977,0.003963112831115723
A28F5OASAOTAI8,head_hit,3,-0.8621077537536621,-1.0384215116500854,-0.7985457181930542,-0.7729430794715881,-0.17631375789642334,0.06356203556060791,0.08916467428207397
AYQIDY56JFEBT,head_hit,3,-0.8241907358169556,-1.1938984394073486,-0.809840977191925,-1.057263970375061,-0.36970770359039307,0.014349758625030518,-0.23307323455810547
APST9P8VDYR34,head_hit,6,-0.6711732149124146,-0.5394126176834106,-0.6619859933853149,-1.4447084665298462,0.1317605972290039,0.00918722152709961,-0.7735352516174316
A339F4I8GBN3H3,head_hit,3,-0.7624062299728394,-0.7893929481506348,-0.7698478102684021,-0.5200716853141785,-0.02698671817779541,-0.007441580295562744,0.2423345446586609
A1QMHEZD6SU24H,head_hit,4,-0.5034467577934265,-0.7786040902137756,-0.49079397320747375,-0.853350818157196,-0.2751573324203491,0.012652784585952759,-0.34990406036376953
A1UOH7NLPKOIV2,head_hit,3,-0.5966607928276062,-0.7872318029403687,-0.6129874587059021,-0.773539125919342,-0.19057101011276245,-0.0163266658782959,-0.17687833309173584
A3I8QJDXFWHOIR,head_hit,10,-0.5244948267936707,-2.037249803543091,-0.5259609818458557,-1.5465075969696045,-1.5127549767494202,-0.0014661550521850586,-1.0220127701759338
A37D2TGTIXRV2N,head_hit,11,-0.7333402037620544,-1.0419909954071045,-0.7550345063209534,-0.7012277841567993,-0.30865079164505005,-0.021694302558898926,0.03211241960525513
A3V1EPSE6XDC0C,head_hit,16,-0.722848117351532,-1.9825332164764404,-0.6588558554649353,-0.5784055590629578,-1.2596850991249084,0.06399226188659668,0.14444255828857422
A231WPU3CPWC94,head_hit,4,-0.7241889238357544,-1.2462691068649292,-0.6964709162712097,-0.8941002488136292,-0.5220801830291748,0.027718007564544678,-0.16991132497787476
AMSSG5FPT8XMU,head_hit,5,-0.5965512990951538,-1.6002209186553955,-0.6045035719871521,-0.7707341313362122,-1.0036696195602417,-0.007952272891998291,-0.17418283224105835
A3A9L50UK8BCOY,head_hit,4,-0.6930599212646484,-0.5808154940605164,-0.7015615105628967,-0.655663013458252,0.11224442720413208,-0.008501589298248291,0.037396907806396484
A36K2N527TXXJN,head_hit,7,-0.39348670840263367,-1.6072567701339722,-0.38478022813796997,-0.5032892227172852,-1.2137700617313385,0.008706480264663696,-0.10980251431465149
A3COBFLNYK52TE,head_hit,3,-0.6069843173027039,-1.412252426147461,-0.5995312929153442,-0.7183510661125183,-0.8052681088447571,0.007453024387359619,-0.11136674880981445
A3AL9NFNWTRV39,head_hit,12,-0.7755483984947205,-1.3685592412948608,-0.7684696316719055,-0.7176464796066284,-0.5930108428001404,0.007078766822814941,0.05790191888809204
A20MJM0WHKUQ76,head_hit,9,-0.7506119012832642,-0.6862340569496155,-0.7418062090873718,-0.5734452605247498,0.06437784433364868,0.008805692195892334,0.1771666407585144
A338C5C02U370O,head_hit,3,-0.6998862624168396,-0.2718801200389862,-0.6684834361076355,-0.39309176802635193,0.4280061423778534,0.0314028263092041,0.30679449439048767
A1LHJNW228T1CQ,head_hit,8,-0.8084352612495422,-1.299688458442688,-0.8039795160293579,-1.031304955482483,-0.49125319719314575,0.004455745220184326,-0.22286969423294067
A36I6DEWBJDYDG,head_hit,5,-0.755817174911499,-0.7677481174468994,-0.7366016507148743,-0.7382317781448364,-0.01193094253540039,0.019215524196624756,0.017585396766662598
ANRXH0BVEAR6B,head_hit,4,-0.7516814470291138,-1.0516246557235718,-0.7266106605529785,-0.748883843421936,-0.299943208694458,0.025070786476135254,0.0027976036071777344
A2GQCSVZWZX10R,head_hit,3,-0.8748546242713928,-0.8908178210258484,-0.8680113554000854,-0.8012635111808777,-0.015963196754455566,0.006843268871307373,0.07359111309051514
AMYBVJ1JP667H,head_hit,13,-0.6795023679733276,-1.314857840538025,-0.667176365852356,-0.7615236043930054,-0.6353554725646973,0.01232600212097168,-0.08202123641967773
A1HJZVQHJ5IOVM,head_hit,8,-0.8116453886032104,-0.9200437664985657,-0.8119953870773315,-0.8651790022850037,-0.10839837789535522,-0.00034999847412109375,-0.05353361368179321
A1NVV06ZVLV7A4,head_hit,3,-0.8576326370239258,-0.7195267081260681,-0.9113049507141113,-0.6314806342124939,0.13810592889785767,-0.05367231369018555,0.22615200281143188
A1A4YDIV5DRBDF,head_hit,5,-0.46887630224227905,-0.7633662223815918,-0.45791858434677124,-1.2710678577423096,-0.29448992013931274,0.010957717895507812,-0.8021915555000305
A87EKDKFDHH6L,head_hit,14,-0.359205424785614,-1.4887186288833618,-0.36649444699287415,-0.9119678139686584,-1.1295132040977478,-0.007289022207260132,-0.5527623891830444
A2EJYZZCQT1K4J,head_hit,4,-0.6190693974494934,-1.4095618724822998,-0.6730307936668396,-0.6874198913574219,-0.7904924750328064,-0.05396139621734619,-0.06835049390792847
A2YBH7N35IQGVB,head_hit,4,-0.46895989775657654,-0.7245698571205139,-0.5188758969306946,-0.45232439041137695,-0.2556099593639374,-0.04991599917411804,0.016635507345199585
A2V92F5R7MLCVI,head_hit,20,-0.6831243634223938,-1.3746005296707153,-0.6738070249557495,-0.7052356004714966,-0.6914761662483215,0.009317338466644287,-0.022111237049102783
A3PZ9KFVQIJOEK,head_hit,7,-0.6419142484664917,-0.9889193773269653,-0.631590723991394,-0.7578558921813965,-0.34700512886047363,0.010323524475097656,-0.11594164371490479
AYWHCM0TJ4737,head_hit,8,-0.5983020663261414,-1.7020727396011353,-0.6195589900016785,-0.9053036570549011,-1.103770673274994,-0.02125692367553711,-0.30700159072875977
A1LMVAT0FSMT8E,head_hit,5,-0.7019881010055542,-0.799891471862793,-0.7131485939025879,-0.7915096879005432,-0.09790337085723877,-0.011160492897033691,-0.08952158689498901
A2FPNIKFGQPDY0,head_hit,4,-0.6765348315238953,-1.0287971496582031,-0.666839599609375,-0.8229901194572449,-0.35226231813430786,0.009695231914520264,-0.1464552879333496
AG3Z6QN0T8A75,head_hit,4,-0.6516910791397095,-0.9328495860099792,-0.706645667552948,-0.7044253945350647,-0.2811585068702698,-0.054954588413238525,-0.052734315395355225
A2XBDJ702ONX6G,head_hit,3,-0.33935970067977905,-0.5813164114952087,-0.3065687119960785,-0.48599618673324585,-0.2419567108154297,0.03279098868370056,-0.1466364860534668
A33KXPYTOVVJRD,head_hit,4,-0.29613447189331055,-1.0546541213989258,-0.30758076906204224,-0.5042158961296082,-0.7585196495056152,-0.01144629716873169,-0.2080814242362976
ALCLEF26KV34M,head_hit,5,-0.5405313968658447,-1.4979115724563599,-0.5234779119491577,-0.4536074995994568,-0.9573801755905151,0.01705348491668701,0.08692389726638794
A2NXUOGK3VRFUB,head_hit,20,-0.42511725425720215,-2.0151453018188477,-0.43599435687065125,-0.5933069586753845,-1.5900280475616455,-0.010877102613449097,-0.16818970441818237
A23QPM613TNZ2T,head_hit,7,-0.7253775000572205,-0.8641241788864136,-0.7589551210403442,-1.0062700510025024,-0.13874667882919312,-0.03357762098312378,-0.280892550945282
A29VG90T649CSU,head_hit,8,-0.33729854226112366,-1.2870750427246094,-0.3083108961582184,-0.5080426335334778,-0.9497765004634857,0.028987646102905273,-0.17074409127235413
A2L5MLKPNL3WBO,head_hit,3,-0.6971684098243713,-0.8600678443908691,-0.7204863429069519,-0.6941997408866882,-0.1628994345664978,-0.023317933082580566,0.0029686689376831055
A141INO5311NA,head_hit,6,-0.28962135314941406,-1.0781840085983276,-0.27499502897262573,-1.1159989833831787,-0.7885626554489136,0.01462632417678833,-0.8263776302337646
A9SY4R419THI1,head_hit,7,-0.8895412087440491,-1.312590479850769,-0.905285656452179,-0.9631016850471497,-0.42304927110671997,-0.015744447708129883,-0.07356047630310059
A51EAGUKGTONU,head_hit,3,-0.6875912547111511,-0.9767690896987915,-0.7197471857070923,-0.7086881995201111,-0.2891778349876404,-0.03215593099594116,-0.02109694480895996
A2X2WTEVCZ5L8N,head_hit,17,-0.44268399477005005,-0.9723311066627502,-0.45214328169822693,-0.6589013934135437,-0.5296471118927002,-0.00945928692817688,-0.21621739864349365
A1DS3TNXYG7BD3,head_hit,9,-0.767504870891571,-0.9760474562644958,-0.7773536443710327,-0.9288972020149231,-0.2085425853729248,-0.00984877347946167,-0.16139233112335205
A3W4D8XOGLWUN5,head_hit,20,-0.7675549387931824,-1.3753677606582642,-0.7694990038871765,-0.7216636538505554,-0.6078128218650818,-0.0019440650939941406,0.04589128494262695
A33DG2MG3R0QAR,head_hit,6,-0.821552574634552,-1.1156185865402222,-0.8136410713195801,-0.8580282330513,-0.29406601190567017,0.007911503314971924,-0.03647565841674805
A2UYQ4ZBNOFIMV,head_hit,3,-0.7648553252220154,-1.2590030431747437,-0.6865026354789734,-1.2689764499664307,-0.49414771795272827,0.07835268974304199,-0.5041211247444153
A3USX3KXF2RPSW,head_hit,5,-0.47404029965400696,-0.5469051003456116,-0.4496692717075348,-0.5955377817153931,-0.07286480069160461,0.024371027946472168,-0.12149748206138611
A2Z0VI725YTJQ8,head_hit,8,-0.5271719098091125,-0.5563622713088989,-0.5441973805427551,-0.5080795288085938,-0.029190361499786377,-0.017025470733642578,0.0190923810005188
A3KDZA2MRC39CG,head_hit,3,-0.5025820136070251,-1.2027500867843628,-0.5802907943725586,-1.3495094776153564,-0.7001680731773376,-0.07770878076553345,-0.8469274640083313
A3J6WMFUUJ7TSK,head_hit,4,-0.3220352530479431,-0.5540848970413208,-0.33189910650253296,-0.47708824276924133,-0.23204964399337769,-0.009863853454589844,-0.15505298972129822
A17XPQ6DEB9LTF,head_hit,4,-0.6072400212287903,-0.8265940546989441,-0.5639941096305847,-0.7270015478134155,-0.2193540334701538,0.043245911598205566,-0.11976152658462524
A2XNLIOB64869B,head_hit,4,-0.6588062047958374,-1.9502859115600586,-0.6470357775688171,-0.7130604386329651,-1.2914797067642212,0.011770427227020264,-0.054254233837127686
A3QS4WWC1LCA6H,head_hit,17,-0.35551777482032776,-1.5775024890899658,-0.3542589545249939,-1.172631859779358,-1.221984714269638,0.0012588202953338623,-0.8171140849590302
A1BMG34CO5CMZ5,head_hit,4,-0.8096726536750793,-1.430761456489563,-0.8932384252548218,-1.0117805004119873,-0.6210888028144836,-0.08356577157974243,-0.20210784673690796
A2ZB8B7VQONZA6,head_hit,6,-0.6465358138084412,-1.0289076566696167,-0.6197391152381897,-0.7704313397407532,-0.38237184286117554,0.026796698570251465,-0.12389552593231201
A3DOPYDOS49I3T,head_hit,13,-0.5924526453018188,-1.216229796409607,-0.5919092297554016,-0.658830463886261,-0.6237771511077881,0.0005434155464172363,-0.06637781858444214
A1KJDOL79GJ3JI,head_hit,19,-0.5439726114273071,-1.3121553659439087,-0.5337410569190979,-0.607144832611084,-0.7681827545166016,0.010231554508209229,-0.06317222118377686
A2KWM2I1PHD1GQ,head_hit,11,-1.2057937383651733,-0.5241426229476929,-1.2027785778045654,-1.2961845397949219,0.6816511154174805,0.00301516056060791,-0.09039080142974854
A21FWV7IMMPSXP,head_hit,10,-0.43775779008865356,-1.43205726146698,-0.4316527247428894,-0.6726790070533752,-0.9942994713783264,0.00610506534576416,-0.23492121696472168
A1MU2YMN78CADQ,head_hit,7,-0.8660494089126587,-1.2139092683792114,-1.0327892303466797,-0.9424871802330017,-0.34785985946655273,-0.166739821434021,-0.07643777132034302
A1VHBQLZJY7EJL,head_hit,4,-0.32789018750190735,-0.8078166246414185,-0.3086239993572235,-1.1311184167861938,-0.4799264371395111,0.019266188144683838,-0.8032282292842865
A29775S7XOK2H9,head_hit,6,-0.08198670297861099,-0.45083093643188477,-0.08087508380413055,-0.6056596040725708,-0.3688442334532738,0.0011116191744804382,-0.5236729010939598
APZEJTY5U5ILS,head_hit,3,-0.7497013807296753,-1.2286370992660522,-0.7547835111618042,-1.0003328323364258,-0.47893571853637695,-0.005082130432128906,-0.2506314516067505
ATR2C537XOMQ0,head_hit,9,-0.6764925718307495,-0.6261811256408691,-0.6573402285575867,-0.6350618600845337,0.05031144618988037,0.019152343273162842,0.04143071174621582
A353U0L2HAMSHV,head_hit,20,-0.5542117357254028,-1.2805904150009155,-0.5724505186080933,-1.0651957988739014,-0.7263786792755127,-0.01823878288269043,-0.5109840631484985
A3JUHP1E3WUHEA,head_hit,20,-0.055480990558862686,-1.9355379343032837,-0.05885111540555954,-1.0617212057113647,-1.880056943744421,-0.0033701248466968536,-1.006240215152502
A2G4M962MAAOQI,head_hit,3,-0.8624016642570496,-1.2353383302688599,-0.8741898536682129,-0.9754013419151306,-0.3729366660118103,-0.01178818941116333,-0.11299967765808105
A1ICSLZFMS8VLI,head_hit,4,-0.489510715007782,-0.554321825504303,-0.5382173657417297,-0.4242205321788788,-0.064811110496521,-0.048706650733947754,0.0652901828289032
AT53ZTTO707MB,head_hit,20,-0.34523874521255493,-1.3095543384552002,-0.3545703589916229,-1.0145624876022339,-0.9643155932426453,-0.009331613779067993,-0.669323742389679
A1ZN4GI6QCR44G,head_hit,4,-0.316755473613739,-0.9637473821640015,-0.3249194025993347,-0.3758677542209625,-0.6469919085502625,-0.008163928985595703,-0.05911228060722351
AI78BR0UXFPW1,head_hit,20,-0.7097163796424866,-0.7494260668754578,-0.7186301350593567,-0.6418570280075073,-0.03970968723297119,-0.008913755416870117,0.06785935163497925
A1WMW1JVEDIOHT,head_hit,20,-0.6028875708580017,-1.4244762659072876,-0.613901674747467,-0.6368574500083923,-0.8215886950492859,-0.011014103889465332,-0.033969879150390625
A28X0OHSECZC9I,head_hit,3,-0.7103912234306335,-0.7586575150489807,-0.7117220163345337,-0.6209770441055298,-0.04826629161834717,-0.0013307929039001465,0.08941417932510376
A2T689YVOAYGGD,head_hit,3,-0.3692777454853058,-1.5907659530639648,-0.3418879508972168,-2.1174476146698,-1.221488207578659,0.02738979458808899,-1.748169869184494
ATK8EI6LZKJ8T,head_hit,7,-0.6263789534568787,-1.2132606506347656,-0.6248953938484192,-1.004616141319275,-0.586881697177887,0.0014835596084594727,-0.37823718786239624
A2UHHEP0J237RU,head_hit,7,-0.6775305867195129,-0.8538233041763306,-0.683443009853363,-0.820003867149353,-0.17629271745681763,-0.005912423133850098,-0.1424732804298401
A2L0WJMOT484GM,head_hit,15,-0.311206579208374,-1.3568845987319946,-0.3080746531486511,-0.33036547899246216,-1.0456780195236206,0.0031319260597229004,-0.019158899784088135
A1N46G8TKM3ZQB,head_hit,6,-0.14720657467842102,-0.4028007388114929,-0.16737380623817444,-0.17865534126758575,-0.2555941641330719,-0.020167231559753418,-0.031448766589164734
A2L94GUUK8SQZQ,head_hit,3,-0.8032527565956116,-0.9506533741950989,-0.7790639996528625,-0.6376984715461731,-0.1474006175994873,0.024188756942749023,0.16555428504943848
APVSV33H1F3KX,head_hit,3,-0.7104796171188354,-2.1559033393859863,-0.7602748870849609,-1.3441483974456787,-1.4454237222671509,-0.04979526996612549,-0.6336687803268433
A4KM93KVF1FGY,head_hit,4,-0.5123379230499268,-2.433928966522217,-0.48992639780044556,-1.809240698814392,-1.92159104347229,0.0224115252494812,-1.2969027757644653
A3HUC8541SJ6UT,head_hit,17,-0.6987606883049011,-1.706980586051941,-0.6956709623336792,-0.8858548402786255,-1.0082198977470398,0.003089725971221924,-0.18709415197372437
AZV7CNMMJERKW,head_hit,6,-0.5523082613945007,-0.48278680443763733,-0.545093834400177,-0.509549081325531,0.0695214569568634,0.0072144269943237305,0.04275918006896973
A3AE2IM2KQ9ROH,head_hit,9,-0.39010265469551086,-1.626173734664917,-0.36940333247184753,-1.0038868188858032,-1.2360710799694061,0.02069932222366333,-0.6137841641902924
AGSNWIVGK3IJA,head_hit,7,-0.630686342716217,-1.2271546125411987,-0.6299650073051453,-0.8572728037834167,-0.5964682698249817,0.0007213354110717773,-0.2265864610671997
A31EGFG5C4TETH,head_hit,3,-0.7790945768356323,-0.8383512496948242,-0.8486401438713074,-0.5796427130699158,-0.059256672859191895,-0.06954556703567505,0.19945186376571655
A1LY0DNHBLI4PY,head_hit,20,-0.08399815112352371,-6.498948574066162,-0.0776321068406105,-0.13070163130760193,-6.414950422942638,0.006366044282913208,-0.04670348018407822
A1JOVTU9CTZXB7,head_hit,3,-0.5547645092010498,-1.4192419052124023,-0.4934183955192566,-0.7581453919410706,-0.8644773960113525,0.06134611368179321,-0.20338088274002075
ACDJL2NYQL0GT,head_hit,5,-0.8902928233146667,-0.9996468424797058,-0.8648182153701782,-0.8451204895973206,-0.10935401916503906,0.025474607944488525,0.04517233371734619
A22A5CRRL8XKMN,head_hit,3,-0.5320724844932556,-0.8191335797309875,-0.48202624917030334,-0.5857535600662231,-0.28706109523773193,0.05004623532295227,-0.05368107557296753
A1AHAETTCFARPJ,head_hit,4,-0.5706263184547424,-0.3127186894416809,-0.5158059000968933,-0.4178307056427002,0.2579076290130615,0.05482041835784912,0.15279561281204224
A1QQVLG6F6CH2N,head_hit,3,-0.4641666114330292,-0.5733351707458496,-0.4436646103858948,-0.515529990196228,-0.10916855931282043,0.0205020010471344,-0.05136337876319885
A2UAP79S67P085,head_hit,5,-0.4003562927246094,-0.6442080140113831,-0.3967364728450775,-0.44346144795417786,-0.24385172128677368,0.0036198198795318604,-0.04310515522956848
A2V9UMCS8SHRP,head_hit,3,-0.3912065327167511,-0.537082314491272,-0.3620724678039551,-0.1995183527469635,-0.14587578177452087,0.02913406491279602,0.1916881799697876
A2OL5WLCNZVD9K,head_hit,16,-0.6253911256790161,-1.6337268352508545,-0.6158161163330078,-1.2139928340911865,-1.0083357095718384,0.0095750093460083,-0.5886017084121704
A31DVKL8JE4XAH,head_hit,20,-0.6186286807060242,-1.7378875017166138,-0.650880753993988,-0.5826806426048279,-1.1192588210105896,-0.03225207328796387,0.03594803810119629
A2NSP1BM3MEWYR,head_hit,5,-0.63958740234375,-0.8845192790031433,-0.6256281137466431,-0.6032158136367798,-0.2449318766593933,0.013959288597106934,0.036371588706970215
A1LX0M4PNK57DF,head_hit,5,-0.4513559937477112,-0.6885473132133484,-0.4436430335044861,-0.8631430268287659,-0.2371913194656372,0.007712960243225098,-0.4117870330810547
A2U8QA856AC193,head_hit,10,-0.5310109257698059,-0.9405686259269714,-0.5378158688545227,-0.5072384476661682,-0.4095577001571655,-0.006804943084716797,0.023772478103637695
ADT2OMJZAM159,head_hit,5,-0.37960559129714966,-1.7006410360336304,-0.39160656929016113,-0.6596706509590149,-1.3210354447364807,-0.012000977993011475,-0.28006505966186523
A3SEH86WO5SMVO,head_hit,7,-0.699936032295227,-1.2531133890151978,-0.6823323965072632,-0.7082066535949707,-0.5531773567199707,0.017603635787963867,-0.008270621299743652
A5U5T6EWH90O0,head_hit,14,-0.3075506389141083,-2.44331693649292,-0.30651459097862244,-0.849457323551178,-2.1357662975788116,0.0010360479354858398,-0.5419066846370697
A312UBIOP091MH,head_hit,13,-0.5817766189575195,-1.1879280805587769,-0.577846884727478,-0.42699626088142395,-0.6061514616012573,0.003929734230041504,0.15478035807609558
A1YVDY3TISDRE1,head_hit,17,-0.38376301527023315,-2.0831663608551025,-0.3711250126361847,-0.3710864186286926,-1.6994033455848694,0.012638002634048462,0.012676596641540527
A2BLFCOPSMBOZ9,head_hit,14,-0.4132821261882782,-1.3520821332931519,-0.4268656373023987,-0.6686745882034302,-0.9388000071048737,-0.013583511114120483,-0.255392462015152
AOXMWBNDZDJ9L,head_hit,15,-0.3176792562007904,-2.175137996673584,-0.31995534896850586,-0.8923577070236206,-1.8574587404727936,-0.002276092767715454,-0.5746784508228302
A3BUF5X15OQ5WC,head_hit,4,-0.264430433511734,-0.9288535118103027,-0.28142887353897095,-0.48905202746391296,-0.6644230782985687,-0.01699844002723694,-0.22462159395217896
AQNX0WN00JEVE,head_hit,14,-0.7373520731925964,-1.4724695682525635,-0.7168535590171814,-0.7011085152626038,-0.735117495059967,0.02049851417541504,0.036243557929992676
ABLH3W1GQLS3B,head_hit,3,-0.8818038105964661,-1.1148011684417725,-0.8978633284568787,-0.9439896941184998,-0.2329973578453064,-0.016059517860412598,-0.06218588352203369
A362YGVL10BWF1,head_hit,5,-0.5696843862533569,-0.5212982892990112,-0.5690262913703918,-0.5564815998077393,0.0483860969543457,0.0006580948829650879,0.013202786445617676
A3O4I59A6VR9OK,head_hit,3,-0.8443546295166016,-1.1581648588180542,-0.7906752228736877,-1.3166658878326416,-0.31381022930145264,0.05367940664291382,-0.47231125831604004
AVBR6EYD2CVYP,head_hit,6,-0.8061057925224304,-0.7173606753349304,-0.8315396904945374,-0.8326230049133301,0.0887451171875,-0.025433897972106934,-0.026517212390899658
A6ETYEG86E85M,head_hit,3,-0.8438110947608948,-0.8493885397911072,-0.8373230695724487,-0.8235616683959961,-0.005577445030212402,0.006488025188446045,0.02024942636489868
A2XVRMODZKON7B,head_hit,6,-0.6436865925788879,-1.184280514717102,-0.6931589245796204,-0.5559276938438416,-0.5405939221382141,-0.04947233200073242,0.08775889873504639
AYF242R6GQMUP,head_hit,20,-0.8476524353027344,-1.0783910751342773,-0.9033299088478088,-0.5492725968360901,-0.23073863983154297,-0.05567747354507446,0.2983798384666443
A3M1PLEYNDEYO8,head_hit,11,-0.12266670912504196,-0.7622299194335938,-0.11904076486825943,-0.6873847842216492,-0.6395632103085518,0.0036259442567825317,-0.5647180750966072
A38HMH9YUPRUOR,head_hit,4,-0.36026731133461,-0.826619565486908,-0.3296807110309601,-0.7696763873100281,-0.466352254152298,0.030586600303649902,-0.4094090759754181
A2SX3JU39YE2TP,head_hit,3,-0.5700164437294006,-1.2457911968231201,-0.6116060614585876,-0.6503052711486816,-0.6757747530937195,-0.04158961772918701,-0.080288827419281
AT96TYI24GKXH,head_hit,7,-0.6416845321655273,-1.169682502746582,-0.6316249966621399,-0.704862654209137,-0.5279979705810547,0.010059535503387451,-0.06317812204360962
A1XLJUPLCY0FGU,head_hit,9,-0.8979640007019043,-0.9770562052726746,-0.8523562550544739,-0.9256278276443481,-0.07909220457077026,0.04560774564743042,-0.027663826942443848
A2DVE0GA00ZX5Z,head_hit,3,-0.2004977911710739,-1.1904908418655396,-0.20992963016033173,-0.472598135471344,-0.9899930506944656,-0.009431838989257812,-0.2721003443002701
AL3XH7RNN03IQ,head_hit,10,-0.4465525448322296,-0.5188251733779907,-0.4268554747104645,-0.3930589258670807,-0.07227262854576111,0.019697070121765137,0.053493618965148926
AJ0JIVWV7965A,head_hit,3,-0.8717970848083496,-0.8913299441337585,-0.8774218559265137,-0.7552794814109802,-0.019532859325408936,-0.0056247711181640625,0.11651760339736938
AIUW2G30Z0U6E,head_hit,3,-0.8715514540672302,-1.3188953399658203,-0.9260562062263489,-0.9890797734260559,-0.4473438858985901,-0.05450475215911865,-0.11752831935882568
A2N6XEJPUUZFKY,head_hit,3,-0.2124636024236679,-0.6285064816474915,-0.2032548487186432,-0.3972902297973633,-0.41604287922382355,0.00920875370502472,-0.18482662737369537
A26RCLHQZ2Y444,head_hit,3,-0.4940628409385681,-0.7193456888198853,-0.4141521155834198,-0.6950283646583557,-0.22528284788131714,0.07991072535514832,-0.2009655237197876
AVDBPWES117H1,head_hit,3,-0.7453411221504211,-1.0619041919708252,-0.7183207273483276,-1.1003319025039673,-0.31656306982040405,0.027020394802093506,-0.35499078035354614
A3H5FUA3ILLOBD,head_hit,6,-0.6638801693916321,-0.7531687617301941,-0.6845442056655884,-0.4941866993904114,-0.08928859233856201,-0.0206640362739563,0.1696934700012207
A3LUG94RBTJ14O,head_hit,3,-0.7163228392601013,-1.5747121572494507,-0.7453083395957947,-1.7030974626541138,-0.8583893179893494,-0.02898550033569336,-0.9867746233940125
A3K40ZCJ5ARE5X,head_hit,4,-0.22480431199073792,-1.027406930923462,-0.27662304043769836,-0.5069399476051331,-0.802602618932724,-0.05181872844696045,-0.28213563561439514
A3433CUWQ1HA46,head_hit,13,-0.34882470965385437,-1.5238136053085327,-0.3755781948566437,-0.44326281547546387,-1.1749888956546783,-0.026753485202789307,-0.0944381058216095
A36PWV4VTOC03S,head_hit,6,-0.6775776147842407,-1.2604272365570068,-0.6961227059364319,-0.9267973303794861,-0.5828496217727661,-0.018545091152191162,-0.24921971559524536
AMH4QM10U9WG,head_hit,20,-0.0558919794857502,-1.3241738080978394,-0.04894769564270973,-0.2505962550640106,-1.2682818286120892,0.006944283843040466,-0.19470427557826042
A1FXY0GUFHEI59,head_hit,8,-0.5413926243782043,-2.0755343437194824,-0.5482855439186096,-0.43613889813423157,-1.534141719341278,-0.0068929195404052734,0.10525372624397278
AMWMIUVDQZXUH,head_hit,4,-0.6624690890312195,-0.7466706037521362,-0.6359432935714722,-1.313585638999939,-0.08420151472091675,0.026525795459747314,-0.6511165499687195
A21G1MUAP3JUDX,head_hit,7,-0.61917644739151,-1.5678527355194092,-0.6018158197402954,-0.48703327775001526,-0.9486762881278992,0.0173606276512146,0.13214316964149475
A2ZXBFBA7EKYNR,head_hit,8,-0.6310763955116272,-1.4008617401123047,-0.6472657322883606,-0.7024554014205933,-0.7697853446006775,-0.0161893367767334,-0.07137900590896606
A3NAA8Y0VHX3KZ,head_hit,3,-0.671360969543457,-1.0905870199203491,-0.7469395995140076,-0.8600637316703796,-0.4192260503768921,-0.07557862997055054,-0.1887027621269226
A28TW63ZUB9ZK5,head_hit,3,-0.9337959885597229,-1.584962010383606,-0.9737281203269958,-1.0007174015045166,-0.6511660218238831,-0.03993213176727295,-0.0669214129447937
A1E5WXNTI7EO2A,head_hit,15,-0.8533771634101868,-1.1868833303451538,-0.8575563430786133,-0.8719310760498047,-0.33350616693496704,-0.004179179668426514,-0.01855391263961792
AVPX18EZYXMDO,head_hit,4,-0.8348730206489563,-0.3856082558631897,-0.7532457113265991,-0.7363224029541016,0.4492647647857666,0.08162730932235718,0.09855061769485474
A3LQXZYW45VAKG,head_hit,4,-0.4937419295310974,-0.7839594483375549,-0.5257181525230408,-0.35978931188583374,-0.2902175188064575,-0.03197622299194336,0.13395261764526367
AAP0J12JUSRV0,head_hit,5,-0.44237974286079407,-1.4541465044021606,-0.46585702896118164,-0.6104171872138977,-1.0117667615413666,-0.023477286100387573,-0.16803744435310364
A5NMTVL7LXVZU,head_hit,3,-0.9378648996353149,-1.212897539138794,-0.947759211063385,-0.9013134241104126,-0.275032639503479,-0.009894311428070068,0.036551475524902344
AJ1IZ2N8WJPJN,head_hit,13,-0.745671808719635,-2.105968952178955,-0.6796362996101379,-0.7667571902275085,-1.36029714345932,0.06603550910949707,-0.021085381507873535
A1LH21MBCWVP7L,head_hit,3,-0.7722260355949402,-0.9766923189163208,-0.7743309736251831,-0.7196773886680603,-0.20446628332138062,-0.00210493803024292,0.05254864692687988
A339QWXMYBKE6I,head_hit,4,-0.9572449922561646,-0.9377864599227905,-0.909745991230011,-0.8738495111465454,0.019458532333374023,0.047499001026153564,0.08339548110961914
A108XP24UESKSV,head_hit,12,-0.6105775237083435,-1.8106111288070679,-0.6080882549285889,-0.5151360034942627,-1.2000336050987244,0.0024892687797546387,0.09544152021408081
A1GBT4UN2RW7XY,head_hit,3,-0.44271400570869446,-0.936029314994812,-0.48247915506362915,-0.41492611169815063,-0.49331530928611755,-0.03976514935493469,0.027787894010543823
A1EOOM1EWVSSA1,head_hit,6,-0.7823331952095032,-1.0591943264007568,-0.8021090626716614,-0.7492238879203796,-0.27686113119125366,-0.019775867462158203,0.033109307289123535
A1C21QBAZ1W4Z2,head_hit,5,-0.3705574870109558,-1.1640146970748901,-0.3834342658519745,-0.8609488606452942,-0.7934572100639343,-0.012876778841018677,-0.4903913736343384
A3M8R4JD1SIS76,head_hit,6,-0.2587489187717438,-1.4016087055206299,-0.2587392032146454,-0.4908471405506134,-1.142859786748886,9.715557098388672e-06,-0.23209822177886963
A2NWHE8VIMUM5F,head_hit,3,-0.5084043145179749,-0.6452695727348328,-0.48325732350349426,-0.6051125526428223,-0.1368652582168579,0.02514699101448059,-0.09670823812484741
A3A62FPWG2SIXD,head_hit,9,-0.6751857399940491,-0.7203328013420105,-0.6648961305618286,-0.721733033657074,-0.045147061347961426,0.010289609432220459,-0.0465472936630249
A3TU2IGQH5K2KV,head_hit,3,-0.4461544454097748,-1.074072241783142,-0.4121311604976654,-0.983450710773468,-0.6279177963733673,0.034023284912109375,-0.5372962653636932
A1UMGH5ONFQ9QY,head_hit,6,-0.3917076885700226,-1.6885097026824951,-0.5349136590957642,-0.4081864655017853,-1.2968020141124725,-0.14320597052574158,-0.016478776931762695
A3OIQ3T0OIKY66,head_hit,20,-0.6038545966148376,-1.0283632278442383,-0.5990828275680542,-0.4895564019680023,-0.42450863122940063,0.004771769046783447,0.11429819464683533
A2ZASVCIBCIVM9,head_hit,3,-0.7749980092048645,-0.5877648591995239,-0.7397054433822632,-0.8223578333854675,0.18723315000534058,0.03529256582260132,-0.04735982418060303
A192Z1UVDNK88E,head_hit,20,-0.5872331857681274,-2.329324960708618,-0.6024709343910217,-0.6179013252258301,-1.7420917749404907,-0.015237748622894287,-0.030668139457702637
A3A35ZTT0O8GI0,head_hit,3,-0.7814124226570129,-0.7907530665397644,-0.7799643874168396,-0.8506795167922974,-0.009340643882751465,0.0014480352401733398,-0.06926709413528442
AWPWFNKMB4IL8,head_hit,6,-0.7623787522315979,-1.1045275926589966,-0.7817301154136658,-0.9131354689598083,-0.3421488404273987,-0.01935136318206787,-0.15075671672821045
AT5Q7M7SRN3EO,head_hit,3,-0.4526374042034149,-0.504492461681366,-0.44958168268203735,-0.529016375541687,-0.05185505747795105,0.0030557215213775635,-0.0763789713382721
A1XB8SXC0MZM5P,head_hit,4,-0.5804309248924255,-0.857683539390564,-0.5829895734786987,-0.5057904124259949,-0.2772526144981384,-0.0025586485862731934,0.07464051246643066
AN7FR201LEA5E,head_hit,5,-0.8567317128181458,-0.8767642974853516,-0.8874682784080505,-0.6032131910324097,-0.02003258466720581,-0.030736565589904785,0.2535185217857361
AN4NDOQ269KV,head_hit,10,-0.8824768662452698,-1.0343351364135742,-0.8534594774246216,-0.5891579389572144,-0.15185827016830444,0.029017388820648193,0.2933189272880554
A1X5FUCZPG9N4J,head_hit,8,-0.13595689833164215,-0.6757259964942932,-0.13418792188167572,-0.6078214049339294,-0.5397690981626511,0.0017689764499664307,-0.4718645066022873
A30346BDIVAYU1,head_hit,4,-0.2194710224866867,-0.4176153242588043,-0.23299811780452728,-0.25799089670181274,-0.19814430177211761,-0.013527095317840576,-0.03851987421512604
A20AE5F7BVEJPE,head_hit,4,-0.5355951189994812,-0.7368087768554688,-0.527403712272644,-1.0440845489501953,-0.20121365785598755,0.008191406726837158,-0.5084894299507141
A3L22X9GROO7FD,head_hit,3,-1.4139211177825928,-1.0526907444000244,-1.2971041202545166,-0.9501382112503052,0.36123037338256836,0.11681699752807617,0.4637829065322876
A3RF46CL8GDIN8,head_hit,7,-0.5546509623527527,-0.9891504645347595,-0.5580352544784546,-0.9617945551872253,-0.43449950218200684,-0.0033842921257019043,-0.40714359283447266
A1I6U5AQAT3ZG9,head_hit,20,-0.3320530354976654,-0.8997018337249756,-0.337238609790802,-0.27528735995292664,-0.5676487982273102,-0.005185574293136597,0.05676567554473877
A14420ECKWXC6R,head_hit,5,-0.3448459506034851,-1.935089349746704,-0.35705724358558655,-0.36550256609916687,-1.590243399143219,-0.01221129298210144,-0.020656615495681763
AKT8TGIT6VVZ5,head_hit,6,-0.7966318726539612,-0.9477366805076599,-0.831078052520752,-0.7419377565383911,-0.15110480785369873,-0.03444617986679077,0.05469411611557007
A19V29WTUN6T0S,head_hit,3,-0.6540458798408508,-0.7818665504455566,-0.5923575758934021,-0.8248366117477417,-0.1278206706047058,0.06168830394744873,-0.17079073190689087
A2B9Q9A36GAWPP,head_hit,5,-0.8424599766731262,-1.1377686262130737,-0.8144151568412781,-1.0407687425613403,-0.2953086495399475,0.028044819831848145,-0.1983087658882141
A3QJ5JOG2C2UAV,head_hit,6,-0.8690460920333862,-0.7126937508583069,-0.8441752195358276,-0.8394497632980347,0.15635234117507935,0.024870872497558594,0.029596328735351562
A3IVTAT62XST8A,head_hit,4,-0.7161862254142761,-1.978662371635437,-0.7841126322746277,-1.045012354850769,-1.2624761462211609,-0.06792640686035156,-0.3288261294364929
ATINF5XHASC2C,head_hit,3,-0.6605967879295349,-0.7760604023933411,-0.6518200635910034,-0.9519157409667969,-0.11546361446380615,0.008776724338531494,-0.29131895303726196
A1LINA8MCSONQL,head_hit,8,-0.35231176018714905,-2.4011099338531494,-0.35756880044937134,-1.360331654548645,-2.0487981736660004,-0.00525704026222229,-1.008019894361496
AGFG2INIB8GS1,head_hit,5,-0.5084558725357056,-1.4758731126785278,-0.5394912362098694,-0.5488741397857666,-0.9674172401428223,-0.03103536367416382,-0.040418267250061035
A21WBA2RH72WYC,head_hit,11,-0.4618915915489197,-2.4524996280670166,-0.45487716794013977,-0.45899179577827454,-1.990608036518097,0.007014423608779907,0.0028997957706451416
AQLQO1PZC8V3Z,head_hit,4,-0.1347712278366089,-0.6002598404884338,-0.14578096568584442,-0.2121143788099289,-0.46548861265182495,-0.011009737849235535,-0.07734315097332001
A3CBCVHIK3G76X,head_hit,3,-0.7695454955101013,-1.0357794761657715,-0.7991257905960083,-0.881104052066803,-0.26623398065567017,-0.029580295085906982,-0.11155855655670166
A32NEDX6UVV8DE,head_hit,11,-0.2623886466026306,-0.8832558989524841,-0.2660562992095947,-0.35090169310569763,-0.6208672523498535,-0.0036676526069641113,-0.08851304650306702
A3DI391K4GAI7Q,head_hit,3,-0.49997299909591675,-1.5009396076202393,-0.5341566205024719,-1.0252902507781982,-1.0009666085243225,-0.034183621406555176,-0.5253172516822815
ATH3U4X61L8D5,head_hit,4,-0.5187250375747681,-1.392540693283081,-0.48440855741500854,-1.357258915901184,-0.873815655708313,0.03431648015975952,-0.838533878326416
A2V2XOHG8DKACY,head_hit,3,-0.9059357047080994,-1.0396702289581299,-0.8844126462936401,-1.0195194482803345,-0.13373452425003052,0.02152305841445923,-0.11358374357223511
A27JEXFUYR4EVI,head_hit,5,-0.3283859193325043,-1.6508249044418335,-0.32499393820762634,-0.2771025002002716,-1.3224389851093292,0.0033919811248779297,0.051283419132232666
A7RH73YPZU94Z,head_hit,7,-0.8355960249900818,-0.9715092778205872,-0.8201189041137695,-0.8674796223640442,-0.13591325283050537,0.015477120876312256,-0.0318835973739624
ALWW5PVA8JHST,head_hit,6,-0.7079380750656128,-1.0104156732559204,-0.692060649394989,-0.670046865940094,-0.3024775981903076,0.01587742567062378,0.0378912091255188
A106Q1A6LGU4DP,head_hit,10,-0.665414035320282,-1.5809214115142822,-0.6670635938644409,-0.6387796401977539,-0.9155073761940002,-0.0016495585441589355,0.026634395122528076
A2MUGFV2TDQ47K,head_hit,20,-0.5576514005661011,-1.0525755882263184,-0.5610434412956238,-0.8669652938842773,-0.4949241876602173,-0.003392040729522705,-0.30931389331817627
A3RWZZ5ZDSCFAD,head_hit,16,-0.8678148984909058,-1.2367287874221802,-0.8667631149291992,-1.1108431816101074,-0.3689138889312744,0.001051783561706543,-0.24302828311920166
A2YKGQ7JJHJ8BI,head_hit,13,-0.08546584844589233,-1.2168086767196655,-0.0636511966586113,-1.0246278047561646,-1.1313428282737732,0.021814651787281036,-0.9391619563102722
A1H78D4HCXTCFA,head_hit,5,-0.338509738445282,-0.7625008225440979,-0.34350714087486267,-1.8412494659423828,-0.4239910840988159,-0.0049974024295806885,-1.5027397274971008
A2EFNZ5N1GU7VY,head_miss,3,-1.1967394351959229,-1.0399186611175537,-1.2186906337738037,-0.9772977828979492,0.15682077407836914,-0.02195119857788086,0.21944165229797363
A2FFIW1SFUZ4QT,head_miss,15,-0.9317061901092529,-1.5094951391220093,-0.9203425049781799,-1.036534309387207,-0.5777889490127563,0.011363685131072998,-0.1048281192779541
A1UD2KJ166OBDK,head_miss,10,-0.8984038233757019,-0.7599207758903503,-0.8247402906417847,-0.7565544247627258,0.13848304748535156,0.07366353273391724,0.14184939861297607
A1A5XWT0WI06YH,head_miss,8,-1.1782267093658447,-1.051642894744873,-1.1528834104537964,-1.1743136644363403,0.12658381462097168,0.02534329891204834,0.0039130449295043945
A2DWKT55XRGNCZ,head_miss,4,-1.1420667171478271,-1.1619387865066528,-1.185028314590454,-1.0112497806549072,-0.019872069358825684,-0.04296159744262695,0.13081693649291992
A1ZE710DZQ016N,head_miss,4,-1.1416568756103516,-1.2734134197235107,-1.2812678813934326,-1.141149878501892,-0.13175654411315918,-0.13961100578308105,0.0005069971084594727
ABT0VH7UECT4R,head_miss,7,-1.3027764558792114,-1.134678602218628,-1.2922894954681396,-1.3649822473526,0.1680978536605835,0.010486960411071777,-0.06220579147338867
A231GRPBOKZ88E,head_miss,5,-1.171912431716919,-1.5285329818725586,-1.1536636352539062,-1.2861896753311157,-0.35662055015563965,0.018248796463012695,-0.11427724361419678
A2UHWCDLYBEYES,head_miss,5,-1.5668971538543701,-0.7973051071166992,-1.4861366748809814,-0.7298457026481628,0.7695920467376709,0.08076047897338867,0.8370514512062073
AISS9GV3QHODG,head_miss,4,-1.1165369749069214,-0.850169837474823,-1.1206128597259521,-0.9807673692703247,0.2663671374320984,-0.004075884819030762,0.13576960563659668
A2OADM2SJZKY0K,head_miss,4,-0.9435619115829468,-1.3003427982330322,-0.9610324501991272,-1.0930931568145752,-0.35678088665008545,-0.01747053861618042,-0.14953124523162842
A1SBVY5DX5ZKUX,head_miss,5,-1.2103561162948608,-1.2939342260360718,-1.1930599212646484,-1.1932121515274048,-0.08357810974121094,0.017296195030212402,0.017143964767456055
A1W2M1QDFIBSH2,head_miss,3,-1.8051239252090454,-2.062924861907959,-1.8210837841033936,-1.6859170198440552,-0.2578009366989136,-0.015959858894348145,0.11920690536499023
A2A3LVZVT2RIU2,head_miss,3,-1.0927408933639526,-1.0878888368606567,-1.1572569608688354,-1.0342366695404053,0.0048520565032958984,-0.06451606750488281,0.05850422382354736
A7Q3B3F0LOCU0,head_miss,4,-1.2130950689315796,-1.4505904912948608,-1.2549420595169067,-1.452928900718689,-0.23749542236328125,-0.04184699058532715,-0.23983383178710938
ABL3PCYAQ1Y4C,head_miss,15,-0.7723090052604675,-0.938424289226532,-0.7761701345443726,-0.4332056939601898,-0.16611528396606445,-0.0038611292839050293,0.3391033113002777
AGZEK96T7WK6,head_miss,6,-0.8655284643173218,-0.7529445886611938,-0.8680053949356079,-0.7485126256942749,0.11258387565612793,-0.002476930618286133,0.11701583862304688
A32JLLK5UZN361,head_miss,3,-1.2035788297653198,-1.179880142211914,-1.2673243284225464,-1.1851670742034912,0.02369868755340576,-0.06374549865722656,0.018411755561828613
A21H6C9GT9CLV8,head_miss,4,-0.9885616302490234,-1.2053279876708984,-1.00822913646698,-1.0547423362731934,-0.216766357421875,-0.019667506217956543,-0.06618070602416992
A2QSBOAAGW1I1H,head_miss,3,-1.3956278562545776,-1.413838505744934,-1.36104416847229,-1.3264845609664917,-0.018210649490356445,0.0345836877822876,0.06914329528808594
AOPQJ8LYK3C8X,head_miss,6,-1.1008915901184082,-1.4286816120147705,-1.0440843105316162,-1.1132800579071045,-0.3277900218963623,0.05680727958679199,-0.012388467788696289
AUZ3EJAU37NC5,head_miss,20,-1.4737365245819092,-1.9119541645050049,-1.4612308740615845,-1.2582484483718872,-0.4382176399230957,0.012505650520324707,0.21548807621002197
AEKB9BBR4GB8I,head_miss,17,-1.1871041059494019,-1.5881993770599365,-1.1969616413116455,-1.246279001235962,-0.40109527111053467,-0.009857535362243652,-0.05917489528656006
A2HRRBJDCHWAK9,head_miss,4,-1.455388069152832,-1.6022263765335083,-1.4162378311157227,-1.0585272312164307,-0.14683830738067627,0.039150238037109375,0.39686083793640137
A3K1GN4LT8KU7S,head_miss,4,-1.5134780406951904,-1.7632675170898438,-1.5407532453536987,-1.4970099925994873,-0.24978947639465332,-0.0272752046585083,0.016468048095703125
A3F9CMU8KNAY1M,head_miss,12,-0.8291659355163574,-0.8136483430862427,-0.8600043058395386,-1.2721925973892212,0.015517592430114746,-0.030838370323181152,-0.44302666187286377
A2FBE54QYNOOI0,head_miss,4,-1.1656970977783203,-1.0964316129684448,-1.061926007270813,-1.1479542255401611,0.06926548480987549,0.10377109050750732,0.01774287223815918
A1BTQU0ND8V8WK,head_miss,3,-1.4642659425735474,-1.4004356861114502,-1.4594231843948364,-1.5004061460494995,0.06383025646209717,0.0048427581787109375,-0.03614020347595215
ANA0G8J25IIEE,head_miss,5,-1.2902981042861938,-1.68207585811615,-1.2744486331939697,-1.338653564453125,-0.39177775382995605,0.01584947109222412,-0.04835546016693115
AT8TS7XTO8TIE,head_miss,4,-1.6327669620513916,-1.604413390159607,-1.6792333126068115,-2.028113603591919,0.028353571891784668,-0.04646635055541992,-0.39534664154052734
AZGWU83KK5HJR,head_miss,3,-2.5090980529785156,-1.0369356870651245,-2.4904046058654785,-0.97603839635849,1.4721623659133911,0.01869344711303711,1.5330596566200256
A2OERI2FWZ8L3V,head_miss,4,-1.5094125270843506,-1.6000653505325317,-1.5015709400177002,-1.652752161026001,-0.09065282344818115,0.00784158706665039,-0.1433396339416504
A2N4J214NMG8FN,head_miss,5,-1.2997782230377197,-1.3050132989883423,-1.2881174087524414,-1.2660871744155884,-0.005235075950622559,0.01166081428527832,0.03369104862213135
AUFB3GQJV10P0,head_miss,20,-1.6020101308822632,-1.7655550241470337,-1.6260541677474976,-1.7018824815750122,-0.1635448932647705,-0.024044036865234375,-0.09987235069274902
A1FKTZAD7JRO8F,head_miss,6,-1.0877104997634888,-1.5251184701919556,-1.1328115463256836,-1.1749995946884155,-0.4374079704284668,-0.045101046562194824,-0.08728909492492676
A2ZSOVUZR42QUG,head_miss,4,-1.3799937963485718,-1.2893544435501099,-1.403380274772644,-1.3959262371063232,0.09063935279846191,-0.023386478424072266,-0.015932440757751465
A34UXY3AJIP8RE,head_miss,4,-1.0391318798065186,-1.1921485662460327,-1.0568029880523682,-1.2036993503570557,-0.15301668643951416,-0.01767110824584961,-0.1645674705505371
A1P4DHRG58OSPS,head_miss,4,-1.3756755590438843,-0.5908979177474976,-1.4408886432647705,-0.9324067831039429,0.7847776412963867,-0.06521308422088623,0.4432687759399414
A2BILUPJR1QK94,head_miss,5,-1.2171036005020142,-1.335515022277832,-1.1834813356399536,-1.3331712484359741,-0.11841142177581787,0.03362226486206055,-0.11606764793395996
AM86FTH0B1K9H,head_miss,3,-1.0242983102798462,-1.2136961221694946,-0.9857072830200195,-1.1390399932861328,-0.18939781188964844,0.03859102725982666,-0.11474168300628662
A345BXR9RAZPQL,head_miss,6,-1.3380192518234253,-1.5056740045547485,-1.3380357027053833,-1.419601559638977,-0.16765475273132324,-1.6450881958007812e-05,-0.08158230781555176
A19J1M45P7Q9X3,head_miss,4,-1.4410995244979858,-1.214146375656128,-1.3680245876312256,-1.3928945064544678,0.2269531488418579,0.07307493686676025,0.048205018043518066
A12IPN4JK4H39P,head_miss,4,-1.007899522781372,-1.0558505058288574,-1.0256599187850952,-0.948606014251709,-0.04795098304748535,-0.017760396003723145,0.059293508529663086
A31Z79VICOFHJD,head_miss,13,-1.0215885639190674,-1.0532466173171997,-1.0261549949645996,-1.151900053024292,-0.031658053398132324,-0.0045664310455322266,-0.1303114891052246
A3203VTKMVSZBN,head_miss,3,-1.2913817167282104,-1.6093355417251587,-1.3659143447875977,-1.3614634275436401,-0.31795382499694824,-0.07453262805938721,-0.07008171081542969
AF9OYN557Z77I,head_miss,20,-1.4829987287521362,-2.0816400051116943,-1.522165060043335,-1.4586689472198486,-0.5986412763595581,-0.03916633129119873,0.024329781532287598
A13WMP6UFDDLZY,head_miss,3,-1.4540598392486572,-1.6806889772415161,-1.498396635055542,-1.442310094833374,-0.2266291379928589,-0.044336795806884766,0.011749744415283203
A1047P9FLHTDZJ,head_miss,3,-1.3085185289382935,-1.1444936990737915,-1.3275378942489624,-1.3417752981185913,0.16402482986450195,-0.019019365310668945,-0.03325676918029785
AVZGMM3TR31G4,head_miss,4,-1.1198633909225464,-0.9575075507164001,-1.118479609489441,-1.114359974861145,0.16235584020614624,0.0013837814331054688,0.005503416061401367
A3AF7N2N36PMA0,head_miss,5,-0.9289800524711609,-0.793950617313385,-0.9021334648132324,-0.893120288848877,0.13502943515777588,0.026846587657928467,0.035859763622283936
AG6JWI77UMETS,head_miss,8,-0.7977628707885742,-1.724805474281311,-0.8232250809669495,-0.9564700722694397,-0.9270426034927368,-0.025462210178375244,-0.15870720148086548
A1HS1JS92UY6HK,head_miss,7,-1.0768095254898071,-0.49532032012939453,-1.0781522989273071,-0.8192076086997986,0.5814892053604126,-0.0013427734375,0.25760191679000854
AODWVS9D0C9D2,head_miss,3,-1.3605401515960693,-1.2303279638290405,-1.3368561267852783,-1.3958728313446045,0.1302121877670288,0.023684024810791016,-0.035332679748535156
A3E9Z9JCES29F,head_miss,4,-0.9271956086158752,-1.2128759622573853,-0.9822337031364441,-1.321362853050232,-0.28568035364151,-0.05503809452056885,-0.3941672444343567
A3HPCRD9RX351S,head_miss,10,-0.8211563229560852,-1.6223363876342773,-0.8378357291221619,-0.7401717305183411,-0.8011800646781921,-0.01667940616607666,0.08098459243774414
AX4Y32W5OY9UE,head_miss,15,-1.4340646266937256,-1.4577133655548096,-1.425986409187317,-1.9780569076538086,-0.023648738861083984,0.008078217506408691,-0.543992280960083
A3PEDZ9QI5ZBBZ,head_miss,3,-1.858240008354187,-1.843973159790039,-1.7626632452011108,-1.862456202507019,0.01426684856414795,0.09557676315307617,-0.004216194152832031
A1YIYGMYN18994,head_miss,5,-1.3645724058151245,-0.8469467163085938,-1.3112590312957764,-1.114483118057251,0.5176256895065308,0.053313374519348145,0.25008928775787354
A3OJYP1JAIFHRG,head_miss,6,-1.3484045267105103,-1.2315953969955444,-1.3867806196212769,-1.4154032468795776,0.11680912971496582,-0.0383760929107666,-0.06699872016906738
A2Q88F5YEA7GGP,head_miss,4,-1.3465722799301147,-1.6824465990066528,-1.266679048538208,-1.4562413692474365,-0.3358743190765381,0.07989323139190674,-0.10966908931732178
AS8BIJVECDU64,head_miss,10,-1.287925124168396,-1.523974061012268,-1.3185174465179443,-1.4108132123947144,-0.23604893684387207,-0.03059232234954834,-0.12288808822631836
A4BT50EVQ5SFG,head_miss,5,-1.6015516519546509,-1.7725054025650024,-1.5916783809661865,-1.6345864534378052,-0.17095375061035156,0.009873270988464355,-0.0330348014831543
AYOJ4CX2CZP7Y,head_miss,3,-1.282949447631836,-1.9323794841766357,-1.257107138633728,-1.4778783321380615,-0.6494300365447998,0.02584230899810791,-0.19492888450622559
A1W3EROQ3VKHTH,head_miss,4,-1.442690134048462,-1.3285853862762451,-1.5121833086013794,-1.2477941513061523,0.1141047477722168,-0.06949317455291748,0.19489598274230957
A2VMYH4YFRJPH2,head_miss,5,-1.050044059753418,-1.0250084400177002,-1.0474728345870972,-0.9059895277023315,0.025035619735717773,0.0025712251663208008,0.14405453205108643
A3MW6F3KK9NPTL,head_miss,7,-3.5608065128326416,-1.5063954591751099,-3.578077793121338,-1.580755591392517,2.0544110536575317,-0.01727128028869629,1.9800509214401245
AZBHJDI49LKDK,head_miss,3,-2.279120683670044,-0.6238718628883362,-2.271390199661255,-0.530056357383728,1.6552488207817078,0.0077304840087890625,1.749064326286316
ADAD252GW5NLC,head_miss,4,-0.9906877279281616,-1.2811717987060547,-1.1526676416397095,-1.013486385345459,-0.29048407077789307,-0.16197991371154785,-0.022798657417297363
A17I90HQZKOFT5,head_miss,3,-1.3322242498397827,-1.3460067510604858,-1.523700475692749,-1.353524923324585,-0.013782501220703125,-0.1914762258529663,-0.021300673484802246
A230Q74IVSK6NU,head_miss,4,-1.3480947017669678,-1.4819676876068115,-1.311254858970642,-1.4431453943252563,-0.13387298583984375,0.036839842796325684,-0.09505069255828857
AD3SOIBPMNHCW,head_miss,4,-1.3068429231643677,-1.965281367301941,-1.2916269302368164,-1.291710615158081,-0.6584384441375732,0.01521599292755127,0.015132308006286621
ACRLOWS836FCI,head_miss,3,-1.2979915142059326,-1.424475073814392,-1.2201614379882812,-1.2034618854522705,-0.12648355960845947,0.07783007621765137,0.09452962875366211
A3AUGQNG5EYQ1Y,head_miss,4,-1.0566399097442627,-1.202781081199646,-1.063660979270935,-1.0346415042877197,-0.1461411714553833,-0.007021069526672363,0.02199840545654297
A2BR1JRTBH5QLQ,head_miss,3,-1.271142840385437,-1.1421741247177124,-1.2377153635025024,-1.2321417331695557,0.1289687156677246,0.03342747688293457,0.03900110721588135
A30QS6TJJDEFY0,head_miss,3,-1.036388874053955,-1.028773307800293,-1.0395582914352417,-1.0649687051773071,0.007615566253662109,-0.003169417381286621,-0.02857983112335205
A1HSG3VB5P3ULV,head_miss,5,-0.8593742847442627,-0.6384371519088745,-0.897392749786377,-0.9050456881523132,0.22093713283538818,-0.03801846504211426,-0.04567140340805054
A1HV54H5CGVX18,head_miss,4,-1.2670496702194214,-1.465433955192566,-1.2666407823562622,-1.3293774127960205,-0.19838428497314453,0.0004088878631591797,-0.06232774257659912
A2QM47C3D6L66E,head_miss,13,-1.1596416234970093,-1.1945139169692993,-1.1947848796844482,-1.177621603012085,-0.03487229347229004,-0.035143256187438965,-0.017979979515075684
A304ILYRZ145SI,head_miss,3,-1.548125147819519,-1.1639634370803833,-1.490556001663208,-1.4923324584960938,0.38416171073913574,0.057569146156311035,0.05579268932342529
A12LGYH8XRP8LS,head_miss,5,-1.012845754623413,-0.8817000985145569,-0.9724458456039429,-0.9927535653114319,0.1311456561088562,0.040399909019470215,0.0200921893119812
A15R8QXL7M48A3,head_miss,4,-1.2027404308319092,-1.049834132194519,-1.1947821378707886,-0.9904050827026367,0.15290629863739014,0.007958292961120605,0.21233534812927246
A11KTJR5RL1F6,head_miss,14,-1.2281650304794312,-1.1067017316818237,-1.2457431554794312,-1.1535568237304688,0.12146329879760742,-0.017578125,0.0746082067489624
A12X9MGWN0QPOF,head_miss,8,-1.0653741359710693,-1.3545666933059692,-1.0650790929794312,-1.1276322603225708,-0.2891925573348999,0.0002950429916381836,-0.062258124351501465
A1AGJLOESVT8NX,head_miss,3,-1.4101039171218872,-1.7183393239974976,-1.4858726263046265,-1.4578306674957275,-0.30823540687561035,-0.07576870918273926,-0.04772675037384033
A32NFU7Z7PM0PC,head_miss,4,-0.903025209903717,-1.2146202325820923,-0.9109097123146057,-0.8923216462135315,-0.31159502267837524,-0.007884502410888672,0.010703563690185547
A3TY6PPI2UCEIT,head_miss,3,-1.2996383905410767,-1.3171586990356445,-1.29149329662323,-1.3283475637435913,-0.01752030849456787,0.00814509391784668,-0.02870917320251465
AB10MNWILIKGO,head_miss,8,-1.1949269771575928,-0.980986475944519,-1.1512359380722046,-1.2232836484909058,0.21394050121307373,0.043691039085388184,-0.02835667133331299
ACRH2Z84PBGA3,head_miss,3,-0.9277853965759277,-1.249541163444519,-0.8810301423072815,-1.1663519144058228,-0.3217557668685913,0.04675525426864624,-0.23856651782989502
AFG4HIHMX312C,head_miss,9,-0.9833049178123474,-1.6420657634735107,-0.9904681444168091,-0.865341305732727,-0.6587608456611633,-0.00716322660446167,0.11796361207962036
ARIZ8PY9ULPHH,head_miss,7,-1.127604603767395,-1.8504656553268433,-1.1040481328964233,-1.2084124088287354,-0.7228610515594482,0.02355647087097168,-0.08080780506134033
A12139Q36LJGJW,head_miss,5,-1.5258861780166626,-1.4118458032608032,-1.5097507238388062,-1.4824097156524658,0.11404037475585938,0.016135454177856445,0.04347646236419678
A3JDNMUI86DTTS,head_miss,4,-1.574657678604126,-1.556235909461975,-1.5780383348464966,-1.5265296697616577,0.01842176914215088,-0.0033806562423706055,0.04812800884246826
A2GRDQJ4Z7053K,head_miss,5,-1.6003912687301636,-1.3677451610565186,-1.7222464084625244,-1.4251623153686523,0.23264610767364502,-0.12185513973236084,0.17522895336151123
AX47EVO5R71HI,head_miss,9,-1.7495795488357544,-1.4735276699066162,-1.6890584230422974,-1.470368504524231,0.2760518789291382,0.06052112579345703,0.27921104431152344
A2UFK2U9HUZ10A,head_miss,10,-1.2669838666915894,-1.0699923038482666,-1.1930122375488281,-1.179101824760437,0.19699156284332275,0.07397162914276123,0.08788204193115234
A1AGTVC5FQT7VE,head_miss,3,-0.8428877592086792,-0.8969879150390625,-0.8438841700553894,-0.85814368724823,-0.0541001558303833,-0.000996410846710205,-0.015255928039550781
A1CJAX617FCMOW,head_miss,6,-1.6899620294570923,-1.0787278413772583,-1.302799940109253,-1.2242448329925537,0.611234188079834,0.38716208934783936,0.4657171964645386
A14NA0W8ESGDSI,head_miss,10,-0.7890630960464478,-1.5449397563934326,-0.809451162815094,-0.8572795987129211,-0.7558766603469849,-0.02038806676864624,-0.06821650266647339
A284F70PTVG7Z1,head_miss,6,-0.9835258722305298,-0.944065511226654,-1.0297677516937256,-0.7606636881828308,0.03946036100387573,-0.0462418794631958,0.22286218404769897
A3QZ6JT0R1OWEC,head_miss,17,-1.2781614065170288,-1.5883829593658447,-1.238521933555603,-1.423915147781372,-0.3102215528488159,0.03963947296142578,-0.14575374126434326
A3VBSHBMM26L1H,head_miss,3,-0.9698218107223511,-1.01317298412323,-1.0919876098632812,-0.8131723403930664,-0.043351173400878906,-0.12216579914093018,0.15664947032928467
A2DI5CN136ORIV,head_miss,6,-1.1945096254348755,-1.4669675827026367,-1.2049771547317505,-1.150046467781067,-0.27245795726776123,-0.010467529296875,0.044463157653808594
A39L61KW7RS9QU,head_miss,5,-1.2704046964645386,-1.5684020519256592,-1.2719600200653076,-1.2701886892318726,-0.2979973554611206,-0.001555323600769043,0.00021600723266601562
A1OW6KDQCDLUO5,head_miss,9,-1.1146824359893799,-1.1735813617706299,-1.0921623706817627,-0.9670266509056091,-0.05889892578125,0.022520065307617188,0.14765578508377075
A23DBR3YI3PTQM,head_miss,4,-1.3914340734481812,-1.3675861358642578,-1.3507106304168701,-1.3766014575958252,0.02384793758392334,0.040723443031311035,0.014832615852355957
A3QHB0UDJSBZH2,head_miss,6,-1.0773171186447144,-1.5399197340011597,-1.0865752696990967,-1.2113826274871826,-0.4626026153564453,-0.009258151054382324,-0.13406550884246826
A3AV6I7ZE2FMKZ,head_miss,3,-1.5030866861343384,-0.8104597926139832,-1.4362261295318604,-1.5731563568115234,0.6926268935203552,0.06686055660247803,-0.07006967067718506
ASNYK2N3CNATX,head_miss,4,-1.332929253578186,-1.2939246892929077,-1.243107557296753,-0.8290885090827942,0.03900456428527832,0.0898216962814331,0.5038407444953918
A2VM9646P2W48L,head_miss,8,-0.9089775681495667,-1.0124824047088623,-0.8927575349807739,-1.0864825248718262,-0.10350483655929565,0.016220033168792725,-0.17750495672225952
A1TAZZ2355GO4B,head_miss,6,-1.6823081970214844,-1.507408857345581,-1.6612492799758911,-1.6591073274612427,0.17489933967590332,0.02105891704559326,0.0232008695602417
A1XTBANUTZ4EEL,head_miss,5,-1.1754531860351562,-0.9823815226554871,-1.1213767528533936,-1.2501155138015747,0.1930716633796692,0.054076433181762695,-0.07466232776641846
A1S2VSD1I38TMC,head_miss,3,-1.2339506149291992,-1.2782776355743408,-1.2392321825027466,-1.1504169702529907,-0.0443270206451416,-0.005281567573547363,0.0835336446762085
A1F2R47WXWKZEG,head_miss,3,-1.1021419763565063,-1.431185007095337,-1.0871167182922363,-1.6142712831497192,-0.32904303073883057,0.01502525806427002,-0.5121293067932129
AFW5H7W9RMSNR,head_miss,3,-1.0174983739852905,-0.7413693070411682,-1.0620712041854858,-1.2245628833770752,0.2761290669441223,-0.04457283020019531,-0.20706450939178467
AQUSPWR3QJMC1,head_miss,4,-1.5243139266967773,-1.286058783531189,-1.5095880031585693,-1.6267770528793335,0.23825514316558838,0.014725923538208008,-0.10246312618255615
A33IB14MKPGR6H,head_miss,14,-1.5322233438491821,-1.4095953702926636,-1.5396214723587036,-1.7663285732269287,0.12262797355651855,-0.007398128509521484,-0.23410522937774658
ABUWV0BBC5WMZ,head_miss,3,-1.0959866046905518,-1.2831051349639893,-1.0959376096725464,-0.7661307454109192,-0.1871185302734375,4.8995018005371094e-05,0.32985585927963257
AJWK1V599DUOA,head_miss,5,-1.3127039670944214,-1.7700129747390747,-1.2689526081085205,-1.58505380153656,-0.4573090076446533,0.04375135898590088,-0.27234983444213867
AYEDFWV2FZ22V,head_miss,3,-1.1148619651794434,-0.9115222096443176,-1.139530897140503,-0.9826206564903259,0.20333975553512573,-0.02466893196105957,0.13224130868911743
A274ZEPZ1MVZYL,head_miss,8,-1.4081820249557495,-1.976723551750183,-1.4094016551971436,-1.7150369882583618,-0.5685415267944336,-0.001219630241394043,-0.3068549633026123
A1HG89CGT7YODD,head_miss,5,-1.2132090330123901,-1.5719026327133179,-1.2100163698196411,-1.2233226299285889,-0.35869359970092773,0.0031926631927490234,-0.01011359691619873
A7SSMJIBVGUDC,head_miss,3,-1.7536646127700806,-0.8776149749755859,-1.8331080675125122,-2.029917001724243,0.8760496377944946,-0.07944345474243164,-0.2762523889541626
AMZRU0AM4IBWH,head_miss,6,-1.3408735990524292,-1.4094160795211792,-1.295515775680542,-1.4712684154510498,-0.06854248046875,0.04535782337188721,-0.1303948163986206
AH59DZ5AXO8PR,head_miss,20,-1.5241401195526123,-1.6057161092758179,-1.5390502214431763,-2.0225894451141357,-0.08157598972320557,-0.014910101890563965,-0.49844932556152344
AVHMOENRENU3L,head_miss,3,-1.0513074398040771,-1.018387794494629,-1.0204856395721436,-0.956311821937561,0.03291964530944824,0.030821800231933594,0.09499561786651611
A4JXXEE26M80A,head_miss,5,-0.9068627953529358,-1.3745603561401367,-0.9515151381492615,-1.0146123170852661,-0.4676975607872009,-0.044652342796325684,-0.10774952173233032
A3OQ4I8U6TYCVE,head_miss,4,-0.9720973372459412,-1.3431209325790405,-0.9569248557090759,-1.2797467708587646,-0.37102359533309937,0.015172481536865234,-0.3076494336128235
A1I95H0QLWJJY4,head_miss,6,-1.2900865077972412,-1.3576326370239258,-1.3022021055221558,-1.4554232358932495,-0.06754612922668457,-0.01211559772491455,-0.1653367280960083
AC88UY0E4URNR,head_miss,4,-1.1009618043899536,-1.2647981643676758,-1.0461359024047852,-1.1662079095840454,-0.16383635997772217,0.05482590198516846,-0.0652461051940918
AOOATQSY06FUS,head_miss,3,-1.61313796043396,-1.6580257415771484,-1.6559476852416992,-1.4670227766036987,-0.04488778114318848,-0.04280972480773926,0.14611518383026123
A3AEWS3IAGNYP4,head_miss,6,-1.6625992059707642,-2.1460659503936768,-1.6473673582077026,-2.530564069747925,-0.4834667444229126,0.015231847763061523,-0.8679648637771606
A3S5JSVXR73ZT4,head_miss,5,-1.402740478515625,-1.9150232076644897,-1.4529731273651123,-1.7474807500839233,-0.5122827291488647,-0.050232648849487305,-0.34474027156829834
A2RS1MBCX4GGC6,head_miss,3,-1.2361555099487305,-1.4223397970199585,-1.2394816875457764,-1.2405383586883545,-0.18618428707122803,-0.0033261775970458984,-0.0043828487396240234
A2JHX5M8D0K0BH,head_miss,7,-1.126997709274292,-1.2026656866073608,-1.1433601379394531,-1.59597909450531,-0.07566797733306885,-0.016362428665161133,-0.46898138523101807
A1HZ0O1W3U7W62,head_miss,3,-1.2726027965545654,-1.4907429218292236,-1.2647873163223267,-1.4102736711502075,-0.2181401252746582,0.00781548023223877,-0.1376708745956421
A220RDLB1DXJGO,head_miss,3,-0.9772576689720154,-0.9262255430221558,-0.9118648767471313,-1.0616406202316284,0.05103212594985962,0.06539279222488403,-0.08438295125961304
A2JRLVHLG98LQ7,head_miss,3,-1.2900975942611694,-2.1248457431793213,-1.3667765855789185,-1.5365384817123413,-0.8347481489181519,-0.07667899131774902,-0.24644088745117188
A1QTE3QCO3N17E,head_miss,3,-1.3352376222610474,-1.216489553451538,-1.4579966068267822,-1.143654704093933,0.11874806880950928,-0.12275898456573486,0.19158291816711426
A2C7HS98O3MDT0,head_miss,3,-1.0634636878967285,-0.9943321347236633,-1.0732672214508057,-1.060059905052185,0.06913155317306519,-0.009803533554077148,0.003403782844543457
A1WVI28US6E30T,head_miss,3,-0.9339190125465393,-1.0242334604263306,-1.095807433128357,-0.8764926195144653,-0.09031444787979126,-0.16188842058181763,0.057426393032073975
A2BG4K6KD4B3EQ,head_miss,3,-1.6496061086654663,-1.1146384477615356,-1.6092959642410278,-0.9705486297607422,0.5349676609039307,0.04031014442443848,0.6790574789047241
AE1UMHN3TU6NA,head_miss,5,-1.5922868251800537,-1.8024595975875854,-1.5634106397628784,-1.4592654705047607,-0.21017277240753174,0.028876185417175293,0.13302135467529297
ATUXNR3WHD18N,head_miss,20,-1.2163912057876587,-1.9503892660140991,-1.2256947755813599,-1.078811526298523,-0.7339980602264404,-0.009303569793701172,0.13757967948913574
A1M4KL2EMZVSJU,head_miss,9,-1.436283826828003,-1.4021546840667725,-1.4824950695037842,-1.8525002002716064,0.03412914276123047,-0.04621124267578125,-0.4162163734436035
A1M4QC5BZDMBIZ,head_miss,5,-1.1668813228607178,-0.5768821835517883,-1.1660996675491333,-0.8571256399154663,0.5899991393089294,0.0007816553115844727,0.30975568294525146
AYRIV3QMRXT1O,head_miss,8,-1.1994990110397339,-1.082445740699768,-1.2019683122634888,-1.3706690073013306,0.11705327033996582,-0.002469301223754883,-0.17116999626159668
A6452UZZNMZTG,head_miss,3,-1.3157252073287964,-1.0978978872299194,-1.2882591485977173,-1.318426489830017,0.21782732009887695,0.0274660587310791,-0.002701282501220703
A1V2HPSW75UMV6,head_miss,4,-0.9015297889709473,-0.9290545582771301,-0.8789437413215637,-0.9129484295845032,-0.02752476930618286,0.022586047649383545,-0.011418640613555908
A1K0NVQDZZYZLN,head_miss,3,-1.4033222198486328,-1.7565927505493164,-1.3638989925384521,-1.4586254358291626,-0.3532705307006836,0.039423227310180664,-0.055303215980529785
A2PGDUYXZFAPT5,head_miss,20,-0.9807104468345642,-1.6329548358917236,-0.9663506150245667,-0.8543883562088013,-0.6522443890571594,0.014359831809997559,0.12632209062576294
A37BB0V6ZIMKJO,head_miss,4,-0.885170042514801,-0.9375883936882019,-0.858824610710144,-0.8150492906570435,-0.05241835117340088,0.026345431804656982,0.07012075185775757
AICK4KSHCGJO2,head_miss,7,-1.3459208011627197,-1.4886714220046997,-1.3675018548965454,-1.3696377277374268,-0.14275062084197998,-0.021581053733825684,-0.02371692657470703
A2I8IBC8OIACOE,head_miss,3,-0.901990532875061,-1.0191586017608643,-0.9411896467208862,-0.6763930320739746,-0.11716806888580322,-0.039199113845825195,0.22559750080108643
AL3879LHZD4QI,head_miss,3,-1.0653319358825684,-1.289961338043213,-1.1746281385421753,-1.2330124378204346,-0.22462940216064453,-0.10929620265960693,-0.1676805019378662
A3H11VW0L01A1T,head_miss,6,-1.0849536657333374,-1.5951043367385864,-1.0931199789047241,-0.8474255204200745,-0.510150671005249,-0.008166313171386719,0.23752814531326294
A2UPIF2SIAXZCK,head_miss,7,-1.566085696220398,-2.0405378341674805,-1.525786280632019,-1.7186564207077026,-0.4744521379470825,0.040299415588378906,-0.1525707244873047
ALMA4QNCV6L4W,head_miss,4,-1.1383697986602783,-1.2973144054412842,-1.1130341291427612,-1.1786588430404663,-0.15894460678100586,0.02533566951751709,-0.04028904438018799
A1ZM846Y7AUYD,head_miss,7,-0.965140163898468,-1.420963168144226,-0.9320692420005798,-1.1316746473312378,-0.45582300424575806,0.033070921897888184,-0.16653448343276978
A2JAEZ0FMAMJVW,head_miss,18,-1.2056282758712769,-2.65685772895813,-1.2125749588012695,-1.2498456239700317,-1.451229453086853,-0.006946682929992676,-0.04421734809875488
A3EGJZMAYC8ERY,head_miss,4,-1.3764647245407104,-1.5585403442382812,-1.3932397365570068,-1.3108290433883667,-0.1820756196975708,-0.016775012016296387,0.06563568115234375
A4NMC6IOKA6IF,head_miss,4,-1.0988359451293945,-1.440483808517456,-1.0651181936264038,-0.9865294098854065,-0.3416478633880615,0.03371775150299072,0.11230653524398804
A14030WNNO0SP8,head_miss,9,-0.9315549731254578,-1.3495935201644897,-0.9276625514030457,-0.9978127479553223,-0.418038547039032,0.0038924217224121094,-0.0662577748298645
AVQ3OOURALD99,head_miss,8,-0.9528595209121704,-1.174477219581604,-0.9771561026573181,-1.2271130084991455,-0.2216176986694336,-0.024296581745147705,-0.2742534875869751
A1FKME4X0H0QMA,head_miss,6,-1.196929693222046,-1.2542457580566406,-1.1429988145828247,-1.2024662494659424,-0.05731606483459473,0.05393087863922119,-0.005536556243896484
A1YYIIB5MTYUY7,head_miss,3,-1.4547226428985596,-1.7107447385787964,-1.4480417966842651,-1.701266884803772,-0.2560220956802368,0.006680846214294434,-0.2465442419052124
A1JYTRU5W42B25,head_miss,4,-1.070130467414856,-1.297695517539978,-1.1403790712356567,-0.9767524003982544,-0.22756505012512207,-0.07024860382080078,0.09337806701660156
A2ZLKIA9YLK1A9,head_miss,6,-1.3299472332000732,-1.450979232788086,-1.277781367301941,-1.5422571897506714,-0.1210319995880127,0.052165865898132324,-0.21230995655059814
A11OTLEDSW8ZXD,head_miss,20,-2.523181200027466,-6.239901065826416,-2.516491413116455,-2.8397958278656006,-3.71671986579895,0.006689786911010742,-0.31661462783813477
A2U0CNKSL89RDS,head_miss,13,-1.40390944480896,-1.6141927242279053,-1.3954426050186157,-0.9695663452148438,-0.2102832794189453,0.008466839790344238,0.4343430995941162
A2VR2KQIAS9SVN,head_miss,5,-1.5351171493530273,-1.3516908884048462,-1.5380058288574219,-1.8119926452636719,0.18342626094818115,-0.0028886795043945312,-0.27687549591064453
A2EOS8M05D9YR9,head_miss,3,-1.2885159254074097,-1.2948131561279297,-1.3028630018234253,-1.2182203531265259,-0.0062972307205200195,-0.014347076416015625,0.07029557228088379
A1IQ1AWOS81VDR,head_miss,4,-1.452148199081421,-1.5246925354003906,-1.423982858657837,-1.5658890008926392,-0.07254433631896973,0.028165340423583984,-0.11374080181121826
A19JOB1L14QF9Z,head_miss,4,-0.9757356643676758,-1.0664490461349487,-0.9476113319396973,-1.148780107498169,-0.09071338176727295,0.028124332427978516,-0.17304444313049316
AQ0CMGO1B30DR,head_miss,12,-1.1679733991622925,-1.7569799423217773,-1.1837342977523804,-1.4082964658737183,-0.5890065431594849,-0.01576089859008789,-0.24032306671142578
A3HISVKMJY30J9,head_miss,4,-1.1028800010681152,-1.2715550661087036,-1.0924984216690063,-1.056304693222046,-0.16867506504058838,0.010381579399108887,0.046575307846069336
A177ZECTZZ782U,head_miss,6,-0.9531554579734802,-0.8690217137336731,-0.954990804195404,-0.7952174544334412,0.08413374423980713,-0.0018353462219238281,0.15793800354003906
A33RXCY134VEBE,head_miss,4,-1.229309320449829,-1.487722635269165,-1.2939307689666748,-1.1028311252593994,-0.25841331481933594,-0.0646214485168457,0.1264781951904297
A3AL24O4IOAH53,head_miss,4,-1.3903529644012451,-1.6335312128067017,-1.3541818857192993,-1.4783713817596436,-0.24317824840545654,0.0361710786819458,-0.08801841735839844
A1J5IPVDBG9L5U,head_miss,6,-1.0461375713348389,-1.376865029335022,-0.9577396512031555,-2.0662360191345215,-0.3307274580001831,0.08839792013168335,-1.0200984477996826
AKWN5LD5YN7QI,head_miss,5,-1.3453514575958252,-1.6062536239624023,-1.3394031524658203,-1.299111008644104,-0.26090216636657715,0.005948305130004883,0.04624044895172119
A33C8JLZJPUX3,head_miss,3,-1.2656230926513672,-1.584393858909607,-1.3068631887435913,-1.2585076093673706,-0.31877076625823975,-0.04124009609222412,0.007115483283996582
A39SZ4B8TRX9E9,head_miss,6,-1.2611724138259888,-1.6829869747161865,-1.242550253868103,-1.3836920261383057,-0.42181456089019775,0.018622159957885742,-0.1225196123123169
A2ISVZ5AJR0HFD,head_miss,3,-1.0982282161712646,-0.8226999044418335,-1.025740385055542,-1.7570505142211914,0.27552831172943115,0.07248783111572266,-0.6588222980499268
AP3I8OJQNMV65,head_miss,5,-1.1319764852523804,-1.3342959880828857,-1.136921763420105,-1.1654187440872192,-0.20231950283050537,-0.004945278167724609,-0.03344225883483887
A3DINDCQLKM70T,head_miss,5,-1.93010675907135,-1.8982409238815308,-1.8444384336471558,-1.9788938760757446,0.031865835189819336,0.08566832542419434,-0.04878711700439453
ANSFRRLSKV39G,head_miss,7,-0.9158031344413757,-2.0323095321655273,-0.8993054032325745,-1.8028489351272583,-1.1165063977241516,0.01649773120880127,-0.8870458006858826
A3S8W998WO93CY,head_miss,3,-1.2954845428466797,-0.8860182166099548,-1.3251370191574097,-0.9452217221260071,0.40946632623672485,-0.02965247631072998,0.3502628207206726
AP6SZE1VIDKZ3,head_miss,5,-1.2478306293487549,-1.3674036264419556,-1.2526624202728271,-1.124361276626587,-0.11957299709320068,-0.004831790924072266,0.12346935272216797
A3W4ITQ471QE8C,head_miss,3,-1.9435664415359497,-1.6022764444351196,-1.8769915103912354,-1.307641863822937,0.3412899971008301,0.06657493114471436,0.6359245777130127
A22TV0I07S8ZYC,head_miss,19,-1.3056491613388062,-1.7468796968460083,-1.3112517595291138,-1.3948763608932495,-0.44123053550720215,-0.005602598190307617,-0.08922719955444336
A3MTTQ15FMD8M4,head_miss,6,-1.099063515663147,-1.3200207948684692,-1.1069916486740112,-1.092716097831726,-0.22095727920532227,-0.007928133010864258,0.0063474178314208984
A1PAGHECG401K1,head_miss,20,-1.1134353876113892,-2.442995309829712,-1.054768443107605,-0.9503377676010132,-1.3295599222183228,0.05866694450378418,0.16309762001037598
AMJMZF89VDVPW,head_miss,5,-0.8906009793281555,-0.934346079826355,-0.9248412847518921,-0.9796488881111145,-0.04374510049819946,-0.03424030542373657,-0.08904790878295898
A1OWRLSD7LTSQ9,head_miss,19,-1.3135987520217896,-4.067461967468262,-1.3054555654525757,-1.5480083227157593,-2.753863215446472,0.008143186569213867,-0.23440957069396973
A2DDVD6SPKZOZK,head_miss,4,-2.5681917667388916,-2.35455060005188,-2.6032984256744385,-2.637052059173584,0.21364116668701172,-0.035106658935546875,-0.06886029243469238
A1FMNG2CVLHJKA,head_miss,4,-1.0209143161773682,-1.1941274404525757,-0.9788037538528442,-1.3740955591201782,-0.17321312427520752,0.042110562324523926,-0.35318124294281006
A2J6W7OS5EAXCJ,head_miss,13,-1.4039289951324463,-1.571734070777893,-1.4146257638931274,-1.2946006059646606,-0.16780507564544678,-0.010696768760681152,0.10932838916778564
A2S3HKRDMAN83A,head_miss,3,-1.162268877029419,-1.3301153182983398,-1.2311502695083618,-1.3258905410766602,-0.1678464412689209,-0.06888139247894287,-0.1636216640472412
A1IC83AY9ZFFXX,head_miss,9,-1.2708362340927124,-1.243495225906372,-1.262413740158081,-1.160964012145996,0.027341008186340332,0.008422493934631348,0.10987222194671631
AE5YTIVRA1W14,head_miss,4,-1.1907073259353638,-0.8898311257362366,-1.1821343898773193,-1.149605393409729,0.3008762001991272,0.008572936058044434,0.041101932525634766
A35X2JJI49OBZP,head_miss,10,-0.8498988747596741,-1.433312177658081,-0.8954825401306152,-0.9269140362739563,-0.583413302898407,-0.04558366537094116,-0.07701516151428223
A33J0A164WQ970,head_miss,4,-1.0427424907684326,-1.566680669784546,-1.2615509033203125,-1.0570322275161743,-0.5239381790161133,-0.21880841255187988,-0.0142897367477417
A3T65F1NI9FVLC,head_miss,6,-1.391878366470337,-1.631499171257019,-1.4421732425689697,-1.2437880039215088,-0.23962080478668213,-0.05029487609863281,0.14809036254882812
A1INJS8JX8RIDT,head_miss,20,-1.17612624168396,-1.4643945693969727,-1.191964030265808,-1.1179474592208862,-0.2882683277130127,-0.015837788581848145,0.05817878246307373
AYC4DY1I0HT18,head_miss,3,-1.0807011127471924,-1.2046966552734375,-1.0688440799713135,-0.9310722351074219,-0.12399554252624512,0.011857032775878906,0.1496288776397705
A10LKWO19E9V2G,head_miss,4,-1.051486849784851,-1.103004813194275,-1.0461567640304565,-1.124764084815979,-0.05151796340942383,0.005330085754394531,-0.07327723503112793
AICHVJPHB2JDM,head_miss,3,-1.2872480154037476,-1.6738078594207764,-1.381773591041565,-1.201167106628418,-0.3865598440170288,-0.09452557563781738,0.08608090877532959
ACMR2X2LRR1ZF,head_miss,9,-1.1981031894683838,-1.3046594858169556,-1.1612790822982788,-1.1827284097671509,-0.10655629634857178,0.03682410717010498,0.01537477970123291
A6VT3OXGHXF58,head_miss,5,-1.4527565240859985,-0.5719555616378784,-1.4562946557998657,-0.5415802597999573,0.8808009624481201,-0.0035381317138671875,0.9111762642860413
AY8WRJ2V9BB11,head_miss,3,-1.1753767728805542,-1.5635530948638916,-1.1912199258804321,-1.3339550495147705,-0.3881763219833374,-0.01584315299987793,-0.1585782766342163
ANUOMPN2T56OC,head_miss,12,-1.295019507408142,-1.4035307168960571,-1.3146556615829468,-1.4081411361694336,-0.10851120948791504,-0.019636154174804688,-0.1131216287612915
A2GH7HGRHOXA7L,head_miss,3,-1.2365524768829346,-1.5125075578689575,-1.26400887966156,-1.3039182424545288,-0.27595508098602295,-0.02745640277862549,-0.06736576557159424
A2QNWWM2FI7FLT,head_miss,5,-0.9484480619430542,-1.263152003288269,-0.9446587562561035,-0.9722053408622742,-0.31470394134521484,0.0037893056869506836,-0.02375727891921997
A2HJ274P88L2LQ,head_miss,8,-0.9822100400924683,-1.3785892724990845,-1.0229413509368896,-1.3796743154525757,-0.3963792324066162,-0.04073131084442139,-0.3974642753601074
A52KI87KEWX39,head_miss,3,-1.3498659133911133,-1.4793108701705933,-1.2393875122070312,-1.3286021947860718,-0.12944495677947998,0.11047840118408203,0.021263718605041504
A20W32CMN1A4C3,head_miss,3,-1.0329259634017944,-1.0396541357040405,-1.0260469913482666,-1.1092442274093628,-0.006728172302246094,0.006878972053527832,-0.07631826400756836
A2I8DPUY5YIPZ9,head_miss,4,-1.3344475030899048,-1.3498953580856323,-1.3963783979415894,-1.4689146280288696,-0.015447854995727539,-0.06193089485168457,-0.13446712493896484
A3VFRKLYD51HBX,head_miss,4,-1.333669900894165,-1.0197216272354126,-1.336243748664856,-0.9833056330680847,0.31394827365875244,-0.002573847770690918,0.3503642678260803
AQF2K7VN5F8,head_miss,6,-1.000911831855774,-0.8780375123023987,-1.0534952878952026,-1.1844106912612915,0.12287431955337524,-0.05258345603942871,-0.18349885940551758
A3E3J8QWE6IEF4,head_miss,3,-1.382936716079712,-1.184752106666565,-1.4099382162094116,-1.2757680416107178,0.19818460941314697,-0.027001500129699707,0.10716867446899414
ABA4WGZNEBYMM,head_miss,4,-0.9601804614067078,-1.5090138912200928,-0.9732432961463928,-1.3269394636154175,-0.548833429813385,-0.013062834739685059,-0.3667590022087097
AWOTT4VROO9KA,head_miss,3,-1.4934489727020264,-1.46961510181427,-1.4482156038284302,-1.5913325548171997,0.023833870887756348,0.04523336887359619,-0.09788358211517334
AJ1S9OW2JL67Q,head_miss,3,-0.9132274389266968,-0.9640865325927734,-0.9250608086585999,-1.0487017631530762,-0.05085909366607666,-0.011833369731903076,-0.1354743242263794
A2N6DXV4HZQOZ3,head_miss,3,-1.3550207614898682,-1.6274667978286743,-1.3740273714065552,-1.5078866481781006,-0.27244603633880615,-0.01900660991668701,-0.15286588668823242
A9U7SJY0TZ9CL,head_miss,3,-1.4010534286499023,-1.2794476747512817,-1.5220786333084106,-1.2254035472869873,0.1216057538986206,-0.1210252046585083,0.17564988136291504
A1X50U7A8AI9S2,head_miss,4,-1.4819717407226562,-1.3446128368377686,-1.4968907833099365,-1.41154944896698,0.1373589038848877,-0.014919042587280273,0.07042229175567627
AJ4MN7JLDZBV1,head_miss,6,-1.0590771436691284,-1.2501460313796997,-0.9323312640190125,-1.1305320262908936,-0.1910688877105713,0.12674587965011597,-0.07145488262176514
A3E228LX9A46H4,head_miss,9,-1.4739587306976318,-1.7036783695220947,-1.4800376892089844,-1.543410062789917,-0.2297196388244629,-0.006078958511352539,-0.06945133209228516
A2UQU2DU1ONVM5,head_miss,5,-1.2675317525863647,-1.575797200202942,-1.2577587366104126,-1.5064256191253662,-0.30826544761657715,0.009773015975952148,-0.23889386653900146
A2POSXDNML7CPR,head_miss,5,-2.164059638977051,-1.5195907354354858,-2.0152220726013184,-1.2502095699310303,0.6444689035415649,0.14883756637573242,0.9138500690460205
A35KH3T9K426R7,head_miss,15,-1.1825851202011108,-2.6029164791107178,-1.179760217666626,-1.2309772968292236,-1.420331358909607,0.0028249025344848633,-0.04839217662811279
A3LEVUIGYYWROW,head_miss,4,-0.97063148021698,-0.950509786605835,-0.9558073282241821,-0.754433274269104,0.02012169361114502,0.014824151992797852,0.21619820594787598
ADEFGEYL605GW,head_miss,7,-1.4437530040740967,-1.484053611755371,-1.4642431735992432,-1.2184505462646484,-0.040300607681274414,-0.020490169525146484,0.22530245780944824
A1RHVEZJA30HGW,head_miss,10,-2.0482637882232666,-0.7581701874732971,-2.02736496925354,-2.322956085205078,1.2900936007499695,0.020898818969726562,-0.2746922969818115
A2EF6ZK9XDG779,head_miss,3,-1.106308102607727,-1.4864976406097412,-1.055570363998413,-1.4173574447631836,-0.38018953800201416,0.050737738609313965,-0.31104934215545654
A8EBWQZIDKF78,head_miss,11,-1.3001574277877808,-1.7610880136489868,-1.2706331014633179,-1.3290601968765259,-0.46093058586120605,0.02952432632446289,-0.028902769088745117
A2YHCK0DF21VD0,head_miss,4,-1.1864144802093506,-1.3669865131378174,-1.1081106662750244,-1.3390153646469116,-0.1805720329284668,0.07830381393432617,-0.15260088443756104
A3IR8KHXQNV81,head_miss,5,-0.957623302936554,-1.1415681838989258,-0.9751878380775452,-0.9660771489143372,-0.18394488096237183,-0.01756453514099121,-0.008453845977783203
A2TS77S3W0U36U,head_miss,10,-1.285599708557129,-1.5827819108963013,-1.2436234951019287,-1.290903091430664,-0.29718220233917236,0.041976213455200195,-0.005303382873535156
A3P37585DIKURI,head_miss,4,-1.2173749208450317,-1.6380529403686523,-1.2399510145187378,-1.0814112424850464,-0.4206780195236206,-0.022576093673706055,0.13596367835998535
A1FEFWNU3JJABA,head_miss,3,-2.2116377353668213,-2.349755048751831,-2.1849899291992188,-2.205627202987671,-0.13811731338500977,0.02664780616760254,0.006010532379150391
A8NIZAIRT4EF7,head_miss,8,-1.3525288105010986,-1.7962251901626587,-1.3014355897903442,-1.3973023891448975,-0.44369637966156006,0.051093220710754395,-0.04477357864379883
A2G9Q07BTA024Q,head_miss,3,-1.024738073348999,-0.9167552590370178,-1.0239965915679932,-1.1572285890579224,0.1079828143119812,0.0007414817810058594,-0.13249051570892334
ATABDC1PKNQRH,head_miss,5,-1.1868270635604858,-1.3669462203979492,-1.1416057348251343,-1.2289308309555054,-0.18011915683746338,0.04522132873535156,-0.04210376739501953
A2VQKJHIHMRDJG,head_miss,9,-1.574092984199524,-1.8200560808181763,-1.6561349630355835,-1.539018988609314,-0.24596309661865234,-0.08204197883605957,0.03507399559020996
A3Q1P2LK9IUA89,head_miss,3,-1.1663661003112793,-0.9220812916755676,-1.1207603216171265,-1.195553183555603,0.24428480863571167,0.04560577869415283,-0.02918708324432373
A1893YSU7AX0FE,head_miss,4,-0.8887743353843689,-1.1374200582504272,-0.9693273305892944,-1.0491564273834229,-0.24864572286605835,-0.08055299520492554,-0.16038209199905396
A1W8JVM7XZZECZ,head_miss,3,-1.2061561346054077,-1.360824704170227,-1.283207893371582,-1.071183681488037,-0.15466856956481934,-0.07705175876617432,0.1349724531173706
A2JEZAYNYDAORL,head_miss,3,-0.993840754032135,-0.7595588564872742,-0.9700929522514343,-0.7435820698738098,0.23428189754486084,0.023747801780700684,0.2502586841583252
A28UFYH79BA0Q1,head_miss,6,-1.1785802841186523,-1.1345492601394653,-1.2199443578720093,-1.0840784311294556,0.04403102397918701,-0.041364073753356934,0.09450185298919678
A1QE75C73JJIF8,head_miss,6,-1.1326684951782227,-1.558152437210083,-1.1363922357559204,-1.1979281902313232,-0.42548394203186035,-0.003723740577697754,-0.06525969505310059
A26LG8XA9VRO2O,head_miss,3,-1.3453608751296997,-1.4969362020492554,-1.3658034801483154,-1.5105873346328735,-0.15157532691955566,-0.020442605018615723,-0.16522645950317383
ARAKPKOSYC4FU,head_miss,3,-1.1339491605758667,-1.4611221551895142,-1.1238148212432861,-1.219158411026001,-0.32717299461364746,0.010134339332580566,-0.08520925045013428
A2HMP5LYU0BF6B,head_miss,20,-1.0719499588012695,-1.2909501791000366,-1.0735175609588623,-1.0631780624389648,-0.2190002202987671,-0.0015676021575927734,0.008771896362304688
A1M8VPFWPBBF55,head_miss,4,-1.1449778079986572,-1.2368756532669067,-1.1545490026474,-1.234197974205017,-0.09189784526824951,-0.009571194648742676,-0.08922016620635986
A1QCVK66BU35C8,head_miss,3,-1.720316767692566,-1.549352765083313,-1.6985934972763062,-1.3712655305862427,0.17096400260925293,0.021723270416259766,0.34905123710632324
AIB5B9WTNVEKC,tail_hit,5,-0.7961300015449524,-1.4148163795471191,-0.7754733562469482,-0.8395023345947266,-0.6186863780021667,0.02065664529800415,-0.04337233304977417
A08409921GVN7C8RD97CV,tail_hit,3,-0.5785069465637207,-3.6905457973480225,-0.605137050151825,-0.6721455454826355,-3.1120388507843018,-0.026630103588104248,-0.0936385989189148
A17S9Q2RZW4NVJ,tail_hit,3,-0.6913447976112366,-1.5784248113632202,-0.5373818874359131,-1.6973782777786255,-0.8870800137519836,0.1539629101753235,-1.006033480167389
A1CBCTJ0VF4RI1,tail_hit,3,-0.765282154083252,-0.7882786393165588,-0.8080525398254395,-0.7306526899337769,-0.022996485233306885,-0.0427703857421875,0.0346294641494751
A2A5DGNAJRHSH,tail_hit,5,-0.28772348165512085,-2.571385145187378,-0.2812924087047577,-1.2261898517608643,-2.283661663532257,0.006431072950363159,-0.9384663701057434
A23RZIU0N8K2KR,tail_hit,20,-0.7567293643951416,-1.87721848487854,-0.7892266511917114,-0.6889461278915405,-1.1204891204833984,-0.032497286796569824,0.06778323650360107
A2UXV0M5RRYT0L,tail_hit,3,-0.8186981081962585,-1.1976314783096313,-0.8626641035079956,-0.8761460185050964,-0.3789333701133728,-0.04396599531173706,-0.05744791030883789
A2900PFIZYAJ0H,tail_hit,3,-0.11720112711191177,-2.4883100986480713,-0.13119222223758698,-2.008690595626831,-2.3711089715361595,-0.013991095125675201,-1.8914894685149193
A1RLP0R1N8H8C4,tail_hit,11,-0.8494237065315247,-2.1845927238464355,-0.8395881056785583,-1.9605101346969604,-1.3351690173149109,0.009835600852966309,-1.1110864281654358
A3G3UIABN8BEFH,tail_hit,3,-0.074092797935009,-4.219339847564697,-0.07110744714736938,-2.996729612350464,-4.145247049629688,0.002985350787639618,-2.922636814415455
AZKN9KO2ECFFZ,tail_hit,5,-0.1315697431564331,-1.59451162815094,-0.1295175403356552,-0.5301653146743774,-1.4629418849945068,0.002052202820777893,-0.39859557151794434
AQNNNYLDZEY2H,tail_hit,4,-0.7904810905456543,-1.7833796739578247,-0.8257723450660706,-0.889377236366272,-0.9928985834121704,-0.03529125452041626,-0.09889614582061768
ASYVI9TLV4WPI,tail_hit,3,-0.5753403306007385,-0.9299042820930481,-0.5729431509971619,-0.562306821346283,-0.35456395149230957,0.00239717960357666,0.013033509254455566
A3AHOSISKNBLZ6,tail_hit,14,-0.033861346542835236,-4.113593578338623,-0.0355195477604866,-1.9446485042572021,-4.079732231795788,-0.0016582012176513672,-1.910787157714367
A1R75AU7A2K4VR,tail_hit,3,-0.7474482655525208,-1.0715749263763428,-0.7570347189903259,-0.9710096120834351,-0.324126660823822,-0.009586453437805176,-0.2235613465309143
A1HFSY6W8LJNJM,tail_hit,9,-0.30396077036857605,-12.733682632446289,-0.3147393763065338,-0.770612359046936,-12.429721862077713,-0.010778605937957764,-0.46665158867836
ADJGWYUDUXXB7,tail_hit,3,-0.20495903491973877,-4.837538242340088,-0.22828492522239685,-0.3974039852619171,-4.632579207420349,-0.02332589030265808,-0.19244495034217834
AEDW02H5TT0LJ,tail_hit,5,-0.9015401601791382,-1.142970085144043,-1.0542179346084595,-0.7644219994544983,-0.24142992496490479,-0.1526777744293213,0.1371181607246399
A4R79I9TIZDPR,tail_hit,4,-0.4767313003540039,-1.2815524339675903,-0.4907590448856354,-1.4899978637695312,-0.8048211336135864,-0.01402774453163147,-1.0132665634155273
A2JO2R4FX91KD2,tail_hit,6,-0.6039398908615112,-10.865212440490723,-0.7213741540908813,-11.916475296020508,-10.261272549629211,-0.11743426322937012,-11.312535405158997
A25FX5SH169PWQ,tail_hit,3,-0.8885330557823181,-1.4587156772613525,-0.9748073220252991,-0.2438424527645111,-0.5701826214790344,-0.08627426624298096,0.644690603017807
A3FNDWADUT516X,tail_hit,4,-0.8790567517280579,-1.3477380275726318,-0.933497428894043,-0.9933229684829712,-0.468681275844574,-0.05444067716598511,-0.11426621675491333
A2K4HN6EECBNR3,tail_hit,20,-0.8269520401954651,-11.303987503051758,-0.76727694272995,-1.2410260438919067,-10.477035462856293,0.05967509746551514,-0.41407400369644165
A3BE0FXM74OHSK,tail_hit,4,-0.41551724076271057,-2.6844425201416016,-0.4198310971260071,-3.2185864448547363,-2.268925279378891,-0.004313856363296509,-2.8030692040920258
A3VEY6S5325K20,tail_hit,4,-0.8713321089744568,-1.5053510665893555,-0.8582872152328491,-1.0708558559417725,-0.6340189576148987,0.013044893741607666,-0.19952374696731567
A3B8498BJESEGB,tail_hit,3,-0.06709475070238113,-1.0693449974060059,-0.08271236717700958,-0.8561489582061768,-1.0022502467036247,-0.015617616474628448,-0.7890542075037956
A2KZ88FJPSBU8E,tail_hit,5,-0.8030425906181335,-1.6688779592514038,-1.3677177429199219,-0.5818657279014587,-0.8658353686332703,-0.5646751523017883,0.2211768627166748
AVELT2UOALKEM,tail_hit,4,-0.46584048867225647,-12.679512977600098,-0.49703431129455566,-0.5062047839164734,-12.213672488927841,-0.031193822622299194,-0.04036429524421692
A6LD1EKWZB49M,tail_hit,3,-0.16049699485301971,-6.365559101104736,-0.12517257034778595,-0.24334268271923065,-6.205062106251717,0.035324424505233765,-0.08284568786621094
A3NQHL0D2ODQQL,tail_hit,6,-0.001393940532580018,-3.8911666870117188,-0.007470438722521067,-2.484387159347534,-3.8897727464791387,-0.006076498189941049,-2.482993218814954
A2LBR5V8W5JCHD,tail_hit,9,-0.8731130361557007,-0.9817466139793396,-0.8931488990783691,-1.126770257949829,-0.10863357782363892,-0.020035862922668457,-0.2536572217941284
A1I1PLTN223ERB,tail_hit,3,-0.34258177876472473,-0.7870338559150696,-0.3490254878997803,-0.3000224232673645,-0.44445207715034485,-0.006443709135055542,0.04255935549736023
A2CQCK7SRD2J02,tail_hit,4,-0.5862621665000916,-0.5427401661872864,-0.6462766528129578,-0.1463453620672226,0.043522000312805176,-0.06001448631286621,0.43991680443286896
A1BVALMLWA8IW3,tail_hit,3,-0.5849550366401672,-2.3518478870391846,-0.4764223098754883,-1.3964653015136719,-1.7668928503990173,0.10853272676467896,-0.8115102648735046
A2RWR4QOMFFO63,tail_hit,4,-0.9157703518867493,-0.8817976117134094,-0.9484774470329285,-0.9100658297538757,0.033972740173339844,-0.0327070951461792,0.005704522132873535
A13NR8NV9C8VVZ,tail_hit,8,-0.33597785234451294,-10.167061805725098,-0.3152713477611542,-0.8778014183044434,-9.831083953380585,0.020706504583358765,-0.5418235659599304
A32TCWAILP09A2,tail_hit,6,-0.6088709235191345,-9.247476577758789,-0.6028183698654175,-1.0291494131088257,-8.638605654239655,0.006052553653717041,-0.42027848958969116
A2T7QV5SLJXBN8,tail_hit,3,-0.6896587014198303,-1.7918651103973389,-0.6513068079948425,-1.7935187816619873,-1.1022064089775085,0.03835189342498779,-1.103860080242157
AOAOARIH72UWI,tail_hit,20,-0.7076719999313354,-1.4443986415863037,-0.7039904594421387,-0.9775251150131226,-0.7367266416549683,0.0036815404891967773,-0.2698531150817871
A6JSPMY3YH1K,tail_hit,14,-0.07176058739423752,-2.971029281616211,-0.07968826591968536,-1.2066508531570435,-2.8992686942219734,-0.007927678525447845,-1.134890265762806
AEZD6FM4V0BZL,tail_hit,3,-0.689867377281189,-0.6802188158035278,-0.762100100517273,-0.6212297677993774,0.009648561477661133,-0.07223272323608398,0.06863760948181152
AZ2UU2UYXECYX,tail_hit,6,-0.7553308606147766,-1.0860756635665894,-0.764535665512085,-0.6345595121383667,-0.33074480295181274,-0.00920480489730835,0.12077134847640991
A2DQQUEPK53ORW,tail_hit,7,-0.5325320959091187,-1.163612961769104,-0.5418725609779358,-1.0255953073501587,-0.6310808658599854,-0.009340465068817139,-0.49306321144104004
A2C0SBRSJNEDPW,tail_hit,4,-0.5726613402366638,-7.391185283660889,-0.5663982629776001,-0.4919005334377289,-6.818523943424225,0.006263077259063721,0.08076080679893494
A2ZY49IDE6TY5I,tail_hit,20,-0.1550038903951645,-6.71956729888916,-0.16681554913520813,-6.328559875488281,-6.564563408493996,-0.01181165874004364,-6.173555985093117
A2GAR1ZPZFO28,tail_hit,8,-0.3945653438568115,-1.0957363843917847,-0.36161157488822937,-0.6000170707702637,-0.7011710405349731,0.03295376896858215,-0.20545172691345215
A4ZGDN3SEMB7T,tail_hit,7,-0.3931385576725006,-1.893357276916504,-0.401397705078125,-0.6402525305747986,-1.5002187192440033,-0.00825914740562439,-0.24711397290229797
A2RJTIE73NPN3C,tail_hit,3,-0.6285828948020935,-1.242080807685852,-0.6058304905891418,-0.9244524836540222,-0.6134979128837585,0.02275240421295166,-0.2958695888519287
A1BZHQ8C4F0M3T,tail_hit,5,-1.1275880336761475,-1.3033322095870972,-1.1366941928863525,-1.1455312967300415,-0.1757441759109497,-0.009106159210205078,-0.017943263053894043
A1UXNOX03UE9F4,tail_hit,5,-0.36913731694221497,-11.669245719909668,-0.3562071621417999,-0.3120262026786804,-11.300108402967453,0.012930154800415039,0.057111114263534546
AU1QS79HSMNFV,tail_hit,3,-0.5306318998336792,-2.926173686981201,-0.5371806025505066,-0.6579619646072388,-2.395541787147522,-0.006548702716827393,-0.12733006477355957
A1SAHMB8L5XG2D,tail_hit,15,-0.8137955665588379,-1.1705302000045776,-0.8181769251823425,-1.0295730829238892,-0.35673463344573975,-0.004381358623504639,-0.21577751636505127
A33H01BTWQ1H7X,tail_hit,4,-0.37062835693359375,-1.1565276384353638,-0.3595038056373596,-1.0417003631591797,-0.78589928150177,0.01112455129623413,-0.6710720062255859
A1KQJNUMPXAQWQ,tail_hit,5,-0.4932219386100769,-2.334784984588623,-0.4712734818458557,-2.2180325984954834,-1.8415630459785461,0.02194845676422119,-1.7248106598854065
A8BI1AL5ITVDO,tail_hit,3,-0.4782586097717285,-0.8099026679992676,-0.4916479289531708,-0.7943077087402344,-0.33164405822753906,-0.01338931918144226,-0.31604909896850586
A265KF0CQ058RZ,tail_hit,5,-0.8502799272537231,-4.429406642913818,-0.8655379414558411,-0.7844858765602112,-3.579126715660095,-0.01525801420211792,0.06579405069351196
A1S4J5EF987DZV,tail_hit,3,-0.03115011379122734,-8.276010513305664,-0.0324484184384346,-0.9838114976882935,-8.244860399514437,-0.0012983046472072601,-0.9526613838970661
A2AIRFEAWEQC91,tail_hit,13,-0.6683789491653442,-1.1992342472076416,-0.6658555269241333,-0.7160441279411316,-0.5308552980422974,0.0025234222412109375,-0.047665178775787354
A3LOGP4VA9DX46,tail_hit,20,-0.6434138417243958,-3.3750884532928467,-0.6850998997688293,-0.9562902450561523,-2.731674611568451,-0.041686058044433594,-0.3128764033317566
A3IAU6ZPVF2R5K,tail_hit,18,-0.7587742209434509,-2.731842041015625,-0.7678548693656921,-1.0144344568252563,-1.973067820072174,-0.009080648422241211,-0.2556602358818054
A3RYJDTXDFBN7Q,tail_hit,3,-0.8192577958106995,-1.2790616750717163,-0.8843117952346802,-0.658249020576477,-0.45980387926101685,-0.06505399942398071,0.1610087752342224
A1MDDJ2XUPZZOE,tail_hit,20,-0.7233412861824036,-7.927001953125,-0.7330418229103088,-10.130084037780762,-7.203660666942596,-0.009700536727905273,-9.406742751598358
A1NJARL37C9BEO,tail_hit,3,-0.9205834865570068,-1.375038743019104,-0.8856016397476196,-0.8190003633499146,-0.45445525646209717,0.03498184680938721,0.10158312320709229
A2UF5R4TZ9R4JS,tail_hit,3,-0.460631787776947,-3.0007286071777344,-0.4969237446784973,-4.2511210441589355,-2.5400968194007874,-0.03629195690155029,-3.7904892563819885
A10OTOBL3K2BHE,tail_hit,3,-0.6430314779281616,-2.4448037147521973,-0.6042861938476562,-1.0810348987579346,-1.8017722368240356,0.03874528408050537,-0.43800342082977295
A24840XIEH2EE7,tail_hit,3,-0.5893550515174866,-2.0269672870635986,-0.5921627283096313,-1.7851696014404297,-1.437612235546112,-0.0028076767921447754,-1.1958145499229431
AT28RL25Q2OLK,tail_hit,20,-0.723203182220459,-2.8204023838043213,-0.7389626502990723,-0.6706897616386414,-2.0971992015838623,-0.01575946807861328,0.05251342058181763
A3MFD96AMFQ5BX,tail_hit,3,-0.6224800944328308,-1.280005693435669,-0.6722158789634705,-1.089249610900879,-0.6575255990028381,-0.04973578453063965,-0.4667695164680481
AGYFY5SM8YJE0,tail_hit,3,-0.3093118965625763,-13.826723098754883,-0.27771902084350586,-1.4467469453811646,-13.517411202192307,0.031592875719070435,-1.1374350488185883
A1AZDXLH2LSSBK,tail_hit,4,-0.20354561507701874,-1.9907341003417969,-0.18285660445690155,-0.9001542925834656,-1.7871884852647781,0.020689010620117188,-0.6966086775064468
A1Y98ZI1D2V84X,tail_hit,4,-0.02556370384991169,-8.575650215148926,-0.028496626764535904,-9.947361946105957,-8.550086511299014,-0.002932922914624214,-9.921798242256045
A9NYG83TEGG4O,tail_hit,4,-0.5838193297386169,-8.01345157623291,-0.6050322651863098,-1.007589340209961,-7.429632246494293,-0.02121293544769287,-0.423770010471344
AQD0L8H1MIEI9,tail_hit,6,-0.33308449387550354,-11.625371932983398,-0.3395424783229828,-0.7125729918479919,-11.292287439107895,-0.006457984447479248,-0.3794884979724884
AAXLAV096NKIL,tail_hit,3,-0.3429289162158966,-6.693088531494141,-0.31473174691200256,-7.215146064758301,-6.350159615278244,0.028197169303894043,-6.872217148542404
A25SFE4WC46G4B,tail_hit,4,-0.5717282891273499,-1.3256261348724365,-0.5930361151695251,-1.0278807878494263,-0.7538978457450867,-0.021307826042175293,-0.4561524987220764
A10L198Q8ZKC0H,tail_hit,7,-0.93048495054245,-2.7157604694366455,-0.921846866607666,-0.9896750450134277,-1.7852755188941956,0.008638083934783936,-0.05919009447097778
A3A582ZMCKUYBI,tail_hit,6,-0.7391682863235474,-1.336233139038086,-0.7494913339614868,-0.6821814775466919,-0.5970648527145386,-0.010323047637939453,0.05698680877685547
A1ABSMOMA1M0RR,tail_hit,4,-0.06715453416109085,-5.3377156257629395,-0.07330723851919174,-0.32537275552749634,-5.270561091601849,-0.006152704358100891,-0.2582182213664055
A18IMN843SVCSF,tail_hit,3,-0.6243389248847961,-0.766623854637146,-0.5029661059379578,-0.5874807238578796,-0.14228492975234985,0.12137281894683838,0.036858201026916504
A3U16LITWT2PQJ,tail_hit,5,-0.8675925135612488,-3.18625807762146,-0.8531326055526733,-2.140636444091797,-2.318665564060211,0.01445990800857544,-1.273043930530548
A2UQGGK8VJPUH5,tail_hit,10,-0.5598913431167603,-1.495713710784912,-0.5459542870521545,-0.7330223321914673,-0.9358223676681519,0.013937056064605713,-0.17313098907470703
A3GU0WUASNFV0W,tail_hit,3,-0.8819533586502075,-2.615800619125366,-2.1160340309143066,-0.4417665898799896,-1.7338472604751587,-1.2340806722640991,0.4401867687702179
A2Q2J1CF4Y5JWE,tail_hit,3,-0.8847846984863281,-1.039239525794983,-0.8543000817298889,-1.0427162647247314,-0.15445482730865479,0.03048461675643921,-0.15793156623840332
AVVJPCS9YX7PL,tail_hit,3,-0.5410181283950806,-0.911443293094635,-0.5648778676986694,-0.40357324481010437,-0.37042516469955444,-0.023859739303588867,0.1374448835849762
A3A4G4GWWZU04J,tail_hit,6,-0.1691323071718216,-2.2182624340057373,-0.15783488750457764,-0.5315629839897156,-2.0491301268339157,0.011297419667243958,-0.362430676817894
A2MHLQ3X4OO6V4,tail_hit,3,-0.20993395149707794,-1.1103123426437378,-0.19164565205574036,-0.7406490445137024,-0.9003783911466599,0.018288299441337585,-0.5307150930166245
A1NVH8VWFYT7WJ,tail_hit,4,-0.8240814208984375,-7.7120232582092285,-0.9037512540817261,-0.25657400488853455,-6.887941837310791,-0.07966983318328857,0.567507416009903
AWFGKB5SCJAO2,tail_hit,11,-0.41861477494239807,-10.82087230682373,-0.4356129467487335,-0.3030099868774414,-10.402257531881332,-0.01699817180633545,0.11560478806495667
ANSVJD1WOPIDH,tail_hit,3,-0.6486842036247253,-0.9763131141662598,-0.7634943127632141,-0.521323561668396,-0.3276289105415344,-0.11481010913848877,0.12736064195632935
A1WH5J3AP5JR7H,tail_hit,11,-0.6883173584938049,-1.3052940368652344,-0.6693516373634338,-1.211727499961853,-0.6169766783714294,0.018965721130371094,-0.5234101414680481
A2CWI8C6HJP3B7,tail_hit,5,-0.8564021587371826,-4.226261138916016,-0.8455737233161926,-0.6490820646286011,-3.369858980178833,0.01082843542098999,0.20732009410858154
A2D5129GY6KDUP,tail_hit,6,-0.7628785967826843,-11.830999374389648,-0.7419916987419128,-1.0306580066680908,-11.068120777606964,0.020886898040771484,-0.2677794098854065
A18R9VW929LL70,tail_hit,6,-1.1198878288269043,-3.10231351852417,-1.1904151439666748,-1.7827882766723633,-1.9824256896972656,-0.07052731513977051,-0.662900447845459
A3DAMIW77Z4NRT,tail_hit,9,-0.8091838359832764,-1.1677913665771484,-0.8157662749290466,-0.8749654293060303,-0.35860753059387207,-0.006582438945770264,-0.0657815933227539
A3LNS2C7V8IFO4,tail_hit,3,-0.8510831594467163,-1.1391454935073853,-0.8645805716514587,-1.7825595140457153,-0.28806233406066895,-0.013497412204742432,-0.931476354598999
A2L3J6A347GF9P,tail_hit,4,-0.8156537413597107,-13.084134101867676,-1.351235032081604,-0.5244163870811462,-12.268480360507965,-0.5355812907218933,0.29123735427856445
A1A1PYS58T6URZ,tail_hit,3,-0.2877015173435211,-0.8279711008071899,-0.25367337465286255,-1.456339716911316,-0.5402695834636688,0.03402814269065857,-1.1686381995677948
A2GAH4918ULN,tail_hit,5,-0.4114378094673157,-1.9745012521743774,-0.4390062987804413,-1.4889637231826782,-1.5630634427070618,-0.02756848931312561,-1.0775259137153625
A16JNH4I4FITJL,tail_hit,4,-0.41498661041259766,-1.9911739826202393,-0.4078209102153778,-2.275226593017578,-1.5761873722076416,0.007165700197219849,-1.8602399826049805
ARFL1FELT6VKZ,tail_hit,4,-0.07703518122434616,-2.8684182167053223,-0.08592237532138824,-0.3348318040370941,-2.791383035480976,-0.008887194097042084,-0.25779662281274796
A19XAL6OXGM67A,tail_hit,10,-0.7888651490211487,-1.4102602005004883,-0.7772417068481445,-0.7479815483093262,-0.6213950514793396,0.01162344217300415,0.04088360071182251
A386QZ3Y4COV95,tail_hit,9,-0.17325688898563385,-7.0722737312316895,-0.18155710399150848,-9.777368545532227,-6.899016842246056,-0.008300215005874634,-9.604111656546593
A336FE20YZZL3A,tail_hit,20,-0.7644059062004089,-2.0175116062164307,-0.7802868485450745,-0.7256636023521423,-1.2531057000160217,-0.015880942344665527,0.0387423038482666
A3T0RQ4M0AHQBO,tail_hit,5,-0.9347534775733948,-3.497694969177246,-0.890636682510376,-0.8580399751663208,-2.5629414916038513,0.0441167950630188,0.07671350240707397
A2W60HPT6ZHA60,tail_hit,4,-0.8953809142112732,-3.431320905685425,-0.9227851033210754,-0.8656233549118042,-2.5359399914741516,-0.027404189109802246,0.029757559299468994
AW1YCQHPVSF6H,tail_hit,4,-0.683319628238678,-1.3917701244354248,-0.6380614042282104,-0.9387470483779907,-0.7084504961967468,0.04525822401046753,-0.25542742013931274
A1S9UUQZ00LEXB,tail_hit,3,-0.18105283379554749,-1.1365598440170288,-0.14608395099639893,-0.635563313961029,-0.9555070102214813,0.03496888279914856,-0.45451048016548157
A37J1Y5BQ56YKV,tail_hit,4,-0.6045340299606323,-1.1324785947799683,-0.6340411901473999,-1.507955551147461,-0.5279445648193359,-0.029507160186767578,-0.9034215211868286
A2D47Q6Y5N3YOQ,tail_hit,20,-0.14979515969753265,-4.703029155731201,-0.1680179387331009,-0.11039292067289352,-4.5532339960336685,-0.018222779035568237,0.03940223902463913
AN42BIYOEOFLB,tail_hit,3,-0.6564427614212036,-0.846159815788269,-0.7688730955123901,-0.9687175750732422,-0.18971705436706543,-0.11243033409118652,-0.3122748136520386
A308LS0HLN94C8,tail_hit,3,-0.8826281428337097,-2.107562780380249,-0.843207061290741,-0.8751343488693237,-1.2249346375465393,0.03942108154296875,0.007493793964385986
A1MY0JMN3D5HVH,tail_hit,3,-0.8663615584373474,-0.900307297706604,-0.8006304502487183,-1.5713168382644653,-0.03394573926925659,0.06573110818862915,-0.7049552798271179
A20G85ZDLWFJ87,tail_hit,3,-0.2533373534679413,-8.957682609558105,-0.2874791622161865,-0.2461705505847931,-8.704345256090164,-0.03414180874824524,0.007166802883148193
A9L0S0USXIU48,tail_hit,3,-0.4928530156612396,-1.0696778297424316,-0.4794541895389557,-0.745614230632782,-0.576824814081192,0.013398826122283936,-0.25276121497154236
A1YMVVUV1O75F3,tail_hit,12,-0.7438445687294006,-2.157381772994995,-0.7007122039794922,-1.047682762145996,-1.4135372042655945,0.04313236474990845,-0.30383819341659546
A2ZJPDH0YP90SD,tail_hit,18,-0.22485165297985077,-1.917664647102356,-0.22976361215114594,-0.7743476629257202,-1.6928129941225052,-0.004911959171295166,-0.5494960099458694
A1K6PIEN2A1YZ8,tail_hit,6,-0.08997621387243271,-1.1221002340316772,-0.1342087835073471,-0.6887269020080566,-1.0321240201592445,-0.0442325696349144,-0.5987506881356239
AT997T4MTH9B7,tail_hit,3,-0.74663907289505,-0.8145409226417542,-0.7719312906265259,-0.5810326933860779,-0.0679018497467041,-0.02529221773147583,0.16560637950897217
A2R1VMGSXJ272L,tail_hit,4,-0.36208826303482056,-1.3230310678482056,-0.36598268151283264,-1.5195224285125732,-0.960942804813385,-0.003894418478012085,-1.1574341654777527
A38C6SSZR8CY3L,tail_hit,5,-0.7616000771522522,-1.1807273626327515,-0.7665730714797974,-0.7650469541549683,-0.41912728548049927,-0.004972994327545166,-0.0034468770027160645
A2WY52YD5GAEIB,tail_hit,20,-0.7092940211296082,-4.924976825714111,-0.6797161102294922,-0.6195853352546692,-4.215682804584503,0.029577910900115967,0.08970868587493896
AQ5WRR4MS98YZ,tail_hit,3,-0.8365187048912048,-0.9807059168815613,-0.8877829909324646,-0.8030599355697632,-0.14418721199035645,-0.051264286041259766,0.03345876932144165
AS7JA6N006377,tail_hit,3,-0.8143596053123474,-0.715417742729187,-0.7738951444625854,-0.5984060168266296,0.0989418625831604,0.04046446084976196,0.21595358848571777
AZBC7QN6MVP84,tail_hit,3,-1.0205442905426025,-2.3260715007781982,-1.0744750499725342,-1.309167742729187,-1.3055272102355957,-0.05393075942993164,-0.2886234521865845
A2QK3YGLR87LJV,tail_hit,3,-0.19232222437858582,-1.901842713356018,-0.19834966957569122,-1.4289594888687134,-1.7095204889774323,-0.006027445197105408,-1.2366372644901276
A8WHUQSWD0ODM,tail_hit,5,-0.8388473987579346,-3.6489102840423584,-0.861970067024231,-1.4177457094192505,-2.810062885284424,-0.023122668266296387,-0.5788983106613159
A1U7RVXQM7K88X,tail_hit,20,-0.6644923090934753,-3.7210235595703125,-0.6797842383384705,-0.6391986608505249,-3.056531250476837,-0.015291929244995117,0.02529364824295044
AZ1WAVVVM4FGF,tail_hit,3,-0.06585211306810379,-6.694124698638916,-0.04603767767548561,-0.770423173904419,-6.628272585570812,0.01981443539261818,-0.7045710608363152
A236E6Y09LWX2J,tail_hit,8,-0.48997145891189575,-0.8198996186256409,-0.4851298928260803,-0.9871000647544861,-0.3299281597137451,0.00484156608581543,-0.49712860584259033
AYVBGONQ2AVXB,tail_hit,3,-0.4877016544342041,-4.81758975982666,-0.5052488446235657,-0.3797878623008728,-4.329888105392456,-0.017547190189361572,0.1079137921333313
A3RG1M07FULK14,tail_hit,3,-0.07370202988386154,-3.155893325805664,-0.06230409815907478,-0.3526234030723572,-3.0821912959218025,0.011397931724786758,-0.27892137318849564
A2DT9P6XQW3T39,tail_hit,10,-0.10714199393987656,-4.328289031982422,-0.11983180791139603,-0.6192998886108398,-4.221147038042545,-0.01268981397151947,-0.5121578946709633
AIPSUF99BQ17T,tail_hit,13,-0.3337094783782959,-1.341842532157898,-0.33352717757225037,-1.368221640586853,-1.008133053779602,0.00018230080604553223,-1.0345121622085571
A2FSPD94H4SYE3,tail_hit,8,-0.578199028968811,-2.483194351196289,-0.5912179946899414,-0.45586058497428894,-1.904995322227478,-0.013018965721130371,0.1223384439945221
A3CILPIAW45HA2,tail_hit,6,-0.0029065704438835382,-8.096909523010254,-0.0033152359537780285,-2.181856870651245,-8.09400295256637,-0.00040866550989449024,-2.1789503002073616
A1V106YS1KRAMV,tail_hit,17,-0.7745702862739563,-2.327484369277954,-0.7685611844062805,-0.8260453939437866,-1.5529140830039978,0.006009101867675781,-0.05147510766983032
A16Q29GKE0WNW4,tail_hit,3,-0.7150991559028625,-11.89027214050293,-0.7741352915763855,-13.652447700500488,-11.175172984600067,-0.05903613567352295,-12.937348544597626
A3RQIVB0TE5R9J,tail_hit,5,-0.7043014168739319,-1.367156982421875,-0.714100182056427,-0.5446980595588684,-0.6628555655479431,-0.009798765182495117,0.15960335731506348
A1CMD08Z49PGKQ,tail_hit,9,-0.26981672644615173,-8.49680233001709,-0.2754685878753662,-0.3094158172607422,-8.226985603570938,-0.0056518614292144775,-0.039599090814590454
A3LRLLBCS4X5C1,tail_hit,4,-0.4566076099872589,-2.915836811065674,-0.4565511643886566,-2.299321413040161,-2.459229201078415,5.644559860229492e-05,-1.8427138030529022
A2IIOKKY2VUX4B,tail_hit,7,-0.3654116988182068,-13.349393844604492,-0.39670804142951965,-0.49032145738601685,-12.983982145786285,-0.031296342611312866,-0.12490975856781006
A1CO03HHPZZ75A,tail_hit,3,-1.037831425666809,-1.1786798238754272,-1.2097586393356323,-0.49978169798851013,-0.14084839820861816,-0.17192721366882324,0.538049727678299
APYRXAHZ1VJ9Y,tail_hit,3,-0.42028120160102844,-0.9350340962409973,-0.4225352108478546,-0.48220735788345337,-0.5147528946399689,-0.002254009246826172,-0.06192615628242493
A33Y183UFAWA7B,tail_hit,3,-0.8616880774497986,-1.9404184818267822,-0.8914175033569336,-1.7211264371871948,-1.0787304043769836,-0.02972942590713501,-0.8594383597373962
A1FYQL0TKQCHGK,tail_hit,5,-0.41939035058021545,-7.20851993560791,-0.3709375858306885,-2.655735492706299,-6.789129585027695,0.04845276474952698,-2.2363451421260834
A3UMD2J83ORKUF,tail_hit,4,-0.8655356764793396,-3.690457582473755,-0.8233645558357239,-1.5036696195602417,-2.8249219059944153,0.04217112064361572,-0.6381339430809021
A1X0OTJ62S2T22,tail_hit,3,-0.7567605376243591,-1.1489942073822021,-0.7588882446289062,-0.95119708776474,-0.392233669757843,-0.002127707004547119,-0.19443655014038086
A32T585IZ0DJX2,tail_hit,5,-0.8418859243392944,-10.632875442504883,-0.820232093334198,-0.9401997923851013,-9.790989518165588,0.021653831005096436,-0.09831386804580688
A2QM8VVDIFINV7,tail_hit,5,-1.6607989072799683,-5.068731784820557,-1.6474288702011108,-2.8138504028320312,-3.4079328775405884,0.013370037078857422,-1.153051495552063
AOPE6UAYEZPEG,tail_hit,4,-0.7378931641578674,-1.0606423616409302,-0.7810319066047668,-0.7019176483154297,-0.32274919748306274,-0.043138742446899414,0.035975515842437744
A1LUXL5GEANXL9,tail_hit,13,-1.0836055278778076,-9.070027351379395,-1.0827406644821167,-1.246630072593689,-7.986421823501587,0.000864863395690918,-0.16302454471588135
A2FYNL3Z5AJB5M,tail_hit,3,-0.28765562176704407,-1.05853271484375,-0.33716583251953125,-0.2859926223754883,-0.7708770930767059,-0.04951021075248718,0.0016629993915557861
A28BSV6KDF862D,tail_hit,8,-0.355882853269577,-1.1825984716415405,-0.3538183867931366,-0.8237690925598145,-0.8267156183719635,0.0020644664764404297,-0.4678862392902374
A15XZFMT2VL1DB,tail_hit,9,-0.5968217253684998,-2.9037740230560303,-0.6003913283348083,-0.9918674230575562,-2.3069522976875305,-0.0035696029663085938,-0.3950456976890564
A3TQOKJKWRWUDG,tail_hit,7,-0.5818853378295898,-1.0790722370147705,-0.5908370614051819,-0.6918139457702637,-0.49718689918518066,-0.008951723575592041,-0.10992860794067383
AMAEN1XO8STCN,tail_hit,6,-0.5536081790924072,-1.200648546218872,-0.5391032099723816,-0.64348304271698,-0.6470403671264648,0.014504969120025635,-0.08987486362457275
AFUK43DFWE43J,tail_hit,3,-0.822151243686676,-1.7312759160995483,-0.8725684285163879,-1.4400533437728882,-0.9091246724128723,-0.050417184829711914,-0.6179021000862122
A89ZZKNDFQH23,tail_hit,20,-1.014200210571289,-1.8871408700942993,-1.082372784614563,-0.7281836271286011,-0.8729406595230103,-0.06817257404327393,0.286016583442688
A2RYB1FFO62J7V,tail_hit,7,-0.7483668327331543,-0.7863127589225769,-0.7593554854393005,-0.7704411149024963,-0.03794592618942261,-0.01098865270614624,-0.02207428216934204
AD064CIXDTLPC,tail_hit,4,-0.248663067817688,-2.5364797115325928,-0.26397132873535156,-1.4200191497802734,-2.287816643714905,-0.015308260917663574,-1.1713560819625854
A34AGKU14DGF5K,tail_hit,4,-0.8764546513557434,-0.9634872078895569,-0.8762234449386597,-0.6843012571334839,-0.08703255653381348,0.00023120641708374023,0.19215339422225952
A1IF2WH3K7I4HY,tail_hit,4,-0.7781888246536255,-0.6221337914466858,-0.8043449521064758,-0.6556974649429321,0.1560550332069397,-0.026156127452850342,0.12249135971069336
A2G1L1KWIHNQFI,tail_hit,4,-0.16929641366004944,-10.829293251037598,-0.1366283893585205,-12.050668716430664,-10.659996837377548,0.03266802430152893,-11.881372302770615
A1Z3AV93ONK5VF,tail_hit,20,-0.43067091703414917,-2.3867132663726807,-0.42703935503959656,-0.42363259196281433,-1.9560423493385315,0.0036315619945526123,0.007038325071334839
A337J7BX0GOZIR,tail_hit,5,-0.59027099609375,-1.1721738576889038,-0.5580199360847473,-0.5284151434898376,-0.5819028615951538,0.032251060009002686,0.061855852603912354
A27H9DOUGY9FOS,tail_hit,19,-0.21145644783973694,-9.403590202331543,-0.20695282518863678,-0.2196204513311386,-9.192133754491806,0.004503622651100159,-0.008164003491401672
A2V4EBL0Q11F91,tail_hit,3,-0.4151756763458252,-13.774611473083496,-0.43391817808151245,-0.3654177486896515,-13.359435796737671,-0.018742501735687256,0.049757927656173706
A3BUN5KKKUMUIH,tail_hit,8,-0.8570602536201477,-1.103066325187683,-0.7876161336898804,-0.9248620867729187,-0.2460060715675354,0.06944411993026733,-0.067801833152771
AXJVVX4A2P7B9,tail_hit,5,-0.17668721079826355,-1.3557714223861694,-0.18476536870002747,-1.3166401386260986,-1.1790842115879059,-0.008078157901763916,-1.139952927827835
A2ESYF5YSDV4NF,tail_hit,3,-0.2683236598968506,-2.1133885383605957,-0.2587938904762268,-2.1197187900543213,-1.8450648784637451,0.00952976942062378,-1.8513951301574707
A2Z44TJ81QSHYB,tail_hit,5,-0.9165668487548828,-0.84720778465271,-0.9481436610221863,-0.7611216902732849,0.06935906410217285,-0.03157681226730347,0.1554451584815979
A1NCCYZ93D52YP,tail_hit,5,-0.6849850416183472,-1.1021872758865356,-0.6896971464157104,-0.6908717155456543,-0.4172022342681885,-0.004712104797363281,-0.005886673927307129
A28EZP272508ZZ,tail_hit,4,-0.8635424971580505,-3.6509525775909424,-0.8243142366409302,-0.5677295327186584,-2.787410080432892,0.03922826051712036,0.2958129644393921
A2L5ZLXX6L6NXZ,tail_hit,4,-0.5251612067222595,-0.8495354652404785,-0.4912090599536896,-0.5379838347434998,-0.324374258518219,0.033952146768569946,-0.012822628021240234
AT08ZTZS42UJD,tail_hit,4,-0.8607921004295349,-0.87163245677948,-0.817011296749115,-0.7688845992088318,-0.010840356349945068,0.04378080368041992,0.09190750122070312
A1LMH7HFNBZUCX,tail_hit,4,-1.1830469369888306,-2.9200167655944824,-1.2509890794754028,-0.840068519115448,-1.7369698286056519,-0.06794214248657227,0.34297841787338257
A34SBQ95XEVLSO,tail_hit,6,-1.1403237581253052,-1.6487938165664673,-1.1104592084884644,-1.6045780181884766,-0.5084700584411621,0.02986454963684082,-0.4642542600631714
AVN96N0FJSS4M,tail_hit,3,-0.8496261835098267,-1.8130767345428467,-0.7869319915771484,-1.1613227128982544,-0.96345055103302,0.06269419193267822,-0.31169652938842773
A2TGPI8IHZ62KM,tail_hit,14,-0.3511555790901184,-1.0937681198120117,-0.3294064998626709,-1.1580486297607422,-0.7426125407218933,0.02174907922744751,-0.8068930506706238
A275QNYIU56MPR,tail_hit,3,-0.31183841824531555,-6.967410564422607,-0.3272560238838196,-8.634221076965332,-6.655572146177292,-0.015417605638504028,-8.322382658720016
A1L7T1V6YOSKCH,tail_hit,3,-0.3208361268043518,-3.5138392448425293,-2.499195098876953,-0.4593837261199951,-3.1930031180381775,-2.1783589720726013,-0.1385475993156433
A8HUTERW4EHGR,tail_hit,4,-0.8516092896461487,-1.2985419034957886,-0.8784096837043762,-1.1602383852005005,-0.4469326138496399,-0.02680039405822754,-0.3086290955543518
A3M6TSEV71537G,tail_hit,20,-0.8118845820426941,-2.0030667781829834,-0.8365218043327332,-0.9511253237724304,-1.1911821961402893,-0.024637222290039062,-0.13924074172973633
A1PURKNC4ESE5X,tail_hit,12,-0.8607186079025269,-1.3733298778533936,-0.8888670802116394,-0.958640992641449,-0.5126112699508667,-0.02814847230911255,-0.09792238473892212
A3FIFD8Z4N1903,tail_hit,6,-0.7964867949485779,-0.9232016801834106,-0.692976176738739,-0.8372780084609985,-0.12671488523483276,0.10351061820983887,-0.040791213512420654
A29529NCT9QBEG,tail_hit,5,-0.1843816190958023,-2.1392579078674316,-0.19371283054351807,-3.303199052810669,-1.9548762887716293,-0.00933121144771576,-3.1188174337148666
A1FIRS9FM1TWWO,tail_hit,3,-0.21180415153503418,-0.9114912152290344,-0.20769239962100983,-0.13965454697608948,-0.6996870636940002,0.004111751914024353,0.0721496045589447
A2I5QH4F5FDKK5,tail_hit,20,-0.9253497123718262,-3.5260937213897705,-0.8908340334892273,-0.9446768164634705,-2.6007440090179443,0.03451567888259888,-0.019327104091644287
A31DRB0X8BPPT6,tail_hit,3,-0.29178285598754883,-2.781163454055786,-0.27340397238731384,-0.989923894405365,-2.4893805980682373,0.018378883600234985,-0.6981410384178162
A4WOLMK7CJVUD,tail_hit,4,-0.8876532912254333,-1.7006644010543823,-1.0036911964416504,-0.8769162893295288,-0.813011109828949,-0.11603790521621704,0.010737001895904541
ALDV8DDZWWPYE,tail_hit,11,-0.7915738821029663,-1.5033098459243774,-0.7942349314689636,-1.2022693157196045,-0.7117359638214111,-0.0026610493659973145,-0.4106954336166382
A3JKKU9CTOQQ0Q,tail_hit,5,-0.6390765905380249,-9.914979934692383,-0.6368852853775024,-0.19635777175426483,-9.275903344154358,0.002191305160522461,0.44271881878376007
A3FQSDAMKM98B2,tail_hit,6,-0.3539350628852844,-1.6073709726333618,-0.3707467019557953,-1.294342279434204,-1.2534359097480774,-0.016811639070510864,-0.9404072165489197
AQDJ79ZSWBMH8,tail_hit,5,-0.9548298716545105,-0.6986045837402344,-0.944089412689209,-0.8534638285636902,0.2562252879142761,0.010740458965301514,0.10136604309082031
A96K1ZGW56S2I,tail_hit,10,-0.6508710980415344,-11.3008451461792,-0.622437596321106,-0.5392749309539795,-10.649974048137665,0.028433501720428467,0.11159616708755493
AUCVLMLAGWBYW,tail_hit,4,-0.894897997379303,-1.0450913906097412,-0.8733358979225159,-0.9435771107673645,-0.15019339323043823,0.02156209945678711,-0.04867911338806152
A339BVHLJVG9SO,tail_hit,3,-0.7812552452087402,-4.713722229003906,-0.7842415571212769,-0.43759772181510925,-3.932466983795166,-0.002986311912536621,0.343657523393631
A2EFIUAOF4YRAN,tail_hit,7,-0.8096122145652771,-1.7958112955093384,-0.8151737451553345,-1.310652732849121,-0.9861990809440613,-0.005561530590057373,-0.501040518283844
A63GSML234W5B,tail_hit,11,-0.7406885027885437,-1.550977110862732,-0.7355502247810364,-1.0178792476654053,-0.8102886080741882,0.005138278007507324,-0.2771907448768616
AROVEFKKS82Q7,tail_hit,5,-0.516822338104248,-1.0228910446166992,-0.5269057750701904,-0.6633914709091187,-0.5060687065124512,-0.010083436965942383,-0.1465691328048706
A3M8MKUDAMEJC6,tail_hit,3,-0.4286719560623169,-13.002237319946289,-0.41173475980758667,-15.623668670654297,-12.573565363883972,0.016937196254730225,-15.19499671459198
AVGRE4ZDZF7TP,tail_hit,3,-0.47654563188552856,-1.8829823732376099,-0.5082628130912781,-1.9291373491287231,-1.4064367413520813,-0.03171718120574951,-1.4525917172431946
A1YAP371XWJC6L,tail_hit,4,-0.7779812812805176,-2.367244243621826,-0.7538255453109741,-0.579860508441925,-1.5892629623413086,0.024155735969543457,0.19812077283859253
A1CXTGEI7QTRJG,tail_hit,5,-0.39935019612312317,-1.444252371788025,-0.3904283940792084,-1.0828490257263184,-1.0449021756649017,0.008921802043914795,-0.6834988296031952
A3R2Q5688PY91E,tail_hit,6,-0.5457750558853149,-1.7632954120635986,-0.5238538384437561,-1.2224165201187134,-1.2175203561782837,0.021921217441558838,-0.6766414642333984
AIAKIMATY4MFS,tail_hit,12,-0.16577079892158508,-1.2755440473556519,-0.16835962235927582,-0.723636269569397,-1.1097732484340668,-0.002588823437690735,-0.5578654706478119
A3V32O3E7X5IPT,tail_hit,4,-0.2864053547382355,-1.6097757816314697,-0.31584712862968445,-1.225838303565979,-1.3233704268932343,-0.029441773891448975,-0.9394329488277435
ABIVKWC6PBQV5,tail_hit,4,-0.6225835680961609,-7.427048683166504,-0.5612408518791199,-1.0168662071228027,-6.804465115070343,0.061342716217041016,-0.39428263902664185
A3GFS8ZNAXWVGO,tail_hit,4,-0.7310807108879089,-1.6225208044052124,-0.7387284636497498,-1.3481451272964478,-0.8914400935173035,-0.00764775276184082,-0.6170644164085388
A1BV7953RLM07E,tail_hit,5,-0.7531023025512695,-9.109776496887207,-0.7602372765541077,-0.7292729020118713,-8.356674194335938,-0.007134974002838135,0.023829400539398193
A265PCQZA1Y1WF,tail_hit,3,-0.24968454241752625,-1.5289772748947144,-0.26236018538475037,-1.0865428447723389,-1.279292732477188,-0.012675642967224121,-0.8368583023548126
A1GXIQMIF5M000,tail_hit,10,-0.6278213262557983,-1.7977925539016724,-0.623438835144043,-1.3580951690673828,-1.169971227645874,0.004382491111755371,-0.7302738428115845
A3RT748MR44WJE,tail_hit,4,-0.46015337109565735,-0.2127612978219986,-0.46818652749061584,-0.304097443819046,0.24739207327365875,-0.008033156394958496,0.15605592727661133
A1ARU61JWIFNUS,tail_hit,9,-0.6235036849975586,-1.564909815788269,-0.5955605506896973,-0.4723733961582184,-0.9414061307907104,0.027943134307861328,0.1511302888393402
A1TS94WOW62HFO,tail_hit,7,-0.8692914247512817,-2.361604690551758,-1.0722979307174683,-0.7822141647338867,-1.492313265800476,-0.20300650596618652,0.08707726001739502
A22PHKFFVGZ9X6,tail_hit,3,-0.2520872950553894,-1.3860417604446411,-0.23332595825195312,-0.30843815207481384,-1.1339544653892517,0.01876133680343628,-0.05635085701942444
AE0EC4IUT7FT,tail_hit,3,-0.22347542643547058,-11.396970748901367,-0.19949381053447723,-0.943422794342041,-11.173495322465897,0.023981615900993347,-0.7199473679065704
A2T1WPWSG2EIOU,tail_hit,3,-0.25520962476730347,-12.247194290161133,-0.2517969012260437,-0.7825406193733215,-11.99198466539383,0.0034127235412597656,-0.5273309946060181
AQKZ1VTU69JU6,tail_hit,8,-0.24591925740242004,-1.463605284690857,-0.2388598471879959,-3.1641006469726562,-1.217686027288437,0.007059410214424133,-2.918181389570236
A06298653TJ91G7R7MD6R,tail_hit,3,-0.7460379004478455,-1.407530665397644,-1.4799671173095703,-0.5658889412879944,-0.6614927649497986,-0.7339292168617249,0.18014895915985107
A6WS7UHTSNDYP,tail_hit,4,-0.9251042604446411,-2.784214735031128,-2.576457977294922,-0.5923970937728882,-1.8591104745864868,-1.6513537168502808,0.33270716667175293
A3NE2N5HL7GLAT,tail_hit,5,-0.9591936469078064,-0.6709184050559998,-0.9116643071174622,-1.0499036312103271,0.28827524185180664,0.04752933979034424,-0.09070998430252075
AI2EU6D7ZN804,tail_hit,3,-0.7531986236572266,-1.243888020515442,-0.6763809323310852,-1.1741009950637817,-0.49068939685821533,0.07681769132614136,-0.4209023714065552
AKF4NSDZ13YOW,tail_hit,3,-1.1736271381378174,-1.7671195268630981,-1.2563650608062744,-0.9547345042228699,-0.5934923887252808,-0.08273792266845703,0.2188926339149475
A26FXE6BXRZCGL,tail_hit,3,-0.427926242351532,-0.9347873330116272,-0.42455023527145386,-0.579899251461029,-0.5068610906600952,0.003376007080078125,-0.15197300910949707
A1PQS5AO0JK8DX,tail_hit,6,-0.7855188250541687,-1.9850599765777588,-0.7816608548164368,-2.0745489597320557,-1.19954115152359,0.0038579702377319336,-1.289030134677887
A2U6HBHYLCPU1N,tail_hit,14,-0.0454181469976902,-7.648081302642822,-0.04579883813858032,-0.2357395440340042,-7.602663155645132,-0.00038069114089012146,-0.190321397036314
A37FFWZUGO8L7W,tail_hit,7,-0.1465536504983902,-0.4170806109905243,-0.1563013195991516,-0.12341824173927307,-0.2705269604921341,-0.009747669100761414,0.023135408759117126
A2ZHH7AK83JB5G,tail_hit,20,-0.6079948544502258,-10.341591835021973,-0.6613854765892029,-0.585787832736969,-9.733596980571747,-0.05339062213897705,0.022207021713256836
A1F6T228BA5Y7,tail_hit,20,-0.2570492923259735,-2.105945348739624,-0.24836930632591248,-0.6561239361763,-1.8488960564136505,0.008679986000061035,-0.39907464385032654
A00700212KB3K0MVESPIY,tail_hit,7,-0.9073828458786011,-5.634181499481201,-0.912734866142273,-5.628049373626709,-4.7267986536026,-0.005352020263671875,-4.720666527748108
AWEQO5NLV4C7T,tail_hit,4,-0.7501404881477356,-1.2001668214797974,-0.9188500046730042,-0.9342243075370789,-0.45002633333206177,-0.16870951652526855,-0.18408381938934326
A3N6Z2MZ1IX9H7,tail_hit,3,-0.4883642792701721,-0.4875907003879547,-0.503098726272583,-0.581490159034729,0.0007735788822174072,-0.014734447002410889,-0.09312587976455688
A3PLEHMIWZET7V,tail_hit,15,-0.684694766998291,-1.9359047412872314,-0.6805139780044556,-0.7663406133651733,-1.2512099742889404,0.004180788993835449,-0.08164584636688232
A15G5ITZKKI5WZ,tail_hit,4,-0.886079728603363,-1.1722580194473267,-0.847653329372406,-1.010888695716858,-0.2861782908439636,0.03842639923095703,-0.12480896711349487
A1PTJYFWTK2JED,tail_hit,3,-0.5465654730796814,-4.533134460449219,-0.7298429608345032,-1.1757487058639526,-3.9865689873695374,-0.18327748775482178,-0.6291832327842712
A2GANVALZAYLV,tail_hit,3,-1.275203824043274,-3.8742587566375732,-2.0087649822235107,-0.534862220287323,-2.5990549325942993,-0.7335611581802368,0.7403416037559509
A3851PGBIQN5MY,tail_hit,5,-0.6228618621826172,-9.32896900177002,-0.7052454352378845,-1.0162800550460815,-8.706107139587402,-0.08238357305526733,-0.39341819286346436
A3D92U8D1UHR5T,tail_hit,3,-0.6722622513771057,-12.483596801757812,-0.6692051887512207,-1.8475452661514282,-11.811334550380707,0.0030570626258850098,-1.1752830147743225
A1ZQLDSYS2L338,tail_hit,5,-0.8770982027053833,-1.209633231163025,-0.8911392092704773,-1.1337172985076904,-0.3325350284576416,-0.014041006565093994,-0.25661909580230713
A3VESTZBZCRCMT,tail_hit,4,-0.5327257513999939,-1.126685380935669,-0.5680073499679565,-0.8337412476539612,-0.593959629535675,-0.035281598567962646,-0.3010154962539673
A51H4EP53ZG13,tail_hit,3,-0.6498916745185852,-1.6873986721038818,-0.6746016144752502,-0.6763535141944885,-1.0375069975852966,-0.02470993995666504,-0.02646183967590332
A1R6M9GR5G4DE0,tail_hit,3,-0.831680417060852,-1.0873806476593018,-0.7707647085189819,-2.2467589378356934,-0.2557002305984497,0.06091570854187012,-1.4150785207748413
A1NN7223INNJJ4,tail_hit,3,-0.9557158350944519,-1.2343119382858276,-0.9767876863479614,-0.9399262070655823,-0.27859610319137573,-0.02107185125350952,0.01578962802886963
ALN2JUWSF86Z9,tail_hit,3,-0.9497939944267273,-1.320616364479065,-1.0204192399978638,-1.1078755855560303,-0.37082237005233765,-0.07062524557113647,-0.15808159112930298
A3MYY7DV4TDL6W,tail_hit,6,-0.6337670087814331,-3.7826435565948486,-0.6432337164878845,-3.3190901279449463,-3.1488765478134155,-0.009466707706451416,-2.685323119163513
A3K2G4IIQF54B5,tail_hit,3,-0.7579469084739685,-2.950080394744873,-2.6146044731140137,-0.40316271781921387,-2.1921334862709045,-1.8566575646400452,0.35478419065475464
A2PE8UK10V5H2U,tail_hit,5,-0.21550653874874115,-4.059633731842041,-0.20011557638645172,-0.32906559109687805,-3.8441271930933,0.015390962362289429,-0.1135590523481369
A1PGPH3OVITWWL,tail_hit,5,-0.7399547696113586,-0.6495741605758667,-0.7501202821731567,-0.5903612375259399,0.09038060903549194,-0.010165512561798096,0.1495935320854187
A30HRMFW4JUEOP,tail_hit,6,-0.7848828434944153,-0.9241044521331787,-0.7464331388473511,-0.8107048273086548,-0.13922160863876343,0.03844970464706421,-0.025821983814239502
A3HV142F6GV43X,tail_hit,4,-0.9971395134925842,-0.7377681136131287,-0.9785359501838684,-0.9283111691474915,0.25937139987945557,0.01860356330871582,0.06882834434509277
A2HYMHX9P8MXB,tail_hit,5,-0.6334465742111206,-1.2649322748184204,-0.6619157791137695,-0.5386047959327698,-0.6314857006072998,-0.028469204902648926,0.09484177827835083
AXI04L6E7J3RJ,tail_hit,6,-0.5923819541931152,-2.3443007469177246,-0.6334611177444458,-1.9067102670669556,-1.7519187927246094,-0.041079163551330566,-1.3143283128738403
A3O81KPH4EWXQE,tail_hit,3,-0.27130237221717834,-12.556243896484375,-0.26775452494621277,-0.5427625179290771,-12.284941524267197,0.003547847270965576,-0.2714601457118988
A1I5YAUPX34AOR,tail_hit,7,-0.5282576680183411,-4.785815715789795,-0.5363521575927734,-0.6115531921386719,-4.257558047771454,-0.008094489574432373,-0.08329552412033081
A2NP3DKQS2P9H1,tail_hit,8,-0.967206597328186,-2.175043821334839,-0.9692055583000183,-0.9489006400108337,-1.2078372240066528,-0.0019989609718322754,0.018305957317352295
A1B87CS0IU0HZM,tail_miss,5,-1.3662919998168945,-1.2102015018463135,-1.3107383251190186,-1.312591552734375,0.15609049797058105,0.05555367469787598,0.05370044708251953
A3ITB98X1U0GGC,tail_miss,7,-1.6831287145614624,-1.5354578495025635,-1.7092530727386475,-1.5779800415039062,0.14767086505889893,-0.02612435817718506,0.10514867305755615
A1UKF1CY5T8B4L,tail_miss,6,-1.792081594467163,-1.3588916063308716,-1.751900553703308,-1.4041036367416382,0.4331899881362915,0.04018104076385498,0.3879779577255249
A2XNIVXQTV98SE,tail_miss,4,-1.3365215063095093,-1.1687955856323242,-1.4407299757003784,-1.5039740800857544,0.16772592067718506,-0.10420846939086914,-0.16745257377624512
AE4PE48Q2794I,tail_miss,16,-1.8812530040740967,-1.9168665409088135,-1.8580323457717896,-1.8788514137268066,-0.0356135368347168,0.02322065830230713,0.002401590347290039
A19NLO9JN7ZFY1,tail_miss,3,-11.615854263305664,-9.361236572265625,-11.374773025512695,-11.54179573059082,2.254617691040039,0.24108123779296875,0.07405853271484375
APLD1V1LAAG54,tail_miss,4,-2.3674352169036865,-1.2524694204330444,-2.3661935329437256,-0.9983385801315308,1.114965796470642,0.0012416839599609375,1.3690966367721558
A1ZMZ7HSXQWA9O,tail_miss,4,-1.334443211555481,-1.6381301879882812,-1.3623666763305664,-1.3026961088180542,-0.3036869764328003,-0.02792346477508545,0.03174710273742676
A2U77F29KNJT30,tail_miss,3,-1.9901769161224365,-2.192218542098999,-1.8983230590820312,-1.9965392351150513,-0.2020416259765625,0.09185385704040527,-0.006362318992614746
A2GFXRRTMS3DT6,tail_miss,4,-1.5948245525360107,-2.4687373638153076,-1.6787452697753906,-1.5783601999282837,-0.8739128112792969,-0.08392071723937988,0.01646435260772705
AEL4ZNRAIPD9Z,tail_miss,4,-1.5762296915054321,-1.839685320854187,-1.5240238904953003,-1.6480281352996826,-0.2634556293487549,0.052205801010131836,-0.07179844379425049
AADC82PF2CBK,tail_miss,12,-1.789367914199829,-2.3509390354156494,-1.8188506364822388,-2.0303168296813965,-0.5615711212158203,-0.029482722282409668,-0.24094891548156738
AYGJ96W5KQMUJ,tail_miss,7,-1.1454144716262817,-1.977488398551941,-1.1455098390579224,-1.2603808641433716,-0.8320739269256592,-9.5367431640625e-05,-0.11496639251708984
A1NJZKONE2R5QY,tail_miss,3,-2.6464972496032715,-3.309232473373413,-2.9471170902252197,-4.504234790802002,-0.6627352237701416,-0.30061984062194824,-1.8577375411987305
A2YT4P9UGV0Q72,tail_miss,3,-1.3677825927734375,-1.6088048219680786,-1.415001630783081,-1.4525800943374634,-0.2410222291946411,-0.047219038009643555,-0.08479750156402588
A1D2ABQ2X9N5TP,tail_miss,3,-1.761222243309021,-2.6530239582061768,-1.8031485080718994,-1.8511097431182861,-0.8918017148971558,-0.04192626476287842,-0.08988749980926514
A1QI6PI0HH4H0P,tail_miss,5,-2.111372232437134,-1.7746132612228394,-2.1151843070983887,-1.4896894693374634,0.33675897121429443,-0.003812074661254883,0.6216827630996704
A240YCM012LJSO,tail_miss,12,-2.495971918106079,-4.669270992279053,-2.503277540206909,-3.2611441612243652,-2.1732990741729736,-0.007305622100830078,-0.7651722431182861
A22QBPOG0A08AB,tail_miss,4,-1.7981150150299072,-2.087367534637451,-1.874775767326355,-1.612853765487671,-0.28925251960754395,-0.07666075229644775,0.18526124954223633
A1FFST9J45QD1M,tail_miss,9,-12.745707511901855,-11.158230781555176,-12.74191951751709,-12.571908950805664,1.5874767303466797,0.003787994384765625,0.1737985610961914
A380LZ7JU1E6HK,tail_miss,8,-6.993037700653076,-5.736122131347656,-7.08459997177124,-6.408317565917969,1.25691556930542,-0.09156227111816406,0.5847201347351074
A2AUYTFM48PS47,tail_miss,3,-1.379088282585144,-1.7546547651290894,-1.3549948930740356,-1.463099479675293,-0.3755664825439453,0.0240933895111084,-0.08401119709014893
A2SY8Y5A0UFM1C,tail_miss,6,-3.934387683868408,-3.6374783515930176,-3.9596495628356934,-4.081189155578613,0.2969093322753906,-0.025261878967285156,-0.14680147171020508
A23IU0GXPBOFDC,tail_miss,4,-1.3241995573043823,-0.9764478802680969,-1.3142937421798706,-1.00528085231781,0.3477516770362854,0.009905815124511719,0.31891870498657227
A6FCCZY1UD4HL,tail_miss,11,-1.6361624002456665,-1.3782767057418823,-1.605242371559143,-1.7221304178237915,0.2578856945037842,0.030920028686523438,-0.085968017578125
ASWMDJ9610PD8,tail_miss,3,-1.5118337869644165,-1.626168966293335,-1.6643558740615845,-1.4438889026641846,-0.11433517932891846,-0.15252208709716797,0.06794488430023193
A2FH74VT6ARZSQ,tail_miss,3,-2.5666663646698,-3.5321052074432373,-2.6988353729248047,-2.9975287914276123,-0.9654388427734375,-0.13216900825500488,-0.4308624267578125
A2IGIN41AGTLY7,tail_miss,3,-2.0338618755340576,-2.0208117961883545,-1.9467780590057373,-2.065148115158081,0.013050079345703125,0.08708381652832031,-0.03128623962402344
A19VWP4PZXIJWP,tail_miss,7,-2.0682833194732666,-2.113129138946533,-2.0426952838897705,-2.0590195655822754,-0.0448458194732666,0.025588035583496094,0.009263753890991211
AL1GULFMX7JIL,tail_miss,3,-1.7611550092697144,-1.7837485074996948,-1.7114499807357788,-1.690218210220337,-0.02259349822998047,0.04970502853393555,0.07093679904937744
A22BY7QD5OMJET,tail_miss,5,-3.3345143795013428,-7.080914497375488,-3.3030683994293213,-2.9184834957122803,-3.7464001178741455,0.031445980072021484,0.4160308837890625
ADTH0DVZ8NBO6,tail_miss,7,-2.4522545337677,-3.128063440322876,-2.4894509315490723,-2.3332407474517822,-0.6758089065551758,-0.03719639778137207,0.11901378631591797
A17AHTCKJ4SUT0,tail_miss,20,-2.93937087059021,-12.054230690002441,-2.9992945194244385,-5.252262592315674,-9.114859819412231,-0.059923648834228516,-2.312891721725464
A3DXBLP5Q1KRQA,tail_miss,6,-1.3750898838043213,-1.6890604496002197,-1.4217054843902588,-1.372084379196167,-0.31397056579589844,-0.0466156005859375,0.003005504608154297
A1BZVJF5WSQMEQ,tail_miss,20,-1.9755306243896484,-1.2251431941986084,-1.916524052619934,-1.0988484621047974,0.75038743019104,0.059006571769714355,0.8766821622848511
A19XI52BIMQZQ6,tail_miss,4,-15.679059028625488,-14.28373908996582,-15.439584732055664,-16.147075653076172,1.395319938659668,0.23947429656982422,-0.4680166244506836
A33ZR4OWTGUHMU,tail_miss,4,-1.8143455982208252,-2.116739273071289,-1.7784935235977173,-2.0030086040496826,-0.30239367485046387,0.03585207462310791,-0.18866300582885742
A2G2VIXTAWWHNW,tail_miss,3,-1.759637713432312,-1.7239800691604614,-1.7744389772415161,-1.6537367105484009,0.035657644271850586,-0.014801263809204102,0.10590100288391113
AXQNEMI9N0Z2D,tail_miss,3,-1.3508869409561157,-2.0175936222076416,-1.3531581163406372,-1.5063828229904175,-0.6667066812515259,-0.0022711753845214844,-0.15549588203430176
A23598RZR42B7Z,tail_miss,6,-1.2981071472167969,-1.5656274557113647,-1.3216849565505981,-1.4413608312606812,-0.26752030849456787,-0.02357780933380127,-0.14325368404388428
A71SA1E3M8PE3,tail_miss,6,-1.726378083229065,-1.5831245183944702,-1.7325459718704224,-1.6555203199386597,0.14325356483459473,-0.006167888641357422,0.07085776329040527
A2ZINXHB3R5QSL,tail_miss,11,-0.9878324270248413,-1.242498517036438,-1.0233429670333862,-1.1412019729614258,-0.2546660900115967,-0.03551054000854492,-0.15336954593658447
A3VMIQ2I1OMBUI,tail_miss,6,-1.5903533697128296,-1.1400407552719116,-1.610054612159729,-1.6494643688201904,0.45031261444091797,-0.019701242446899414,-0.05911099910736084
A17RN0P9J4B11T,tail_miss,4,-1.2462962865829468,-1.2948100566864014,-1.2255557775497437,-1.3166626691818237,-0.04851377010345459,0.020740509033203125,-0.07036638259887695
A2LAAGNIU91MXO,tail_miss,5,-2.777104616165161,-1.4735828638076782,-2.740220785140991,-1.5627576112747192,1.303521752357483,0.03688383102416992,1.214347004890442
AU7SVOGF0Z2TK,tail_miss,3,-1.4553571939468384,-1.3905423879623413,-1.2427911758422852,-2.137113332748413,0.06481480598449707,0.21256601810455322,-0.6817561388015747
A2IVDJR1PEYHGB,tail_miss,5,-2.2786757946014404,-2.6207709312438965,-2.1870827674865723,-2.326822519302368,-0.34209513664245605,0.09159302711486816,-0.048146724700927734
A14YZDOMHMHQNQ,tail_miss,8,-2.540018320083618,-2.613999605178833,-2.527980327606201,-2.39605975151062,-0.07398128509521484,0.012037992477416992,0.14395856857299805
A3ZPMP474RLCA,tail_miss,4,-3.365230083465576,-5.556561470031738,-3.441295623779297,-3.5956528186798096,-2.191331386566162,-0.0760655403137207,-0.2304227352142334
A351KR8AGWUAZK,tail_miss,4,-11.53126335144043,-10.7722749710083,-11.676787376403809,-11.21580696105957,0.7589883804321289,-0.1455240249633789,0.3154563903808594
AMSE91CAK5L3Y,tail_miss,7,-2.472825288772583,-2.723114013671875,-2.4808170795440674,-2.3719582557678223,-0.250288724899292,-0.007991790771484375,0.10086703300476074
A3EHSWXXYV2V10,tail_miss,3,-1.0200358629226685,-1.2646429538726807,-0.9905297160148621,-1.5256052017211914,-0.2446070909500122,0.029506146907806396,-0.505569338798523
A1RXN97IHWFKHK,tail_miss,5,-2.048250198364258,-1.8533728122711182,-1.9707785844802856,-1.789892315864563,0.19487738609313965,0.07747161388397217,0.2583578824996948
A1WYXX97JUXVNZ,tail_miss,3,-2.043954849243164,-1.7369023561477661,-2.076582431793213,-1.6936311721801758,0.30705249309539795,-0.03262758255004883,0.3503236770629883
A13SJWLL0O7OYB,tail_miss,3,-5.217799663543701,-1.3578754663467407,-5.31826639175415,-1.445562481880188,3.8599241971969604,-0.10046672821044922,3.772237181663513
A36HMAHIIHNUZ1,tail_miss,4,-1.8307212591171265,-1.6445591449737549,-1.7847760915756226,-1.4670695066452026,0.18616211414337158,0.045945167541503906,0.36365175247192383
A2QM6F4ZMF9G9Y,tail_miss,3,-3.798572301864624,-5.146101951599121,-3.8450419902801514,-3.9789669513702393,-1.347529649734497,-0.046469688415527344,-0.18039464950561523
A11IK5T1T7OXZK,tail_miss,4,-8.177556991577148,-5.60951566696167,-7.901714324951172,-7.64548397064209,2.5680413246154785,0.27584266662597656,0.5320730209350586
AK8NF9RMSVBJV,tail_miss,3,-11.070160865783691,-11.84648323059082,-10.974937438964844,-11.678991317749023,-0.7763223648071289,0.09522342681884766,-0.608830451965332
A2TDNA28VM0IDE,tail_miss,3,-2.373079538345337,-2.9201862812042236,-2.5141279697418213,-2.215859889984131,-0.5471067428588867,-0.14104843139648438,0.15721964836120605
A2BO8Q72W06ZDC,tail_miss,3,-1.7001779079437256,-2.3262879848480225,-1.7691556215286255,-1.7912336587905884,-0.6261100769042969,-0.0689777135848999,-0.09105575084686279
A3VFYZCF4J7QUL,tail_miss,6,-7.31549072265625,-6.669124126434326,-7.061715126037598,-7.71387243270874,0.6463665962219238,0.25377559661865234,-0.39838171005249023
A33ZYFE8XMKKR1,tail_miss,3,-1.5731217861175537,-2.6407387256622314,-1.6153285503387451,-1.6502259969711304,-1.0676169395446777,-0.042206764221191406,-0.07710421085357666
A90JGGI493HNG,tail_miss,4,-1.672408103942871,-1.9688479900360107,-1.6193645000457764,-1.797494649887085,-0.29643988609313965,0.05304360389709473,-0.12508654594421387
A3PZDXGKMJSEHR,tail_miss,3,-1.6582785844802856,-1.9956471920013428,-1.6534490585327148,-1.927098274230957,-0.33736860752105713,0.004829525947570801,-0.2688196897506714
A1D4GH1MAN5OHR,tail_miss,3,-2.8979783058166504,-2.319593906402588,-2.8954148292541504,-2.108790636062622,0.5783843994140625,0.0025634765625,0.7891876697540283
A7OT82DN460H2,tail_miss,4,-2.0984344482421875,-2.4367244243621826,-2.1644701957702637,-2.018674612045288,-0.3382899761199951,-0.06603574752807617,0.07975983619689941
A193Y7DFK5NS8M,tail_miss,4,-1.5253652334213257,-2.4112181663513184,-1.4813649654388428,-2.0546493530273438,-0.8858529329299927,0.04400026798248291,-0.5292841196060181
A1QL2U71I6H40K,tail_miss,4,-9.397913932800293,-9.469846725463867,-9.423599243164062,-9.257349014282227,-0.07193279266357422,-0.02568531036376953,0.1405649185180664
A1HGAP17RKHO65,tail_miss,7,-9.306160926818848,-7.332179546356201,-9.490534782409668,-8.731361389160156,1.9739813804626465,-0.1843738555908203,0.5747995376586914
A1WLOUDVX4BCPP,tail_miss,4,-1.6664248704910278,-1.723456621170044,-1.6632499694824219,-1.7564890384674072,-0.05703175067901611,0.003174901008605957,-0.0900641679763794
AGDDJBAN2MCGN,tail_miss,3,-1.1558881998062134,-0.6873239874839783,-0.9299913644790649,-2.4844720363616943,0.4685642123222351,0.22589683532714844,-1.328583836555481
A2UBTMZRMMIVKB,tail_miss,7,-1.8278173208236694,-1.84506094455719,-1.8074398040771484,-1.7118628025054932,-0.017243623733520508,0.020377516746520996,0.11595451831817627
A4W8OI7G8OTHE,tail_miss,4,-1.0207386016845703,-0.9776703119277954,-1.0020288228988647,-1.1270925998687744,0.0430682897567749,0.018709778785705566,-0.1063539981842041
A28Y26IATYKVSS,tail_miss,3,-3.518857717514038,-2.181091070175171,-3.4979119300842285,-1.3719837665557861,1.3377666473388672,0.02094578742980957,2.146873950958252
A2A7KXM9B4XW90,tail_miss,20,-2.3891170024871826,-2.452155828475952,-2.387589931488037,-2.1642966270446777,-0.06303882598876953,0.0015270709991455078,0.22482037544250488
A2DBAJPISZWJDV,tail_miss,3,-1.7727315425872803,-1.7449063062667847,-1.7800339460372925,-1.6081451177597046,0.027825236320495605,-0.007302403450012207,0.16458642482757568
A2AZFELROH9QVO,tail_miss,10,-1.9401532411575317,-2.7223153114318848,-1.9273306131362915,-1.9990127086639404,-0.782162070274353,0.012822628021240234,-0.05885946750640869
AJZWDY25IYB4O,tail_miss,3,-1.8666150569915771,-1.684268593788147,-1.8939028978347778,-1.8727188110351562,0.18234646320343018,-0.027287840843200684,-0.0061037540435791016
A11HWUM8WCI6EE,tail_miss,4,-1.9584770202636719,-2.0203440189361572,-1.940200924873352,-2.028773784637451,-0.06186699867248535,0.018276095390319824,-0.0702967643737793
A20XGPIJW6UE4S,tail_miss,4,-1.8493040800094604,-1.9366244077682495,-1.8423725366592407,-1.8300918340682983,-0.08732032775878906,0.0069315433502197266,0.01921224594116211
A3PD8KD87AXNLD,tail_miss,5,-10.61021614074707,-9.888655662536621,-10.505764961242676,-10.621162414550781,0.7215604782104492,0.10445117950439453,-0.010946273803710938
AYLXPESIOI8IH,tail_miss,3,-1.5331227779388428,-1.373939871788025,-1.5219062566757202,-1.6179028749465942,0.15918290615081787,0.011216521263122559,-0.08478009700775146
A2DDMVNC3HVM17,tail_miss,3,-2.146092176437378,-1.88978111743927,-2.1810801029205322,-2.549273729324341,0.2563110589981079,-0.0349879264831543,-0.4031815528869629
A3TI04NQIVGUPQ,tail_miss,10,-1.99923837184906,-1.9049371480941772,-1.9654079675674438,-1.9806228876113892,0.09430122375488281,0.03383040428161621,0.0186154842376709
AYEV0B24NG14H,tail_miss,5,-1.8105717897415161,-1.5561705827713013,-1.7681615352630615,-1.7792469263076782,0.25440120697021484,0.04241025447845459,0.03132486343383789
A1QGJUZJ7S9E4U,tail_miss,5,-1.8018733263015747,-1.7136613130569458,-1.7743960618972778,-1.6191110610961914,0.0882120132446289,0.027477264404296875,0.1827622652053833
A215ZZFPVG5CX5,tail_miss,4,-1.3430348634719849,-1.4386568069458008,-1.3286181688308716,-1.3272535800933838,-0.09562194347381592,0.014416694641113281,0.015781283378601074
A2NGLQZKRHT4J3,tail_miss,15,-1.2731783390045166,-1.168903112411499,-1.2733994722366333,-1.4063221216201782,0.10427522659301758,-0.00022113323211669922,-0.13314378261566162
A1ZO7HDRWKAKEG,tail_miss,5,-1.9709476232528687,-1.696149468421936,-1.8756147623062134,-1.8733861446380615,0.2747981548309326,0.09533286094665527,0.09756147861480713
A1Y7P7UU6XH1Z5,tail_miss,20,-1.3480700254440308,-2.652662515640259,-1.77684485912323,-1.2816050052642822,-1.304592490196228,-0.4287748336791992,0.06646502017974854
A1V1MGZQI9RUIH,tail_miss,4,-1.8523790836334229,-1.651572585105896,-1.8818280696868896,-1.5621998310089111,0.20080649852752686,-0.029448986053466797,0.2901792526245117
A3C72395D2XX52,tail_miss,3,-2.012478828430176,-1.5866366624832153,-2.0718204975128174,-2.0095369815826416,0.42584216594696045,-0.0593416690826416,0.0029418468475341797
A2NOBI4U8Q3LF7,tail_miss,20,-6.2976789474487305,-4.505871772766113,-6.10192346572876,-3.850809335708618,1.7918071746826172,0.1957554817199707,2.4468696117401123
A3CJTRKTVC6ND5,tail_miss,3,-1.7316787242889404,-2.502460479736328,-1.7905538082122803,-1.8220332860946655,-0.7707817554473877,-0.058875083923339844,-0.0903545618057251
A261FB2KY3MZY7,tail_miss,6,-4.2716145515441895,-2.0915162563323975,-4.230801582336426,-1.329053282737732,2.180098295211792,0.04081296920776367,2.9425612688064575
AVSBFMITPYO8D,tail_miss,3,-1.3473279476165771,-1.4827677011489868,-1.3634392023086548,-1.3800791501998901,-0.13543975353240967,-0.016111254692077637,-0.03275120258331299
A1SJJH1YNC8KQP,tail_miss,4,-2.307293176651001,-2.863598346710205,-2.346998453140259,-2.2423813343048096,-0.5563051700592041,-0.03970527648925781,0.0649118423461914
A3MMN98E54QQM4,tail_miss,9,-2.688232660293579,-3.7801976203918457,-2.6622729301452637,-2.7354252338409424,-1.0919649600982666,0.02595973014831543,-0.04719257354736328
A2YG3QW3SQNRP5,tail_miss,4,-1.3979114294052124,-1.585713505744934,-1.3885616064071655,-1.4014395475387573,-0.18780207633972168,0.009349822998046875,-0.003528118133544922
A1PD2IY2BKCMSA,tail_miss,12,-4.185365200042725,-6.141397953033447,-4.153268337249756,-4.241813659667969,-1.9560327529907227,0.03209686279296875,-0.05644845962524414
AP3MSIGG6YFO5,tail_miss,3,-5.195962429046631,-3.0885579586029053,-5.310110569000244,-2.458705186843872,2.1074044704437256,-0.11414813995361328,2.737257242202759
A1REYI6T6VJHKK,tail_miss,7,-2.042851209640503,-2.048217535018921,-2.0013861656188965,-2.091116189956665,-0.005366325378417969,0.041465044021606445,-0.04826498031616211
A39LRXD7THXB4B,tail_miss,20,-8.441084861755371,-8.965716361999512,-8.256074905395508,-5.216311931610107,-0.5246315002441406,0.18500995635986328,3.2247729301452637
A1433NBG6QPR1D,tail_miss,3,-2.004552125930786,-2.150519609451294,-1.9228166341781616,-2.102846145629883,-0.1459674835205078,0.08173549175262451,-0.09829401969909668
A11J1FHCK5U06J,tail_miss,20,-1.2163587808609009,-9.439356803894043,-1.2047432661056519,-0.9150732159614563,-8.222998023033142,0.011615514755249023,0.3012855648994446
A1HWZL74JMO03H,tail_miss,4,-11.074200630187988,-11.248161315917969,-11.11297607421875,-11.35003662109375,-0.17396068572998047,-0.03877544403076172,-0.2758359909057617
A11DLWWD0138XT,tail_miss,4,-1.6882636547088623,-1.962342381477356,-1.66402268409729,-1.564191222190857,-0.27407872676849365,0.024240970611572266,0.12407243251800537
A3ROAFKCJHT6B4,tail_miss,3,-1.6739517450332642,-1.7865039110183716,-1.7128504514694214,-1.676232099533081,-0.11255216598510742,-0.03889870643615723,-0.0022803544998168945
A2QDG70KTXGPV2,tail_miss,4,-1.454937219619751,-1.6942651271820068,-1.4459978342056274,-1.419510006904602,-0.23932790756225586,0.008939385414123535,0.035427212715148926
A35Z7AJ6UUHMLB,tail_miss,4,-2.6570894718170166,-3.159454345703125,-2.793854236602783,-2.489912509918213,-0.5023648738861084,-0.1367647647857666,0.1671769618988037
A1CAEHWZ843SES,tail_miss,6,-2.069554567337036,-2.2541677951812744,-2.071519136428833,-1.8983266353607178,-0.18461322784423828,-0.001964569091796875,0.17122793197631836
A3D90BUGWSRZ9P,tail_miss,5,-1.361310362815857,-1.9098623991012573,-1.3765203952789307,-1.4691450595855713,-0.5485520362854004,-0.01521003246307373,-0.10783469676971436
AJRE2ZD7YS0AC,tail_miss,4,-2.201869249343872,-2.876234531402588,-2.2626445293426514,-2.3373615741729736,-0.6743652820587158,-0.0607752799987793,-0.13549232482910156
A2WC1FB5DDBY1S,tail_miss,3,-1.0935323238372803,-0.9754825830459595,-1.2473704814910889,-0.9129917025566101,0.1180497407913208,-0.1538381576538086,0.18054062128067017
A3M3APKOCAYDQN,tail_miss,5,-2.3197410106658936,-2.085099935531616,-2.3785207271575928,-2.152303695678711,0.23464107513427734,-0.05877971649169922,0.16743731498718262
A3SCFDEJNGU80H,tail_miss,5,-2.076124668121338,-2.1090400218963623,-2.1836109161376953,-1.897473692893982,-0.032915353775024414,-0.10748624801635742,0.17865097522735596
A1JUWVRHEXUX22,tail_miss,3,-1.375592827796936,-1.4647855758666992,-1.3991206884384155,-1.6121519804000854,-0.08919274806976318,-0.023527860641479492,-0.23655915260314941
APU6VNY3PJPXW,tail_miss,8,-1.439823865890503,-0.8434908986091614,-1.4356825351715088,-2.1648125648498535,0.5963329672813416,0.004141330718994141,-0.7249886989593506
A2V1J3JT5OOZFO,tail_miss,8,-13.93829345703125,-11.83842945098877,-13.821365356445312,-13.907255172729492,2.0998640060424805,0.1169281005859375,0.031038284301757812
AEM73438F7E2Z,tail_miss,4,-2.3585293292999268,-2.256852626800537,-2.299985408782959,-2.4014554023742676,0.10167670249938965,0.05854392051696777,-0.04292607307434082
A1U5TD8ZUX5N2S,tail_miss,3,-1.5959861278533936,-1.27060067653656,-1.545292854309082,-1.315923810005188,0.3253854513168335,0.05069327354431152,0.28006231784820557
A164C84F0HKRH2,tail_miss,5,-1.50185227394104,-1.772308588027954,-1.5603991746902466,-1.5456804037094116,-0.27045631408691406,-0.05854690074920654,-0.04382812976837158
A13J6RW4FQIA8M,tail_miss,4,-1.345314860343933,-1.2423444986343384,-1.3344042301177979,-1.3338005542755127,0.10297036170959473,0.010910630226135254,0.01151430606842041
ADGU8358UDTJR,tail_miss,4,-1.7157098054885864,-1.9349242448806763,-1.6643794775009155,-1.9053008556365967,-0.21921443939208984,0.0513303279876709,-0.18959105014801025
A2P8ACE3WN9RXX,tail_miss,3,-1.7294294834136963,-1.7638291120529175,-1.802119255065918,-1.8405380249023438,-0.03439962863922119,-0.07268977165222168,-0.11110854148864746
AT2LHFVE169HH,tail_miss,4,-1.4788390398025513,-1.7572883367538452,-1.4738787412643433,-1.6392669677734375,-0.27844929695129395,0.004960298538208008,-0.16042792797088623
A72EOPX6HI486,tail_miss,3,-1.7357546091079712,-1.3378578424453735,-1.7174500226974487,-1.4461256265640259,0.39789676666259766,0.01830458641052246,0.2896289825439453
A1YXIUYWPLQG3P,tail_miss,3,-1.2071274518966675,-1.8907591104507446,-1.127158761024475,-1.4697704315185547,-0.6836316585540771,0.07996869087219238,-0.2626429796218872
A1YMB134U0SU0A,tail_miss,4,-1.3260806798934937,-2.002837657928467,-1.3700858354568481,-1.04011070728302,-0.6767569780349731,-0.04400515556335449,0.28596997261047363
A059547920Q3LZVFHLPI3,tail_miss,7,-2.0053839683532715,-1.929813027381897,-2.01286244392395,-1.926395297050476,0.07557094097137451,-0.007478475570678711,0.07898867130279541
A3JOBJLIXNXKZV,tail_miss,6,-1.996034026145935,-2.249195098876953,-1.9470850229263306,-2.4020462036132812,-0.25316107273101807,0.04894900321960449,-0.4060121774673462
A196B1TB4WZARE,tail_miss,3,-4.4371795654296875,-5.764472007751465,-4.456632137298584,-4.574225902557373,-1.3272924423217773,-0.019452571868896484,-0.13704633712768555
A1TSLLLB8DM7ZJ,tail_miss,5,-1.057966709136963,-1.223254919052124,-1.0487792491912842,-1.107723355293274,-0.16528820991516113,0.009187459945678711,-0.049756646156311035
A2T2MJT8LFLBXH,tail_miss,4,-1.3261138200759888,-1.2658418416976929,-1.3049745559692383,-1.3558995723724365,0.0602719783782959,0.02113926410675049,-0.029785752296447754
AK7V4D8DZNN2N,tail_miss,4,-1.268439531326294,-2.0861804485321045,-1.2360292673110962,-1.413137435913086,-0.8177409172058105,0.032410264015197754,-0.144697904586792
AIJRFRCJU20HO,tail_miss,20,-1.782471776008606,-2.6802196502685547,-1.8485232591629028,-2.4446969032287598,-0.8977478742599487,-0.06605148315429688,-0.6622251272201538
A3VY4ZUG02YK5I,tail_miss,6,-1.6537548303604126,-2.1636836528778076,-1.695824384689331,-1.7646626234054565,-0.509928822517395,-0.04206955432891846,-0.11090779304504395
AHJPLEN55N90W,tail_miss,3,-12.172259330749512,-11.725272178649902,-12.661394119262695,-11.824332237243652,0.4469871520996094,-0.4891347885131836,0.3479270935058594
A282RVWWPWL40T,tail_miss,3,-2.0806663036346436,-1.800952672958374,-2.0282881259918213,-2.2155392169952393,0.27971363067626953,0.052378177642822266,-0.1348729133605957
A1XACOUMZD3168,tail_miss,3,-1.9541703462600708,-2.938966751098633,-2.041795492172241,-2.0723073482513428,-0.984796404838562,-0.08762514591217041,-0.11813700199127197
A15CV4APIIDXGP,tail_miss,4,-1.526672601699829,-1.541115164756775,-1.5024863481521606,-1.5810574293136597,-0.0144425630569458,0.024186253547668457,-0.054384827613830566
A3GB7TAMSO3BZR,tail_miss,3,-1.6445571184158325,-1.3704100847244263,-1.6498820781707764,-1.5282853841781616,0.27414703369140625,-0.005324959754943848,0.1162717342376709
A24RWG4HEMPTYZ,tail_miss,3,-1.7728480100631714,-2.0098366737365723,-1.8127864599227905,-1.873610258102417,-0.23698866367340088,-0.03993844985961914,-0.1007622480392456
APZMXSKH3Q57C,tail_miss,3,-1.465846061706543,-1.4612981081008911,-1.4866454601287842,-2.1592042446136475,0.0045479536056518555,-0.02079939842224121,-0.6933581829071045
A8FAATCBC02X2,tail_miss,5,-1.453608751296997,-1.732820749282837,-1.5152606964111328,-1.8481684923171997,-0.27921199798583984,-0.06165194511413574,-0.39455974102020264
AL01P5HW0VKF3,tail_miss,8,-1.814727783203125,-2.18518328666687,-1.7740825414657593,-2.1263835430145264,-0.3704555034637451,0.04064524173736572,-0.31165575981140137
A106MNO7PYG1WL,tail_miss,3,-1.0189651250839233,-0.9442383646965027,-0.9878218770027161,-1.1161795854568481,0.07472676038742065,0.031143248081207275,-0.0972144603729248
A1KEBQWNEX9XJG,tail_miss,5,-10.536795616149902,-10.326428413391113,-10.559346199035645,-10.396538734436035,0.21036720275878906,-0.022550582885742188,0.1402568817138672
A1B5DMAWMAW575,tail_miss,4,-1.3439114093780518,-1.8754608631134033,-1.3744678497314453,-1.5063389539718628,-0.5315494537353516,-0.030556440353393555,-0.16242754459381104
A2ZIYVLKCZIPMP,tail_miss,4,-1.708969235420227,-1.9732989072799683,-1.778622031211853,-1.6538764238357544,-0.2643296718597412,-0.06965279579162598,0.055092811584472656
A2OIX4KBD3FVC5,tail_miss,10,-2.3689005374908447,-2.0388312339782715,-2.2870781421661377,-2.3351051807403564,0.33006930351257324,0.08182239532470703,0.03379535675048828
A2TRO7VIL9HABO,tail_miss,3,-1.512784719467163,-1.8151134252548218,-1.4958072900772095,-1.7198456525802612,-0.3023287057876587,0.016977429389953613,-0.20706093311309814
AO1YMKCK0LMA8,tail_miss,4,-1.3215528726577759,-1.2927454710006714,-1.3194124698638916,-1.1326100826263428,0.028807401657104492,0.0021404027938842773,0.1889427900314331
A28ZOSR4X9V3UF,tail_miss,3,-2.4242870807647705,-2.6703810691833496,-2.5601508617401123,-2.186485767364502,-0.2460939884185791,-0.1358637809753418,0.23780131340026855
AZ9NR81ZBRIQD,tail_miss,4,-1.4485530853271484,-1.5544488430023193,-1.4493533372879028,-1.3636014461517334,-0.1058957576751709,-0.0008002519607543945,0.08495163917541504
A2LKXDUWPIZW5D,tail_miss,3,-1.541394829750061,-1.6085636615753174,-1.5340614318847656,-1.5934522151947021,-0.06716883182525635,0.00733339786529541,-0.05205738544464111
A3NICTN9ALZ27,tail_miss,3,-1.7311431169509888,-1.4574840068817139,-1.7256916761398315,-1.4724026918411255,0.2736591100692749,0.0054514408111572266,0.2587404251098633
A1R3HUDFYEVY6X,tail_miss,4,-1.7801501750946045,-2.064195394515991,-1.7835140228271484,-1.8555219173431396,-0.2840452194213867,-0.0033638477325439453,-0.07537174224853516
A2CAT3DSH7QEDN,tail_miss,3,-1.9737536907196045,-2.6233978271484375,-2.3300118446350098,-2.09558367729187,-0.649644136428833,-0.3562581539154053,-0.12182998657226562
A1OWQSNSWPVPE1,tail_miss,6,-1.5548430681228638,-1.3944718837738037,-1.5829799175262451,-1.5586944818496704,0.16037118434906006,-0.028136849403381348,-0.0038514137268066406
A3T5NS7OHNIFT4,tail_miss,5,-1.6976808309555054,-1.575232744216919,-1.6719114780426025,-1.7992907762527466,0.12244808673858643,0.025769352912902832,-0.10160994529724121
A3RKOXJC2CEPDI,tail_miss,3,-2.047635793685913,-2.254664421081543,-2.0393903255462646,-2.1472463607788086,-0.20702862739562988,0.008245468139648438,-0.09961056709289551
A12AXODJ5QPTDS,tail_miss,4,-1.737367033958435,-2.0280814170837402,-1.6453964710235596,-2.901010036468506,-0.2907143831253052,0.09197056293487549,-1.1636430025100708
A3BS86QTFJ3T5N,tail_miss,3,-1.6532691717147827,-1.6826694011688232,-1.5620471239089966,-1.866281509399414,-0.029400229454040527,0.09122204780578613,-0.21301233768463135
A2RTOV1OW4X4XW,tail_miss,3,-2.684595823287964,-3.7004504203796387,-2.7563836574554443,-2.7000555992126465,-1.0158545970916748,-0.07178783416748047,-0.015459775924682617
A12S38AVBTZ8HI,tail_miss,5,-13.25969409942627,-14.715466499328613,-13.33442497253418,-13.91618824005127,-1.4557723999023438,-0.07473087310791016,-0.656494140625
A3O3XBUO044GRS,tail_miss,4,-3.036029815673828,-5.12127161026001,-3.263188123703003,-3.025620698928833,-2.0852417945861816,-0.2271583080291748,0.010409116744995117
AP3W6BUJ9BB2L,tail_miss,3,-2.4278266429901123,-2.735809326171875,-2.381753921508789,-2.5440213680267334,-0.3079826831817627,0.04607272148132324,-0.1161947250366211
A2VHF835RYMGYF,tail_miss,6,-0.8980803489685059,-0.9467613101005554,-0.8906086087226868,-0.9300938844680786,-0.04868096113204956,0.007471740245819092,-0.032013535499572754
A196TMEBP8NW5V,tail_miss,5,-1.8521941900253296,-1.6524845361709595,-1.707942247390747,-1.8375189304351807,0.19970965385437012,0.14425194263458252,0.014675259590148926
AD526SECC3I9D,tail_miss,7,-0.9968544244766235,-12.524786949157715,-1.0278042554855347,-14.77255916595459,-11.527932524681091,-0.030949831008911133,-13.775704741477966
A3EHBOOVOKKGPM,tail_miss,3,-6.391269207000732,-3.950420618057251,-6.4079694747924805,-5.772169589996338,2.4408485889434814,-0.016700267791748047,0.6190996170043945
A10IQD569MWNGU,tail_miss,3,-1.7282887697219849,-1.6296148300170898,-1.6993210315704346,-1.7192858457565308,0.09867393970489502,0.028967738151550293,0.009002923965454102
A2IW10BPHCYQG2,tail_miss,4,-4.0267157554626465,-5.84018087387085,-3.9324259757995605,-3.989215850830078,-1.8134651184082031,0.09428977966308594,0.03749990463256836
A2T0W3ZME4WJBY,tail_miss,4,-4.263531684875488,-3.9103682041168213,-4.065232276916504,-4.593491077423096,0.353163480758667,0.19829940795898438,-0.3299593925476074
A22R3BJQFKHU8A,tail_miss,3,-3.3418455123901367,-4.44882869720459,-3.2745609283447266,-3.4446959495544434,-1.1069831848144531,0.06728458404541016,-0.10285043716430664
AYZ29ZBL2B8VF,tail_miss,5,-1.9778144359588623,-2.4479568004608154,-1.9609181880950928,-2.399332046508789,-0.4701423645019531,0.01689624786376953,-0.42151761054992676
AH6HTC17RH71Y,tail_miss,3,-2.118837833404541,-3.0270824432373047,-2.1270885467529297,-1.6492130756378174,-0.9082446098327637,-0.008250713348388672,0.46962475776672363
A3H1JX52OBB3U9,tail_miss,5,-2.4314029216766357,-2.4073903560638428,-2.6679234504699707,-2.3167288303375244,0.02401256561279297,-0.23652052879333496,0.11467409133911133
ANWU4TAGX5G33,tail_miss,4,-3.5937628746032715,-3.236096143722534,-3.64554762840271,-3.532306432723999,0.3576667308807373,-0.05178475379943848,0.06145644187927246
AROWY2YEABR8E,tail_miss,3,-1.6875039339065552,-1.8046786785125732,-1.672102689743042,-1.5439262390136719,-0.11717474460601807,0.015401244163513184,0.1435776948928833
A2I43K8II44SSB,tail_miss,8,-1.1625796556472778,-1.8709690570831299,-1.1105543375015259,-1.184593915939331,-0.708389401435852,0.05202531814575195,-0.022014260292053223
AS7OZHGS6G1R5,tail_miss,4,-1.5931816101074219,-1.7418849468231201,-1.5924490690231323,-1.7223384380340576,-0.14870333671569824,0.0007325410842895508,-0.12915682792663574
A329RQ0HHOEMA3,tail_miss,7,-15.021462440490723,-12.724595069885254,-15.332677841186523,-14.284260749816895,2.2968673706054688,-0.3112154006958008,0.7372016906738281
A3Q0OTJCD33XEP,tail_miss,16,-1.8349745273590088,-1.798765778541565,-1.7597999572753906,-2.0727035999298096,0.03620874881744385,0.07517457008361816,-0.23772907257080078
A2WNKJ9YH6V2NP,tail_miss,6,-1.3213871717453003,-1.5237770080566406,-1.4135828018188477,-1.457797646522522,-0.20238983631134033,-0.09219563007354736,-0.13641047477722168
AMW870MJUQX4B,tail_miss,5,-1.5541880130767822,-2.4061503410339355,-1.5522406101226807,-1.68617844581604,-0.8519623279571533,0.0019474029541015625,-0.1319904327392578
AWE13F1HOCZNT,tail_miss,17,-3.1531805992126465,-5.291395664215088,-3.146714925765991,-3.2634694576263428,-2.1382150650024414,0.0064656734466552734,-0.11028885841369629
A368PK5Q7JEIQN,tail_miss,4,-5.877198696136475,-5.69705057144165,-5.912441730499268,-5.914680480957031,0.18014812469482422,-0.03524303436279297,-0.03748178482055664
AJ7O8R3PJRS8C,tail_miss,5,-1.70154869556427,-2.20259165763855,-1.6628004312515259,-1.7283860445022583,-0.5010429620742798,0.03874826431274414,-0.02683734893798828
AV4H59BHCWJ89,tail_miss,3,-2.7179176807403564,-2.392421245574951,-2.4932167530059814,-0.5832974314689636,0.3254964351654053,0.224700927734375,2.134620249271393
A6XVY732T2ZSW,tail_miss,3,-1.703608751296997,-1.8998597860336304,-1.6994258165359497,-1.7371180057525635,-0.1962510347366333,0.004182934761047363,-0.033509254455566406
A1C0TY8QPGL19I,tail_miss,5,-11.89951229095459,-11.003524780273438,-11.82386589050293,-12.139349937438965,0.8959875106811523,0.07564640045166016,-0.239837646484375
A1P1L268DFQLPT,tail_miss,5,-1.1669243574142456,-1.1685047149658203,-1.1943880319595337,-1.1246317625045776,-0.001580357551574707,-0.027463674545288086,0.04229259490966797
A1LG2IT336RBFF,tail_miss,3,-11.72679615020752,-9.766867637634277,-11.738286018371582,-11.502640724182129,1.9599285125732422,-0.0114898681640625,0.22415542602539062
A248JFAELVCDYE,tail_miss,6,-2.8575797080993652,-3.8447701930999756,-2.8288333415985107,-3.0711309909820557,-0.9871904850006104,0.028746366500854492,-0.21355128288269043
AXBWG5WX6JW7T,tail_miss,5,-1.8687585592269897,-2.0621349811553955,-1.9036668539047241,-1.7450302839279175,-0.19337642192840576,-0.034908294677734375,0.12372827529907227
A1181TKBXURMN2,tail_miss,5,-1.6995973587036133,-1.8709293603897095,-1.7128322124481201,-1.6800481081008911,-0.1713320016860962,-0.013234853744506836,0.019549250602722168
A1PITYCB7KQJ10,tail_miss,4,-2.5396430492401123,-2.8076884746551514,-2.5188965797424316,-2.5987305641174316,-0.26804542541503906,0.020746469497680664,-0.059087514877319336
AMXWBZYARV4H1,tail_miss,3,-1.358067274093628,-1.5174084901809692,-1.4542560577392578,-1.406671166419983,-0.1593412160873413,-0.09618878364562988,-0.04860389232635498
A1FAETFXIWAELQ,tail_miss,3,-1.9057090282440186,-2.2798385620117188,-1.909071683883667,-2.1262428760528564,-0.3741295337677002,-0.0033626556396484375,-0.2205338478088379
A1GAKL6SA09SRJ,tail_miss,6,-1.5327880382537842,-1.6839075088500977,-1.582850694656372,-1.5507631301879883,-0.15111947059631348,-0.05006265640258789,-0.0179750919342041
A2MR2NV52C9ON3,tail_miss,4,-2.665013551712036,-2.111117362976074,-2.6723649501800537,-2.438143014907837,0.5538961887359619,-0.007351398468017578,0.22687053680419922
A100WO06OQR8BQ,tail_miss,20,-5.965312480926514,-4.993816375732422,-5.923834323883057,-6.267264366149902,0.9714961051940918,0.04147815704345703,-0.30195188522338867
A100LIFNJYZWW7,tail_miss,3,-1.9893115758895874,-1.7850297689437866,-1.9900380373001099,-2.00062894821167,0.20428180694580078,-0.0007264614105224609,-0.01131737232208252
A1QOL7HS0W4VGN,tail_miss,4,-2.3911287784576416,-2.4432313442230225,-2.4127917289733887,-2.5698530673980713,-0.05210256576538086,-0.02166295051574707,-0.1787242889404297
A1IP7P5VTCA7XR,tail_miss,3,-1.9274466037750244,-2.4930965900421143,-1.9092113971710205,-2.2646334171295166,-0.5656499862670898,0.018235206604003906,-0.3371868133544922
A1QODBWBN5U9YE,tail_miss,6,-1.6911051273345947,-1.7415916919708252,-1.7142574787139893,-1.5276999473571777,-0.05048656463623047,-0.02315235137939453,0.163405179977417
A3KDU6P6JM1ONO,tail_miss,4,-2.3788645267486572,-2.68229341506958,-2.3819611072540283,-2.6432971954345703,-0.30342888832092285,-0.0030965805053710938,-0.2644326686859131
A38CI1SVH2HOB8,tail_miss,3,-1.7923027276992798,-1.8930118083953857,-1.7990248203277588,-1.8527172803878784,-0.10070908069610596,-0.006722092628479004,-0.06041455268859863
A28GQY33ZGQ5UP,tail_miss,7,-1.5359398126602173,-1.1491132974624634,-1.5651758909225464,-1.4539393186569214,0.3868265151977539,-0.0292360782623291,0.0820004940032959
A354TCYOGONO8U,tail_miss,3,-1.590706706047058,-0.5326939225196838,-1.7290717363357544,-1.0538666248321533,1.0580127835273743,-0.1383650302886963,0.5368400812149048
A58DF8Y9D4O1Y,tail_miss,9,-1.8911970853805542,-1.9271217584609985,-1.859512448310852,-2.0072293281555176,-0.035924673080444336,0.03168463706970215,-0.11603224277496338
A39E4H4LK0RB82,tail_miss,10,-1.9675356149673462,-1.9409724473953247,-1.968679428100586,-1.940110206604004,0.026563167572021484,-0.001143813133239746,0.027425408363342285
A249LHUAX530KK,tail_miss,11,-3.767242908477783,-7.005699157714844,-3.774019241333008,-4.002947807312012,-3.2384562492370605,-0.006776332855224609,-0.23570489883422852
A1A7TP1VT65WGJ,tail_miss,3,-1.3919111490249634,-1.242260217666626,-1.3484220504760742,-1.4293508529663086,0.1496509313583374,0.04348909854888916,-0.037439703941345215
A6D7XIL3CWQLS,tail_miss,3,-2.8479959964752197,-4.523378849029541,-3.29213547706604,-2.3557984828948975,-1.6753828525543213,-0.4441394805908203,0.49219751358032227
AXPKZA7UZXKTT,tail_miss,4,-1.2336413860321045,-1.0712816715240479,-1.2161308526992798,-1.0049985647201538,0.16235971450805664,0.017510533332824707,0.22864282131195068
A3HVB2J9UWBP6E,tail_miss,3,-1.8803199529647827,-2.0293080806732178,-1.963807463645935,-1.9535789489746094,-0.14898812770843506,-0.08348751068115234,-0.07325899600982666
A17FSRCBSVGSGG,tail_miss,3,-13.639790534973145,-12.315244674682617,-13.48625373840332,-13.770891189575195,1.3245458602905273,0.15353679656982422,-0.13110065460205078
A1E50L7PCVXLN4,tail_miss,15,-0.9799402952194214,-3.5336344242095947,-0.9918981194496155,-0.6984004378318787,-2.5536941289901733,-0.011957824230194092,0.2815398573875427
A2TB4KQYQ764IA,tail_miss,4,-2.313535213470459,-2.6703011989593506,-2.427637815475464,-2.1830344200134277,-0.3567659854888916,-0.11410260200500488,0.13050079345703125
AHO98BSDQCF13,tail_miss,4,-2.336989164352417,-3.0518736839294434,-2.435868501663208,-2.2812893390655518,-0.7148845195770264,-0.09887933731079102,0.055699825286865234
A1LBIZLET9CW1I,tail_miss,3,-1.470636248588562,-1.2439526319503784,-1.3603485822677612,-1.48744797706604,0.2266836166381836,0.11028766632080078,-0.016811728477478027
A2VR4OZF9O2OUM,tail_miss,3,-1.8471146821975708,-2.121101140975952,-1.8207844495773315,-1.9895479679107666,-0.27398645877838135,0.026330232620239258,-0.1424332857131958
A1VN9S26YLG3BI,tail_miss,3,-2.6932308673858643,-3.423374891281128,-2.7168126106262207,-2.7019362449645996,-0.7301440238952637,-0.023581743240356445,-0.008705377578735352
A1WBF5VZ8SLBYW,tail_miss,9,-1.830056071281433,-1.8673524856567383,-1.831594705581665,-1.7881096601486206,-0.037296414375305176,-0.0015386343002319336,0.0419464111328125
A2XFSEQBPL7N00,tail_miss,4,-1.9853347539901733,-1.7666797637939453,-1.966854214668274,-2.0284173488616943,0.21865499019622803,0.018480539321899414,-0.043082594871520996
A38Z2JBPM6GZ9Z,tail_miss,10,-1.2586108446121216,-0.8071830868721008,-1.272377610206604,-1.0007506608963013,0.45142775774002075,-0.013766765594482422,0.2578601837158203
A3QTZ8OHWM4WNN,tail_miss,5,-1.9662092924118042,-1.6696404218673706,-1.8802673816680908,-2.6907660961151123,0.2965688705444336,0.08594191074371338,-0.7245568037033081
A1X8GXHWVS2AU,tail_miss,3,-13.589262008666992,-12.365342140197754,-13.96640682220459,-13.224188804626465,1.2239198684692383,-0.37714481353759766,0.36507320404052734
A2MZOT5G9RPUIQ,tail_miss,3,-2.2823774814605713,-2.200690269470215,-2.308336019515991,-2.2183001041412354,0.08168721199035645,-0.025958538055419922,0.06407737731933594
A16K708ROGFYER,tail_miss,3,-1.3488107919692993,-1.8305600881576538,-1.3253687620162964,-1.5833851099014282,-0.4817492961883545,0.02344202995300293,-0.2345743179321289
A1Z77BZWQTRIBM,tail_miss,6,-5.478524208068848,-2.1118266582489014,-5.543131351470947,-3.903860330581665,3.3666975498199463,-0.06460714340209961,1.5746638774871826
A3Q0L67RW94UPS,tail_miss,5,-1.0424000024795532,-1.4778493642807007,-1.0073264837265015,-0.9176515340805054,-0.43544936180114746,0.03507351875305176,0.12474846839904785
A8IW9RWHFC18Q,tail_miss,9,-1.4326385259628296,-1.1475722789764404,-1.5031213760375977,-1.7162240743637085,0.28506624698638916,-0.07048285007476807,-0.2835855484008789
A38CWW0XU1HMTQ,tail_miss,5,-1.9311161041259766,-2.944258213043213,-1.9132710695266724,-1.8804521560668945,-1.0131421089172363,0.0178450345993042,0.05066394805908203
A2GFS17LT7K6QV,tail_miss,7,-1.433929681777954,-0.8060187697410583,-1.3800781965255737,-2.647503137588501,0.6279109120368958,0.05385148525238037,-1.2135734558105469
A2FC24ZIW1KUM8,tail_miss,4,-1.459879755973816,-1.377001404762268,-1.5002413988113403,-1.2921934127807617,0.08287835121154785,-0.040361642837524414,0.1676863431930542
A1MAKGYFY93A9J,tail_miss,14,-13.565653800964355,-9.595995903015137,-13.401262283325195,-13.976472854614258,3.9696578979492188,0.16439151763916016,-0.41081905364990234
A1264HDM471B5S,tail_miss,3,-1.8119418621063232,-1.8297712802886963,-1.8425668478012085,-1.754815697669983,-0.017829418182373047,-0.030624985694885254,0.05712616443634033
AVYV7GG3JUKT3,tail_miss,8,-1.3467284440994263,-1.444035291671753,-1.3610899448394775,-1.365319013595581,-0.09730684757232666,-0.01436150074005127,-0.018590569496154785
A1GHKSWT15FDWU,tail_miss,4,-11.055723190307617,-10.611334800720215,-10.822291374206543,-11.264276504516602,0.44438838958740234,0.23343181610107422,-0.20855331420898438
A1FWN4IK6CB0Q7,tail_miss,3,-2.0367493629455566,-1.730343222618103,-2.1012251377105713,-1.8059498071670532,0.3064061403274536,-0.06447577476501465,0.23079955577850342
A2X966QHQ3049V,tail_miss,16,-1.6363484859466553,-1.8053604364395142,-1.6593883037567139,-1.3985588550567627,-0.1690119504928589,-0.023039817810058594,0.23778963088989258
A239E3A3LVOVW1,tail_miss,3,-2.4867680072784424,-2.256613254547119,-2.453052282333374,-2.3080101013183594,0.23015475273132324,0.03371572494506836,0.178757905960083
A1Q8N5LKI9E85S,tail_miss,11,-13.169387817382812,-12.169105529785156,-13.309850692749023,-12.488800048828125,1.0002822875976562,-0.14046287536621094,0.6805877685546875
ALC8EJHRWBZ07,tail_miss,8,-1.3120810985565186,-1.6100218296051025,-1.314634084701538,-1.2727247476577759,-0.297940731048584,-0.0025529861450195312,0.039356350898742676
AXMFZBD96CA3M,tail_miss,14,-1.8440202474594116,-1.8137856721878052,-1.705344557762146,-1.8686424493789673,0.030234575271606445,0.13867568969726562,-0.024622201919555664
A3TXHPAO3JJ1JU,tail_miss,8,-1.455268144607544,-1.4342519044876099,-1.462866187095642,-1.355263590812683,0.021016240119934082,-0.0075980424880981445,0.10000455379486084
A2C8HULEBK0LFP,tail_miss,5,-3.5311412811279297,-4.531630516052246,-3.6116464138031006,-3.398524522781372,-1.0004892349243164,-0.0805051326751709,0.13261675834655762
A3C4692KE4G6TD,tail_miss,3,-2.0015714168548584,-2.881904363632202,-1.9753576517105103,-2.2045140266418457,-0.8803329467773438,0.026213765144348145,-0.2029426097869873
A2IT5J4H9MHB2Z,tail_miss,3,-1.446472406387329,-1.4787782430648804,-1.4332506656646729,-1.4498529434204102,-0.03230583667755127,0.01322174072265625,-0.0033805370330810547
A2M3XTDFN5UXMG,tail_miss,3,-1.4960658550262451,-1.718194842338562,-1.6701276302337646,-1.2838430404663086,-0.2221289873123169,-0.17406177520751953,0.21222281455993652
A3UY4EQZ1OKQ73,tail_miss,5,-1.5763132572174072,-1.7185500860214233,-1.541790246963501,-1.4879108667373657,-0.1422368288040161,0.03452301025390625,0.0884023904800415
