sample_key,target_group,baseline_rank,candidate_rank,union_covered,baseline_Recall@10,baseline_NDCG@10,baseline_Recall@50,candidate_Recall@10,candidate_NDCG@10,candidate_Recall@50,changed,broad_harm,residual_spread,safety_multiplier,attenuated
A10LDZZNWWD2GY:validation:B000NTZL7U,head,,,0,0.0,0.0,0.0,0.0,0.0,0.0,0,0,0.31117743253707886,1.0,0
A10Y9550W7Z8CG:validation:B000MOL2GU,tail,,,0,0.0,0.0,0.0,0.0,0.0,0.0,0,0,0.3080346882343292,1.0,0
A10YWQ4AAAE29O:validation:B00EX5K1GG,tail,,,0,0.0,0.0,0.0,0.0,0.0,0.0,0,0,0.30862942337989807,1.0,0
A10ZA4JE3XITIM:validation:B002S52VU2,head,1,1,1,1.0,1.0,1.0,1.0,1.0,1.0,0,0,0.3068868815898895,1.0,0
A11ED8O95W2103:validation:B001FVSZAK,tail,,,0,0.0,0.0,0.0,0.0,0.0,0.0,0,0,0.3100416958332062,1.0,0
A11EXFO14WEJM1:validation:B009Q3JECW,head,3,3,1,1.0,0.5,1.0,1.0,0.5,1.0,0,0,0.3081415891647339,1.0,0
A11N2UZ48TJT48:validation:B005F22DJE,tail,,,0,0.0,0.0,0.0,0.0,0.0,0.0,0,0,0.309106707572937,1.0,0
A11O1Y3VBLI296:validation:B008B68HKA,head,,,0,0.0,0.0,0.0,0.0,0.0,0.0,0,0,0.3046259880065918,1.0,0
A11PBW07NQR2NR:validation:B002SQW38Q,head,,,0,0.0,0.0,0.0,0.0,0.0,0.0,0,0,0.31086042523384094,1.0,0
A11TPY4XQKYTZU:validation:B004M13Z7S,tail,,,0,0.0,0.0,0.0,0.0,0.0,0.0,0,0,0.36936914920806885,1.0,0
A11WNE1N8SZDFP:validation:B0015399MG,head,,,0,0.0,0.0,0.0,0.0,0.0,0.0,0,0,0.31185317039489746,1.0,0
A126RFSNWYW21B:validation:B000GL1EEE,head,,,0,0.0,0.0,0.0,0.0,0.0,0.0,0,0,0.306069552898407,1.0,0
A12E8O2LHQ74EO:validation:B0037UT3E4,head,,,0,0.0,0.0,0.0,0.0,0.0,0.0,0,0,0.30622515082359314,1.0,0
A1313C3DLBAL73:validation:B00AXE639A,tail,,,0,0.0,0.0,0.0,0.0,0.0,0.0,0,0,0.31127631664276123,1.0,0
A1336TTPYUZKXU:validation:B004L62WS2,tail,,,0,0.0,0.0,0.0,0.0,0.0,0.0,0,0,0.33944791555404663,1.0,0
A1356MMYO31WB6:validation:B001EWC5M4,head,9,8,1,1.0,0.3010299956639812,1.0,1.0,0.31546487678572877,1.0,1,0,0.31134292483329773,1.0,0
A13ALI86MWHTGT:validation:B0002MOJ62,tail,,,0,0.0,0.0,0.0,0.0,0.0,0.0,0,0,0.3064507842063904,1.0,0
A13GYW7ACIY06A:validation:B008JNPBYK,head,1,1,1,1.0,1.0,1.0,1.0,1.0,1.0,0,0,0.33842897415161133,1.0,0
A13J2PGKNMJG1K:validation:B004478GDS,tail,,,0,0.0,0.0,0.0,0.0,0.0,0.0,0,0,0.3703191578388214,1.0,0
A13KY55EVOPUGF:validation:B000M3QJPU,head,,,0,0.0,0.0,0.0,0.0,0.0,0.0,0,0,0.30915647745132446,1.0,0
A13PCCEY84UW1K:validation:B001BKX0V4,head,23,21,1,0.0,0.0,1.0,0.0,0.0,1.0,1,0,0.36832520365715027,1.0,0
A146J614ZNX0BT:validation:B00GA675FQ,tail,,85,1,0.0,0.0,0.0,0.0,0.0,0.0,1,0,0.3114016652107239,1.0,0
A14C65X2PJPQMT:validation:B00CP4J7OY,head,2,2,1,1.0,0.6309297535714575,1.0,1.0,0.6309297535714575,1.0,0,0,0.31336915493011475,1.0,0
A14CVEI1DOKF7Q:validation:B00160JPMC,tail,6,6,1,1.0,0.3562071871080222,1.0,1.0,0.3562071871080222,1.0,0,0,0.3359450399875641,1.0,0
A14CW5YAG08MO6:validation:B006O6EPP0,tail,12,9,1,0.0,0.0,1.0,1.0,0.3010299956639812,1.0,1,0,0.3056090772151947,1.0,0
A14E7LZASLSX36:validation:B00FBW5E7G,tail,,,0,0.0,0.0,0.0,0.0,0.0,0.0,0,0,0.31218820810317993,1.0,0
A14ENWEKTHCBXR:validation:B004P9591C,head,,,0,0.0,0.0,0.0,0.0,0.0,0.0,0,0,0.3096676468849182,1.0,0
A14LQ0GV9JXT6F:validation:B00CMNX7VW,tail,,,0,0.0,0.0,0.0,0.0,0.0,0.0,0,0,0.3356286287307739,1.0,0
A14OQ67LM79KW3:validation:B00FAQVY5E,head,,,0,0.0,0.0,0.0,0.0,0.0,0.0,0,0,0.30900809168815613,1.0,0
A14PZVC6FDG1FL:validation:B007Q0OQCK,tail,,,0,0.0,0.0,0.0,0.0,0.0,0.0,0,0,0.3044542074203491,1.0,0
A14QQFIVO73XG9:validation:B00BN6QAXQ,head,1,1,1,1.0,1.0,1.0,1.0,1.0,1.0,0,0,0.3094189167022705,1.0,0
A14VE1EM6EIFLS:validation:B00G4T7LC6,tail,,,0,0.0,0.0,0.0,0.0,0.0,0.0,0,0,0.33664923906326294,1.0,0
A14WVDQ9TWYB93:validation:B00EEWAFSM,tail,,,0,0.0,0.0,0.0,0.0,0.0,0.0,0,0,0.30731451511383057,1.0,0
A14ZCQ9EUWPCV4:validation:B0051EZAI2,tail,,,0,0.0,0.0,0.0,0.0,0.0,0.0,0,0,0.3114699125289917,1.0,0
A150V36Q39CNU2:validation:B006O6FMOI,head,,,0,0.0,0.0,0.0,0.0,0.0,0.0,0,0,0.33537760376930237,1.0,0
A156PKEO21TGZ9:validation:B00006JZCS,head,,,0,0.0,0.0,0.0,0.0,0.0,0.0,0,0,0.3088284432888031,1.0,0
A15EUA6JKON9AI:validation:B003P4TW70,tail,,,0,0.0,0.0,0.0,0.0,0.0,0.0,0,0,0.36925268173217773,1.0,0
A15VYUTPS6KSJI:validation:B001DI4VN0,head,,,0,0.0,0.0,0.0,0.0,0.0,0.0,0,0,0.36922794580459595,1.0,0
A1672J4AWS5E6G:validation:B0012NSMEK,tail,,,0,0.0,0.0,0.0,0.0,0.0,0.0,0,0,0.33545219898223877,1.0,0
A16N4QIGE921LK:validation:B00073JTQQ,head,,,0,0.0,0.0,0.0,0.0,0.0,0.0,0,0,0.3094812035560608,1.0,0
A16Z2OECAUX8Z4:validation:B00CKH9URU,head,16,8,1,0.0,0.0,1.0,1.0,0.31546487678572877,1.0,1,0,0.3688654899597168,1.0,0
A178RZD8XBU145:validation:B007Y9N46W,tail,,,0,0.0,0.0,0.0,0.0,0.0,0.0,0,0,0.3057039678096771,1.0,0
A17CP110C6E9KF:validation:B00804BDBI,head,,,0,0.0,0.0,0.0,0.0,0.0,0.0,0,0,0.30791008472442627,1.0,0
A17ENFSHA5PSI8:validation:B000FH18FY,head,,,0,0.0,0.0,0.0,0.0,0.0,0.0,0,0,0.3350505828857422,1.0,0
A17G0JG8F053K1:validation:B00CNBGUJE,tail,,,0,0.0,0.0,0.0,0.0,0.0,0.0,0,0,0.30706703662872314,1.0,0
A17GPKMH59TVTW:validation:B00B2HH10M,head,,,0,0.0,0.0,0.0,0.0,0.0,0.0,0,0,0.3080105483531952,1.0,0
A17M1HL6U2GS7M:validation:B00DECZ5AQ,head,,,0,0.0,0.0,0.0,0.0,0.0,0.0,0,0,0.30989816784858704,1.0,0
A17S69E1UBCTXT:validation:B003AZZSPE,tail,,,0,0.0,0.0,0.0,0.0,0.0,0.0,0,0,0.3014174699783325,1.0,0
A17SJW9IHJ2O1X:validation:B007EA4UBY,head,,,0,0.0,0.0,0.0,0.0,0.0,0.0,0,0,0.30616313219070435,1.0,0
A17T1ADLB2YWZR:validation:B00CE3JGJW,tail,,,0,0.0,0.0,0.0,0.0,0.0,0.0,0,0,0.3092478811740875,1.0,0
A17UEV3W4G7WJL:validation:B007TNU1XM,tail,,,0,0.0,0.0,0.0,0.0,0.0,0.0,0,0,0.30878347158432007,1.0,0
A17Y465UXZOJE3:validation:B00006IFJ5,tail,,,0,0.0,0.0,0.0,0.0,0.0,0.0,0,0,0.3292299807071686,1.0,0
A181XY4FUF2B7:validation:B0002D0FDW,head,4,3,1,1.0,0.43067655807339306,1.0,1.0,0.5,1.0,1,0,0.32341358065605164,1.0,0
A183VX9JGPARDF:validation:B00383GDXE,tail,,,0,0.0,0.0,0.0,0.0,0.0,0.0,0,0,0.3076741099357605,1.0,0
A184K5PFSEL337:validation:B003AY5TMC,tail,,,0,0.0,0.0,0.0,0.0,0.0,0.0,0,0,0.30987563729286194,1.0,0
A1885UAX29RY9E:validation:B001QBTAOY,head,,,0,0.0,0.0,0.0,0.0,0.0,0.0,0,0,0.30669283866882324,1.0,0
A18EUQFB1I3CGA:validation:0786955708,tail,,,0,0.0,0.0,0.0,0.0,0.0,0.0,0,0,0.30942732095718384,1.0,0
A18HXCX01R60ZB:validation:B002M78DRQ,head,,,0,0.0,0.0,0.0,0.0,0.0,0.0,0,0,0.30680134892463684,1.0,0
A197S3BB25FROT:validation:B004UU9WIM,tail,,,0,0.0,0.0,0.0,0.0,0.0,0.0,0,0,0.3072977364063263,1.0,0
A198M311Q3VRYF:validation:B003B7Q5YY,tail,,,0,0.0,0.0,0.0,0.0,0.0,0.0,0,0,0.30703648924827576,1.0,0
A19DKZL5LXNSGI:validation:B0093N52IK,tail,,,0,0.0,0.0,0.0,0.0,0.0,0.0,0,0,0.3691652715206146,1.0,0
A19GHDKYQJ35GB:validation:B001H1O2PK,tail,,,0,0.0,0.0,0.0,0.0,0.0,0.0,0,0,0.33148735761642456,1.0,0
A19IR9JE0IF9T5:validation:B0013J5QQ0,tail,,,0,0.0,0.0,0.0,0.0,0.0,0.0,0,0,0.31223857402801514,1.0,0
A19PXF7ZL9J1Y:validation:B000NP7PD2,tail,,,0,0.0,0.0,0.0,0.0,0.0,0.0,0,0,0.3057065010070801,1.0,0
A19TKRB4LR9ZX0:validation:B000OCP19Y,tail,,,0,0.0,0.0,0.0,0.0,0.0,0.0,0,0,0.3390110433101654,1.0,0
A19UHXW192RJB1:validation:B000UW1ODA,tail,,,0,0.0,0.0,0.0,0.0,0.0,0.0,0,0,0.30556046962738037,1.0,0
A19V870WELGTVP:validation:B0037UP960,tail,,,0,0.0,0.0,0.0,0.0,0.0,0.0,0,0,0.31036657094955444,1.0,0
A19XM9DIPHOBBL:validation:B00000IZC9,tail,,,0,0.0,0.0,0.0,0.0,0.0,0.0,0,0,0.307813823223114,1.0,0
A19XMHRB3G4DIR:validation:B003F7YMG8,head,,,0,0.0,0.0,0.0,0.0,0.0,0.0,0,0,0.3088871240615845,1.0,0
A19Z4IDNL1MGG4:validation:B00DJLUPH0,tail,,,0,0.0,0.0,0.0,0.0,0.0,0.0,0,0,0.3066003918647766,1.0,0
A1A8QJP6F6YUU4:validation:1616613807,head,1,1,1,1.0,1.0,1.0,1.0,1.0,1.0,0,0,0.3146440386772156,1.0,0
A1AAFR3IFDNV7A:validation:B004CFBYFO,tail,,,0,0.0,0.0,0.0,0.0,0.0,0.0,0,0,0.31322839856147766,1.0,0
A1AR6ZYFKZXT7U:validation:B0013J2JW4,tail,,,0,0.0,0.0,0.0,0.0,0.0,0.0,0,0,0.3067048192024231,1.0,0
A1AU09IM8WDW8B:validation:B00AHKIPSC,tail,,,0,0.0,0.0,0.0,0.0,0.0,0.0,0,0,0.3048641085624695,1.0,0
A1BCELALEBRHRN:validation:B003IXQCFI,tail,,,0,0.0,0.0,0.0,0.0,0.0,0.0,0,0,0.3096408247947693,1.0,0
A1BPEZTXGJNZEP:validation:B001IEYXAA,head,,,0,0.0,0.0,0.0,0.0,0.0,0.0,0,0,0.3089852035045624,1.0,0
A1BTS3E7A1T88J:validation:B001Q1CHAI,tail,2,2,1,1.0,0.6309297535714575,1.0,1.0,0.6309297535714575,1.0,0,0,0.30967414379119873,1.0,0
A1BV0Q19807NU1:validation:B0032O3I9Q,tail,,,0,0.0,0.0,0.0,0.0,0.0,0.0,0,0,0.3487417697906494,1.0,0
A1C19MMLBEY1DC:validation:B00004WCI0,tail,,,0,0.0,0.0,0.0,0.0,0.0,0.0,0,0,0.309129536151886,1.0,0
A1C61SUAZAOLGO:validation:B001TJES2M,tail,,,0,0.0,0.0,0.0,0.0,0.0,0.0,0,0,0.30795368552207947,1.0,0
A1C8GULXKPZF8V:validation:B0085MOPM4,tail,,,0,0.0,0.0,0.0,0.0,0.0,0.0,0,0,0.30906933546066284,1.0,0
A1C9HQ28WIKFN0:validation:B0045OV8NU,tail,,,0,0.0,0.0,0.0,0.0,0.0,0.0,0,0,0.335755318403244,1.0,0
A1CC3G24842BG6:validation:B002LE32EE,tail,,52,1,0.0,0.0,0.0,0.0,0.0,0.0,1,0,0.3185178339481354,1.0,0
A1CO9BE1EX533H:validation:B003C1FO5U,head,,,0,0.0,0.0,0.0,0.0,0.0,0.0,0,0,0.30806028842926025,1.0,0
A1CR5F9SON7A15:validation:B0039S7NO6,head,2,2,1,1.0,0.6309297535714575,1.0,1.0,0.6309297535714575,1.0,0,0,0.3689749240875244,1.0,0
A1CVOZ5UIXB5W5:validation:B002YITFB6,tail,,,0,0.0,0.0,0.0,0.0,0.0,0.0,0,0,0.30778390169143677,1.0,0
A1CZX3CP8IKQIJ:validation:B001LF3SZ2,tail,1,1,1,1.0,1.0,1.0,1.0,1.0,1.0,0,0,0.31126704812049866,1.0,0
A1D1IDI5S9TN9D:validation:B00EDBYHPQ,tail,,,0,0.0,0.0,0.0,0.0,0.0,0.0,0,0,0.3082869350910187,1.0,0
A1D5XZ5NKK07XE:validation:B0007WWZL8,tail,,,0,0.0,0.0,0.0,0.0,0.0,0.0,0,0,0.30706602334976196,1.0,0
A1D7UE3ILUOIK0:validation:B003A6EMB4,tail,,,0,0.0,0.0,0.0,0.0,0.0,0.0,0,0,0.30845075845718384,1.0,0
A1DOG75V4DP366:validation:B007QNDWB8,tail,,,0,0.0,0.0,0.0,0.0,0.0,0.0,0,0,0.3105829954147339,1.0,0
A1DP5M6MBBB37W:validation:B00C74HWWQ,tail,,,0,0.0,0.0,0.0,0.0,0.0,0.0,0,0,0.3088502287864685,1.0,0
A1DSEEQ3RWMTBM:validation:B000VO3GPG,head,1,1,1,1.0,1.0,1.0,1.0,1.0,1.0,0,0,0.3103492259979248,1.0,0
A1DTV8HMAZLE69:validation:B007AQ22PS,tail,,87,1,0.0,0.0,0.0,0.0,0.0,0.0,1,0,0.3693424165248871,1.0,0
A1DX9NSQKCTPR3:validation:B00DR2VOJO,head,,,0,0.0,0.0,0.0,0.0,0.0,0.0,0,0,0.30544766783714294,1.0,0
A1E723A6KDXQJQ:validation:B00CQHZ2LW,tail,,,0,0.0,0.0,0.0,0.0,0.0,0.0,0,0,0.3078932762145996,1.0,0
A1EC0N43JWJ7R3:validation:B00C2P73QK,tail,,,0,0.0,0.0,0.0,0.0,0.0,0.0,0,0,0.3102293610572815,1.0,0
A1EJ79Q0TVR2NJ:validation:0735321396,tail,,,0,0.0,0.0,0.0,0.0,0.0,0.0,0,0,0.3089580833911896,1.0,0
A1EPJ1WT9GDMLO:validation:B001PL7R7M,tail,,,0,0.0,0.0,0.0,0.0,0.0,0.0,0,0,0.3100610673427582,1.0,0
A1EYJR8G44K1UT:validation:B00AKUAI02,tail,,,0,0.0,0.0,0.0,0.0,0.0,0.0,0,0,0.3125319480895996,1.0,0
A1FI3FNLU8NES0:validation:B0015GMFNS,head,,,0,0.0,0.0,0.0,0.0,0.0,0.0,0,0,0.36835482716560364,1.0,0
A1FII6B4HLS8XR:validation:B004U52VPS,head,,,0,0.0,0.0,0.0,0.0,0.0,0.0,0,0,0.3101920485496521,1.0,0
A1FKT49W9YCSTW:validation:B000067BIE,tail,,,0,0.0,0.0,0.0,0.0,0.0,0.0,0,0,0.3104626536369324,1.0,0
A1FOL3WNG4G13H:validation:B00BQYR110,head,,,0,0.0,0.0,0.0,0.0,0.0,0.0,0,0,0.36945009231567383,1.0,0
A1FPVTPIJF9IIQ:validation:B000197NXM,head,,,0,0.0,0.0,0.0,0.0,0.0,0.0,0,0,0.3016499876976013,1.0,0
A1FWFCJU2G7TRA:validation:B00CUDE2G8,tail,1,1,1,1.0,1.0,1.0,1.0,1.0,1.0,0,0,0.3082546591758728,1.0,0
A1FY4RR0LGCJ0Q:validation:B00A8VJC7S,tail,,,0,0.0,0.0,0.0,0.0,0.0,0.0,0,0,0.36865487694740295,1.0,0
A1G44CSFS5AF6B:validation:B0012534TG,tail,,,0,0.0,0.0,0.0,0.0,0.0,0.0,0,0,0.30636361241340637,1.0,0
A1G6PV3DQ3FR67:validation:B004INGVIK,head,,,0,0.0,0.0,0.0,0.0,0.0,0.0,0,0,0.3690817058086395,1.0,0
A1G9ZSWYWORQYD:validation:B001EB9F3C,head,,,0,0.0,0.0,0.0,0.0,0.0,0.0,0,0,0.31055307388305664,1.0,0
A1GCOURMTPXKWI:validation:B002BY2BVE,head,,,0,0.0,0.0,0.0,0.0,0.0,0.0,0,0,0.309116005897522,1.0,0
A1GD0AWPQWYHD0:validation:B008DBZBUC,head,3,3,1,1.0,0.5,1.0,1.0,0.5,1.0,0,0,0.30630481243133545,1.0,0
A1GE065MNI4G1E:validation:B008RU8GC4,head,3,3,1,1.0,0.5,1.0,1.0,0.5,1.0,0,0,0.3101348578929901,1.0,0
A1GQAKL9CGQLP1:validation:1589947207,tail,,94,1,0.0,0.0,0.0,0.0,0.0,0.0,1,0,0.31489014625549316,1.0,0
A1GQJWDR6EXCC6:validation:B007WDPXFK,tail,,,0,0.0,0.0,0.0,0.0,0.0,0.0,0,0,0.31490692496299744,1.0,0
A1H2HMGA4ZYU5X:validation:B008O6Q7D6,tail,,,0,0.0,0.0,0.0,0.0,0.0,0.0,0,0,0.3684552311897278,1.0,0
A1H3RXPWFOUCHS:validation:B001RPWM7Q,head,,,0,0.0,0.0,0.0,0.0,0.0,0.0,0,0,0.3120608925819397,1.0,0
A1H48O9C28RI2H:validation:B005GXVW62,tail,,,0,0.0,0.0,0.0,0.0,0.0,0.0,0,0,0.3697783052921295,1.0,0
A1H6AY9HN15483:validation:B00804BCO6,head,,,0,0.0,0.0,0.0,0.0,0.0,0.0,0,0,0.3085134029388428,1.0,0
A1HBC0NBQJHT7X:validation:B00BFRNQL2,head,33,33,1,0.0,0.0,1.0,0.0,0.0,1.0,0,0,0.3098457455635071,1.0,0
A1HCBSMBCI2Q5G:validation:B002NPBT50,head,13,12,1,0.0,0.0,1.0,0.0,0.0,1.0,1,0,0.3680305778980255,1.0,0
A1HCCA1A6MUQVE:validation:B00005NQE8,head,,,0,0.0,0.0,0.0,0.0,0.0,0.0,0,0,0.31203508377075195,1.0,0
A1HH3UI5ZFQ1I9:validation:B000ZL7EIU,tail,,,0,0.0,0.0,0.0,0.0,0.0,0.0,0,0,0.3357923626899719,1.0,0
A1HJV5IHYTBXEQ:validation:B00168PI9S,tail,,,0,0.0,0.0,0.0,0.0,0.0,0.0,0,0,0.3685447871685028,1.0,0
A1HLSEQ9SPO3JR:validation:B001D1FP46,tail,,,0,0.0,0.0,0.0,0.0,0.0,0.0,0,0,0.3111160397529602,1.0,0
A1HP8DP7RKUPKA:validation:B0012QVOVA,tail,,,0,0.0,0.0,0.0,0.0,0.0,0.0,0,0,0.3551926612854004,1.0,0
A1HTUXCH7LIRVM:validation:B006OG75ES,tail,,,0,0.0,0.0,0.0,0.0,0.0,0.0,0,0,0.30495935678482056,1.0,0
A1HYH206E18XVC:validation:B00FY2P7IY,head,,,0,0.0,0.0,0.0,0.0,0.0,0.0,0,0,0.36943429708480835,1.0,0
A1I04FUHARXJWN:validation:B000YEPPF2,head,,,0,0.0,0.0,0.0,0.0,0.0,0.0,0,0,0.312086284160614,1.0,0
A1I4YAA9N1VVU7:validation:B002PEGT9U,tail,,,0,0.0,0.0,0.0,0.0,0.0,0.0,0,0,0.30738240480422974,1.0,0
A1I5JB80670KFG:validation:B004D28JP4,tail,,,0,0.0,0.0,0.0,0.0,0.0,0.0,0,0,0.31223225593566895,1.0,0
A1I7QGUDP043DG:validation:B00B1Z6FKW,head,,,0,0.0,0.0,0.0,0.0,0.0,0.0,0,0,0.33699190616607666,1.0,0
A1ID0AUZ7IPWFD:validation:B004NSUIJ8,tail,,,0,0.0,0.0,0.0,0.0,0.0,0.0,0,0,0.30828142166137695,1.0,0
A1IIPTAUYV9P2D:validation:B000GR75SC,head,,,0,0.0,0.0,0.0,0.0,0.0,0.0,0,0,0.3080386519432068,1.0,0
A1IIYPO3ECU2H2:validation:B0000C9WI1,head,,,0,0.0,0.0,0.0,0.0,0.0,0.0,0,0,0.3191099762916565,1.0,0
A1IMQMCNJ6HGN4:validation:B00004TFXT,head,,,0,0.0,0.0,0.0,0.0,0.0,0.0,0,0,0.3704831004142761,1.0,0
A1IN9LVY9QL620:validation:B000ECU7FM,tail,,,0,0.0,0.0,0.0,0.0,0.0,0.0,0,0,0.3074694871902466,1.0,0
A1IUC62RU8FI29:validation:B00875JE0C,head,,,0,0.0,0.0,0.0,0.0,0.0,0.0,0,0,0.3377968668937683,1.0,0
A1J2F47CJVXQ1M:validation:B00A92GKI0,tail,,,0,0.0,0.0,0.0,0.0,0.0,0.0,0,0,0.33885419368743896,1.0,0
A1J5FNJLW42BL8:validation:B0015344GM,tail,,,0,0.0,0.0,0.0,0.0,0.0,0.0,0,0,0.3062998652458191,1.0,0
A1J5R351ZA5JZS:validation:B003H9MSO2,tail,,,0,0.0,0.0,0.0,0.0,0.0,0.0,0,0,0.30984434485435486,1.0,0
A1J8Y90DLZDTB:validation:B000F5SF52,tail,,,0,0.0,0.0,0.0,0.0,0.0,0.0,0,0,0.31221312284469604,1.0,0
A1JD329EJOEY99:validation:B004P4TG2A,tail,,,0,0.0,0.0,0.0,0.0,0.0,0.0,0,0,0.3089044988155365,1.0,0
A1JERA6E5NTJQK:validation:B005QZP964,head,,,0,0.0,0.0,0.0,0.0,0.0,0.0,0,0,0.30739259719848633,1.0,0
A1JL84URLR9Q3O:validation:B004Z7H2EQ,head,,,0,0.0,0.0,0.0,0.0,0.0,0.0,0,0,0.30698075890541077,1.0,0
A1JR0017OUNGC9:validation:B000068E3J,head,,,0,0.0,0.0,0.0,0.0,0.0,0.0,0,0,0.30817416310310364,1.0,0
A1JTG2AJ38OHKO:validation:B001OXRTX8,head,,,0,0.0,0.0,0.0,0.0,0.0,0.0,0,0,0.30832457542419434,1.0,0
A1JZGRS68RAQ4Y:validation:B00712NTWQ,head,,,0,0.0,0.0,0.0,0.0,0.0,0.0,0,0,0.37005794048309326,1.0,0
A1K1YV2K1958SE:validation:B008W1BQMU,tail,,,0,0.0,0.0,0.0,0.0,0.0,0.0,0,0,0.31611284613609314,1.0,0
A1K1Z8XHZLATOJ:validation:B008O6Q8H6,tail,,,0,0.0,0.0,0.0,0.0,0.0,0.0,0,0,0.3427043855190277,1.0,0
A1K2EM1HZ2IE68:validation:B004ORS0JI,tail,,,0,0.0,0.0,0.0,0.0,0.0,0.0,0,0,0.3089638352394104,1.0,0
A1KBLY3361QYZZ:validation:B0053FXGE4,head,,,0,0.0,0.0,0.0,0.0,0.0,0.0,0,0,0.3695843815803528,1.0,0
A1KF6JMD1F0X0W:validation:B004M2HNO8,tail,,,0,0.0,0.0,0.0,0.0,0.0,0.0,0,0,0.3348720371723175,1.0,0
A1KHLGSQO7G7J0:validation:B004OSQOHW,tail,,97,1,0.0,0.0,0.0,0.0,0.0,0.0,1,0,0.3700197637081146,1.0,0
A1KKSZCWTDPMGJ:validation:B0043GKM7S,tail,,,0,0.0,0.0,0.0,0.0,0.0,0.0,0,0,0.3105221092700958,1.0,0
A1KRYEH6EDGQ6E:validation:B000K8FYAS,head,5,4,1,1.0,0.38685280723454163,1.0,1.0,0.43067655807339306,1.0,1,0,0.37003424763679504,1.0,0
A1KVXPIUWAAG3K:validation:B004ORV2WK,head,,,0,0.0,0.0,0.0,0.0,0.0,0.0,0,0,0.30816930532455444,1.0,0
A1KWPIORLG2QV:validation:B005XVCR48,head,,,0,0.0,0.0,0.0,0.0,0.0,0.0,0,0,0.30649396777153015,1.0,0
A1L6YMKSJZ9UZA:validation:B00G69PTKK,tail,,,0,0.0,0.0,0.0,0.0,0.0,0.0,0,0,0.3067370057106018,1.0,0
A1LBKAHPJ9D9LI:validation:B009Y96PDO,tail,,,0,0.0,0.0,0.0,0.0,0.0,0.0,0,0,0.30938079953193665,1.0,0
A1LBSP9CGIBC6S:validation:B00CP4J7OY,head,,,0,0.0,0.0,0.0,0.0,0.0,0.0,0,0,0.30751264095306396,1.0,0
A1LK5QH0EYEGM2:validation:B000SDPYMS,tail,,,0,0.0,0.0,0.0,0.0,0.0,0.0,0,0,0.30831319093704224,1.0,0
A1LM6BUPDBM31S:validation:B0002HYD1S,head,,,0,0.0,0.0,0.0,0.0,0.0,0.0,0,0,0.3075449466705322,1.0,0
A1LOW0ABH5WFQ8:validation:B00804BCLY,tail,,,0,0.0,0.0,0.0,0.0,0.0,0.0,0,0,0.3099899888038635,1.0,0
A1LPTSTVZJ21PD:validation:B004PBJFO2,head,,,0,0.0,0.0,0.0,0.0,0.0,0.0,0,0,0.3082202076911926,1.0,0
A1LRGXJ3AODW79:validation:B008D19K1S,tail,,,0,0.0,0.0,0.0,0.0,0.0,0.0,0,0,0.31107383966445923,1.0,0
A1LYDMJ55BBQJB:validation:B00B0FV4FE,tail,36,36,1,0.0,0.0,1.0,0.0,0.0,1.0,0,0,0.37024742364883423,1.0,0
A1M24WF88AAVZ8:validation:B000AS2AL4,head,,,0,0.0,0.0,0.0,0.0,0.0,0.0,0,0,0.3076646625995636,1.0,0
A1MAQHECJKA2OV:validation:B0009K4ED0,tail,1,1,1,1.0,1.0,1.0,1.0,1.0,1.0,0,0,0.30725979804992676,1.0,0
A1MGBZQIYZXQMZ:validation:B000EULXA2,head,,,0,0.0,0.0,0.0,0.0,0.0,0.0,0,0,0.3074619770050049,1.0,0
A1MIP8H7G33SHC:validation:B003AIM52A,head,,,0,0.0,0.0,0.0,0.0,0.0,0.0,0,0,0.3082200586795807,1.0,0
A1MV4SG6PN3YIP:validation:B009K4E59O,tail,,,0,0.0,0.0,0.0,0.0,0.0,0.0,0,0,0.3071972131729126,1.0,0
A1NHIMW2RBWX0Q:validation:0976990768,tail,,,0,0.0,0.0,0.0,0.0,0.0,0.0,0,0,0.31034374237060547,1.0,0
A1NIBPQYW0MIY0:validation:B0039S7NO6,head,1,1,1,1.0,1.0,1.0,1.0,1.0,1.0,0,0,0.3412899971008301,1.0,0
A1NN8Q1DLAYPGH:validation:B00ECV4YRS,tail,16,16,1,0.0,0.0,1.0,0.0,0.0,1.0,0,0,0.31203365325927734,1.0,0
A1NNZB448WT9OU:validation:B002RL7W9C,tail,9,9,1,1.0,0.3010299956639812,1.0,1.0,0.3010299956639812,1.0,0,0,0.3095366954803467,1.0,0
A1NOV41485TE0D:validation:B00AHAJBQM,head,,,0,0.0,0.0,0.0,0.0,0.0,0.0,0,0,0.3120777904987335,1.0,0
A1NPIIM40HL8GL:validation:B0038APBDA,head,4,4,1,1.0,0.43067655807339306,1.0,1.0,0.43067655807339306,1.0,0,0,0.3690892457962036,1.0,0
A1NZGPZO6U6D1T:validation:B003O3FYP6,tail,,,0,0.0,0.0,0.0,0.0,0.0,0.0,0,0,0.36837539076805115,1.0,0
A1O62IHK2IF5PC:validation:B007U7M0WC,head,10,7,1,1.0,0.2890648263178879,1.0,1.0,0.3333333333333333,1.0,1,0,0.3107954263687134,1.0,0
A1O7LBXOKLIYZD:validation:B005IFVY3Y,tail,,,0,0.0,0.0,0.0,0.0,0.0,0.0,0,0,0.3144063949584961,1.0,0
A1OB8SFJFVWOSE:validation:B00486ZVC4,head,,,0,0.0,0.0,0.0,0.0,0.0,0.0,0,0,0.31337326765060425,1.0,0
A1OETHEBGDTDQQ:validation:B000VO3GME,head,,,0,0.0,0.0,0.0,0.0,0.0,0.0,0,0,0.36900824308395386,1.0,0
A1OF44E669W2WR:validation:B0030F67N6,head,25,24,1,0.0,0.0,1.0,0.0,0.0,1.0,1,0,0.30680006742477417,1.0,0
A1OJ2JMC9B4HLZ:validation:B000RA96RG,tail,,,0,0.0,0.0,0.0,0.0,0.0,0.0,0,0,0.3113529682159424,1.0,0
A1OKWWEZSU5NTM:validation:B005N28TNU,head,27,19,1,0.0,0.0,1.0,0.0,0.0,1.0,1,0,0.368675172328949,1.0,0
A1OLV069VNBMK4:validation:B000T6XNLI,tail,,,0,0.0,0.0,0.0,0.0,0.0,0.0,0,0,0.3083990812301636,1.0,0
A1OUQCTNVKPVR9:validation:B001MKG5SI,tail,4,4,1,1.0,0.43067655807339306,1.0,1.0,0.43067655807339306,1.0,0,0,0.36943385004997253,1.0,0
A1P1IEBKXW32RK:validation:B002OSY2SC,head,,,0,0.0,0.0,0.0,0.0,0.0,0.0,0,0,0.30821165442466736,1.0,0
A1P46SD6R15ZV:validation:B0001NE85Y,tail,,,0,0.0,0.0,0.0,0.0,0.0,0.0,0,0,0.311286985874176,1.0,0
A1PAGHECG401K1:validation:B0007WXPHQ,tail,,,0,0.0,0.0,0.0,0.0,0.0,0.0,0,0,0.306953489780426,1.0,0
A1PMCLA7UNNFKJ:validation:B0038ANO3O,head,,,0,0.0,0.0,0.0,0.0,0.0,0.0,0,0,0.30735063552856445,1.0,0
A1PS7BFRH2V6PM:validation:B00114UCYS,tail,,,0,0.0,0.0,0.0,0.0,0.0,0.0,0,0,0.3090042471885681,1.0,0
A1PYUPO4L7MA5T:validation:B00CYHZN8G,tail,41,23,1,0.0,0.0,1.0,0.0,0.0,1.0,1,0,0.3692796528339386,1.0,0
A1Q775U9S11TUN:validation:B008B68IMM,head,2,2,1,1.0,0.6309297535714575,1.0,1.0,0.6309297535714575,1.0,0,0,0.30942362546920776,1.0,0
A1QJ8O04T2X0WR:validation:B004M8R9F0,tail,,,0,0.0,0.0,0.0,0.0,0.0,0.0,0,0,0.31467294692993164,1.0,0
A1QL2MCLLMCE0W:validation:B0037UP9MY,head,,,0,0.0,0.0,0.0,0.0,0.0,0.0,0,0,0.3078494668006897,1.0,0
A1QO3EN7RNJSD5:validation:B000FH18FY,head,,,0,0.0,0.0,0.0,0.0,0.0,0.0,0,0,0.3679828941822052,1.0,0
A1QOK9LU90ACF7:validation:B00BY8095I,head,30,28,1,0.0,0.0,1.0,0.0,0.0,1.0,1,0,0.3116293251514435,1.0,0
A1QQHHK1S9B4KJ:validation:B00F9F6OVK,head,3,2,1,1.0,0.5,1.0,1.0,0.6309297535714575,1.0,1,0,0.3714033365249634,1.0,0
A1QYE76M7E4ZK4:validation:B001RNC0VG,tail,22,21,1,0.0,0.0,1.0,0.0,0.0,1.0,1,0,0.3067616820335388,1.0,0
A1R0Z1AWJ7L9GT:validation:B0030F67N6,head,,,0,0.0,0.0,0.0,0.0,0.0,0.0,0,0,0.30809399485588074,1.0,0
A1R1BFJCMWX0Y3:validation:B006WZLCZ4,head,1,1,1,1.0,1.0,1.0,1.0,1.0,1.0,0,0,0.31102561950683594,1.0,0
A1R384VME9XX2N:validation:B004NWHG9O,tail,3,3,1,1.0,0.5,1.0,1.0,0.5,1.0,0,0,0.30748286843299866,1.0,0
A1RA0GC9JWXOQG:validation:B0006N8NUU,head,,,0,0.0,0.0,0.0,0.0,0.0,0.0,0,0,0.30902498960494995,1.0,0
A1RFEO61AGIRPR:validation:B002F9NH7W,head,,,0,0.0,0.0,0.0,0.0,0.0,0.0,0,0,0.33632394671440125,1.0,0
A1RPBNHDYBX1UB:validation:B00000J1DM,head,,,0,0.0,0.0,0.0,0.0,0.0,0.0,0,0,0.3108910620212555,1.0,0
A1RV9K657L0Q3O:validation:B00BV2V8A2,tail,1,1,1,1.0,1.0,1.0,1.0,1.0,1.0,0,0,0.30986684560775757,1.0,0
A1SFW87FUNFZGB:validation:B00005ICC4,tail,,,0,0.0,0.0,0.0,0.0,0.0,0.0,0,0,0.30847933888435364,1.0,0
A1SGYMJC1ESE27:validation:B005KLT5AU,tail,,,0,0.0,0.0,0.0,0.0,0.0,0.0,0,0,0.30932021141052246,1.0,0
A1SJSLSIMHRL2Z:validation:B009F7OXCA,head,,,0,0.0,0.0,0.0,0.0,0.0,0.0,0,0,0.3105941414833069,1.0,0
A1SKZYT31006MW:validation:B0083TXWXC,head,,,0,0.0,0.0,0.0,0.0,0.0,0.0,0,0,0.3160051107406616,1.0,0
A1SNAWQ3DYNK5I:validation:B0083TXXIQ,head,,,0,0.0,0.0,0.0,0.0,0.0,0.0,0,0,0.3060758411884308,1.0,0
A1SPCP1NLUZMUX:validation:B0088I2ABI,tail,,,0,0.0,0.0,0.0,0.0,0.0,0.0,0,0,0.309232234954834,1.0,0
A1SWY7DY3RRC2Q:validation:B001G5ZCCE,tail,,,0,0.0,0.0,0.0,0.0,0.0,0.0,0,0,0.3090941905975342,1.0,0
A1SXODI4C34W1M:validation:B0014E15WI,tail,,,0,0.0,0.0,0.0,0.0,0.0,0.0,0,0,0.36920422315597534,1.0,0
A1SY4X1WWNOBX5:validation:B00BIDJP2W,head,,,0,0.0,0.0,0.0,0.0,0.0,0.0,0,0,0.31044715642929077,1.0,0
A1T4W38AC7EZTO:validation:B00CMHWTRG,tail,,,0,0.0,0.0,0.0,0.0,0.0,0.0,0,0,0.3105013370513916,1.0,0
A1T64JWXEI4BD6:validation:0670010936,tail,,,0,0.0,0.0,0.0,0.0,0.0,0.0,0,0,0.37088313698768616,1.0,0
A1TI39GE1KLXZC:validation:B007Q0OUFS,head,,,0,0.0,0.0,0.0,0.0,0.0,0.0,0,0,0.3473070561885834,1.0,0
A1TPDAUAP03R15:validation:B004Z4C0WI,tail,,,0,0.0,0.0,0.0,0.0,0.0,0.0,0,0,0.3141573667526245,1.0,0
A1TYHMRHGS5YGX:validation:B004UJF0DE,tail,,,0,0.0,0.0,0.0,0.0,0.0,0.0,0,0,0.30898284912109375,1.0,0
A1TYJZQGYQTQQ1:validation:B004MWJLHK,head,41,38,1,0.0,0.0,1.0,0.0,0.0,1.0,1,0,0.3072507977485657,1.0,0
A1U03HWE42DKYI:validation:B002YIRKBS,head,,,0,0.0,0.0,0.0,0.0,0.0,0.0,0,0,0.3081640899181366,1.0,0
A1U5NG25050XBJ:validation:B0091SWDFC,tail,,,0,0.0,0.0,0.0,0.0,0.0,0.0,0,0,0.3080548048019409,1.0,0
A1U6JXEUR57P8A:validation:B0030HBVG2,head,,,0,0.0,0.0,0.0,0.0,0.0,0.0,0,0,0.36959338188171387,1.0,0
A1UCNO5851ZT5L:validation:B005NCELUA,tail,,,0,0.0,0.0,0.0,0.0,0.0,0.0,0,0,0.30665352940559387,1.0,0
A1UF3F3UAAPGQM:validation:B004C7QNMG,head,,,0,0.0,0.0,0.0,0.0,0.0,0.0,0,0,0.310474693775177,1.0,0
A1UWQQX74FFMZB:validation:B004CJ8CFA,tail,,,0,0.0,0.0,0.0,0.0,0.0,0.0,0,0,0.30800724029541016,1.0,0
A1UXB085UZJHZM:validation:B008B68IE0,head,39,33,1,0.0,0.0,1.0,0.0,0.0,1.0,1,0,0.31063705682754517,1.0,0
A1UZ4KONK58IF1:validation:B000BTNQVA,head,,,0,0.0,0.0,0.0,0.0,0.0,0.0,0,0,0.3101723790168762,1.0,0
A1V3PCKVCJ3TTZ:validation:B00FAQW0NO,tail,,,0,0.0,0.0,0.0,0.0,0.0,0.0,0,0,0.3686296045780182,1.0,0
A1VC6419THHIET:validation:B004USLP48,tail,3,3,1,1.0,0.5,1.0,1.0,0.5,1.0,0,0,0.3096873462200165,1.0,0
A1VLQ56SGOAUUK:validation:B008I6OX4M,tail,,,0,0.0,0.0,0.0,0.0,0.0,0.0,0,0,0.30856651067733765,1.0,0
A1VQI32QPYXU6F:validation:B00AWNUHB2,head,,,0,0.0,0.0,0.0,0.0,0.0,0.0,0,0,0.30868369340896606,1.0,0
A1W1UGYMPCOR9X:validation:B000096R6U,tail,,,0,0.0,0.0,0.0,0.0,0.0,0.0,0,0,0.33283674716949463,1.0,0
A1W2F1WI0QZ4AJ:validation:B00JV9HDP6,tail,36,45,1,0.0,0.0,1.0,0.0,0.0,1.0,1,0,0.3063732385635376,1.0,0
A1W52TKIOWH9K4:validation:B007XVYSYI,head,18,16,1,0.0,0.0,1.0,0.0,0.0,1.0,1,0,0.34692859649658203,1.0,0
A1W7R5ZAGVOSVQ:validation:B00CI6J8KW,head,48,45,1,0.0,0.0,1.0,0.0,0.0,1.0,1,0,0.30898967385292053,1.0,0
A1WDO0595L09CF:validation:B00DOX32UK,tail,1,1,1,1.0,1.0,1.0,1.0,1.0,1.0,0,0,0.30811500549316406,1.0,0
A1WGRWF9TSCJRO:validation:B003H72KG0,head,,,0,0.0,0.0,0.0,0.0,0.0,0.0,0,0,0.30842137336730957,1.0,0
A1WI236ZYBWCI2:validation:B00025EIZG,tail,,,0,0.0,0.0,0.0,0.0,0.0,0.0,0,0,0.3095322847366333,1.0,0
A1WOLYSTSPL4FK:validation:B0012NSMEK,tail,,,0,0.0,0.0,0.0,0.0,0.0,0.0,0,0,0.36911332607269287,1.0,0
A1WP6GULU1WH8R:validation:B00000JN49,tail,,,0,0.0,0.0,0.0,0.0,0.0,0.0,0,0,0.31236952543258667,1.0,0
A1WPOY6VFG0CZX:validation:B004UPKKX8,tail,,89,1,0.0,0.0,0.0,0.0,0.0,0.0,1,0,0.3697148859500885,1.0,0
A1WSRCFP93O2RP:validation:B00CPHX9JK,tail,,,0,0.0,0.0,0.0,0.0,0.0,0.0,0,0,0.30557024478912354,1.0,0
A1WWRLHN9ZNWVT:validation:B00419T56Q,tail,,,0,0.0,0.0,0.0,0.0,0.0,0.0,0,0,0.31265443563461304,1.0,0
A1X9WG5R1DY9L2:validation:B004A8ZRBA,head,36,28,1,0.0,0.0,1.0,0.0,0.0,1.0,1,0,0.3075491487979889,1.0,0
A1XAI08G1SA66C:validation:B001617RW6,head,,,0,0.0,0.0,0.0,0.0,0.0,0.0,0,0,0.3099362850189209,1.0,0
A1XDP550N8ANQ2:validation:B008B68IE0,head,11,10,1,0.0,0.0,1.0,1.0,0.2890648263178879,1.0,1,0,0.31356075406074524,1.0,0
A1XEZIHQIUAOR1:validation:B00C81LYH2,head,,,0,0.0,0.0,0.0,0.0,0.0,0.0,0,0,0.3683168292045593,1.0,0
A1XFI340SHOS5K:validation:B009AFNTCC,head,,,0,0.0,0.0,0.0,0.0,0.0,0.0,0,0,0.3362662196159363,1.0,0
A1XFLE37PN20DX:validation:B004UFHBRQ,tail,,87,1,0.0,0.0,0.0,0.0,0.0,0.0,1,0,0.3067779541015625,1.0,0
A1Y1PREAQQJFEK:validation:B001BKX0V4,head,,,0,0.0,0.0,0.0,0.0,0.0,0.0,0,0,0.30826905369758606,1.0,0
A1Y5HXWTWU6T2P:validation:B009TBEF8Y,tail,,,0,0.0,0.0,0.0,0.0,0.0,0.0,0,0,0.3058410882949829,1.0,0
A1Y7M7Q37TSDJJ:validation:B003DZ1TAO,tail,,,0,0.0,0.0,0.0,0.0,0.0,0.0,0,0,0.3079173266887665,1.0,0
A1YA4JZUGF8ZVZ:validation:B00009IM7V,tail,,89,1,0.0,0.0,0.0,0.0,0.0,0.0,1,0,0.3073357939720154,1.0,0
A1YE1MVN4NQRIM:validation:B007YCYD14,tail,,,0,0.0,0.0,0.0,0.0,0.0,0.0,0,0,0.3157995939254761,1.0,0
A1YE4TXY3NXG7N:validation:B003FBVCAS,tail,,,0,0.0,0.0,0.0,0.0,0.0,0.0,0,0,0.30630165338516235,1.0,0
A1YJMG0QJXZLD4:validation:B0092ZAYLO,tail,,,0,0.0,0.0,0.0,0.0,0.0,0.0,0,0,0.33566346764564514,1.0,0
A1YJZ8IQCIC4JH:validation:B0035GS63E,tail,,,0,0.0,0.0,0.0,0.0,0.0,0.0,0,0,0.33638590574264526,1.0,0
A1YLS2QFFBDAG3:validation:B00000IS1N,tail,,85,1,0.0,0.0,0.0,0.0,0.0,0.0,1,0,0.3063124418258667,1.0,0
A1YSH8X4ZR1S09:validation:B000KHZ044,tail,,,0,0.0,0.0,0.0,0.0,0.0,0.0,0,0,0.30957239866256714,1.0,0
A1YTDEXE0IV1J2:validation:8499000606,head,,,0,0.0,0.0,0.0,0.0,0.0,0.0,0,0,0.30989187955856323,1.0,0
A1Z3QPQQP6EDOH:validation:B00BQYR0NE,tail,,,0,0.0,0.0,0.0,0.0,0.0,0.0,0,0,0.3118276000022888,1.0,0
A1Z7CY580NYNFD:validation:B000EDQGLK,head,,,0,0.0,0.0,0.0,0.0,0.0,0.0,0,0,0.3112531900405884,1.0,0
A1Z7U9K6X3FEOU:validation:B009T45X78,tail,,,0,0.0,0.0,0.0,0.0,0.0,0.0,0,0,0.3116987347602844,1.0,0
A1Z8OFGUAVJAVL:validation:B00A88EP6Y,head,,,0,0.0,0.0,0.0,0.0,0.0,0.0,0,0,0.30626240372657776,1.0,0
A1Z9Y3MXTQVSCV:validation:B001R6AUGA,tail,,,0,0.0,0.0,0.0,0.0,0.0,0.0,0,0,0.3090522885322571,1.0,0
A1ZDQZQ7YSMT1I:validation:B00BN4QVF0,tail,,,0,0.0,0.0,0.0,0.0,0.0,0.0,0,0,0.3149282932281494,1.0,0
A1ZO61O7DX79N3:validation:B006OBH98U,tail,,,0,0.0,0.0,0.0,0.0,0.0,0.0,0,0,0.33557480573654175,1.0,0
A1ZSWCQ0CWF47N:validation:B000SDPYMS,tail,,,0,0.0,0.0,0.0,0.0,0.0,0.0,0,0,0.3091573119163513,1.0,0
A1ZU8UBPYYADVE:validation:B00CMHWSKY,tail,,84,1,0.0,0.0,0.0,0.0,0.0,0.0,1,0,0.3230151832103729,1.0,0
A1ZUDIBS83KQ2P:validation:B008KQ1X3O,tail,,53,1,0.0,0.0,0.0,0.0,0.0,0.0,1,0,0.32071661949157715,1.0,0
A1ZVMTIRYZQDL4:validation:B00EX5K1GG,tail,,,0,0.0,0.0,0.0,0.0,0.0,0.0,0,0,0.336228609085083,1.0,0
A203WLJ31GIUTB:validation:B0007ZKN6E,tail,,,0,0.0,0.0,0.0,0.0,0.0,0.0,0,0,0.355387806892395,1.0,0
A208U42GARHSOR:validation:B0075XNGGK,head,,,0,0.0,0.0,0.0,0.0,0.0,0.0,0,0,0.3674379587173462,1.0,0
A20COFDD0UXGKR:validation:B002IPGXTM,tail,,,0,0.0,0.0,0.0,0.0,0.0,0.0,0,0,0.36745485663414,1.0,0
A20E9CQS2ZZZUA:validation:B0009V89IK,head,,,0,0.0,0.0,0.0,0.0,0.0,0.0,0,0,0.30654510855674744,1.0,0
A20I336QR4ZVFM:validation:B00000IZOU,head,,,0,0.0,0.0,0.0,0.0,0.0,0.0,0,0,0.3695618808269501,1.0,0
A20OVXUZTKR6R4:validation:B0038B2DTO,tail,15,14,1,0.0,0.0,1.0,0.0,0.0,1.0,1,0,0.31039050221443176,1.0,0
A20Q8XO0Q85S3B:validation:B004H1V5RU,head,,,0,0.0,0.0,0.0,0.0,0.0,0.0,0,0,0.31057652831077576,1.0,0
A20XM6F911RIDE:validation:B0083TXZVQ,tail,,,0,0.0,0.0,0.0,0.0,0.0,0.0,0,0,0.3369292616844177,1.0,0
A20XOKI1KEUFXO:validation:B001EGYWT4,tail,,,0,0.0,0.0,0.0,0.0,0.0,0.0,0,0,0.3072150945663452,1.0,0
A20ZLDHGXMVT8H:validation:B00000IWDQ,tail,,,0,0.0,0.0,0.0,0.0,0.0,0.0,0,0,0.3122125267982483,1.0,0
A2161K33Q5DZ3D:validation:B007LYX1JK,tail,,,0,0.0,0.0,0.0,0.0,0.0,0.0,0,0,0.3694322109222412,1.0,0
A216SKRFFQU4ZM:validation:B0043IEDG2,tail,,,0,0.0,0.0,0.0,0.0,0.0,0.0,0,0,0.3076172173023224,1.0,0
A21CRZ109CBB9Q:validation:B00DPK10OM,tail,,,0,0.0,0.0,0.0,0.0,0.0,0.0,0,0,0.30504295229911804,1.0,0
A21FDAQPYSDQ2A:validation:B000I8SMZE,head,,,0,0.0,0.0,0.0,0.0,0.0,0.0,0,0,0.3120135962963104,1.0,0
A21JX86YJQL7OE:validation:B0045H0L1W,head,,,0,0.0,0.0,0.0,0.0,0.0,0.0,0,0,0.30912894010543823,1.0,0
A21O3I49JV44S6:validation:B002N4KK7O,head,,,0,0.0,0.0,0.0,0.0,0.0,0.0,0,0,0.31119197607040405,1.0,0
A225L8NTXN221E:validation:B007U7M0WC,head,,,0,0.0,0.0,0.0,0.0,0.0,0.0,0,0,0.3072544038295746,1.0,0
A225UWT247BBBH:validation:B0043T4C5S,tail,,,0,0.0,0.0,0.0,0.0,0.0,0.0,0,0,0.3122265934944153,1.0,0
A22IOW4U7ER2TR:validation:B006CD33VW,tail,,70,1,0.0,0.0,0.0,0.0,0.0,0.0,1,0,0.30292809009552,1.0,0
A22KIJ40QRB7QJ:validation:B004LT55DS,tail,,,0,0.0,0.0,0.0,0.0,0.0,0.0,0,0,0.36925220489501953,1.0,0
A22LU4SUE4NFMX:validation:B007J3F9VG,head,,,0,0.0,0.0,0.0,0.0,0.0,0.0,0,0,0.3099358379840851,1.0,0
A22OPOM9HSDH0F:validation:B004S6DWDY,head,,,0,0.0,0.0,0.0,0.0,0.0,0.0,0,0,0.3056667149066925,1.0,0
A22YTQWCR52OIW:validation:B00BV2V8A2,tail,,,0,0.0,0.0,0.0,0.0,0.0,0.0,0,0,0.3529810309410095,1.0,0
A22Z4PC8DAO9CN:validation:B00E2K3498,tail,,,0,0.0,0.0,0.0,0.0,0.0,0.0,0,0,0.3422231078147888,1.0,0
A22ZWCPMU5HJTI:validation:B000M3QJPU,head,,,0,0.0,0.0,0.0,0.0,0.0,0.0,0,0,0.30858221650123596,1.0,0
A23CBQPZFIHK0H:validation:B005GTJ0AG,tail,,,0,0.0,0.0,0.0,0.0,0.0,0.0,0,0,0.3124552369117737,1.0,0
A23D7ZHD48Q2AD:validation:B00D9LWJHE,tail,,,0,0.0,0.0,0.0,0.0,0.0,0.0,0,0,0.34676647186279297,1.0,0
A23LI4IGIGNV8H:validation:B000R9O30W,tail,,,0,0.0,0.0,0.0,0.0,0.0,0.0,0,0,0.3400406539440155,1.0,0
A23PBLHUOR6GNN:validation:B00C6PYQAM,head,2,2,1,1.0,0.6309297535714575,1.0,1.0,0.6309297535714575,1.0,0,0,0.31044888496398926,1.0,0
A23TXD0C5CX6IM:validation:B000067NXE,head,,,0,0.0,0.0,0.0,0.0,0.0,0.0,0,0,0.3058277368545532,1.0,0
A23V4X4BMP0ZFC:validation:B00AZZPYEC,tail,,,0,0.0,0.0,0.0,0.0,0.0,0.0,0,0,0.33617904782295227,1.0,0
A243LSI3VCVMJ:validation:B003ET2GOC,tail,,,0,0.0,0.0,0.0,0.0,0.0,0.0,0,0,0.3122352957725525,1.0,0
A24AVH6Y1P8Y66:validation:B006X9KV6U,tail,,,0,0.0,0.0,0.0,0.0,0.0,0.0,0,0,0.30845028162002563,1.0,0
A24BNWRJFFISU1:validation:B000E9DPVI,head,,,0,0.0,0.0,0.0,0.0,0.0,0.0,0,0,0.30669426918029785,1.0,0
A24EM0VCXOD0XH:validation:B003O85K2S,head,18,18,1,0.0,0.0,1.0,0.0,0.0,1.0,0,0,0.34700748324394226,1.0,0
A24HD3TRDRTNM9:validation:B008JNPBYK,head,1,1,1,1.0,1.0,1.0,1.0,1.0,1.0,0,0,0.311160683631897,1.0,0
A24LFAY8C6YGAV:validation:B001C7617Q,head,1,1,1,1.0,1.0,1.0,1.0,1.0,1.0,0,0,0.31412309408187866,1.0,0
A24LTAUZQJOSW4:validation:B00G4VN3EY,tail,1,1,1,1.0,1.0,1.0,1.0,1.0,1.0,0,0,0.37015390396118164,1.0,0
A24O15MYDNLZBE:validation:B00B28GVLG,head,,,0,0.0,0.0,0.0,0.0,0.0,0.0,0,0,0.3700259327888489,1.0,0
A24S9OK74AFS38:validation:B00022F0WE,head,15,14,1,0.0,0.0,1.0,0.0,0.0,1.0,1,0,0.30830419063568115,1.0,0
A24SHT6H38SXZG:validation:B00BU3ZLJQ,head,,,0,0.0,0.0,0.0,0.0,0.0,0.0,0,0,0.3712034821510315,1.0,0
A24V9YEELL0B7V:validation:B00FFQOP28,tail,13,11,1,0.0,0.0,1.0,0.0,0.0,1.0,1,0,0.307656466960907,1.0,0
A24YEME785ZU4B:validation:B001MY20X8,tail,,,0,0.0,0.0,0.0,0.0,0.0,0.0,0,0,0.3091695010662079,1.0,0
A24ZFY45PF6BGA:validation:B0001XNTJA,head,,,0,0.0,0.0,0.0,0.0,0.0,0.0,0,0,0.3065871000289917,1.0,0
A24ZLAOG87HBST:validation:B001UCIM8E,tail,,,0,0.0,0.0,0.0,0.0,0.0,0.0,0,0,0.368726909160614,1.0,0
A251J83YR8L5L6:validation:B005688T5E,head,,,0,0.0,0.0,0.0,0.0,0.0,0.0,0,0,0.30793139338493347,1.0,0
A25BZTICOVSHJ0:validation:B00804BDEU,head,,,0,0.0,0.0,0.0,0.0,0.0,0.0,0,0,0.33826497197151184,1.0,0
A25IRWH03ZHRRE:validation:B0074H49NG,tail,,,0,0.0,0.0,0.0,0.0,0.0,0.0,0,0,0.30740755796432495,1.0,0
A2604CB1MDQ7GK:validation:B005QZP964,head,,,0,0.0,0.0,0.0,0.0,0.0,0.0,0,0,0.3675921857357025,1.0,0
A26ER7QE4RC38C:validation:B00BN6QAWM,head,,,0,0.0,0.0,0.0,0.0,0.0,0.0,0,0,0.306323766708374,1.0,0
A26K649TRRLTYZ:validation:B000VO3HFK,tail,,,0,0.0,0.0,0.0,0.0,0.0,0.0,0,0,0.31401827931404114,1.0,0
A26LD9FQHTM8ZH:validation:B004U6NS5Y,tail,,,0,0.0,0.0,0.0,0.0,0.0,0.0,0,0,0.3014404773712158,1.0,0
A26UMO0AX8FYU3:validation:B008BRLZ44,tail,,,0,0.0,0.0,0.0,0.0,0.0,0.0,0,0,0.31000596284866333,1.0,0
A2708RDLWPPDOM:validation:B008DBZBS4,head,,,0,0.0,0.0,0.0,0.0,0.0,0.0,0,0,0.3106749653816223,1.0,0
A272D4VBDBU81W:validation:B000ELWHUQ,tail,,,0,0.0,0.0,0.0,0.0,0.0,0.0,0,0,0.37077319622039795,1.0,0
A275K6JD4B0W50:validation:B0089RPUHO,head,,,0,0.0,0.0,0.0,0.0,0.0,0.0,0,0,0.31981444358825684,1.0,0
A27BPT3KS5OV2:validation:B0019LSGLY,tail,,,0,0.0,0.0,0.0,0.0,0.0,0.0,0,0,0.3057211935520172,1.0,0
A27DE92CX538PS:validation:B003JUTR4S,tail,,,0,0.0,0.0,0.0,0.0,0.0,0.0,0,0,0.3056698441505432,1.0,0
A2868V503LH1NV:validation:B000N178E2,head,5,6,1,1.0,0.38685280723454163,1.0,1.0,0.3562071871080222,1.0,1,0,0.3118380904197693,1.0,0
A28ADY27SLNNLS:validation:B004Z7H14M,head,6,6,1,1.0,0.3562071871080222,1.0,1.0,0.3562071871080222,1.0,0,0,0.3083900213241577,1.0,0
A28PM3F6B5X3UJ:validation:B00804BDBI,head,2,2,1,1.0,0.6309297535714575,1.0,1.0,0.6309297535714575,1.0,0,0,0.30881384015083313,1.0,0
A28S3Y2UYTP4XK:validation:B007XVYSYI,head,,,0,0.0,0.0,0.0,0.0,0.0,0.0,0,0,0.31314948201179504,1.0,0
A28SBPF6KFZ7VL:validation:B00J49UTOK,tail,,,0,0.0,0.0,0.0,0.0,0.0,0.0,0,0,0.33694618940353394,1.0,0
A28XKGHLARSPQQ:validation:B000BN8Y8G,head,,,0,0.0,0.0,0.0,0.0,0.0,0.0,0,0,0.3074392080307007,1.0,0
A2978O7QXQOJ50:validation:B00CMNX2IA,head,,,0,0.0,0.0,0.0,0.0,0.0,0.0,0,0,0.3679808974266052,1.0,0
A29B414JQI6SUY:validation:B007AR5268,tail,,,0,0.0,0.0,0.0,0.0,0.0,0.0,0,0,0.3179866075515747,1.0,0
A29M1SVJFU5FIO:validation:B003UT0KLW,tail,,,0,0.0,0.0,0.0,0.0,0.0,0.0,0,0,0.34501636028289795,1.0,0
A29N66WIWNN8JK:validation:B003O85IF2,tail,,,0,0.0,0.0,0.0,0.0,0.0,0.0,0,0,0.3099045753479004,1.0,0
A29V62XBC6CR75:validation:B00CMHWSN6,tail,,,0,0.0,0.0,0.0,0.0,0.0,0.0,0,0,0.3064844310283661,1.0,0
A29W7YUDVYWO5C:validation:B000F6F8CY,head,,,0,0.0,0.0,0.0,0.0,0.0,0.0,0,0,0.3094240427017212,1.0,0
A29YBX1T32019F:validation:B003WFKOSS,head,,,0,0.0,0.0,0.0,0.0,0.0,0.0,0,0,0.33523106575012207,1.0,0
A2A33KJUP7T2FK:validation:B00FBW8ZIQ,head,,,0,0.0,0.0,0.0,0.0,0.0,0.0,0,0,0.30962902307510376,1.0,0
A2A3NZPXIMD620:validation:B002S52VU2,head,,,0,0.0,0.0,0.0,0.0,0.0,0.0,0,0,0.3095506429672241,1.0,0
A2AA5T39QIK2K1:validation:B001SN8G8Q,tail,,,0,0.0,0.0,0.0,0.0,0.0,0.0,0,0,0.3691614866256714,1.0,0
A2AC6GQ24S45GA:validation:B00B2B0I62,head,,,0,0.0,0.0,0.0,0.0,0.0,0.0,0,0,0.3331570625305176,1.0,0
A2ACBKGKN0M09R:validation:B00GJSWDG6,tail,,,0,0.0,0.0,0.0,0.0,0.0,0.0,0,0,0.36973267793655396,1.0,0
A2ACWWBA3EW4XM:validation:B004ORYVAU,tail,,,0,0.0,0.0,0.0,0.0,0.0,0.0,0,0,0.368757963180542,1.0,0
A2AMDQQMVSVORQ:validation:B004S6EHFQ,head,,57,1,0.0,0.0,0.0,0.0,0.0,0.0,1,0,0.3093259632587433,1.0,0
A2AMRY5HTD7YZE:validation:B000BNLVA4,tail,,,0,0.0,0.0,0.0,0.0,0.0,0.0,0,0,0.32216566801071167,1.0,0
A2AP3QDAN4W0XK:validation:B00BQYQYHC,head,,,0,0.0,0.0,0.0,0.0,0.0,0.0,0,0,0.31104135513305664,1.0,0
A2ASMPDV3AH0QT:validation:B003NX72CU,head,,,0,0.0,0.0,0.0,0.0,0.0,0.0,0,0,0.3099004626274109,1.0,0
A2AWNEMZO6BZX7:validation:B006RQ8TFO,tail,9,8,1,1.0,0.3010299956639812,1.0,1.0,0.31546487678572877,1.0,1,0,0.3691227436065674,1.0,0
A2B3GYUQEAI8XK:validation:B00FJ7M368,tail,22,20,1,0.0,0.0,1.0,0.0,0.0,1.0,1,0,0.33850497007369995,1.0,0
A2B44JHPZ1U92G:validation:B0009K4ECQ,tail,6,6,1,1.0,0.3562071871080222,1.0,1.0,0.3562071871080222,1.0,0,0,0.3061427175998688,1.0,0
A2B8I3AUV30UVX:validation:B000A88KOA,head,,,0,0.0,0.0,0.0,0.0,0.0,0.0,0,0,0.3085886836051941,1.0,0
A2BIMFRYLC506B:validation:B0014JPJES,tail,,,0,0.0,0.0,0.0,0.0,0.0,0.0,0,0,0.30734023451805115,1.0,0
A2BNNXOK7RYCGM:validation:1616615370,tail,2,2,1,1.0,0.6309297535714575,1.0,1.0,0.6309297535714575,1.0,0,0,0.34244030714035034,1.0,0
A2BSWJ112Y5HVZ:validation:B000F3J8RI,tail,,,0,0.0,0.0,0.0,0.0,0.0,0.0,0,0,0.30581045150756836,1.0,0
A2BXX1C7O8ZBRM:validation:B005XHPNTS,tail,,85,1,0.0,0.0,0.0,0.0,0.0,0.0,1,0,0.33577173948287964,1.0,0
A2C0YDIRC0L62C:validation:B00BN6QAVI,head,,,0,0.0,0.0,0.0,0.0,0.0,0.0,0,0,0.3120710551738739,1.0,0
A2C1R5BBL1WXTB:validation:B0089XNUES,tail,,,0,0.0,0.0,0.0,0.0,0.0,0.0,0,0,0.36917588114738464,1.0,0
A2C27IQUH9N1Z:validation:B00EAHXN6M,tail,,,0,0.0,0.0,0.0,0.0,0.0,0.0,0,0,0.36938220262527466,1.0,0
A2C2HF8X36M82S:validation:B005XVCRYS,tail,,,0,0.0,0.0,0.0,0.0,0.0,0.0,0,0,0.33046501874923706,1.0,0
A2C7SRGQ5GM38Q:validation:B008LGSAX4,tail,,,0,0.0,0.0,0.0,0.0,0.0,0.0,0,0,0.3093867003917694,1.0,0
A2CIQEY05SPHTZ:validation:B00CMNX8ZW,tail,,,0,0.0,0.0,0.0,0.0,0.0,0.0,0,0,0.3104533553123474,1.0,0
A2CROZ6U97FKFH:validation:B0000DJ3FL,tail,,,0,0.0,0.0,0.0,0.0,0.0,0.0,0,0,0.30853402614593506,1.0,0
A2CZPM110DW516:validation:B00C6PXLMQ,head,,,0,0.0,0.0,0.0,0.0,0.0,0.0,0,0,0.3097465932369232,1.0,0
A2D0082PVFI7DG:validation:B003ZFSOZU,tail,,,0,0.0,0.0,0.0,0.0,0.0,0.0,0,0,0.3037910759449005,1.0,0
A2D5T9PXG4SQS4:validation:B00DPK11XM,head,2,2,1,1.0,0.6309297535714575,1.0,1.0,0.6309297535714575,1.0,0,0,0.3411719799041748,1.0,0
A2DAA1D2SAS6P8:validation:B000PCWKBA,tail,,,0,0.0,0.0,0.0,0.0,0.0,0.0,0,0,0.37023085355758667,1.0,0
A2DF9FLWF98ZKP:validation:B0000206G9,head,,,0,0.0,0.0,0.0,0.0,0.0,0.0,0,0,0.343735933303833,1.0,0
A2DG8PH0DXDB3F:validation:B0039X2Y1I,head,,,0,0.0,0.0,0.0,0.0,0.0,0.0,0,0,0.31105199456214905,1.0,0
A2DJBNB0VZU3X3:validation:B003FHXMDC,head,5,5,1,1.0,0.38685280723454163,1.0,1.0,0.38685280723454163,1.0,0,0,0.37005650997161865,1.0,0
A2DPQBZAD05KWD:validation:B001TH8LCW,tail,,,0,0.0,0.0,0.0,0.0,0.0,0.0,0,0,0.3063662648200989,1.0,0
A2DPYMNI2HCIOI:validation:B00114Q4KO,tail,,,0,0.0,0.0,0.0,0.0,0.0,0.0,0,0,0.30469197034835815,1.0,0
A2E5MJH6Q0SR3Z:validation:B0036MDNN0,tail,25,19,1,0.0,0.0,1.0,0.0,0.0,1.0,1,0,0.3551614284515381,1.0,0
A2E6COT38JYWNH:validation:B004083ELK,head,,,0,0.0,0.0,0.0,0.0,0.0,0.0,0,0,0.36755824089050293,1.0,0
A2E7VWNPBCN2LB:validation:B00B5OL28Y,head,7,5,1,1.0,0.3333333333333333,1.0,1.0,0.38685280723454163,1.0,1,0,0.3698241114616394,1.0,0
A2E829OI2WYQV3:validation:B004S6ECLU,head,,,0,0.0,0.0,0.0,0.0,0.0,0.0,0,0,0.3075924515724182,1.0,0
A2EB8GCB7WA6MT:validation:B00284C4FA,tail,,,0,0.0,0.0,0.0,0.0,0.0,0.0,0,0,0.3701172471046448,1.0,0
A2EBY3L99H90YY:validation:B0007YDC0E,tail,39,39,1,0.0,0.0,1.0,0.0,0.0,1.0,0,0,0.3102034330368042,1.0,0
A2EHQDD4X4SLRJ:validation:B003SRGOXY,tail,,,0,0.0,0.0,0.0,0.0,0.0,0.0,0,0,0.30965617299079895,1.0,0
A2EKQ43XM1BK2Y:validation:B007FDBELY,tail,,,0,0.0,0.0,0.0,0.0,0.0,0.0,0,0,0.36841803789138794,1.0,0
A2ELTZP501ZTRU:validation:B00BCDQLAC,tail,,82,1,0.0,0.0,0.0,0.0,0.0,0.0,1,0,0.3706231117248535,1.0,0
A2ETK4U8KGVXTW:validation:B002UTL4Q8,tail,,,0,0.0,0.0,0.0,0.0,0.0,0.0,0,0,0.30235838890075684,1.0,0
A2ETQTEB6F15RP:validation:B000197NXM,head,,,0,0.0,0.0,0.0,0.0,0.0,0.0,0,0,0.30833303928375244,1.0,0
A2EWQBSQ8UMJ5F:validation:B006ZMGR5E,tail,,,0,0.0,0.0,0.0,0.0,0.0,0.0,0,0,0.3678514361381531,1.0,0
A2EX6ZY8KDI4UC:validation:B0012J237G,tail,,,0,0.0,0.0,0.0,0.0,0.0,0.0,0,0,0.3054707944393158,1.0,0
A2F4A5AN5LQD1:validation:B000ELIXGI,tail,,,0,0.0,0.0,0.0,0.0,0.0,0.0,0,0,0.3376689851284027,1.0,0
A2F6L2R2LE54F4:validation:B003BMGU2G,tail,,,0,0.0,0.0,0.0,0.0,0.0,0.0,0,0,0.310148149728775,1.0,0
A2F7QC6Q9KP5SV:validation:B001C7617Q,head,10,10,1,1.0,0.2890648263178879,1.0,1.0,0.2890648263178879,1.0,0,0,0.35027849674224854,1.0,0
A2F8EOU79DK8DG:validation:B002F9NH4A,tail,,,0,0.0,0.0,0.0,0.0,0.0,0.0,0,0,0.3096475899219513,1.0,0
A2FAFTZS0NWBB3:validation:B004SN4YHK,head,,,0,0.0,0.0,0.0,0.0,0.0,0.0,0,0,0.30841702222824097,1.0,0
A2FDGCKOWQBSGT:validation:B00009QMQT,tail,,,0,0.0,0.0,0.0,0.0,0.0,0.0,0,0,0.30854660272598267,1.0,0
A2FDQYS775ROJR:validation:B000IQC4N2,tail,39,36,1,0.0,0.0,1.0,0.0,0.0,1.0,1,0,0.31011778116226196,1.0,0
A2FEHW3R2O6AXQ:validation:B0038APDDS,head,,,0,0.0,0.0,0.0,0.0,0.0,0.0,0,0,0.306583046913147,1.0,0
A2FJ43KTLAKP50:validation:B005L3KW9U,tail,,,0,0.0,0.0,0.0,0.0,0.0,0.0,0,0,0.3087945580482483,1.0,0
A2FO8BWIYZRFUX:validation:B00000JJ7S,tail,16,15,1,0.0,0.0,1.0,0.0,0.0,1.0,1,0,0.3071841895580292,1.0,0
A2FP77TBO4YI8C:validation:B00E1AEERK,tail,,,0,0.0,0.0,0.0,0.0,0.0,0.0,0,0,0.311124324798584,1.0,0
A2FRFAQCWZJT3Q:validation:B000QF7HLE,tail,,,0,0.0,0.0,0.0,0.0,0.0,0.0,0,0,0.30663788318634033,1.0,0
A2G2UO4BBNISTB:validation:B00EJOCB4G,tail,,,0,0.0,0.0,0.0,0.0,0.0,0.0,0,0,0.3092489540576935,1.0,0
A2G4OJFE2Q4HJO:validation:B00000JS5S,head,,,0,0.0,0.0,0.0,0.0,0.0,0.0,0,0,0.36839941143989563,1.0,0
A2G8T5FL3VI0G6:validation:B007GE6UBG,head,,,0,0.0,0.0,0.0,0.0,0.0,0.0,0,0,0.3177812695503235,1.0,0
A2GDG5MWHGU72J:validation:B00005BHUR,tail,,,0,0.0,0.0,0.0,0.0,0.0,0.0,0,0,0.3086104393005371,1.0,0
A2GDX8X591G67N:validation:B0006IYLMO,tail,,,0,0.0,0.0,0.0,0.0,0.0,0.0,0,0,0.3071930408477783,1.0,0
A2GFEO9CIUBG14:validation:B00CRR6UPI,tail,,,0,0.0,0.0,0.0,0.0,0.0,0.0,0,0,0.31027647852897644,1.0,0
A2GHB9ACLHJ1NY:validation:B004INGVIU,head,25,24,1,0.0,0.0,1.0,0.0,0.0,1.0,1,0,0.3347340226173401,1.0,0
A2GJAQK1JDDC51:validation:B00B0FTXN4,tail,1,1,1,1.0,1.0,1.0,1.0,1.0,1.0,0,0,0.3410532474517822,1.0,0
A2H7AOXP8KUXQ1:validation:B004OFBYVG,tail,,,0,0.0,0.0,0.0,0.0,0.0,0.0,0,0,0.3148425817489624,1.0,0
A2HGLYN2R7TURL:validation:B003621UT4,head,,,0,0.0,0.0,0.0,0.0,0.0,0.0,0,0,0.30915409326553345,1.0,0
A2HKA3K3HBKZ3M:validation:B00EVQI9HK,tail,,,0,0.0,0.0,0.0,0.0,0.0,0.0,0,0,0.30999869108200073,1.0,0
A2HOLM5I1ARX9J:validation:B00FY2P7IY,head,,,0,0.0,0.0,0.0,0.0,0.0,0.0,0,0,0.313759982585907,1.0,0
A2HPTLW9K09WYW:validation:B00CAGIUTU,tail,,,0,0.0,0.0,0.0,0.0,0.0,0.0,0,0,0.3102538585662842,1.0,0
A2HU37D7TNL8IW:validation:B0064Z54Z6,tail,,,0,0.0,0.0,0.0,0.0,0.0,0.0,0,0,0.3114568591117859,1.0,0
A2HXNQB6LBDQ0B:validation:B004PBJPNI,tail,,,0,0.0,0.0,0.0,0.0,0.0,0.0,0,0,0.36886265873908997,1.0,0
A2I8DPUY5YIPZ9:validation:B006O6EIC0,head,,,0,0.0,0.0,0.0,0.0,0.0,0.0,0,0,0.36917197704315186,1.0,0
A2IF45Z7HQ1J40:validation:B00BPDY38Q,tail,,,0,0.0,0.0,0.0,0.0,0.0,0.0,0,0,0.30434948205947876,1.0,0
A2IG80GAYLP6G3:validation:B00CS1WD9A,head,5,5,1,1.0,0.38685280723454163,1.0,1.0,0.38685280723454163,1.0,0,0,0.30865478515625,1.0,0
A2IGDKOGZZTAGI:validation:B00DKCI1P6,tail,,,0,0.0,0.0,0.0,0.0,0.0,0.0,0,0,0.30868828296661377,1.0,0
A2IJZWRR8GJ9A:validation:B006O6FKDG,head,,,0,0.0,0.0,0.0,0.0,0.0,0.0,0,0,0.30879920721054077,1.0,0
A2J4XOAI07NP7K:validation:B004OFBY5M,tail,,,0,0.0,0.0,0.0,0.0,0.0,0.0,0,0,0.36945366859436035,1.0,0
A2J9L2AWKTGCQD:validation:B006ROJMMA,tail,,,0,0.0,0.0,0.0,0.0,0.0,0.0,0,0,0.30635201930999756,1.0,0
A2JE8OS1NN9YDB:validation:B00EALTQY6,tail,,,0,0.0,0.0,0.0,0.0,0.0,0.0,0,0,0.36991429328918457,1.0,0
A2JRR1O1H60Z2Z:validation:B001PGTNK6,head,,,0,0.0,0.0,0.0,0.0,0.0,0.0,0,0,0.308266818523407,1.0,0
A2JRR70R42FMWB:validation:B006OG74YO,tail,,,0,0.0,0.0,0.0,0.0,0.0,0.0,0,0,0.3103395104408264,1.0,0
A2JSLC9F2VWPFZ:validation:B002GJMOUC,head,,,0,0.0,0.0,0.0,0.0,0.0,0.0,0,0,0.31053268909454346,1.0,0
A2JTU205C92FOS:validation:B004Z20WSE,tail,,,0,0.0,0.0,0.0,0.0,0.0,0.0,0,0,0.3691169321537018,1.0,0
A2JXS222CBMZP0:validation:B000AM03TQ,head,,,0,0.0,0.0,0.0,0.0,0.0,0.0,0,0,0.32206597924232483,1.0,0
A2K06IYQUP5XW:validation:B0038AJYSS,head,,,0,0.0,0.0,0.0,0.0,0.0,0.0,0,0,0.3435175120830536,1.0,0
A2K14Y5YJWI8Q4:validation:B007U7LZQ4,tail,,,0,0.0,0.0,0.0,0.0,0.0,0.0,0,0,0.312161386013031,1.0,0
A2K1H0ML6NZPB6:validation:B000GKAXVK,tail,4,4,1,1.0,0.43067655807339306,1.0,1.0,0.43067655807339306,1.0,0,0,0.36961132287979126,1.0,0
A2K6DQCIKEN55:validation:B007Q0OUFS,head,,,0,0.0,0.0,0.0,0.0,0.0,0.0,0,0,0.3372687101364136,1.0,0
A2KG5YIV44VGYU:validation:B000F3S0B8,tail,,,0,0.0,0.0,0.0,0.0,0.0,0.0,0,0,0.3064102530479431,1.0,0
A2KIA7JQRIDW94:validation:B004DNX6LA,tail,,,0,0.0,0.0,0.0,0.0,0.0,0.0,0,0,0.3062512278556824,1.0,0
A2L4417BBC3UOM:validation:B008KDZO8M,head,,,0,0.0,0.0,0.0,0.0,0.0,0.0,0,0,0.3049054741859436,1.0,0
A2L60EU34MOYTR:validation:B004FEXUP4,head,,,0,0.0,0.0,0.0,0.0,0.0,0.0,0,0,0.3067815601825714,1.0,0
A2L6LGTCAO02FY:validation:B000UEQHYO,tail,5,4,1,1.0,0.38685280723454163,1.0,1.0,0.43067655807339306,1.0,1,0,0.3123934268951416,1.0,0
A2LEVKA3U6CXX7:validation:B00000DMFN,head,,,0,0.0,0.0,0.0,0.0,0.0,0.0,0,0,0.3086972236633301,1.0,0
A2LJEN8JV907XH:validation:B007B40UXU,tail,,,0,0.0,0.0,0.0,0.0,0.0,0.0,0,0,0.337587833404541,1.0,0
A2M4RO62XPOR67:validation:B004ULMF94,tail,,,0,0.0,0.0,0.0,0.0,0.0,0.0,0,0,0.30888667702674866,1.0,0
A2M5P55UYEDDKF:validation:B004HHKFIY,tail,,,0,0.0,0.0,0.0,0.0,0.0,0.0,0,0,0.3421090245246887,1.0,0
A2M9JE3YW25ZW6:validation:B001W2WKS0,head,,,0,0.0,0.0,0.0,0.0,0.0,0.0,0,0,0.3108157515525818,1.0,0
A2MA7ZMW1C74A1:validation:B002YQU0QC,tail,,,0,0.0,0.0,0.0,0.0,0.0,0.0,0,0,0.3102015256881714,1.0,0
A2ME89MSWVG9NF:validation:B00ECV4DD8,tail,2,2,1,1.0,0.6309297535714575,1.0,1.0,0.6309297535714575,1.0,0,0,0.36996105313301086,1.0,0
A2MHV5LKIW90K3:validation:B001BX0BF4,head,,,0,0.0,0.0,0.0,0.0,0.0,0.0,0,0,0.3099589943885803,1.0,0
A2MMDKNIM4ONRT:validation:B007X9DRWO,head,,,0,0.0,0.0,0.0,0.0,0.0,0.0,0,0,0.3395586907863617,1.0,0
A2MNB77YGJ3CN0:validation:B00CI6J1ZO,head,,,0,0.0,0.0,0.0,0.0,0.0,0.0,0,0,0.3398558497428894,1.0,0
A2MQKLPVQSW7P1:validation:B005HROJVM,tail,,,0,0.0,0.0,0.0,0.0,0.0,0.0,0,0,0.3084447979927063,1.0,0
A2N804Y9HDR2KL:validation:B001EA206M,tail,9,9,1,1.0,0.3010299956639812,1.0,1.0,0.3010299956639812,1.0,0,0,0.3115050792694092,1.0,0
A2N8956FWF69SE:validation:B00083HOXA,head,,,0,0.0,0.0,0.0,0.0,0.0,0.0,0,0,0.36958175897598267,1.0,0
A2NE43Q65Y4YXS:validation:B007AR4ZA2,head,,,0,0.0,0.0,0.0,0.0,0.0,0.0,0,0,0.3077891170978546,1.0,0
A2NLNBN2L95YR2:validation:B006O6FKDG,head,,,0,0.0,0.0,0.0,0.0,0.0,0.0,0,0,0.3372476100921631,1.0,0
A2NTWX8K7X6XR:validation:B00C6PT4PY,tail,,,0,0.0,0.0,0.0,0.0,0.0,0.0,0,0,0.3081020712852478,1.0,0
A2NVQZ4Y7Y0J1R:validation:B005N57CNU,tail,,,0,0.0,0.0,0.0,0.0,0.0,0.0,0,0,0.3377783000469208,1.0,0
A2NX6MFZP8TM6S:validation:B003DTMQAW,tail,,,0,0.0,0.0,0.0,0.0,0.0,0.0,0,0,0.31108522415161133,1.0,0
A2NYKJ068XWCJ2:validation:B000AM2K56,head,,,0,0.0,0.0,0.0,0.0,0.0,0.0,0,0,0.31190362572669983,1.0,0
A2O155EQ1EU9G4:validation:B00BQYQY8Q,head,,,0,0.0,0.0,0.0,0.0,0.0,0.0,0,0,0.3043179214000702,1.0,0
A2O3GLW7K6PW48:validation:B009VE38CI,head,,,0,0.0,0.0,0.0,0.0,0.0,0.0,0,0,0.36888837814331055,1.0,0
A2O8XUPMDZQWT5:validation:B000YUTVRE,tail,,92,1,0.0,0.0,0.0,0.0,0.0,0.0,1,0,0.3073421120643616,1.0,0
A2OD23539QMZS5:validation:B002YIV0ZU,head,,,0,0.0,0.0,0.0,0.0,0.0,0.0,0,0,0.3066045045852661,1.0,0
A2OJ4U49436JOT:validation:B0006N6USM,tail,,,0,0.0,0.0,0.0,0.0,0.0,0.0,0,0,0.3388076424598694,1.0,0
A2OL9H2S39LQFO:validation:B007Y9NW8C,tail,,,0,0.0,0.0,0.0,0.0,0.0,0.0,0,0,0.30993974208831787,1.0,0
A2OQT0OZZW8P0O:validation:B00D6N909A,tail,1,1,1,1.0,1.0,1.0,1.0,1.0,1.0,0,0,0.30779629945755005,1.0,0
A2OU6ZZSZ2Q7CU:validation:B004PBN9BC,head,,,0,0.0,0.0,0.0,0.0,0.0,0.0,0,0,0.3072550892829895,1.0,0
A2OV8GFT2H3TEK:validation:B003U0O3B4,head,15,13,1,0.0,0.0,1.0,0.0,0.0,1.0,1,0,0.3084879517555237,1.0,0
A2OWRTAQK6500U:validation:B004MU9V8Q,head,,,0,0.0,0.0,0.0,0.0,0.0,0.0,0,0,0.3703935146331787,1.0,0
A2OY5YNT2040OT:validation:B000AM2K56,head,,,0,0.0,0.0,0.0,0.0,0.0,0.0,0,0,0.36733895540237427,1.0,0
A2PC9ZZIFV31B1:validation:B00466L0BW,tail,,,0,0.0,0.0,0.0,0.0,0.0,0.0,0,0,0.31038686633110046,1.0,0
A2PM5Z249OVPEN:validation:B00FAQW0NO,tail,,,0,0.0,0.0,0.0,0.0,0.0,0.0,0,0,0.3073633909225464,1.0,0
A2PQVAOLN8G2ML:validation:B00CN8AHVY,tail,,,0,0.0,0.0,0.0,0.0,0.0,0.0,0,0,0.30749648809432983,1.0,0
A2PU5IDX61XJ7A:validation:B000FSIJ0K,head,,,0,0.0,0.0,0.0,0.0,0.0,0.0,0,0,0.30464085936546326,1.0,0
A2PVCEQ4GAWDJ6:validation:B00A88FLI0,tail,,,0,0.0,0.0,0.0,0.0,0.0,0.0,0,0,0.3692161440849304,1.0,0
A2Q6R39ZU79BN2:validation:B00A852PQ4,tail,,,0,0.0,0.0,0.0,0.0,0.0,0.0,0,0,0.3123764097690582,1.0,0
A2Q75EC7500RQZ:validation:B00BSWRV9C,tail,,,0,0.0,0.0,0.0,0.0,0.0,0.0,0,0,0.30917447805404663,1.0,0
A2QDND8SHL2RNR:validation:0984155872,tail,,,0,0.0,0.0,0.0,0.0,0.0,0.0,0,0,0.31260162591934204,1.0,0
A2QE3Q28EKDLVU:validation:B003CRJU36,head,,,0,0.0,0.0,0.0,0.0,0.0,0.0,0,0,0.30591881275177,1.0,0
A2QIL6MHF0S9S5:validation:B00B1Z6EXU,head,,,0,0.0,0.0,0.0,0.0,0.0,0.0,0,0,0.3086268901824951,1.0,0
A2QLRSBGITM8TF:validation:B001AQDA50,head,,,0,0.0,0.0,0.0,0.0,0.0,0.0,0,0,0.30447477102279663,1.0,0
A2QT2TH9XJMTIP:validation:B00FEN5N5A,tail,,,0,0.0,0.0,0.0,0.0,0.0,0.0,0,0,0.31400132179260254,1.0,0
A2R5J3MYORC4M:validation:B00DOQCTWE,tail,,,0,0.0,0.0,0.0,0.0,0.0,0.0,0,0,0.30949127674102783,1.0,0
A2RC9W12WGIG2P:validation:B0092GHPSI,tail,,,0,0.0,0.0,0.0,0.0,0.0,0.0,0,0,0.3441759943962097,1.0,0
A2RLGKF6LX0AHG:validation:B00FM8WGK2,tail,,,0,0.0,0.0,0.0,0.0,0.0,0.0,0,0,0.30757269263267517,1.0,0
A2RT43G8ZATPXJ:validation:B006RQ8ULC,head,,,0,0.0,0.0,0.0,0.0,0.0,0.0,0,0,0.30747365951538086,1.0,0
A2RXENJN010MBB:validation:B0009P5YXO,head,5,7,1,1.0,0.38685280723454163,1.0,1.0,0.3333333333333333,1.0,1,0,0.3162662982940674,1.0,0
A2S2ADSU70LGJV:validation:B00BDMN3VC,tail,,,0,0.0,0.0,0.0,0.0,0.0,0.0,0,0,0.3368247151374817,1.0,0
A2S4EQVFTQTYYE:validation:B009F7OXCA,head,,,0,0.0,0.0,0.0,0.0,0.0,0.0,0,0,0.306423544883728,1.0,0
A2S73Z7ZR6HAMX:validation:B000WNUU6Y,head,32,29,1,0.0,0.0,1.0,0.0,0.0,1.0,1,0,0.30792683362960815,1.0,0
A2SJQX5SEWQ1XM:validation:B000OWAZYU,head,,,0,0.0,0.0,0.0,0.0,0.0,0.0,0,0,0.3066476285457611,1.0,0
A2SYD51JMM3B8W:validation:B004MWP390,tail,45,47,1,0.0,0.0,1.0,0.0,0.0,1.0,1,0,0.31361573934555054,1.0,0
A2T42N6MVFL00W:validation:B004UU9WHI,tail,,59,1,0.0,0.0,0.0,0.0,0.0,0.0,1,0,0.3111947178840637,1.0,0
A2TCG2HV1VJP6V:validation:B002I0K3CK,head,,,0,0.0,0.0,0.0,0.0,0.0,0.0,0,0,0.3181224465370178,1.0,0
A2TGIMHSVD878Q:validation:B0077NCEWA,head,1,1,1,1.0,1.0,1.0,1.0,1.0,1.0,0,0,0.33838552236557007,1.0,0
A2TR37PZH1QY06:validation:B00G69QBA2,tail,1,1,1,1.0,1.0,1.0,1.0,1.0,1.0,0,0,0.355091392993927,1.0,0
A2TTLRMZIJG276:validation:B000050B3H,head,,,0,0.0,0.0,0.0,0.0,0.0,0.0,0,0,0.31020957231521606,1.0,0
A2U1SJB87Y4BEN:validation:B00BTH2G3W,head,,,0,0.0,0.0,0.0,0.0,0.0,0.0,0,0,0.3098638355731964,1.0,0
A2U83F56R1OEO9:validation:B000E1PY6U,head,,,0,0.0,0.0,0.0,0.0,0.0,0.0,0,0,0.30814921855926514,1.0,0
A2U83VDVJMAB2U:validation:B00IVFCGKS,tail,,54,1,0.0,0.0,0.0,0.0,0.0,0.0,1,0,0.34776270389556885,1.0,0
A2UF70UJD27RNG:validation:B004U5R5BI,head,19,16,1,0.0,0.0,1.0,0.0,0.0,1.0,1,0,0.31075412034988403,1.0,0
A2UFHTGDPTUJQ7:validation:B008KOHF4W,tail,,,0,0.0,0.0,0.0,0.0,0.0,0.0,0,0,0.3112134635448456,1.0,0
A2ULQOGN59LDNK:validation:B007SG9FFU,tail,,,0,0.0,0.0,0.0,0.0,0.0,0.0,0,0,0.3701016902923584,1.0,0
A2UT0FWM1DHKFJ:validation:B00ERK27SC,head,39,35,1,0.0,0.0,1.0,0.0,0.0,1.0,1,0,0.3105134069919586,1.0,0
A2V870ZMVCHNDM:validation:B000LSZVKA,head,2,2,1,1.0,0.6309297535714575,1.0,1.0,0.6309297535714575,1.0,0,0,0.30698710680007935,1.0,0
A2V9LVAC3KKEE9:validation:B00BQYQY8Q,head,,,0,0.0,0.0,0.0,0.0,0.0,0.0,0,0,0.30826127529144287,1.0,0
A2VDA5Y5BHZCZS:validation:B004617DEU,head,,,0,0.0,0.0,0.0,0.0,0.0,0.0,0,0,0.31009429693222046,1.0,0
A2VJSUOL3U7YN2:validation:B000BGT6CG,tail,3,3,1,1.0,0.5,1.0,1.0,0.5,1.0,0,0,0.30687645077705383,1.0,0
A2VKM2FTBHRVVI:validation:B0006O8Q7Y,head,,,0,0.0,0.0,0.0,0.0,0.0,0.0,0,0,0.3225571811199188,1.0,0
A2VVOJVKB96CZF:validation:B009VKM5BC,tail,,,0,0.0,0.0,0.0,0.0,0.0,0.0,0,0,0.3096211552619934,1.0,0
A2W00XKTTF1G0Z:validation:B00IM8W12M,tail,,,0,0.0,0.0,0.0,0.0,0.0,0.0,0,0,0.36947786808013916,1.0,0
A2W5Q0C4D15Z3:validation:B004Z7H2EQ,head,,,0,0.0,0.0,0.0,0.0,0.0,0.0,0,0,0.32808709144592285,1.0,0
A2W6I1S8FNQUO:validation:B000MWX9MW,head,36,33,1,0.0,0.0,1.0,0.0,0.0,1.0,1,0,0.37003666162490845,1.0,0
A2W9RPAGRN3O1S:validation:B002UQ39EQ,tail,,,0,0.0,0.0,0.0,0.0,0.0,0.0,0,0,0.37060701847076416,1.0,0
A2WBK72E470OEB:validation:B005XUI4QY,tail,,,0,0.0,0.0,0.0,0.0,0.0,0.0,0,0,0.3680020570755005,1.0,0
A2WCGVK522264P:validation:B00BQYR0MA,tail,,,0,0.0,0.0,0.0,0.0,0.0,0.0,0,0,0.3082871437072754,1.0,0
A2WJBS7I1X296A:validation:B00005C8R9,tail,,,0,0.0,0.0,0.0,0.0,0.0,0.0,0,0,0.3691578209400177,1.0,0
A2WJPPY8791H5O:validation:B00381A1KW,tail,6,7,1,1.0,0.3562071871080222,1.0,1.0,0.3333333333333333,1.0,1,0,0.32256001234054565,1.0,0
A2WK7ZBM33IF5L:validation:B004BW8Z14,tail,,,0,0.0,0.0,0.0,0.0,0.0,0.0,0,0,0.307949960231781,1.0,0
A2WLCSZB1EAFAM:validation:B001628AP8,tail,,,0,0.0,0.0,0.0,0.0,0.0,0.0,0,0,0.3081420361995697,1.0,0
A2WMMTJN99IQYZ:validation:B00F4WMAI4,head,1,1,1,1.0,1.0,1.0,1.0,1.0,1.0,0,0,0.30511805415153503,1.0,0
A2WQCTXF2T8X93:validation:B006X7A8KG,tail,,,0,0.0,0.0,0.0,0.0,0.0,0.0,0,0,0.371149480342865,1.0,0
A2WTNQ1AB9RS57:validation:B00C6PSQAS,tail,,,0,0.0,0.0,0.0,0.0,0.0,0.0,0,0,0.31027400493621826,1.0,0
A2XHAL5LZM1PPC:validation:B006ROJO1O,tail,28,41,1,0.0,0.0,1.0,0.0,0.0,1.0,1,0,0.36938735842704773,1.0,0
A2XOHKWVIDA0VA:validation:B00DJQZMTG,tail,7,5,1,1.0,0.3333333333333333,1.0,1.0,0.38685280723454163,1.0,1,0,0.30673977732658386,1.0,0
A2XWY5S9AA7L8H:validation:B00C74HY88,tail,2,2,1,1.0,0.6309297535714575,1.0,1.0,0.6309297535714575,1.0,0,0,0.3109934329986572,1.0,0
A2Y17F3LAN389H:validation:B001AQS1RC,tail,,,0,0.0,0.0,0.0,0.0,0.0,0.0,0,0,0.31367725133895874,1.0,0
A2Y2OW2CR3WMRK:validation:B008MW6NW2,tail,1,1,1,1.0,1.0,1.0,1.0,1.0,1.0,0,0,0.31126731634140015,1.0,0
A2Y6NYY11EODRU:validation:B0015AM26E,head,29,30,1,0.0,0.0,1.0,0.0,0.0,1.0,1,0,0.3099517226219177,1.0,0
A2Y71CUI7ILZSH:validation:B00BOUS2RS,tail,,,0,0.0,0.0,0.0,0.0,0.0,0.0,0,0,0.30852267146110535,1.0,0
A2YGTUG4ZZ7X9W:validation:B00CE04GVS,tail,20,18,1,0.0,0.0,1.0,0.0,0.0,1.0,1,0,0.3087654709815979,1.0,0
A2YLIZDH3P1OV6:validation:B002V3RCE6,head,,,0,0.0,0.0,0.0,0.0,0.0,0.0,0,0,0.31189364194869995,1.0,0
A2YN5YSRQP6HBN:validation:B003N2Q5JC,tail,,,0,0.0,0.0,0.0,0.0,0.0,0.0,0,0,0.30935338139533997,1.0,0
A2YS6TV2A8TM4R:validation:B003621UT4,head,,,0,0.0,0.0,0.0,0.0,0.0,0.0,0,0,0.31029194593429565,1.0,0
A2YS9A1EZFRU28:validation:B00ARQW0YG,head,,,0,0.0,0.0,0.0,0.0,0.0,0.0,0,0,0.36968523263931274,1.0,0
A2YXM3NEUOT5KB:validation:B007J3F9U2,tail,,,0,0.0,0.0,0.0,0.0,0.0,0.0,0,0,0.3074108362197876,1.0,0
A2YYPTX47G5E1U:validation:B0002WSKA8,tail,,,0,0.0,0.0,0.0,0.0,0.0,0.0,0,0,0.3695468604564667,1.0,0
A2YYS5KXLL016Z:validation:B005II65US,tail,,73,1,0.0,0.0,0.0,0.0,0.0,0.0,1,0,0.34858524799346924,1.0,0
A2ZANU28U51UE9:validation:B0036AWTDM,head,,,0,0.0,0.0,0.0,0.0,0.0,0.0,0,0,0.3094029128551483,1.0,0
A2ZDUS9Q4HXKBY:validation:B0055OI8QO,tail,,,0,0.0,0.0,0.0,0.0,0.0,0.0,0,0,0.3120537996292114,1.0,0
A2ZGHCCOXACCNB:validation:B006O6EIWK,head,4,6,1,1.0,0.43067655807339306,1.0,1.0,0.3562071871080222,1.0,1,0,0.34233999252319336,1.0,0
A2ZK0J4WOCS5IA:validation:B0017RUGWW,tail,,,0,0.0,0.0,0.0,0.0,0.0,0.0,0,0,0.33707213401794434,1.0,0
A2ZMOGW5Q38DGO:validation:B008JNPBYK,head,1,1,1,1.0,1.0,1.0,1.0,1.0,1.0,0,0,0.3629818260669708,1.0,0
A2ZS2JNLSCCRWR:validation:B000A0IBV0,head,,,0,0.0,0.0,0.0,0.0,0.0,0.0,0,0,0.3695240616798401,1.0,0
A2ZUN86K91AWIF:validation:B00C6PVVNM,tail,39,45,1,0.0,0.0,1.0,0.0,0.0,1.0,1,0,0.36791807413101196,1.0,0
A2ZXDA5R2GWOAV:validation:B00CG5WZL4,tail,,,0,0.0,0.0,0.0,0.0,0.0,0.0,0,0,0.3462478220462799,1.0,0
A3057ZJL1OX1W0:validation:B00CI6J5JQ,head,,,0,0.0,0.0,0.0,0.0,0.0,0.0,0,0,0.33461782336235046,1.0,0
A305SGAW2O6YNL:validation:B00005YVRN,head,9,6,1,1.0,0.3010299956639812,1.0,1.0,0.3562071871080222,1.0,1,0,0.30541542172431946,1.0,0
A30GUSBAGVYW59:validation:B006HCVT5U,head,,,0,0.0,0.0,0.0,0.0,0.0,0.0,0,0,0.30815261602401733,1.0,0
A30JQA9TJO269D:validation:B002XB04XW,head,,,0,0.0,0.0,0.0,0.0,0.0,0.0,0,0,0.3058655858039856,1.0,0
A30KH3I2JFV3W8:validation:B007HVHDCI,head,1,1,1,1.0,1.0,1.0,1.0,1.0,1.0,0,0,0.3096848726272583,1.0,0
A30RVAYZZTRYRT:validation:B00009KWTB,head,,,0,0.0,0.0,0.0,0.0,0.0,0.0,0,0,0.3334270417690277,1.0,0
A30Z6V5N1GUNY0:validation:B00840LCB4,tail,,,0,0.0,0.0,0.0,0.0,0.0,0.0,0,0,0.3086718022823334,1.0,0
A3113MICSM2UZ7:validation:B000MWWXGK,tail,,,0,0.0,0.0,0.0,0.0,0.0,0.0,0,0,0.33513182401657104,1.0,0
A313YCDIVOKNIS:validation:B006CD076Q,tail,,,0,0.0,0.0,0.0,0.0,0.0,0.0,0,0,0.3371068239212036,1.0,0
A3156LH0U0LA6P:validation:B004ORV2D4,head,,,0,0.0,0.0,0.0,0.0,0.0,0.0,0,0,0.33667314052581787,1.0,0
A31ADOKGF6S0MP:validation:B000GCNDOM,tail,,,0,0.0,0.0,0.0,0.0,0.0,0.0,0,0,0.3128414750099182,1.0,0
A31FD120XZZ0T8:validation:B00804BCO6,head,,,0,0.0,0.0,0.0,0.0,0.0,0.0,0,0,0.3131432831287384,1.0,0
A31FN9JW9AB1DT:validation:B000BXKN30,head,,71,1,0.0,0.0,0.0,0.0,0.0,0.0,1,0,0.3102741241455078,1.0,0
A31TSQ6L9VS073:validation:B0015399MG,head,,,0,0.0,0.0,0.0,0.0,0.0,0.0,0,0,0.30619463324546814,1.0,0
A31U9NN8X7HXIH:validation:B003PGRGGW,head,,,0,0.0,0.0,0.0,0.0,0.0,0.0,0,0,0.3104235529899597,1.0,0
A31YKE7KJGMAW6:validation:B007U7M0VS,tail,17,16,1,0.0,0.0,1.0,0.0,0.0,1.0,1,0,0.31297922134399414,1.0,0
A31YQGZMQTN8VM:validation:B000VRE5G2,tail,,,0,0.0,0.0,0.0,0.0,0.0,0.0,0,0,0.3419221043586731,1.0,0
A31ZPV48QK7BVZ:validation:B00000K3BU,tail,,,0,0.0,0.0,0.0,0.0,0.0,0.0,0,0,0.30898404121398926,1.0,0
A3221YT0EMES6D:validation:B00200JWQQ,head,,,0,0.0,0.0,0.0,0.0,0.0,0.0,0,0,0.30805087089538574,1.0,0
A325C1BAYA0309:validation:B000RGXEB4,tail,,,0,0.0,0.0,0.0,0.0,0.0,0.0,0,0,0.30898308753967285,1.0,0
A327WFPWXLSZOS:validation:B001PQLNY0,tail,,,0,0.0,0.0,0.0,0.0,0.0,0.0,0,0,0.3140849173069,1.0,0
A32FGHKCNU8P5U:validation:B00007G39I,head,42,39,1,0.0,0.0,1.0,0.0,0.0,1.0,1,0,0.3085574805736542,1.0,0
A32JCNFALAFPME:validation:B00CIH1JJ4,tail,,,0,0.0,0.0,0.0,0.0,0.0,0.0,0,0,0.36193177103996277,1.0,0
A32MCPM5YP62DP:validation:B00CEUMJ62,head,,,0,0.0,0.0,0.0,0.0,0.0,0.0,0,0,0.308047890663147,1.0,0
A32NORHM9DZ94S:validation:B000S1C8XI,tail,,,0,0.0,0.0,0.0,0.0,0.0,0.0,0,0,0.3074975609779358,1.0,0
A32Q726D4KHNHH:validation:B00CMC8IDU,tail,,,0,0.0,0.0,0.0,0.0,0.0,0.0,0,0,0.3430328071117401,1.0,0
A32U5F3BYVM4NA:validation:B000V20CHS,tail,,,0,0.0,0.0,0.0,0.0,0.0,0.0,0,0,0.30790698528289795,1.0,0
A32ZGQ60J29IEW:validation:B00349MPQQ,head,,,0,0.0,0.0,0.0,0.0,0.0,0.0,0,0,0.34035468101501465,1.0,0
A334RTWLLVFWDR:validation:B0063NC3N0,head,,,0,0.0,0.0,0.0,0.0,0.0,0.0,0,0,0.3125663995742798,1.0,0
A3355TU2GYGQQ3:validation:B004OYOFZE,tail,,,0,0.0,0.0,0.0,0.0,0.0,0.0,0,0,0.31029099225997925,1.0,0
A335BT6S36AYEJ:validation:B00CEQ1HPK,head,,,0,0.0,0.0,0.0,0.0,0.0,0.0,0,0,0.3047153353691101,1.0,0
A335VOMLST4WVV:validation:B005IBVLHW,head,,,0,0.0,0.0,0.0,0.0,0.0,0.0,0,0,0.3074668049812317,1.0,0
A336PDROMWEDWL:validation:B001TJ8ITQ,head,,,0,0.0,0.0,0.0,0.0,0.0,0.0,0,0,0.3035295307636261,1.0,0
A3377VCOYETG7:validation:B007RDFO0Y,tail,,,0,0.0,0.0,0.0,0.0,0.0,0.0,0,0,0.3063942790031433,1.0,0
A33BRZVHMXLPKH:validation:B007RQ304I,tail,,69,1,0.0,0.0,0.0,0.0,0.0,0.0,1,0,0.3689529001712799,1.0,0
A33C4BI79RW2JV:validation:B007Q0ONNW,head,,,0,0.0,0.0,0.0,0.0,0.0,0.0,0,0,0.3061704933643341,1.0,0
A33IY18HHMDV8S:validation:B0016H1OPQ,tail,,,0,0.0,0.0,0.0,0.0,0.0,0.0,0,0,0.3688395619392395,1.0,0
A33U71H3K67WR5:validation:B009TNOF9G,tail,,,0,0.0,0.0,0.0,0.0,0.0,0.0,0,0,0.3404984474182129,1.0,0
A33ZNDBNWJTBKU:validation:B0015KVXW8,head,,,0,0.0,0.0,0.0,0.0,0.0,0.0,0,0,0.30881884694099426,1.0,0
A343S9A43N1RF2:validation:B00DUB6RVW,tail,,,0,0.0,0.0,0.0,0.0,0.0,0.0,0,0,0.3116346001625061,1.0,0
A34AHOC0OXMR2K:validation:B000096RFF,head,,,0,0.0,0.0,0.0,0.0,0.0,0.0,0,0,0.30725985765457153,1.0,0
A34OWGIMR7E0EX:validation:B0052D30RA,tail,,,0,0.0,0.0,0.0,0.0,0.0,0.0,0,0,0.33635783195495605,1.0,0
A34W78Y49I3QF9:validation:B00C6PXLMQ,head,,,0,0.0,0.0,0.0,0.0,0.0,0.0,0,0,0.3075215220451355,1.0,0
A34WEU9SRGHCVM:validation:B003CRM902,tail,,,0,0.0,0.0,0.0,0.0,0.0,0.0,0,0,0.3374297618865967,1.0,0
A34XBCW41AZ5DF:validation:B00004WJSN,head,,,0,0.0,0.0,0.0,0.0,0.0,0.0,0,0,0.30846965312957764,1.0,0
A34YEIV50UH60R:validation:B002YP48CU,tail,,,0,0.0,0.0,0.0,0.0,0.0,0.0,0,0,0.30995452404022217,1.0,0
A350GJPCEO3T69:validation:B000XFPIUE,tail,,,0,0.0,0.0,0.0,0.0,0.0,0.0,0,0,0.3068944811820984,1.0,0
A351GDQ2F5HRLR:validation:B00007G39I,head,9,9,1,1.0,0.3010299956639812,1.0,1.0,0.3010299956639812,1.0,0,0,0.30646461248397827,1.0,0
A35C6KKVACAEC4:validation:B003TUKEM2,head,,,0,0.0,0.0,0.0,0.0,0.0,0.0,0,0,0.3131144046783447,1.0,0
A35DT30ZZLNDWA:validation:B007CS1LCE,tail,,,0,0.0,0.0,0.0,0.0,0.0,0.0,0,0,0.33796679973602295,1.0,0
A35I70NYO4L59Z:validation:B003RDJYMM,tail,,,0,0.0,0.0,0.0,0.0,0.0,0.0,0,0,0.30931827425956726,1.0,0
A35M170AHULXN6:validation:B00FJ7M35Y,tail,,,0,0.0,0.0,0.0,0.0,0.0,0.0,0,0,0.3412833511829376,1.0,0
A35MQP8B71CQ9C:validation:B0033C13KS,tail,,,0,0.0,0.0,0.0,0.0,0.0,0.0,0,0,0.33651110529899597,1.0,0
A35UWHNCKBAGQY:validation:B005JFNE8G,head,1,1,1,1.0,1.0,1.0,1.0,1.0,1.0,0,0,0.3098468780517578,1.0,0
A367RV1T05L0NO:validation:B002OE01XG,head,,,0,0.0,0.0,0.0,0.0,0.0,0.0,0,0,0.3059326410293579,1.0,0
A36G8X2ESE1TMV:validation:B008B68IUY,head,,,0,0.0,0.0,0.0,0.0,0.0,0.0,0,0,0.3376639485359192,1.0,0
A36NR5RUJXT5UD:validation:B0054EXG6M,tail,,,0,0.0,0.0,0.0,0.0,0.0,0.0,0,0,0.3691972494125366,1.0,0
A36UOD87FN0129:validation:B00381A1L6,tail,,,0,0.0,0.0,0.0,0.0,0.0,0.0,0,0,0.3085412383079529,1.0,0
A36XZ3G51YG9SD:validation:B00DPK11ZA,head,12,15,1,0.0,0.0,1.0,0.0,0.0,1.0,1,0,0.3343098759651184,1.0,0
A372X353WPDFKQ:validation:1616615362,tail,1,1,1,1.0,1.0,1.0,1.0,1.0,1.0,0,0,0.34269729256629944,1.0,0
A374PNVOR5D1XV:validation:B009T45XDW,head,34,32,1,0.0,0.0,1.0,0.0,0.0,1.0,1,0,0.30862724781036377,1.0,0
A37AO20OXS51QA:validation:B001YHX45G,head,,,0,0.0,0.0,0.0,0.0,0.0,0.0,0,0,0.3693646788597107,1.0,0
A37DENG8BBSJFQ:validation:B000JVJ8KS,head,,,0,0.0,0.0,0.0,0.0,0.0,0.0,0,0,0.3088061213493347,1.0,0
A37JM9NKDD972Y:validation:B00B1AQCO6,tail,,,0,0.0,0.0,0.0,0.0,0.0,0.0,0,0,0.3383078873157501,1.0,0
A37SIZ7YQKYY8A:validation:B0084BPZES,head,,,0,0.0,0.0,0.0,0.0,0.0,0.0,0,0,0.3135616183280945,1.0,0
A37USOKUTI724H:validation:B00BRI99SS,head,8,8,1,1.0,0.31546487678572877,1.0,1.0,0.31546487678572877,1.0,0,0,0.31762170791625977,1.0,0
A37XQ1R7WFPXXP:validation:B00417ZMB0,tail,1,1,1,1.0,1.0,1.0,1.0,1.0,1.0,0,0,0.3081238865852356,1.0,0
A38BVHB0BCDC0V:validation:B000XA80XG,head,,,0,0.0,0.0,0.0,0.0,0.0,0.0,0,0,0.3055999279022217,1.0,0
A38E3EMVTA2930:validation:B004ORYX6M,tail,,,0,0.0,0.0,0.0,0.0,0.0,0.0,0,0,0.30894017219543457,1.0,0
A38GX6ELL563CJ:validation:B001HA9JOA,head,,,0,0.0,0.0,0.0,0.0,0.0,0.0,0,0,0.3434070646762848,1.0,0
A38HXFG7SRXGON:validation:B003FLMZMW,head,13,11,1,0.0,0.0,1.0,0.0,0.0,1.0,1,0,0.31185752153396606,1.0,0
A38OWH1J5MKDZZ:validation:B00428LIZM,tail,,,0,0.0,0.0,0.0,0.0,0.0,0.0,0,0,0.3123190402984619,1.0,0
A38PAYVUSASXYG:validation:B004K9T8SM,tail,,,0,0.0,0.0,0.0,0.0,0.0,0.0,0,0,0.3061310946941376,1.0,0
A38X5MXC13APUH:validation:B000EOIFKY,head,,,0,0.0,0.0,0.0,0.0,0.0,0.0,0,0,0.3682518005371094,1.0,0
A3919DPCCXQLO9:validation:B000REP3CO,tail,,,0,0.0,0.0,0.0,0.0,0.0,0.0,0,0,0.30669155716896057,1.0,0
A39CIGISG5VZ1A:validation:B00C5XBAOA,head,,,0,0.0,0.0,0.0,0.0,0.0,0.0,0,0,0.3064422905445099,1.0,0
A39E4C7YVVQ02F:validation:B0043E0XJM,head,4,4,1,1.0,0.43067655807339306,1.0,1.0,0.43067655807339306,1.0,0,0,0.3687494397163391,1.0,0
A39GY6SGYXQMG0:validation:B006UBM1M8,tail,,,0,0.0,0.0,0.0,0.0,0.0,0.0,0,0,0.307889461517334,1.0,0
A39Q1OOCJ5VT8P:validation:B0037UP9MY,head,,,0,0.0,0.0,0.0,0.0,0.0,0.0,0,0,0.3696361184120178,1.0,0
A39U2C1NVCI3VW:validation:B008AWFWA8,head,11,11,1,0.0,0.0,1.0,0.0,0.0,1.0,0,0,0.30635517835617065,1.0,0
A3A2C2JTYZL7GT:validation:B008BRLV20,tail,,,0,0.0,0.0,0.0,0.0,0.0,0.0,0,0,0.31090301275253296,1.0,0
A3AANHILJU77IK:validation:B00DGQP3WU,head,7,7,1,1.0,0.3333333333333333,1.0,1.0,0.3333333333333333,1.0,0,0,0.3047522306442261,1.0,0
A3AD91CVRXHM91:validation:B00CL15P24,tail,,,0,0.0,0.0,0.0,0.0,0.0,0.0,0,0,0.30855125188827515,1.0,0
A3AEQ3BVEWCM4I:validation:B00CFWWDWE,tail,,,0,0.0,0.0,0.0,0.0,0.0,0.0,0,0,0.3116849660873413,1.0,0
A3AGRXY3JYCIJ3:validation:B007FUNLRM,tail,,,0,0.0,0.0,0.0,0.0,0.0,0.0,0,0,0.36930912733078003,1.0,0
A3AMC7FLMCVQW9:validation:B00000IUBJ,tail,,,0,0.0,0.0,0.0,0.0,0.0,0.0,0,0,0.30737435817718506,1.0,0
A3ATB6AGPD46DS:validation:B004R4IQ7E,tail,,,0,0.0,0.0,0.0,0.0,0.0,0.0,0,0,0.31442221999168396,1.0,0
A3AVVMEI28N2UJ:validation:0976990709,head,,,0,0.0,0.0,0.0,0.0,0.0,0.0,0,0,0.3064378499984741,1.0,0
A3AXOSEFUHT6O2:validation:B004ORWXFA,head,,,0,0.0,0.0,0.0,0.0,0.0,0.0,0,0,0.33572715520858765,1.0,0
A3B20R4ZAH0Y2Y:validation:B004SGS9X2,head,,,0,0.0,0.0,0.0,0.0,0.0,0.0,0,0,0.30832409858703613,1.0,0
A3BL2F6DSZETIL:validation:B005VPRDBS,head,,,0,0.0,0.0,0.0,0.0,0.0,0.0,0,0,0.30957481265068054,1.0,0
A3BN9YQEWZ3HLH:validation:B0039PUTZY,head,2,2,1,1.0,0.6309297535714575,1.0,1.0,0.6309297535714575,1.0,0,0,0.30790266394615173,1.0,0
A3BPIW3OO3L2I7:validation:B006O6F4O6,tail,,,0,0.0,0.0,0.0,0.0,0.0,0.0,0,0,0.3077859878540039,1.0,0
A3BTI607V9J8BS:validation:B00021Z2FK,tail,,,0,0.0,0.0,0.0,0.0,0.0,0.0,0,0,0.30914074182510376,1.0,0
A3BUKGYIRP4JYS:validation:B000067818,tail,,,0,0.0,0.0,0.0,0.0,0.0,0.0,0,0,0.3393343687057495,1.0,0
A3BVDQQD86DAXU:validation:B001RNFQNK,tail,,,0,0.0,0.0,0.0,0.0,0.0,0.0,0,0,0.33647340536117554,1.0,0
A3BVSCPKH3D2JD:validation:B001PGP33C,tail,,,0,0.0,0.0,0.0,0.0,0.0,0.0,0,0,0.3052343428134918,1.0,0
A3BXRIK0CBXDSQ:validation:B007XVYO2E,tail,,,0,0.0,0.0,0.0,0.0,0.0,0.0,0,0,0.30777472257614136,1.0,0
A3C2R5U82BC872:validation:B000BZ6U0I,tail,,,0,0.0,0.0,0.0,0.0,0.0,0.0,0,0,0.30722248554229736,1.0,0
A3C76TC9M78NYC:validation:B006WZM79O,tail,,,0,0.0,0.0,0.0,0.0,0.0,0.0,0,0,0.3704487979412079,1.0,0
A3CB0ULFGQWCFF:validation:B0009P5YXO,head,,,0,0.0,0.0,0.0,0.0,0.0,0.0,0,0,0.3553159236907959,1.0,0
A3CTD7K7AGUHRV:validation:B001613Q8A,head,17,17,1,0.0,0.0,1.0,0.0,0.0,1.0,0,0,0.33521103858947754,1.0,0
A3CTS04UI9API2:validation:B0044T2KBU,head,,,0,0.0,0.0,0.0,0.0,0.0,0.0,0,0,0.307306706905365,1.0,0
A3CX88NUC2UML6:validation:B000TTPEXU,head,,,0,0.0,0.0,0.0,0.0,0.0,0.0,0,0,0.306718111038208,1.0,0
A3D8MY7W6XPQQG:validation:B004PBHCAG,tail,,,0,0.0,0.0,0.0,0.0,0.0,0.0,0,0,0.30912846326828003,1.0,0
A3DJA1CWHN4GLY:validation:B000JKRU5Y,tail,,,0,0.0,0.0,0.0,0.0,0.0,0.0,0,0,0.3688100576400757,1.0,0
A3DN6PSUHAGIII:validation:B008N6INE8,tail,,,0,0.0,0.0,0.0,0.0,0.0,0.0,0,0,0.30601298809051514,1.0,0
A3DR6ZV2N1JEO8:validation:B004NMLLQ8,tail,,,0,0.0,0.0,0.0,0.0,0.0,0.0,0,0,0.310355007648468,1.0,0
A3DRCHTO2V4FHK:validation:B0009UBS2K,tail,,,0,0.0,0.0,0.0,0.0,0.0,0.0,0,0,0.3701288104057312,1.0,0
A3DUSTU0T1M5F4:validation:B00BH0GDR6,tail,,,0,0.0,0.0,0.0,0.0,0.0,0.0,0,0,0.3690030872821808,1.0,0
A3DXBHK57LYYSC:validation:B000284X6W,head,31,27,1,0.0,0.0,1.0,0.0,0.0,1.0,1,0,0.3071238696575165,1.0,0
A3E1HQSORPJPFN:validation:B002IUFSPM,head,35,46,1,0.0,0.0,1.0,0.0,0.0,1.0,1,0,0.3420003652572632,1.0,0
A3E24VKTO09LVQ:validation:B009QRD6GS,tail,29,47,1,0.0,0.0,1.0,0.0,0.0,1.0,1,0,0.30598142743110657,1.0,0
A3EAUXPIL65GX5:validation:B000BNJITU,tail,,,0,0.0,0.0,0.0,0.0,0.0,0.0,0,0,0.35564088821411133,1.0,0
A3EPBWXUWBOJI7:validation:B007J3F98O,head,,,0,0.0,0.0,0.0,0.0,0.0,0.0,0,0,0.3075334429740906,1.0,0
A3ETNS9H2MOHUZ:validation:B00BJM2MF4,tail,,,0,0.0,0.0,0.0,0.0,0.0,0.0,0,0,0.30884772539138794,1.0,0
A3EXW4HNYX7HF5:validation:B00CI6J20S,head,,,0,0.0,0.0,0.0,0.0,0.0,0.0,0,0,0.31154775619506836,1.0,0
A3F1DM8XWNDMJH:validation:B005E7A202,head,,,0,0.0,0.0,0.0,0.0,0.0,0.0,0,0,0.3104627728462219,1.0,0
A3FB6N3AR9SIRF:validation:B00008W72D,head,,,0,0.0,0.0,0.0,0.0,0.0,0.0,0,0,0.3058883547782898,1.0,0
A3FC50ZJIT2GMO:validation:B007ADIBXS,head,,,0,0.0,0.0,0.0,0.0,0.0,0.0,0,0,0.36806777119636536,1.0,0
A3FFNUD5PGO1HQ:validation:B005AW85YG,head,4,5,1,1.0,0.43067655807339306,1.0,1.0,0.38685280723454163,1.0,1,0,0.3338603973388672,1.0,0
A3FM5O047CRB2M:validation:B008JNPBYK,head,1,1,1,1.0,1.0,1.0,1.0,1.0,1.0,0,0,0.3709627687931061,1.0,0
A3FP9H6R2ED7SE:validation:B00004T2WP,head,,,0,0.0,0.0,0.0,0.0,0.0,0.0,0,0,0.3097606897354126,1.0,0
A3FU4PKNQHKDA4:validation:B0076YJACM,tail,,,0,0.0,0.0,0.0,0.0,0.0,0.0,0,0,0.30848264694213867,1.0,0
A3G9XNP5NEHKBG:validation:B000GKES4S,tail,,,0,0.0,0.0,0.0,0.0,0.0,0.0,0,0,0.3078165054321289,1.0,0
A3GDQ1WRI1351U:validation:B00006IJE7,tail,,,0,0.0,0.0,0.0,0.0,0.0,0.0,0,0,0.30763110518455505,1.0,0
A3GK1O5S6188AJ:validation:B00IQ8MVH8,tail,,,0,0.0,0.0,0.0,0.0,0.0,0.0,0,0,0.30856555700302124,1.0,0
A3GS4OOS1FYAL9:validation:B00270T04I,tail,,,0,0.0,0.0,0.0,0.0,0.0,0.0,0,0,0.31023746728897095,1.0,0
A3H078NDV85C61:validation:B0008GMGZ8,head,,,0,0.0,0.0,0.0,0.0,0.0,0.0,0,0,0.30809536576271057,1.0,0
A3H9TRBHEW94C0:validation:B00A88F4D2,tail,,,0,0.0,0.0,0.0,0.0,0.0,0.0,0,0,0.3076591193675995,1.0,0
A3HSNIPLSC66B3:validation:B000AM2K56,head,,,0,0.0,0.0,0.0,0.0,0.0,0.0,0,0,0.31107425689697266,1.0,0
A3HW4K5IVFW495:validation:B001RE8LMW,head,,,0,0.0,0.0,0.0,0.0,0.0,0.0,0,0,0.3116891086101532,1.0,0
A3I5HP7FYKKX6Z:validation:B005L3KW9U,tail,,,0,0.0,0.0,0.0,0.0,0.0,0.0,0,0,0.30738818645477295,1.0,0
A3I688JK1X09IS:validation:B0085TZRKQ,tail,,,0,0.0,0.0,0.0,0.0,0.0,0.0,0,0,0.3366953730583191,1.0,0
A3IJALRIECTH46:validation:B00A850R3W,tail,,,0,0.0,0.0,0.0,0.0,0.0,0.0,0,0,0.3053054213523865,1.0,0
A3IMMFW0SQDGTY:validation:B000KWJSKG,head,,,0,0.0,0.0,0.0,0.0,0.0,0.0,0,0,0.31285178661346436,1.0,0
A3IVP4JB933OSJ:validation:B0046EAWBI,tail,,,0,0.0,0.0,0.0,0.0,0.0,0.0,0,0,0.36127200722694397,1.0,0
A3JD87DUPU2I56:validation:B00449TGQ2,tail,,,0,0.0,0.0,0.0,0.0,0.0,0.0,0,0,0.36985576152801514,1.0,0
A3JPBW2SD236EJ:validation:B003ADVR3S,tail,,,0,0.0,0.0,0.0,0.0,0.0,0.0,0,0,0.30899733304977417,1.0,0
A3JQUCQRTND78C:validation:B001356Q0O,head,,,0,0.0,0.0,0.0,0.0,0.0,0.0,0,0,0.30926501750946045,1.0,0
A3JT29L4YFEIMJ:validation:B0087HU37S,head,3,3,1,1.0,0.5,1.0,1.0,0.5,1.0,0,0,0.30951935052871704,1.0,0
A3JT3H3CEXCYYT:validation:B008IZH41W,tail,,,0,0.0,0.0,0.0,0.0,0.0,0.0,0,0,0.3088851571083069,1.0,0
A3JV5RRJRNKN0I:validation:B00D07A5M8,tail,8,6,1,1.0,0.31546487678572877,1.0,1.0,0.3562071871080222,1.0,1,0,0.3611423969268799,1.0,0
A3JYY8RLJNC56V:validation:B0060RZ4GM,tail,,,0,0.0,0.0,0.0,0.0,0.0,0.0,0,0,0.31330767273902893,1.0,0
A3K18IM154VJ9R:validation:B00CC6Q5CM,tail,1,1,1,1.0,1.0,1.0,1.0,1.0,1.0,0,0,0.3119240403175354,1.0,0
A3K2AMZ9NTVFQY:validation:B0001ZJ7NK,tail,1,1,1,1.0,1.0,1.0,1.0,1.0,1.0,0,0,0.32107117772102356,1.0,0
A3K3QCIIIWQA5Y:validation:B0006OHMU6,tail,,,0,0.0,0.0,0.0,0.0,0.0,0.0,0,0,0.332674115896225,1.0,0
A3K3SE4RK846WO:validation:B00BR3EMSA,head,,,0,0.0,0.0,0.0,0.0,0.0,0.0,0,0,0.30849114060401917,1.0,0
A3K8LJJGKU4U96:validation:B00C2P74XM,tail,,,0,0.0,0.0,0.0,0.0,0.0,0.0,0,0,0.3085029125213623,1.0,0
A3K8MJTZCB13XN:validation:B0009P3OTA,tail,,,0,0.0,0.0,0.0,0.0,0.0,0.0,0,0,0.3078332543373108,1.0,0
A3K9UPN8THUJOE:validation:B006C5WBT0,tail,,,0,0.0,0.0,0.0,0.0,0.0,0.0,0,0,0.3096674978733063,1.0,0
A3KC3NPCXZ165L:validation:B008G29PDW,tail,,,0,0.0,0.0,0.0,0.0,0.0,0.0,0,0,0.30734166502952576,1.0,0
A3KDVT5PXEH6ND:validation:B0081D76VE,head,,,0,0.0,0.0,0.0,0.0,0.0,0.0,0,0,0.33908724784851074,1.0,0
A3KGW9MI9EXYQ3:validation:B00138RVKK,head,1,1,1,1.0,1.0,1.0,1.0,1.0,1.0,0,0,0.3072366416454315,1.0,0
A3KJSCZZN0LZEG:validation:B0015AM26E,head,1,1,1,1.0,1.0,1.0,1.0,1.0,1.0,0,0,0.30832141637802124,1.0,0
A3KPD3WLML2Q4E:validation:B008OW9SLI,head,25,22,1,0.0,0.0,1.0,0.0,0.0,1.0,1,0,0.30842506885528564,1.0,0
A3KXOJMZWM00B3:validation:B000N178E2,head,2,2,1,1.0,0.6309297535714575,1.0,1.0,0.6309297535714575,1.0,0,0,0.30848222970962524,1.0,0
A3L07NUFLHEZJG:validation:B00AE9RJ6A,tail,,,0,0.0,0.0,0.0,0.0,0.0,0.0,0,0,0.30796122550964355,1.0,0
A3LE0UC4D5LWFZ:validation:B003MGJTEM,tail,,,0,0.0,0.0,0.0,0.0,0.0,0.0,0,0,0.3381233811378479,1.0,0
A3LG1IJ7UV79GR:validation:B000LT1D56,head,,,0,0.0,0.0,0.0,0.0,0.0,0.0,0,0,0.3072940707206726,1.0,0
A3LPKKEKC0J52S:validation:B00BU3ZLJQ,head,,,0,0.0,0.0,0.0,0.0,0.0,0.0,0,0,0.308706670999527,1.0,0
A3M6I2ZQ9KTPKH:validation:B00E571HKG,tail,6,6,1,1.0,0.3562071871080222,1.0,1.0,0.3562071871080222,1.0,0,0,0.34413909912109375,1.0,0
A3MGR9INFJ1N60:validation:B00004YT13,tail,,,0,0.0,0.0,0.0,0.0,0.0,0.0,0,0,0.30758628249168396,1.0,0
A3MKEX0PIIXPEZ:validation:B0037KL7R0,tail,,,0,0.0,0.0,0.0,0.0,0.0,0.0,0,0,0.36825796961784363,1.0,0
A3MQ23S4OQHVNE:validation:B000REI1FU,head,,,0,0.0,0.0,0.0,0.0,0.0,0.0,0,0,0.340973824262619,1.0,0
A3MSG1POHU5MBX:validation:B00A92GMEC,tail,,,0,0.0,0.0,0.0,0.0,0.0,0.0,0,0,0.3328161835670471,1.0,0
A3NEAETOSXDBOM:validation:B007SG9FFU,tail,,,0,0.0,0.0,0.0,0.0,0.0,0.0,0,0,0.3664681315422058,1.0,0
A3NKM3BP524JAD:validation:B000W3XEQM,head,,,0,0.0,0.0,0.0,0.0,0.0,0.0,0,0,0.30713242292404175,1.0,0
A3NSMGE2T71EGV:validation:B00009AWM4,head,,,0,0.0,0.0,0.0,0.0,0.0,0.0,0,0,0.3051391541957855,1.0,0
A3NU9S8PXCEA5Q:validation:B003F757W6,tail,1,1,1,1.0,1.0,1.0,1.0,1.0,1.0,0,0,0.3194964528083801,1.0,0
A3NYB08YF2ML9X:validation:B006X9KUL6,tail,,,0,0.0,0.0,0.0,0.0,0.0,0.0,0,0,0.31004616618156433,1.0,0
A3O22PG4MHDI4Y:validation:B000J03ATO,tail,,64,1,0.0,0.0,0.0,0.0,0.0,0.0,1,0,0.30789077281951904,1.0,0
A3O92VFSXB8S5Y:validation:B0009F4YR6,head,,,0,0.0,0.0,0.0,0.0,0.0,0.0,0,0,0.309429407119751,1.0,0
A3ODP9PJMK83RM:validation:B001EB9F3C,head,,,0,0.0,0.0,0.0,0.0,0.0,0.0,0,0,0.31100520491600037,1.0,0
A3OHRD232BAGUD:validation:B00253T7R2,head,,,0,0.0,0.0,0.0,0.0,0.0,0.0,0,0,0.30782806873321533,1.0,0
A3OJSXR0NPFDNJ:validation:B00C6QAEKW,tail,,,0,0.0,0.0,0.0,0.0,0.0,0.0,0,0,0.3613497018814087,1.0,0
A3OUGXBBF8QY58:validation:B002G3ERMQ,tail,,,0,0.0,0.0,0.0,0.0,0.0,0.0,0,0,0.3088343143463135,1.0,0
A3OYCLG14CX7A1:validation:B008ECE1B0,tail,,,0,0.0,0.0,0.0,0.0,0.0,0.0,0,0,0.3424224257469177,1.0,0
A3P2GVYTV0GYL1:validation:B000RA76S2,head,,,0,0.0,0.0,0.0,0.0,0.0,0.0,0,0,0.3682957887649536,1.0,0
A3P4WOECOANW1M:validation:B0015KVAEE,head,47,48,1,0.0,0.0,1.0,0.0,0.0,1.0,1,0,0.30874672532081604,1.0,0
A3P8ZDHC7XSKSE:validation:B002JSM3KQ,head,4,4,1,1.0,0.43067655807339306,1.0,1.0,0.43067655807339306,1.0,0,0,0.3106400668621063,1.0,0
A3P974GJZFHS8D:validation:161661675X,tail,3,2,1,1.0,0.5,1.0,1.0,0.6309297535714575,1.0,1,0,0.34372228384017944,1.0,0
A3PE6N1GDP2XJ8:validation:B001RNHE6W,tail,,,0,0.0,0.0,0.0,0.0,0.0,0.0,0,0,0.3681771457195282,1.0,0
A3PMAUQEHQ06GN:validation:B004GPJM90,tail,,,0,0.0,0.0,0.0,0.0,0.0,0.0,0,0,0.30993083119392395,1.0,0
A3PMN22KAQ3B1:validation:B0018MQGYI,tail,,,0,0.0,0.0,0.0,0.0,0.0,0.0,0,0,0.30878502130508423,1.0,0
A3PO7P9MHI3WY2:validation:B004289584,head,,,0,0.0,0.0,0.0,0.0,0.0,0.0,0,0,0.31331610679626465,1.0,0
A3PP7NEZIIM6BN:validation:B00FM8WGK2,tail,,98,1,0.0,0.0,0.0,0.0,0.0,0.0,1,0,0.30700790882110596,1.0,0
A3PR7RM3L8TORU:validation:B001UEWHG0,tail,,,0,0.0,0.0,0.0,0.0,0.0,0.0,0,0,0.30564314126968384,1.0,0
A3PUE9W2KSWX8R:validation:B008VD9BQM,tail,,,0,0.0,0.0,0.0,0.0,0.0,0.0,0,0,0.30968737602233887,1.0,0
A3PV2E6RXRS8EO:validation:1589945158,tail,,,0,0.0,0.0,0.0,0.0,0.0,0.0,0,0,0.3439299166202545,1.0,0
A3Q9HY0LU7MN6E:validation:B00EDBYHRE,tail,12,9,1,0.0,0.0,1.0,1.0,0.3010299956639812,1.0,1,0,0.3108341097831726,1.0,0
A3QB5GGUYO607J:validation:B00DONF9SS,tail,,,0,0.0,0.0,0.0,0.0,0.0,0.0,0,0,0.33990049362182617,1.0,0
A3QCY8ODJBGFLH:validation:B00B2AYLYS,head,,,0,0.0,0.0,0.0,0.0,0.0,0.0,0,0,0.32526713609695435,1.0,0
A3QU3O79AGNWCY:validation:B00BFRNQL2,head,,,0,0.0,0.0,0.0,0.0,0.0,0.0,0,0,0.3085085153579712,1.0,0
A3QWC6OUH0JMI:validation:B00C1C2RVK,tail,,,0,0.0,0.0,0.0,0.0,0.0,0.0,0,0,0.3100266456604004,1.0,0
A3R4FG7G16C06Q:validation:B008SJF6FO,head,,,0,0.0,0.0,0.0,0.0,0.0,0.0,0,0,0.3080901503562927,1.0,0
A3RCPYFNFZVHVM:validation:B0018MQGYI,tail,,,0,0.0,0.0,0.0,0.0,0.0,0.0,0,0,0.3135889768600464,1.0,0
A3RIAJ81TPZDNV:validation:B004PQZM3A,tail,,,0,0.0,0.0,0.0,0.0,0.0,0.0,0,0,0.3684687316417694,1.0,0
A3RUHWRDVWPR8M:validation:B003WMC6U0,head,5,5,1,1.0,0.38685280723454163,1.0,1.0,0.38685280723454163,1.0,0,0,0.30778181552886963,1.0,0
A3RXK9SS1UXYA9:validation:B008697B54,tail,,,0,0.0,0.0,0.0,0.0,0.0,0.0,0,0,0.31445109844207764,1.0,0
A3S232COVDQGL9:validation:B00CS3TB48,tail,,,0,0.0,0.0,0.0,0.0,0.0,0.0,0,0,0.31119397282600403,1.0,0
A3S3SYYJ549FLO:validation:B000050B3H,head,,,0,0.0,0.0,0.0,0.0,0.0,0.0,0,0,0.30682897567749023,1.0,0
A3SKKRVZU45WW7:validation:B003VRIBWS,tail,1,1,1,1.0,1.0,1.0,1.0,1.0,1.0,0,0,0.30997201800346375,1.0,0
A3SSFAA8I4HI3W:validation:B005OC00XG,tail,,,0,0.0,0.0,0.0,0.0,0.0,0.0,0,0,0.3064184784889221,1.0,0
A3T9BJ3VZPQM8A:validation:B00CN8AI2M,tail,,,0,0.0,0.0,0.0,0.0,0.0,0.0,0,0,0.370469868183136,1.0,0
A3TAF7M58DN46F:validation:B00F6N0G50,head,,,0,0.0,0.0,0.0,0.0,0.0,0.0,0,0,0.3095628619194031,1.0,0
A3TAJJGZ2G1A6T:validation:B008B68J2G,head,,,0,0.0,0.0,0.0,0.0,0.0,0.0,0,0,0.3688781261444092,1.0,0
A3TBMAWIIHKHFN:validation:B003FHM27O,tail,,,0,0.0,0.0,0.0,0.0,0.0,0.0,0,0,0.3344306945800781,1.0,0
A3TIJLY4VX8CH3:validation:B00BG8F0H8,head,2,2,1,1.0,0.6309297535714575,1.0,1.0,0.6309297535714575,1.0,0,0,0.30754995346069336,1.0,0
A3TO4GZ35YKK1X:validation:B00GUABRNI,tail,,,0,0.0,0.0,0.0,0.0,0.0,0.0,0,0,0.37004363536834717,1.0,0
A3TPHWX6JOMS9H:validation:B0044T2KBU,head,,,0,0.0,0.0,0.0,0.0,0.0,0.0,0,0,0.3103685975074768,1.0,0
A3TRCJVBFIBL8Q:validation:B005PPD1GA,tail,2,2,1,1.0,0.6309297535714575,1.0,1.0,0.6309297535714575,1.0,0,0,0.30595916509628296,1.0,0
A3TT5851ZAPAIU:validation:B00BTH2G3W,head,,,0,0.0,0.0,0.0,0.0,0.0,0.0,0,0,0.3062404990196228,1.0,0
A3U29LBT749HJ0:validation:B00ATWUBJ4,head,16,15,1,0.0,0.0,1.0,0.0,0.0,1.0,1,0,0.3080204129219055,1.0,0
A3U2UEBJNEX68I:validation:B00AHAJGXK,head,,,0,0.0,0.0,0.0,0.0,0.0,0.0,0,0,0.3675946593284607,1.0,0
A3UIEOSUJO8ZRW:validation:B003AHG3JC,tail,8,7,1,1.0,0.31546487678572877,1.0,1.0,0.3333333333333333,1.0,1,0,0.3090735971927643,1.0,0
A3UJJP6R9S2DS0:validation:B0085UA6YM,head,,,0,0.0,0.0,0.0,0.0,0.0,0.0,0,0,0.30806952714920044,1.0,0
A3UKWQS8SRW6IO:validation:B00EZIXA78,tail,,,0,0.0,0.0,0.0,0.0,0.0,0.0,0,0,0.30730515718460083,1.0,0
A3UTIIXWLL904I:validation:B001DZLLDG,tail,,,0,0.0,0.0,0.0,0.0,0.0,0.0,0,0,0.31069138646125793,1.0,0
A3UVUAZUX9SA8M:validation:B004CC9HJ2,tail,,,0,0.0,0.0,0.0,0.0,0.0,0.0,0,0,0.3092419505119324,1.0,0
A3UW23DBF2KHWC:validation:B00ED2O7ZA,tail,,,0,0.0,0.0,0.0,0.0,0.0,0.0,0,0,0.3125300407409668,1.0,0
A3V2Y09XX8LVLO:validation:B00GRV5JMU,tail,,,0,0.0,0.0,0.0,0.0,0.0,0.0,0,0,0.36980944871902466,1.0,0
A3V43YIQE2XRKJ:validation:B002ZQG3I0,tail,,,0,0.0,0.0,0.0,0.0,0.0,0.0,0,0,0.36980190873146057,1.0,0
A3VFBU2S8PY0UP:validation:B00D9LWJIS,tail,,,0,0.0,0.0,0.0,0.0,0.0,0.0,0,0,0.3511871099472046,1.0,0
A3VVLD0I7AITYN:validation:B0038AT564,head,19,15,1,0.0,0.0,1.0,0.0,0.0,1.0,1,0,0.3433108925819397,1.0,0
A3W0Z4M2V97EY4:validation:B003I86CR6,tail,,59,1,0.0,0.0,0.0,0.0,0.0,0.0,1,0,0.30476224422454834,1.0,0
A3W45U5VLS64UI:validation:B008GOC9KQ,tail,,,0,0.0,0.0,0.0,0.0,0.0,0.0,0,0,0.370278000831604,1.0,0
A3WYTV5HMYFLC:validation:B009T45XDW,head,1,1,1,1.0,1.0,1.0,1.0,1.0,1.0,0,0,0.3111787438392639,1.0,0
A3ZMJQN4PD6BU:validation:B00000IWIK,head,,,0,0.0,0.0,0.0,0.0,0.0,0.0,0,0,0.3073998689651489,1.0,0
A3ZZFPQLNHTLB:validation:B004T32W2S,head,,,0,0.0,0.0,0.0,0.0,0.0,0.0,0,0,0.30523788928985596,1.0,0
A415RTFTUYHAF:validation:B001Q3KUA0,head,19,18,1,0.0,0.0,1.0,0.0,0.0,1.0,1,0,0.3112849295139313,1.0,0
A42TV8FJP7MI3:validation:B0024H7OF6,head,31,27,1,0.0,0.0,1.0,0.0,0.0,1.0,1,0,0.3108140230178833,1.0,0
A42WKFWKQAVKL:validation:B000BY3TKS,head,,,0,0.0,0.0,0.0,0.0,0.0,0.0,0,0,0.3079494833946228,1.0,0
A45QFXJXNKNOQ:validation:B00004WHN9,head,,,0,0.0,0.0,0.0,0.0,0.0,0.0,0,0,0.3049218952655792,1.0,0
A492HXZOCVUIJ:validation:B00804BCO6,head,13,13,1,0.0,0.0,1.0,0.0,0.0,1.0,0,0,0.33946627378463745,1.0,0
A4DLVVK8W2ZVA:validation:B000BIX382,tail,,,0,0.0,0.0,0.0,0.0,0.0,0.0,0,0,0.3107641637325287,1.0,0
A4UGMKUSX9XHI:validation:B00ECV5KSU,tail,,,0,0.0,0.0,0.0,0.0,0.0,0.0,0,0,0.31010180711746216,1.0,0
A4XF0Z4VW0QBP:validation:B000EOEAW6,tail,10,10,1,1.0,0.2890648263178879,1.0,1.0,0.2890648263178879,1.0,0,0,0.3077605366706848,1.0,0
A570UEZXD5Q4S:validation:B003ZFSOZU,tail,,,0,0.0,0.0,0.0,0.0,0.0,0.0,0,0,0.3109804391860962,1.0,0
A5BCGI9V38TJ1:validation:B0052AWM2C,tail,,71,1,0.0,0.0,0.0,0.0,0.0,0.0,1,0,0.3023860454559326,1.0,0
A5I03TZD4J96V:validation:B00000DMCE,head,21,19,1,0.0,0.0,1.0,0.0,0.0,1.0,1,0,0.3060743808746338,1.0,0
A5JB5UALLO36M:validation:1616613793,tail,1,1,1,1.0,1.0,1.0,1.0,1.0,1.0,0,0,0.31234532594680786,1.0,0
A5JOVJ1IR9KV7:validation:B00428LJ06,head,6,6,1,1.0,0.3562071871080222,1.0,1.0,0.3562071871080222,1.0,0,0,0.30817168951034546,1.0,0
A5KHI9KGFVF72:validation:B004SKQNDQ,head,18,33,1,0.0,0.0,1.0,0.0,0.0,1.0,1,0,0.37067121267318726,1.0,0
A5O3PMPBP0JR9:validation:B006O6F25W,tail,,,0,0.0,0.0,0.0,0.0,0.0,0.0,0,0,0.30937448143959045,1.0,0
A5WUQ69LPPI6N:validation:B00DGQP44C,tail,2,2,1,1.0,0.6309297535714575,1.0,1.0,0.6309297535714575,1.0,0,0,0.309878945350647,1.0,0
A6FMICFI3XK6P:validation:B0006NM1K8,tail,,,0,0.0,0.0,0.0,0.0,0.0,0.0,0,0,0.30957549810409546,1.0,0
A6HXQP526K9W5:validation:B000TH5LL2,head,,,0,0.0,0.0,0.0,0.0,0.0,0.0,0,0,0.3078782856464386,1.0,0
A6MJR75J14GIT:validation:B002V5PUSY,tail,,,0,0.0,0.0,0.0,0.0,0.0,0.0,0,0,0.3089127838611603,1.0,0
A6RDSDA7BN6FI:validation:B00008W72D,head,,,0,0.0,0.0,0.0,0.0,0.0,0.0,0,0,0.30755144357681274,1.0,0
A76PRYKGZOQDM:validation:B0009ICKBU,head,5,5,1,1.0,0.38685280723454163,1.0,1.0,0.38685280723454163,1.0,0,0,0.30964282155036926,1.0,0
A76W6TNTKOL3L:validation:B009ZTUG2Y,tail,,,0,0.0,0.0,0.0,0.0,0.0,0.0,0,0,0.30744248628616333,1.0,0
A7AMCT6I6TDKW:validation:B004I28CYC,tail,,58,1,0.0,0.0,0.0,0.0,0.0,0.0,1,0,0.36968037486076355,1.0,0
A7JAYWWJZDO25:validation:B003BV0WLW,tail,30,29,1,0.0,0.0,1.0,0.0,0.0,1.0,1,0,0.30828744173049927,1.0,0
A7NTB12F2QR3A:validation:B002SQW38Q,head,,,0,0.0,0.0,0.0,0.0,0.0,0.0,0,0,0.3087749481201172,1.0,0
A7O4YEZJOIP0Z:validation:B004560BPY,head,,,0,0.0,0.0,0.0,0.0,0.0,0.0,0,0,0.30666789412498474,1.0,0
A7OSC32RM3OY:validation:B001EBBJQI,tail,,,0,0.0,0.0,0.0,0.0,0.0,0.0,0,0,0.31071150302886963,1.0,0
A7R58D6Y5OSPO:validation:B000OKS774,head,,,0,0.0,0.0,0.0,0.0,0.0,0.0,0,0,0.30977392196655273,1.0,0
A7Y0MEKYZS3X6:validation:B0085WX408,tail,,,0,0.0,0.0,0.0,0.0,0.0,0.0,0,0,0.3691750466823578,1.0,0
A7Z52FWZJTSH2:validation:B001IEYXAA,head,,,0,0.0,0.0,0.0,0.0,0.0,0.0,0,0,0.30744442343711853,1.0,0
A81JTUY1FWSBI:validation:B008HA08QQ,head,,,0,0.0,0.0,0.0,0.0,0.0,0.0,0,0,0.3062523305416107,1.0,0
A83Y6TKNOM5DQ:validation:B002YI6FC8,tail,,,0,0.0,0.0,0.0,0.0,0.0,0.0,0,0,0.36850473284721375,1.0,0
A8GR4PH5NW96V:validation:B00CANHVUC,head,,,0,0.0,0.0,0.0,0.0,0.0,0.0,0,0,0.3087633550167084,1.0,0
A8I0FFLJWFPNL:validation:B006058LM8,tail,,,0,0.0,0.0,0.0,0.0,0.0,0.0,0,0,0.307245135307312,1.0,0
A8SXFCP41Z4QZ:validation:B000J53Z12,head,,63,1,0.0,0.0,0.0,0.0,0.0,0.0,1,0,0.3028956651687622,1.0,0
A8TGGGQACTJGZ:validation:B002C4BAHO,head,,,0,0.0,0.0,0.0,0.0,0.0,0.0,0,0,0.36987173557281494,1.0,0
A8VF58QHL4MMB:validation:B0085TZRMY,tail,1,1,1,1.0,1.0,1.0,1.0,1.0,1.0,0,0,0.3091716766357422,1.0,0
A8YX5H0YWTFBN:validation:B00713LF0I,tail,1,1,1,1.0,1.0,1.0,1.0,1.0,1.0,0,0,0.3028857111930847,1.0,0
A8ZTRH5096CHD:validation:B003ZWDHXC,tail,,,0,0.0,0.0,0.0,0.0,0.0,0.0,0,0,0.30731794238090515,1.0,0
A94M62TZHSGQ1:validation:B008K19HUA,tail,,,0,0.0,0.0,0.0,0.0,0.0,0.0,0,0,0.30898839235305786,1.0,0
A99EYKS4OOQ4U:validation:B004C7QNMG,head,,,0,0.0,0.0,0.0,0.0,0.0,0.0,0,0,0.31066590547561646,1.0,0
A9CSNWX6YDSF2:validation:B0083TXZCA,tail,6,11,1,1.0,0.3562071871080222,1.0,0.0,0.0,1.0,1,1,0.3426058888435364,1.0,0
A9IF89168A47V:validation:B00FJ7M368,tail,1,1,1,1.0,1.0,1.0,1.0,1.0,1.0,0,0,0.3452586233615875,1.0,0
A9REEKTBGZ5W0:validation:B000067BIS,tail,,,0,0.0,0.0,0.0,0.0,0.0,0.0,0,0,0.335847944021225,1.0,0
A9WYPGTV2AI20:validation:B003V5XV3Y,tail,,,0,0.0,0.0,0.0,0.0,0.0,0.0,0,0,0.31468644738197327,1.0,0
AA460WUKL3BC6:validation:B00EAHY1QS,tail,,,0,0.0,0.0,0.0,0.0,0.0,0.0,0,0,0.3109826445579529,1.0,0
AA8M6331NI1EN:validation:B00ACA39NS,tail,1,1,1,1.0,1.0,1.0,1.0,1.0,1.0,0,0,0.3089584708213806,1.0,0
AAA0TUKS5VBSA:validation:B00CI6J3I4,head,,,0,0.0,0.0,0.0,0.0,0.0,0.0,0,0,0.308277428150177,1.0,0
AAE9K71VPQ5LI:validation:B0006PJ0JG,head,,,0,0.0,0.0,0.0,0.0,0.0,0.0,0,0,0.3102560043334961,1.0,0
AAQ9NJ480N9W5:validation:B000XE1ZAC,tail,,,0,0.0,0.0,0.0,0.0,0.0,0.0,0,0,0.31312307715415955,1.0,0
AAU0G40ZN5RIL:validation:B00CZ3F3J8,tail,,,0,0.0,0.0,0.0,0.0,0.0,0.0,0,0,0.36864644289016724,1.0,0
AAWUXA65NDMYM:validation:B00AHAJGXK,head,,,0,0.0,0.0,0.0,0.0,0.0,0.0,0,0,0.3328248858451843,1.0,0
AB358K0HDMPAI:validation:B000A7G4TY,tail,,,0,0.0,0.0,0.0,0.0,0.0,0.0,0,0,0.3121607303619385,1.0,0
AB3CN732IBJQ9:validation:B003A0UDRC,head,,,0,0.0,0.0,0.0,0.0,0.0,0.0,0,0,0.3095515966415405,1.0,0
AB7T8L5Z8RXTX:validation:B004U52VPS,head,,,0,0.0,0.0,0.0,0.0,0.0,0.0,0,0,0.31006288528442383,1.0,0
AB7UBI5SP420X:validation:B002N4KK7O,head,4,3,1,1.0,0.43067655807339306,1.0,1.0,0.5,1.0,1,0,0.3414682149887085,1.0,0
AB8HCOX3YULQS:validation:B009SE5DRO,tail,,84,1,0.0,0.0,0.0,0.0,0.0,0.0,1,0,0.30736976861953735,1.0,0
AB9ABU6EFXN0L:validation:B002CSRZKQ,head,,,0,0.0,0.0,0.0,0.0,0.0,0.0,0,0,0.3061316907405853,1.0,0
ABEL5W0QG065R:validation:B006RQ8UNA,tail,3,3,1,1.0,0.5,1.0,1.0,0.5,1.0,0,0,0.3063538670539856,1.0,0
ABL0DDCDYKSRV:validation:B008V2B5AS,tail,,,0,0.0,0.0,0.0,0.0,0.0,0.0,0,0,0.30410081148147583,1.0,0
ABNBLXAGQXRPV:validation:B0057VQVL4,tail,,,0,0.0,0.0,0.0,0.0,0.0,0.0,0,0,0.36986207962036133,1.0,0
AC1AN5L1MLERM:validation:B003CRJU36,head,,,0,0.0,0.0,0.0,0.0,0.0,0.0,0,0,0.36773496866226196,1.0,0
AC5UOO7YRH4IK:validation:B000SKLREA,tail,,,0,0.0,0.0,0.0,0.0,0.0,0.0,0,0,0.36869561672210693,1.0,0
ACAXV4V8PBCE3:validation:B005T3R9FM,tail,,,0,0.0,0.0,0.0,0.0,0.0,0.0,0,0,0.36915725469589233,1.0,0
ACELEUBPR68AW:validation:B000FQ9IG6,head,,,0,0.0,0.0,0.0,0.0,0.0,0.0,0,0,0.30837029218673706,1.0,0
ACH40GDEWZRJS:validation:B004GW3CAI,tail,,,0,0.0,0.0,0.0,0.0,0.0,0.0,0,0,0.318136990070343,1.0,0
ACJ4OWSC9AQ8E:validation:B000LFUKCM,head,,,0,0.0,0.0,0.0,0.0,0.0,0.0,0,0,0.3142683506011963,1.0,0
ACPF5ZJFQ1ODK:validation:B003UHYU9C,tail,,,0,0.0,0.0,0.0,0.0,0.0,0.0,0,0,0.30738765001296997,1.0,0
AD6OMM864N8KY:validation:B00C6PYQAM,head,,,0,0.0,0.0,0.0,0.0,0.0,0.0,0,0,0.3071208894252777,1.0,0
AD9W9PR1YJYBL:validation:B0037UT3E4,head,,,0,0.0,0.0,0.0,0.0,0.0,0.0,0,0,0.33619794249534607,1.0,0
ADF3WPM4HVIUN:validation:B008RU8GC4,head,,,0,0.0,0.0,0.0,0.0,0.0,0.0,0,0,0.36784255504608154,1.0,0
ADL946XRPP5LE:validation:B0057MGKO6,head,,,0,0.0,0.0,0.0,0.0,0.0,0.0,0,0,0.3076193332672119,1.0,0
ADQMHQ1ZHAG6X:validation:B001DOBMC2,tail,,,0,0.0,0.0,0.0,0.0,0.0,0.0,0,0,0.36776578426361084,1.0,0
ADRH9RBV9NQS:validation:B004ZPENP4,tail,2,2,1,1.0,0.6309297535714575,1.0,1.0,0.6309297535714575,1.0,0,0,0.30645817518234253,1.0,0
ADY8F6UYX2YAX:validation:B0015INKYO,tail,,,0,0.0,0.0,0.0,0.0,0.0,0.0,0,0,0.3125918507575989,1.0,0
AE3J298SUOHLJ:validation:B007SA1QYO,tail,,,0,0.0,0.0,0.0,0.0,0.0,0.0,0,0,0.31616854667663574,1.0,0
AE62182ZKLN85:validation:B004PR49EM,tail,,,0,0.0,0.0,0.0,0.0,0.0,0.0,0,0,0.31039535999298096,1.0,0
AE8AT5NB4DDRM:validation:B00CMNX3RK,tail,,,0,0.0,0.0,0.0,0.0,0.0,0.0,0,0,0.3069024682044983,1.0,0
AEDDGVEL0AEGO:validation:B00AFU6310,tail,,,0,0.0,0.0,0.0,0.0,0.0,0.0,0,0,0.3679185211658478,1.0,0
AESQI52XM4NRI:validation:B003E1DVJY,tail,,,0,0.0,0.0,0.0,0.0,0.0,0.0,0,0,0.31546294689178467,1.0,0
AEVO0UWFCAK02:validation:B00EY2706C,head,,,0,0.0,0.0,0.0,0.0,0.0,0.0,0,0,0.3123680353164673,1.0,0
AF41ELZ2DWMV6:validation:B0006PJ0JG,head,,,0,0.0,0.0,0.0,0.0,0.0,0.0,0,0,0.33813250064849854,1.0,0
AF43N9PXI79G3:validation:B003X3VGM2,tail,,,0,0.0,0.0,0.0,0.0,0.0,0.0,0,0,0.33791810274124146,1.0,0
AF7MRK4CQWVXB:validation:B007X03IKO,head,,,0,0.0,0.0,0.0,0.0,0.0,0.0,0,0,0.33491772413253784,1.0,0
AFABVAWRVSZBA:validation:B002BY2BVE,head,,,0,0.0,0.0,0.0,0.0,0.0,0.0,0,0,0.3092058598995209,1.0,0
AFDJGY68CQL2X:validation:B0042MAKAW,head,,,0,0.0,0.0,0.0,0.0,0.0,0.0,0,0,0.31151866912841797,1.0,0
AFYQ9V4XBVCJ1:validation:B00EDBZ9KI,tail,,,0,0.0,0.0,0.0,0.0,0.0,0.0,0,0,0.33754464983940125,1.0,0
AGNHR40JQARSR:validation:B007J3F9U2,tail,,,0,0.0,0.0,0.0,0.0,0.0,0.0,0,0,0.3421410024166107,1.0,0
AGV08F2R333CF:validation:B004RSGBSQ,tail,,,0,0.0,0.0,0.0,0.0,0.0,0.0,0,0,0.30728715658187866,1.0,0
AGYPM2K9YMLX0:validation:B0028YVCBW,tail,,,0,0.0,0.0,0.0,0.0,0.0,0.0,0,0,0.3098882734775543,1.0,0
AGZ6G2BHW0Q72:validation:B0095ZFA5Q,tail,,,0,0.0,0.0,0.0,0.0,0.0,0.0,0,0,0.3078192174434662,1.0,0
AH7IDBNZ5T9YO:validation:B001543YEY,head,21,19,1,0.0,0.0,1.0,0.0,0.0,1.0,1,0,0.3188956379890442,1.0,0
AHAR81QBHIN4B:validation:B004A2QTRC,head,23,19,1,0.0,0.0,1.0,0.0,0.0,1.0,1,0,0.3051958680152893,1.0,0
AHCM2GKBTLDY6:validation:B0012J35XM,tail,,,0,0.0,0.0,0.0,0.0,0.0,0.0,0,0,0.31484848260879517,1.0,0
AHG1CCYRUKT4D:validation:B004GX7EEW,tail,,,0,0.0,0.0,0.0,0.0,0.0,0.0,0,0,0.3105814456939697,1.0,0
AHJSD182WGBUV:validation:B003F2636A,tail,4,4,1,1.0,0.43067655807339306,1.0,1.0,0.43067655807339306,1.0,0,0,0.3067072331905365,1.0,0
AHQFMGLIDNKTI:validation:B0036INP7I,tail,1,1,1,1.0,1.0,1.0,1.0,1.0,1.0,0,0,0.3074047863483429,1.0,0
AHYPTYSC79H1J:validation:B000N1NDHI,tail,,,0,0.0,0.0,0.0,0.0,0.0,0.0,0,0,0.3093142509460449,1.0,0
AIDX2MKIIF2OO:validation:B000BNCA4K,head,,,0,0.0,0.0,0.0,0.0,0.0,0.0,0,0,0.309562623500824,1.0,0
AIH25VYUTQPQI:validation:B008JNPBYK,head,1,1,1,1.0,1.0,1.0,1.0,1.0,1.0,0,0,0.34098854660987854,1.0,0
AIJSZ7ZSZO7B0:validation:B006O6F8VA,tail,,,0,0.0,0.0,0.0,0.0,0.0,0.0,0,0,0.3077157139778137,1.0,0
AIPUDTMY1OIZP:validation:B00CKH9WOQ,head,,,0,0.0,0.0,0.0,0.0,0.0,0.0,0,0,0.37050849199295044,1.0,0
AIW4CHZOM5W7D:validation:B00CM75VXA,head,23,21,1,0.0,0.0,1.0,0.0,0.0,1.0,1,0,0.312897652387619,1.0,0
AIXYHCKPXMAN8:validation:B0000789T0,tail,,,0,0.0,0.0,0.0,0.0,0.0,0.0,0,0,0.30482497811317444,1.0,0
AJA559T22X0F0:validation:B00857SRVO,head,,,0,0.0,0.0,0.0,0.0,0.0,0.0,0,0,0.31175726652145386,1.0,0
AJA8ABXYA9B5O:validation:B005CMR6XU,tail,,,0,0.0,0.0,0.0,0.0,0.0,0.0,0,0,0.3086481988430023,1.0,0
AJK3BGAL8O25U:validation:B0007P95JA,tail,,,0,0.0,0.0,0.0,0.0,0.0,0.0,0,0,0.31301167607307434,1.0,0
AJND8CKPNXSCX:validation:B000KI111Y,head,,,0,0.0,0.0,0.0,0.0,0.0,0.0,0,0,0.30798906087875366,1.0,0
AJV85Y45CQ42R:validation:B008SP3H0O,tail,,,0,0.0,0.0,0.0,0.0,0.0,0.0,0,0,0.30912333726882935,1.0,0
AJXB8N23GMST4:validation:B001A5SNXA,tail,,,0,0.0,0.0,0.0,0.0,0.0,0.0,0,0,0.30829381942749023,1.0,0
AK5TM84P6KXU2:validation:B004289584,head,,,0,0.0,0.0,0.0,0.0,0.0,0.0,0,0,0.31169021129608154,1.0,0
AKQ0QG8CHX6QE:validation:B00GBM5YQ6,tail,,75,1,0.0,0.0,0.0,0.0,0.0,0.0,1,0,0.369865357875824,1.0,0
AL4N6EDXCO8SC:validation:B000XQ51B4,head,,,0,0.0,0.0,0.0,0.0,0.0,0.0,0,0,0.3353990316390991,1.0,0
AL5YF8ZADV353:validation:B00AWZB6PQ,tail,,,0,0.0,0.0,0.0,0.0,0.0,0.0,0,0,0.3135530352592468,1.0,0
ALCPGPP1PT1T2:validation:B0033BM3K8,head,,,0,0.0,0.0,0.0,0.0,0.0,0.0,0,0,0.30995386838912964,1.0,0
ALGI1LYA0YHQQ:validation:B00C6Q1Z6E,head,,,0,0.0,0.0,0.0,0.0,0.0,0.0,0,0,0.3679125905036926,1.0,0
ALJ1AJ9K9AMJU:validation:B00BDMN3VC,tail,,91,1,0.0,0.0,0.0,0.0,0.0,0.0,1,0,0.30511975288391113,1.0,0
ALJ56KALYHUVH:validation:B00FXB4Z4I,tail,,,0,0.0,0.0,0.0,0.0,0.0,0.0,0,0,0.31158357858657837,1.0,0
ALKN1VH5GJ9RV:validation:B00A850UVG,head,3,3,1,1.0,0.5,1.0,1.0,0.5,1.0,0,0,0.31215786933898926,1.0,0
ALKQIZJOJ6Z5Z:validation:B00BP48U6Q,tail,,,0,0.0,0.0,0.0,0.0,0.0,0.0,0,0,0.3095990717411041,1.0,0
ALMP44RB15CHJ:validation:B00BU0AYHS,tail,,63,1,0.0,0.0,0.0,0.0,0.0,0.0,1,0,0.34171831607818604,1.0,0
ALNFHVS3SC4FV:validation:B00GSXJIMO,head,3,3,1,1.0,0.5,1.0,1.0,0.5,1.0,0,0,0.3066522181034088,1.0,0
ALQMZVXPJ0Y3A:validation:B00349MPQQ,head,1,1,1,1.0,1.0,1.0,1.0,1.0,1.0,0,0,0.33833688497543335,1.0,0
AM3EHV20YJ91P:validation:B0015YT88A,tail,,,0,0.0,0.0,0.0,0.0,0.0,0.0,0,0,0.33740150928497314,1.0,0
AM5N9DEP8YVG6:validation:B000099Z3R,tail,14,11,1,0.0,0.0,1.0,0.0,0.0,1.0,1,0,0.3682103455066681,1.0,0
AM7AXHIZB0BSE:validation:B002LE8Z14,tail,,,0,0.0,0.0,0.0,0.0,0.0,0.0,0,0,0.31070372462272644,1.0,0
AMB5L7WUBUVDM:validation:B00FNM35A2,head,,,0,0.0,0.0,0.0,0.0,0.0,0.0,0,0,0.3126087784767151,1.0,0
AME9F4QS4JTDK:validation:B003Y7DQT8,tail,,,0,0.0,0.0,0.0,0.0,0.0,0.0,0,0,0.36954933404922485,1.0,0
AMFIPCYDYWGVT:validation:B00BOZBK04,tail,,,0,0.0,0.0,0.0,0.0,0.0,0.0,0,0,0.30949339270591736,1.0,0
AMGJTCL21SBOW:validation:B004S6DWDY,head,,,0,0.0,0.0,0.0,0.0,0.0,0.0,0,0,0.3075132369995117,1.0,0
AMS2CPERWN7JV:validation:B00EAHXPAG,tail,4,4,1,1.0,0.43067655807339306,1.0,1.0,0.43067655807339306,1.0,0,0,0.310955286026001,1.0,0
AMT7B92325F35:validation:B00DPK11XM,head,8,15,1,1.0,0.31546487678572877,1.0,0.0,0.0,1.0,1,1,0.34050098061561584,1.0,0
AMTKZ0I5BOYZV:validation:B006Y3RQ6I,tail,,,0,0.0,0.0,0.0,0.0,0.0,0.0,0,0,0.3064028024673462,1.0,0
AMUUBLX8VWYC4:validation:B000283X2M,tail,,,0,0.0,0.0,0.0,0.0,0.0,0.0,0,0,0.30782657861709595,1.0,0
AMVKI21J69KAJ:validation:B00295WCJQ,head,,,0,0.0,0.0,0.0,0.0,0.0,0.0,0,0,0.3071805238723755,1.0,0
AMWBYRVJYWELX:validation:B0028P5R26,head,,,0,0.0,0.0,0.0,0.0,0.0,0.0,0,0,0.30966615676879883,1.0,0
AMXMNAKN9G5FJ:validation:B001MY20X8,tail,,,0,0.0,0.0,0.0,0.0,0.0,0.0,0,0,0.30959394574165344,1.0,0
AN2AMQMQOKEON:validation:B000BNENIG,head,,,0,0.0,0.0,0.0,0.0,0.0,0.0,0,0,0.3125808835029602,1.0,0
ANH9F6M3RZT9Y:validation:B00019RB7K,tail,,,0,0.0,0.0,0.0,0.0,0.0,0.0,0,0,0.3083333373069763,1.0,0
ANJ16XV3T2HBW:validation:B004TAYRQ0,head,,,0,0.0,0.0,0.0,0.0,0.0,0.0,0,0,0.30780529975891113,1.0,0
ANJ3KTSJU3NIE:validation:B006ZZ8JO8,tail,,,0,0.0,0.0,0.0,0.0,0.0,0.0,0,0,0.30631953477859497,1.0,0
ANJC18SBOHO1K:validation:B00C5XBANG,tail,2,2,1,1.0,0.6309297535714575,1.0,1.0,0.6309297535714575,1.0,0,0,0.33551567792892456,1.0,0
ANQW5H8ZCG5LZ:validation:B00BQYQY8Q,head,,,0,0.0,0.0,0.0,0.0,0.0,0.0,0,0,0.30885595083236694,1.0,0
ANUU7N1P5Q2QX:validation:B003B96AOW,head,30,25,1,0.0,0.0,1.0,0.0,0.0,1.0,1,0,0.34600546956062317,1.0,0
ANXFFK9WAHFMX:validation:B00BZ8KN94,tail,,,0,0.0,0.0,0.0,0.0,0.0,0.0,0,0,0.3079407215118408,1.0,0
AO1Z0TQWCRGL4:validation:B0073RJRZM,tail,,,0,0.0,0.0,0.0,0.0,0.0,0.0,0,0,0.3071998059749603,1.0,0
AO3PQNT2PUA9H:validation:B000GKXY7U,head,,,0,0.0,0.0,0.0,0.0,0.0,0.0,0,0,0.3116503357887268,1.0,0
AO9HR7WAPX7PW:validation:B001QXDIUO,tail,,,0,0.0,0.0,0.0,0.0,0.0,0.0,0,0,0.3356296420097351,1.0,0
AOFH811LFT9MV:validation:B001GL4HOC,tail,,,0,0.0,0.0,0.0,0.0,0.0,0.0,0,0,0.30695298314094543,1.0,0
AOPQLW9M43I1F:validation:B005VPRF16,head,4,3,1,1.0,0.43067655807339306,1.0,1.0,0.5,1.0,1,0,0.3380553126335144,1.0,0
AOUQCCU5VU5QL:validation:B0036IMS7Q,tail,,,0,0.0,0.0,0.0,0.0,0.0,0.0,0,0,0.31004852056503296,1.0,0
AP46H9K79UFYJ:validation:B0012SCMJG,tail,14,11,1,0.0,0.0,1.0,0.0,0.0,1.0,1,0,0.33111152052879333,1.0,0
AP47GS6KLW8LO:validation:B00000IV3U,tail,,,0,0.0,0.0,0.0,0.0,0.0,0.0,0,0,0.3694078028202057,1.0,0
AP4E6F0MP2ZE3:validation:B008B68IK4,head,28,23,1,0.0,0.0,1.0,0.0,0.0,1.0,1,0,0.31073856353759766,1.0,0
APAZZ9W4H4F7M:validation:B00004UE4A,tail,,,0,0.0,0.0,0.0,0.0,0.0,0.0,0,0,0.30610108375549316,1.0,0
APBUXYQ7IZ0N8:validation:B00FO0QDIY,tail,,,0,0.0,0.0,0.0,0.0,0.0,0.0,0,0,0.3358784019947052,1.0,0
APID6J2IRZ4D4:validation:B004JGHLDK,tail,,,0,0.0,0.0,0.0,0.0,0.0,0.0,0,0,0.3090304732322693,1.0,0
APJ1TC9USSF21:validation:B0014XCS6Q,tail,,,0,0.0,0.0,0.0,0.0,0.0,0.0,0,0,0.3115347921848297,1.0,0
APJP6G8RNHVDC:validation:B007B7LTE6,tail,,,0,0.0,0.0,0.0,0.0,0.0,0.0,0,0,0.36890268325805664,1.0,0
APVIZ9VRRICP7:validation:B00C6Q3UNK,tail,,,0,0.0,0.0,0.0,0.0,0.0,0.0,0,0,0.34777599573135376,1.0,0
AQ8L8DO0EL2RH:validation:9269809579,tail,,66,1,0.0,0.0,0.0,0.0,0.0,0.0,1,0,0.34711718559265137,1.0,0
AQG17YFAR1ANR:validation:B000GEALZO,head,,,0,0.0,0.0,0.0,0.0,0.0,0.0,0,0,0.31354624032974243,1.0,0
AQGZ5KHH069ZC:validation:B00ATWUE1O,head,2,2,1,1.0,0.6309297535714575,1.0,1.0,0.6309297535714575,1.0,0,0,0.3702060878276825,1.0,0
AQLNSJ7XZV90T:validation:B00A88F3UQ,tail,,,0,0.0,0.0,0.0,0.0,0.0,0.0,0,0,0.3091928958892822,1.0,0
AQN14T2B6C16:validation:B007Q0O9UY,head,,,0,0.0,0.0,0.0,0.0,0.0,0.0,0,0,0.33113664388656616,1.0,0
AQRGRPIEA654U:validation:B00CMNX7U8,head,,,0,0.0,0.0,0.0,0.0,0.0,0.0,0,0,0.3696669936180115,1.0,0
AQWSPFJS2ENQK:validation:B0049B4DNQ,tail,,,0,0.0,0.0,0.0,0.0,0.0,0.0,0,0,0.3066158592700958,1.0,0
AQWSZQAF87XJN:validation:B00BSN0K1C,tail,4,5,1,1.0,0.43067655807339306,1.0,1.0,0.38685280723454163,1.0,1,0,0.32040274143218994,1.0,0
AQXL8AC8YZU01:validation:B0036FD7I8,tail,10,10,1,1.0,0.2890648263178879,1.0,1.0,0.2890648263178879,1.0,0,0,0.36874455213546753,1.0,0
AR0QFCN5K2180:validation:B00CXLQIAU,head,2,2,1,1.0,0.6309297535714575,1.0,1.0,0.6309297535714575,1.0,0,0,0.3177962899208069,1.0,0
ARE5A8U0I1BBB:validation:B00DQ9RM2Q,tail,,,0,0.0,0.0,0.0,0.0,0.0,0.0,0,0,0.3706597685813904,1.0,0
ARFN9AAAEKIIO:validation:B00BK8VQ04,tail,5,49,1,1.0,0.38685280723454163,1.0,0.0,0.0,1.0,1,1,0.30775099992752075,1.0,0
ARHFY2I738P1H:validation:B0019RH5P6,tail,,,0,0.0,0.0,0.0,0.0,0.0,0.0,0,0,0.31043747067451477,1.0,0
ARHILUH38SG90:validation:B000KI111Y,head,,,0,0.0,0.0,0.0,0.0,0.0,0.0,0,0,0.3075259029865265,1.0,0
ARILURHXP21AL:validation:B009QZ30FM,head,,,0,0.0,0.0,0.0,0.0,0.0,0.0,0,0,0.30758461356163025,1.0,0
ARJ97ZO02Q2PX:validation:B00385L0FI,tail,,,0,0.0,0.0,0.0,0.0,0.0,0.0,0,0,0.36863014101982117,1.0,0
ART4NGC3Q1CCC:validation:B00HUJNUSS,tail,1,1,1,1.0,1.0,1.0,1.0,1.0,1.0,0,0,0.338766872882843,1.0,0
ARTERMU59Z3HW:validation:B003D7F4YY,head,,,0,0.0,0.0,0.0,0.0,0.0,0.0,0,0,0.3378782272338867,1.0,0
ARXLXD4LGIW19:validation:B003SAM6BU,tail,,,0,0.0,0.0,0.0,0.0,0.0,0.0,0,0,0.3328784108161926,1.0,0
AS37FL33ORV7H:validation:B001RAOJC2,tail,4,4,1,1.0,0.43067655807339306,1.0,1.0,0.43067655807339306,1.0,0,0,0.3685380518436432,1.0,0
ASE31AG5FF8D8:validation:B001Q8VPS6,tail,,,0,0.0,0.0,0.0,0.0,0.0,0.0,0,0,0.33990180492401123,1.0,0
ASGGVJI9IOZAA:validation:B00CBG7NEW,tail,,,0,0.0,0.0,0.0,0.0,0.0,0.0,0,0,0.3679428994655609,1.0,0
ASMAN2S0D2VF2:validation:B008IT5DAM,tail,,,0,0.0,0.0,0.0,0.0,0.0,0.0,0,0,0.30893558263778687,1.0,0
ASTQMYNESCQKH:validation:B00000IZOU,head,13,13,1,0.0,0.0,1.0,0.0,0.0,1.0,0,0,0.3134494423866272,1.0,0
ASWY1ECMJHAVE:validation:B004U5C392,tail,,,0,0.0,0.0,0.0,0.0,0.0,0.0,0,0,0.34356701374053955,1.0,0
ASZ8W38C6GQPK:validation:B000BPN3JO,tail,,,0,0.0,0.0,0.0,0.0,0.0,0.0,0,0,0.33668607473373413,1.0,0
ASZJ5CSFIPTB3:validation:B0038AJYSS,head,,,0,0.0,0.0,0.0,0.0,0.0,0.0,0,0,0.30906081199645996,1.0,0
AT4W2YMLLC9H8:validation:B0009Z3MQU,tail,,,0,0.0,0.0,0.0,0.0,0.0,0.0,0,0,0.36949077248573303,1.0,0
AT5R2MGCDESEA:validation:B00GSPFDXA,tail,,71,1,0.0,0.0,0.0,0.0,0.0,0.0,1,0,0.3684050440788269,1.0,0
AT5TCJHPQBHWN:validation:B00AE5R2NO,tail,12,10,1,0.0,0.0,1.0,1.0,0.2890648263178879,1.0,1,0,0.3214137554168701,1.0,0
AT7ETF5YJ1PX8:validation:B000AQJPQE,tail,,,0,0.0,0.0,0.0,0.0,0.0,0.0,0,0,0.3080589771270752,1.0,0
AT9L9315LIYY:validation:B000084JMC,head,,,0,0.0,0.0,0.0,0.0,0.0,0.0,0,0,0.31526732444763184,1.0,0
ATCFLWS85POA0:validation:B001FY2VDO,tail,,,0,0.0,0.0,0.0,0.0,0.0,0.0,0,0,0.3111191391944885,1.0,0
ATCMMK2BT5TOV:validation:B001TR0742,head,,,0,0.0,0.0,0.0,0.0,0.0,0.0,0,0,0.3095095753669739,1.0,0
ATM94ZHQDW4K:validation:B003NVJ9JG,tail,,,0,0.0,0.0,0.0,0.0,0.0,0.0,0,0,0.3068615198135376,1.0,0
ATNXLGOASNPNX:validation:B006O6FL5I,tail,,,0,0.0,0.0,0.0,0.0,0.0,0.0,0,0,0.3681179881095886,1.0,0
ATO06M2U1Q15L:validation:B00BNO8QOE,tail,,,0,0.0,0.0,0.0,0.0,0.0,0.0,0,0,0.36979424953460693,1.0,0
ATQDVSU2TTW24:validation:B005LB9EUA,head,,,0,0.0,0.0,0.0,0.0,0.0,0.0,0,0,0.3098514676094055,1.0,0
ATV7H2UQYGCOT:validation:B002RYVRH2,tail,,,0,0.0,0.0,0.0,0.0,0.0,0.0,0,0,0.3684842586517334,1.0,0
ATXPBFY59CAI5:validation:B000REP3CO,tail,,,0,0.0,0.0,0.0,0.0,0.0,0.0,0,0,0.3088527321815491,1.0,0
AU0CHKF1W1BO9:validation:B008B68IBI,head,4,4,1,1.0,0.43067655807339306,1.0,1.0,0.43067655807339306,1.0,0,0,0.30747413635253906,1.0,0
AUDA5XUWPYHOR:validation:B00BH0G0TC,tail,,,0,0.0,0.0,0.0,0.0,0.0,0.0,0,0,0.30857035517692566,1.0,0
AUJEF31CXWTCQ:validation:B00C6PV4QQ,head,,,0,0.0,0.0,0.0,0.0,0.0,0.0,0,0,0.307519793510437,1.0,0
AULDDIOHU5I60:validation:B006Y3RP14,tail,19,17,1,0.0,0.0,1.0,0.0,0.0,1.0,1,0,0.3099316954612732,1.0,0
AUS5X6IMFLJBD:validation:B00EDBYHRO,tail,37,43,1,0.0,0.0,1.0,0.0,0.0,1.0,1,0,0.3307052254676819,1.0,0
AV0MLZR2KDDX2:validation:B004083ELK,head,12,12,1,0.0,0.0,1.0,0.0,0.0,1.0,0,0,0.3372514843940735,1.0,0
AV19W38S18KEF:validation:B007ADINLI,head,,,0,0.0,0.0,0.0,0.0,0.0,0.0,0,0,0.37098371982574463,1.0,0
AV2JONP5LRMYZ:validation:B00627IS5Y,tail,,,0,0.0,0.0,0.0,0.0,0.0,0.0,0,0,0.30769652128219604,1.0,0
AV5Q4JYAD8H1C:validation:B0015AM26E,head,,,0,0.0,0.0,0.0,0.0,0.0,0.0,0,0,0.31023257970809937,1.0,0
AV7Z35OEJZEUI:validation:B002UAMBW8,tail,,,0,0.0,0.0,0.0,0.0,0.0,0.0,0,0,0.33855944871902466,1.0,0
AVBLGXSWRN666:validation:B00349MPQQ,head,,,0,0.0,0.0,0.0,0.0,0.0,0.0,0,0,0.33771809935569763,1.0,0
AVG16OSGL33PE:validation:B0009XBY30,head,,,0,0.0,0.0,0.0,0.0,0.0,0.0,0,0,0.31160998344421387,1.0,0
AVKTUVAMAOAGY:validation:B005S8KR6Q,head,22,20,1,0.0,0.0,1.0,0.0,0.0,1.0,1,0,0.36983737349510193,1.0,0
AVMD58XPG8LXN:validation:B00C6PRY24,tail,,,0,0.0,0.0,0.0,0.0,0.0,0.0,0,0,0.3084964156150818,1.0,0
AVR3F6VQYIMZW:validation:B00ECV4DBA,tail,,,0,0.0,0.0,0.0,0.0,0.0,0.0,0,0,0.3081464171409607,1.0,0
AVU3LE3F571TP:validation:B00C16YYVC,head,,,0,0.0,0.0,0.0,0.0,0.0,0.0,0,0,0.31145530939102173,1.0,0
AWAXS66YMHMNW:validation:B00AHAJG94,tail,,,0,0.0,0.0,0.0,0.0,0.0,0.0,0,0,0.3095412254333496,1.0,0
AWCX0EDFH2G8K:validation:B00840LB4C,tail,,,0,0.0,0.0,0.0,0.0,0.0,0.0,0,0,0.30836930871009827,1.0,0
AWKN9MUVLYW4I:validation:B00CFELUXU,tail,,,0,0.0,0.0,0.0,0.0,0.0,0.0,0,0,0.3079127371311188,1.0,0
AWKPFG2OHQJ8S:validation:B000P7PVYI,tail,,,0,0.0,0.0,0.0,0.0,0.0,0.0,0,0,0.35273662209510803,1.0,0
AX4AW8LGWA1F6:validation:B00C18BWYW,head,,,0,0.0,0.0,0.0,0.0,0.0,0.0,0,0,0.3089918792247772,1.0,0
AXAPYPM2S13MF:validation:B00AITWSZ8,tail,8,93,1,1.0,0.31546487678572877,1.0,0.0,0.0,0.0,1,1,0.3698214292526245,1.0,0
AXDHDJG20T0OV:validation:B003KYTW4I,tail,1,1,1,1.0,1.0,1.0,1.0,1.0,1.0,0,0,0.3109947443008423,1.0,0
AXKXPMR2MVYVY:validation:B00C67VJN2,tail,,,0,0.0,0.0,0.0,0.0,0.0,0.0,0,0,0.30888262391090393,1.0,0
AXPX6ROF4C4DF:validation:B0040I9IS8,tail,,,0,0.0,0.0,0.0,0.0,0.0,0.0,0,0,0.3097318410873413,1.0,0
AXQSVBTBF6SLA:validation:192978001X,head,,,0,0.0,0.0,0.0,0.0,0.0,0.0,0,0,0.30800703167915344,1.0,0
AXR3CV6A4FMBG:validation:B00DQRV698,tail,,,0,0.0,0.0,0.0,0.0,0.0,0.0,0,0,0.3086640238761902,1.0,0
AXSVM82N1LYSD:validation:B00D95E30G,tail,1,1,1,1.0,1.0,1.0,1.0,1.0,1.0,0,0,0.3055928945541382,1.0,0
AXVKMYWNIHK7W:validation:B00IVFCCMA,tail,,,0,0.0,0.0,0.0,0.0,0.0,0.0,0,0,0.33366507291793823,1.0,0
AXYM52DNK6NDF:validation:B000IBRD74,head,,,0,0.0,0.0,0.0,0.0,0.0,0.0,0,0,0.36922532320022583,1.0,0
AY1I85LLDMETC:validation:B00DJQZMTG,tail,,,0,0.0,0.0,0.0,0.0,0.0,0.0,0,0,0.37085363268852234,1.0,0
AY2SKI03794LF:validation:B00BOZ4C36,tail,,,0,0.0,0.0,0.0,0.0,0.0,0.0,0,0,0.3681914806365967,1.0,0
AY3SK338CBF3L:validation:B007RTFZLQ,tail,,,0,0.0,0.0,0.0,0.0,0.0,0.0,0,0,0.3101736307144165,1.0,0
AY57E8Z4CSIHO:validation:B0007WX0QC,head,,,0,0.0,0.0,0.0,0.0,0.0,0.0,0,0,0.3312624394893646,1.0,0
AY8O2TXAR9S03:validation:B00B98HG18,tail,,,0,0.0,0.0,0.0,0.0,0.0,0.0,0,0,0.34686726331710815,1.0,0
AY8OP9E9YAKP0:validation:B00FO0QDIY,tail,,,0,0.0,0.0,0.0,0.0,0.0,0.0,0,0,0.33673882484436035,1.0,0
AYBHFECV8Y043:validation:B007XC9BSK,tail,,,0,0.0,0.0,0.0,0.0,0.0,0.0,0,0,0.34272316098213196,1.0,0
AYNNJ0DBGL5H7:validation:B00FAQW0N4,head,7,7,1,1.0,0.3333333333333333,1.0,1.0,0.3333333333333333,1.0,0,0,0.32721632719039917,1.0,0
AYWCV3WFU20JB:validation:B000809OAO,head,,,0,0.0,0.0,0.0,0.0,0.0,0.0,0,0,0.34082555770874023,1.0,0
AZ6D2BR47RARU:validation:B004U52VPS,head,,,0,0.0,0.0,0.0,0.0,0.0,0.0,0,0,0.31090641021728516,1.0,0
AZE16AY05PUZ0:validation:B001D0C70C,head,,,0,0.0,0.0,0.0,0.0,0.0,0.0,0,0,0.3065635561943054,1.0,0
AZHOPYR1YH3TS:validation:B003O85K14,head,,,0,0.0,0.0,0.0,0.0,0.0,0.0,0,0,0.30669093132019043,1.0,0
AZK5R1TK2PZPF:validation:B0053B65CI,tail,,,0,0.0,0.0,0.0,0.0,0.0,0.0,0,0,0.37077081203460693,1.0,0
AZO7N6QUTBAS0:validation:B00A0TLM94,tail,,,0,0.0,0.0,0.0,0.0,0.0,0.0,0,0,0.31177014112472534,1.0,0
AZSK4N4ZCZ16H:validation:B007X9034O,tail,,,0,0.0,0.0,0.0,0.0,0.0,0.0,0,0,0.3110888600349426,1.0,0
AZVT0WAEWQNZJ:validation:B004JA7M4E,tail,,,0,0.0,0.0,0.0,0.0,0.0,0.0,0,0,0.31344175338745117,1.0,0
